exon_id,n_samples,n_cpgs_nearby,n_cpgs_tested,n_cpgs_selected,cv_method,rf_r2_cv,rf_r2_std,enet_r2_cv,enet_r2_std,enet_alpha,enet_l1_ratio,n_nonzero_coefs,best_r2_cv,best_model,species
FUN_025363_114910,39,3,3,3,5-fold,-2.593594629124591,4.375083166228884,-1.7095195353857846,2.523237809270694,52.0515255134033,0.99,1,-1.7095195353857846,ElasticNet,Apul
FUN_007988_37992,39,5,5,5,5-fold,-1.2636482182401574,1.7085174303068518,-2.7100143054661627,3.390177778111371,13.821594876188502,0.1,5,-1.2636482182401574,RF,Apul
FUN_043418_205563,39,9,5,5,5-fold,-0.9002276551304288,0.7915800210291216,-1.8082635707156598,2.6969778201660444,9.978766003562827,0.1,5,-0.9002276551304288,RF,Apul
FUN_043241_204026,39,8,8,8,5-fold,-1.1746608693225569,1.6751217235045497,-0.8855348105837291,1.532420137003055,2.5975242421828324,0.7,8,-0.8855348105837291,ElasticNet,Apul
FUN_023701_106827,39,36,32,32,5-fold,-1.8258873171935697,2.902790696831413,-2.0856990077459616,3.5503557139119137,33.736540360822595,0.95,14,-1.8258873171935697,RF,Apul
FUN_024006_108086,39,6,6,6,5-fold,-0.6136376491270475,1.1855531647827233,-0.4173605389880318,0.6603785020947164,104.82973996990779,0.99,0,-0.4173605389880318,ElasticNet,Apul
FUN_016113_77148,39,11,4,4,5-fold,-2.4005298478312858,4.732031257165016,-2.3436939406951383,4.56681251642864,375.45011502195024,0.1,0,-2.3436939406951383,ElasticNet,Apul
FUN_023183_103534,39,4,4,4,5-fold,-1.7664848432310793,2.375397107640478,-0.7639270529236099,0.9984543862700304,1.3637401513657041,0.1,4,-0.7639270529236099,ElasticNet,Apul
FUN_010883_51893,39,19,12,12,5-fold,-0.08358549284952413,0.2446667177212446,-0.22556707420930294,0.3248307859202084,195.38820279263493,0.99,0,-0.08358549284952413,RF,Apul
FUN_034485_158417,39,5,5,5,5-fold,-0.6268254388841417,0.5865000073069451,-0.4179770578619628,0.40743711618896666,956.7417201934948,0.1,0,-0.4179770578619628,ElasticNet,Apul
FUN_023416_105130,39,8,8,8,5-fold,-0.7787673357951088,1.213591840727783,-0.4791730118018476,0.6499864054901995,1.1670563941620817,0.5,8,-0.4791730118018476,ElasticNet,Apul
FUN_033911_154792,39,25,22,22,5-fold,-0.6743035517445466,0.6572903930793308,-0.3355236939666091,0.49340897907791104,17.741029200574506,0.99,11,-0.3355236939666091,ElasticNet,Apul
FUN_014717_69655,39,13,11,11,5-fold,-4.227987483753887,4.080980170238378,-1.6372672996665116,1.3903858008462837,277.73971678703583,0.1,0,-1.6372672996665116,ElasticNet,Apul
FUN_004469_20534,39,9,7,7,5-fold,-2.156574064533306,2.974872033867427,-1.8781234434441836,2.525798085563637,6.6465736540253975,0.99,7,-1.8781234434441836,ElasticNet,Apul
FUN_004290_19133,39,7,7,7,5-fold,-1.058210101983753,1.157362344892805,-0.8052261572521567,0.6632480634111866,2.258532178614422,0.1,7,-0.8052261572521567,ElasticNet,Apul
FUN_008716_42904,39,15,13,13,5-fold,-0.06768511192449733,0.3228568957360482,-0.45168123647798436,0.2643478028703855,1054.2902621381654,0.1,0,-0.06768511192449733,RF,Apul
FUN_032873_150599,39,8,7,7,5-fold,-0.12806976800757863,0.3541427139545429,-0.042116348952260595,0.3101401351695674,0.8257938262686917,0.5,7,-0.042116348952260595,ElasticNet,Apul
FUN_001006_4477,39,2,2,2,5-fold,-1.9093373504293623,3.3450189420895344,-1.0188611719180478,1.7876873743374622,586.17331754725,0.1,0,-1.0188611719180478,ElasticNet,Apul
FUN_023158_103348,39,5,5,5,5-fold,-0.05850787507502446,0.4223455489114596,0.07059592599590929,0.21866282321186076,51.85345359700726,0.99,4,0.07059592599590929,ElasticNet,Apul
FUN_025536_115827,39,2,2,2,5-fold,-0.2041804556812376,0.2686281218828593,-0.04334601134407503,0.024865590690448542,7.21606790090323,0.99,2,-0.04334601134407503,ElasticNet,Apul
FUN_004443_20286,39,8,8,8,5-fold,-2.4396424547477777,3.1080930005118788,-0.8740292548532768,1.2880248067351276,868.2633841998822,0.1,0,-0.8740292548532768,ElasticNet,Apul
FUN_014628_69007,39,2,2,2,5-fold,-0.2415322616617855,0.16575751352170967,-0.16987978293554323,0.1777143596534199,0.2879801300653822,0.5,2,-0.16987978293554323,ElasticNet,Apul
FUN_012523_60372,39,11,11,11,5-fold,-0.7823509986924158,0.7000016349729858,-0.7357739011379344,0.9730210658549215,10.593233273367861,0.1,11,-0.7357739011379344,ElasticNet,Apul
FUN_008642_42446,39,2,2,2,5-fold,-1.112114456687222,1.2596910119148603,-0.7611803165532668,0.7171433309683527,10.513022131804036,0.1,2,-0.7611803165532668,ElasticNet,Apul
FUN_022056_95777,39,5,5,5,5-fold,-1.1855974100596083,1.3655946752729007,-0.6894575492671029,0.9370926665318353,1232.205754353146,0.1,0,-0.6894575492671029,ElasticNet,Apul
FUN_008418_40799,39,2,2,2,5-fold,-0.8159983060908985,0.7200805155994355,-0.37924777397670273,0.4354783028337064,48.52106432165139,0.99,1,-0.37924777397670273,ElasticNet,Apul
FUN_028042_128032,39,2,2,2,5-fold,-0.19262546289533083,0.44084501989101604,-0.288578399644196,0.5465664240433781,0.24257371424078814,0.7,2,-0.19262546289533083,RF,Apul
FUN_035840_165878,39,3,3,3,5-fold,-0.9906353832402738,1.239714130049134,-0.35546786548627335,0.22766073012358576,1240.771073318056,0.1,0,-0.35546786548627335,ElasticNet,Apul
FUN_026024_119331,39,7,5,5,5-fold,-0.2202963039958834,0.23723883631522627,-0.096324635851149,0.15033446337607995,8.694229670968085,0.99,5,-0.096324635851149,ElasticNet,Apul
FUN_015384_74299,39,29,25,25,5-fold,-3.1152938147386227,4.238229233406981,-1.3514059351492131,2.2934532014299593,1929.7548435190056,0.1,0,-1.3514059351492131,ElasticNet,Apul
FUN_023551_105897,39,7,3,3,5-fold,-0.6062132020398188,1.2145151569661092,-0.6743186287628395,0.9659702034766638,25.8952575599234,0.99,1,-0.6062132020398188,RF,Apul
FUN_000275_1099,39,22,15,15,5-fold,-1.1725192836883707,1.574195014224535,-0.7815528464440947,0.8153113870425834,1.8486112097550154,0.9,15,-0.7815528464440947,ElasticNet,Apul
FUN_009514_47036,39,9,8,8,5-fold,-0.33658727288313234,0.2923874199450191,-0.1514980240770775,0.12082238709262907,85.10771443292906,0.99,1,-0.1514980240770775,ElasticNet,Apul
FUN_034673_158790,39,8,7,7,5-fold,-0.600629590455527,0.505687867270976,-0.5494044576879147,0.9350599174442294,36.17327528938497,0.99,2,-0.5494044576879147,ElasticNet,Apul
FUN_025984_118724,39,3,3,3,5-fold,-0.19061083505419887,0.38604010629455987,-0.07229041405269317,0.15405027106565292,0.6139147913298423,0.5,3,-0.07229041405269317,ElasticNet,Apul
FUN_035843_165891,39,2,2,2,5-fold,-0.6574204715113077,0.6685337594821193,-0.43909680088533654,0.6387497460487579,1.6980570537059696,0.5,2,-0.43909680088533654,ElasticNet,Apul
FUN_005366_26211,39,9,3,3,5-fold,-0.42879788644901673,0.2412948855053142,-0.6605066665601133,0.47563001606917427,2118.6007020935403,0.1,0,-0.42879788644901673,RF,Apul
FUN_001325_6833,39,5,5,5,5-fold,-0.7331516276163794,0.06965789595310706,-0.3278022630864181,0.20050820598159302,13.41536503288227,0.1,5,-0.3278022630864181,ElasticNet,Apul
FUN_023551_105898,39,2,2,2,5-fold,-0.7280214670734626,0.6236486644816146,-0.6964146530776081,0.9829986133657642,152.79022296899223,0.7,1,-0.6964146530776081,ElasticNet,Apul
FUN_001532_8301,39,7,7,7,5-fold,-3.6804555130768564,6.299697745624409,-3.794406102191064,7.299157348230526,3.8373499186603226,0.1,7,-3.6804555130768564,RF,Apul
FUN_022429_98124,39,3,3,3,5-fold,-1.078484762995635,0.8217981499796704,-1.0303654868831948,1.2021011480064765,276.30921608544196,0.1,2,-1.0303654868831948,ElasticNet,Apul
FUN_002697_13534,39,5,5,5,5-fold,-0.26779658451998606,0.1326687056692418,-0.27599728767924936,0.4196443086249707,5.091711817268901,0.99,5,-0.26779658451998606,RF,Apul
FUN_013464_64504,39,5,5,5,5-fold,-2.5973537433698826,4.777544298061843,-1.0418868438327933,1.8372929025019262,1042.7105310220804,0.1,0,-1.0418868438327933,ElasticNet,Apul
FUN_028452_130539,39,5,4,4,5-fold,-6.793925346095895,13.62916469869819,-6.360714777528618,12.318453408774117,9.557273314724547,0.99,1,-6.360714777528618,ElasticNet,Apul
FUN_010825_51554,39,3,3,3,5-fold,-1.0985846065748055,0.952227215477783,-0.5098306037021219,0.5576819281351697,548.6541993542685,0.1,0,-0.5098306037021219,ElasticNet,Apul
FUN_037545_174274,39,7,7,7,5-fold,-61.628779077309275,121.52586789935701,-32.3748849105459,64.51707610454656,739.9473946423354,0.1,0,-32.3748849105459,ElasticNet,Apul
FUN_022075_95868,39,50,30,30,5-fold,-0.7812003632716724,0.653977047162972,-0.3797293742858909,0.34369632925841864,51.4190292670243,0.99,15,-0.3797293742858909,ElasticNet,Apul
FUN_032395_148100,39,7,3,3,5-fold,-2.445043096069002,3.8187034534204956,-3.1474185686682463,5.970363808655027,287.329175212509,0.1,0,-2.445043096069002,RF,Apul
FUN_016963_82085,39,8,5,5,5-fold,-0.20576961505235108,0.39458529318116026,-0.09850284274296564,0.1663121303482752,333.42154687147865,0.1,0,-0.09850284274296564,ElasticNet,Apul
FUN_010681_50601,39,8,8,8,5-fold,-1.9574805741645782,3.700861266545655,-3.3243807229110316,6.40754538901507,0.2613541885313642,0.99,8,-1.9574805741645782,RF,Apul
FUN_031268_141334,39,2,2,2,5-fold,-3.8162996230704778,7.21527722487234,-2.696226388692176,5.116108977377717,180.56409318949744,0.1,0,-2.696226388692176,ElasticNet,Apul
FUN_000317_1292,39,11,10,10,5-fold,-0.38822997865080816,0.8164142910028149,-0.9977784710069282,1.0182091904094124,1.3611525398928184,0.5,10,-0.38822997865080816,RF,Apul
FUN_029418_135793,39,16,9,9,5-fold,-0.6655521282487571,0.34908803913918474,-0.5710599596061456,0.1635545437562652,885.5045111302553,0.1,0,-0.5710599596061456,ElasticNet,Apul
FUN_008916_44021,39,32,25,25,5-fold,-0.5671202098738954,0.6835312523623824,-0.6492104548016787,0.8079626210609412,21.091504204185984,0.7,18,-0.5671202098738954,RF,Apul
FUN_002660_13238,39,6,4,4,5-fold,-1.3791742122745947,2.65572139685821,-2.360161748792423,3.7856442400535593,437.08460831165735,0.1,0,-1.3791742122745947,RF,Apul
FUN_025344_114649,39,10,9,9,5-fold,-0.21070341880531465,0.6670610726484814,-0.8561330503285554,1.3596283863491732,2220.8402968746914,0.1,0,-0.21070341880531465,RF,Apul
FUN_004205_18610,39,3,2,2,5-fold,-1.052375210116941,1.330353901415406,-1.0452993574652758,1.4149296083222735,10.417698958832684,0.99,2,-1.0452993574652758,ElasticNet,Apul
FUN_038247_179573,39,6,6,6,5-fold,-4.544053366657508,8.193615810766333,-3.9858455927892473,6.874317913557649,63.743308516521815,0.99,2,-3.9858455927892473,ElasticNet,Apul
FUN_036029_166968,39,5,5,5,5-fold,-0.7546302298257626,0.6416776184189571,-0.7789284919333023,0.8679962881905419,17.54303090202307,0.95,4,-0.7546302298257626,RF,Apul
FUN_026041_119519,39,37,34,34,5-fold,-0.21937409894094856,0.8849763498122494,-1.1194898019241826,1.6646017365781678,10.923061724981569,0.1,34,-0.21937409894094856,RF,Apul
FUN_024761_112348,39,4,4,4,5-fold,-0.29240836318054686,0.39747095220806694,-0.09817251622554671,0.10071621094697114,38.06896725587576,0.99,2,-0.09817251622554671,ElasticNet,Apul
FUN_036022_166925,39,55,33,33,5-fold,-9.95085472698716,15.916767210177396,-6.775942675559674,11.708607777278802,1208.4475473991577,0.1,0,-6.775942675559674,ElasticNet,Apul
FUN_026491_122133,39,5,5,5,5-fold,-0.21364466636132323,0.16545234437952308,-0.20634610611847296,0.3175185135275424,19.087843552443015,0.1,5,-0.20634610611847296,ElasticNet,Apul
FUN_016069_76826,39,17,11,11,5-fold,-0.260662701858305,0.08181989541737247,-0.259419810835832,0.15018464985765437,1296.5502189821357,0.1,0,-0.259419810835832,ElasticNet,Apul
FUN_015056_72320,39,2,2,2,5-fold,-0.18088924107874443,0.26266381936353694,-0.8532227764850502,0.8803648727241887,7.283005404329858,0.1,2,-0.18088924107874443,RF,Apul
FUN_012534_60466,39,4,3,3,5-fold,-0.7258626671334897,0.8762607089808548,-0.3961500528202677,0.45963102200095035,8.511610605433665,0.99,3,-0.3961500528202677,ElasticNet,Apul
FUN_016131_77261,39,2,2,2,5-fold,-0.6263303417730588,0.5305717867203297,-0.641224868688411,0.6659395383961102,710.0936384005327,0.1,0,-0.6263303417730588,RF,Apul
FUN_040240_189178,39,2,2,2,5-fold,-0.17606560820977205,0.1976374115863701,-0.10259125774882491,0.14044148401464707,211.94973069930896,0.1,2,-0.10259125774882491,ElasticNet,Apul
FUN_032378_147943,39,11,8,8,5-fold,-0.831775506749701,2.2444657857039814,-0.8953063370476823,1.3276732046624327,23.86949400347526,0.99,5,-0.831775506749701,RF,Apul
FUN_011918_56130,39,9,8,8,5-fold,-1.2750779716402196,1.0192693870687806,-0.8530672126148577,1.0312047245012048,1295.939008379535,0.1,0,-0.8530672126148577,ElasticNet,Apul
FUN_026024_119339,39,3,3,3,5-fold,0.0786205755486605,0.232485370384754,0.4100436614492192,0.344568283645671,2.0384914757994266,0.99,3,0.4100436614492192,ElasticNet,Apul
FUN_008489_41342,39,43,30,30,5-fold,-1.6748028756725994,1.999896933976944,-1.2034969522331325,1.548331801906839,89.07117912872475,0.99,9,-1.2034969522331325,ElasticNet,Apul
FUN_016040_76673,39,7,6,6,5-fold,-0.11405908908939352,0.423672552774339,-0.22004488381541862,0.17496882657983281,60.93901538195802,0.99,1,-0.11405908908939352,RF,Apul
FUN_008660_42544,39,6,6,6,5-fold,-0.866587671824643,0.8827542217593506,-0.661653086416303,0.7472921374269735,931.8020763400178,0.1,0,-0.661653086416303,ElasticNet,Apul
FUN_008383_40557,39,12,5,5,5-fold,-1.5802770701467073,2.993885691973065,-1.057790621116208,1.9025714851687112,5.355291553033645,0.5,5,-1.057790621116208,ElasticNet,Apul
FUN_021922_95089,39,5,4,4,5-fold,-1.061792347189808,1.8477990236693873,-1.3962736668489637,2.131658892611032,828.0183638489457,0.1,0,-1.061792347189808,RF,Apul
FUN_032093_145919,39,57,47,47,5-fold,-2.7490650060074615,5.21173509452604,-3.178268055101825,6.033836260726288,30.273424467669127,0.9,32,-2.7490650060074615,RF,Apul
FUN_032501_148650,39,45,45,45,5-fold,-14.645610997206267,28.59831832808096,-10.99599184993981,21.772401716831936,165.28971900077337,0.95,1,-10.99599184993981,ElasticNet,Apul
FUN_012528_60420,39,2,2,2,5-fold,-26.880306289171337,53.433820544127904,-18.831498788209085,37.52974892142534,59.66439144071805,0.99,1,-18.831498788209085,ElasticNet,Apul
FUN_031724_143727,39,22,16,16,5-fold,-9.720607720166209,17.600798734375005,-9.934310546146273,19.38995607311348,354.615812426579,0.1,0,-9.720607720166209,RF,Apul
FUN_008533_41670,39,8,5,5,5-fold,-0.9248740373422566,1.0060042252700239,-0.9419335299159746,1.4590002965771527,52.95028512670679,0.99,1,-0.9248740373422566,RF,Apul
FUN_012650_61174,39,22,10,10,5-fold,-0.48942996993602506,0.2533176702593121,-0.5258300651782805,0.5705718090322979,924.8735465584609,0.1,0,-0.48942996993602506,RF,Apul
FUN_000518_2567,39,10,8,8,5-fold,-0.9031962298712889,1.1407409238408774,-0.9605765962476834,0.9411436746754429,3.368604105013342,0.99,6,-0.9031962298712889,RF,Apul
FUN_040784_191479,39,33,32,32,5-fold,-0.3180007303525271,0.20376515351230107,-0.10587336643164318,0.12224953534018693,91.22813983904908,0.99,4,-0.10587336643164318,ElasticNet,Apul
FUN_020851_93175,39,3,3,3,5-fold,-0.17624918941892959,0.11012570822502092,-0.20452824337263403,0.21801329146245116,877.5343304940568,0.1,0,-0.17624918941892959,RF,Apul
FUN_022386_97786,39,12,9,9,5-fold,-26.98791190643478,50.368588747940514,-13.82713813468726,26.700226722852747,10.005139407033477,0.1,9,-13.82713813468726,ElasticNet,Apul
FUN_025984_118746,39,4,4,4,5-fold,-0.15745122095037264,0.30884086627567375,-0.13258967220294196,0.21537756624669327,498.14336357865875,0.1,0,-0.13258967220294196,ElasticNet,Apul
FUN_017990_85208,39,11,11,11,5-fold,-1.0332519767321457,0.9624739898171142,-0.6593474316255111,0.7991823736845106,137.42241942192325,0.99,1,-0.6593474316255111,ElasticNet,Apul
FUN_022260_96944,39,8,8,8,5-fold,-0.4852403864002374,0.799378907061923,-0.8382687215591375,0.7475798179371499,40.65240673921202,0.95,4,-0.4852403864002374,RF,Apul
FUN_000350_1554,39,2,2,2,5-fold,-2.1716757066617776,3.196248236677129,-1.5750948662233548,2.2168100974994984,806.1463313077863,0.1,0,-1.5750948662233548,ElasticNet,Apul
FUN_001562_8531,39,18,15,15,5-fold,-0.768989308216381,1.6481149329420715,-1.0043585305191087,1.6918577171857088,23.170496264725447,0.95,11,-0.768989308216381,RF,Apul
FUN_025747_117163,39,24,20,20,5-fold,-0.3669505085711512,0.4949533769798642,-0.6293511497622826,1.2693550813813548,32.13707375178412,0.99,8,-0.3669505085711512,RF,Apul
FUN_038245_179546,39,14,14,14,5-fold,-0.5637803502715137,0.5436456418029516,-0.38964426357548076,0.4802741258413049,5.6466831107839495,0.9,13,-0.38964426357548076,ElasticNet,Apul
FUN_039086_184120,39,11,9,9,5-fold,-2.461342230194656,4.2298090061844364,-0.9480727443301568,1.6839592439861935,486.7960121245423,0.1,0,-0.9480727443301568,ElasticNet,Apul
FUN_026715_123214,39,17,13,13,5-fold,-1.5375845526299845,1.81670434757331,-1.1931888449211312,1.6423369430594084,626.5008363497409,0.1,0,-1.1931888449211312,ElasticNet,Apul
FUN_023073_102694,39,7,7,7,5-fold,-0.6327587715091485,1.0622472062935675,-0.32193789704194437,0.500590137750767,1123.0626721059473,0.1,0,-0.32193789704194437,ElasticNet,Apul
FUN_035534_163944,39,2,2,2,5-fold,-1.4399529193166658,2.370454334871797,-1.4543146212669862,2.453960200395388,584.1795902791017,0.1,0,-1.4399529193166658,RF,Apul
FUN_014856_70733,39,13,11,11,5-fold,-1.9175245967137726,2.41270496904955,-1.4605942317905982,1.8725047513603696,1.0630147823738425,0.5,11,-1.4605942317905982,ElasticNet,Apul
FUN_038618_182289,39,9,9,9,5-fold,-2.2000036365646407,3.2086660027300566,-1.5795517455414594,2.504387142242611,53.62936239092763,0.99,3,-1.5795517455414594,ElasticNet,Apul
FUN_031950_144978,39,10,10,10,5-fold,-0.8631783065836057,1.1207370343991854,-0.4884845083515871,0.7140468404680501,99.39293531625677,0.99,1,-0.4884845083515871,ElasticNet,Apul
FUN_002683_13459,39,11,11,11,5-fold,-0.3548598902424757,0.2717565340036041,-0.152640639134708,0.21058219249229662,335.3771945773614,0.1,0,-0.152640639134708,ElasticNet,Apul
FUN_004099_17856,39,7,4,4,5-fold,-0.23072818669700088,0.2107341705658872,-0.24293280956942845,0.16694602745150972,44.86569672315958,0.95,2,-0.23072818669700088,RF,Apul
FUN_008193_39329,39,2,2,2,5-fold,-0.7079323788533408,0.3613416940850558,-0.3127654440947265,0.18776842221599155,2.4654257831405664,0.1,2,-0.3127654440947265,ElasticNet,Apul
FUN_026416_121732,39,21,19,19,5-fold,-4.04122130858943,6.565877716524656,-3.6544454336888967,6.55632800895994,110.35867111231012,0.9,2,-3.6544454336888967,ElasticNet,Apul
FUN_002660_13236,39,13,6,6,5-fold,-9.148883694166107,17.64554012160249,-10.864564468482559,21.210800375451633,1655.5303711247939,0.1,0,-9.148883694166107,RF,Apul
FUN_031608_143010,39,3,3,3,5-fold,-2.206527964380852,3.4654419367452274,-0.7278796920367924,1.1609000568229244,415.75757327931836,0.1,0,-0.7278796920367924,ElasticNet,Apul
FUN_010733_50907,39,5,5,5,5-fold,-0.4693898260186543,0.8785553437458307,-0.30384111455655566,0.4143960079185488,0.27562292821318607,0.5,5,-0.30384111455655566,ElasticNet,Apul
FUN_000276_1100,39,12,11,11,5-fold,-2.9716497233676558,5.566033735581015,-2.5685945200182108,4.563234693604262,947.433748554706,0.1,0,-2.5685945200182108,ElasticNet,Apul
FUN_029524_136460,39,53,48,48,5-fold,-1.2060075328531208,1.5097225476307528,-0.8924299841346042,0.9501591996953039,1.5382260887250117,0.5,47,-0.8924299841346042,ElasticNet,Apul
FUN_022055_95756,39,3,3,3,5-fold,-25.020205495531208,49.716666992041354,-13.474871023175794,26.78078385206909,552.9945365869957,0.1,0,-13.474871023175794,ElasticNet,Apul
FUN_043505_206228,39,2,2,2,5-fold,-0.6819398587731312,0.5966721955872757,-0.07161324955548376,0.0866068682735721,334.5838804829671,0.1,0,-0.07161324955548376,ElasticNet,Apul
FUN_032815_150403,39,21,18,18,5-fold,-1.667075198561664,2.608158325490593,-1.1342397089783902,1.4699165075499208,906.3895540048809,0.1,0,-1.1342397089783902,ElasticNet,Apul
FUN_025984_118747,39,3,3,3,5-fold,-0.11847628601994531,0.13708275517447802,-0.11962536073653514,0.18966698945677973,1422.4737270023857,0.1,0,-0.11847628601994531,RF,Apul
FUN_009308_45968,39,6,6,6,5-fold,-0.36350970811998984,0.6243387263080297,-0.1356896432075882,0.14433096280143123,1264.650005346403,0.1,0,-0.1356896432075882,ElasticNet,Apul
FUN_024471_110829,39,7,7,7,5-fold,-4.641705102613843,8.960071754833256,-2.7967835482690035,5.261580572119518,79.58609897214663,0.1,5,-2.7967835482690035,ElasticNet,Apul
FUN_033939_154944,39,27,18,18,5-fold,-2.7573389457945545,5.309373441753189,-4.387998804288403,8.537665133742513,11.757488215347848,0.7,16,-2.7573389457945545,RF,Apul
FUN_028029_127976,39,12,12,12,5-fold,-1.3709350811292178,2.023436208828123,-0.6112880000429393,1.0576628615066894,912.3535451992396,0.1,0,-0.6112880000429393,ElasticNet,Apul
FUN_034842_159660,39,10,10,10,5-fold,-0.9161258895072224,1.4706620182534509,-0.5056180101570511,0.7761882780922761,1364.0175648291388,0.1,0,-0.5056180101570511,ElasticNet,Apul
FUN_022518_98792,39,9,7,7,5-fold,-44.96559268596657,89.31762399211905,-44.755267745079195,89.31788468598012,48.3913868680389,0.99,1,-44.755267745079195,ElasticNet,Apul
FUN_024124_108786,39,11,11,11,5-fold,-0.9963354660701889,1.2065908292653769,-1.1943145862360243,1.4912466482753037,4.520655777308863,0.5,11,-0.9963354660701889,RF,Apul
FUN_012684_61398,39,3,3,3,5-fold,-1.7775594183250383,3.5254218250948566,-1.7699669324876375,3.494039626546262,1.3849888637184142,0.5,3,-1.7699669324876375,ElasticNet,Apul
FUN_024472_110832,39,8,6,6,5-fold,-6.250748445471212,11.770779466205697,-2.1812882492759997,3.8005629734574238,1100.226870180334,0.1,0,-2.1812882492759997,ElasticNet,Apul
FUN_025412_115119,39,9,9,9,5-fold,-1.9584038222406666,3.3794775723428554,-1.4530201253933002,2.663543038395775,981.8294171705609,0.1,0,-1.4530201253933002,ElasticNet,Apul
FUN_034129_156182,39,10,10,10,5-fold,-0.827513220998253,1.1761102873108502,-0.43972903006795666,0.7725618625939271,37.50778618470368,0.99,6,-0.43972903006795666,ElasticNet,Apul
FUN_037491_173956,39,5,5,5,5-fold,-3.809970509191019,6.830556470259299,-3.2674949675430582,5.852593289505869,79.35637716409008,0.9,2,-3.2674949675430582,ElasticNet,Apul
FUN_025297_114323,39,40,33,33,5-fold,-0.2586125179117384,0.5742809204406367,-0.3449493056586015,0.6090367469571673,1873.4597173615211,0.1,0,-0.2586125179117384,RF,Apul
FUN_008308_39970,39,7,7,7,5-fold,-0.4070084926843207,0.8048574611018939,-0.6157424053102367,0.695470329997431,618.7774061568829,0.1,0,-0.4070084926843207,RF,Apul
FUN_043638_207384,39,16,12,12,5-fold,-0.42377200609114496,0.39703069431646937,-0.1882538923360793,0.19619660084055499,44.41051836339264,0.99,1,-0.1882538923360793,ElasticNet,Apul
FUN_004804_22855,39,10,10,10,5-fold,-0.6413088510262955,1.2081652898185196,-0.45895102388590764,0.9629298513782527,3.5181154746828764,0.9,10,-0.45895102388590764,ElasticNet,Apul
FUN_042843_201253,39,3,3,3,5-fold,-1.7776994561805968,3.1729970671461523,-1.6981854781453418,2.981733415044284,0.908647184757205,0.1,3,-1.6981854781453418,ElasticNet,Apul
FUN_041898_197127,39,3,3,3,5-fold,-3.2630317041657904,4.908963532103273,-2.317471423409936,4.340894563117923,20.730819168994564,0.1,3,-2.317471423409936,ElasticNet,Apul
FUN_000264_1035,39,41,24,24,5-fold,-0.4285595596741629,0.30714267334776063,-0.1629384527333085,0.15659499107163347,1711.6014417262847,0.1,0,-0.1629384527333085,ElasticNet,Apul
FUN_029277_134889,39,12,5,5,5-fold,-1.3153626570159005,2.495702732141753,-1.7226834600319294,2.7972301360580847,38.9139302839966,0.95,2,-1.3153626570159005,RF,Apul
FUN_024186_109168,39,6,6,6,5-fold,-6.5558047461939335,12.74798594222971,-6.574161560482295,12.37964910272374,15.998963694782372,0.99,5,-6.5558047461939335,RF,Apul
FUN_041851_196747,39,8,8,8,5-fold,-1.7380082502749254,3.035942024576541,-1.394563167589483,2.2263169350794905,204.19113750938268,0.9,1,-1.394563167589483,ElasticNet,Apul
FUN_010733_50908,39,4,4,4,5-fold,-0.5845593863222025,0.8408829574484329,-0.47592527247749566,0.5738849808231574,2.587809674772097,0.1,4,-0.47592527247749566,ElasticNet,Apul
FUN_001384_7310,39,13,9,9,5-fold,-1.437285764391485,1.4622905074030874,-0.36612492538301894,0.3045872646112997,1188.9765015848982,0.1,0,-0.36612492538301894,ElasticNet,Apul
FUN_002580_12907,39,90,55,55,5-fold,-1.4190750230702465,1.081531797850272,-0.28292246079816674,0.29152378026580666,1597.638270142426,0.1,0,-0.28292246079816674,ElasticNet,Apul
FUN_028485_130740,39,12,9,9,5-fold,-2.4598041394956622,4.298496459373088,-2.582859461885242,4.464492812881476,40.73492542965474,0.99,5,-2.4598041394956622,RF,Apul
FUN_035037_161125,39,7,7,7,5-fold,-3.9950141055180715,8.067423619628176,-1.875987264358275,3.729571012131799,1.380194043112077,0.1,7,-1.875987264358275,ElasticNet,Apul
FUN_014454_67647,39,6,6,6,5-fold,-5.737431002206094,8.614161666935473,-2.3059248072006504,3.320130072265694,1134.337770343328,0.1,0,-2.3059248072006504,ElasticNet,Apul
FUN_014605_68780,39,4,4,4,5-fold,-1.0203377710519934,1.0480048952617085,-0.5802422530619706,0.7325399506163237,980.3822849234889,0.1,0,-0.5802422530619706,ElasticNet,Apul
FUN_005825_27647,39,5,4,4,5-fold,-0.7349455851357825,1.2261732802311114,-0.7023373700978583,1.2459080667907683,3.3466719825009306,0.95,3,-0.7023373700978583,ElasticNet,Apul
FUN_040206_188971,39,12,12,12,5-fold,-0.4185116203332968,0.3129682136493736,-0.2784351832738938,0.2678091491402795,2140.026874695742,0.1,0,-0.2784351832738938,ElasticNet,Apul
FUN_000592_3037,39,69,54,54,5-fold,-2.1049727135388414,3.571137659342113,-0.4819354821967695,0.6827343497591369,215.9658845674694,0.99,1,-0.4819354821967695,ElasticNet,Apul
FUN_029150_134065,39,12,10,10,5-fold,-0.6825591635430854,0.9400850359396923,-0.3312267968503599,0.43200096264514126,115.66614816808347,0.99,1,-0.3312267968503599,ElasticNet,Apul
FUN_010564_49784,39,92,79,79,5-fold,0.04512312722668634,0.30145295282176754,-0.818439532300113,0.5689796750203394,1889.813416865529,0.1,0,0.04512312722668634,RF,Apul
FUN_034151_156321,39,6,5,5,5-fold,-9.674609948604006,18.82351095223568,-5.372401879868023,10.456290568450253,240.89735554176252,0.99,0,-5.372401879868023,ElasticNet,Apul
FUN_037916_176636,39,5,5,5,5-fold,-4.018296127644076,7.506006819961189,-5.62472551922783,11.019142055842162,1.7430571017009855,0.1,5,-4.018296127644076,RF,Apul
FUN_038247_179569,39,2,2,2,5-fold,-6.688832990350773,12.410414195003277,-5.858693707404628,11.389277307180278,383.1454071800251,0.1,0,-5.858693707404628,ElasticNet,Apul
FUN_015312_73896,39,15,15,15,5-fold,-0.32693944090477634,0.13203547688665362,-0.2895155339881699,0.23413362070950536,1052.3379941992252,0.1,0,-0.2895155339881699,ElasticNet,Apul
FUN_009836_48216,39,77,59,59,5-fold,-0.48057534774707217,0.17245603731025966,-0.10937039740775574,0.09446290589232298,191.04731111853533,0.99,3,-0.10937039740775574,ElasticNet,Apul
FUN_001497_8050,39,18,17,17,5-fold,-0.13398192544495893,0.20144010137726964,-0.09438777866989323,0.11403671545151035,52.86856262735012,0.9,7,-0.09438777866989323,ElasticNet,Apul
FUN_008280_39797,39,16,14,14,5-fold,-17.323132951455058,33.90026852654648,-12.944364350582003,25.439744603456973,2292.704966673517,0.1,0,-12.944364350582003,ElasticNet,Apul
FUN_037992_177218,39,60,54,54,5-fold,-0.5409599943927084,0.4262296816545657,-0.20280401691365277,0.30225970939032987,15.232646592867185,0.7,43,-0.20280401691365277,ElasticNet,Apul
FUN_010728_50895,39,11,11,11,5-fold,-0.9260200401820953,1.0889393753335952,-1.3811664136726223,2.2485653756293402,1.9166970856650387,0.5,10,-0.9260200401820953,RF,Apul
FUN_008668_42618,39,6,6,6,5-fold,-2.749101109823677,3.1822958256300793,-1.822707134343522,2.2692129016110587,1288.1019297270998,0.1,0,-1.822707134343522,ElasticNet,Apul
FUN_007907_37562,39,6,6,6,5-fold,-4.103222059060078,7.6191184002020895,-1.9174943455013473,3.478384531719984,625.7200242741222,0.1,0,-1.9174943455013473,ElasticNet,Apul
FUN_038916_183625,39,7,5,5,5-fold,-3.2164208346669283,5.624009098478692,-2.6267135363859895,4.754513747537286,1453.2838620933667,0.1,0,-2.6267135363859895,ElasticNet,Apul
FUN_017759_83490,39,21,21,21,5-fold,-2.0212120984422386,2.0819375236722597,-1.1075104654085492,1.273850548155335,1217.385830733036,0.1,0,-1.1075104654085492,ElasticNet,Apul
FUN_032239_146988,39,18,17,17,5-fold,-0.44121288209110104,0.6574534498754826,-0.48546813376614384,0.49653800046309726,84.78017300438209,0.99,2,-0.44121288209110104,RF,Apul
FUN_023647_106538,39,3,3,3,5-fold,-0.5558161507525974,0.7695891423242442,-0.4662782102130324,0.7063054908778196,1.1511112465882354,0.5,3,-0.4662782102130324,ElasticNet,Apul
FUN_021068_93782,39,15,10,10,5-fold,-9.625419375355477,12.933143865738483,-3.5757252808660454,4.3676916701677815,81.58923908202667,0.99,1,-3.5757252808660454,ElasticNet,Apul
FUN_026024_119336,39,6,6,6,5-fold,-0.31945745647693696,0.20208550306323195,-0.07284036780858086,0.09102424036735461,530.53011413651,0.1,0,-0.07284036780858086,ElasticNet,Apul
FUN_041789_196232,39,16,16,16,5-fold,-0.9900502420761061,1.0207103840754674,-1.8083766181003191,1.832118535414914,70.58657499144812,0.99,1,-0.9900502420761061,RF,Apul
FUN_024186_109170,39,4,4,4,5-fold,-17.57660535191668,34.24485326765731,-9.427447900688644,18.548049718179815,643.6233902755057,0.1,0,-9.427447900688644,ElasticNet,Apul
FUN_017868_84290,39,15,6,6,5-fold,-4.358857628950411,5.226951686644599,-2.0195379346471247,2.300820576862779,422.6376176244436,0.1,0,-2.0195379346471247,ElasticNet,Apul
FUN_017757_83481,39,6,6,6,5-fold,-3.4893335501154175,6.7005593348007775,-3.0058309484682697,5.864782134192822,1.567739328619144,0.5,6,-3.0058309484682697,ElasticNet,Apul
FUN_031724_143690,39,93,80,80,5-fold,-0.5779235873110081,0.7590864730520768,-0.39343824026817453,0.6372401123124953,2327.172678272956,0.1,0,-0.39343824026817453,ElasticNet,Apul
FUN_032494_148593,39,43,36,36,5-fold,-33.072603555618706,64.04811593230923,-16.753101428587975,31.412156653527553,2653.2015346307503,0.1,0,-16.753101428587975,ElasticNet,Apul
FUN_042594_199816,39,27,10,10,5-fold,-0.4575771658772637,1.048044245315574,-0.3342298556130338,0.3960910210227385,45.265055510140954,0.99,4,-0.3342298556130338,ElasticNet,Apul
FUN_031221_141035,39,6,4,4,5-fold,-20.630734046446516,41.2596484535873,-15.011509162245082,29.551578223825615,1108.9376502780242,0.1,0,-15.011509162245082,ElasticNet,Apul
FUN_008954_44311,39,3,3,3,5-fold,-17.325723441088194,33.74359784009347,-15.777276296758837,31.30048347826801,29.230840648866465,0.99,1,-15.777276296758837,ElasticNet,Apul
FUN_016073_76856,39,4,4,4,5-fold,-0.8015436390875376,0.634538066760467,-0.5387708272848278,0.4730253429592834,5.51204434377131,0.1,4,-0.5387708272848278,ElasticNet,Apul
FUN_033120_151740,39,16,13,13,5-fold,-2.739832713707129,4.728503709501773,-1.8206245304900004,3.148440276878744,1098.8764595120747,0.1,3,-1.8206245304900004,ElasticNet,Apul
FUN_034365_157669,39,11,7,7,5-fold,-0.7333386414498158,0.8092323846735869,-0.5848810119805645,0.545121889302049,1017.3486138472141,0.1,0,-0.5848810119805645,ElasticNet,Apul
FUN_041789_196234,39,13,8,8,5-fold,-7.2429958295269685,7.565829162991611,-5.983145315562711,7.224765333324658,0.8903523131371488,0.5,8,-5.983145315562711,ElasticNet,Apul
FUN_009820_48097,39,7,7,7,5-fold,-0.6998175532095449,1.4450446932861756,-1.0709477175339281,1.5867231944479567,930.2743870329258,0.1,0,-0.6998175532095449,RF,Apul
FUN_004804_22857,39,7,5,5,5-fold,-1.457571697425005,1.6902884421835092,-0.9628356261805806,1.3832727313719768,479.82105757445396,0.1,0,-0.9628356261805806,ElasticNet,Apul
FUN_023198_103665,39,4,3,3,5-fold,-6.443030980262309,12.147682293479557,-6.3771072712597565,12.35351315881762,568.2722589779363,0.1,0,-6.3771072712597565,ElasticNet,Apul
FUN_033752_153592,39,2,2,2,5-fold,-0.3705289195963095,0.7945926797744975,-0.2896752043967553,0.3476035062107177,8.092286916638763,0.95,1,-0.2896752043967553,ElasticNet,Apul
FUN_001552_8482,39,16,12,12,5-fold,-145.7493687848591,290.8742173902896,-56.50297721984092,112.8589034706358,1.9618509760124156,0.1,12,-56.50297721984092,ElasticNet,Apul
FUN_024412_110389,39,19,17,17,5-fold,-17.722166179316577,33.39888247119635,-8.30018975514631,14.176028989565081,1042.3147434532543,0.1,0,-8.30018975514631,ElasticNet,Apul
FUN_026173_120292,39,2,2,2,5-fold,-0.5394988825874932,0.4606445839828788,-0.5045357063481644,0.5697452378916776,24.83579896124633,0.99,1,-0.5045357063481644,ElasticNet,Apul
FUN_016469_79759,39,3,3,3,5-fold,-0.3990146742079818,0.6247503179433189,-1.9837884177427445,3.5450563135157025,17.566948319673852,0.95,2,-0.3990146742079818,RF,Apul
FUN_022429_98125,39,3,3,3,5-fold,-3.241778513683819,4.949605734231455,-2.0689426404789923,3.4932651361923934,1103.2845546013773,0.1,0,-2.0689426404789923,ElasticNet,Apul
FUN_011944_56371,39,3,3,3,5-fold,-51.37333405098944,103.03089047178925,-37.0892404143931,74.03053370474295,55.600828021522,0.95,3,-37.0892404143931,ElasticNet,Apul
FUN_031970_145092,39,22,22,22,5-fold,-2.0568158106419276,3.8577582248458375,-1.5367208497771019,2.770576839671421,106.6563620045944,0.95,6,-1.5367208497771019,ElasticNet,Apul
FUN_022629_99587,39,144,141,100,5-fold,-1.395262402729831,2.139571942590338,-2.0184758232355193,2.6042409693260664,116.71503674832694,0.99,7,-1.395262402729831,RF,Apul
FUN_023587_106171,39,8,7,7,5-fold,-0.6759531157275628,0.46695022534696234,-0.43187286419150983,0.5564281001918197,12.010243810947328,0.1,7,-0.43187286419150983,ElasticNet,Apul
FUN_012308_59199,39,44,39,39,5-fold,-0.6440650556295046,1.0921354001546373,-0.7745897942458521,1.1662184318191589,1.6000124407167289,0.7,38,-0.6440650556295046,RF,Apul
FUN_003718_15860,39,5,3,3,5-fold,-0.4066321231359062,0.42875086621398095,-0.21852719188550435,0.26181590577322206,2.2676937475603203,0.99,3,-0.21852719188550435,ElasticNet,Apul
FUN_039948_187315,39,7,7,7,5-fold,-2.5478065637066343,4.734237975344549,-2.070211560371884,3.911843385656701,72.94587442240498,0.99,1,-2.070211560371884,ElasticNet,Apul
FUN_040059_188060,39,3,3,3,5-fold,-0.3632776295842381,0.2792232661501013,-0.194008213605774,0.12998646941153214,703.8633588476926,0.1,0,-0.194008213605774,ElasticNet,Apul
FUN_031305_141590,39,31,28,28,5-fold,-9.745540525491458,18.594789386860274,-7.957515382658649,14.541846142795709,6.246954697588184,0.9,26,-7.957515382658649,ElasticNet,Apul
FUN_016437_79543,39,11,8,8,5-fold,-1.2429389627482617,1.708158668501925,-1.5847719970157792,1.749822562442433,0.4719505373045661,0.5,8,-1.2429389627482617,RF,Apul
FUN_042659_200417,39,7,4,4,5-fold,-141.57997237132034,168.57488619999344,-36.30284157503539,37.71205952158346,233.6053412560066,0.1,0,-36.30284157503539,ElasticNet,Apul
FUN_029131_133901,39,45,41,41,5-fold,-1.089312017362979,1.8295330485385626,-0.4476386965391814,0.631629219379544,3.5064022898402545,0.1,41,-0.4476386965391814,ElasticNet,Apul
FUN_008636_42414,39,3,3,3,5-fold,-1.8031994444562591,2.1357414205010077,-0.28549956679800587,0.07873163191716102,2.6995774610942056,0.95,3,-0.28549956679800587,ElasticNet,Apul
FUN_022962_101912,39,23,14,14,5-fold,-0.6281362579403281,0.5038328530515952,-0.45811359166147503,0.29693313673825017,1192.639070728175,0.1,0,-0.45811359166147503,ElasticNet,Apul
FUN_025757_117290,39,2,2,2,5-fold,-0.5906986676222002,0.5156149652891209,-0.48211273155932366,0.34974192170462226,1.5807758636096427,0.1,2,-0.48211273155932366,ElasticNet,Apul
FUN_008636_42413,39,5,2,2,5-fold,-1.1073225381526695,1.5497746246221806,-0.9271669301449801,1.484147136485015,281.7527917416273,0.1,0,-0.9271669301449801,ElasticNet,Apul
FUN_012311_59217,39,11,8,8,5-fold,-342.6517793583881,628.1659353825139,-80.91878915709806,126.17583808115002,693.3730859854562,0.1,0,-80.91878915709806,ElasticNet,Apul
FUN_043601_207074,39,17,13,13,5-fold,-1.219226931475414,2.8231701682734602,-2.1148296914595774,2.5765190532391364,1.8459400111728121,0.1,13,-1.219226931475414,RF,Apul
FUN_010733_50909,39,4,4,4,5-fold,-0.3641640826511825,0.9205153527930895,-0.19413568718771307,0.7628718345712204,0.779464579794465,0.5,4,-0.19413568718771307,ElasticNet,Apul
FUN_001734_9530,39,18,18,18,5-fold,-0.5105882267138282,0.37140731216484524,-0.2759290923106591,0.2922547310690609,8.16208455942907,0.1,18,-0.2759290923106591,ElasticNet,Apul
FUN_034098_156002,39,10,10,10,5-fold,-139.469541283653,155.94128486217872,-43.54547258119343,46.35852150744425,374.70394537414325,0.1,0,-43.54547258119343,ElasticNet,Apul
FUN_035071_161352,39,4,4,4,5-fold,-0.4089405557515466,0.17798741234294663,-0.5391718580897187,0.4870964424744534,1071.0329637426403,0.1,0,-0.4089405557515466,RF,Apul
FUN_024472_110833,39,16,15,15,5-fold,-3.0788826649424954,5.432818493031636,-2.9545830083896663,5.4857527694776875,202.44737453673721,0.99,2,-2.9545830083896663,ElasticNet,Apul
FUN_005056_24307,39,10,10,10,5-fold,-1.6584453377879953,2.2398421443442214,-1.192555318773572,1.787264309244749,2.981466882454961,0.1,10,-1.192555318773572,ElasticNet,Apul
FUN_010725_50865,39,13,10,10,5-fold,-7.158915478378125,13.836911204244641,-5.897827870516495,11.458029489928181,68.13883160639898,0.99,2,-5.897827870516495,ElasticNet,Apul
FUN_023159_103367,39,4,4,4,5-fold,-0.33135415543056246,0.6506754354836141,-0.18548323308274134,0.6314709037528965,0.4502991845950951,0.7,4,-0.18548323308274134,ElasticNet,Apul
FUN_026354_121455,39,9,5,5,5-fold,-406.1711576337293,772.9858037183716,-273.36625645017244,529.4486866638981,484.2834886835224,0.1,0,-273.36625645017244,ElasticNet,Apul
FUN_023350_104720,39,4,4,4,5-fold,-1.3249638465089462,1.2610326505416243,-0.872583748936879,0.8920427234467816,82.71602915226059,0.99,1,-0.872583748936879,ElasticNet,Apul
FUN_028269_129437,39,2,2,2,5-fold,-19.617456638060858,37.76738719124665,-24.00110304100359,47.10000842994763,29.60215081534995,0.7,2,-19.617456638060858,RF,Apul
FUN_043007_202391,39,169,150,100,5-fold,-2.2737071347821147,3.6841297419788144,-1.3112517143142906,1.9592405804931792,8.74145411107231,0.5,91,-1.3112517143142906,ElasticNet,Apul
FUN_004365_19729,39,2,2,2,5-fold,-0.9986111226477286,1.3073816955995594,-0.6702293927447254,0.7750911938125223,17.661885631649504,0.99,1,-0.6702293927447254,ElasticNet,Apul
FUN_014875_70844,39,19,12,12,5-fold,-0.43910671539256346,0.13111222933584973,-0.3491681448088074,0.40576339472155937,848.1769867613671,0.1,0,-0.3491681448088074,ElasticNet,Apul
FUN_009308_45972,39,3,3,3,5-fold,-0.49895591963747943,0.30320913629965446,-0.06382477864917617,0.08073560901571754,1.9354773039692728,0.5,3,-0.06382477864917617,ElasticNet,Apul
FUN_026108_119945,39,9,7,7,5-fold,-5.422326069595165,9.54287942875147,-4.9206780637483964,8.0938369563989,2.6967844974422523,0.5,7,-4.9206780637483964,ElasticNet,Apul
FUN_007786_36739,39,18,12,12,5-fold,-4.8831055679818824,9.372399073046163,-3.2601857310508024,6.2629491052860535,18.35078193060953,0.99,7,-3.2601857310508024,ElasticNet,Apul
FUN_009656_47502,39,8,8,8,5-fold,-0.5143964400111146,0.3940806040851536,-0.25726446009054743,0.0519755497541766,47.05281128299981,0.99,3,-0.25726446009054743,ElasticNet,Apul
FUN_041640_195023,39,16,15,15,5-fold,-1.3093949881963614,1.835710374421579,-0.7843906065685167,0.8827432146489143,180.4227320476936,0.99,1,-0.7843906065685167,ElasticNet,Apul
FUN_039826_186492,39,3,2,2,5-fold,-1.1374259499343997,2.5310736652488157,-9.63674572886541,17.859684788800816,0.6408789092052231,0.5,2,-1.1374259499343997,RF,Apul
FUN_037238_172518,39,8,8,8,5-fold,-0.42838078348081154,0.5446627049386582,-0.37032452281818723,0.40320028715790723,29.195751735693747,0.99,5,-0.37032452281818723,ElasticNet,Apul
FUN_022042_95621,39,17,11,11,5-fold,-0.22842935381571436,0.42302386199946856,-0.4313326381538266,0.6179419090629645,0.309679119517868,0.7,11,-0.22842935381571436,RF,Apul
FUN_022665_99963,39,48,25,25,5-fold,-2.0606005412896407,2.999544996213307,-0.777964439205934,1.236319408286724,3.02222469265381,0.5,24,-0.777964439205934,ElasticNet,Apul
FUN_025753_117240,39,15,9,9,5-fold,-2.676586084246482,5.345962415414815,-0.9439223706662782,1.6353950504489159,4.113241260773918,0.5,9,-0.9439223706662782,ElasticNet,Apul
FUN_025463_115416,39,10,5,5,5-fold,-0.5882790228516063,0.6166355064479719,-0.6009345366453326,0.6469255452765175,1.4421279586511637,0.1,5,-0.5882790228516063,RF,Apul
FUN_037974_177078,39,10,10,10,5-fold,-3.211649226431651,5.605975218898454,-8.778542600158406,17.39069657256564,36.321824284533655,0.99,7,-3.211649226431651,RF,Apul
FUN_011810_55483,39,6,6,6,5-fold,-2.1532975104981498,2.833934375653826,-1.788945058377277,2.464703698317538,2.265875812418916,0.1,6,-1.788945058377277,ElasticNet,Apul
FUN_036251_168519,39,5,5,5,5-fold,-0.27596162797580415,0.37141170272883167,-0.10224773209045739,0.10754821048097536,627.1304776882372,0.1,0,-0.10224773209045739,ElasticNet,Apul
FUN_022852_101115,39,23,19,19,5-fold,-0.39465575168985834,0.5657943104444019,-0.5038174361442754,0.5193891383826432,1250.0075941318812,0.1,0,-0.39465575168985834,RF,Apul
FUN_017932_84817,39,10,9,9,5-fold,-0.7487517790105855,1.2353365599034887,-0.8751050807208032,1.553573136210579,25.599877397708017,0.1,9,-0.7487517790105855,RF,Apul
FUN_011946_56409,39,5,5,5,5-fold,-5.000556369717991,9.951312746684271,-5.950601444694428,11.663563843805639,74.67506517451909,0.7,2,-5.000556369717991,RF,Apul
FUN_033947_155008,39,52,39,39,5-fold,-0.8762900917204611,1.2591053909167063,-0.3129575041618187,0.25597363693973024,139.54071247206537,0.99,1,-0.3129575041618187,ElasticNet,Apul
FUN_001098_5200,39,2,2,2,5-fold,-7.086667620932296,14.045291950281701,-4.1343615840345285,7.778552989537449,1060.9287552739293,0.1,0,-4.1343615840345285,ElasticNet,Apul
FUN_005038_24243,39,9,3,3,5-fold,-0.25046798431659023,0.18071733810352394,-0.4033846261481969,0.5398810921854116,2079.639893111363,0.1,0,-0.25046798431659023,RF,Apul
FUN_004006_17085,39,14,9,9,5-fold,-7.082647752753867,13.253178664991587,-2.916615463118213,5.157605426157953,32.40165433569987,0.99,4,-2.916615463118213,ElasticNet,Apul
FUN_037369_173212,39,10,8,8,5-fold,-0.6298629126491315,0.6756402231513113,-0.5888682207778627,0.9368749804787269,0.33783629783278785,0.9,8,-0.5888682207778627,ElasticNet,Apul
FUN_002102_11113,39,6,6,6,5-fold,-0.8609645995925435,0.9974558182411821,-1.0227942987671257,1.3920349853572789,2.4511770885654744,0.1,6,-0.8609645995925435,RF,Apul
FUN_008642_42451,39,6,6,6,5-fold,-0.6202926112554472,0.5600679190601467,-0.49163404765161156,0.32862115238166617,571.8059787521298,0.1,0,-0.49163404765161156,ElasticNet,Apul
FUN_041861_196816,39,2,2,2,5-fold,-0.8416097768243169,0.7353812107020865,-0.6752304871793373,0.7304435061458743,0.5298433779674406,0.5,2,-0.6752304871793373,ElasticNet,Apul
FUN_012767_61781,39,11,11,11,5-fold,-3.118347240360938,5.690582810756682,-2.924959205494059,5.501771331767059,833.2799109798599,0.1,0,-2.924959205494059,ElasticNet,Apul
FUN_027850_126986,39,10,10,10,5-fold,-3.272518871534382,6.301886615339801,-6.254956700864729,12.083193239475706,72.40861540388596,0.99,4,-3.272518871534382,RF,Apul
FUN_024376_110132,39,12,12,12,5-fold,-0.37153166778923313,0.2742834526005995,-0.16272276620789575,0.1330020950043123,64.98411838021944,0.99,1,-0.16272276620789575,ElasticNet,Apul
FUN_028149_128703,39,7,7,7,5-fold,-1.002821516074696,1.1111647670903853,-0.7635626304639238,0.5473944404328208,87.33872637602427,0.99,1,-0.7635626304639238,ElasticNet,Apul
FUN_022188_96348,39,5,5,5,5-fold,-0.16095883761675822,0.12036725888615112,-0.021186184159172106,0.02102052542119165,9.092533293922097,0.99,5,-0.021186184159172106,ElasticNet,Apul
FUN_038124_178362,39,9,5,5,5-fold,-0.41758096815605833,0.3987706397443869,-0.2278438193924904,0.28559905384406303,3.516297026519854,0.1,5,-0.2278438193924904,ElasticNet,Apul
FUN_011998_56758,39,29,11,11,5-fold,-0.24510396613662183,0.3273921840987475,-0.27825970258394594,0.2686200079964924,150.27658749836067,0.7,1,-0.24510396613662183,RF,Apul
FUN_006642_31646,39,16,16,16,5-fold,-2.047299782070447,2.5128990322191926,-1.3222371179705519,1.570784923171112,131.1331223345882,0.99,2,-1.3222371179705519,ElasticNet,Apul
FUN_010875_51812,39,9,6,6,5-fold,-2.1424627419570927,2.9834106275781695,-1.3653484754646428,2.3499567524960563,22.932018404531966,0.7,5,-1.3653484754646428,ElasticNet,Apul
FUN_006842_32657,39,10,4,4,5-fold,-0.49250743924994766,0.5318878317753545,-0.4031226067002825,0.49793770315152613,636.8311051550239,0.1,0,-0.4031226067002825,ElasticNet,Apul
FUN_014707_69501,39,2,2,2,5-fold,-0.8196450961934068,0.7357541676482128,-0.7679573113123792,0.8416270692309098,0.16909292091654932,0.5,2,-0.7679573113123792,ElasticNet,Apul
FUN_010931_52128,39,24,24,24,5-fold,-17.373147440489866,34.40257253680451,-15.34811545227559,30.379784770695544,924.4979484659676,0.1,0,-15.34811545227559,ElasticNet,Apul
FUN_040710_191282,39,13,7,7,5-fold,-0.48197079730013537,0.5823858275756051,-0.17874838543141758,0.17397241481246836,1.4145679486647427,0.1,7,-0.17874838543141758,ElasticNet,Apul
FUN_032150_146391,39,26,24,24,5-fold,-0.6795493231157599,0.7889673277325413,-0.2155198382169571,0.31840723289804684,1918.9702910260744,0.1,0,-0.2155198382169571,ElasticNet,Apul
FUN_034958_160578,39,26,19,19,5-fold,-12.580648806946446,25.28384635116447,-9.70507294375907,19.268901311901857,107.38577878524798,0.99,2,-9.70507294375907,ElasticNet,Apul
FUN_025520_115687,39,24,24,24,5-fold,0.03157272931459587,0.3881348921303868,-1.2904052592159947,1.9704935756668824,2.2984284069474015,0.1,24,0.03157272931459587,RF,Apul
FUN_005341_26039,39,6,2,2,5-fold,-1.8947941738276455,3.3092995240076695,-1.7250649744049595,2.8212008836832316,132.74982124280731,0.1,0,-1.7250649744049595,ElasticNet,Apul
FUN_032579_148976,39,9,9,9,5-fold,-0.9086332105047286,1.005269835968224,-0.377719133269906,0.49595366881813624,784.099525658535,0.1,0,-0.377719133269906,ElasticNet,Apul
FUN_018530_87791,39,5,4,4,5-fold,-1.2271577136363945,1.9428416447179857,-2.3281300906929006,2.3941209341757475,1394.9146032333986,0.1,0,-1.2271577136363945,RF,Apul
FUN_006864_32853,39,11,11,11,5-fold,-1.0213169558804687,1.0903669203133313,-0.7189653701632192,0.8148381832123754,1507.4905289585352,0.1,0,-0.7189653701632192,ElasticNet,Apul
FUN_017851_84160,39,9,9,9,5-fold,-0.331447324951188,0.2735996057943336,-0.3209653255067142,0.25943005456157886,1257.6938541031006,0.1,0,-0.3209653255067142,ElasticNet,Apul
FUN_009308_45974,39,2,2,2,5-fold,-0.09652554264717965,0.29916915873127514,-0.03255706730042407,0.05686871819742699,50.0195787588005,0.99,1,-0.03255706730042407,ElasticNet,Apul
FUN_008276_39764,39,7,7,7,5-fold,-0.44230197218815254,0.6102877070781534,-0.13392230605336314,0.3389236151386581,4.954237561633485,0.99,7,-0.13392230605336314,ElasticNet,Apul
FUN_025569_116105,39,14,14,14,5-fold,-3.511047521529245,4.973898268303811,-2.7227584948483883,4.234290672409782,5.206293158680573,0.1,14,-2.7227584948483883,ElasticNet,Apul
FUN_036773_169790,39,7,7,7,5-fold,-0.5803241306297602,0.7310577409912913,-0.8172547783594787,0.9465388800325881,40.55445975017381,0.95,4,-0.5803241306297602,RF,Apul
FUN_038204_179160,39,9,9,9,5-fold,-0.7949028214079987,0.8357435011792239,-0.5861324710968701,0.625133959290677,670.7596072449944,0.1,0,-0.5861324710968701,ElasticNet,Apul
FUN_036164_167838,39,7,7,7,5-fold,-1.1258804180248863,2.007912144206662,-1.1421906665430697,1.8965005972566225,965.6574067336138,0.1,0,-1.1258804180248863,RF,Apul
FUN_007646_36042,39,6,5,5,5-fold,-18.28305983525181,36.30487926060194,-15.738556658480823,31.32323073220619,725.8919145561803,0.1,0,-15.738556658480823,ElasticNet,Apul
FUN_043493_206080,39,7,7,7,5-fold,-0.086088900116292,0.2681172143916023,-0.09777022287213308,0.15849050226405273,2.5571463625979893,0.5,7,-0.086088900116292,RF,Apul
FUN_025319_114475,39,49,28,28,5-fold,-0.8424974565751253,1.0100748865479325,-1.3569865394508054,1.4647618908713689,5.766291406716381,0.1,28,-0.8424974565751253,RF,Apul
FUN_025231_114002,39,3,3,3,5-fold,-7.7440135477992715,15.345736035469818,-6.453986771015222,12.284050887789506,260.987505413354,0.1,0,-6.453986771015222,ElasticNet,Apul
FUN_026024_119329,39,13,5,5,5-fold,-0.4285520831135166,0.2490507800471563,-0.17762258307099993,0.11918308179730204,747.071730786389,0.1,0,-0.17762258307099993,ElasticNet,Apul
FUN_004824_22953,39,6,5,5,5-fold,-9.94635847087621,16.712321908803144,-6.208165141734723,8.792315225163366,2.517138345572657,0.1,5,-6.208165141734723,ElasticNet,Apul
FUN_023011_102244,39,3,2,2,5-fold,-0.5573501270205237,0.9630992901567924,-0.20237444738222482,0.4266420418510174,11.955561774456896,0.99,2,-0.20237444738222482,ElasticNet,Apul
FUN_004008_17106,39,3,3,3,5-fold,-1.6264355433486013,2.3932937673122567,-1.6503421951633892,3.019963627408045,1310.0995731834732,0.1,0,-1.6264355433486013,RF,Apul
FUN_023093_102898,39,12,6,6,5-fold,-0.8472984197586879,1.0728765083581002,-0.47521172677515044,0.8021900050773474,547.4274214393294,0.1,0,-0.47521172677515044,ElasticNet,Apul
FUN_022308_97209,39,4,4,4,5-fold,-0.09817649626641786,0.317200883636775,-0.1401445611694611,0.3474734389602291,1.7048696531488103,0.5,4,-0.09817649626641786,RF,Apul
FUN_029113_133745,39,2,2,2,5-fold,-0.7774424043168977,1.0195560022977286,-0.35091874742447576,0.5398833930252421,646.0688914872401,0.1,0,-0.35091874742447576,ElasticNet,Apul
FUN_014447_67598,39,2,2,2,5-fold,-0.5561429378819979,0.617396344121322,-0.5274767993975843,0.5845700645599756,643.7235893524389,0.1,1,-0.5274767993975843,ElasticNet,Apul
FUN_011049_52789,39,15,8,8,5-fold,-0.6445145324552672,0.8839168597079926,-0.33618683411968503,0.2555439596389686,429.5598785863283,0.1,0,-0.33618683411968503,ElasticNet,Apul
FUN_006719_31994,39,10,8,8,5-fold,-3.2881625297674546,6.05977244364519,-2.559161601090291,4.4903425407184505,1092.9322974817035,0.1,0,-2.559161601090291,ElasticNet,Apul
FUN_032086_145860,39,49,45,45,5-fold,-4.6578092658817685,6.635738781221403,-0.9704667879112068,1.3346721407134858,9.765352799301814,0.1,45,-0.9704667879112068,ElasticNet,Apul
FUN_005341_26046,39,11,5,5,5-fold,-0.752790610325901,1.2672376416042657,-0.556465058836227,0.8939634790354458,3.156919636708403,0.1,5,-0.556465058836227,ElasticNet,Apul
FUN_040040_187871,39,59,41,41,5-fold,-4.7529500062041965,8.545016140962565,-3.396296092495566,6.450951330105179,50.63282585031352,0.1,41,-3.396296092495566,ElasticNet,Apul
FUN_032394_148095,39,9,8,8,5-fold,-0.6020755559903288,0.6660741161396324,-0.6329803781263246,0.7108792975536419,0.14942280706292768,0.5,8,-0.6020755559903288,RF,Apul
FUN_037491_173958,39,2,2,2,5-fold,-0.5099045373348388,0.4864461337770674,-0.2871249979707658,0.33150694272503195,457.1996737372528,0.1,0,-0.2871249979707658,ElasticNet,Apul
FUN_015401_74340,39,26,22,22,5-fold,-1.176135570877801,0.8017975366991397,-0.4741899943927928,0.3688528270139739,1424.619390036698,0.1,0,-0.4741899943927928,ElasticNet,Apul
FUN_043176_203533,39,2,2,2,5-fold,-1.0718480297706887,1.9754221661295681,-0.6322543396313642,0.8193544227293001,1.5496894703013486,0.1,2,-0.6322543396313642,ElasticNet,Apul
FUN_022386_97783,39,7,7,7,5-fold,-0.7092347314308444,0.6263600726962019,-1.7780676223643699,2.084795738950182,425.5477991489258,0.1,0,-0.7092347314308444,RF,Apul
FUN_004776_22648,39,4,4,4,5-fold,-0.32839666006231644,0.8702234308436146,-0.19439134263000785,0.42019864238416027,2.270333247115191,0.5,4,-0.19439134263000785,ElasticNet,Apul
FUN_014486_67950,39,4,4,4,5-fold,-1.8414824156892853,3.4877415762958415,-1.5417494733800425,2.7568358573467027,30.643082435087052,0.5,3,-1.5417494733800425,ElasticNet,Apul
FUN_037779_175492,39,6,6,6,5-fold,-0.27063398366046576,0.12221086274603889,-0.5072446727376044,1.0173395555968952,5.510446163753238,0.99,6,-0.27063398366046576,RF,Apul
FUN_009532_47115,39,4,4,4,5-fold,-0.4564371023999579,0.7320585970041141,-0.41124296666438404,0.3869854416832959,999.4416786234341,0.1,0,-0.41124296666438404,ElasticNet,Apul
FUN_029308_135135,39,4,4,4,5-fold,-2.49386357294377,4.4118938198763065,-1.3664555571226822,2.3017153657804434,1625.2477330911918,0.1,0,-1.3664555571226822,ElasticNet,Apul
FUN_016296_78228,39,8,8,8,5-fold,-0.7644097754319916,0.44980271103465524,-0.22729250216992386,0.22089570239876827,26.885783852105153,0.95,3,-0.22729250216992386,ElasticNet,Apul
FUN_004291_19136,39,11,11,11,5-fold,-0.5007511283405135,0.3691542114510608,-0.3702426814327064,0.4885555646162413,99.76952498784873,0.95,1,-0.3702426814327064,ElasticNet,Apul
FUN_025984_118748,39,8,8,8,5-fold,-0.2913356409898259,0.3224298869932654,-0.09158355526168702,0.1366120523066724,2.3960444999255044,0.1,8,-0.09158355526168702,ElasticNet,Apul
FUN_023237_103967,39,2,2,2,5-fold,-1.6223651619098298,2.756436870389661,-1.389505338641714,2.0887372615699205,8.89308122931009,0.5,2,-1.389505338641714,ElasticNet,Apul
FUN_035730_165088,39,20,18,18,5-fold,-0.9148055638458142,1.4457571745713544,-0.4407664743220657,0.25828390222088593,1906.4164316444549,0.1,0,-0.4407664743220657,ElasticNet,Apul
FUN_039086_184121,39,15,14,14,5-fold,-1.751886979291345,3.215115910775944,-1.2898280566858618,2.375388850374782,972.4023950437156,0.1,0,-1.2898280566858618,ElasticNet,Apul
FUN_015318_73914,39,12,6,6,5-fold,-0.6405252768308497,0.7695232087708315,-0.7509169668988345,1.332178535393232,9.092184456009612,0.95,4,-0.6405252768308497,RF,Apul
FUN_022056_95775,39,4,4,4,5-fold,-0.49695009702460896,0.15783013353277683,-0.5751430423089914,0.35115533974703733,1820.576262690105,0.1,0,-0.49695009702460896,RF,Apul
FUN_024160_109045,39,18,13,13,5-fold,-1.4127782225056464,0.7809835312355202,-1.0545364451151014,0.7698942290184974,6.334907412396575,0.7,12,-1.0545364451151014,ElasticNet,Apul
FUN_001668_9287,39,6,2,2,5-fold,-1.2510514313446013,1.6524412682171685,-0.8812649821313521,0.5380230028452924,8.647872342047076,0.99,2,-0.8812649821313521,ElasticNet,Apul
FUN_035888_166242,39,5,3,3,5-fold,-0.43830754638395264,0.34578811339746574,-0.3512769475610157,0.3065995618112825,216.0949117117736,0.1,0,-0.3512769475610157,ElasticNet,Apul
FUN_004021_17255,39,17,17,17,5-fold,-3.679861077065388,3.0250298612378415,-4.162727710817279,7.511120798183414,1124.9200268802506,0.1,0,-3.679861077065388,RF,Apul
FUN_035103_161555,39,4,4,4,5-fold,-0.48083154959417856,0.5318238580440231,-0.08725728351564517,0.18669357090890581,1.033700736456627,0.5,4,-0.08725728351564517,ElasticNet,Apul
FUN_011810_55485,39,16,15,15,5-fold,-3.089363121885966,4.0266296210028845,-2.3366274790073414,3.53943096744408,97.77309335280046,0.99,2,-2.3366274790073414,ElasticNet,Apul
FUN_023166_103414,39,18,10,10,5-fold,-0.9930468617806637,1.656792575022071,-1.0131871628251037,1.8916332055209557,2.927004272969448,0.5,10,-0.9930468617806637,RF,Apul
FUN_022975_102022,39,6,6,6,5-fold,-0.4475624387879152,0.2867383791818927,-0.09447620142556903,0.06816664659382596,855.2612866073863,0.1,0,-0.09447620142556903,ElasticNet,Apul
FUN_038815_183216,39,6,6,6,5-fold,0.08886444936994335,0.19712305192807086,-0.3577073983389726,0.2551453792289526,2.0986750166565784,0.5,6,0.08886444936994335,RF,Apul
FUN_025950_118571,39,4,4,4,5-fold,-0.5851427532323819,0.4872923074918116,-0.45152186779750564,0.29578186996676276,781.8957380447359,0.1,0,-0.45152186779750564,ElasticNet,Apul
FUN_023073_102692,39,9,7,7,5-fold,-0.7317287615985417,1.041615988169106,-0.46194620791813124,0.7115286183309029,0.2624753625359533,0.5,7,-0.46194620791813124,ElasticNet,Apul
FUN_022216_96606,39,20,9,9,5-fold,-0.5782998155902435,0.9282904625023711,-0.5911647454066857,1.0702497049704294,2.247919206631012,0.5,9,-0.5782998155902435,RF,Apul
FUN_024486_110948,39,27,19,19,5-fold,-0.1972587033330393,0.5203115498368632,-0.3058015128591195,0.7313803719132854,1.3264332994304426,0.5,19,-0.1972587033330393,RF,Apul
FUN_006639_31637,39,4,4,4,5-fold,-2.9859988418617025,5.406026622967911,-3.0584578305622716,5.9620035561155404,0.23747191384881294,0.5,4,-2.9859988418617025,RF,Apul
FUN_039773_186114,39,54,52,52,5-fold,-1.8833235666745396,2.8863933071003474,-2.3678800885346667,3.7812715358066855,18.04541333338632,0.9,37,-1.8833235666745396,RF,Apul
FUN_006864_32851,39,14,14,14,5-fold,-0.6539114501821901,0.5601282790897195,-1.0040006829796144,1.2000673377847606,0.30334956733843865,0.5,14,-0.6539114501821901,RF,Apul
FUN_008484_41302,39,8,3,3,5-fold,-4.808201369949082,8.772607187005338,-7.1064286352560915,13.757805684092922,100.81178331540664,0.99,1,-4.808201369949082,RF,Apul
FUN_020852_93181,39,5,5,5,5-fold,-1.1076341240900995,0.5765477268280401,-0.5394064680127281,0.2909599385406419,1824.0681856882952,0.1,0,-0.5394064680127281,ElasticNet,Apul
FUN_008907_43930,39,21,21,21,5-fold,-0.4562993936446766,0.5441252714360243,-0.6639555302676754,0.9556035526839979,11.492018184765412,0.1,21,-0.4562993936446766,RF,Apul
FUN_024775_112416,39,4,4,4,5-fold,-0.17238805180208963,0.21171200462260145,-0.16349760802671523,0.23431342698791177,2.3888499989651835,0.5,4,-0.16349760802671523,ElasticNet,Apul
FUN_038200_179136,39,11,11,11,5-fold,-138.40879693060998,211.20994561842642,-26.96066033948631,41.35014051891309,422.7711959273097,0.1,0,-26.96066033948631,ElasticNet,Apul
FUN_010895_51959,39,12,9,9,5-fold,-2.302481132994025,4.186265171384894,-2.000140972816124,3.5321671167321282,25.649987608377124,0.7,7,-2.000140972816124,ElasticNet,Apul
FUN_005366_26215,39,6,6,6,5-fold,-1.1318706377863517,1.0882300895483774,-0.8253931821507207,0.8743383582048652,721.7056168996606,0.1,0,-0.8253931821507207,ElasticNet,Apul
FUN_032150_146393,39,11,9,9,5-fold,-0.19958284539204005,0.160462693868147,-0.19228544538266734,0.21024906135676147,16.82135008152117,0.99,6,-0.19228544538266734,ElasticNet,Apul
FUN_032343_147700,39,18,15,15,5-fold,-3.366213462706122,6.97133371523666,-3.21964637758589,5.798657585176564,72.44406122452489,0.99,3,-3.21964637758589,ElasticNet,Apul
FUN_004664_21832,39,166,99,99,5-fold,-3.7294009292366006,5.894847929409323,-2.4462932533035753,3.37142864989463,263.8828701808137,0.99,4,-2.4462932533035753,ElasticNet,Apul
FUN_001668_9288,39,12,11,11,5-fold,-0.9174783727245159,0.6603099904392618,-1.0668311961931018,1.1663163755822223,1169.7009459364351,0.1,0,-0.9174783727245159,RF,Apul
FUN_032308_147482,39,12,9,9,5-fold,-34.48821356758823,68.15082070228516,-26.96136490808903,53.565342161924434,3.719538024276695,0.1,9,-26.96136490808903,ElasticNet,Apul
FUN_024471_110828,39,11,9,9,5-fold,-6.342045266591918,12.801511738435172,-4.4178417488433155,8.551939580444435,1.6602574648223472,0.9,8,-4.4178417488433155,ElasticNet,Apul
FUN_042327_199167,39,4,4,4,5-fold,-0.6545892002077045,0.8721325943596917,-0.8714230583083576,1.2688469651957561,10.630621133265612,0.1,4,-0.6545892002077045,RF,Apul
FUN_034854_159783,39,3,3,3,5-fold,0.11220186106389814,0.22238473118163035,0.26963025716631445,0.1985788160877021,0.6428193654649679,0.5,3,0.26963025716631445,ElasticNet,Apul
FUN_028941_132502,39,7,5,5,5-fold,-0.2836451308036666,0.2806264333353488,-0.05768927168353062,0.06890558712324622,1.6691961797742612,0.1,5,-0.05768927168353062,ElasticNet,Apul
FUN_004365_19727,39,2,2,2,5-fold,-0.4592873349001881,0.47104143980976937,-0.4282717529136827,0.6069000714953323,31.74611568850885,0.99,2,-0.4282717529136827,ElasticNet,Apul
FUN_043548_206495,39,9,7,7,5-fold,-0.6314474928978966,1.2491614379661844,-0.7359801267902553,0.9879445890334264,1016.8428839055964,0.1,0,-0.6314474928978966,RF,Apul
FUN_042810_200904,39,3,3,3,5-fold,-1.1566490200021387,1.2515862150620962,-1.0400008181849674,1.442095327257571,10.677673226140087,0.1,3,-1.0400008181849674,ElasticNet,Apul
FUN_028117_128516,39,22,20,20,5-fold,-1.1750680550004309,1.9555289638946305,-1.2636301412144035,1.7637126574523,786.1584224674501,0.1,0,-1.1750680550004309,RF,Apul
FUN_015977_76138,39,3,3,3,5-fold,-0.2203410291544078,0.1696993955210453,-0.20330254066876768,0.12402089257542896,26.345039590914777,0.9,3,-0.20330254066876768,ElasticNet,Apul
FUN_029108_133713,39,16,13,13,5-fold,-0.8241004337265465,1.1909412980362657,-2.269179042028821,2.7361143138046793,949.2086790431329,0.1,0,-0.8241004337265465,RF,Apul
FUN_004365_19732,39,2,2,2,5-fold,-0.6999886258723217,0.5932467622382132,-0.7191872439418369,0.4959393793584499,786.1755387755203,0.1,0,-0.6999886258723217,RF,Apul
FUN_038614_182241,39,46,31,31,5-fold,-0.3183256604958546,0.3567531727662137,-0.32849124257247647,0.20329521443937834,19.521023299129403,0.99,12,-0.3183256604958546,RF,Apul
FUN_025746_117160,39,4,4,4,5-fold,-6.805105188100169,13.096556067930287,-3.741290596371859,6.95746341609493,789.8980695776775,0.1,0,-3.741290596371859,ElasticNet,Apul
FUN_008533_41669,39,6,6,6,5-fold,-0.24610158830336526,0.506365872647427,-0.35360256417478453,0.42852218260792024,1237.528004116311,0.1,0,-0.24610158830336526,RF,Apul
FUN_032075_145804,39,2,2,2,5-fold,-0.41312362350962084,0.3815686559975941,-0.20633949251931255,0.1331948108296256,739.0921948370808,0.1,0,-0.20633949251931255,ElasticNet,Apul
FUN_000607_3097,39,4,3,3,5-fold,-4.4936497782482725,8.574974097171287,-3.525355821061285,6.803094431649379,0.5238670924851024,0.5,3,-3.525355821061285,ElasticNet,Apul
FUN_034828_159446,39,8,5,5,5-fold,-1.067167107645702,1.2625457920607268,-0.7855319248625342,1.1128693967991403,587.738365122089,0.1,0,-0.7855319248625342,ElasticNet,Apul
FUN_035734_165104,39,15,15,15,5-fold,-0.44790808643514196,0.5949605585757747,-0.37543028734816064,0.699665408168269,2.472039613265692,0.5,15,-0.37543028734816064,ElasticNet,Apul
FUN_018523_87719,39,16,16,16,5-fold,-0.935020701956549,1.2129931668488207,-0.6152648180817911,0.8894424115228822,2.918771761436895,0.5,16,-0.6152648180817911,ElasticNet,Apul
FUN_016986_82207,39,13,10,10,5-fold,-38481.36048201807,76883.35523718504,-20511.14431546051,40867.21390891913,549.8344808517315,0.1,0,-20511.14431546051,ElasticNet,Apul
FUN_006996_33858,39,5,5,5,5-fold,-2.92318579049388,4.955068608930857,-2.9752243752109737,5.617045927254072,107.6759543020436,0.1,5,-2.92318579049388,RF,Apul
FUN_024752_112306,39,2,2,2,5-fold,-1.4665648030505736,1.4770233429148933,-0.7601738712118948,0.8318320223047714,307.4734977877086,0.1,0,-0.7601738712118948,ElasticNet,Apul
FUN_029277_134890,39,23,13,13,5-fold,-0.8478393851337559,1.0414232904954999,-1.2648876838197243,1.9601581151154932,17.08746593033932,0.99,10,-0.8478393851337559,RF,Apul
FUN_012177_58092,39,4,4,4,5-fold,-0.4730889204747844,1.1105498945812238,-0.34893950635970583,0.5164763134436845,77.6267011549988,0.99,1,-0.34893950635970583,ElasticNet,Apul
FUN_029045_133214,39,2,2,2,5-fold,-0.5756611403888579,0.4120486257184709,-0.4398031482136666,0.37774794681428275,173.45757215160887,0.1,0,-0.4398031482136666,ElasticNet,Apul
FUN_010968_52421,39,8,5,5,5-fold,-0.31695681812166276,0.3944524068420731,-0.21248370333601319,0.18886243370567782,1008.6652956424432,0.1,0,-0.21248370333601319,ElasticNet,Apul
FUN_033999_155299,39,14,14,14,5-fold,-2.1779679823363662,2.2389825197191553,-1.5690869064498159,1.804695024026544,1659.019970063195,0.1,0,-1.5690869064498159,ElasticNet,Apul
FUN_025984_118761,39,4,3,3,5-fold,-0.22083657204910442,0.7837853498690038,-0.08100494764267989,0.21010938426703932,1.6005988038014167,0.5,3,-0.08100494764267989,ElasticNet,Apul
FUN_006162_29230,39,18,18,18,5-fold,-1.023119055799414,1.3219001673400899,-0.6134019386083798,0.9804678208268041,1020.4429297697308,0.1,0,-0.6134019386083798,ElasticNet,Apul
FUN_023364_104782,39,27,27,27,5-fold,-2.815564939251053,5.381906331834766,-2.380520998087284,4.501759715143196,169.67811802903523,0.99,1,-2.380520998087284,ElasticNet,Apul
FUN_037843_176053,39,14,14,14,5-fold,-2.0011538987104425,3.1860736451400826,-1.627153337615504,2.7211465318952777,41.90383942778981,0.99,5,-1.627153337615504,ElasticNet,Apul
FUN_008008_38177,39,20,17,17,5-fold,-13.576585293937303,24.749376626917083,-13.788170858412524,26.166228428308184,13.629779916301532,0.95,9,-13.576585293937303,RF,Apul
FUN_032147_146376,39,13,9,9,5-fold,-5.327381307448896,9.411396800364306,-5.41675251905289,10.038175137627936,0.3712842619448517,0.5,9,-5.327381307448896,RF,Apul
FUN_008293_39889,39,5,2,2,5-fold,-0.6885827252424134,1.1741988587437147,-0.5508406884429884,0.9778765039014045,767.3071944366731,0.1,0,-0.5508406884429884,ElasticNet,Apul
FUN_008484_41311,39,13,9,9,5-fold,-2.7393621302182543,4.729243354703549,-2.6647569812880336,5.0180414731923895,447.5003404148229,0.1,0,-2.6647569812880336,ElasticNet,Apul
FUN_040059_188062,39,5,5,5,5-fold,-0.6604855719129638,1.0887210062946877,-0.5594663649187666,0.7087965356035527,35.41691451444975,0.99,3,-0.5594663649187666,ElasticNet,Apul
FUN_001658_9209,39,8,6,6,5-fold,-0.6583649387644975,0.5564298949099932,-0.5315435323107947,0.40950830483231315,427.6615829697934,0.5,0,-0.5315435323107947,ElasticNet,Apul
FUN_022195_96360,39,2,2,2,5-fold,-0.6459970730874195,0.36094469151093395,-0.3999909802272605,0.29809311871868316,5.196473734069786,0.1,2,-0.3999909802272605,ElasticNet,Apul
FUN_037916_176637,39,11,11,11,5-fold,-4.863264956091449,9.230139874925294,-4.250863940995553,8.223469727738829,1232.7920184825587,0.1,0,-4.250863940995553,ElasticNet,Apul
FUN_024588_111534,39,21,15,15,5-fold,-3.1359538007073278,4.395321485499377,-2.784511791258029,4.130093569421693,26.06293189891746,0.99,11,-2.784511791258029,ElasticNet,Apul
FUN_011756_54960,39,3,3,3,5-fold,-0.4512294023163129,0.26237767427474773,-0.2991625686414632,0.174164725429171,552.6989300487538,0.1,0,-0.2991625686414632,ElasticNet,Apul
FUN_036092_167440,39,75,55,55,5-fold,-0.9957903749131974,1.54149118763299,-0.5940100241636326,0.720609934364438,20.79275339144754,0.9,45,-0.5940100241636326,ElasticNet,Apul
FUN_041505_193866,39,9,9,9,5-fold,-0.7853479640652651,0.9629171769985339,-0.42312714970105814,0.700401027733125,100.06794782909395,0.99,1,-0.42312714970105814,ElasticNet,Apul
FUN_037964_176978,39,5,5,5,5-fold,-0.5338340816702997,0.5263986357111362,-0.4638493605037423,0.35285351376945406,37.74327815036091,0.99,1,-0.4638493605037423,ElasticNet,Apul
FUN_000411_1943,39,12,9,9,5-fold,-0.1499557313786287,0.09514895081026882,-0.07480028539116557,0.09334802568391931,596.4746889296861,0.1,0,-0.07480028539116557,ElasticNet,Apul
FUN_004445_20297,39,9,8,8,5-fold,-3.476329931044192,3.8433691437265196,-1.2120451308944413,1.3898184221105863,249.43134959554408,0.1,0,-1.2120451308944413,ElasticNet,Apul
FUN_006162_29233,39,5,5,5,5-fold,-0.1861174862054391,0.16415347821926934,-0.09010279054063708,0.13404337336080543,607.175903283986,0.1,0,-0.09010279054063708,ElasticNet,Apul
FUN_037567_174429,39,2,2,2,5-fold,-0.21282373822458248,0.4282211007014004,-0.28029627837884574,0.33790735130044336,660.1642438437544,0.1,0,-0.21282373822458248,RF,Apul
FUN_022682_100219,39,4,4,4,5-fold,-0.40681614344319544,0.4648160038550775,-0.10890421027294375,0.17050200965663206,3.198568116609465,0.1,4,-0.10890421027294375,ElasticNet,Apul
FUN_005336_26003,39,8,7,7,5-fold,-0.6987071102495225,0.80459995064391,-2.5834862790608435,3.1961029809172237,0.3203503755637334,0.7,7,-0.6987071102495225,RF,Apul
FUN_031646_143191,39,2,2,2,5-fold,-0.39221764412432225,0.444622411872589,-0.06572883465300979,0.13451054772093934,32.9233145262155,0.99,1,-0.06572883465300979,ElasticNet,Apul
FUN_035805_165601,39,7,7,7,5-fold,-1.7793154636102038,3.051238134242661,-0.7946658426482526,1.3358718851614275,2.5738330371096545,0.1,7,-0.7946658426482526,ElasticNet,Apul
FUN_004866_23265,39,8,6,6,5-fold,-0.363549820926262,0.4389678378785576,-0.6217323828744173,0.4980913788272206,1586.7371521799757,0.1,0,-0.363549820926262,RF,Apul
FUN_007151_34939,39,12,12,12,5-fold,-0.8192494367231327,0.6610001367675172,-0.23129291615938366,0.15137346409328348,738.2601411460315,0.1,0,-0.23129291615938366,ElasticNet,Apul
FUN_028149_128702,39,7,7,7,5-fold,-0.8415944118403015,0.8910812085998487,-0.7399364355899387,0.6405815337753495,159.64664365180673,0.99,1,-0.7399364355899387,ElasticNet,Apul
FUN_023560_105993,39,10,10,10,5-fold,-2.75368589028677,4.468323033017914,-1.0951481458595367,2.0262958988307647,635.6111845375839,0.1,0,-1.0951481458595367,ElasticNet,Apul
FUN_015063_72351,39,3,3,3,5-fold,-0.8096133403544267,0.977931728813088,-0.8135491630663918,1.2211819539509543,6.732425695444564,0.5,3,-0.8096133403544267,RF,Apul
FUN_041173_192630,39,2,2,2,5-fold,-1.9776629909347665,3.546520108983425,-2.5601940934485286,4.932694863307348,10.00624149359803,0.99,2,-1.9776629909347665,RF,Apul
FUN_012184_58219,39,7,7,7,5-fold,-0.6975954227185233,0.6378040236013238,-0.5051606358377605,0.4378562198175142,1200.4096691267416,0.1,0,-0.5051606358377605,ElasticNet,Apul
FUN_038175_178928,39,3,3,3,5-fold,-3.35673471642707,6.030895084308677,-1.5261507174682112,2.278164266875973,9.75812664537753,0.1,3,-1.5261507174682112,ElasticNet,Apul
FUN_012074_57275,39,36,22,22,5-fold,-1.5024040922636075,2.279731752770423,-0.734372741903203,1.3594667690349054,4.310362502556317,0.7,20,-0.734372741903203,ElasticNet,Apul
FUN_038297_180042,39,24,24,24,5-fold,-1.111659420839967,1.5150447733439538,-0.7620840559336651,1.190086559937173,83.28888349037013,0.99,2,-0.7620840559336651,ElasticNet,Apul
FUN_008890_43850,39,15,15,15,5-fold,-0.4087914246001021,0.34110392776736265,-0.20774854899729328,0.2538957625638861,816.370966069122,0.1,0,-0.20774854899729328,ElasticNet,Apul
FUN_039086_184119,39,10,9,9,5-fold,-0.6602008551775319,1.2197132551133198,-0.8833531564259992,1.5303700331956263,93.13852054929987,0.5,4,-0.6602008551775319,RF,Apul
FUN_019335_90577,39,7,7,7,5-fold,-2.815872816298994,4.651692741877745,-0.8200615991704984,1.2179748150391825,24.05873799088138,0.9,5,-0.8200615991704984,ElasticNet,Apul
FUN_038339_180395,39,20,19,19,5-fold,-1.1341930514971885,2.3216991278072543,-1.0359579063433675,1.9714640796654221,11.193488346877237,0.1,19,-1.0359579063433675,ElasticNet,Apul
FUN_025741_117140,39,6,6,6,5-fold,-0.43328576915251593,0.47398637737528504,-0.3478380787073191,0.2928846752004765,68.54816916754326,0.9,2,-0.3478380787073191,ElasticNet,Apul
FUN_031179_140796,39,12,12,12,5-fold,-2.3032965680576973,3.6149963571308494,-1.6178495208438992,2.8099408069044203,19.33603638894289,0.9,7,-1.6178495208438992,ElasticNet,Apul
FUN_039287_184686,39,6,6,6,5-fold,-2.289894873748157,4.407452727935517,-0.8371331905274578,1.104970336509542,692.6273749327459,0.1,0,-0.8371331905274578,ElasticNet,Apul
FUN_004469_20533,39,7,4,4,5-fold,-2.375765151111175,3.517117573611027,-2.4914137072664033,3.7466497953560904,11.972734877327843,0.1,4,-2.375765151111175,RF,Apul
FUN_002357_11900,39,23,23,23,5-fold,-8.383679872660883,16.073720117930737,-3.0814682548760954,5.984837223918202,1152.2690119528158,0.1,0,-3.0814682548760954,ElasticNet,Apul
FUN_016314_78298,39,3,3,3,5-fold,-1.3991331068199453,1.9584465585586828,-0.4080947931681118,0.7899711228971836,1.3925791520052522,0.1,3,-0.4080947931681118,ElasticNet,Apul
FUN_035945_166571,39,2,2,2,5-fold,-0.675654103126024,1.0118523775079935,-0.3178393604612276,0.42288696343355403,837.2563376337932,0.1,0,-0.3178393604612276,ElasticNet,Apul
FUN_035667_164761,39,2,2,2,5-fold,-0.7958117749094147,1.2438953305668545,-0.3553669469637631,0.47518714300255915,1.7243970983023038,0.1,2,-0.3553669469637631,ElasticNet,Apul
FUN_008302_39941,39,11,8,8,5-fold,-0.8271886959053371,1.1975047748564713,-1.735742931156522,2.2985391393450016,8.496044311024683,0.99,6,-0.8271886959053371,RF,Apul
FUN_012177_58095,39,13,13,13,5-fold,-0.5036344719343274,0.7871056218407111,-0.35332471523395675,0.6089584258468409,1.0666682279749158,0.5,13,-0.35332471523395675,ElasticNet,Apul
FUN_006567_31148,39,3,3,3,5-fold,-3.2542530190351164,5.5847811957644975,-2.135559283435014,3.7414142393747585,556.7564445898245,0.1,0,-2.135559283435014,ElasticNet,Apul
FUN_038291_179991,39,61,44,44,5-fold,-0.2845197448691543,0.34889680140492424,-0.4233589630924624,0.5430347883489236,2.282755447201393,0.1,44,-0.2845197448691543,RF,Apul
FUN_023383_104901,39,4,3,3,5-fold,-2.372328352633979,2.114906186116125,-2.1582524680214874,2.7966749579608168,471.6293578390221,0.1,0,-2.1582524680214874,ElasticNet,Apul
FUN_022644_99791,39,5,3,3,5-fold,-8.785910317621164,17.235401937631657,-9.575016593970545,18.74518242495398,300.28699527812626,0.1,0,-8.785910317621164,RF,Apul
FUN_016396_79167,39,7,7,7,5-fold,-25.912637664255385,51.02804973238538,-10.16959665801249,19.679866699197227,200.01421988698482,0.99,1,-10.16959665801249,ElasticNet,Apul
FUN_025984_118752,39,8,8,8,5-fold,-0.15380053149586204,0.452573950528416,-0.28632382834855324,0.493916523314535,8.343522820209602,0.95,7,-0.15380053149586204,RF,Apul
FUN_008450_41050,39,17,17,17,5-fold,-2.752413644054617,3.936520783028327,-1.8644893105985325,3.4504091240165105,706.7000644106549,0.1,0,-1.8644893105985325,ElasticNet,Apul
FUN_006166_29298,39,8,8,8,5-fold,-0.9411456828918354,0.6717051642802351,-0.37674931383163135,0.36194633628647505,1429.3044334492445,0.1,0,-0.37674931383163135,ElasticNet,Apul
FUN_001472_7894,39,7,7,7,5-fold,-0.44545713295015144,0.43864854605375814,-0.30731538254629753,0.49580050388718816,22.80420720451577,0.99,4,-0.30731538254629753,ElasticNet,Apul
FUN_012684_61397,39,2,2,2,5-fold,-2.1292468760305896,4.11222284055702,-3.0093176734315215,5.582938574558488,701.2091937615915,0.1,0,-2.1292468760305896,RF,Apul
FUN_040671_190960,39,8,6,6,5-fold,-3.1781475234050194,5.600681257971146,-2.9322647999781113,5.453250401973518,120.4998631259486,0.5,3,-2.9322647999781113,ElasticNet,Apul
FUN_041498_193810,39,5,5,5,5-fold,-2.33473808666435,4.196968575722072,-2.1969952103096775,4.1253832566959,1157.4786186336923,0.1,0,-2.1969952103096775,ElasticNet,Apul
FUN_010787_51288,39,24,21,21,5-fold,-0.383887012388585,0.33033534816066523,-0.25598443801403525,0.362386667044704,2.4175207404466135,0.7,19,-0.25598443801403525,ElasticNet,Apul
FUN_011416_53917,39,5,5,5,5-fold,-0.383070014419531,0.4991640652589429,-0.1696625760146876,0.22977817863889508,22.795169659530185,0.95,5,-0.1696625760146876,ElasticNet,Apul
FUN_043505_206230,39,3,3,3,5-fold,-0.586641322630282,0.5913014549273689,-0.0755771041756379,0.09310895536750861,901.4978729304169,0.1,0,-0.0755771041756379,ElasticNet,Apul
FUN_042817_201010,39,7,7,7,5-fold,-3.9393401040225813,7.188064711237901,-3.2654114819284303,6.198485869919408,2.832144473447531,0.1,7,-3.2654114819284303,ElasticNet,Apul
FUN_016995_82255,39,31,25,25,5-fold,-0.5610172509512421,0.6854742803507784,-0.09906649186774515,0.09555757608748179,126.66374391121538,0.99,2,-0.09906649186774515,ElasticNet,Apul
FUN_026013_119148,39,11,11,11,5-fold,-1.330365309987604,2.349200930794887,-0.7262238331485603,0.9752082838779104,9.013934584089583,0.1,11,-0.7262238331485603,ElasticNet,Apul
FUN_023634_106467,39,6,6,6,5-fold,-2.4098572693569125,4.014170322147818,-0.9200560654683922,1.1362398457912746,96.26587299306074,0.99,1,-0.9200560654683922,ElasticNet,Apul
FUN_022566_99145,39,14,14,14,5-fold,-0.6947864712807647,0.943894575957228,-0.35063185671120534,0.6213627601835718,951.9516535127816,0.1,0,-0.35063185671120534,ElasticNet,Apul
FUN_003163_14608,39,2,2,2,5-fold,-0.6553183545950703,0.6811259712058496,-1.6820223643039338,2.6521971524293977,17.794819122096275,0.9,2,-0.6553183545950703,RF,Apul
FUN_027850_126995,39,19,19,19,5-fold,-1.4116153490782986,2.505468092799292,-2.398245535621628,4.41195283996502,162.44615500986163,0.1,16,-1.4116153490782986,RF,Apul
FUN_022780_100710,39,5,5,5,5-fold,-0.7522564109980815,1.0701785595090332,-0.6813138503824753,0.8822315223370749,33.064991068604776,0.1,5,-0.6813138503824753,ElasticNet,Apul
FUN_005372_26269,39,5,4,4,5-fold,-0.7163491776177404,1.0375087451610479,-1.1316052102818392,1.622954751610836,1.1494121664186592,0.1,4,-0.7163491776177404,RF,Apul
FUN_026023_119319,39,12,10,10,5-fold,-0.7923269592244088,0.9179530870486953,-0.6183236093887307,0.7724775144229766,0.737457922850821,0.5,10,-0.6183236093887307,ElasticNet,Apul
FUN_006688_31875,39,2,2,2,5-fold,-0.986944801054773,1.331412857044019,-1.3595917300386675,1.589464684010824,0.9444058953162155,0.5,2,-0.986944801054773,RF,Apul
FUN_035672_164785,39,5,5,5,5-fold,-0.6519775375291926,0.5195884144992295,-0.3973918024890672,0.49330621433744476,705.9137360686572,0.1,0,-0.3973918024890672,ElasticNet,Apul
FUN_042008_198005,39,19,17,17,5-fold,-4.3079696703865,7.187719863763577,-5.769665376164735,10.217428245943516,31.007795641372912,0.95,7,-4.3079696703865,RF,Apul
FUN_024034_108354,39,5,5,5,5-fold,-2.124662709059689,2.5633785051533167,-1.2809764421778955,1.645122045553552,5.988414236401009,0.1,5,-1.2809764421778955,ElasticNet,Apul
FUN_004889_23446,39,5,5,5,5-fold,-1.237234984759985,1.8155829796787608,-0.7111549260166584,1.1450233533914487,22.54495968837698,0.1,5,-0.7111549260166584,ElasticNet,Apul
FUN_036100_167503,39,32,28,28,5-fold,-0.4249555041782472,0.7084608982716071,-0.4664480192071224,1.0208483252882565,0.8192309441983862,0.7,27,-0.4249555041782472,RF,Apul
FUN_043569_206699,39,4,4,4,5-fold,-0.5281312077724044,0.5073111736962606,-0.1450573386250235,0.237044569713017,21.161914362524982,0.99,3,-0.1450573386250235,ElasticNet,Apul
FUN_022291_97141,39,9,9,9,5-fold,-0.22595927387921194,0.1552844285108801,-0.2345727090541446,0.18178563148544039,1.9824515370752112,0.5,9,-0.22595927387921194,RF,Apul
FUN_041785_196184,39,12,8,8,5-fold,-2.6281518733136027,2.70573251641768,-1.8096389528168544,1.8235357193213115,32.63350037136925,0.99,5,-1.8096389528168544,ElasticNet,Apul
FUN_024776_112424,39,3,3,3,5-fold,-0.25822578669606067,0.23537115533882005,-0.13296130391842756,0.09175110476085964,5.9267844267554,0.1,3,-0.13296130391842756,ElasticNet,Apul
FUN_038069_177923,39,3,3,3,5-fold,-0.26428429269008946,0.20566070031540587,-0.3290859270381218,0.332662991664231,426.1767941598471,0.1,0,-0.26428429269008946,RF,Apul
FUN_032004_145337,39,6,6,6,5-fold,-0.6292163060252307,0.7336749625898884,-0.2926642857964733,0.402444582236396,886.0283043283241,0.1,0,-0.2926642857964733,ElasticNet,Apul
FUN_004094_17801,39,11,11,11,5-fold,-2.9489910891411997,5.223696134167489,-1.9175003121015533,3.6712495427151195,1063.929022443842,0.1,0,-1.9175003121015533,ElasticNet,Apul
FUN_040032_187810,39,5,5,5,5-fold,-0.9022326616856626,0.842355579417076,-0.4907046722006642,0.5097102286775502,65.50670541030516,0.95,3,-0.4907046722006642,ElasticNet,Apul
FUN_043436_205777,39,13,9,9,5-fold,-2.4196085475559976,3.817751278646081,-2.592188317894545,4.247857742427904,0.8882485310306628,0.5,9,-2.4196085475559976,RF,Apul
FUN_022374_97713,39,10,10,10,5-fold,-0.9554166007951677,0.8217852931942086,-0.9864650710710954,1.8268991143006854,1.9979668171661065,0.5,10,-0.9554166007951677,RF,Apul
FUN_041486_193717,39,10,6,6,5-fold,-119.85596176536899,238.44634347632737,-78.43879945175851,156.53599018190582,8.760710826963464,0.95,5,-78.43879945175851,ElasticNet,Apul
FUN_038137_178447,39,2,2,2,5-fold,-2.590799652972227,5.104092347123757,-7.5315595341947885,14.655947669856909,420.54966897926585,0.1,0,-2.590799652972227,RF,Apul
FUN_016131_77264,39,19,13,13,5-fold,-1.5617340262119028,2.4288401284363488,-0.8775427089898885,1.2067264524270112,104.72992372894592,0.99,1,-0.8775427089898885,ElasticNet,Apul
FUN_037974_177073,39,3,3,3,5-fold,-11.592298049570598,22.433114581142238,-10.656833383556677,21.091386600230805,964.1271927100265,0.1,0,-10.656833383556677,ElasticNet,Apul
FUN_002102_11115,39,8,5,5,5-fold,-0.3724824986234496,0.4061760793053261,-0.5179277986975597,0.7282178691336557,998.8770019501045,0.1,0,-0.3724824986234496,RF,Apul
FUN_004989_24053,39,2,2,2,5-fold,-3.1375734112605924,5.544185154090129,-2.165719104680016,4.1348690331469395,3.415342570842724,0.1,2,-2.165719104680016,ElasticNet,Apul
FUN_038273_179775,39,2,2,2,5-fold,-0.940168398028381,0.9959770525888327,-0.9369319393299314,1.2138747458482753,620.7723778413055,0.1,0,-0.9369319393299314,ElasticNet,Apul
FUN_001128_5454,39,14,11,11,5-fold,-2.0550543271078126,1.4584555814158886,-1.502543093293212,1.2644162014841733,41.80260875954372,0.95,5,-1.502543093293212,ElasticNet,Apul
FUN_024383_110174,39,2,2,2,5-fold,-0.2370381310740612,0.1279556050142755,-0.23387269857395596,0.15564872427540732,2.216070210038556,0.1,2,-0.23387269857395596,ElasticNet,Apul
FUN_031739_143836,39,65,52,52,5-fold,-0.45557843370249806,0.3824172653243694,-0.24120213333976182,0.15143475590868916,39.59838597927283,0.99,17,-0.24120213333976182,ElasticNet,Apul
FUN_024121_108768,39,27,19,19,5-fold,-9.325340651355052,18.493103928469143,-4.143805285654713,7.791551360842776,709.5054254699382,0.1,2,-4.143805285654713,ElasticNet,Apul
FUN_040444_190156,39,11,11,11,5-fold,-0.5418594268095824,0.3727030085813968,-0.4354872852955296,0.4263117649701771,3.707548938372818,0.1,11,-0.4354872852955296,ElasticNet,Apul
FUN_037765_175355,39,45,37,37,5-fold,-5.068678426208523,9.573067410648758,-3.268011619998943,6.391930406638553,1501.411597467484,0.1,0,-3.268011619998943,ElasticNet,Apul
FUN_038903_183556,39,5,5,5,5-fold,-0.330989383975653,0.45151087560247094,-0.22729171870108783,0.4874148352074463,3.7869944634885373,0.95,5,-0.22729171870108783,ElasticNet,Apul
FUN_015986_76244,39,10,3,3,5-fold,-6.215089799102083,7.054531142181913,-3.41698794493226,4.061341274024128,221.69287246290693,0.1,0,-3.41698794493226,ElasticNet,Apul
FUN_035930_166492,39,8,4,4,5-fold,-0.6429468736495652,0.8039606463165305,-0.5452228712121829,0.7872694248136531,652.8052418299685,0.1,0,-0.5452228712121829,ElasticNet,Apul
FUN_035888_166245,39,4,4,4,5-fold,-0.5279914521150315,0.6906202958721125,-0.17540457243970548,0.19431934952185914,986.4418620597498,0.1,0,-0.17540457243970548,ElasticNet,Apul
FUN_001648_9114,39,4,4,4,5-fold,-0.8005653804428979,0.8280875251171352,-0.5646924116557237,0.9624533303130792,38.78653247817751,0.95,3,-0.5646924116557237,ElasticNet,Apul
FUN_038245_179542,39,6,3,3,5-fold,-1.013638053505494,1.7452046094629028,-1.0174106957548514,1.5217486023186677,1350.086690564377,0.1,0,-1.013638053505494,RF,Apul
FUN_011810_55482,39,5,5,5,5-fold,-1.421518398852575,1.4864428146140722,-2.538406683536257,3.1713762556410514,407.5805974298159,0.1,4,-1.421518398852575,RF,Apul
FUN_025984_118753,39,10,10,10,5-fold,-0.27975736553873953,0.7299475203832553,-0.13200287338968347,0.12930201543628572,15.634966107107628,0.99,6,-0.13200287338968347,ElasticNet,Apul
FUN_010792_51311,39,36,23,23,5-fold,-0.9492467394882272,0.9819681820421072,-0.5225474575122736,0.5309460263869977,6.8002551939419975,0.1,23,-0.5225474575122736,ElasticNet,Apul
FUN_035888_166243,39,3,3,3,5-fold,-1.0332989571083675,1.10353066149553,-0.46190832591489867,0.6336711190643076,1169.1760934865013,0.1,0,-0.46190832591489867,ElasticNet,Apul
FUN_004291_19137,39,9,9,9,5-fold,-0.3060637651658083,0.88212936312694,-0.2969235905491505,0.3571011405198211,1966.9157431708838,0.1,0,-0.2969235905491505,ElasticNet,Apul
FUN_001415_7442,39,9,9,9,5-fold,-0.2690847410265449,0.6553318568238294,-0.6939224412839616,1.210356311157529,2.3421020296599484,0.1,9,-0.2690847410265449,RF,Apul
FUN_024765_112383,39,10,10,10,5-fold,-93.02535696785074,184.6668919996981,-63.076876716353084,125.7364462914279,590.134250741754,0.1,0,-63.076876716353084,ElasticNet,Apul
FUN_010913_51994,39,7,4,4,5-fold,-1.053348004128694,1.4415534961110226,-1.1656074655636024,2.0680083679718155,583.0879712935242,0.1,0,-1.053348004128694,RF,Apul
FUN_043008_202393,39,5,5,5,5-fold,-0.6919398174454096,0.9540015020480839,-0.4005752978156088,0.7460205316338818,4.7376567566715035,0.9,5,-0.4005752978156088,ElasticNet,Apul
FUN_033018_151312,39,17,5,5,5-fold,-0.08518688650259261,0.5082011063860912,-0.10829895563866283,0.07977988412665803,1078.5686797892529,0.1,0,-0.08518688650259261,RF,Apul
FUN_025367_114940,39,5,2,2,5-fold,-1.132713365409952,1.7370775939873924,-1.1284026107329528,1.8012463531202896,4.334097828597816,0.1,2,-1.1284026107329528,ElasticNet,Apul
FUN_026491_122132,39,12,12,12,5-fold,-0.5853295245972093,0.5144658103583514,-0.3585164573165152,0.4740543413422227,918.1895281056036,0.1,0,-0.3585164573165152,ElasticNet,Apul
FUN_035129_161663,39,5,5,5,5-fold,-1.5804170247409854,1.8381358038825033,-1.2702246721668546,1.5838161176983518,2.5053111662338026,0.1,5,-1.2702246721668546,ElasticNet,Apul
FUN_007022_34050,39,19,19,19,5-fold,-0.17085937969983186,0.6118895951042871,-0.10562546712956578,0.5047628415859141,2.682298552354581,0.1,19,-0.10562546712956578,ElasticNet,Apul
FUN_036029_166969,39,6,6,6,5-fold,-1.4838836220236042,1.9162405784481107,-1.0675993396534624,1.413004672419729,2.3257426539426853,0.1,6,-1.0675993396534624,ElasticNet,Apul
FUN_041711_195572,39,3,3,3,5-fold,-0.4796420570769939,0.7682317367677169,-0.23151872718690852,0.37306026608159515,2.2317432707140497,0.1,3,-0.23151872718690852,ElasticNet,Apul
FUN_043238_203998,39,2,2,2,5-fold,-4.84615368112508,9.062929299705319,-2.482461910947629,4.670041850817551,625.0988498133601,0.1,0,-2.482461910947629,ElasticNet,Apul
FUN_009308_45979,39,11,5,5,5-fold,-0.9269873045761899,1.6214821388019924,-2.4002366306748444,3.4891157319867987,2.8835393029332272,0.1,5,-0.9269873045761899,RF,Apul
FUN_014916_71166,39,12,11,11,5-fold,-1.1221148448890454,1.4415780219712608,-0.7040853205599835,0.8961016539382055,10.748444229149495,0.7,11,-0.7040853205599835,ElasticNet,Apul
FUN_004008_17107,39,10,9,9,5-fold,-1.3889021003444477,2.0948918866461903,-1.2675703361894644,2.2861671532133716,557.2455899989857,0.1,0,-1.2675703361894644,ElasticNet,Apul
FUN_032394_148083,39,10,9,9,5-fold,-0.4594794340988531,0.6172757014940692,-0.2473186588350138,0.2787068445952112,8.776838263350268,0.1,9,-0.2473186588350138,ElasticNet,Apul
FUN_038312_180207,39,4,4,4,5-fold,-1.1943475719255656,2.2788173233231075,-1.3076516827711724,1.7802772559213977,11.629891010625856,0.1,4,-1.1943475719255656,RF,Apul
FUN_025780_117422,39,5,5,5,5-fold,-0.8025984281072663,0.5599952424957075,-0.5839154961801022,0.3017661563089918,4.0839960260954715,0.1,5,-0.5839154961801022,ElasticNet,Apul
FUN_006619_31375,39,13,9,9,5-fold,-3.4192081015767903,5.995178512045821,-3.934095734974245,7.786973240572359,1509.7972486713206,0.1,0,-3.4192081015767903,RF,Apul
FUN_012676_61330,39,10,10,10,5-fold,-6.034848975517901,11.327376529193728,-4.399071297354471,8.24405883116317,34.839394923061306,0.99,6,-4.399071297354471,ElasticNet,Apul
FUN_026080_119749,39,4,4,4,5-fold,-0.8355713496572257,0.7814602533076155,-0.5506048019853516,0.7643658664158549,1.702043816817591,0.5,4,-0.5506048019853516,ElasticNet,Apul
FUN_041750_195880,39,4,4,4,5-fold,-12.83025413471768,25.06065701707574,-7.338461970734947,14.491935130906224,955.0235855989,0.1,0,-7.338461970734947,ElasticNet,Apul
FUN_014487_67951,39,64,52,52,5-fold,-0.5749841950263845,0.8513378202023142,-0.5491239258145459,0.5307312423163922,1.1766669622325427,0.5,52,-0.5491239258145459,ElasticNet,Apul
FUN_016396_79168,39,5,5,5,5-fold,-6.5233669941846895,12.222137576559124,-4.05705356901858,7.551063270005434,24.507113621615424,0.99,3,-4.05705356901858,ElasticNet,Apul
FUN_038418_181005,39,12,12,12,5-fold,-0.07321767250031233,0.46487662399809093,-0.2997488509758131,0.1551198553649468,1140.832451041745,0.1,0,-0.07321767250031233,RF,Apul
FUN_025780_117421,39,7,7,7,5-fold,-0.5130109947884098,0.5803294530482862,-0.4535263259864304,0.5123330239255297,23.797418802669185,0.99,6,-0.4535263259864304,ElasticNet,Apul
FUN_035821_165715,39,3,3,3,5-fold,-0.3077725776015986,0.2199440518888595,-0.10119080811776633,0.07874050651296989,5.3261630406602265,0.1,3,-0.10119080811776633,ElasticNet,Apul
FUN_014680_69329,39,10,9,9,5-fold,-8.017691940926355,15.62061586591564,-6.690230912243552,13.155261856759978,17.708414165649053,0.99,6,-6.690230912243552,ElasticNet,Apul
FUN_039811_186333,39,3,3,3,5-fold,-0.9669460863751563,0.9479860757148676,-0.5632163288133375,0.5078985197020289,548.5119900201253,0.1,0,-0.5632163288133375,ElasticNet,Apul
FUN_028970_132637,39,7,7,7,5-fold,-1.411010672548553,1.1441290505506305,-0.8628667713460176,0.8401779317363596,1003.3954458223956,0.1,0,-0.8628667713460176,ElasticNet,Apul
FUN_028299_129668,39,19,19,19,5-fold,-10.654371798488492,18.949684687070338,-9.14601447705771,14.66860938422356,4.063403291034276,0.1,19,-9.14601447705771,ElasticNet,Apul
FUN_035263_162567,39,18,13,13,5-fold,-0.2499945339987911,0.7824958218695545,-0.3046442813313249,0.5856365907508604,10.036649349076031,0.95,10,-0.2499945339987911,RF,Apul
FUN_002661_13277,39,38,31,31,5-fold,-0.5214369777061341,0.6071089348233752,-0.8534374953416444,1.011257729238244,196.41244275263628,0.95,1,-0.5214369777061341,RF,Apul
FUN_015243_73531,39,15,11,11,5-fold,-4.061085476942624,7.844896002248617,-0.4806363259894706,0.8047840796058797,670.4773700850011,0.1,0,-0.4806363259894706,ElasticNet,Apul
FUN_008533_41672,39,14,10,10,5-fold,-0.6251089358267425,0.956525932339005,-0.6921241254208831,1.1023999914607767,769.6766023978057,0.1,0,-0.6251089358267425,RF,Apul
FUN_011710_54653,39,12,10,10,5-fold,-0.5425106825767765,0.38145440380444107,-1.4912516731905503,2.3686314736239895,1.4012736789586409,0.5,10,-0.5425106825767765,RF,Apul
FUN_025299_114325,39,67,51,51,5-fold,-1.1165063600728735,1.4874361072104119,-0.7469000131947404,0.8035270019666495,184.67402748700067,0.99,1,-0.7469000131947404,ElasticNet,Apul
FUN_006864_32850,39,14,14,14,5-fold,-0.5610321521457547,0.26578848526547316,-0.3782432137457212,0.2697795333092479,1737.7653068942657,0.1,0,-0.3782432137457212,ElasticNet,Apul
FUN_026173_120293,39,3,3,3,5-fold,-0.7469467423476576,0.552051876379014,-0.520312681179077,0.6070249374647732,1314.7610969978189,0.1,0,-0.520312681179077,ElasticNet,Apul
FUN_008194_39339,39,2,2,2,5-fold,-0.5989804592507566,0.4790386242707092,-0.503392749077481,0.4547734203942825,29.73870440024064,0.99,2,-0.503392749077481,ElasticNet,Apul
FUN_024943_113206,39,7,7,7,5-fold,-8.01718846769217,15.834776829756507,-7.169113165444097,14.339132707753823,43.603866955840516,0.99,3,-7.169113165444097,ElasticNet,Apul
FUN_038312_180210,39,10,10,10,5-fold,-1.7269899232240113,2.354522506774493,-2.1754234241095665,3.8727712679718476,15.771647466134645,0.1,10,-1.7269899232240113,RF,Apul
FUN_002102_11116,39,7,7,7,5-fold,-0.31591442796895935,0.515484837989618,-0.36708730415381263,0.5912945170652846,12.575946537586534,0.99,6,-0.31591442796895935,RF,Apul
FUN_043436_205776,39,2,2,2,5-fold,-1.4359739277017103,2.2521532263481734,-1.3142534045104146,2.3149856471050962,0.15475103230626006,0.5,2,-1.3142534045104146,ElasticNet,Apul
FUN_025984_118718,39,4,4,4,5-fold,-0.5074922321898928,0.4118259588249826,-0.2894463887587684,0.40705486164118054,662.3336941814589,0.1,0,-0.2894463887587684,ElasticNet,Apul
FUN_016130_77253,39,2,2,2,5-fold,-0.8987760262905671,0.8324766665795541,-0.6107979325173541,0.7779146371351319,1198.9586462657774,0.1,0,-0.6107979325173541,ElasticNet,Apul
FUN_015084_72423,39,57,39,39,5-fold,-1.9865437427376318,4.002749521348331,-0.8514861763544653,1.6250910321206664,109.02813327831197,0.95,6,-0.8514861763544653,ElasticNet,Apul
FUN_023758_106897,39,13,13,13,5-fold,-0.24815533519960803,0.3319652226634352,-0.3500497700938473,0.49868457452873155,1143.3492325145114,0.1,3,-0.24815533519960803,RF,Apul
FUN_042665_200463,39,4,4,4,5-fold,-4.989241226533037,6.294343058531477,-3.151182739331091,4.716618641746268,3.499171849682928,0.1,4,-3.151182739331091,ElasticNet,Apul
FUN_022281_97081,39,17,16,16,5-fold,-5.033542718727946,5.823937846024238,-1.3254917593680757,1.203888988061068,650.8296253094933,0.1,0,-1.3254917593680757,ElasticNet,Apul
FUN_008988_44608,39,7,5,5,5-fold,-1.7699254905631279,2.7979012017676737,-0.9899194558314584,1.5678630867166587,47.53702790086422,0.1,5,-0.9899194558314584,ElasticNet,Apul
FUN_007120_34718,39,8,5,5,5-fold,-1.1424004239961998,1.130428268829843,-0.6504707438896545,0.4894895717804284,787.2681887893235,0.1,0,-0.6504707438896545,ElasticNet,Apul
FUN_014864_70806,39,2,2,2,5-fold,-0.8577700528073062,1.0161386829896637,-0.4776591656084713,0.4181233387437442,239.32952130140745,0.1,0,-0.4776591656084713,ElasticNet,Apul
FUN_024343_109862,39,21,18,18,5-fold,-0.5613601416272629,0.9394208053548561,-0.6188271572030818,0.7050412095173536,74.78809262428129,0.99,5,-0.5613601416272629,RF,Apul
FUN_000642_3284,39,3,3,3,5-fold,-49.528758303905136,98.91796777360229,-17.29286567426213,34.36354973765219,802.1638976904977,0.1,0,-17.29286567426213,ElasticNet,Apul
FUN_032003_145332,39,6,6,6,5-fold,-0.1714507124223918,0.21339191047991035,-0.14312752140240542,0.1114203690544161,1154.1277681157765,0.1,0,-0.14312752140240542,ElasticNet,Apul
FUN_012523_60373,39,2,2,2,5-fold,-0.4346085473894371,0.34600257987108296,-0.4566020844792022,0.5594847383058384,0.24108673224290741,0.5,2,-0.4346085473894371,RF,Apul
FUN_000189_507,39,3,3,3,5-fold,-0.7404932126077295,0.8290464082838973,-0.682855886436748,0.6706826618691744,0.254481245164862,0.5,3,-0.682855886436748,ElasticNet,Apul
FUN_023101_102955,39,28,15,15,5-fold,-0.35600936424852214,0.27451445135614894,-0.15282016871923512,0.16306901797497697,120.84816505937687,0.99,0,-0.15282016871923512,ElasticNet,Apul
FUN_035393_163151,39,34,33,33,5-fold,-0.5312762617213507,0.7651666682321376,-1.5679776068962212,2.615040726680288,705.52094970977,0.1,0,-0.5312762617213507,RF,Apul
FUN_025764_117339,39,5,5,5,5-fold,0.10703977424025671,0.2684809696346867,0.08469254952962876,0.2934281758383945,0.5486735749126114,0.5,5,0.10703977424025671,RF,Apul
FUN_037741_175170,39,10,8,8,5-fold,-2.5541329658070255,4.158021437289303,-2.4518440408607884,4.521678235588268,1688.504666518121,0.1,0,-2.4518440408607884,ElasticNet,Apul
FUN_007846_37136,39,24,24,24,5-fold,-1.1504395707068702,0.9320553148624686,-1.2602308494343215,1.3665225895155537,18.48772857012426,0.9,20,-1.1504395707068702,RF,Apul
FUN_004564_21177,39,3,2,2,5-fold,-0.4089492055168685,0.22950010332154433,-0.538918592313112,0.36306532921950807,1324.0892682080007,0.1,0,-0.4089492055168685,RF,Apul
FUN_034265_157013,39,11,9,9,5-fold,-0.24547287124559705,0.44676282471270345,-0.33388704716335327,0.35597190489601194,8.065880329596746,0.7,9,-0.24547287124559705,RF,Apul
FUN_010931_52123,39,4,4,4,5-fold,-8.225860898850302,16.426904248868762,-12.550589955387686,24.807345712132385,1510.930632933014,0.1,0,-8.225860898850302,RF,Apul
FUN_001039_4713,39,26,24,24,5-fold,-0.9581760592371806,1.8756216913627892,-2.0791146212301177,3.7887626669216945,19.725239364407905,0.99,13,-0.9581760592371806,RF,Apul
FUN_008193_39332,39,2,2,2,5-fold,-0.5962661797283187,0.5965704827003567,-0.45984371660312445,0.335192679739438,518.7393740178908,0.1,0,-0.45984371660312445,ElasticNet,Apul
FUN_000189_505,39,2,2,2,5-fold,-1.6278754361012464,2.2909967195799292,-0.8745219107110074,1.0173427439879532,0.35872101195756373,0.7,2,-0.8745219107110074,ElasticNet,Apul
FUN_033982_155207,39,25,25,25,5-fold,-0.9056437488417872,1.0978247257575129,-0.6617015053326067,0.84168806441445,29.3274315857978,0.1,25,-0.6617015053326067,ElasticNet,Apul
FUN_005112_24614,39,9,8,8,5-fold,-0.6638979122317161,0.8130690786410428,-0.28937797008553556,0.39917278330700806,1490.4149615342635,0.1,0,-0.28937797008553556,ElasticNet,Apul
FUN_002682_13447,39,8,8,8,5-fold,-1.4727415162674213,2.036350840402658,-1.190891600872496,1.5665057093403716,921.081202657432,0.1,1,-1.190891600872496,ElasticNet,Apul
FUN_004584_21384,39,12,10,10,5-fold,-1.4308228707759603,1.5661004372903213,-3.506605445339732,5.380689984464267,5.96668111811792,0.1,10,-1.4308228707759603,RF,Apul
FUN_038245_179552,39,17,16,16,5-fold,-0.7356928450388336,0.7741357798264117,-0.398280567144233,0.3264401443103224,15.361532145591838,0.99,10,-0.398280567144233,ElasticNet,Apul
FUN_029406_135715,39,24,16,16,5-fold,-0.44286947542201605,0.4047396625064731,-0.47699299643977977,0.397826988356549,102.01123039421643,0.99,4,-0.44286947542201605,RF,Apul
FUN_012159_57867,39,2,2,2,5-fold,-1.0050935072869813,1.7366858693689173,-0.2737550489003466,0.2645119636703941,28.96913485669506,0.99,1,-0.2737550489003466,ElasticNet,Apul
FUN_019346_90624,39,7,7,7,5-fold,-7.707096013576065,12.096132652184936,-4.7542894639124835,8.000986352079723,769.0985006231963,0.1,0,-4.7542894639124835,ElasticNet,Apul
FUN_022144_96219,39,18,18,18,5-fold,-0.0526402545470815,1.3070084271590177,-0.43009012562111903,1.3021633714552483,0.9197943116474671,0.7,18,-0.0526402545470815,RF,Apul
FUN_032348_147751,39,9,7,7,5-fold,-5.615780984416705,11.163120751769243,-13.078881977005697,25.941962484444538,1394.0366345428124,0.1,0,-5.615780984416705,RF,Apul
FUN_016484_79955,39,2,2,2,5-fold,-0.5796259598083877,0.4350386204937566,-0.7861327978879534,0.754115321855833,842.9735266222472,0.1,0,-0.5796259598083877,RF,Apul
FUN_008194_39344,39,2,2,2,5-fold,-1.257885787246943,1.1790261118529555,-0.5869778557319643,0.42484892490229054,82.66140524280091,0.99,1,-0.5869778557319643,ElasticNet,Apul
FUN_026009_118918,39,12,12,12,5-fold,-0.5318044806605111,0.7942163887369676,-0.39575220406905487,0.7012410388195583,8.799296357043959,0.1,12,-0.39575220406905487,ElasticNet,Apul
FUN_009531_47113,39,7,3,3,5-fold,-1.3886434784931132,1.5327742842890244,-1.2055363194464566,1.4594329035382942,561.0371432662218,0.1,0,-1.2055363194464566,ElasticNet,Apul
FUN_043192_203645,39,8,6,6,5-fold,-1.4575423864288706,1.3131523378316141,-0.8635276386191844,0.7405366917967546,0.22699084232891112,0.7,6,-0.8635276386191844,ElasticNet,Apul
FUN_043548_206494,39,12,7,7,5-fold,-0.3554289001993006,0.5654217653678391,-0.2438221792144793,0.35353305944408514,1022.3562938182462,0.1,0,-0.2438221792144793,ElasticNet,Apul
FUN_022615_99490,39,37,28,28,5-fold,-5.77239472886642,5.9973189279358445,-2.8045781053132983,2.7832654012517355,18.9594814513104,0.7,15,-2.8045781053132983,ElasticNet,Apul
FUN_008450_41051,39,8,8,8,5-fold,-3.4428988748031286,5.971087261072058,-8.383673116018336,16.603967080540848,66.2964928519157,0.99,1,-3.4428988748031286,RF,Apul
FUN_033779_153873,39,15,14,14,5-fold,-3.620193238573038,6.174536693964013,-1.6844537024786947,2.7779360922762772,2.228077360637347,0.5,13,-1.6844537024786947,ElasticNet,Apul
FUN_006568_31171,39,2,2,2,5-fold,-13.044189307862961,25.30920349582946,-24.479899973655893,48.79683432270184,568.6439314595804,0.1,0,-13.044189307862961,RF,Apul
FUN_018412_87204,39,5,4,4,5-fold,-0.39187111941265856,0.31216590568435537,-0.24483396994043086,0.34248741382647047,859.49684866057,0.1,0,-0.24483396994043086,ElasticNet,Apul
FUN_025775_117395,39,19,8,8,5-fold,-0.6257715841187146,0.819899354494301,-1.0430702713211182,1.5790420554895541,50.14283620993693,0.99,4,-0.6257715841187146,RF,Apul
FUN_032048_145616,39,13,9,9,5-fold,-0.6119954821757816,0.5539940898765491,-0.3434147137843833,0.5025618702566389,976.5174337558046,0.1,0,-0.3434147137843833,ElasticNet,Apul
FUN_023279_104329,39,15,12,12,5-fold,-0.27217523432367846,0.12023750025410554,0.07864316494411532,0.21995634458165647,1.465197891160834,0.9,12,0.07864316494411532,ElasticNet,Apul
FUN_033745_153555,39,57,39,39,5-fold,-0.31653510622482595,0.03473756865686769,-0.13553199238766428,0.11493032266300977,1109.2565225341764,0.1,0,-0.13553199238766428,ElasticNet,Apul
FUN_008271_39720,39,4,4,4,5-fold,-1.02995833038405,1.0723256339814222,-1.1439486006254944,1.422427260790233,0.2978640375633376,0.5,4,-1.02995833038405,RF,Apul
FUN_016590_80386,39,14,13,13,5-fold,-0.3868292397262115,0.4225134588813965,-0.0662817259893291,0.09115478309439133,26.44706629463386,0.99,10,-0.0662817259893291,ElasticNet,Apul
FUN_029045_133216,39,2,2,2,5-fold,-1.0945081660391165,1.5749318729135926,-1.126572716507896,1.6996062273197556,504.79363708708286,0.1,0,-1.0945081660391165,RF,Apul
FUN_026023_119309,39,8,8,8,5-fold,-0.7669737017748067,0.6198197060419962,-0.2353715662310663,0.1963730565223404,618.8342743784189,0.1,0,-0.2353715662310663,ElasticNet,Apul
FUN_034940_160431,39,4,4,4,5-fold,-1.4293427346956444,2.3797667328837093,-1.2103437484731034,1.2954879677903284,782.6582538837665,0.1,0,-1.2103437484731034,ElasticNet,Apul
FUN_026715_123213,39,15,12,12,5-fold,-1.9901608838779148,3.585045510451392,-1.6452928499649069,2.937153432389072,0.22596183182464527,0.9,12,-1.6452928499649069,ElasticNet,Apul
FUN_025363_114909,39,14,14,14,5-fold,-1.9742445428763964,2.9275212584813253,-1.9179956411518368,2.7145177210611444,4.174943742908223,0.1,14,-1.9179956411518368,ElasticNet,Apul
FUN_025584_116194,39,6,4,4,5-fold,-0.2656255072289021,0.5996612890513286,-0.20154328903863075,0.5655379815220922,16.51019470619509,0.99,3,-0.20154328903863075,ElasticNet,Apul
FUN_001325_6838,39,8,8,8,5-fold,-0.42329569068472817,0.19847432738709658,-0.4355451788526873,0.4760098746708747,1.286548083842519,0.5,8,-0.42329569068472817,RF,Apul
FUN_010804_51405,39,39,29,29,5-fold,-0.2976676461426062,0.2590390475563614,-0.2135916168110986,0.12222873630484009,1666.915331687512,0.1,0,-0.2135916168110986,ElasticNet,Apul
FUN_034673_158789,39,22,22,22,5-fold,-0.21337414129181997,0.41008882278359426,0.021174628910628535,0.07416308321969364,10.181800654621867,0.5,22,0.021174628910628535,ElasticNet,Apul
FUN_034000_155306,39,19,19,19,5-fold,-0.12044109429529606,0.3340060595247443,-0.013563278680504887,0.3391510663328198,1.413468328340059,0.5,19,-0.013563278680504887,ElasticNet,Apul
FUN_028088_128297,39,3,3,3,5-fold,-0.7788999643324434,0.5971359070532468,-0.12317206487263435,0.13355946862359772,303.0611627283625,0.1,0,-0.12317206487263435,ElasticNet,Apul
FUN_037876_176283,39,2,2,2,5-fold,-0.3970952541964876,0.48384536493457764,-0.14095973067385592,0.3869792052136305,0.2296360001045129,0.99,2,-0.14095973067385592,ElasticNet,Apul
FUN_009532_47125,39,5,5,5,5-fold,-0.6776249208422314,0.3965282244547393,-0.5534339342337429,0.497074723981932,827.2910291889744,0.1,0,-0.5534339342337429,ElasticNet,Apul
FUN_022775_100665,39,2,2,2,5-fold,-0.5443985249824005,0.48858962331243383,-2.0197347460416104,3.377781021248792,7.222575945896851,0.1,2,-0.5443985249824005,RF,Apul
FUN_036850_170200,39,6,6,6,5-fold,-0.6534094146183662,0.8648565977315572,-0.5150761445958312,0.7228670170566314,2.2526420590124263,0.99,6,-0.5150761445958312,ElasticNet,Apul
FUN_023682_106714,39,6,3,3,5-fold,-3.099329738428513,4.8556048110321735,-3.90818339074006,4.461215169382964,40.728932118288505,0.99,1,-3.099329738428513,RF,Apul
FUN_023236_103957,39,18,15,15,5-fold,-1.852135280418711,2.4739812174609486,-1.7376535558734347,2.676290200960596,390.91038991983453,0.1,10,-1.7376535558734347,ElasticNet,Apul
FUN_032046_145571,39,2,2,2,5-fold,-18.5953598425727,36.9209567951787,-18.689412088165728,36.90743199353571,661.7364654451613,0.1,0,-18.5953598425727,RF,Apul
FUN_012298_59143,39,25,19,19,5-fold,-0.7966464201676612,1.0870188352357468,-1.415728120341856,2.6414186136031272,102.2730153939236,0.95,1,-0.7966464201676612,RF,Apul
FUN_012676_61368,39,42,36,36,5-fold,-1.8412117855139662,2.3852801403270543,-1.073811664902139,1.476170769422011,42.240646414600214,0.99,16,-1.073811664902139,ElasticNet,Apul
FUN_036773_169789,39,11,10,10,5-fold,-0.5175658521927294,0.3899637702609902,-0.37919703393211857,0.36601697591207594,901.300477076084,0.1,0,-0.37919703393211857,ElasticNet,Apul
FUN_006719_31989,39,4,4,4,5-fold,-1.5357736270551654,1.3079418810315118,-0.7945763153771706,0.8326173969735644,561.8449040759632,0.1,0,-0.7945763153771706,ElasticNet,Apul
FUN_041498_193809,39,10,10,10,5-fold,-0.4556458380085101,0.823885914044881,-2.2031348831678956,4.185874440089413,0.7790019403865549,0.5,10,-0.4556458380085101,RF,Apul
FUN_041890_197083,39,5,5,5,5-fold,-0.6968804312538126,0.7064445962816215,-0.4328799524718815,0.5541262019850672,812.7811574655024,0.1,0,-0.4328799524718815,ElasticNet,Apul
FUN_040118_188531,39,13,12,12,5-fold,-0.2644927993522765,0.15321540769002423,-0.39145491365566465,0.4765708599979125,1059.02576158258,0.1,0,-0.2644927993522765,RF,Apul
FUN_000990_4411,39,9,9,9,5-fold,-0.7635119228374145,0.710745246886834,-0.8738204784506534,0.564415302219984,24.601070951237293,0.95,5,-0.7635119228374145,RF,Apul
FUN_008308_39979,39,2,2,2,5-fold,-0.850957666657641,0.9996173491169009,-0.8483002058842738,1.129593854561701,1.6471473607051343,0.1,2,-0.8483002058842738,ElasticNet,Apul
FUN_014610_68816,39,4,4,4,5-fold,-0.6080092539896683,0.7215032731451264,-0.2921203998118934,0.2866937503268802,0.601458765621122,0.5,4,-0.2921203998118934,ElasticNet,Apul
FUN_042829_201158,39,2,2,2,5-fold,-0.7658328406178537,0.7559178995272513,-0.5543417533006456,0.49403858445974386,62.19458589814795,0.1,2,-0.5543417533006456,ElasticNet,Apul
FUN_007866_37300,39,9,8,8,5-fold,-0.6798397507818107,0.6817911644414072,-0.6400257811390886,0.9067513247036726,5.275327858362624,0.99,5,-0.6400257811390886,ElasticNet,Apul
FUN_035733_165093,39,16,9,9,5-fold,-0.6785561957823305,1.1777459921539926,-0.4562135891679645,0.4141144241203461,1330.557544974753,0.1,0,-0.4562135891679645,ElasticNet,Apul
FUN_041674_195288,39,8,8,8,5-fold,-0.6160179082598704,0.4307838608909518,-0.7445422180235504,1.038438929506236,1.505068738645593,0.7,8,-0.6160179082598704,RF,Apul
FUN_007160_34996,39,3,3,3,5-fold,-0.5578384144727699,0.48709540621029906,-0.24172732824855303,0.12412147907445487,698.2899611794563,0.1,0,-0.24172732824855303,ElasticNet,Apul
FUN_016341_78616,39,7,7,7,5-fold,-3.4558993501988065,5.380765555850165,-1.6789241622398994,2.4598704925139527,9.785052221607152,0.1,7,-1.6789241622398994,ElasticNet,Apul
FUN_013555_64841,39,18,12,12,5-fold,-0.41546465034716745,0.6181714755805888,-0.19921371306882135,0.22184834801306352,109.4431521525408,0.99,1,-0.19921371306882135,ElasticNet,Apul
FUN_017015_82295,39,13,10,10,5-fold,-0.31070343794495975,0.30702815464177097,-0.33253024925022423,0.460210835317261,16.586713661757763,0.99,7,-0.31070343794495975,RF,Apul
FUN_035534_163943,39,6,6,6,5-fold,-1.0833427335065338,1.3478677395760708,-0.7506691305452258,0.9927635701133785,1666.8379223593327,0.1,0,-0.7506691305452258,ElasticNet,Apul
FUN_028970_132638,39,4,4,4,5-fold,-1.1750683394589376,1.7474824810437728,-0.7983421478958598,0.7496672779954612,37.563575626356865,0.99,2,-0.7983421478958598,ElasticNet,Apul
FUN_026024_119327,39,8,8,8,5-fold,-0.610924854607991,0.5694170627650702,-0.40883079605086925,0.565956489456461,1760.4038010453855,0.1,0,-0.40883079605086925,ElasticNet,Apul
FUN_003163_14609,39,2,2,2,5-fold,-0.2716202820712516,0.3509848885279945,-0.2916084082902492,0.3362516789230664,766.0435381851528,0.1,0,-0.2716202820712516,RF,Apul
FUN_040109_188464,39,12,12,12,5-fold,-0.176851375950816,0.41420205219516,-0.32342566375062487,0.276887818902907,35.84292009160604,0.95,10,-0.176851375950816,RF,Apul
FUN_016596_80421,39,2,2,2,5-fold,-9.00951223597863,14.785659321052082,-6.082845346971881,10.470504850803755,1290.665057668179,0.1,0,-6.082845346971881,ElasticNet,Apul
FUN_000189_504,39,4,4,4,5-fold,-1.2982189657097734,1.2401255608767203,-1.0888014228473286,1.3089034105741275,49.560276831802504,0.95,1,-1.0888014228473286,ElasticNet,Apul
FUN_013400_64253,39,4,4,4,5-fold,-0.478497668336594,0.3109594825391174,-0.20737193149408154,0.21303273703506448,195.77386662104473,0.1,0,-0.20737193149408154,ElasticNet,Apul
FUN_006145_29178,39,10,9,9,5-fold,-0.5062349388687009,0.7346900522769813,-0.14379720086414322,0.28043308713073495,0.633774569910318,0.5,9,-0.14379720086414322,ElasticNet,Apul
FUN_037473_173835,39,13,10,10,5-fold,-0.7734376649034646,0.6078976465027276,-0.4195138771458187,0.1884585948787927,11.539927844120726,0.99,8,-0.4195138771458187,ElasticNet,Apul
FUN_016103_77036,39,39,25,25,5-fold,-0.2783823112827751,0.44511914931185803,-0.13051796068243476,0.059755723329715696,7.248807277310618,0.1,25,-0.13051796068243476,ElasticNet,Apul
FUN_014871_70831,39,21,15,15,5-fold,-0.7491920329492712,0.6586095309671385,-0.6822994590844732,0.5506751697247204,1833.8522431357574,0.1,0,-0.6822994590844732,ElasticNet,Apul
FUN_041898_197124,39,2,2,2,5-fold,-26.31071176303258,51.78136048583214,-16.292780982828496,32.24971362476555,972.1121744550315,0.1,0,-16.292780982828496,ElasticNet,Apul
FUN_023277_104326,39,27,17,17,5-fold,-0.3079893347566517,0.2853571001883387,-0.3664466614487414,0.19551852898484343,13.05833991797708,0.95,11,-0.3079893347566517,RF,Apul
FUN_038474_181420,39,3,3,3,5-fold,-0.7017289693886729,0.6599421325638399,-0.6540445747489101,0.7264005999741667,567.9665851534487,0.1,0,-0.6540445747489101,ElasticNet,Apul
FUN_001908_10447,39,8,7,7,5-fold,-0.462838156588169,0.30494604498838696,-0.8709042337841215,1.0096539658453538,4.866600059111272,0.1,7,-0.462838156588169,RF,Apul
FUN_026486_122084,39,2,2,2,5-fold,-0.7037373299025986,0.7710333791170371,-0.35939511543326474,0.2964636534750966,10.802023717028412,0.99,2,-0.35939511543326474,ElasticNet,Apul
FUN_028143_128658,39,8,8,8,5-fold,-1.8754262628695106,2.645693405860084,-1.5703477857824957,2.8743482218260685,101.97160153739858,0.99,1,-1.5703477857824957,ElasticNet,Apul
FUN_026009_118931,39,19,16,16,5-fold,-1.6666599756464113,2.9978725037862777,-0.4741862239406047,0.6579855832635586,682.6460014324668,0.1,0,-0.4741862239406047,ElasticNet,Apul
FUN_029664_136903,39,2,2,2,5-fold,-4.609794428209311,8.590623835720365,-4.1901948638895625,8.03866866785256,641.7962272027631,0.1,0,-4.1901948638895625,ElasticNet,Apul
FUN_023758_106896,39,7,4,4,5-fold,-0.06822247836212195,0.29246348429072017,-0.11446425399191015,0.15698274124093115,1575.70704471257,0.1,0,-0.06822247836212195,RF,Apul
FUN_009308_45978,39,16,14,14,5-fold,-0.5366762647885962,0.3951551721153064,-1.8437729109795864,2.9294841662157536,1354.943079375984,0.1,0,-0.5366762647885962,RF,Apul
FUN_007920_37643,39,53,44,44,5-fold,-0.8118064775176563,0.9221492515866381,-0.4378107314222671,0.3833770208711826,7.635852377825741,0.9,39,-0.4378107314222671,ElasticNet,Apul
FUN_006162_29234,39,11,11,11,5-fold,-0.18516867921489574,0.08974452996177287,-0.10363665698123788,0.17459491983063055,1553.0423712077052,0.1,0,-0.10363665698123788,ElasticNet,Apul
FUN_035348_162912,39,10,5,5,5-fold,-0.45054038317226935,0.45179006675118216,-0.23795996796373356,0.2711977060805744,542.903888235681,0.1,0,-0.23795996796373356,ElasticNet,Apul
FUN_023383_104903,39,10,8,8,5-fold,-2.338771596682473,3.361446048532371,-2.3608508520744627,3.6120123484141717,83.30522088161673,0.99,1,-2.338771596682473,RF,Apul
FUN_025460_115398,39,4,4,4,5-fold,-0.06988042674082766,0.16362454868083953,-0.13827472023594692,0.2087971976312657,45.526419818503506,0.99,2,-0.06988042674082766,RF,Apul
FUN_023383_104908,39,3,3,3,5-fold,-2.525048272025642,2.719632154182713,-1.8305011881253173,2.1478565057508066,71.12917166813834,0.99,1,-1.8305011881253173,ElasticNet,Apul
FUN_022939_101742,39,11,10,10,5-fold,-0.5499898701942417,0.8589869612744123,-1.9691012738711635,1.9978821797196062,51.587303987109415,0.99,4,-0.5499898701942417,RF,Apul
FUN_036104_167510,39,16,9,9,5-fold,-0.3923521998605037,0.36461289896410637,-0.24243575687371172,0.11582270935497625,3097.2990001572157,0.1,0,-0.24243575687371172,ElasticNet,Apul
FUN_023636_106503,39,17,15,15,5-fold,-1.3334982512080633,2.434820082408985,-4.154188103854251,6.351834383687173,2.1740954721512544,0.95,14,-1.3334982512080633,RF,Apul
FUN_008194_39343,39,2,2,2,5-fold,-0.4794203941907217,0.8503752768998721,-0.38820014442736583,0.504150318001826,1.508073699207815,0.5,2,-0.38820014442736583,ElasticNet,Apul
FUN_023166_103415,39,10,9,9,5-fold,-0.8587075869587586,1.9983763798901975,-1.6366499828894685,3.193820977347454,143.74304616953023,0.95,2,-0.8587075869587586,RF,Apul
FUN_026672_123040,39,6,6,6,5-fold,-0.0756746664393132,0.3874761187928738,-0.34150853955893373,0.40169424306034623,1037.197594345981,0.1,0,-0.0756746664393132,RF,Apul
FUN_011056_52854,39,41,36,36,5-fold,-1.9762536329721823,2.805878258530795,-0.9204918068602399,0.9392518218375805,1720.4033684704207,0.1,1,-0.9204918068602399,ElasticNet,Apul
FUN_024041_108419,39,13,11,11,5-fold,-0.2707675601309745,0.3571452345252328,-0.16408887179818532,0.25297328173778566,2.4937651862568093,0.95,11,-0.16408887179818532,ElasticNet,Apul
FUN_010733_50905,39,6,6,6,5-fold,-0.43720607926692096,0.33133260798885555,-0.2043777037586758,0.2702862606542348,752.4255994363778,0.1,0,-0.2043777037586758,ElasticNet,Apul
FUN_022768_100622,39,121,111,100,5-fold,-0.42671237996069405,0.2872380845428501,-0.17807037518379742,0.27608824178104135,61.66393850342081,0.99,23,-0.17807037518379742,ElasticNet,Apul
FUN_001648_9116,39,2,2,2,5-fold,-0.7146643408936828,0.7824980634691512,-0.2377874777720547,0.21089453903707628,620.9759485614805,0.1,0,-0.2377874777720547,ElasticNet,Apul
FUN_010825_51557,39,2,2,2,5-fold,-0.6096924847611236,0.807074349896369,-0.17886792462306442,0.21690613451581378,2.0170091462126365,0.5,2,-0.17886792462306442,ElasticNet,Apul
FUN_025463_115417,39,10,9,9,5-fold,-0.56115178504543,0.564090209528844,-0.6754887957004184,0.8696583866857014,802.1910586499239,0.1,0,-0.56115178504543,RF,Apul
FUN_012531_60455,39,5,5,5,5-fold,-0.7662831447903606,1.060284281847021,-0.646113306325312,0.8422474898337841,1337.3403435776208,0.1,0,-0.646113306325312,ElasticNet,Apul
FUN_017841_84090,39,17,17,17,5-fold,-2.9849452209129064,5.383194569634762,-2.395969935614178,4.363204157849638,1503.1291039588073,0.1,0,-2.395969935614178,ElasticNet,Apul
FUN_032534_148835,39,18,18,18,5-fold,-1.5243971077366845,2.3184161714161666,-1.262699053451183,2.3080205433131007,2.9657611171829807,0.1,18,-1.262699053451183,ElasticNet,Apul
FUN_037916_176635,39,8,3,3,5-fold,-4.52379664864653,8.858233689475586,-3.9748637952677397,7.6278789526992306,501.39545728380534,0.1,0,-3.9748637952677397,ElasticNet,Apul
FUN_010818_51514,39,9,9,9,5-fold,-0.7620838373363681,0.6075324295695558,-0.47435041895925584,0.4205011594469691,7.217096092607515,0.1,9,-0.47435041895925584,ElasticNet,Apul
FUN_022386_97784,39,3,2,2,5-fold,-2.485559705076875,2.454526819270923,-1.3550059298626116,1.3838340014746007,71.95272801505573,0.95,1,-1.3550059298626116,ElasticNet,Apul
FUN_028175_128849,39,10,10,10,5-fold,-0.3493780514678625,0.26979369700561445,-0.11784749052969153,0.3135791501426796,2.6374390287194256,0.1,9,-0.11784749052969153,ElasticNet,Apul
FUN_036254_168525,39,12,12,12,5-fold,-0.6641534115384774,1.0021849776756717,-0.6583598368275245,0.9270307339697622,87.76374832869101,0.99,4,-0.6583598368275245,ElasticNet,Apul
FUN_033733_153503,39,13,8,8,5-fold,-0.3962298572165615,0.24244869047462156,-0.3020828484551726,0.5472480323653393,645.9903726715959,0.1,0,-0.3020828484551726,ElasticNet,Apul
FUN_016333_78532,39,12,12,12,5-fold,-0.6879358792667243,0.8123171491709806,-0.6738752594901397,0.8839917183664943,4.239231619799598,0.7,12,-0.6738752594901397,ElasticNet,Apul
FUN_008706_42787,39,3,3,3,5-fold,-0.4488173693288404,0.9601189158400555,-0.478816934894596,0.714958891889828,950.6565607492936,0.1,0,-0.4488173693288404,RF,Apul
FUN_038093_178084,39,12,12,12,5-fold,0.232480806076708,0.15242396595941196,0.23718090209949444,0.1385893104556186,0.994956810174362,0.5,12,0.23718090209949444,ElasticNet,Apul
FUN_000191_511,39,4,4,4,5-fold,-0.3870432866446756,0.2676908478341334,-0.0750266295986782,0.07289924759107148,507.87288667225585,0.1,0,-0.0750266295986782,ElasticNet,Apul
FUN_043493_206081,39,7,7,7,5-fold,-0.17887156770654095,0.11378022012296832,-0.027304738912601545,0.04146894417945066,1408.3975119058025,0.1,0,-0.027304738912601545,ElasticNet,Apul
FUN_007332_35564,39,4,3,3,5-fold,-2.144207511959723,3.9091898364033884,-2.621632742729626,4.680270152366997,1100.9177343524523,0.1,0,-2.144207511959723,RF,Apul
FUN_012251_58586,39,3,3,3,5-fold,-12.76237547621005,24.459060085708522,-6.746565528664638,13.21474147278896,46.02945803761273,0.99,1,-6.746565528664638,ElasticNet,Apul
FUN_014916_71162,39,10,7,7,5-fold,-1.1317292374209782,1.3233291886686995,-0.8492010907337508,0.8957900467479303,0.42919430846731754,0.5,7,-0.8492010907337508,ElasticNet,Apul
FUN_036854_170213,39,7,4,4,5-fold,-1.3788133411690011,1.2206557511684681,-1.036080308875976,1.2070214655422893,1065.760450385938,0.1,0,-1.036080308875976,ElasticNet,Apul
FUN_017768_83597,39,5,5,5,5-fold,-1.6347910404373465,1.9831261531859836,-0.6963271811525518,0.8679344870399779,594.3538913168394,0.1,0,-0.6963271811525518,ElasticNet,Apul
FUN_031607_143005,39,14,5,5,5-fold,-2.2730253054703917,4.185710453742629,-2.2327720464745817,4.018479727284983,4.723508045668098,0.95,5,-2.2327720464745817,ElasticNet,Apul
FUN_040328_189661,39,2,2,2,5-fold,-0.2802525093105642,0.2927587071195973,-0.30620411995135166,0.35449393083183206,0.5413253422447989,0.5,2,-0.2802525093105642,RF,Apul
FUN_004780_22678,39,2,2,2,5-fold,-1.0217358085172843,0.6578282824845351,-0.6359314784763378,0.6778832760632386,901.2325691159606,0.1,0,-0.6359314784763378,ElasticNet,Apul
FUN_015340_74037,39,23,21,21,5-fold,-0.38513028383422593,0.5912079498596707,-0.6501612943789079,1.158136649656044,1505.1648528720148,0.1,0,-0.38513028383422593,RF,Apul
FUN_032378_147942,39,8,8,8,5-fold,-0.7853935117591944,0.7761859112469726,-1.033166717456623,1.1807874740179884,1294.3148952977551,0.1,0,-0.7853935117591944,RF,Apul
FUN_001497_8048,39,11,7,7,5-fold,-0.5412430917854504,0.5597900678804523,-0.15447478819607996,0.19067473656574419,56.427547693323135,0.99,2,-0.15447478819607996,ElasticNet,Apul
FUN_026351_121449,39,7,7,7,5-fold,-4.943403447174878,6.525964415124441,-1.6688383956146304,1.7736795477793184,4.305474935551035,0.1,7,-1.6688383956146304,ElasticNet,Apul
FUN_033734_153507,39,10,8,8,5-fold,-0.4723199999100981,0.5549056407669369,-0.21923930531282476,0.39011338533315343,1117.2286796213361,0.1,0,-0.21923930531282476,ElasticNet,Apul
FUN_006843_32658,39,3,3,3,5-fold,-0.3163538408463576,0.18119630462087183,-0.15204840060405247,0.16904946505885532,353.8511307235701,0.1,0,-0.15204840060405247,ElasticNet,Apul
FUN_012684_61399,39,3,3,3,5-fold,-1.5316152718869158,2.5267371634226543,-1.4800389980354127,2.7640196377575212,1472.3731631306716,0.1,0,-1.4800389980354127,ElasticNet,Apul
FUN_026156_120208,39,5,5,5,5-fold,-0.15572710535603282,0.11492613175132742,-0.0892284076519831,0.05370057697255855,131.56568969175098,0.99,1,-0.0892284076519831,ElasticNet,Apul
FUN_002453_12339,39,11,5,5,5-fold,-7.3711447957256295,14.69763505603591,-4.691049646733601,9.119063780339212,1009.7295492445825,0.1,0,-4.691049646733601,ElasticNet,Apul
FUN_016425_79402,39,11,10,10,5-fold,-0.396822650571004,0.5299342013618817,-0.25382515794715466,0.22968293729775668,66.81651763957319,0.99,2,-0.25382515794715466,ElasticNet,Apul
FUN_012283_58931,39,2,2,2,5-fold,-1.4870316724608186,1.924086313964746,-1.1768255115135298,1.7802800381011947,867.1603189955077,0.1,0,-1.1768255115135298,ElasticNet,Apul
FUN_023300_104378,39,27,22,22,5-fold,-1.1990214590426278,2.0787860133662477,-0.7586500238121049,1.1486537524808098,72.4617807361335,0.99,5,-0.7586500238121049,ElasticNet,Apul
FUN_036027_166956,39,6,6,6,5-fold,-0.4943384886146963,0.04211837227969008,-0.21807480017773137,0.20557600485261293,934.79883017764,0.1,0,-0.21807480017773137,ElasticNet,Apul
FUN_037566_174413,39,7,5,5,5-fold,-0.7669219857646784,0.4613057228578705,-0.5234109298333449,0.4246136649012653,9.097662745643118,0.99,4,-0.5234109298333449,ElasticNet,Apul
FUN_022281_97080,39,15,11,11,5-fold,-2.622155217003551,4.269092856701191,-1.3030600441169502,1.3938312817122571,599.244104322468,0.1,0,-1.3030600441169502,ElasticNet,Apul
FUN_038474_181424,39,2,2,2,5-fold,-0.6091708737314996,0.14988050828390587,-0.3527975528360815,0.3433711061926284,2.7403682151521025,0.1,2,-0.3527975528360815,ElasticNet,Apul
FUN_035747_165202,39,153,128,100,5-fold,-0.9529624440792489,1.6667743119593783,-0.6887037109010239,0.9259494856578102,2781.272028919144,0.1,0,-0.6887037109010239,ElasticNet,Apul
FUN_001001_4442,39,8,6,6,5-fold,-10.759620026963113,18.54795210992957,-13.48064780240485,25.40159619237286,0.35292316260634227,0.5,6,-10.759620026963113,RF,Apul
FUN_008450_41058,39,78,75,75,5-fold,-1.8494450087526064,1.7804395967337672,-1.1852243199202177,1.4223628329135871,2966.233107990739,0.1,4,-1.1852243199202177,ElasticNet,Apul
FUN_029308_135142,39,4,4,4,5-fold,-19.404559290769267,37.69923133325811,-14.202822706449686,28.233231191522925,530.0135633840453,0.1,0,-14.202822706449686,ElasticNet,Apul
FUN_015065_72360,39,10,7,7,5-fold,-1.2765403048231012,1.686894200498593,-0.5956034083288215,0.5658406460738582,143.58091608422157,0.99,1,-0.5956034083288215,ElasticNet,Apul
FUN_012479_60173,39,6,6,6,5-fold,-0.5572764687973868,0.920215822098636,-0.8002785928387157,1.4498469975035595,26.135208817332003,0.1,6,-0.5572764687973868,RF,Apul
FUN_036773_169788,39,10,7,7,5-fold,-0.4647175398611445,0.6029447855714937,-0.5514359774108877,0.7033040988033024,16.326764380189008,0.95,5,-0.4647175398611445,RF,Apul
FUN_007988_37993,39,5,5,5,5-fold,-1.1789887295651043,1.074324420931251,-0.9355779006273668,0.9367504282076843,1.9808893664683775,0.1,5,-0.9355779006273668,ElasticNet,Apul
FUN_025463_115415,39,7,7,7,5-fold,-1.0911210189573723,1.3152834822665274,-0.6744256136108454,0.6017094284825942,1050.7188521902822,0.1,0,-0.6744256136108454,ElasticNet,Apul
FUN_035479_163624,39,37,27,27,5-fold,-2.0078527967648556,3.6000768911537246,-1.8841976085435852,3.2118978884320146,143.90776287346176,0.99,2,-1.8841976085435852,ElasticNet,Apul
FUN_018067_85844,39,6,6,6,5-fold,-2.9353480655066817,5.73430257715611,-1.635233539382223,1.9420893515883824,1.9424981523486404,0.1,6,-1.635233539382223,ElasticNet,Apul
FUN_040695_191219,39,10,8,8,5-fold,-1.5269330732579844,2.5234054170044966,-0.8347798204226258,1.4662014672928971,1368.9395346233373,0.1,0,-0.8347798204226258,ElasticNet,Apul
FUN_008668_42617,39,3,3,3,5-fold,-2.60028825597486,3.050724142137543,-1.748739189746989,2.145238388843176,1.572962683312708,0.1,3,-1.748739189746989,ElasticNet,Apul
FUN_043141_203173,39,28,24,24,5-fold,-0.6328427989952502,0.8940631029154851,-0.7481768294042095,0.9316635056909194,209.47176373720697,0.99,1,-0.6328427989952502,RF,Apul
FUN_025367_114939,39,3,3,3,5-fold,-0.9677704402595282,1.2240845073224098,-0.977839517418768,1.6042055980646617,893.0013690993035,0.1,0,-0.9677704402595282,RF,Apul
FUN_018412_87202,39,6,6,6,5-fold,-0.19106084868262024,0.35652063899428926,-0.3662212164418083,0.4467331330244483,2.2495187267312406,0.5,6,-0.19106084868262024,RF,Apul
FUN_038426_181085,39,19,19,19,5-fold,-1.079523530680476,1.538881777514649,-0.5554154767168982,0.8907762271717818,2.8593014924050086,0.1,19,-0.5554154767168982,ElasticNet,Apul
FUN_025098_113599,39,14,11,11,5-fold,-1.4497382521467066,2.0602512193514357,-2.3749329624694107,2.7589005501399915,7.511889304714719,0.1,11,-1.4497382521467066,RF,Apul
FUN_034715_158906,39,12,10,10,5-fold,-0.6072933198872492,0.6212514052763363,-0.30707376214129634,0.4706491204594333,25.409512707381793,0.99,5,-0.30707376214129634,ElasticNet,Apul
FUN_026023_119312,39,13,13,13,5-fold,-0.49608382358971614,0.7026292877166678,-0.3118337780811736,0.29609913902080803,2228.3947521230534,0.1,0,-0.3118337780811736,ElasticNet,Apul
FUN_037566_174411,39,13,12,12,5-fold,-0.531761686650942,0.5333432158678956,-0.29233521101328136,0.23333738424092404,0.9886943434141134,0.5,11,-0.29233521101328136,ElasticNet,Apul
FUN_011863_55685,39,10,10,10,5-fold,-0.42469596204660365,0.7107803230395225,-0.3967119991991477,0.43487695482148847,100.02708755784431,0.99,2,-0.3967119991991477,ElasticNet,Apul
FUN_023198_103663,39,11,10,10,5-fold,-8.621517643924577,16.416624659967706,-4.3026040189212855,8.222336878737325,657.7936881895023,0.1,0,-4.3026040189212855,ElasticNet,Apul
FUN_035839_165864,39,2,2,2,5-fold,-1.4196596159925694,2.9526478793367317,-0.665845679409717,0.8653569215984138,2.045390598716471,0.1,2,-0.665845679409717,ElasticNet,Apul
FUN_001532_8307,39,7,4,4,5-fold,-8.712371882026186,17.00738256498562,-7.7888983965940355,15.36945474354812,480.1913719344814,0.1,0,-7.7888983965940355,ElasticNet,Apul
FUN_038267_179678,39,129,102,100,5-fold,-1.6493990919372592,3.4079357921976325,-1.7854466079388467,2.060828934854757,118.50203382414422,0.99,7,-1.6493990919372592,RF,Apul
FUN_032018_145413,39,3,3,3,5-fold,0.022910081037001605,0.3549716327740444,-0.10198982910498958,0.20217907370197996,63.07943771410787,0.99,1,0.022910081037001605,RF,Apul
FUN_032003_145333,39,4,4,4,5-fold,-0.06885117112400432,0.4745163670715433,-0.1692551964010524,0.20336395364139917,2.119526384940634,0.1,4,-0.06885117112400432,RF,Apul
FUN_043325_204830,39,7,7,7,5-fold,-50.366124001114585,99.61709438808764,-46.11174947387868,91.68723252012168,0.6324280898561945,0.5,7,-46.11174947387868,ElasticNet,Apul
FUN_004131_18050,39,15,7,7,5-fold,-0.250982063814832,0.2755517404299687,-0.377370637168653,0.3765452729497776,1082.968616064656,0.1,0,-0.250982063814832,RF,Apul
FUN_008991_44630,39,2,2,2,5-fold,-1.0581554450150272,1.8531288810406972,-13.601019288051324,24.277065248895937,24.485785903241542,0.99,2,-1.0581554450150272,RF,Apul
FUN_036850_170205,39,4,4,4,5-fold,-0.43911117715166387,0.5184472061070929,-0.3561819135954204,0.3818458388598637,167.49801930406554,0.99,1,-0.3561819135954204,ElasticNet,Apul
FUN_022219_96629,39,5,3,3,5-fold,-25.757080608126408,50.2347478914752,-12.616707068677567,24.87829764278116,0.1940654617747463,0.5,3,-12.616707068677567,ElasticNet,Apul
FUN_001204_6052,39,15,15,15,5-fold,-0.3186963311046329,0.05882184997963882,-0.15626431240376065,0.08193083671654323,106.01140967628646,0.99,2,-0.15626431240376065,ElasticNet,Apul
FUN_023699_106818,39,5,5,5,5-fold,-9.358291723487913,18.314221603903164,-13.82016642916717,27.41590435803931,0.4120260977132579,0.9,5,-9.358291723487913,RF,Apul
FUN_012311_59219,39,13,13,13,5-fold,-10.053397866051492,15.631823460612033,-2.887446781661384,4.1472743065895905,1889.9130839074928,0.1,0,-2.887446781661384,ElasticNet,Apul
FUN_038474_181423,39,3,2,2,5-fold,-0.7897371823298611,0.6576819231809583,-0.4629382583169644,0.4220491687965218,780.3113590585465,0.1,0,-0.4629382583169644,ElasticNet,Apul
FUN_038245_179553,39,17,13,13,5-fold,-0.6054340583141402,0.5887937724408828,-0.3585730210902697,0.3311160920332758,1190.600888874449,0.1,0,-0.3585730210902697,ElasticNet,Apul
FUN_006833_32630,39,7,6,6,5-fold,-1.0265823301528656,0.5496730630444425,-1.5357928736306474,1.9712713981364385,1.6043914792938792,0.1,6,-1.0265823301528656,RF,Apul
FUN_026303_121202,39,6,5,5,5-fold,-0.8351061326557255,0.8777434924126537,-0.8230597176111896,1.226721188717811,1647.186994508388,0.1,0,-0.8230597176111896,ElasticNet,Apul
FUN_040206_188968,39,2,2,2,5-fold,-0.6676738820783772,0.7081185945962761,-0.63031919521097,0.7872611878265827,1.311295560417907,0.5,2,-0.63031919521097,ElasticNet,Apul
FUN_023934_107496,39,8,3,3,5-fold,-0.5259332106654158,0.7667787942893567,-4.844912790448747,8.913231848973,1945.2084495102747,0.1,0,-0.5259332106654158,RF,Apul
FUN_033951_155026,39,46,39,39,5-fold,-1.7933426189681392,2.511423044100758,-0.501667109835829,0.5763703301555326,2664.3089626096935,0.1,0,-0.501667109835829,ElasticNet,Apul
FUN_010885_51910,39,18,13,13,5-fold,-0.9962124849428626,1.2518334659311572,-0.5052264956033895,0.5972988569099758,136.13971670417698,0.99,1,-0.5052264956033895,ElasticNet,Apul
FUN_034085_155879,39,4,4,4,5-fold,-0.8365899364762492,0.5789276741300241,-0.37163568252611257,0.38780825424162435,703.5522909967145,0.1,0,-0.37163568252611257,ElasticNet,Apul
FUN_022094_96000,39,12,9,9,5-fold,-4.496750349001839,7.968889618090702,-3.6872507681698146,6.511535555556114,6.127974229269509,0.5,9,-3.6872507681698146,ElasticNet,Apul
FUN_009656_47504,39,6,2,2,5-fold,-0.31918152855130427,0.32039236665652243,-0.2733448509683955,0.32163784007509355,0.15349912457802406,0.7,2,-0.2733448509683955,ElasticNet,Apul
FUN_032026_145466,39,11,6,6,5-fold,-0.7113394015381654,0.5318123806398842,-0.6048879373734479,0.5805531451569641,0.5948656432432431,0.5,6,-0.6048879373734479,ElasticNet,Apul
FUN_038312_180208,39,10,2,2,5-fold,-2.0236015499877547,2.8387842514493102,-1.442191799658526,1.9628069374539563,0.3221147379067951,0.1,2,-1.442191799658526,ElasticNet,Apul
FUN_023551_105903,39,2,2,2,5-fold,-1.8488239993733235,2.6522829424243244,-1.951734448945783,3.246604641778909,801.7241591454256,0.1,0,-1.8488239993733235,RF,Apul
FUN_029293_135004,39,16,12,12,5-fold,-1.5838252173332958,2.720099969172335,-68.4051956633209,134.2125177453562,11.358373422364476,0.99,5,-1.5838252173332958,RF,Apul
FUN_028075_128166,39,14,12,12,5-fold,-0.13531936034378358,0.3374553282940553,-0.17961620822107194,0.252950997184893,13.502920152437076,0.99,10,-0.13531936034378358,RF,Apul
FUN_024051_108442,39,31,23,23,5-fold,-0.2522810173809587,0.2322944961592867,-0.1554895889973194,0.13390125105202227,65.86605910921796,0.99,9,-0.1554895889973194,ElasticNet,Apul
FUN_043642_207411,39,2,2,2,5-fold,-2.073771497606102,2.69088994186584,-1.2385584793433473,2.2348839648115577,122.33295610908522,0.1,0,-1.2385584793433473,ElasticNet,Apul
FUN_029711_137070,39,17,17,17,5-fold,-14.585132089497847,27.484225668823882,-5.964201176544101,11.484043647308942,1108.3923043074897,0.1,0,-5.964201176544101,ElasticNet,Apul
FUN_008394_40592,39,7,7,7,5-fold,-0.5843267469337927,0.5560042366510085,-1.4149995336541075,1.5550648002018712,893.9332968025957,0.1,0,-0.5843267469337927,RF,Apul
FUN_012684_61405,39,3,3,3,5-fold,-1.632193898929343,1.496331655263016,-1.5630119931222946,2.1154622465968225,4.211050702168682,0.1,3,-1.5630119931222946,ElasticNet,Apul
FUN_034854_159782,39,5,5,5,5-fold,-0.42854889864782625,0.19844079364745798,-0.11333881055335002,0.10968517614880348,809.3985408212856,0.1,0,-0.11333881055335002,ElasticNet,Apul
FUN_038841_183353,39,14,11,11,5-fold,-0.6410127721133729,0.4137400113339351,-0.2515218235652595,0.22784543894203768,785.8178565275365,0.1,0,-0.2515218235652595,ElasticNet,Apul
FUN_005455_26567,39,4,4,4,5-fold,-2.199192418932457,3.0059647893471912,-1.3304052989109851,2.143975887331454,832.0367050504764,0.1,0,-1.3304052989109851,ElasticNet,Apul
FUN_022309_97233,39,25,23,23,5-fold,-0.5592453437783528,0.370543690570116,-0.49170512099569896,0.44136332436609127,3.493105492872577,0.1,23,-0.49170512099569896,ElasticNet,Apul
FUN_028083_128240,39,5,5,5,5-fold,-7.217190190368332,13.098313448264598,-4.774566963664035,8.636169105280231,3.1145424304140454,0.1,5,-4.774566963664035,ElasticNet,Apul
FUN_005366_26217,39,3,3,3,5-fold,-0.33150541209944046,0.4404779143071219,-0.35553015881672895,0.1945337201501204,22.79727776967529,0.99,2,-0.33150541209944046,RF,Apul
FUN_016423_79393,39,5,5,5,5-fold,-5.215963695707091,9.85305639253614,-3.107917129503946,5.9703619366916865,1.2277436512596822,0.5,5,-3.107917129503946,ElasticNet,Apul
FUN_024346_109913,39,4,4,4,5-fold,-0.628809026378358,0.8893339115201735,-1.2711378918416494,1.8026898853459132,1737.5579103831067,0.1,0,-0.628809026378358,RF,Apul
FUN_035922_166474,39,31,28,28,5-fold,-0.5011145746113408,0.5354968181941733,-0.3643866334965459,0.5622723005432402,73.64186569441723,0.99,6,-0.3643866334965459,ElasticNet,Apul
FUN_006770_32285,39,16,13,13,5-fold,-0.49967807206688714,1.0719052553430655,-0.16129037239271177,0.1662213296184032,28.007302926868995,0.99,8,-0.16129037239271177,ElasticNet,Apul
FUN_039826_186493,39,23,15,15,5-fold,-3.5330670514704288,6.893984546980918,-1.6233311380349047,3.1353270432774525,2523.214313891173,0.1,0,-1.6233311380349047,ElasticNet,Apul
FUN_004291_19138,39,8,4,4,5-fold,-0.3826754579963686,0.8083021424118119,-0.2133328212046111,0.28424383470427755,26.785573169396116,0.99,3,-0.2133328212046111,ElasticNet,Apul
FUN_038784_183052,39,3,2,2,5-fold,-0.42529167559961,0.550813713307289,-0.24504677994896834,0.32693335615254004,64.99383644882596,0.99,1,-0.24504677994896834,ElasticNet,Apul
FUN_026111_119952,39,4,4,4,5-fold,-7.0292936077516,12.926140590578168,-2.8587934797583556,5.5877781470964845,0.9449215668220069,0.99,4,-2.8587934797583556,ElasticNet,Apul
FUN_004289_19123,39,23,21,21,5-fold,-1.0281226230113627,1.3554120198612003,-0.7105483428978367,0.9674650214290804,41.39136476180116,0.1,20,-0.7105483428978367,ElasticNet,Apul
FUN_006769_32280,39,10,10,10,5-fold,-1.2284670016538757,1.9844692002265787,-0.7222489413602313,1.1728866395289748,7.327242274359019,0.7,10,-0.7222489413602313,ElasticNet,Apul
FUN_038172_178907,39,7,7,7,5-fold,-1.612346812412791,1.7155853547090092,-1.2120003737488867,1.5439687371185622,5.564984049876321,0.1,7,-1.2120003737488867,ElasticNet,Apul
FUN_010681_50599,39,8,8,8,5-fold,-0.6626605051154277,0.7281656423606335,-0.26637107909795005,0.42826146380990493,3.134208451904404,0.9,8,-0.26637107909795005,ElasticNet,Apul
FUN_004946_23858,39,4,4,4,5-fold,-0.05233179744238847,0.09987092521665061,-0.11523668271492604,0.2652656984602362,0.9150298080546098,0.5,4,-0.05233179744238847,RF,Apul
FUN_001899_10385,39,15,8,8,5-fold,-0.44542928569458196,0.10108081996061011,-0.34636744700029065,0.28549032286370124,0.7854364632177376,0.5,8,-0.34636744700029065,ElasticNet,Apul
FUN_006719_31987,39,5,5,5,5-fold,-0.6519818566221508,0.22207596054370274,-0.345846912263874,0.224532004582794,588.334828663981,0.1,0,-0.345846912263874,ElasticNet,Apul
FUN_004362_19714,39,16,13,13,5-fold,-1.565276398197319,2.346902590036645,-1.6078171635757645,2.60277791292189,624.2124673584582,0.1,6,-1.565276398197319,RF,Apul
FUN_014437_67495,39,9,9,9,5-fold,-96.92513257463992,192.34784522375,-65.20563488954383,129.768794790335,994.4902758379259,0.1,3,-65.20563488954383,ElasticNet,Apul
FUN_034485_158418,39,8,8,8,5-fold,-0.5952952302306459,0.65209216718984,-0.3133061911637554,0.23993089458634229,1672.68385157359,0.1,0,-0.3133061911637554,ElasticNet,Apul
FUN_023073_102693,39,2,2,2,5-fold,-0.1811492273291624,0.12116612415672727,-0.1191311097938073,0.08686088963818835,1146.110895256722,0.1,0,-0.1191311097938073,ElasticNet,Apul
FUN_005366_26212,39,7,7,7,5-fold,-0.5161152988911459,2.013422649784082,-0.9061084921987004,2.5388369986582484,39.32251147457221,0.99,4,-0.5161152988911459,RF,Apul
FUN_042666_200467,39,5,5,5,5-fold,-0.29621861688982437,0.23107973045569838,-0.06808821189721628,0.05893511397549221,1200.0351272738794,0.1,0,-0.06808821189721628,ElasticNet,Apul
FUN_015214_73377,39,21,20,20,5-fold,-22.514255365868877,26.432820893314563,-48.47107151221649,90.66451054282446,603.9167638976481,0.1,0,-22.514255365868877,RF,Apul
FUN_004780_22675,39,4,4,4,5-fold,-0.5093847951147437,0.5058839959966175,-0.24805192574960594,0.15838068158562088,1260.5928738858604,0.1,1,-0.24805192574960594,ElasticNet,Apul
FUN_040712_191288,39,11,7,7,5-fold,-0.6679898015359926,1.3214739525255512,0.001261726664698526,0.2290417541709412,4.12268671817183,0.95,7,0.001261726664698526,ElasticNet,Apul
FUN_008061_38461,39,15,10,10,5-fold,-0.5582252688763549,0.4571544883169905,-0.49338436646675954,0.7185315350431092,8.807385418649616,0.99,6,-0.49338436646675954,ElasticNet,Apul
FUN_031205_140943,39,8,7,7,5-fold,-0.8313392890566919,1.1055089342384008,-0.9422688836182603,1.6192462792137619,694.8718253565332,0.1,0,-0.8313392890566919,RF,Apul
FUN_011740_54869,39,5,5,5,5-fold,-0.48853944499103524,0.8637173709412316,-0.23502803638454606,0.1874040116915443,946.3343292811154,0.1,0,-0.23502803638454606,ElasticNet,Apul
FUN_004042_17415,39,37,20,20,5-fold,-0.35655849234982684,0.28750228459565763,-0.15365829905375605,0.24746284431030635,1055.5402410176498,0.1,3,-0.15365829905375605,ElasticNet,Apul
FUN_023383_104911,39,4,4,4,5-fold,-1.8529268850269411,2.486795151237618,-1.9205453655487426,2.825633879510957,1.6590271819498865,0.5,4,-1.8529268850269411,RF,Apul
FUN_040328_189662,39,2,2,2,5-fold,0.12271150231571079,0.22994871073644566,-0.25956220925437623,0.3854969025320178,1.591677109485094,0.5,2,0.12271150231571079,RF,Apul
FUN_043391_205377,39,28,28,28,5-fold,-0.9084050325798291,1.047205591910901,-0.4483206377719626,0.5967371658598113,1664.9694296564708,0.1,0,-0.4483206377719626,ElasticNet,Apul
FUN_014588_68640,39,4,4,4,5-fold,-0.5410219744219811,0.5893433578370387,-0.3150110891753187,0.3739295287202367,46.353777840149526,0.99,2,-0.3150110891753187,ElasticNet,Apul
FUN_006287_29922,39,102,88,88,5-fold,-0.08940997652407627,0.2864061515369275,-0.30175979077637494,0.1192353406129098,148.3856137312829,0.99,1,-0.08940997652407627,RF,Apul
FUN_012676_61325,39,5,5,5,5-fold,-13.59085719632273,26.079613835699142,-7.830598078953938,15.156856937059342,919.6213844714057,0.1,0,-7.830598078953938,ElasticNet,Apul
FUN_014753_69881,39,14,8,8,5-fold,-6.105458999586692,11.989215275790427,-5.09891586772446,9.990793157325127,104.65429001120823,0.99,1,-5.09891586772446,ElasticNet,Apul
FUN_025643_116461,39,16,16,16,5-fold,-0.331794873896585,0.31616136548863494,-0.2701595810020018,0.37683356636903687,4.00890560357159,0.1,16,-0.2701595810020018,ElasticNet,Apul
FUN_005229_25389,39,6,2,2,5-fold,-0.4287100463974075,0.6324551212472386,-0.09469998397094388,0.08346240600630346,41.09657970137293,0.99,1,-0.09469998397094388,ElasticNet,Apul
FUN_012684_61396,39,4,4,4,5-fold,-3.605026557569583,6.563990383925076,-2.907897215346555,5.508095013757368,1013.7715640986808,0.1,0,-2.907897215346555,ElasticNet,Apul
FUN_035010_160968,39,2,2,2,5-fold,-0.3678370373046995,0.39267048021537726,-0.15898244139481088,0.18674102525585692,594.7073013418018,0.1,0,-0.15898244139481088,ElasticNet,Apul
FUN_004083_17640,39,3,3,3,5-fold,-5.9933980857119,10.152809186406273,-4.509552014159763,7.506581994395329,454.3885021306978,0.1,0,-4.509552014159763,ElasticNet,Apul
FUN_014781_70097,39,4,2,2,5-fold,-0.7490318124606009,1.0259876207202026,-0.5714652069120936,0.8769080091571764,5.235674706605844,0.99,1,-0.5714652069120936,ElasticNet,Apul
FUN_028303_129731,39,4,4,4,5-fold,-1.0786147951283933,0.988011675104031,-1.4508382955514132,1.60353914008023,3.7599111694570153,0.1,4,-1.0786147951283933,RF,Apul
FUN_020928_93418,39,53,53,53,5-fold,-5.098637988608958,9.149740598698806,-5.264150796235869,10.316175164744445,1550.2000542239823,0.1,1,-5.098637988608958,RF,Apul
FUN_037592_174592,39,19,12,12,5-fold,-3.378773674589484,6.516067807473704,-4.06979791321121,7.939046156300434,2847.509270523847,0.1,0,-3.378773674589484,RF,Apul
FUN_012386_59749,39,51,34,34,5-fold,-7.779422389447825,15.457712843586956,-4.797405517583068,9.378724967276431,1625.0182957549926,0.1,0,-4.797405517583068,ElasticNet,Apul
FUN_014812_70343,39,26,22,22,5-fold,-0.9980495538214484,0.9699551083058683,-0.6651958790037842,1.0119420599558613,7.9072015093245405,0.1,22,-0.6651958790037842,ElasticNet,Apul
FUN_033120_151739,39,27,22,22,5-fold,-1.4956183425523397,2.303333986863336,-1.16171551731385,1.3455354723515447,2018.7317128785032,0.1,0,-1.16171551731385,ElasticNet,Apul
FUN_008921_44052,39,3,3,3,5-fold,-1.597551232695327,2.9559324692382853,-2.488441349305604,4.644116521956439,847.7182832070825,0.1,0,-1.597551232695327,RF,Apul
FUN_022520_98853,39,6,6,6,5-fold,-0.2358674026465549,0.3247739889022039,-0.20748960618453927,0.11705440658092116,4.388727297590409,0.1,6,-0.20748960618453927,ElasticNet,Apul
FUN_005341_26040,39,5,3,3,5-fold,-1.5822758879016614,2.645470788845572,-1.3300469784533244,1.9752814934778022,519.2708357444126,0.1,0,-1.3300469784533244,ElasticNet,Apul
FUN_038340_180405,39,5,5,5,5-fold,-1.775148417272416,1.8264197042764425,-1.513891204807048,1.709928072744504,1388.8247936922678,0.1,0,-1.513891204807048,ElasticNet,Apul
FUN_016069_76828,39,4,2,2,5-fold,-1.95771159980882,3.7658014380017453,-2.054174478201179,4.021789013273623,0.15606073398991796,0.9,2,-1.95771159980882,RF,Apul
FUN_004291_19142,39,9,8,8,5-fold,-0.4430845639572657,0.952739035067862,-29.71267099700915,58.85413875399572,501.17208338141756,0.1,0,-0.4430845639572657,RF,Apul
FUN_037007_171242,39,8,8,8,5-fold,-3.6049366817495807,6.820839280534041,-3.6834494529840365,7.263732490188413,1070.4185901621117,0.1,0,-3.6049366817495807,RF,Apul
FUN_032994_151159,39,11,11,11,5-fold,-17.910402549833613,35.004340009248594,-11.376327461438139,22.158810676135438,841.2426406481703,0.1,0,-11.376327461438139,ElasticNet,Apul
FUN_008633_42389,39,6,6,6,5-fold,-2.003659901491061,2.353671460987452,-1.2125765066820369,1.442794183743422,1429.101705521245,0.1,0,-1.2125765066820369,ElasticNet,Apul
FUN_022805_100837,39,51,39,39,5-fold,-0.33890836890275483,0.17748159897211566,-0.18716642012397786,0.09546987822737371,1648.0946276562522,0.1,0,-0.18716642012397786,ElasticNet,Apul
FUN_043192_203644,39,2,2,2,5-fold,-0.7719175371817157,1.027715186142501,-0.5979677912372985,0.5644678503000446,14.824100710216692,0.1,2,-0.5979677912372985,ElasticNet,Apul
FUN_002695_13507,39,15,5,5,5-fold,-0.6184561659684835,0.4352258077661796,-0.3933960613369869,0.3938572320586133,785.755805221511,0.1,0,-0.3933960613369869,ElasticNet,Apul
FUN_017845_84110,39,15,11,11,5-fold,-1.988236363553834,1.4834094942099938,-1.4384237949362209,1.2224731480331001,1140.9274778407027,0.1,0,-1.4384237949362209,ElasticNet,Apul
FUN_038218_179306,39,34,25,25,5-fold,-0.9939311136000356,0.9606336197613393,-0.9056336449366306,1.2039250537634296,1792.6540217115075,0.1,0,-0.9056336449366306,ElasticNet,Apul
FUN_016314_78299,39,3,3,3,5-fold,-2.0609191120390107,3.014962215625688,-0.5568353093744065,0.6551669489493466,9.736125629153468,0.1,3,-0.5568353093744065,ElasticNet,Apul
FUN_032151_146395,39,15,11,11,5-fold,-0.9404348007122556,1.3815448931950864,-1.938558324362609,3.538474893483102,14.63548153622245,0.9,11,-0.9404348007122556,RF,Apul
FUN_015340_74036,39,2,2,2,5-fold,-0.335849137983268,0.28407777148410085,-0.45082484439004133,0.3311568285079573,28.709029780413672,0.7,1,-0.335849137983268,RF,Apul
FUN_028940_132495,39,11,11,11,5-fold,-0.14466419582022944,0.14353113326338673,-0.1792192018623477,0.11659763321312612,90.29922805977964,0.99,2,-0.14466419582022944,RF,Apul
FUN_006145_29175,39,13,13,13,5-fold,-1.2677629419367034,2.4512275245977313,-0.9959375534702983,1.7401264454311876,1465.2930610766139,0.1,0,-0.9959375534702983,ElasticNet,Apul
FUN_000292_1180,39,4,4,4,5-fold,-19.583520328461038,36.002448826114346,-17.798489134957585,33.12568799767985,918.0764442396941,0.1,0,-17.798489134957585,ElasticNet,Apul
FUN_025661_116631,39,5,5,5,5-fold,-1.4326846175865458,1.2232608450704863,-0.8764576962662755,0.7285166565945854,1282.3759298563537,0.1,0,-0.8764576962662755,ElasticNet,Apul
FUN_039293_184719,39,9,7,7,5-fold,-0.6064040110508345,0.730266656273717,-0.06763402240507813,0.02892062615977383,1047.6162814969182,0.1,0,-0.06763402240507813,ElasticNet,Apul
FUN_001532_8302,39,8,8,8,5-fold,-8.921191999747235,17.28266703032189,-7.7164911083588805,15.171476095736347,1.3991685171636028,0.5,8,-7.7164911083588805,ElasticNet,Apul
FUN_040206_188970,39,6,6,6,5-fold,-0.33296615632916315,0.30030424772592945,-0.5770018690258428,0.7520285045681545,97.00208050262195,0.99,2,-0.33296615632916315,RF,Apul
FUN_033754_153612,39,10,6,6,5-fold,-0.4464464700453675,0.6649307788907682,-0.3842448131935221,0.8407399118130765,1.8221143012904695,0.7,6,-0.3842448131935221,ElasticNet,Apul
FUN_032235_146961,39,100,83,83,5-fold,-1.523204788033493,2.2053258858318423,-1.1615708693760232,2.096691639691359,202.6065066608372,0.99,1,-1.1615708693760232,ElasticNet,Apul
FUN_026023_119311,39,8,7,7,5-fold,-0.4591143796402072,0.3699173822026095,-0.3230874729064941,0.269217676978115,1216.725449192598,0.1,0,-0.3230874729064941,ElasticNet,Apul
FUN_034143_156230,39,3,3,3,5-fold,-1.6099066775268853,1.4736423236878025,-0.9970915039344621,1.2651709050434348,1.3582338293450287,0.5,3,-0.9970915039344621,ElasticNet,Apul
FUN_027850_126988,39,12,12,12,5-fold,-10.429207334781681,20.57810434941932,-5.416347429010703,9.897580339355082,3.169143065288457,0.1,12,-5.416347429010703,ElasticNet,Apul
FUN_004445_20296,39,10,9,9,5-fold,-8.247182575793849,7.143215254335921,-2.5360159590739726,2.528689961371341,227.40730920911787,0.1,0,-2.5360159590739726,ElasticNet,Apul
FUN_022429_98119,39,6,6,6,5-fold,-0.45686631960752333,0.7010204064226266,-0.7985596875451891,0.7760436683694528,46.90541984446665,0.99,4,-0.45686631960752333,RF,Apul
FUN_032026_145464,39,8,8,8,5-fold,-0.7647320106486648,0.41870804404789325,-0.3805140704875416,0.35170222384622585,2.117304482358886,0.99,8,-0.3805140704875416,ElasticNet,Apul
FUN_007646_36041,39,9,9,9,5-fold,-11.45387615943371,22.450826329995994,-14.018515220134322,27.863400004815645,0.7627655092536039,0.5,9,-11.45387615943371,RF,Apul
FUN_023383_104913,39,7,7,7,5-fold,-2.188680165266376,3.379711443238578,-0.8762630322988378,1.442140684042421,58.92469558710717,0.99,3,-0.8762630322988378,ElasticNet,Apul
FUN_026080_119744,39,2,2,2,5-fold,-0.6844355519366063,0.7759982194695343,-0.56713975659509,0.6110689925709006,2.3137792664090022,0.1,2,-0.56713975659509,ElasticNet,Apul
FUN_037244_172536,39,2,2,2,5-fold,-1.7558800467873936,3.1233668796220297,-1.1149719735179322,2.060898755871475,5.90311315596806,0.99,2,-1.1149719735179322,ElasticNet,Apul
FUN_026080_119748,39,2,2,2,5-fold,-0.7476542385769015,1.0914682801428377,-0.5213350005728591,0.8830816388635115,0.6416309704536788,0.5,2,-0.5213350005728591,ElasticNet,Apul
FUN_032306_147449,39,15,11,11,5-fold,-362.65793883115487,500.92945837481005,-312.481434565845,603.7656142688435,38.058570028241284,0.99,1,-312.481434565845,ElasticNet,Apul
FUN_040671_190961,39,9,6,6,5-fold,-2.0572252414056997,3.272912633652534,-1.2926167763823841,1.793326264132486,32.39471879525581,0.99,2,-1.2926167763823841,ElasticNet,Apul
FUN_023224_103842,39,19,18,18,5-fold,-0.3177677739694452,0.2059066024908465,-0.14117009289791502,0.20953952449160385,1.8371162601773403,0.1,18,-0.14117009289791502,ElasticNet,Apul
FUN_003165_14613,39,87,75,75,5-fold,-0.6149969443847307,0.806509477708453,-0.49059444123576057,0.4132965372937345,167.86540218495895,0.99,1,-0.49059444123576057,ElasticNet,Apul
FUN_012528_60418,39,3,3,3,5-fold,-58.89668840411971,117.26318818220551,-53.86150658460798,107.60952030156939,934.9340756777551,0.1,0,-53.86150658460798,ElasticNet,Apul
FUN_013575_64967,39,16,9,9,5-fold,-1.0472175556810739,1.6190482566654572,-0.17128559594963194,0.12214707772873538,15.040301344809437,0.95,8,-0.17128559594963194,ElasticNet,Apul
FUN_025459_115392,39,2,2,2,5-fold,-0.5698343612491106,0.35824692435853717,-0.4633381475873353,0.45179435594343265,7.368850758459559,0.1,2,-0.4633381475873353,ElasticNet,Apul
FUN_034781_159187,39,6,6,6,5-fold,-1.303702256069246,1.3884911909622897,-0.9005656743401961,1.0319118430087562,1.1775886668871842,0.5,5,-0.9005656743401961,ElasticNet,Apul
FUN_025780_117420,39,7,7,7,5-fold,-0.4938331169069377,0.4400040551065985,-0.14157810541988813,0.0997350246824652,229.1068397340339,0.1,6,-0.14157810541988813,ElasticNet,Apul
FUN_037843_176066,39,6,6,6,5-fold,-12.511531199610946,24.87808147123313,-13.803392772654377,27.470664031783958,1158.059722993308,0.1,0,-12.511531199610946,RF,Apul
FUN_011946_56410,39,12,12,12,5-fold,-11.26916089513275,21.945673561830365,-10.366191472653568,20.518248237619876,1418.9535828008009,0.1,0,-10.366191472653568,ElasticNet,Apul
FUN_038297_180048,39,4,4,4,5-fold,-0.4536937559547134,0.28990962873583426,-0.24715893102683303,0.298015704679657,1020.9516558570348,0.1,0,-0.24715893102683303,ElasticNet,Apul
FUN_026680_123070,39,7,5,5,5-fold,-0.8508591261741814,2.1289148318484217,-0.49203110944843276,0.7462104246307075,897.6101366915029,0.1,0,-0.49203110944843276,ElasticNet,Apul
FUN_005341_26043,39,9,9,9,5-fold,-1.1035112483475096,1.2704904451099475,-0.7695473273037778,1.3393579694288409,12.9254002354969,0.99,6,-0.7695473273037778,ElasticNet,Apul
FUN_041682_195348,39,22,14,14,5-fold,-1.2749608853028314,1.4477985497567243,-1.0221441555043105,1.6602970015785585,1.7506129492169529,0.1,14,-1.0221441555043105,ElasticNet,Apul
FUN_025782_117436,39,2,2,2,5-fold,-0.7659224952053775,0.3143756332804281,-0.2307926707476496,0.2310184225339902,674.4692917738308,0.1,0,-0.2307926707476496,ElasticNet,Apul
FUN_031841_144278,39,2,2,2,5-fold,-0.7956169652201422,0.8116685661632858,-0.4818455765631787,0.5018805310061962,1081.391382998816,0.1,0,-0.4818455765631787,ElasticNet,Apul
FUN_034061_155772,39,21,21,21,5-fold,-0.0860046868065627,0.04885768718797932,-0.2322256909861658,0.32648338995000886,2375.9100323997327,0.1,0,-0.0860046868065627,RF,Apul
FUN_017807_83862,39,12,12,12,5-fold,-0.7214384428852003,0.7319594343308304,-0.8402378950854758,1.006389708656415,8.410123089158423,0.1,12,-0.7214384428852003,RF,Apul
FUN_002452_12302,39,39,29,29,5-fold,-0.6072536171475852,0.3867272230300008,-0.39647500249264944,0.32765142694864835,1625.3087588368326,0.1,0,-0.39647500249264944,ElasticNet,Apul
FUN_026023_119308,39,11,11,11,5-fold,-0.31751405058288457,0.4292201850352267,-0.1518147407877674,0.14411218610808516,20.7196174234994,0.95,8,-0.1518147407877674,ElasticNet,Apul
FUN_006441_30582,39,3,3,3,5-fold,-4.615385836748691,6.297772389008557,-4.154596313058349,6.981252217714601,2304.887190489917,0.1,0,-4.154596313058349,ElasticNet,Apul
FUN_008308_39967,39,3,3,3,5-fold,-0.9890397710302571,1.0389634692084084,-2.8292899729280427,5.258549053990836,1750.001988456385,0.1,0,-0.9890397710302571,RF,Apul
FUN_002453_12335,39,7,5,5,5-fold,-8.341580206995905,16.5762399947885,-3.23581240618688,6.284616977771338,603.8819784771687,0.1,0,-3.23581240618688,ElasticNet,Apul
FUN_026108_119944,39,6,4,4,5-fold,-12.001177090245548,23.10706480049405,-6.581286933294938,12.801734758798705,706.6634678596381,0.1,0,-6.581286933294938,ElasticNet,Apul
FUN_031724_143725,39,10,9,9,5-fold,-25.712992837208326,50.48851898489337,-25.451262628892334,50.6949310623377,1739.2896299959166,0.1,0,-25.451262628892334,ElasticNet,Apul
FUN_012739_61635,39,18,14,14,5-fold,-0.4100270679857669,0.3881741077983229,-0.3949201084673799,0.5700278004642099,1447.7736933909089,0.1,0,-0.3949201084673799,ElasticNet,Apul
FUN_023984_107979,39,11,11,11,5-fold,-6.518232950341583,12.83006480683513,-3.601216532417837,7.058188841142473,39.733997994307174,0.99,5,-3.601216532417837,ElasticNet,Apul
FUN_025984_118760,39,9,9,9,5-fold,-0.4918498540646247,0.1995046367898337,-0.09661640051403464,0.060337839306394976,187.1627113305848,0.99,0,-0.09661640051403464,ElasticNet,Apul
FUN_032378_147944,39,12,6,6,5-fold,-1.0285524770080354,2.599915831434567,-1.2887620154120492,2.056901513209454,5.137009868913922,0.9,6,-1.0285524770080354,RF,Apul
FUN_023159_103365,39,4,4,4,5-fold,-0.3393609006055832,0.42439817351208753,-0.7065913459746429,0.5467302112499992,1714.8747349742912,0.1,0,-0.3393609006055832,RF,Apul
FUN_026007_118840,39,8,5,5,5-fold,-0.6504727496016022,0.6739330206241073,-0.9072184487121959,0.9911594016436546,84.31405966942583,0.99,1,-0.6504727496016022,RF,Apul
FUN_023647_106537,39,3,3,3,5-fold,-0.9206855386174618,1.1147128774963546,-0.7755612442033651,0.9941491483712598,1102.2530129089444,0.1,0,-0.7755612442033651,ElasticNet,Apul
FUN_014880_70864,39,8,8,8,5-fold,-0.20551842007166177,0.1636438284871608,-0.08815308175886334,0.08937092615663804,1413.97941025157,0.1,0,-0.08815308175886334,ElasticNet,Apul
FUN_035037_161126,39,10,10,10,5-fold,-1.5176127812194868,2.9583592401248238,-2.794509826132922,5.381196673122975,0.32507286312630196,0.7,10,-1.5176127812194868,RF,Apul
FUN_041861_196828,39,7,7,7,5-fold,-1.1256239370759225,0.9496988167633638,-0.7541748760866146,0.6998459555267269,758.9018395876203,0.1,0,-0.7541748760866146,ElasticNet,Apul
FUN_038619_182301,39,9,8,8,5-fold,-23.29205148883859,46.24957294867115,-15.181145209859352,30.286147380110403,1.0149497660821007,0.1,8,-15.181145209859352,ElasticNet,Apul
FUN_014884_70888,39,3,2,2,5-fold,-0.9581405919840164,1.484578720947864,-1.4011497342427883,2.50567554074348,0.8063702419068842,0.1,2,-0.9581405919840164,RF,Apul
FUN_012033_56968,39,2,2,2,5-fold,-5.987980679868217,11.61339395364703,-5.915478829169597,11.636920428726048,96.8431267939593,0.99,1,-5.915478829169597,ElasticNet,Apul
FUN_014447_67599,39,2,2,2,5-fold,-0.15914819020005216,0.6316266440937501,-0.2806420050513959,0.7596071885389015,0.8733535829113891,0.5,2,-0.15914819020005216,RF,Apul
FUN_016990_82230,39,145,112,100,5-fold,-1.330766484875761,1.7281309745983946,-3.027947868954834,4.3913862293152235,221.81381834479578,0.7,9,-1.330766484875761,RF,Apul
FUN_026486_122085,39,3,3,3,5-fold,-0.7719101275253634,0.38765688912162505,-0.681016946272128,0.6083081850508364,2.118067901334325,0.1,3,-0.681016946272128,ElasticNet,Apul
FUN_010698_50687,39,12,11,11,5-fold,-2.4261746707383085,4.771680288402239,-1.3346193915094262,2.490693303168736,2033.6802155400558,0.1,0,-1.3346193915094262,ElasticNet,Apul
FUN_040687_191130,39,2,2,2,5-fold,-6.279916923952164,12.058740789589555,-4.294124316233955,7.957831972533424,655.6695643417664,0.1,0,-4.294124316233955,ElasticNet,Apul
FUN_023249_104075,39,6,6,6,5-fold,-0.35037071707924233,0.5098405900271615,-0.22380673714205232,0.4434302259697222,1.8555796726682545,0.5,6,-0.22380673714205232,ElasticNet,Apul
FUN_038297_180050,39,13,13,13,5-fold,-0.28662348375511526,0.5222647159022801,-0.1228918109430676,0.1189951926323892,23.02981786633073,0.95,10,-0.1228918109430676,ElasticNet,Apul
FUN_012001_56769,39,7,7,7,5-fold,-12.107360074458374,23.042851657822137,-11.83337190037824,15.239174582331229,23.073565316695788,0.1,6,-11.83337190037824,ElasticNet,Apul
FUN_010632_50226,39,36,29,29,5-fold,-1.4612252508759282,1.645533922348395,-0.8895968933425316,1.1940116157428242,1967.0248697413635,0.1,0,-0.8895968933425316,ElasticNet,Apul
FUN_012142_57731,39,18,17,17,5-fold,-1.6106136326129359,1.8359014744339528,-0.3496063529630026,0.23927968378777908,1013.3159161688744,0.1,0,-0.3496063529630026,ElasticNet,Apul
FUN_010623_50159,39,4,4,4,5-fold,-0.3101005960435585,0.3057813454564201,-0.45384963222646774,0.5709802342213489,1.6568469380450281,0.5,4,-0.3101005960435585,RF,Apul
FUN_043433_205766,39,4,4,4,5-fold,-0.5808377911566488,0.5407401687680482,-0.2912426503837188,0.2338061263187502,1075.040545255435,0.1,0,-0.2912426503837188,ElasticNet,Apul
FUN_034940_160430,39,13,13,13,5-fold,-1.0213334069739868,1.1515256665100522,-0.7495858226921726,0.9662890576027044,111.4277813642975,0.99,1,-0.7495858226921726,ElasticNet,Apul
FUN_015311_73894,39,7,7,7,5-fold,-0.018511975346082864,0.14710953338264204,-0.01946996812532977,0.0845078483453643,0.8364552816173905,0.5,7,-0.018511975346082864,RF,Apul
FUN_034874_159968,39,16,12,12,5-fold,-0.9451392104460956,1.5965208067994707,-0.48513597770939454,0.6357532097937336,109.48373444688373,0.99,4,-0.48513597770939454,ElasticNet,Apul
FUN_012670_61298,39,11,7,7,5-fold,-1.3907199004517405,1.7045099635239696,-2.6741265208089695,2.2339456029946883,176.93065749902436,0.99,1,-1.3907199004517405,RF,Apul
FUN_010681_50596,39,18,13,13,5-fold,-1.3815138336699018,2.1810016165751205,-0.8800456459762582,1.5436099937026533,1446.5233880354626,0.1,0,-0.8800456459762582,ElasticNet,Apul
FUN_004889_23445,39,2,2,2,5-fold,-0.4911515432333555,0.5628081071208481,-0.6951912261979898,1.150052811027428,1254.145639455291,0.1,0,-0.4911515432333555,RF,Apul
FUN_022199_96407,39,12,12,12,5-fold,-0.1887247352998853,0.17665940568598684,-0.15022549765368048,0.23680345203874897,1023.716949575757,0.1,0,-0.15022549765368048,ElasticNet,Apul
FUN_008921_44054,39,2,2,2,5-fold,-1.0686193905281534,1.745995030971207,-1.3176066902341013,2.1413688833380853,58.98932928422481,0.99,1,-1.0686193905281534,RF,Apul
FUN_041880_196995,39,23,21,21,5-fold,-20.747280868843735,41.26109189434681,-11.982945936457964,22.93630110948503,1857.9493813418462,0.1,0,-11.982945936457964,ElasticNet,Apul
FUN_024160_109046,39,5,4,4,5-fold,-0.8046214531034259,0.7687208928646271,-1.0152759646539498,0.9494316183989238,505.73506481921976,0.1,0,-0.8046214531034259,RF,Apul
FUN_038273_179776,39,5,5,5,5-fold,-0.8135972207637348,0.6518261284797929,-0.5311000440736817,0.5525858661863228,0.6411612254108067,0.5,5,-0.5311000440736817,ElasticNet,Apul
FUN_035348_162913,39,9,6,6,5-fold,-1.4305201734615245,1.7858106176925257,-0.6080181330346214,1.1249413929865053,699.5384100117873,0.1,0,-0.6080181330346214,ElasticNet,Apul
FUN_016288_78091,39,3,3,3,5-fold,-10.479714132910702,20.12290433964104,-9.171510213698022,18.041236784334302,2.5625685055613823,0.1,3,-9.171510213698022,ElasticNet,Apul
FUN_038474_181421,39,4,4,4,5-fold,-1.2016340880421468,0.8526411279812613,-0.5410634186448104,0.6236717220663904,980.8876756642045,0.1,0,-0.5410634186448104,ElasticNet,Apul
FUN_033223_152083,39,4,4,4,5-fold,-0.6357531012549856,1.5519692407701362,-1.2058041082814803,2.4017729875251845,1.1866104611932125,0.5,4,-0.6357531012549856,RF,Apul
FUN_033999_155303,39,57,48,48,5-fold,-1.9796682291636878,1.9309879172296947,-1.9057613163697993,2.000038187099642,39.23668795836274,0.95,32,-1.9057613163697993,ElasticNet,Apul
FUN_023205_103748,39,5,5,5,5-fold,-0.25857155515971003,0.13072729165926036,-0.20026000071372602,0.15110447687593265,0.13541878387828768,0.95,5,-0.20026000071372602,ElasticNet,Apul
FUN_040237_189136,39,10,9,9,5-fold,-2.248105852195164,3.1497605394733967,-2.2529281540515624,3.119665567402465,1053.6278833315591,0.1,0,-2.248105852195164,RF,Apul
FUN_043560_206601,39,8,8,8,5-fold,-0.11105191968606302,0.3037733867851223,-0.21860218291125752,0.27845485440475265,69.43290077479634,0.99,5,-0.11105191968606302,RF,Apul
FUN_022380_97757,39,2,2,2,5-fold,-137.54635542661893,274.69732295207416,-98.2531366027987,196.2911066829029,1543.2338031368188,0.1,0,-98.2531366027987,ElasticNet,Apul
FUN_010943_52209,39,2,2,2,5-fold,-17.33090365226739,33.67765509184633,-14.869117176276381,29.533200802602607,942.8531874504014,0.1,0,-14.869117176276381,ElasticNet,Apul
FUN_023236_103960,39,4,4,4,5-fold,-1.930147769849502,2.313286944228712,-1.3989231713637449,1.7247040020167008,41.88147718317023,0.99,3,-1.3989231713637449,ElasticNet,Apul
FUN_036251_168510,39,7,7,7,5-fold,-2.0778398455032625,3.7759791597559205,-2.2794007545985613,4.364490454751274,1.6091984716443215,0.1,7,-2.0778398455032625,RF,Apul
FUN_023558_105981,39,3,3,3,5-fold,-0.6997637937875737,0.4248483169557356,-0.4726169575559386,0.6254233770026982,7.109939733016391,0.5,3,-0.4726169575559386,ElasticNet,Apul
FUN_022195_96366,39,5,5,5,5-fold,-0.6413348523768049,0.4938017168427998,-0.3382538396700143,0.45890439536120253,742.1806163185342,0.1,0,-0.3382538396700143,ElasticNet,Apul
FUN_025569_116104,39,8,8,8,5-fold,-1.937473675312814,3.1195745662342445,-1.712014700649231,2.5186325897100565,2780.0275250799937,0.1,0,-1.712014700649231,ElasticNet,Apul
FUN_013400_64251,39,10,5,5,5-fold,-0.49289461864228645,0.5459760635146873,-0.16908473948217745,0.14816962035861925,1.0931469456454432,0.95,5,-0.16908473948217745,ElasticNet,Apul
FUN_007760_36588,39,3,3,3,5-fold,-0.3490461163840585,0.45720404520144914,-0.33402457745963077,0.3832325979825501,12.916271011444476,0.1,3,-0.33402457745963077,ElasticNet,Apul
FUN_032715_149844,39,3,3,3,5-fold,-0.5512633650116967,0.27047806122394946,-0.2521929590207329,0.25693600362852,913.6149361925546,0.1,0,-0.2521929590207329,ElasticNet,Apul
FUN_036881_170484,39,6,5,5,5-fold,-5.464224315982543,10.585684924953656,-4.846511675969612,7.39834840164818,107.0250295349774,0.99,2,-4.846511675969612,ElasticNet,Apul
FUN_031516_142480,39,10,3,3,5-fold,-0.5405424963171864,0.496996757512124,-0.2862417633162541,0.33570084523857346,433.9592267720672,0.1,0,-0.2862417633162541,ElasticNet,Apul
FUN_036881_170481,39,19,16,16,5-fold,-8.037850182538744,15.874138367786163,-5.575026148963098,10.993661505200741,70.84203379536503,0.99,3,-5.575026148963098,ElasticNet,Apul
FUN_007020_34026,39,10,10,10,5-fold,-0.06875857451030157,0.3213874821333623,-0.24646439396777137,0.14503900975199518,3.2465433964323966,0.1,10,-0.06875857451030157,RF,Apul
FUN_004340_19527,39,15,7,7,5-fold,-2.1985285953400644,2.353901567625277,-0.8766162717590795,1.0658739235986874,581.6406548837036,0.1,0,-0.8766162717590795,ElasticNet,Apul
FUN_015317_73910,39,7,7,7,5-fold,-0.9188822867876428,1.279590797642281,-0.5163736757785096,0.4821546805919972,1.6902883507824087,0.5,7,-0.5163736757785096,ElasticNet,Apul
FUN_035268_162602,39,5,5,5,5-fold,-0.7392020047722113,1.248755152547832,-0.5563159837631506,1.055625087158519,11.391709290329702,0.95,5,-0.5563159837631506,ElasticNet,Apul
FUN_031497_142360,39,157,121,100,5-fold,-0.3308933747655743,0.3870803213450158,-0.19532879393456987,0.34109741263351534,8.742592514151593,0.7,94,-0.19532879393456987,ElasticNet,Apul
FUN_016131_77263,39,5,5,5,5-fold,-0.9090297259825991,1.1960094944796793,-0.7340983019315155,1.0517962146199236,1212.3628607452029,0.1,0,-0.7340983019315155,ElasticNet,Apul
FUN_033694_153266,39,2,2,2,5-fold,-0.4369445328291395,0.8590158877683507,-0.19377968629897432,0.263010351419261,15.725339100023472,0.95,2,-0.19377968629897432,ElasticNet,Apul
FUN_041432_193420,39,11,10,10,5-fold,-0.8261442400639727,0.7332923806387154,-0.7235272922468351,0.36734692733056423,1102.2132677666125,0.1,0,-0.7235272922468351,ElasticNet,Apul
FUN_026024_119338,39,6,4,4,5-fold,-0.3016311158849822,0.5512247457452913,-0.18525647223560035,0.21711537135500059,695.7525291673492,0.1,0,-0.18525647223560035,ElasticNet,Apul
FUN_015063_72350,39,17,13,13,5-fold,-0.7776821264335514,0.7617167871950795,-0.21975791468542027,0.1876799590980222,972.301295355108,0.1,0,-0.21975791468542027,ElasticNet,Apul
FUN_017797_83808,39,8,8,8,5-fold,-0.1271879044124968,0.2787574055263802,-0.22440220294530827,0.21013165177684837,1.4919126550401731,0.1,8,-0.1271879044124968,RF,Apul
FUN_025984_118764,39,8,8,8,5-fold,-0.45861878170803294,0.3849726432691834,-0.8129182460919656,1.560518426989067,75.04382018503321,0.99,4,-0.45861878170803294,RF,Apul
FUN_037210_172281,39,7,7,7,5-fold,-0.44820862128867417,0.4640229455961096,-0.26669918057110675,0.29936261197629216,17.660000971282567,0.99,4,-0.26669918057110675,ElasticNet,Apul
FUN_005032_24214,39,6,4,4,5-fold,-6.3239316567411965,11.945560235818423,-6.6221163499178886,13.014271754871375,352.4665411027604,0.1,0,-6.3239316567411965,RF,Apul
FUN_042630_200121,39,3,3,3,5-fold,-48.264803751714865,94.76226883644141,-43.97883979327462,87.30301272637845,625.0971230645213,0.1,0,-43.97883979327462,ElasticNet,Apul
FUN_008988_44607,39,2,2,2,5-fold,-0.04841677720684685,0.5346692387080012,-0.6649234493777625,1.4105550375703766,11.717863879458342,0.99,2,-0.04841677720684685,RF,Apul
FUN_001908_10446,39,13,12,12,5-fold,-0.6908748474691743,0.6752649958580017,-0.5381309671766372,0.48370262883276355,2482.5967424201904,0.1,0,-0.5381309671766372,ElasticNet,Apul
FUN_028000_127758,39,6,6,6,5-fold,-2.509713503810831,4.786393084825545,-2.547771862801387,4.753746939701513,31.894737554157583,0.95,4,-2.509713503810831,RF,Apul
FUN_008668_42615,39,9,7,7,5-fold,-1.4154196618981025,1.3807351885629517,-1.6286199905510976,2.2164347494927745,46.04142437965196,0.99,1,-1.4154196618981025,RF,Apul
FUN_035747_165203,39,9,5,5,5-fold,-8.209183927023167,13.899939050482491,-3.028704639798726,4.368660614946968,857.7040764410734,0.1,0,-3.028704639798726,ElasticNet,Apul
FUN_002735_13668,39,51,45,45,5-fold,-0.3084921982480884,0.688988306456557,-0.08438724534352593,0.05978419409472363,977.5518833180594,0.1,9,-0.08438724534352593,ElasticNet,Apul
FUN_023636_106499,39,9,9,9,5-fold,-3.273794238928791,5.679621644053587,-3.0962453589300494,5.361649109839401,126.76975821265322,0.95,1,-3.0962453589300494,ElasticNet,Apul
FUN_026023_119310,39,9,9,9,5-fold,-0.5634104002391478,0.4357734460657834,-0.2906692839951947,0.23220041445578032,109.88686246208938,0.99,0,-0.2906692839951947,ElasticNet,Apul
FUN_037936_176787,39,8,8,8,5-fold,-0.42745444593128246,0.5572183350276357,-0.2988578989712691,0.3394058977318034,1217.9719399686712,0.1,0,-0.2988578989712691,ElasticNet,Apul
FUN_008484_41306,39,2,2,2,5-fold,-6.396926031688398,12.029851123156739,-5.708832933644844,11.264341470634125,3.334653932330708,0.1,2,-5.708832933644844,ElasticNet,Apul
FUN_009532_47118,39,9,4,4,5-fold,-0.6757079964317828,0.4880194406560438,-0.6610250869198054,0.6832718743462993,1576.087290999819,0.1,0,-0.6610250869198054,ElasticNet,Apul
FUN_012359_59556,39,19,17,17,5-fold,-0.9974756928764623,1.7441721589935766,-0.6149767717834381,0.8454740752205725,1095.0421670570413,0.1,0,-0.6149767717834381,ElasticNet,Apul
FUN_022219_96630,39,10,8,8,5-fold,-16.069105194741436,30.380646224849006,-15.443985270430563,30.583627948591204,1.9641815347807952,0.1,8,-15.443985270430563,ElasticNet,Apul
FUN_004205_18611,39,3,3,3,5-fold,-1.1429266710349384,1.125414959967775,-0.9190665766281748,1.2292873060537073,13.32294738572415,0.95,2,-0.9190665766281748,ElasticNet,Apul
FUN_025938_118511,39,17,15,15,5-fold,-0.8413985415272796,1.2406538728612653,-0.4590879115303002,0.6579686141301809,26.54499985490249,0.9,13,-0.4590879115303002,ElasticNet,Apul
FUN_016147_77367,39,16,11,11,5-fold,-0.41831094107284256,0.7184943682154306,-0.17081350239186535,0.29642500775595254,1.9783544214268747,0.1,10,-0.17081350239186535,ElasticNet,Apul
FUN_025454_115370,39,67,54,54,5-fold,-9.94745414193262,17.80933859996945,-4.772206039959899,8.692932165632453,58.016967777758964,0.99,16,-4.772206039959899,ElasticNet,Apul
FUN_001425_7684,39,66,41,41,5-fold,-23.364099701311492,45.648273327973236,-11.361307936509785,22.42860658854289,3.496864997986393,0.5,41,-11.361307936509785,ElasticNet,Apul
FUN_032027_145470,39,7,7,7,5-fold,-0.7182117393516558,0.7806092391872613,-0.3749464908513833,0.35936943265556526,3.9328661707208115,0.1,7,-0.3749464908513833,ElasticNet,Apul
FUN_029011_132938,39,15,9,9,5-fold,-1.0012082502884456,1.4196409539306583,-0.2816769257510206,0.45155294015559566,1252.3042404244834,0.1,0,-0.2816769257510206,ElasticNet,Apul
FUN_034165_156460,39,13,13,13,5-fold,-0.25638930020309103,0.2675100047983161,-0.28367816024500037,0.5303269605558185,86.57524193771901,0.99,7,-0.25638930020309103,RF,Apul
FUN_031591_142910,39,54,37,37,5-fold,-6.830541520875663,13.21048797396039,-2.8317399794119664,4.555769252876399,176.14869158106552,0.95,2,-2.8317399794119664,ElasticNet,Apul
FUN_042848_201312,39,17,7,7,5-fold,-0.3725112052934015,0.26944173945283073,-0.6023762588614079,0.6199816216302089,978.1662287545192,0.1,0,-0.3725112052934015,RF,Apul
FUN_042848_201305,39,3,3,3,5-fold,-0.7606929162971733,1.201610879822181,-0.6810927793132786,0.7830524066526219,1085.605482931444,0.1,0,-0.6810927793132786,ElasticNet,Apul
FUN_040107_188457,39,7,7,7,5-fold,-1.7592277317432927,2.7411920883620375,-1.8148126639556161,2.9606259405672173,1218.0673181836985,0.1,0,-1.7592277317432927,RF,Apul
FUN_002774_13806,39,6,6,6,5-fold,-11.37485266358066,22.247249958481213,-18.15785985910863,35.934568277992334,1039.4621137648928,0.1,0,-11.37485266358066,RF,Apul
FUN_041628_194958,39,14,10,10,5-fold,-0.3893308785388455,0.5843810288487623,-0.06533713480863519,0.10286563055765831,1.6329390684015537,0.5,10,-0.06533713480863519,ElasticNet,Apul
FUN_040783_191464,39,5,4,4,5-fold,-0.24129822467653472,0.08823453766021049,-0.036450474769690856,0.03708681067738473,798.96309973581,0.1,0,-0.036450474769690856,ElasticNet,Apul
FUN_022199_96408,39,7,7,7,5-fold,-0.6513378293295597,0.6586334107031067,-0.1931106433036048,0.3159744650631803,1503.5396007127983,0.1,0,-0.1931106433036048,ElasticNet,Apul
FUN_021940_95199,39,9,9,9,5-fold,-1.8848731060213457,3.3934494387961283,-2.2015892663050427,3.955310135369569,95.52654681545167,0.99,2,-1.8848731060213457,RF,Apul
FUN_038230_179396,39,100,63,63,5-fold,-3.617204917289822,5.617556911185376,-4.840996022914204,9.190943209922311,202.75617786349952,0.99,9,-3.617204917289822,RF,Apul
FUN_016432_79484,39,2,2,2,5-fold,-30.45465653068956,59.816482639185885,-28.86217580261077,57.448833716457465,0.9027477983368433,0.5,2,-28.86217580261077,ElasticNet,Apul
FUN_024770_112403,39,21,19,19,5-fold,-20.37470608312396,40.11766225077011,-7.800321886980686,15.242984354600559,2345.6992682681225,0.1,0,-7.800321886980686,ElasticNet,Apul
FUN_008642_42448,39,7,7,7,5-fold,-0.7726474614886315,0.8555329487010283,-0.6469988280150162,0.7217539156411996,6.46990873531507,0.7,7,-0.6469988280150162,ElasticNet,Apul
FUN_000990_4412,39,11,11,11,5-fold,-1.2272042724219958,0.4257320914104624,-0.5037136956227234,0.16777568543262056,73.92701434366744,0.99,4,-0.5037136956227234,ElasticNet,Apul
FUN_007338_35585,39,3,3,3,5-fold,-0.9877517544104041,0.751314541514742,-1.118641144838987,1.6925086543457624,0.7875531620359674,0.5,3,-0.9877517544104041,RF,Apul
FUN_041678_195313,39,10,7,7,5-fold,-1.2706595564561696,2.320679593905791,-1.9085206282275426,3.4164334130519367,2.105856943219596,0.1,7,-1.2706595564561696,RF,Apul
FUN_026009_118932,39,12,10,10,5-fold,-0.36927067405253294,0.3196852350429934,-0.21864855567383273,0.3163377465402348,243.14317149978808,0.1,9,-0.21864855567383273,ElasticNet,Apul
FUN_013324_63603,39,5,5,5,5-fold,-1.1557066599759866,1.5260904693510218,-0.6160461307712538,0.5068382668068908,11.750211953884563,0.9,5,-0.6160461307712538,ElasticNet,Apul
FUN_035513_163785,39,10,4,4,5-fold,-0.45514463876871736,0.22038152992068985,-0.332431135960372,0.48648263807884573,2314.748441318986,0.1,0,-0.332431135960372,ElasticNet,Apul
FUN_015056_72322,39,2,2,2,5-fold,-0.8211111924422205,0.6752624149733378,-0.38011234213515305,0.522935921477877,619.216204861867,0.1,0,-0.38011234213515305,ElasticNet,Apul
FUN_034937_160420,39,9,9,9,5-fold,-0.789432601261919,0.8582034385737807,-0.4477115682652145,0.7382180398571269,46.19461475891801,0.99,5,-0.4477115682652145,ElasticNet,Apul
FUN_041939_197463,39,12,12,12,5-fold,-4.427137366590758,6.911913975634973,-3.1705817614256375,5.490447134300942,1548.3737913933487,0.1,1,-3.1705817614256375,ElasticNet,Apul
FUN_001532_8303,39,14,12,12,5-fold,-7.647237606949581,14.989986727011026,-8.313558767278224,16.289649119964157,0.31519006818037704,0.9,12,-7.647237606949581,RF,Apul
FUN_025984_118762,39,3,3,3,5-fold,-0.6450597989361965,0.7530195057542935,-0.11665134234435692,0.10191896702756131,727.4228465421821,0.1,0,-0.11665134234435692,ElasticNet,Apul
FUN_013324_63605,39,3,3,3,5-fold,-0.22181477286722523,0.2973484413256005,-0.37346281786681884,0.28855954572101206,1.597846520550911,0.5,3,-0.22181477286722523,RF,Apul
FUN_025984_118754,39,5,5,5,5-fold,-0.3777933134889354,0.5090423695642601,-0.05956640542155669,0.05903850099688863,847.5556975447179,0.1,0,-0.05956640542155669,ElasticNet,Apul
FUN_041939_197462,39,3,3,3,5-fold,-4.462860609622516,7.997041640600352,-5.19252096220412,9.873088792780282,496.8862866774571,0.1,0,-4.462860609622516,RF,Apul
FUN_025109_113676,39,4,4,4,5-fold,-0.28448836445191683,0.28771064412074543,-0.3499705052528585,0.36641538209542523,128.3971950506311,0.99,2,-0.28448836445191683,RF,Apul
FUN_022199_96400,39,3,3,3,5-fold,-1.0535416576969028,0.9537060842141405,-0.9232625384018143,1.0898314083571248,919.9788630240566,0.1,0,-0.9232625384018143,ElasticNet,Apul
FUN_012684_61403,39,3,3,3,5-fold,-3.4445337185129317,5.521514180163382,-2.351299183330986,3.8653522344972444,1.6718274830955828,0.1,3,-2.351299183330986,ElasticNet,Apul
FUN_028303_129723,39,6,4,4,5-fold,-0.9427881761179655,1.1730951228285478,-0.5816998601787505,0.9251887743873354,1099.9073506367447,0.1,0,-0.5816998601787505,ElasticNet,Apul
FUN_001532_8304,39,15,9,9,5-fold,-8.604443808555972,16.115068335227495,-8.004832732115762,15.555318742205792,13.439922608629589,0.99,8,-8.004832732115762,ElasticNet,Apul
FUN_008716_42905,39,13,12,12,5-fold,-0.33600743370901276,1.1193781468105721,-0.7223962702992612,0.9354548298439322,2.2835851691749216,0.7,11,-0.33600743370901276,RF,Apul
FUN_006581_31245,39,26,23,23,5-fold,-1.6946125563805694,3.2136700584800075,-2.218582852814982,4.317884833982779,16.53398607337104,0.95,14,-1.6946125563805694,RF,Apul
FUN_041835_196661,39,2,2,2,5-fold,0.0466076824983398,0.41693742976492154,-0.21196700882548197,0.25764119333566105,477.3911396025143,0.1,0,0.0466076824983398,RF,Apul
FUN_034892_160103,39,18,13,13,5-fold,-5.048425133476405,9.317455865418012,-3.7683464469157393,6.937410773825991,9.656565954872093,0.99,9,-3.7683464469157393,ElasticNet,Apul
FUN_010945_52223,39,11,9,9,5-fold,-1.4349135564874562,2.2405564875771957,-1.0779060721802334,1.7697381252117268,857.7312345335567,0.1,0,-1.0779060721802334,ElasticNet,Apul
FUN_043664_207525,39,5,3,3,5-fold,-1.0375192122907346,1.6158725667267753,-0.9396018758201,1.656065471154018,3.41219392541473,0.5,3,-0.9396018758201,ElasticNet,Apul
FUN_008194_39341,39,4,4,4,5-fold,-0.6072414492537138,0.6558237225600295,-0.6546458977363233,0.854038589584997,1.2486749427754475,0.1,4,-0.6072414492537138,RF,Apul
FUN_001594_8781,39,15,10,10,5-fold,-1.0604232951110015,1.1941434676094493,-1.0168320312675996,1.4352298283154519,71.37147415283633,0.99,4,-1.0168320312675996,ElasticNet,Apul
FUN_014734_69746,39,4,4,4,5-fold,-1.4240807911841877,1.6047554374458086,-1.1013703390641731,1.544062543074633,1239.5221914348697,0.1,0,-1.1013703390641731,ElasticNet,Apul
FUN_014780_70091,39,9,7,7,5-fold,-1.3417474391447997,1.9782179887026394,-0.8828500396227756,1.433813957027684,2.25718502624508,0.95,6,-0.8828500396227756,ElasticNet,Apul
FUN_004099_17854,39,4,4,4,5-fold,-0.32932450205688724,0.2800798786399626,-0.17449407442017004,0.23281538209053979,20.785349174043148,0.99,2,-0.17449407442017004,ElasticNet,Apul
FUN_010789_51298,39,23,14,14,5-fold,-0.3283959943544068,0.5484745797534993,-0.3711196275263353,0.5010610197271765,2617.6110853353175,0.1,0,-0.3283959943544068,RF,Apul
FUN_035214_162144,39,9,9,9,5-fold,-2.6423016156031993,4.900853670423515,-1.431553819967692,2.5133788002848956,391.8804050982035,0.1,5,-1.431553819967692,ElasticNet,Apul
FUN_028154_128728,39,10,10,10,5-fold,-0.5222949628389355,0.5833564066346557,-0.26237987337902696,0.15302068006977693,1224.2599321090775,0.1,0,-0.26237987337902696,ElasticNet,Apul
FUN_023293_104354,39,4,4,4,5-fold,-1.2288305517249447,1.9137973598275866,-1.1267264547322284,1.9763001749461118,2268.1882777320548,0.1,0,-1.1267264547322284,ElasticNet,Apul
FUN_042624_200081,39,23,22,22,5-fold,-1.9914833434407562,3.339848974804135,-1.6362698063798002,2.8017753179266665,1103.8972509871564,0.1,0,-1.6362698063798002,ElasticNet,Apul
FUN_031841_144287,39,18,15,15,5-fold,-1.4162846324692095,1.479484914591079,-1.221693685932193,1.5633589733100919,2.1464459417516735,0.5,15,-1.221693685932193,ElasticNet,Apul
FUN_020851_93177,39,5,5,5,5-fold,-0.278237450317243,0.5621055075430316,-0.4107440239009847,0.7457694505829092,67.68966440387571,0.99,3,-0.278237450317243,RF,Apul
FUN_032378_147940,39,3,2,2,5-fold,-1.3657987298560896,1.9814964322559665,-0.6536669243867925,0.7564644887025499,1.613742413951265,0.5,2,-0.6536669243867925,ElasticNet,Apul
FUN_008194_39340,39,2,2,2,5-fold,-0.2565568359136097,0.5295188328654529,-0.4133739777533041,0.4580164004812016,466.21657288169655,0.1,0,-0.2565568359136097,RF,Apul
FUN_001204_6047,39,16,12,12,5-fold,-0.654057948039191,1.0364491611940077,-0.3318433283587478,0.5393638078780412,0.9785741771005404,0.7,12,-0.3318433283587478,ElasticNet,Apul
FUN_026024_119337,39,5,5,5,5-fold,-0.14393450395284757,0.20748826806383336,-0.13324623122590595,0.19693883882588703,9.763713825005997,0.99,5,-0.13324623122590595,ElasticNet,Apul
FUN_008544_41810,39,5,5,5,5-fold,-5.25512923443453,9.7529808639895,-3.5710866687583454,6.772800679164353,981.1967882319174,0.1,0,-3.5710866687583454,ElasticNet,Apul
FUN_024471_110830,39,4,4,4,5-fold,-3.419831786099047,6.1412474697343535,-2.103889521250834,4.003520145705542,18.727515792432133,0.99,2,-2.103889521250834,ElasticNet,Apul
FUN_025984_118759,39,12,12,12,5-fold,0.1384377739132065,0.27115943217391303,-0.03403350393921174,0.04296438489144907,66.75917982348905,0.99,2,0.1384377739132065,RF,Apul
FUN_015191_73281,39,220,160,100,5-fold,-1.215490705305538,1.9870454426232913,-0.5574819857785305,0.7722570395931567,2682.0613594697775,0.1,0,-0.5574819857785305,ElasticNet,Apul
FUN_003786_16031,39,12,12,12,5-fold,-55.14023480982998,102.76542425278842,-18.363436241771627,34.2561649409904,726.3990243994739,0.1,0,-18.363436241771627,ElasticNet,Apul
FUN_031700_143499,39,6,6,6,5-fold,-0.13036393464932355,0.21894114217943436,-0.0804706817062784,0.05767210031857707,25.728767839173152,0.99,2,-0.0804706817062784,ElasticNet,Apul
FUN_003708_15819,39,24,10,10,5-fold,-1.965754670732392,3.796799713101962,-1.500398819276549,2.7676579781291273,761.2260431418492,0.1,0,-1.500398819276549,ElasticNet,Apul
FUN_005336_26002,39,9,9,9,5-fold,-0.6597767471838931,0.5761077063822141,-0.5870950303476005,0.6653887242543498,89.86531493265676,0.1,9,-0.5870950303476005,ElasticNet,Apul
FUN_014563_68525,39,6,5,5,5-fold,-3.788307278569762,7.213367051334247,-1.9680699494369702,3.511943732720039,53.06467511567737,0.95,3,-1.9680699494369702,ElasticNet,Apul
FUN_038297_180043,39,10,9,9,5-fold,-1.2008328931502983,1.2170628218949457,-0.8304147660616715,1.2900796297686692,111.75933089020305,0.99,1,-0.8304147660616715,ElasticNet,Apul
FUN_025644_116489,39,22,14,14,5-fold,-0.1177377498937815,0.3447691349415121,-0.08175721716836933,0.21993947867089825,33.7156714285579,0.99,9,-0.08175721716836933,ElasticNet,Apul
FUN_007181_35198,39,10,10,10,5-fold,-12.55315781496861,24.583265151654203,-3.976561953626805,7.782012907633651,23.98163645282885,0.99,6,-3.976561953626805,ElasticNet,Apul
FUN_031072_140561,39,11,4,4,5-fold,-0.8135585083602894,1.0542552644338956,-0.6564883812116395,0.7088478566157359,200.05844579638728,0.99,1,-0.6564883812116395,ElasticNet,Apul
FUN_041861_196829,39,11,4,4,5-fold,-2.4362220846209945,3.4973772707180797,-2.322115190288457,3.4138877101123533,0.40200174545281864,0.7,4,-2.322115190288457,ElasticNet,Apul
FUN_031789_144090,39,3,3,3,5-fold,-0.46490928360498424,0.8725198223622601,-0.4077536984578626,0.5338941905706621,499.404169165581,0.1,0,-0.4077536984578626,ElasticNet,Apul
FUN_042946_201989,39,42,25,25,5-fold,-1.0463208732239058,1.2643177835781196,-0.8152697289868055,1.2327947356204665,118.19265855999231,0.95,1,-0.8152697289868055,ElasticNet,Apul
FUN_039937_187250,39,16,15,15,5-fold,-2.0032252575374,3.1520265325871097,-1.690412987474297,3.0457505274788716,1044.7696715444708,0.1,0,-1.690412987474297,ElasticNet,Apul
FUN_023044_102444,39,15,13,13,5-fold,-0.9179111709418774,1.3818039817518066,-1.1081473165154092,1.8968696710814357,1638.5813982877817,0.1,0,-0.9179111709418774,RF,Apul
FUN_023551_105905,39,2,2,2,5-fold,-0.40413456825647687,0.42860871628062114,-0.45175913454224864,0.6418248624599102,38.19033929618374,0.99,1,-0.40413456825647687,RF,Apul
FUN_035418_163266,39,6,6,6,5-fold,-0.0018137764938968904,0.37344040830905845,-0.353872396710312,0.3799012668495621,1554.8286473140456,0.1,0,-0.0018137764938968904,RF,Apul
FUN_006145_29176,39,6,6,6,5-fold,-0.2977920424140076,0.4522547851178213,-4.079028521538326,7.046884923551951,751.6929806395367,0.1,1,-0.2977920424140076,RF,Apul
FUN_010945_52222,39,4,3,3,5-fold,-0.7822345499677364,0.7937358138384245,-0.8013081566875618,0.8547918620656254,1063.860569014308,0.1,0,-0.7822345499677364,RF,Apul
FUN_026899_123750,39,5,5,5,5-fold,-28.254207785234268,54.70715644768811,-19.797636691321507,38.853043028269866,21.614039517299997,0.1,5,-19.797636691321507,ElasticNet,Apul
FUN_006929_33331,39,5,4,4,5-fold,-0.5223576430435909,0.4493679530802429,-0.31921964719625584,0.31206642882578944,1.3117212613071778,0.5,4,-0.31921964719625584,ElasticNet,Apul
FUN_001316_6775,39,58,58,58,5-fold,-0.5938486462312089,0.889109991084196,-0.93695360407293,1.1594953533993275,45.244512598256684,0.9,42,-0.5938486462312089,RF,Apul
FUN_015109_72649,39,35,26,26,5-fold,-0.488137902217565,0.5900488988967164,-0.4739359830777735,0.6246924907671176,6.852844082093062,0.1,26,-0.4739359830777735,ElasticNet,Apul
FUN_027850_126987,39,23,23,23,5-fold,-16.419606219783784,30.949286296687326,-6.844470945220381,12.543928310479982,1554.8953353914815,0.1,0,-6.844470945220381,ElasticNet,Apul
FUN_024346_109908,39,6,6,6,5-fold,-0.18169970078658598,0.2112276465051314,-0.5285610954540075,0.7835568633620549,891.4348219050771,0.1,0,-0.18169970078658598,RF,Apul
FUN_031072_140562,39,14,12,12,5-fold,-1.1116667689223783,1.4896140975082275,-0.938967267409026,1.651564486650825,2.1331205499571664,0.5,12,-0.938967267409026,ElasticNet,Apul
FUN_011059_52863,39,3,3,3,5-fold,-1.2055295005551916,1.7869772234399093,-0.39172822762322,0.4853760836144898,1166.9388616250076,0.1,0,-0.39172822762322,ElasticNet,Apul
FUN_040328_189663,39,5,5,5,5-fold,-0.6395162791224707,0.4084854034950391,-0.18746937805985492,0.12749633579370312,9.50184084122754,0.9,5,-0.18746937805985492,ElasticNet,Apul
FUN_024222_109413,39,9,8,8,5-fold,-1.3867272349475084,2.2310461001361643,-0.7322506505377712,1.2054639508318146,9.759082621738644,0.95,8,-0.7322506505377712,ElasticNet,Apul
FUN_017799_83811,39,68,64,64,5-fold,-0.2787456977168738,0.3003427347979916,-0.35632105861419305,0.5706098191472525,2560.9716553611347,0.1,0,-0.2787456977168738,RF,Apul
FUN_023560_105992,39,16,11,11,5-fold,-1.6994233828734058,3.013902972428103,-1.2466419516275198,2.2185730428844503,129.3317748420159,0.99,0,-1.2466419516275198,ElasticNet,Apul
FUN_002727_13650,39,14,7,7,5-fold,-0.85339351594044,1.0496834836397426,-0.37130383558342184,0.5684404345119796,695.4278152000006,0.1,0,-0.37130383558342184,ElasticNet,Apul
FUN_010719_50832,39,18,15,15,5-fold,-0.4311246697736312,0.3170573813899495,-0.3359376494050398,0.2817503711862032,1737.1371173877872,0.1,0,-0.3359376494050398,ElasticNet,Apul
FUN_016596_80419,39,5,5,5,5-fold,-20.79625273975156,38.57583991080224,-10.241587188258677,19.04512160764112,45.18868990771065,0.99,2,-10.241587188258677,ElasticNet,Apul
FUN_025938_118509,39,25,17,17,5-fold,-119.72927836291292,221.79771717856906,-82.85446618453675,153.39152768092603,179.14792878014478,0.99,1,-82.85446618453675,ElasticNet,Apul
FUN_032394_148088,39,4,4,4,5-fold,-0.4823903113379272,0.5001384222902322,-0.39877963046280707,0.4545597600009324,956.5398073878885,0.1,0,-0.39877963046280707,ElasticNet,Apul
FUN_009298_45914,39,4,4,4,5-fold,-0.2459231502005744,0.3928937318795918,-0.35005504361063844,0.48322849953711394,1009.0745045050998,0.1,0,-0.2459231502005744,RF,Apul
FUN_041835_196659,39,2,2,2,5-fold,-0.548065829306491,0.8459675625454637,-0.4471026567620194,0.8219549663620715,324.07159983270657,0.1,0,-0.4471026567620194,ElasticNet,Apul
FUN_041776_196067,39,3,3,3,5-fold,-13.855043032442982,27.451816530057755,-8.693535864379268,17.22012365699475,61.17901295042267,0.99,1,-8.693535864379268,ElasticNet,Apul
FUN_013547_64793,39,42,42,42,5-fold,-0.2924238249840949,0.6554458332521886,-0.7934567981822163,0.9762905443017483,138.34533793421787,0.99,5,-0.2924238249840949,RF,Apul
FUN_012528_60421,39,2,2,2,5-fold,-11.68979729066167,22.61390753707475,-10.852459534680602,21.68977458753373,1.5852822127802146,0.5,2,-10.852459534680602,ElasticNet,Apul
FUN_025582_116182,39,6,6,6,5-fold,-0.3783537344368215,0.5714423696402302,-0.35355312433306396,0.5692442757877926,4.760876679230591,0.9,6,-0.35355312433306396,ElasticNet,Apul
FUN_031221_141038,39,4,4,4,5-fold,-17.77539084840744,35.2105441425197,-14.269421473081518,28.310460209844457,1463.7838301611002,0.1,0,-14.269421473081518,ElasticNet,Apul
FUN_004876_23348,39,11,10,10,5-fold,-0.6528906240152837,1.0684935967593787,-0.44873624358045827,0.6427738265726035,2496.999509559992,0.1,0,-0.44873624358045827,ElasticNet,Apul
FUN_028849_132119,39,15,13,13,5-fold,-2.676759461190391,3.4477460491997967,-0.5867594277979166,0.8674885398463481,2.4548424254486068,0.1,13,-0.5867594277979166,ElasticNet,Apul
FUN_006221_29490,39,3,3,3,5-fold,-0.26078596325713943,0.2556541551931041,-0.1670030015114839,0.18260489944130315,17.583462396305922,0.99,2,-0.1670030015114839,ElasticNet,Apul
FUN_037491_173957,39,6,6,6,5-fold,-1.1735077463563381,2.472669148360989,-1.1349192258911829,2.0978368869955855,18.842741860466095,0.99,3,-1.1349192258911829,ElasticNet,Apul
FUN_008484_41307,39,3,3,3,5-fold,-5.34742361021206,9.867742552358564,-5.023983767773404,9.645333397631822,1605.800934165624,0.1,0,-5.023983767773404,ElasticNet,Apul
FUN_032314_147537,39,2,2,2,5-fold,-0.6865742838695187,0.4425923374210705,-0.420369386266281,0.2942806455412917,125.38528223065413,0.99,1,-0.420369386266281,ElasticNet,Apul
FUN_028143_128657,39,3,3,3,5-fold,-3.6236567680267084,6.734929624113594,-3.7850402191161985,7.3598839133108385,653.7071335990565,0.1,0,-3.6236567680267084,RF,Apul
FUN_034723_158972,39,6,6,6,5-fold,-0.2696936365029513,0.2546717728843594,-0.22790197983602414,0.15941361761205872,96.28944756755217,0.99,2,-0.22790197983602414,ElasticNet,Apul
FUN_034143_156228,39,14,14,14,5-fold,-1.398798449920334,0.8795533809096991,-0.9107791100046825,0.7621421111692935,57.11756892982198,0.7,7,-0.9107791100046825,ElasticNet,Apul
FUN_029136_133920,39,41,35,35,5-fold,-0.5818488905284113,0.7309059587468899,-0.46878136710053636,0.7393081328718633,11.474932849162155,0.1,35,-0.46878136710053636,ElasticNet,Apul
FUN_036027_166955,39,9,9,9,5-fold,-0.1835411653986672,0.2729030037693508,-0.13915795302862516,0.18393372425486545,22.74018550285441,0.99,6,-0.13915795302862516,ElasticNet,Apul
FUN_001220_6186,39,8,6,6,5-fold,-1.1322511630601388,1.964560468631885,-0.2929546817587258,0.2976531146761912,0.523803667289025,0.5,6,-0.2929546817587258,ElasticNet,Apul
FUN_005892_27909,39,12,12,12,5-fold,-6.570462804371625,12.304956659837758,-3.8773631707092924,7.339147861970549,663.5529494646294,0.1,0,-3.8773631707092924,ElasticNet,Apul
FUN_016288_78115,39,4,4,4,5-fold,-12.897930684484404,25.1797853062632,-9.54993348367983,18.91557942142831,234.94240146729942,0.1,0,-9.54993348367983,ElasticNet,Apul
FUN_012670_61302,39,3,3,3,5-fold,-0.9875429601711414,1.103943357941145,-1.2441310589306416,1.39661067505513,166.44435136475553,0.99,1,-0.9875429601711414,RF,Apul
FUN_038474_181425,39,4,4,4,5-fold,-0.3839968262401029,0.13724282788355724,-0.3340956553003644,0.18585951138101903,1059.7998980637306,0.1,0,-0.3340956553003644,ElasticNet,Apul
FUN_031068_140543,39,15,15,15,5-fold,-0.7322377318481574,0.41877889866077583,-0.49369290593097565,0.49027458078130837,58.878229880590965,0.95,6,-0.49369290593097565,ElasticNet,Apul
FUN_001648_9115,39,3,3,3,5-fold,-0.6948644557413338,0.8082185985326553,-0.43541215780446996,0.73383944256319,1.5937161978373833,0.5,3,-0.43541215780446996,ElasticNet,Apul
FUN_016131_77256,39,4,4,4,5-fold,-0.5764664981639079,0.4643876091987633,-0.4569831550178858,0.5417957580796744,1456.6367627796378,0.1,0,-0.4569831550178858,ElasticNet,Apul
FUN_000402_1855,39,11,11,11,5-fold,-1.4427461381432327,3.1054773395243123,-1.3856896101590324,2.265740346444692,2.8517454340947603,0.5,11,-1.3856896101590324,ElasticNet,Apul
FUN_004143_18102,39,45,40,40,5-fold,-0.3468462177811168,0.20701926410297106,-0.6360091039485072,0.747076090822598,77.1350448673878,0.99,14,-0.3468462177811168,RF,Apul
FUN_037369_173211,39,8,8,8,5-fold,-0.9362726276281741,1.0595699288692388,-0.9820557512833498,1.079289853952304,258.6329464716195,0.99,2,-0.9362726276281741,RF,Apul
FUN_041628_194960,39,7,4,4,5-fold,-0.3380750471793559,0.35168818641294103,-0.32133422448903215,0.5084149563225465,701.2463223218306,0.1,0,-0.32133422448903215,ElasticNet,Apul
FUN_037228_172458,39,3,3,3,5-fold,-0.684806333132873,0.8314864223078551,-0.5582975549902807,0.8758432869432591,77.45171882011341,0.7,3,-0.5582975549902807,ElasticNet,Apul
FUN_008660_42546,39,3,3,3,5-fold,-0.8839337980500573,1.0891984762703708,-0.9162863780291104,1.4001501708463657,0.7385711456942785,0.5,3,-0.8839337980500573,RF,Apul
FUN_022775_100662,39,2,2,2,5-fold,-3.0922237100774597,5.143222102299835,-1.6553625217599035,2.8723035420965455,1.0268629122834896,0.5,2,-1.6553625217599035,ElasticNet,Apul
FUN_016147_77365,39,10,10,10,5-fold,-0.18202580634191912,0.21283837286529414,-0.0191126900366128,0.02725447823344379,1371.1962765733206,0.1,0,-0.0191126900366128,ElasticNet,Apul
FUN_017756_83475,39,3,3,3,5-fold,-0.10095193757221174,0.33124596615154894,-0.15956166988095916,0.3929634408074815,0.47574111351756926,0.7,3,-0.10095193757221174,RF,Apul
FUN_040236_189132,39,3,3,3,5-fold,-0.9787589675956909,0.6425205818889692,-0.8114270147545589,0.5348779338687637,15.356100789624572,0.1,3,-0.8114270147545589,ElasticNet,Apul
FUN_033018_151313,39,16,12,12,5-fold,-0.362895088045782,0.40846621523477156,-0.04112087768329018,0.1410593110579355,4.786664397260739,0.9,11,-0.04112087768329018,ElasticNet,Apul
FUN_010920_52071,39,8,7,7,5-fold,-1.473537683246588,1.9417359412064246,-1.3288298475663152,1.7622689922764485,66.69734589763641,0.99,2,-1.3288298475663152,ElasticNet,Apul
FUN_038070_177925,39,17,13,13,5-fold,-0.8634474528196048,1.3269851295457797,-0.31310710628732874,0.5757269179684655,10.547725399941468,0.9,9,-0.31310710628732874,ElasticNet,Apul
FUN_035037_161127,39,9,9,9,5-fold,-2.5203250094707483,5.099093131035987,-2.933151563176172,5.694910276787192,0.6576515086390217,0.5,9,-2.5203250094707483,RF,Apul
FUN_034265_157016,39,35,31,31,5-fold,-0.895038524613142,1.0857059360023749,-0.7672852073091619,0.7293928818657837,62.57328810284785,0.9,17,-0.7672852073091619,ElasticNet,Apul
FUN_001349_7055,39,8,5,5,5-fold,-74.84250971517682,149.2697220574357,-71.70520750519538,140.7912412567255,48.89902018312406,0.5,5,-71.70520750519538,ElasticNet,Apul
FUN_011256_53319,39,7,7,7,5-fold,-1.6486968529096822,2.3021938583999346,-0.9438414011138677,1.25971621943472,27.2996144497183,0.1,7,-0.9438414011138677,ElasticNet,Apul
FUN_031646_143188,39,3,3,3,5-fold,-0.2420142956232481,0.5581602489086174,0.005702917920869166,0.3190908759379276,0.9350672610473783,0.5,3,0.005702917920869166,ElasticNet,Apul
FUN_036773_169794,39,9,8,8,5-fold,-0.6816211572165795,0.8583223551868732,-0.6843375111828554,0.6349585321294734,0.3576890355674922,0.99,8,-0.6816211572165795,RF,Apul
FUN_017760_83511,39,4,4,4,5-fold,-0.7791956335402836,0.6250546313946143,-0.3931024127055531,0.32115559841452906,420.26581896559264,0.1,0,-0.3931024127055531,ElasticNet,Apul
FUN_012715_61578,39,15,15,15,5-fold,-16492.98855628262,27836.624102786718,-6852.157669281512,12171.295368388728,137.32717030146154,0.7,1,-6852.157669281512,ElasticNet,Apul
FUN_004780_22676,39,5,5,5,5-fold,-0.8086873976132549,0.7404428022213823,-0.3463277704766755,0.34541107823013384,720.356950139405,0.1,0,-0.3463277704766755,ElasticNet,Apul
FUN_029099_133638,39,9,9,9,5-fold,-0.590792670529966,0.5107581746220442,-0.20617477392104422,0.29647470441392926,252.4158805023375,0.99,2,-0.20617477392104422,ElasticNet,Apul
FUN_025984_118756,39,9,8,8,5-fold,-0.1594531049481235,0.12106647808678034,-0.0923542828193011,0.07416239820040255,7.719336399144583,0.99,5,-0.0923542828193011,ElasticNet,Apul
FUN_014780_70089,39,2,2,2,5-fold,-1.327738351614226,2.607813857744552,-1.403778015379687,2.3089406230247698,4.005640619697605,0.95,2,-1.327738351614226,RF,Apul
FUN_031930_144845,39,39,33,33,5-fold,-0.8228558449808018,1.0622332677905453,-0.572030041938858,0.6116617101395251,1269.3253944080484,0.1,0,-0.572030041938858,ElasticNet,Apul
FUN_020852_93180,39,4,3,3,5-fold,-1.0532459159333851,0.9654152188758903,-0.5491648667829299,0.38620857773252426,1663.8839539735122,0.1,0,-0.5491648667829299,ElasticNet,Apul
FUN_043299_204577,39,7,7,7,5-fold,-12.006573721732906,23.515521451502572,-10.942056433307823,20.640523639675635,1.8763190271154992,0.5,7,-10.942056433307823,ElasticNet,Apul
FUN_034938_160423,39,13,13,13,5-fold,-0.33479920150436576,0.7958632562885555,-0.2110508875831533,0.32531868905349354,47.16644047237102,0.99,7,-0.2110508875831533,ElasticNet,Apul
FUN_026080_119750,39,2,2,2,5-fold,-1.3204196974114786,2.027208954893217,-1.0542596105568809,1.204897003198337,73.7455053861937,0.95,1,-1.0542596105568809,ElasticNet,Apul
FUN_028511_130954,39,6,6,6,5-fold,0.056433905651097606,0.3094331780273135,-0.2985441115110215,0.6791994461719785,0.7169290038592497,0.5,6,0.056433905651097606,RF,Apul
FUN_042923_201911,39,8,6,6,5-fold,-0.4040227747555134,0.425069483805582,-0.31197323998540044,0.4778664937357739,2216.680454652208,0.1,0,-0.31197323998540044,ElasticNet,Apul
FUN_038175_178925,39,3,3,3,5-fold,-0.6511695015249734,0.343017812268539,-0.8145668602732478,0.6699618932190375,0.45649364953360844,0.5,3,-0.6511695015249734,RF,Apul
FUN_015183_73242,39,34,26,26,5-fold,-4.740369953012371,8.606138650851785,-3.9160940691232873,7.8723340140184765,3.9122574912155956,0.95,24,-3.9160940691232873,ElasticNet,Apul
FUN_040108_188462,39,7,7,7,5-fold,-0.5698685176337713,0.277583699461105,-0.16192617046387925,0.10894533967753965,2170.6603672886667,0.1,0,-0.16192617046387925,ElasticNet,Apul
FUN_031669_143353,39,5,4,4,5-fold,-1.9719923000650723,4.01127769819044,-1.6815286350203824,3.122657513910443,30.997459399405358,0.99,3,-1.6815286350203824,ElasticNet,Apul
FUN_008642_42445,39,3,3,3,5-fold,-4.214931660852173,7.913548105886777,-1.6366062932076275,2.7308008163328075,3.8224538596561826,0.1,3,-1.6366062932076275,ElasticNet,Apul
FUN_022199_96406,39,7,7,7,5-fold,-0.1406608029333271,0.33186860046960004,-0.17695304045860444,0.22986648090025755,1210.1562571474371,0.1,0,-0.1406608029333271,RF,Apul
FUN_043515_206291,39,4,4,4,5-fold,-1.2469293642940193,2.1495760862656685,-0.7774861595510476,1.2096055566791784,1360.4362032530478,0.1,0,-0.7774861595510476,ElasticNet,Apul
FUN_031199_140920,39,6,6,6,5-fold,-0.20292428444115268,0.1538701204077531,-0.12222744341378208,0.11688571619381163,878.8984299701983,0.1,0,-0.12222744341378208,ElasticNet,Apul
FUN_017834_84015,39,55,38,38,5-fold,-0.9686405103272946,1.00612369991306,-1.0554009302317748,1.4898071719052144,10.296002685395024,0.5,36,-0.9686405103272946,RF,Apul
FUN_014748_69865,39,5,2,2,5-fold,-1.5342728141926485,2.7848152162494606,-1.2263635650277531,2.200881941635296,2.6839907134070855,0.9,2,-1.2263635650277531,ElasticNet,Apul
FUN_022195_96363,39,2,2,2,5-fold,-0.4297049275923849,0.7563962973397192,-0.2970220320626794,0.3155873800853355,34.07813689877462,0.99,2,-0.2970220320626794,ElasticNet,Apul
FUN_029147_134022,39,56,55,55,5-fold,-10.513777406372375,19.996241082188604,-5.232494243028078,10.199049303810034,1739.9655586707588,0.1,0,-5.232494243028078,ElasticNet,Apul
FUN_034812_159363,39,45,31,31,5-fold,-1.3492663764264983,1.8385585596271743,-2.460242727350811,4.171316567961709,1.4021414060005035,0.5,30,-1.3492663764264983,RF,Apul
FUN_032004_145340,39,4,4,4,5-fold,-0.35336014232226176,0.13949987835193497,-0.15418574929803905,0.12589854969485095,1000.0912217627728,0.1,0,-0.15418574929803905,ElasticNet,Apul
FUN_008308_39966,39,2,2,2,5-fold,-0.4326066711195825,0.7771205027347925,-0.40500773602643064,0.5378733753356151,19.683373389328693,0.99,1,-0.40500773602643064,ElasticNet,Apul
FUN_016299_78252,39,4,4,4,5-fold,-10.164463442707454,19.916752863051858,-11.143282776540442,14.508890079233199,3.245403292362329,0.1,4,-10.164463442707454,RF,Apul
FUN_005336_26000,39,3,3,3,5-fold,-0.25586927352092287,0.350616319890524,-0.20731760277555927,0.16700285123552977,511.9042652723019,0.1,0,-0.20731760277555927,ElasticNet,Apul
FUN_022939_101741,39,12,10,10,5-fold,-1.5028765437781388,2.4450406220944734,-2.266679895163872,2.551992377273503,2050.782946973095,0.1,0,-1.5028765437781388,RF,Apul
FUN_022319_97301,39,9,8,8,5-fold,-9.477963619316427,11.258488693943878,-7.844564271665865,8.929038584981058,20.20335862592822,0.95,4,-7.844564271665865,ElasticNet,Apul
FUN_008668_42616,39,2,2,2,5-fold,-2.0144865407916863,2.145649563113595,-1.6098459448757283,2.0751597092870333,1254.369057435219,0.1,0,-1.6098459448757283,ElasticNet,Apul
FUN_037329_173020,39,2,2,2,5-fold,-1.4680878489295919,2.5246023531895503,-0.9765399872506395,1.4028201226177082,0.46124085062109593,0.7,2,-0.9765399872506395,ElasticNet,Apul
FUN_043015_202444,39,24,24,24,5-fold,-18.767289874416104,37.62379158095324,-9.94950630449986,19.885497124875474,5.158080244336872,0.9,24,-9.94950630449986,ElasticNet,Apul
FUN_011863_55688,39,2,2,2,5-fold,-0.4741435013927918,0.19708604721544717,-0.09607641897341526,0.07493936671641346,1434.5154826114613,0.1,0,-0.09607641897341526,ElasticNet,Apul
FUN_022698_100327,39,11,7,7,5-fold,-0.6188841326284085,0.8016948868032284,-0.4466555653649751,0.5171007834058153,1764.3263229320366,0.1,0,-0.4466555653649751,ElasticNet,Apul
FUN_025643_116484,39,19,19,19,5-fold,-8.471112362419278,15.329856980738974,-5.410023648229119,10.255019318249357,1088.2258437142648,0.1,3,-5.410023648229119,ElasticNet,Apul
FUN_006842_32656,39,4,3,3,5-fold,-0.4912361279674535,0.48491270087928856,-0.4469753946017887,0.5366426574268311,6.296318359338757,0.99,3,-0.4469753946017887,ElasticNet,Apul
FUN_034151_156318,39,2,2,2,5-fold,-21.06981124086469,41.638984856802495,-17.307610856578112,34.4264420256473,348.16762877236283,0.1,0,-17.307610856578112,ElasticNet,Apul
FUN_000411_1944,39,8,6,6,5-fold,-0.13418279635061078,0.23962023891616904,-0.8726656969950456,1.715273438460748,2.1662933554264874,0.9,6,-0.13418279635061078,RF,Apul
FUN_040168_188795,39,6,3,3,5-fold,-1.3280551416219883,2.3383042228129223,-0.46174254343128707,0.7789646768462828,744.363754484257,0.1,0,-0.46174254343128707,ElasticNet,Apul
FUN_033796_153987,39,50,46,46,5-fold,-0.032326237454349725,0.10436356153741996,0.02636563426138232,0.05889966014993019,12.758665308443373,0.95,25,0.02636563426138232,ElasticNet,Apul
FUN_024330_109766,39,65,56,56,5-fold,-0.8093145525423726,0.41209764509103264,-0.5808546087057083,0.4663299607157592,10.957553007692193,0.95,47,-0.5808546087057083,ElasticNet,Apul
FUN_010736_50915,39,5,5,5,5-fold,-0.9858649789085053,1.576458573859389,-0.8994774390951911,1.427166694217839,1.4634764878413733,0.5,5,-0.8994774390951911,ElasticNet,Apul
FUN_028977_132708,39,30,29,29,5-fold,-9.992575132201521,18.405569680154645,-6.770681644433161,13.269779859098216,285.70757424543655,0.99,0,-6.770681644433161,ElasticNet,Apul
FUN_028960_132569,39,5,3,3,5-fold,-0.9373317711479986,1.4647049639885,-5.125357041611161,8.050047173430887,1.0874300686844516,0.5,3,-0.9373317711479986,RF,Apul
FUN_005160_24899,39,3,3,3,5-fold,-0.32260095164652797,0.2306954878751814,-0.2859198705067153,0.27047346152644297,1312.2109001529964,0.1,0,-0.2859198705067153,ElasticNet,Apul
FUN_031950_144976,39,12,4,4,5-fold,-3.2246939281032567,5.761513308783651,-2.097320036377737,4.004344966073458,1.5565247814238923,0.1,4,-2.097320036377737,ElasticNet,Apul
FUN_001272_6605,39,15,15,15,5-fold,-0.6477801333726003,0.6840090613682516,-0.2990965796058276,0.37103202238428684,1402.8408753864533,0.1,0,-0.2990965796058276,ElasticNet,Apul
FUN_002621_13046,39,2,2,2,5-fold,-1.206195886957503,2.2129983478895574,-1.0807608053233628,2.0578199400455253,161.1237449772041,0.1,0,-1.0807608053233628,ElasticNet,Apul
FUN_032147_146375,39,14,8,8,5-fold,-7.727130508868688,12.110599194572002,-6.421171139849804,10.968536157797166,0.8491962462136499,0.9,8,-6.421171139849804,ElasticNet,Apul
FUN_038474_181418,39,12,9,9,5-fold,-0.9749302487752768,1.0355774899263768,-1.1550988186818025,1.3290950633324234,74.13667485758732,0.99,3,-0.9749302487752768,RF,Apul
FUN_008270_39713,39,5,5,5,5-fold,-0.22671210346222362,0.3391906268966264,-0.48962665246972004,0.506246306000012,6.239557126806698,0.1,5,-0.22671210346222362,RF,Apul
FUN_031904_144760,39,35,23,23,5-fold,-0.1826131439557338,0.4498224988678251,-0.13719058090367514,0.11592869828877253,66.74465896506052,0.1,22,-0.13719058090367514,ElasticNet,Apul
FUN_003477_15240,39,2,2,2,5-fold,-0.306444322095082,0.8657376221655108,-0.12899837458598326,0.23657289388177746,9.772583834827955,0.1,2,-0.12899837458598326,ElasticNet,Apul
FUN_008400_40654,39,28,23,23,5-fold,-1.0245763660910423,1.241941848244861,-0.7121795764854063,0.5792900963781333,309.302514178651,0.99,1,-0.7121795764854063,ElasticNet,Apul
FUN_012271_58753,39,5,5,5,5-fold,-0.9379334962735884,1.7155143380656497,-1.0700860247403141,2.0778897954522124,58.41645694273476,0.99,3,-0.9379334962735884,RF,Apul
FUN_002003_10828,39,63,63,63,5-fold,-13.448470788594813,27.047643069689244,-41.78403906378499,83.71275651872143,3.625554048474975,0.1,63,-13.448470788594813,RF,Apul
FUN_026023_119307,39,5,5,5,5-fold,-0.40509666287605606,0.37432329633894734,-0.26387977549107,0.21234240770018276,1088.6422606421606,0.1,0,-0.26387977549107,ElasticNet,Apul
FUN_024124_108787,39,20,19,19,5-fold,-0.5729570037120985,0.8727460992782504,-0.6676356992386612,0.9952993895033672,0.9781675432798478,0.5,19,-0.5729570037120985,RF,Apul
FUN_008418_40797,39,6,6,6,5-fold,-0.5862915308015502,0.6276723896518237,-0.4278437818196433,0.5002080436072325,39.8355175244318,0.99,2,-0.4278437818196433,ElasticNet,Apul
FUN_028077_128171,39,4,2,2,5-fold,0.03115923247541994,0.4229252723359225,-0.17654759847830923,0.1463225954971298,716.8854931109779,0.1,0,0.03115923247541994,RF,Apul
FUN_014565_68531,39,5,5,5,5-fold,-0.2877330906106262,0.3033469857341951,-0.18341823017956355,0.13569970350412858,3.9440801157132177,0.1,5,-0.18341823017956355,ElasticNet,Apul
FUN_005341_26041,39,6,4,4,5-fold,-1.6793160670364267,2.8515278554929546,-1.0296983776951039,1.6741042955417553,2.5099383951721355,0.7,4,-1.0296983776951039,ElasticNet,Apul
FUN_025846_117910,39,8,3,3,5-fold,-0.12624946448703964,0.2930820391509933,-0.40000435441763915,0.40609687834940505,6.222170504055431,0.99,2,-0.12624946448703964,RF,Apul
FUN_024346_109909,39,8,8,8,5-fold,-2.8181128681267213,5.1806088923002696,-1.5447391349564268,2.8547251158442757,1056.98827376739,0.1,0,-1.5447391349564268,ElasticNet,Apul
FUN_034274_157046,39,7,7,7,5-fold,-10.781082348842126,21.02409379302824,-6.60692374484871,13.107153234597842,1.192096978917296,0.5,7,-6.60692374484871,ElasticNet,Apul
FUN_010682_50602,39,4,4,4,5-fold,-1.035471778525732,1.463777593273686,-0.6627909986965568,0.9822138965565312,6.648852435136621,0.95,4,-0.6627909986965568,ElasticNet,Apul
FUN_018500_87630,39,99,97,97,5-fold,-0.1399310188125183,0.463031106591488,-0.39142658240855577,0.6157506598904621,2028.0802150085133,0.1,0,-0.1399310188125183,RF,Apul
FUN_037812_175734,39,10,6,6,5-fold,-0.9270023701339163,0.5951859566898774,-0.6080322623641925,0.5644963568544817,11.436837950957996,0.9,5,-0.6080322623641925,ElasticNet,Apul
FUN_001655_9196,39,2,2,2,5-fold,-0.843019048261732,0.9282679754709878,-0.6151155275413702,0.695341049656297,772.2781904915338,0.1,0,-0.6151155275413702,ElasticNet,Apul
FUN_035667_164762,39,2,2,2,5-fold,-0.5680908216520784,0.8961646591216258,-0.3027220482659186,0.3487867469692869,855.7853054302694,0.1,0,-0.3027220482659186,ElasticNet,Apul
FUN_022679_100214,39,6,6,6,5-fold,-3.018263901599515,4.646408217495707,-3.990293013157701,6.518225425604678,2.038160218905016,0.1,6,-3.018263901599515,RF,Apul
FUN_040237_189135,39,8,4,4,5-fold,-1.3920341672745153,1.6902646674433042,-2.1992143297324978,2.4654594169268473,1.2712025168003818,0.1,4,-1.3920341672745153,RF,Apul
FUN_009656_47503,39,6,6,6,5-fold,-0.5997416934083348,0.5463956602925558,-0.23230835232942265,0.26363833801442393,1243.3387946170587,0.1,0,-0.23230835232942265,ElasticNet,Apul
FUN_014683_69358,39,2,2,2,5-fold,-1.310302417100711,2.2377460318505022,-1.4901000048306587,2.256329875739575,24.080790504936886,0.99,2,-1.310302417100711,RF,Apul
FUN_031552_142679,39,6,6,6,5-fold,-3.1869480749276624,5.354672999454768,-3.2558892123799823,4.277810546669381,29.034266507682016,0.95,5,-3.1869480749276624,RF,Apul
FUN_000243_942,39,5,5,5,5-fold,-3.7049661807069327,6.32405819275672,-2.128794350124591,3.920128197970126,555.1788287593904,0.1,0,-2.128794350124591,ElasticNet,Apul
FUN_017851_84159,39,3,3,3,5-fold,-0.06566630186432802,0.3388980657263634,-0.07146451107723853,0.20580465342523685,15.141061137289348,0.99,3,-0.06566630186432802,RF,Apul
FUN_012311_59218,39,12,8,8,5-fold,-6.155274903341894,6.525733251938115,-3.4117866846449187,4.206893991650568,1.305587218826805,0.9,8,-3.4117866846449187,ElasticNet,Apul
FUN_008979_44538,39,4,4,4,5-fold,-1.1862176519448189,1.4802231279959197,-1.1036209805421229,1.6016233692711863,133.81940370261376,0.99,1,-1.1036209805421229,ElasticNet,Apul
FUN_004365_19726,39,5,5,5,5-fold,-0.7880451300017882,0.9788854044685087,-0.6938574632454249,1.3476951076051182,40.51636158693753,0.99,4,-0.6938574632454249,ElasticNet,Apul
FUN_004298_19225,39,5,5,5,5-fold,-0.6022559184828126,1.092612014033633,-0.35859575309668457,0.7042693034480102,58.78792217813681,0.99,2,-0.35859575309668457,ElasticNet,Apul
FUN_029418_135792,39,2,2,2,5-fold,-0.23883070055221411,0.20929988977787548,-0.2680657676701685,0.18615480747490548,516.0388801218413,0.1,0,-0.23883070055221411,RF,Apul
FUN_032574_148961,39,39,24,24,5-fold,-1.0947742867686932,1.7897368351124334,-1.352777226820325,1.7226314624408336,9.407809509789532,0.7,23,-1.0947742867686932,RF,Apul
FUN_041789_196233,39,5,3,3,5-fold,-6.0410974350016575,6.593163248446631,-5.55094862680806,7.2560463349071584,3.185934296612122,0.1,3,-5.55094862680806,ElasticNet,Apul
FUN_004641_21724,39,3,3,3,5-fold,-0.17373939225140428,0.3985588743649164,-0.07897523305717898,0.12315271233350708,7.9650284691626565,0.1,3,-0.07897523305717898,ElasticNet,Apul
FUN_035214_162146,39,10,10,10,5-fold,-0.9305021572325105,1.2487397917161442,-0.8665567748541335,1.7646564896584367,1.07563933202756,0.5,10,-0.8665567748541335,ElasticNet,Apul
FUN_028030_127980,39,8,4,4,5-fold,-0.3946095276215658,0.8658263408930256,-0.46875907122835586,0.633558595732695,8.02169374793523,0.1,4,-0.3946095276215658,RF,Apul
FUN_008533_41667,39,5,5,5,5-fold,-0.5970303877943755,0.8088333286845022,-0.33799875312739236,0.4303854615129561,1643.6235884608902,0.1,0,-0.33799875312739236,ElasticNet,Apul
FUN_009960_48488,39,35,24,24,5-fold,-3.083146373923782,5.84450107160938,-3.096243022251797,5.914793807213794,37.82019109069752,0.99,14,-3.083146373923782,RF,Apul
FUN_037086_171705,39,12,11,11,5-fold,-1.3747466551823395,1.5512281878953775,-0.884650397066115,0.9265226380904148,1597.7012873956357,0.1,0,-0.884650397066115,ElasticNet,Apul
FUN_007760_36587,39,6,6,6,5-fold,-0.47573622496981527,0.5304033196873178,-0.10979832578360775,0.23195577686999314,1.3242846258279384,0.5,6,-0.10979832578360775,ElasticNet,Apul
FUN_010789_51297,39,11,5,5,5-fold,-0.22578319583344203,0.5904017303381827,-0.6757259088679415,0.7809365989829242,6.2175867393770785,0.99,5,-0.22578319583344203,RF,Apul
FUN_022016_95455,39,7,4,4,5-fold,-0.4836780124532476,0.6233757633733293,-0.5593167161496295,0.8068544795095662,9.743839042756488,0.99,4,-0.4836780124532476,RF,Apul
FUN_014552_68447,39,17,15,15,5-fold,-18.164289842921804,35.710107413073665,-22.385964817674033,44.68762794048663,14.417600168856278,0.99,12,-18.164289842921804,RF,Apul
FUN_034143_156227,39,2,2,2,5-fold,-0.7151076663921521,0.47024075307628227,-0.695902165132831,0.47874657886031186,841.7433831500682,0.1,0,-0.695902165132831,ElasticNet,Apul
FUN_041722_195620,39,9,9,9,5-fold,-2.2475119666067758,3.7310319207554072,-1.4864569826858935,2.5203441626790664,185.73240823253946,0.99,3,-1.4864569826858935,ElasticNet,Apul
FUN_026039_119516,39,15,13,13,5-fold,-1.3396513142124058,1.2919109199906322,-0.7547953587875106,0.5992990296835059,10.492393293130862,0.5,12,-0.7547953587875106,ElasticNet,Apul
FUN_004881_23418,39,7,7,7,5-fold,-4.767666830826032,8.374932925780785,-5.705166862200648,10.73828973904322,91.68870415199197,0.99,3,-4.767666830826032,RF,Apul
FUN_043493_206082,39,6,6,6,5-fold,-0.5492773776498885,0.7416474685937186,-0.07398974109281445,0.21666964337418568,65.8185140283827,0.99,3,-0.07398974109281445,ElasticNet,Apul
FUN_043493_206084,39,5,5,5,5-fold,-0.08548085893267032,0.3990767504996908,-0.08977386956410671,0.10981378332186569,0.8406076504518579,0.5,5,-0.08548085893267032,RF,Apul
FUN_008308_39969,39,10,10,10,5-fold,-0.2793241016026758,0.7524981609609994,-0.4643322173427739,0.5000316346584968,849.0638440553682,0.1,0,-0.2793241016026758,RF,Apul
FUN_026490_122128,39,10,9,9,5-fold,-1.0485352032940891,1.7519807969604646,-0.8867051720546428,1.398089470409847,12.303224725075411,0.99,8,-0.8867051720546428,ElasticNet,Apul
FUN_003718_15859,39,4,4,4,5-fold,-0.4225974528443496,0.48121621931450537,-0.1328911954893684,0.08666659195234104,116.3740585313443,0.99,1,-0.1328911954893684,ElasticNet,Apul
FUN_006976_33666,39,5,4,4,5-fold,-3.7049252907910897,7.520259799355273,-1.9655533905090814,3.810898829331486,281.74013228406824,0.1,0,-1.9655533905090814,ElasticNet,Apul
FUN_006748_32180,39,3,3,3,5-fold,-0.5364306410046592,0.4677879725905848,-0.466469208619187,0.459194333040599,59.55407873556728,0.99,1,-0.466469208619187,ElasticNet,Apul
FUN_024346_109912,39,3,3,3,5-fold,-0.6125994677315197,0.8195888686569369,-1.0960354557806387,1.7423701474755657,1380.0352796428876,0.1,0,-0.6125994677315197,RF,Apul
FUN_023383_104912,39,4,4,4,5-fold,-1.2044134851866133,1.9705864643486206,-1.2534129384998312,1.645960118524675,1383.8022667487005,0.1,0,-1.2044134851866133,RF,Apul
FUN_034419_158042,39,193,110,100,5-fold,-1.1257540549574272,1.4022875372353945,-0.48358420828113624,0.31843657557367205,71.81689572025822,0.99,22,-0.48358420828113624,ElasticNet,Apul
FUN_008712_42852,39,4,4,4,5-fold,-0.5343168875517765,0.7540099216969626,-0.7607699491179775,0.4789670579947766,0.24204367903929322,0.99,4,-0.5343168875517765,RF,Apul
FUN_043418_205567,39,3,3,3,5-fold,-1.3176763222801453,1.3911450568709705,-1.073273086679039,1.6428737035697798,1097.61125142825,0.1,0,-1.073273086679039,ElasticNet,Apul
FUN_005366_26213,39,4,4,4,5-fold,-0.6303359186797037,0.9586391327039274,-0.7228601633011931,0.7089926464329128,9.850538176224326,0.9,4,-0.6303359186797037,RF,Apul
FUN_016070_76831,39,20,18,18,5-fold,-1.7152159435099599,2.1243503480252284,-1.3527247910391145,1.7306479853308894,8.011405464204346,0.99,9,-1.3527247910391145,ElasticNet,Apul
FUN_023560_105994,39,11,7,7,5-fold,-1.4618028468488866,1.7457439141584208,-0.8549050934083955,1.476212407314805,679.6731523438999,0.1,0,-0.8549050934083955,ElasticNet,Apul
FUN_008533_41671,39,14,8,8,5-fold,-0.7269063396692652,1.1703019504292538,-0.958618341725067,1.6485984138686465,0.9204069871515568,0.5,8,-0.7269063396692652,RF,Apul
FUN_033754_153620,39,12,12,12,5-fold,-0.4995754563039454,0.629487070064969,-0.18092832247940238,0.24265831394530138,40.04895087930744,0.99,6,-0.18092832247940238,ElasticNet,Apul
FUN_041922_197311,39,2,2,2,5-fold,-0.13480961949207204,0.15727127066791508,0.0994051766416004,0.12187609706496469,0.764471526786339,0.5,2,0.0994051766416004,ElasticNet,Apul
FUN_004580_21337,39,3,3,3,5-fold,-43.74878923697497,86.83885560979587,-43.99817970957396,87.5919391719568,1.1199914534974524,0.5,3,-43.74878923697497,RF,Apul
FUN_025768_117366,39,3,3,3,5-fold,-1.1832240959676652,1.7086697737509742,-1.313350258197196,2.2552370159590143,857.3524474394175,0.1,0,-1.1832240959676652,RF,Apul
FUN_002672_13376,39,24,24,24,5-fold,-0.18488738103782304,0.08931761003337269,-0.3778944529635549,0.4655853573531077,18.208063571121844,0.95,16,-0.18488738103782304,RF,Apul
FUN_034894_160119,39,10,10,10,5-fold,-0.4416679568473498,0.7479511583247749,-0.12944832033960746,0.11280075601882533,71.25216209553956,0.99,4,-0.12944832033960746,ElasticNet,Apul
FUN_012352_59511,39,14,7,7,5-fold,-3.13003768274033,4.960254786490238,-1.9221027320719077,3.2205092447451817,1210.3213900170763,0.1,0,-1.9221027320719077,ElasticNet,Apul
FUN_022315_97283,39,54,37,37,5-fold,-0.8821926405982291,0.8809331440464033,-0.6793095739847848,0.518094435024945,17.551987096748917,0.95,28,-0.6793095739847848,ElasticNet,Apul
FUN_040145_188648,39,40,32,32,5-fold,-0.7511629145128229,1.1366894114169235,-0.37423347690486486,0.5376668042916388,3.011378671692217,0.1,32,-0.37423347690486486,ElasticNet,Apul
FUN_025984_118758,39,5,4,4,5-fold,0.009917674708482305,0.16330592511824377,0.05625116078454162,0.06306162654095812,87.60518231905472,0.99,2,0.05625116078454162,ElasticNet,Apul
FUN_028983_132791,39,4,4,4,5-fold,-0.8886121340808207,1.14885606898003,-0.48881660117627285,0.7674962144949797,1420.9481658705863,0.1,0,-0.48881660117627285,ElasticNet,Apul
FUN_035849_165966,39,5,5,5,5-fold,-0.6706158678329706,1.2084326041590037,-0.8408247843628291,1.4220993279383514,6.178283397118608,0.1,5,-0.6706158678329706,RF,Apul
FUN_006906_33166,39,28,24,24,5-fold,-10.573401338198329,16.034391853301585,-4.534884373277828,6.407963404910995,803.5759250489186,0.1,0,-4.534884373277828,ElasticNet,Apul
FUN_032147_146374,39,7,7,7,5-fold,-4.12697143834699,7.047206149713073,-4.653406787812463,8.348801650058203,297.4237253318896,0.99,1,-4.12697143834699,RF,Apul
FUN_022446_98215,39,48,34,34,5-fold,-1.1375261026685117,1.7736642491985275,-1.464115587364655,1.924002368423701,6.487761931003671,0.7,26,-1.1375261026685117,RF,Apul
FUN_041850_196745,39,9,9,9,5-fold,-2.6347980068535954,4.725077592016613,-2.309290796611763,4.155466460115261,57.52185773980804,0.99,6,-2.309290796611763,ElasticNet,Apul
FUN_040549_190605,39,3,3,3,5-fold,-4.089748658802348,7.821494975156666,-4.144951645524048,8.06555382059104,8.945197646262667,0.1,3,-4.089748658802348,RF,Apul
FUN_038277_179826,39,436,386,100,5-fold,-0.8080860156717298,1.1654799405712273,-0.9863523146566632,1.4522222473874602,45.41433587665124,0.1,96,-0.8080860156717298,RF,Apul
FUN_034780_159170,39,14,9,9,5-fold,-0.29355562676877495,0.7451337750757502,-1.2933603580867055,2.4889272489346874,175.50337321619077,0.99,1,-0.29355562676877495,RF,Apul
FUN_016147_77366,39,14,9,9,5-fold,0.0023902412730776755,0.21589926096315493,-7.567941500364819,15.085588971077932,736.9840032500761,0.1,0,0.0023902412730776755,RF,Apul
FUN_025984_118763,39,2,2,2,5-fold,-0.17712008232213927,0.2133938386010546,-0.29041716944282847,0.3000500956077897,2263.0213120524713,0.1,0,-0.17712008232213927,RF,Apul
FUN_025984_118765,39,5,4,4,5-fold,-0.5227482331453238,0.7474648167677468,-0.10153210650470931,0.14811377650935376,1539.0941391710799,0.1,0,-0.10153210650470931,ElasticNet,Apul
FUN_032090_145886,39,18,17,17,5-fold,-1.2026233954885641,1.854099544318219,-3.018868168924297,5.512859064374202,1.6028551880222823,0.5,17,-1.2026233954885641,RF,Apul
FUN_043192_203647,39,9,8,8,5-fold,-1.183060043445679,1.5460902973136739,-1.1669402985205022,1.557554644778762,1.5500543492205203,0.1,8,-1.1669402985205022,ElasticNet,Apul
FUN_032221_146886,39,3,3,3,5-fold,-0.29109075620369007,0.24727618964529446,-0.056595965524514555,0.07398798382781646,1161.711848094094,0.1,0,-0.056595965524514555,ElasticNet,Apul
FUN_010907_51986,39,32,27,27,5-fold,-0.3006336012311458,0.2170070571761746,-0.15635707902831814,0.12045563454041554,1649.2649475111396,0.1,0,-0.15635707902831814,ElasticNet,Apul
FUN_033986_155214,39,15,10,10,5-fold,-0.09259017024523859,0.19041200795206548,-0.06050547133671245,0.201779767017095,1.1481532522417015,0.5,10,-0.06050547133671245,ElasticNet,Apul
FUN_037493_173964,39,22,22,22,5-fold,-0.21423708457525067,0.4258514019477176,-0.2512268986361194,0.2687562986939543,33.556857375023704,0.1,21,-0.21423708457525067,RF,Apul
FUN_031221_141023,39,5,5,5,5-fold,-10.22532312257852,20.06716556766307,-12.557079880717898,24.95912450160677,92.2676086960894,0.95,2,-10.22532312257852,RF,Apul
FUN_016075_76862,39,16,15,15,5-fold,-3.181948147081193,5.5852217777071616,-3.386468060801465,5.835090645033918,6.818014840033745,0.99,10,-3.181948147081193,RF,Apul
FUN_041656_195151,39,16,14,14,5-fold,-7.406606288008764,13.408548262482132,-7.2505471737430565,14.188403690852956,764.1834433140157,0.1,0,-7.2505471737430565,ElasticNet,Apul
FUN_023063_102554,39,2,2,2,5-fold,-0.6939058854036713,1.0681977968784768,-1.0071709057550309,1.9195799368484168,1018.7707230768407,0.1,0,-0.6939058854036713,RF,Apul
FUN_001325_6837,39,2,2,2,5-fold,-0.07634844779063073,0.2962153988007749,-0.0379703137813012,0.16609345178336513,0.6719469735003447,0.7,2,-0.0379703137813012,ElasticNet,Apul
FUN_024346_109910,39,11,11,11,5-fold,-2.0951770667598386,3.6049411653675167,-1.2429619740620104,2.1579067469342195,78.0814485577489,0.95,5,-1.2429619740620104,ElasticNet,Apul
FUN_008194_39338,39,2,2,2,5-fold,-0.5528998253457302,0.8445621248715346,-0.5522623977408962,0.8483444022134796,0.6029808402916635,0.7,2,-0.5522623977408962,ElasticNet,Apul
FUN_007020_34030,39,39,39,39,5-fold,-0.7366061275459772,1.4055308477594615,-0.442750096344901,0.5480297649585891,114.33614619314481,0.99,5,-0.442750096344901,ElasticNet,Apul
FUN_008418_40793,39,12,9,9,5-fold,-0.6717565187193729,0.4822617881012632,-0.784296391508678,0.7497883584656487,182.67248787157763,0.9,1,-0.6717565187193729,RF,Apul
FUN_027903_127169,39,12,12,12,5-fold,-0.8040740893086392,0.9571527289084504,-0.9663838796702156,0.9345289731307019,1712.2736335563122,0.1,0,-0.8040740893086392,RF,Apul
FUN_019560_91263,39,2,2,2,5-fold,-45.25803429786019,89.88430178112611,-53.6138393148417,107.10518171962715,556.5430210686498,0.1,0,-45.25803429786019,RF,Apul
FUN_019335_90578,39,4,4,4,5-fold,-5.699748826925572,10.544410333311687,-1.467485614185787,2.5798873416336545,116.65130675045451,0.99,1,-1.467485614185787,ElasticNet,Apul
FUN_040695_191223,39,6,4,4,5-fold,-5.069490151884848,9.651887646661299,-3.1573411787503503,6.174596492850907,10.184512071081523,0.99,4,-3.1573411787503503,ElasticNet,Apul
FUN_023105_102961,39,29,26,26,5-fold,-0.47810582704698945,0.30169068440192365,-0.18774393909282577,0.19705829362215904,2.9011098500816983,0.1,26,-0.18774393909282577,ElasticNet,Apul
FUN_009654_47484,39,14,12,12,5-fold,-48.42244428852466,95.72751102454703,-21.397824431285915,42.452436097915516,1.128508054982088,0.1,11,-21.397824431285915,ElasticNet,Apul
FUN_035736_165128,39,2,2,2,5-fold,-0.391919797351078,0.38420550212279636,-0.33793548958137876,0.23797390797047088,609.5776325537954,0.1,0,-0.33793548958137876,ElasticNet,Apul
FUN_002682_13446,39,11,9,9,5-fold,-0.303845498849644,0.5782227374488218,-0.7246482757084882,1.2444345188013783,2.143813474269641,0.5,9,-0.303845498849644,RF,Apul
FUN_032004_145336,39,5,5,5,5-fold,-1.5323531496367608,1.2501098192462472,-0.6514093956112232,0.6071795668014545,114.01946909393612,0.99,1,-0.6514093956112232,ElasticNet,Apul
FUN_043505_206231,39,2,2,2,5-fold,-0.5239327595865385,0.19060700531114336,-0.281784885795048,0.2280512015551331,1043.8637427035824,0.1,0,-0.281784885795048,ElasticNet,Apul
FUN_006996_33853,39,25,11,11,5-fold,-1.315834146336768,1.9115179468386907,-1.5062196364565394,2.0717522501704937,1.2351853970189752,0.5,11,-1.315834146336768,RF,Apul
FUN_031669_143356,39,4,4,4,5-fold,-0.5091482558916189,0.3028874135807549,-0.24689069684410278,0.17056022351627018,1.9388269744580184,0.5,4,-0.24689069684410278,ElasticNet,Apul
FUN_037285_172627,39,34,31,31,5-fold,-0.5026406938953849,0.5659518402198526,-0.33687440339772656,0.0983407439283181,4.664485454782897,0.7,26,-0.33687440339772656,ElasticNet,Apul
FUN_004477_20619,39,2,2,2,5-fold,-0.6232872351732167,0.5609556605276912,-0.17263631678968872,0.387927845414258,0.4985625813114599,0.7,2,-0.17263631678968872,ElasticNet,Apul
FUN_012192_58267,39,10,10,10,5-fold,-0.47690188827690483,0.577662685612017,-0.27223933192328703,0.35430681006191217,196.3214324246556,0.99,1,-0.27223933192328703,ElasticNet,Apul
FUN_026413_121707,39,2,2,2,5-fold,-0.23422025040747724,0.4732851388998014,-0.2618770777545176,0.25340168529033014,1185.2320798245066,0.1,0,-0.23422025040747724,RF,Apul
FUN_043511_206281,39,123,85,85,5-fold,-1.093600817781119,1.0348119084440957,-0.3307380856605335,0.2603988614226161,365.4170187755276,0.99,6,-0.3307380856605335,ElasticNet,Apul
FUN_036773_169792,39,11,11,11,5-fold,-0.6240840305218555,0.3182652753842429,-0.3823942826477098,0.32044253812723356,975.7226128278656,0.1,0,-0.3823942826477098,ElasticNet,Apul
FUN_036338_168744,39,2,2,2,5-fold,-0.7467542289566467,0.552560332753501,-0.6134567600255558,0.5950171254607513,1.0065515479757492,0.1,2,-0.6134567600255558,ElasticNet,Apul
FUN_013576_64969,39,11,9,9,5-fold,-0.5897697467137432,0.9697988750199461,-0.5995535414982944,0.8761200245032735,1102.1657999364027,0.1,0,-0.5897697467137432,RF,Apul
FUN_012357_59552,39,2,2,2,5-fold,-1.7058793148692655,2.5387670923622103,-1.2478123945541235,1.8305715451374127,452.2027732977073,0.1,0,-1.2478123945541235,ElasticNet,Apul
FUN_036338_168745,39,5,5,5,5-fold,-1.2469691874045024,1.128898057444759,-1.323279211395535,1.6693448223220633,17.61131977335764,0.99,5,-1.2469691874045024,RF,Apul
FUN_022199_96399,39,10,10,10,5-fold,-1.1706393425916133,1.413113692083266,-0.6532223433199048,1.1998848937155695,129.93151925073448,0.99,1,-0.6532223433199048,ElasticNet,Apul
FUN_005864_27787,39,18,16,16,5-fold,-0.4011726075461647,0.12764166789031778,-0.07357899295077712,0.10056121952453936,209.8761745283812,0.99,1,-0.07357899295077712,ElasticNet,Apul
FUN_024331_109771,39,13,10,10,5-fold,-4.981787176311087,8.918680166921048,-4.281892769706181,8.158211898428952,3404.6598248964865,0.1,0,-4.281892769706181,ElasticNet,Apul
FUN_010968_52422,39,12,8,8,5-fold,-0.31088460677975105,0.24302744985473276,-0.19583786590507887,0.20592615364786557,289.2622226486028,0.99,1,-0.19583786590507887,ElasticNet,Apul
FUN_001658_9211,39,8,5,5,5-fold,-0.9371412323514129,0.6758984848114673,-0.83738101263248,0.8386224664717941,0.6203837792766447,0.5,5,-0.83738101263248,ElasticNet,Apul
FUN_005341_26042,39,8,8,8,5-fold,-1.0329301898393748,1.1118631340533038,-0.7722126773291971,1.1956316842237724,1681.8305060551884,0.1,0,-0.7722126773291971,ElasticNet,Apul
FUN_034780_159169,39,11,11,11,5-fold,-0.40633546724836844,0.4868764697227701,-0.1738475099666733,0.35649644686518717,8.583934491678159,0.99,9,-0.1738475099666733,ElasticNet,Apul
FUN_043564_206617,39,3,3,3,5-fold,-1.6328831192038258,1.9193113388445764,-1.4376203113021786,2.211441742834059,0.41188385101676356,0.7,3,-1.4376203113021786,ElasticNet,Apul
FUN_029166_134134,39,9,9,9,5-fold,-0.7047600486261529,1.0281330515815272,-0.5075607033542386,0.6169829254437325,103.69345819509586,0.99,2,-0.5075607033542386,ElasticNet,Apul
FUN_025797_117521,39,16,16,16,5-fold,-2.536315045702435,4.721199424945265,-2.2021619514101554,3.7463620661853922,1.4611957879298156,0.5,16,-2.2021619514101554,ElasticNet,Apul
FUN_026066_119631,39,8,7,7,5-fold,-0.423170197318426,0.21893566041193177,-0.28026751493757524,0.2815338385601209,1311.6084383484163,0.1,0,-0.28026751493757524,ElasticNet,Apul
FUN_036773_169793,39,7,7,7,5-fold,-0.9203492785942456,1.1619378586734181,-0.4323871323528957,0.43715592265482844,54.161860939028884,0.9,4,-0.4323871323528957,ElasticNet,Apul
FUN_041785_196185,39,12,6,6,5-fold,-6.150298618661609,6.850428165247746,-4.999819605661375,5.925146367406093,669.048422070416,0.1,0,-4.999819605661375,ElasticNet,Apul
FUN_029154_134083,39,25,23,23,5-fold,-1.5857812073610644,2.2860252364190843,-1.0764108409963566,1.9360055046697664,24.202081911782187,0.5,23,-1.0764108409963566,ElasticNet,Apul
FUN_031646_143187,39,8,4,4,5-fold,0.08590701895099968,0.26116431340039137,-0.09802658302044809,0.10067334554164983,2.3662968880644693,0.7,4,0.08590701895099968,RF,Apul
FUN_003846_16251,39,5,5,5,5-fold,-4.283831237382264,6.166613295227118,-1.8715577394305363,2.573172939359861,905.2715675672479,0.1,0,-1.8715577394305363,ElasticNet,Apul
FUN_037446_173682,39,44,44,44,5-fold,-5.522710429529995,10.384149791411923,-8.451930953452731,15.564328061520612,18.796386722614137,0.95,30,-5.522710429529995,RF,Apul
FUN_037974_177071,39,17,11,11,5-fold,-9.869734640234892,19.28686668120353,-4.94723717962253,9.635453260602857,0.8839493394404385,0.5,11,-4.94723717962253,ElasticNet,Apul
FUN_026366_121498,39,48,31,31,5-fold,-1.009977230934794,1.3008068980281997,-0.36587198853474046,0.5453730496242508,2337.260797212847,0.1,0,-0.36587198853474046,ElasticNet,Apul
FUN_041722_195621,39,14,11,11,5-fold,-2.6260797756077485,4.245500867918955,-1.1521676161394505,1.8810318311153134,4.137830012116443,0.1,11,-1.1521676161394505,ElasticNet,Apul
FUN_032569_148945,39,85,68,68,5-fold,-1.7258458868802768,2.7710435840086567,-1.3786820398004944,1.939835816830024,107.69179478166677,0.95,15,-1.3786820398004944,ElasticNet,Apul
FUN_016296_78230,39,6,6,6,5-fold,-0.5895442120088348,0.6482409646208308,-0.6674542235984472,0.7957166729617641,1703.9652558479745,0.1,0,-0.5895442120088348,RF,Apul
FUN_023383_104910,39,2,2,2,5-fold,-3.1316339347483577,4.898534589653679,-1.747103949839341,2.513704070461696,976.731062085676,0.1,0,-1.747103949839341,ElasticNet,Apul
FUN_014487_67952,39,13,13,13,5-fold,-0.4321447542993358,0.3906740466939734,-0.42819909808318835,0.5290535769749442,2033.504687627844,0.1,0,-0.42819909808318835,ElasticNet,Apul
FUN_010966_52413,39,39,35,35,5-fold,-11.503123535122148,21.557786390225907,-4.590944212085214,7.210313248338004,255.5257672477173,0.99,3,-4.590944212085214,ElasticNet,Apul
FUN_041922_197312,39,2,2,2,5-fold,-0.27336827201240854,0.20577833114258073,-0.10120167663372737,0.0795290911721845,0.46201389125517073,0.5,2,-0.10120167663372737,ElasticNet,Apul
FUN_004887_23442,39,321,296,100,5-fold,-0.26583242346574554,0.320242118445915,-0.35654310288334645,0.33125002650730156,41.15265450859807,0.95,41,-0.26583242346574554,RF,Apul
FUN_010825_51551,39,2,2,2,5-fold,-0.7163512756397838,0.9594941517610224,-0.9166005691172796,1.076274732273259,14.371754437338428,0.99,1,-0.7163512756397838,RF,Apul
FUN_015052_72286,39,32,32,32,5-fold,-3.76906938465167,6.168925242815403,-1.8143986281359759,3.102218684971729,8.486057008788626,0.1,32,-1.8143986281359759,ElasticNet,Apul
FUN_031068_140544,39,12,12,12,5-fold,-0.20845403249944688,0.24665962352314347,-0.4993426434593948,0.3428853748184877,19.60878365237651,0.1,12,-0.20845403249944688,RF,Apul
FUN_037566_174412,39,5,5,5,5-fold,-0.6302286640731528,0.18060054264265843,-0.39480897205472004,0.2898536754162117,589.0617387620858,0.1,0,-0.39480897205472004,ElasticNet,Apul
FUN_018083_85883,39,62,52,52,5-fold,0.030218360916954224,0.4996302688168163,-0.12661707541923944,0.12161926678040132,51.27800472259611,0.9,22,0.030218360916954224,RF,Apul
FUN_026984_124081,39,2,2,2,5-fold,-12.507889526307608,24.039181442136815,-8.105065458683658,15.92970638184961,65.28671872092696,0.99,1,-8.105065458683658,ElasticNet,Apul
FUN_043493_206085,39,15,12,12,5-fold,-0.14329345569040303,0.2864065128427963,-0.04166435612925094,0.14826957173006197,44.18819394011082,0.95,8,-0.04166435612925094,ElasticNet,Apul
FUN_026080_119745,39,3,3,3,5-fold,-1.1313021949418627,2.4116182199533025,-0.611744646265536,0.8666719599425137,27.98415123352942,0.99,2,-0.611744646265536,ElasticNet,Apul
FUN_036102_167506,39,12,12,12,5-fold,-1.228897505928678,1.7414000199411048,-0.47301916167158764,0.7598272013370543,52.39110637734268,0.99,4,-0.47301916167158764,ElasticNet,Apul
FUN_009805_48041,39,113,113,100,5-fold,-1.3614831286668942,1.6756550499760157,-2.283749926974052,2.988419752781747,3501.605006734986,0.1,0,-1.3614831286668942,RF,Apul
FUN_032270_147196,39,26,21,21,5-fold,-9.111599743334507,17.946843901981442,-7.96039162658125,15.25820884071976,1931.4733655940588,0.1,0,-7.96039162658125,ElasticNet,Apul
FUN_004515_20911,39,35,35,35,5-fold,-1.0198429038059484,1.05474546984932,-1.238911235037948,1.523618297878616,9.22507211131935,0.1,35,-1.0198429038059484,RF,Apul
FUN_001337_6923,39,15,13,13,5-fold,-0.35365412407023555,0.6410004756761869,-0.3639281462096874,0.4592912357587618,26.399102854239786,0.95,11,-0.35365412407023555,RF,Apul
FUN_026023_119320,39,10,10,10,5-fold,-1.0984984434206733,1.1634933448867841,-1.944900057341501,3.763034026179461,1056.5431355228054,0.1,0,-1.0984984434206733,RF,Apul
FUN_037308_172884,39,8,8,8,5-fold,-0.5224240927939326,0.31202201801480756,-0.5200448431666542,0.4413472782697874,1.3470486345957688,0.5,8,-0.5200448431666542,ElasticNet,Apul
FUN_041711_195571,39,6,6,6,5-fold,-0.5739718326325793,1.1419928558277184,-0.6587353696862295,0.5805073154067631,76.55211389666651,0.99,2,-0.5739718326325793,RF,Apul
FUN_007989_37995,39,5,5,5,5-fold,-1.7114055866452578,2.781245462406468,-2.5742679324193576,2.896406364293994,19.235194220607,0.99,1,-1.7114055866452578,RF,Apul
FUN_023406_105080,39,29,20,20,5-fold,-0.30048878207275276,0.1836903298022927,-0.16367977513383597,0.14569039891602134,1414.2161673912576,0.1,0,-0.16367977513383597,ElasticNet,Apul
FUN_007157_34991,39,5,4,4,5-fold,-0.8507901162226961,1.0516027242098225,-0.6228687560511823,0.8981755834802674,538.3568848370983,0.1,0,-0.6228687560511823,ElasticNet,Apul
FUN_025746_117159,39,5,5,5,5-fold,-2.0574571317565793,3.8624911451005928,-2.711151891006047,4.664004731744024,18.701833503169002,0.5,5,-2.0574571317565793,RF,Apul
FUN_022199_96404,39,6,6,6,5-fold,-0.5283707565582445,0.5301770584119395,-0.2968982860979852,0.4608975055691763,45.73347965466359,0.1,6,-0.2968982860979852,ElasticNet,Apul
FUN_007689_36240,39,2,2,2,5-fold,-8.208158278793373,15.340381972070794,-6.619567985563243,13.007565533041333,465.82066797751753,0.1,0,-6.619567985563243,ElasticNet,Apul
FUN_015265_73651,39,19,17,17,5-fold,-1.981708747553197,2.9648355159221125,-0.46384971786259294,0.4546124347078462,5.363435910043104,0.95,14,-0.46384971786259294,ElasticNet,Apul
FUN_038618_182288,39,4,4,4,5-fold,-2.306604211661785,2.2978236724159182,-2.0818072381020327,2.905716956270802,0.7983016815036152,0.5,4,-2.0818072381020327,ElasticNet,Apul
FUN_006719_31993,39,2,2,2,5-fold,-2.48381138144942,3.8868472562250234,-1.957965550866523,3.3623020776361128,1579.7806714270914,0.1,0,-1.957965550866523,ElasticNet,Apul
FUN_008908_43934,39,8,8,8,5-fold,-1.0531081491426204,1.4382877218591272,-2.3136612161628434,2.581417825747925,139.573810025785,0.7,4,-1.0531081491426204,RF,Apul
FUN_013613_65142,39,8,8,8,5-fold,-0.8058570052446422,1.001625832984806,-0.9919811774349535,1.6187543223090524,105.3170001656031,0.99,1,-0.8058570052446422,RF,Apul
FUN_012287_58947,39,8,7,7,5-fold,-32.498825063349095,64.80046767232078,-21.913198804788326,43.59245737164318,1403.1077369873965,0.1,0,-21.913198804788326,ElasticNet,Apul
FUN_032460_148381,39,19,9,9,5-fold,-0.6995497731669669,0.36009243412272895,-0.6154065054352895,0.4693033388672,2.49653397992897,0.99,9,-0.6154065054352895,ElasticNet,Apul
FUN_006749_32185,39,12,7,7,5-fold,-1.829187430332686,3.442993330270496,-2.0028346540974575,3.7929355620438034,179.30020366890378,0.99,0,-1.829187430332686,RF,Apul
FUN_016140_77308,39,38,31,31,5-fold,-0.5107562536917266,0.7981698572285354,-0.4512830819678264,0.5075455249770374,22.922788307014624,0.99,20,-0.4512830819678264,ElasticNet,Apul
FUN_032715_149845,39,3,3,3,5-fold,-0.610499726628943,1.1174388875654353,-0.4464523808444099,0.6995207776942649,1081.815708729848,0.1,0,-0.4464523808444099,ElasticNet,Apul
FUN_023758_106898,39,9,8,8,5-fold,-0.21074275627123265,0.17385006945759396,-0.25032754791874107,0.3151034427947118,1875.7199332517469,0.1,0,-0.21074275627123265,RF,Apul
FUN_006762_32252,39,21,21,21,5-fold,-10.452789345329498,18.793124456490357,-3.1980062984067565,5.795015707183932,25.27111866086098,0.5,19,-3.1980062984067565,ElasticNet,Apul
FUN_035360_162995,39,55,45,45,5-fold,-17.8411083347987,33.15007062037427,-6.792843399279116,10.381610221486776,158.67931303528366,0.95,2,-6.792843399279116,ElasticNet,Apul
FUN_032394_148087,39,3,3,3,5-fold,-0.325847552505007,0.31560332398126556,-0.24092267407354165,0.22005739952813846,1363.1312644678574,0.1,0,-0.24092267407354165,ElasticNet,Apul
FUN_037308_172885,39,4,4,4,5-fold,-1.3031751390158457,2.45763654701888,-0.6513067253731566,0.893085336158371,3.301094213548917,0.1,4,-0.6513067253731566,ElasticNet,Apul
FUN_019505_91105,39,84,84,84,5-fold,-0.26745126178048545,0.3471891880477685,-0.09042427592023224,0.12567959456164168,38.11350791362987,0.99,34,-0.09042427592023224,ElasticNet,Apul
FUN_033904_154705,39,15,14,14,5-fold,-0.7237487586554064,0.8380007312435627,-0.5376402123005543,0.7740629528446039,74.33608229296826,0.99,2,-0.5376402123005543,ElasticNet,Apul
FUN_036918_170671,39,9,8,8,5-fold,-0.4710995547106268,0.7754536950475048,-0.3364147903908826,0.5022497416648815,1.1717833505800113,0.5,8,-0.3364147903908826,ElasticNet,Apul
FUN_038200_179135,39,16,16,16,5-fold,-84.56122051561263,156.61210510845092,-32.18314379004581,59.4656832984392,7.270673687085252,0.1,16,-32.18314379004581,ElasticNet,Apul
FUN_022604_99380,39,4,4,4,5-fold,-70.26434740330708,140.42623988147636,-115.6081572110659,230.6666600613142,8.923517695563975,0.1,4,-70.26434740330708,RF,Apul
FUN_015337_73997,39,9,8,8,5-fold,-1.227691167149297,1.656727529850472,-1.3755424789329327,1.3075750625387208,1336.188311249504,0.1,0,-1.227691167149297,RF,Apul
FUN_034265_157012,39,16,14,14,5-fold,-0.5991230897138736,0.8765439174631413,-0.5696989621143989,0.5558264442748642,1921.8319935200288,0.1,0,-0.5696989621143989,ElasticNet,Apul
FUN_025296_114322,39,45,31,31,5-fold,-0.7874835651771132,0.7876117079686926,-0.17104380152947832,0.2609444422906062,1075.549411896653,0.1,11,-0.17104380152947832,ElasticNet,Apul
FUN_010682_50603,39,3,3,3,5-fold,-0.8581466445394973,0.9297283026752271,-0.5833273189121744,0.7704558657191646,0.2745806344668747,0.99,3,-0.5833273189121744,ElasticNet,Apul
FUN_024943_113204,39,20,20,20,5-fold,-5.763057862826238,11.526562358468228,-3.4125222220304017,6.819292125280782,1.9307001011712226,0.5,19,-3.4125222220304017,ElasticNet,Apul
FUN_017756_83473,39,4,4,4,5-fold,-0.5235741949758426,0.4169659822293545,-0.3317778878682298,0.4025633485834967,84.62472535065919,0.99,2,-0.3317778878682298,ElasticNet,Apul
FUN_004291_19134,39,8,7,7,5-fold,-0.1843681927412018,0.33914022516398745,-0.06629272353367896,0.0855542068672907,16.350461234860077,0.99,6,-0.06629272353367896,ElasticNet,Apul
FUN_018030_85663,39,48,39,39,5-fold,-0.4555493810480259,0.2595738265170739,-0.19406543378487792,0.15940357516252115,14.236311063292463,0.5,39,-0.19406543378487792,ElasticNet,Apul
FUN_008302_39943,39,29,24,24,5-fold,-0.644741810365771,0.8022503770445636,-0.7974015435993206,0.8617733463464372,2.9934253383642315,0.1,24,-0.644741810365771,RF,Apul
FUN_014748_69864,39,8,7,7,5-fold,-0.9750203245957403,1.3845861600674836,-1.0727015408221974,1.7934329742808437,1821.4285796249112,0.1,0,-0.9750203245957403,RF,Apul
FUN_015145_72938,39,21,20,20,5-fold,-29.802855606684943,58.862264610421335,-26.386473557005246,52.63767253879377,1261.2046365636788,0.1,0,-26.386473557005246,ElasticNet,Apul
FUN_010733_50904,39,3,3,3,5-fold,-0.8842513762609816,0.7421254769495311,-0.5344577122853752,0.9096143185841258,287.816444649555,0.1,0,-0.5344577122853752,ElasticNet,Apul
FUN_036773_169786,39,14,14,14,5-fold,-0.0036448265830768545,0.3090865632194704,-0.2750000604872299,0.3974216004443649,94.41330345991028,0.99,1,-0.0036448265830768545,RF,Apul
FUN_036148_167696,39,15,12,12,5-fold,-0.6254178645133714,0.517613996882326,-0.5160900954054221,0.647600476816449,1720.5518101484358,0.1,0,-0.5160900954054221,ElasticNet,Apul
FUN_026486_122086,39,11,8,8,5-fold,-1.494110933337076,1.3666979566474398,-0.8650908550601331,0.7603957030204125,1144.1633195014183,0.1,0,-0.8650908550601331,ElasticNet,Apul
FUN_036850_170201,39,3,3,3,5-fold,-0.3619711146996373,0.4243798220792285,-0.30116499521871254,0.45561191999879813,0.5035951439219328,0.9,3,-0.30116499521871254,ElasticNet,Apul
FUN_031912_144779,39,6,2,2,5-fold,-1.2028099401247334,2.2447506819561576,-0.2962619903440745,0.5084009784677936,0.07231436238462392,0.9,2,-0.2962619903440745,ElasticNet,Apul
FUN_035839_165863,39,11,10,10,5-fold,-0.9489007237470443,0.945487000201234,-0.41612783987965746,0.435728735096143,958.903018829486,0.1,0,-0.41612783987965746,ElasticNet,Apul
FUN_000350_1556,39,5,5,5,5-fold,-0.8747806186583045,1.19215037537157,-0.7821526386475125,0.8927428292513295,3.1617121447483436,0.5,5,-0.7821526386475125,ElasticNet,Apul
FUN_022199_96402,39,9,9,9,5-fold,-0.566338301466458,0.9342375587191382,-0.3266308267222467,0.43766367971914044,9.189839570852284,0.7,9,-0.3266308267222467,ElasticNet,Apul
FUN_032314_147535,39,2,2,2,5-fold,-0.24701557099204763,0.49350988518216166,-0.22444789181960903,0.3465299740440738,1.3308748675452358,0.7,2,-0.22444789181960903,ElasticNet,Apul
FUN_001349_7054,39,14,11,11,5-fold,-47.36521420602038,94.35340823815329,-23.826483458774867,47.434068147710946,123.59607635097792,0.99,4,-23.826483458774867,ElasticNet,Apul
FUN_037414_173413,39,51,40,40,5-fold,-4.333617697296161,7.680519988638878,-3.9730434414806863,7.296201925549102,24.68378194021003,0.9,34,-3.9730434414806863,ElasticNet,Apul
FUN_022094_95999,39,18,8,8,5-fold,-3.5921664991880546,4.986526396458259,-3.270800955184673,5.223108957078157,3.5451551543430964,0.1,8,-3.270800955184673,ElasticNet,Apul
FUN_018424_87256,39,19,15,15,5-fold,-0.8577174869853185,1.0264764962335209,-0.9327825006652292,0.7953779035816998,1505.714388588174,0.1,0,-0.8577174869853185,RF,Apul
FUN_012561_60694,39,8,4,4,5-fold,-7.4258853774704665,13.974192955810398,-3.839280639924361,7.35098034874923,17.442106646361403,0.99,3,-3.839280639924361,ElasticNet,Apul
FUN_031841_144283,39,6,6,6,5-fold,-1.4849041581653013,2.0368073183406143,-1.2125761624867368,1.455050567621488,1741.2751253946187,0.1,0,-1.2125761624867368,ElasticNet,Apul
FUN_011769_55140,39,74,73,73,5-fold,-1.2114599009296796,1.7592933931531074,-1.8613286300645169,2.296649062142954,3.4955316526238325,0.1,73,-1.2114599009296796,RF,Apul
FUN_008194_39334,39,4,4,4,5-fold,-0.8672303002503485,1.1928858193369978,-0.7171408540951585,0.9102611150022711,1734.5517608162634,0.1,0,-0.7171408540951585,ElasticNet,Apul
FUN_001668_9286,39,9,7,7,5-fold,-0.607512317993879,0.897831306884714,-0.3227961592926304,0.2846256168723924,3.7013761321301866,0.5,7,-0.3227961592926304,ElasticNet,Apul
FUN_032004_145339,39,2,2,2,5-fold,0.38806979221111926,0.20827600328666604,0.1366815868332889,0.24368090199714093,0.23690402232304816,0.9,2,0.38806979221111926,RF,Apul
FUN_022386_97787,39,9,7,7,5-fold,-22.59229771926793,43.46337685156243,-14.139598921681136,27.36495134068167,620.8096905346964,0.1,0,-14.139598921681136,ElasticNet,Apul
FUN_016296_78229,39,3,3,3,5-fold,-0.899803412454444,0.8347850463984339,-0.5133995296771589,0.49132584986394934,0.24839900013626173,0.5,3,-0.5133995296771589,ElasticNet,Apul
FUN_007983_37979,39,4,4,4,5-fold,-0.888323012153679,1.6329716480954466,-0.6754492901286842,0.7016006386017166,2173.2308656476666,0.1,0,-0.6754492901286842,ElasticNet,Apul
FUN_008991_44629,39,8,7,7,5-fold,-0.4310625285835966,0.606552351437917,-0.6322369593825489,0.79265886921479,1247.5996533763928,0.1,0,-0.4310625285835966,RF,Apul
FUN_042665_200464,39,2,2,2,5-fold,-13.083614508961238,24.690732120749853,-6.50843024707231,12.088365242565184,1.3964340301218063,0.5,2,-6.50843024707231,ElasticNet,Apul
FUN_043493_206086,39,5,3,3,5-fold,-0.10616165585398962,0.12367327716480729,-0.07072999990111403,0.09189743393118788,470.0014237016496,0.1,0,-0.07072999990111403,ElasticNet,Apul
FUN_040075_188190,39,88,55,55,5-fold,-0.5352881560234131,0.8804906053056595,-0.5276213233800873,0.6115829364265503,2118.234226736089,0.1,0,-0.5276213233800873,ElasticNet,Apul
FUN_035751_165249,39,12,12,12,5-fold,-0.4545928371513012,0.5475323375975287,-0.31631648411267055,0.24709218447266534,107.14442058652482,0.99,4,-0.31631648411267055,ElasticNet,Apul
FUN_026081_119756,39,2,2,2,5-fold,-1.2904131477849228,1.1474205330496763,-1.0703943504066147,0.9885860845194169,1501.212591576982,0.1,0,-1.0703943504066147,ElasticNet,Apul
FUN_001532_8293,39,3,3,3,5-fold,-19.386257290476827,37.768450123321855,-10.366601157879234,20.417165208945303,836.3355268823274,0.1,1,-10.366601157879234,ElasticNet,Apul
FUN_028190_129018,39,4,3,3,5-fold,-1.4297571408255574,1.1469543647420581,-0.8415749878621674,0.5906298944915084,693.6110737780671,0.1,0,-0.8415749878621674,ElasticNet,Apul
FUN_008908_43937,39,11,10,10,5-fold,-0.12791826980633364,0.37822474873081635,-0.45627434514347004,0.28032425106785397,3.6847377613639307,0.1,10,-0.12791826980633364,RF,Apul
FUN_009308_45967,39,4,4,4,5-fold,-0.4147158977726136,0.33677167714836803,-0.16432481677302144,0.1845696569617788,1.3496178804986585,0.5,4,-0.16432481677302144,ElasticNet,Apul
FUN_008660_42545,39,2,2,2,5-fold,-0.6870607050297538,1.0587608133612962,-0.5895280937795457,1.1041106683208535,18.725044165422624,0.99,2,-0.5895280937795457,ElasticNet,Apul
FUN_022921_101632,39,25,20,20,5-fold,-2.3660276479082607,3.322176934597857,-3.390135513247253,6.466236855346214,1808.7911564721228,0.1,0,-2.3660276479082607,RF,Apul
FUN_023682_106713,39,75,58,58,5-fold,-0.5009718891362724,0.5773121548612494,-0.6911524552836127,0.4379704421863127,5.181274719927333,0.1,58,-0.5009718891362724,RF,Apul
FUN_022199_96405,39,2,2,2,5-fold,-0.7804197248093218,0.6964343180562204,-0.24329968705958924,0.3696194004134967,653.7801876496476,0.1,0,-0.24329968705958924,ElasticNet,Apul
FUN_035839_165866,39,2,2,2,5-fold,-1.1610806372763853,1.3224324528495475,-0.7759446555391986,1.0269848632142875,1486.9795754746112,0.1,0,-0.7759446555391986,ElasticNet,Apul
FUN_037812_175733,39,9,8,8,5-fold,-0.11957386689940838,0.16241919816877687,-0.5801300038773661,0.3865537094888479,41.60160818899427,0.99,4,-0.11957386689940838,RF,Apul
FUN_015257_73607,39,42,28,28,5-fold,-0.5296865193407577,0.6657908146120568,-0.24118306069673992,0.27391969664087235,70.94903358645769,0.99,7,-0.24118306069673992,ElasticNet,Apul
FUN_016596_80420,39,2,2,2,5-fold,-17.465408666923373,30.449525015379592,-19.40065040829115,37.431263711571304,30.66500708915099,0.99,1,-17.465408666923373,RF,Apul
FUN_022570_99161,39,2,2,2,5-fold,-1.3271849213889362,0.7954486499359612,-0.34273978345716616,0.37161092037095145,879.983392832733,0.1,0,-0.34273978345716616,ElasticNet,Apul
FUN_040783_191463,39,10,5,5,5-fold,-0.06639914848181423,0.11648014159146093,-0.09142350015022467,0.1775884359220818,5.852249977536057,0.9,5,-0.06639914848181423,RF,Apul
FUN_025781_117433,39,3,3,3,5-fold,-3.0168638611335945,4.87216292908544,-2.84627683561978,5.1697988018234255,6.498266509926067,0.9,2,-2.84627683561978,ElasticNet,Apul
FUN_043515_206290,39,11,10,10,5-fold,-1.948822218326057,3.6062811121658207,-0.7080048442692534,0.8915698704637195,18.09754641799087,0.95,5,-0.7080048442692534,ElasticNet,Apul
FUN_022195_96362,39,2,2,2,5-fold,-0.46073737774514784,0.3454783208240408,-0.28464820661297774,0.41133316637825545,35.485997226369506,0.99,2,-0.28464820661297774,ElasticNet,Apul
FUN_023402_105064,39,11,8,8,5-fold,-2.36261808166289,4.510393259197055,-0.8667340245272023,1.532749020771154,40.24160303286428,0.99,4,-0.8667340245272023,ElasticNet,Apul
FUN_041835_196657,39,2,2,2,5-fold,-0.6721310473521175,1.0022638806450717,-0.40287001588430815,0.8761146762658817,0.6711493618463988,0.5,2,-0.40287001588430815,ElasticNet,Apul
FUN_022570_99158,39,2,2,2,5-fold,-0.9739375175761161,1.0769078284067886,-0.43640827949675065,0.49521583796057483,1471.9336010081317,0.1,0,-0.43640827949675065,ElasticNet,Apul
FUN_028000_127751,39,2,2,2,5-fold,-2.7718302898547034,4.632873338093223,-2.384409472268528,4.615301905530294,948.7742344354624,0.1,0,-2.384409472268528,ElasticNet,Apul
FUN_022426_98100,39,3,3,3,5-fold,-1.201909819834626,1.7781570228289807,-1.036901228553524,1.6876012179637665,1104.5423805580813,0.1,0,-1.036901228553524,ElasticNet,Apul
FUN_033673_153104,39,2,2,2,5-fold,-1.030875156188176,1.5403522218460928,-0.8387473350996688,1.448688258472835,7.140703855093517,0.1,2,-0.8387473350996688,ElasticNet,Apul
FUN_009654_47481,39,2,2,2,5-fold,-5.250012742344119,10.166717232644281,-5.016306444506606,9.893689639771853,272.89289364321326,0.1,0,-5.016306444506606,ElasticNet,Apul
FUN_033754_153622,39,10,10,10,5-fold,-1.053474761299708,1.8359771460988379,-0.2688275611627594,0.4320571186972689,1142.8087617623755,0.1,1,-0.2688275611627594,ElasticNet,Apul
FUN_029269_134836,39,4,4,4,5-fold,-0.3606195194893912,0.26737299214866556,-0.329334493307261,0.25925985300736143,1566.7852109219161,0.1,0,-0.329334493307261,ElasticNet,Apul
FUN_036166_167852,39,2,2,2,5-fold,-0.3293527613039419,0.43400424191309983,-0.1529306217619244,0.3015174148293889,2.4839319008333156,0.5,2,-0.1529306217619244,ElasticNet,Apul
FUN_028277_129467,39,16,10,10,5-fold,-12.745262911024774,24.70119108158722,-8.72535697273101,17.044431526494968,1427.8561214800038,0.1,0,-8.72535697273101,ElasticNet,Apul
FUN_012033_56969,39,4,4,4,5-fold,-4.429289253324287,8.47988446390641,-5.8524026271846115,11.228745923007097,3.8064565745749994,0.1,4,-4.429289253324287,RF,Apul
FUN_004474_20554,39,10,10,10,5-fold,-0.7223699859813977,1.328487583242039,-0.27227246203696565,0.33552381385450536,48.122283352768854,0.95,7,-0.27227246203696565,ElasticNet,Apul
FUN_038626_182327,39,9,4,4,5-fold,-3.056672764566117,3.941110102370243,-3.7650267195669187,4.634680428810022,0.6554608012109999,0.5,4,-3.056672764566117,RF,Apul
FUN_008516_41500,39,3,3,3,5-fold,-0.3404665081141023,0.5609204809090815,-0.4442322358126348,0.4126287833443542,2.986322583306349,0.5,3,-0.3404665081141023,RF,Apul
FUN_010957_52337,39,11,4,4,5-fold,-0.35898999707452217,0.279521778009358,-0.3625903846554551,0.28744090651333387,14.421894979962934,0.9,3,-0.35898999707452217,RF,Apul
FUN_035736_165119,39,10,7,7,5-fold,-1.7987037242077526,3.079762361672599,-1.333813389020744,2.3131694335867015,664.4414658481676,0.1,0,-1.333813389020744,ElasticNet,Apul
FUN_028083_128239,39,2,2,2,5-fold,-3.18627752601212,4.195679092466429,-3.927857011459669,7.351961680680961,0.742270835889997,0.5,2,-3.18627752601212,RF,Apul
FUN_005061_24373,39,3,3,3,5-fold,-0.9702915531852627,1.587868784909598,-0.8136474058838974,1.347854497806484,355.3379543594345,0.1,0,-0.8136474058838974,ElasticNet,Apul
FUN_035923_166477,39,34,20,20,5-fold,-0.9788917856862007,1.5760476068055391,-0.341337816999384,0.46606741598807616,17.868468410172287,0.7,18,-0.341337816999384,ElasticNet,Apul
FUN_016104_77052,39,20,20,20,5-fold,-4.517469740318128,8.977469703411868,-4.6377410446624125,8.797901049012712,256.63344198443235,0.99,1,-4.517469740318128,RF,Apul
FUN_014748_69861,39,8,5,5,5-fold,-5.1181834028934965,9.760300647233878,-4.059946878843773,7.831837498946845,13.458828246851876,0.9,4,-4.059946878843773,ElasticNet,Apul
FUN_010880_51856,39,34,27,27,5-fold,-0.8575372814545779,0.9183122417303373,-0.6927034702005554,0.6008951308313745,35.56406173799872,0.99,14,-0.6927034702005554,ElasticNet,Apul
FUN_018362_86963,39,30,30,30,5-fold,-0.1695918901404529,0.7971217570963989,-1.3091598406655527,1.6900137328969709,100.93431167714041,0.95,14,-0.1695918901404529,RF,Apul
FUN_028100_128423,39,15,14,14,5-fold,-11.593070951874466,22.575484916205443,-36.99612052533584,73.7946600525971,1423.91483144311,0.1,0,-11.593070951874466,RF,Apul
FUN_043025_202501,39,9,7,7,5-fold,-4.23057533166986,7.763964580655674,-2.9986583214865306,5.591398407369419,142.42155066330798,0.9,1,-2.9986583214865306,ElasticNet,Apul
FUN_038395_180893,39,18,10,10,5-fold,-3.0028062565331988,5.930279305932229,-2.5897773483159616,5.011925597758907,0.538010994481759,0.7,9,-2.5897773483159616,ElasticNet,Apul
FUN_034143_156232,39,8,8,8,5-fold,-0.9850088896371464,1.2341234267540633,-1.3734207923707613,1.9355617211302738,4.75269377784801,0.1,8,-0.9850088896371464,RF,Apul
FUN_012351_59509,39,48,26,26,5-fold,-0.542244516518257,0.7801797558331005,-0.3450582959976381,0.5672269619251322,13.218074285824509,0.1,26,-0.3450582959976381,ElasticNet,Apul
FUN_035864_166064,39,2,2,2,5-fold,-39.293920179175565,78.79039125273728,-48.785465830707665,97.28999010535068,779.5875269119095,0.1,0,-39.293920179175565,RF,Apul
FUN_036338_168747,39,7,4,4,5-fold,-0.7424139012865067,1.0944414596447987,-1.6408504865684883,1.8564135485700894,986.4850674509222,0.1,0,-0.7424139012865067,RF,Apul
FUN_012534_60468,39,2,2,2,5-fold,-0.6268606845178609,0.5706158344308222,-0.27593305336645735,0.2808365686553238,598.128858255914,0.1,0,-0.27593305336645735,ElasticNet,Apul
FUN_023402_105063,39,5,4,4,5-fold,-0.7963051742101618,0.9885975808194715,-0.4129150875550584,0.6731392572591327,0.9693859054070428,0.5,4,-0.4129150875550584,ElasticNet,Apul
FUN_001648_9117,39,2,2,2,5-fold,-0.4755039149384167,0.3123779751188709,-0.4026485864195747,0.26501427157944607,18.8864061154934,0.1,2,-0.4026485864195747,ElasticNet,Apul
FUN_004244_18805,39,28,22,22,5-fold,-2.293751840786716,2.303588656152789,-4.848212160798356,9.064293846941675,117.06747303019927,0.99,1,-2.293751840786716,RF,Apul
FUN_004766_22583,39,19,15,15,5-fold,-1.9343319725096932,3.1832607684305363,-0.9869372652633631,1.7308726275043298,0.8574710535345369,0.5,15,-0.9869372652633631,ElasticNet,Apul
FUN_005018_24130,39,13,12,12,5-fold,-0.623926495094648,0.5807976445308842,-0.5143667986838499,0.44913078700982195,113.90524675543502,0.99,3,-0.5143667986838499,ElasticNet,Apul
FUN_040059_188063,39,5,5,5,5-fold,-1.8528849140787524,2.7635269624340206,-0.9793465780970821,1.5709974614053963,1716.0461976220884,0.1,0,-0.9793465780970821,ElasticNet,Apul
FUN_007020_34025,39,18,18,18,5-fold,-0.22081005466338194,0.3065104297761138,-0.5962020950293475,0.821292814279381,3207.3092512343146,0.1,0,-0.22081005466338194,RF,Apul
FUN_004760_22543,39,9,9,9,5-fold,-0.035404617455036425,0.11176949631750384,-0.0483967603574623,0.11297240140075145,2.846017572824152,0.5,9,-0.035404617455036425,RF,Apul
FUN_010642_50340,39,2,2,2,5-fold,-27.65602363117273,55.277405102156315,-19.840040827443268,39.71332325796698,1.3692327321894495,0.5,2,-19.840040827443268,ElasticNet,Apul
FUN_005220_25346,39,22,20,20,5-fold,-0.5608093873942096,0.6931090934744404,-0.43757649687122757,0.4546987321062264,5.51755089943806,0.7,20,-0.43757649687122757,ElasticNet,Apul
FUN_038267_179682,39,27,25,25,5-fold,-2.2409027979657465,2.6017298547002987,-1.2974091630137325,1.850398272147862,282.82644602176913,0.7,3,-1.2974091630137325,ElasticNet,Apul
FUN_005258_25588,39,3,3,3,5-fold,-0.5147401845707347,0.7474159387670123,-0.797955039477452,0.9049409686118755,1.989268823126517,0.1,3,-0.5147401845707347,RF,Apul
FUN_040107_188456,39,6,6,6,5-fold,-2.48869967689549,2.62373112838239,-1.524892894210974,2.392390804502931,1617.940071006087,0.1,0,-1.524892894210974,ElasticNet,Apul
FUN_041456_193486,39,23,10,10,5-fold,-37.226605877240424,74.05156202025896,-10.96294671959226,21.61046439562218,88.59922014902727,0.99,1,-10.96294671959226,ElasticNet,Apul
FUN_015096_72549,39,12,9,9,5-fold,-1.334593515976877,2.402449826526742,-0.5276419826923402,0.8415152219824871,118.5218398459382,0.99,1,-0.5276419826923402,ElasticNet,Apul
FUN_038619_182300,39,13,11,11,5-fold,-19.324513325573484,38.04967979344446,-11.036316740316028,21.818012514380573,1808.6990096707004,0.1,0,-11.036316740316028,ElasticNet,Apul
FUN_031221_141024,39,5,5,5,5-fold,-11.76435007542595,22.64542969656075,-6.900976407523497,13.578119070640273,1728.427767544576,0.1,0,-6.900976407523497,ElasticNet,Apul
FUN_005343_26056,39,2,2,2,5-fold,-0.729464955706448,1.0026639998392464,-0.41394433326718366,0.6000619816051188,744.0708199260748,0.1,0,-0.41394433326718366,ElasticNet,Apul
FUN_042045_198262,39,2,2,2,5-fold,-2.2200533866607053,3.375560646599993,-1.5148275006353427,2.507470734557096,288.97900572456757,0.1,0,-1.5148275006353427,ElasticNet,Apul
FUN_011907_56047,39,5,5,5,5-fold,-29.380385344137615,57.69233560812964,-16.074016324855705,31.634795219114658,1075.711262104667,0.1,0,-16.074016324855705,ElasticNet,Apul
FUN_004455_20431,39,33,15,15,5-fold,-0.6636867519263048,1.03501925528137,-0.7685681362963458,0.9137138190828108,1914.8063575361248,0.1,0,-0.6636867519263048,RF,Apul
FUN_013556_64846,39,3,3,3,5-fold,-29.152741037843168,56.90241413038081,-15.744156310185355,30.91267256481505,155.58796802901878,0.95,1,-15.744156310185355,ElasticNet,Apul
FUN_035747_165209,39,5,2,2,5-fold,-2.6568815242126176,4.32033397169006,-2.187002174699024,3.2195195071232656,1.2923318947128326,0.5,2,-2.187002174699024,ElasticNet,Apul
FUN_009800_48024,39,104,104,100,5-fold,-0.3437278643741315,0.25579693618983984,-0.306573461808685,0.26633037146981914,3458.0869840778114,0.1,0,-0.306573461808685,ElasticNet,Apul
FUN_023758_106899,39,2,2,2,5-fold,-0.22633676373733286,0.2673067396787106,-0.07204341454733487,0.24552403933354663,1.209533483307512,0.5,2,-0.07204341454733487,ElasticNet,Apul
FUN_037500_174029,39,3,3,3,5-fold,-2.018566486924478,1.9585930796033673,-1.1083568684790381,1.2078284687780865,7.1583494402763295,0.99,2,-1.1083568684790381,ElasticNet,Apul
FUN_033999_155302,39,19,12,12,5-fold,-2.0816526059514313,2.43399826378406,-1.8190565691704221,2.2294016717404754,1135.178347951019,0.1,0,-1.8190565691704221,ElasticNet,Apul
FUN_031700_143497,39,5,5,5,5-fold,-0.37032824245606566,0.2800120770289348,-0.14276770063964722,0.13608488144431574,2291.933281129323,0.1,0,-0.14276770063964722,ElasticNet,Apul
FUN_004365_19731,39,4,4,4,5-fold,-0.45339646138084905,0.5740199456723715,-0.6720418850962281,0.4854080956921392,28.710797937549216,0.95,3,-0.45339646138084905,RF,Apul
FUN_043352_205067,39,74,53,53,5-fold,-5.7504772018075325,11.046020260884296,-4.209802224398142,8.357548376772641,4.3278872061174765,0.99,44,-4.209802224398142,ElasticNet,Apul
FUN_007021_34043,39,13,10,10,5-fold,-0.5422060723044125,0.38335760907373273,-0.35975248700340634,0.33114673528517896,1458.8509718331802,0.1,0,-0.35975248700340634,ElasticNet,Apul
FUN_002774_13804,39,16,11,11,5-fold,-97.78570815509507,195.5075073617113,-84.09746874459869,168.34691470173775,1.1332670471273831,0.5,11,-84.09746874459869,ElasticNet,Apul
FUN_012273_58773,39,2,2,2,5-fold,-3.7059490501056174,6.48605035939772,-2.493426575804558,4.562357838147698,169.53782863433395,0.1,0,-2.493426575804558,ElasticNet,Apul
FUN_016453_79647,39,34,34,34,5-fold,-4.823594952459199,8.970070775352282,-2.535145926707757,4.759911242869393,1939.710318801668,0.1,0,-2.535145926707757,ElasticNet,Apul
FUN_037329_173021,39,7,7,7,5-fold,-0.7570695223304599,0.5542916790015923,-0.9537303829992755,1.5214206633473786,2173.7892523985024,0.1,0,-0.7570695223304599,RF,Apul
FUN_008418_40794,39,8,6,6,5-fold,-0.9648241503231285,1.2138508130452832,-1.18764039365874,1.047406367539833,785.7065759971459,0.1,1,-0.9648241503231285,RF,Apul
FUN_014916_71175,39,8,6,6,5-fold,-0.02836523524865948,0.11928528739026284,-0.6011143729520667,1.0770126223912917,28.48642984195576,0.99,5,-0.02836523524865948,RF,Apul
FUN_038474_181419,39,11,8,8,5-fold,-1.2301679311169336,1.2705513245521292,-0.9691332049850121,1.1459755721977898,99.14854227067225,0.99,2,-0.9691332049850121,ElasticNet,Apul
FUN_011256_53316,39,9,7,7,5-fold,-3.4797752090984266,5.494113836275031,-2.986355813976984,4.307387943988837,21.798978454085518,0.99,5,-2.986355813976984,ElasticNet,Apul
FUN_032018_145411,39,5,4,4,5-fold,0.008307521624617675,0.27859494840781657,-0.14654623043755075,0.21351725930601934,23.362854117804925,0.95,3,0.008307521624617675,RF,Apul
FUN_037821_175894,39,17,11,11,5-fold,-7.468372409722493,13.986994009970397,-4.036253210348996,7.2173670808251575,3245.5600774525356,0.1,0,-4.036253210348996,ElasticNet,Apul
FUN_005229_25390,39,3,3,3,5-fold,-0.31303261962211765,0.2829918155910605,-0.03231943462173377,0.215144058074272,56.56963060670685,0.99,1,-0.03231943462173377,ElasticNet,Apul
FUN_001272_6606,39,6,6,6,5-fold,-0.44246951341644125,0.42687880980908616,-0.4032593621360193,0.3239687397836474,842.605250304087,0.1,0,-0.4032593621360193,ElasticNet,Apul
FUN_001127_5452,39,8,6,6,5-fold,-0.2537171389849665,0.5109520841728572,-0.029148008379669754,0.12054272958704747,4.481441689183999,0.95,5,-0.029148008379669754,ElasticNet,Apul
FUN_016484_79956,39,3,3,3,5-fold,-0.4531468049457882,0.549419129787958,-0.4906064165600828,0.47896990788309846,1035.7972483274145,0.1,0,-0.4531468049457882,RF,Apul
FUN_005160_24893,39,5,5,5,5-fold,-0.5112189565566653,0.5141757428167933,-0.11218246005492602,0.12390225443034295,57.375847591630425,0.99,2,-0.11218246005492602,ElasticNet,Apul
FUN_009771_47870,39,10,3,3,5-fold,-1.300358846583532,1.3830368861957119,-0.7786763278016603,0.9792459505113892,605.9322292331311,0.1,0,-0.7786763278016603,ElasticNet,Apul
FUN_037489_173933,39,3,3,3,5-fold,-30.29498100303646,60.6022276412499,-17.07463327320873,33.75600107560525,1220.1285852992355,0.1,0,-17.07463327320873,ElasticNet,Apul
FUN_008916_44022,39,5,5,5,5-fold,-0.5756598144808104,0.46633381315173217,-0.32092158732605514,0.2284093852540609,1162.9417922449754,0.1,0,-0.32092158732605514,ElasticNet,Apul
FUN_032026_145465,39,6,3,3,5-fold,-0.7583629090871924,0.49359649107697945,-0.4826139886976028,0.3328172157345839,0.8455494887185887,0.7,3,-0.4826139886976028,ElasticNet,Apul
FUN_035328_162849,39,30,26,26,5-fold,-0.2701582592294113,0.312075863424577,-0.27803887177378583,0.16559815278037865,3214.0700608329785,0.1,0,-0.2701582592294113,RF,Apul
FUN_031841_144275,39,5,5,5,5-fold,-0.852877068545683,0.7294911299089712,-0.3783418744183709,0.25858808584807985,48.337771525149336,0.99,3,-0.3783418744183709,ElasticNet,Apul
FUN_032156_146428,39,17,16,16,5-fold,-0.5548460960777394,1.2318022748334962,-0.9905314521655878,1.8232504053019032,74.11845425904265,0.99,7,-0.5548460960777394,RF,Apul
FUN_040108_188460,39,2,2,2,5-fold,-0.885526246836158,0.8943205851382224,-0.46678151367068066,0.8366056863981145,1165.9459547556512,0.1,0,-0.46678151367068066,ElasticNet,Apul
FUN_014447_67596,39,9,6,6,5-fold,-0.2540088631596803,0.77871628476808,-0.6863082188319393,0.6462305721700194,147.7258658620974,0.99,1,-0.2540088631596803,RF,Apul
FUN_023383_104914,39,16,11,11,5-fold,-1.8381616136187744,3.624790521596873,-1.2887824456419756,1.9816895642183616,1374.4912422688437,0.1,0,-1.2887824456419756,ElasticNet,Apul
FUN_026155_120204,39,13,10,10,5-fold,-0.3381255959734383,0.27255784332387023,-1.5499949250332596,2.5355626257700465,1707.5925244884213,0.1,0,-0.3381255959734383,RF,Apul
FUN_001611_8887,39,58,55,55,5-fold,-1.0708779868350526,1.9862387783040258,-0.5028415635881933,0.7969519427022541,75.36142822313224,0.99,11,-0.5028415635881933,ElasticNet,Apul
FUN_001532_8309,39,14,12,12,5-fold,-2.921170845832014,5.606966053809569,-1.796175459543624,3.2803797215677086,1389.696301562079,0.1,0,-1.796175459543624,ElasticNet,Apul
FUN_007908_37564,39,2,2,2,5-fold,-60.70748065825603,120.93083881327362,-80.686959975902,160.7114549313322,2.2773913984843746,0.5,2,-60.70748065825603,RF,Apul
FUN_002682_13442,39,3,2,2,5-fold,-0.816418707504949,0.8623449661821495,-0.5595250771924412,0.7845616317434796,0.238075562089079,0.7,2,-0.5595250771924412,ElasticNet,Apul
FUN_004756_22496,39,7,4,4,5-fold,-0.3994201321346072,0.4257197323570974,-0.36300995606083963,0.2391781106254834,1144.9377236153455,0.1,1,-0.36300995606083963,ElasticNet,Apul
FUN_025363_114911,39,5,5,5,5-fold,-0.4479346965941494,0.48199540125572504,-0.9373341612455732,0.7910934026142522,3.2799765212863545,0.5,5,-0.4479346965941494,RF,Apul
FUN_009788_47993,39,131,131,100,5-fold,-0.3551754981718125,0.48067325887239826,-0.26677512691447364,0.5034648267319435,9.870166960628513,0.1,99,-0.26677512691447364,ElasticNet,Apul
FUN_012333_59360,39,63,33,33,5-fold,-1.377433914617235,1.3830054290541354,-0.9770503278024858,1.0595326216220995,1771.395146707424,0.1,0,-0.9770503278024858,ElasticNet,Apul
FUN_043463_205935,39,33,31,31,5-fold,-0.6301172290433921,1.3688180254722895,-4.932655287480041,9.62519973539409,3155.005596134036,0.1,0,-0.6301172290433921,RF,Apul
FUN_014919_71183,39,15,14,14,5-fold,-0.5058847691725328,0.34663686962542695,-0.09642899503155133,0.08837773236833533,991.3010860368869,0.1,0,-0.09642899503155133,ElasticNet,Apul
FUN_028970_132639,39,11,11,11,5-fold,-0.8965561009559598,0.7060140753002304,-0.4759339564447272,0.4091334984234244,49.7285273292656,0.95,8,-0.4759339564447272,ElasticNet,Apul
FUN_038245_179547,39,4,4,4,5-fold,-0.6528586669530119,0.8258817011233974,-0.36653668599875905,0.3687388262408121,969.5382136658721,0.1,0,-0.36653668599875905,ElasticNet,Apul
FUN_014884_70887,39,13,13,13,5-fold,-0.1979190523649481,0.25699064540076355,-1.7939212509934706,2.9493420577529905,2.971411873269657,0.99,10,-0.1979190523649481,RF,Apul
FUN_031646_143189,39,3,3,3,5-fold,-0.05651344217203995,0.18976712948314584,0.04288500439287859,0.20772771863810524,0.9954102004139962,0.9,3,0.04288500439287859,ElasticNet,Apul
FUN_011059_52862,39,2,2,2,5-fold,-3.727848601703241,5.712147935119738,-1.3849455334377485,1.8787465034096342,0.7550066273682325,0.5,2,-1.3849455334377485,ElasticNet,Apul
FUN_037758_175339,39,17,15,15,5-fold,-0.8291510217779411,0.9958324019583958,-0.5462896594630839,0.35814572851829984,2475.4584484322354,0.1,0,-0.5462896594630839,ElasticNet,Apul
FUN_025662_116643,39,6,6,6,5-fold,-3.2609247466167575,6.182202808647907,-2.6690080022082325,5.100694153409745,24.852724183592365,0.7,5,-2.6690080022082325,ElasticNet,Apul
FUN_024776_112427,39,2,2,2,5-fold,-0.4746801922111228,0.4926112079245486,-6.729399590466248,12.031730761992721,1607.2017364761589,0.1,0,-0.4746801922111228,RF,Apul
FUN_014765_69967,39,7,7,7,5-fold,-28.47547227781443,56.29691929288266,-19.51938478105023,38.85718825960107,6.290896185703515,0.1,7,-19.51938478105023,ElasticNet,Apul
FUN_024108_108708,39,15,10,10,5-fold,-1.2962686542814557,2.245191769169978,-0.8865438885113113,1.4785704791709993,0.38568511412886614,0.7,10,-0.8865438885113113,ElasticNet,Apul
FUN_034023_155498,39,4,4,4,5-fold,-0.7236171091998493,1.2864287003634771,-1.156664897587394,1.3500764872420128,43.02723848316284,0.99,3,-0.7236171091998493,RF,Apul
FUN_011740_54872,39,6,6,6,5-fold,-0.46931111023329314,0.5640972236963534,-0.31813403352377506,0.25787307372554596,2168.5852560202684,0.1,0,-0.31813403352377506,ElasticNet,Apul
FUN_006163_29245,39,5,4,4,5-fold,-12.810013268613371,24.756957115073227,-9.768587333706968,19.238783205572997,3205.500211194743,0.1,0,-9.768587333706968,ElasticNet,Apul
FUN_008450_41049,39,11,9,9,5-fold,-1.703947159611936,2.6653039026030787,-1.9605227817399609,3.728084946483098,2.0319849176454423,0.1,9,-1.703947159611936,RF,Apul
FUN_038006_177375,39,29,18,18,5-fold,-0.6051112779694685,0.6307946712620106,-0.4695206061697677,0.6427287586962144,1.3190817600289437,0.5,18,-0.4695206061697677,ElasticNet,Apul
FUN_041393_193253,39,95,72,72,5-fold,-48.01319958625483,95.24391951534572,-19.617037291504452,39.2562376324946,11.865435965007006,0.95,52,-19.617037291504452,ElasticNet,Apul
FUN_024335_109799,39,7,7,7,5-fold,-0.09341770852316351,0.3093563372204585,-0.23067966148847288,0.21103961822951053,40.83127227566598,0.95,4,-0.09341770852316351,RF,Apul
FUN_043573_206727,39,2,2,2,5-fold,-0.7639097635611252,0.7618122799871992,-0.6332665811347276,0.8917118493399239,12.459508562751537,0.7,2,-0.6332665811347276,ElasticNet,Apul
FUN_032151_146396,39,23,19,19,5-fold,-2.235710073488543,4.801304527099737,-1.3562187116121196,2.2782058345563123,1427.4676203965057,0.1,0,-1.3562187116121196,ElasticNet,Apul
FUN_023416_105132,39,4,4,4,5-fold,-0.4702552081228422,0.556212209658289,-0.10605159202394135,0.2833505074651399,23.920962526236803,0.99,3,-0.10605159202394135,ElasticNet,Apul
FUN_028941_132503,39,8,8,8,5-fold,-0.23269154562341576,0.2710443255813029,-0.09224225230221265,0.0856309447443327,1469.8046198358345,0.1,0,-0.09224225230221265,ElasticNet,Apul
FUN_036166_167855,39,5,5,5,5-fold,-0.47652618349534104,0.27454829263201813,-0.22992562156124005,0.25749669702859546,1680.9788413337033,0.1,0,-0.22992562156124005,ElasticNet,Apul
FUN_013555_64840,39,3,3,3,5-fold,-0.36483065120656105,0.26323887329335943,-0.19743920037621027,0.2289506492534781,1346.0086850353034,0.1,0,-0.19743920037621027,ElasticNet,Apul
FUN_007184_35237,39,15,14,14,5-fold,-0.7733314539884433,0.758155536175745,-0.45749691417646343,0.32882888539335187,1.4389152285630586,0.1,14,-0.45749691417646343,ElasticNet,Apul
FUN_008908_43935,39,7,7,7,5-fold,-1.1891783490418466,1.1438732477964633,-1.0354892617049603,1.2805814572781615,3.416467308972872,0.7,7,-1.0354892617049603,ElasticNet,Apul
FUN_008940_44170,39,110,81,81,5-fold,-1.7261337991313728,3.061553620512002,-0.7211857133420843,1.0200839658297862,162.67723144936187,0.99,4,-0.7211857133420843,ElasticNet,Apul
FUN_001654_9155,39,4,4,4,5-fold,-0.30868629550110177,0.26667381248270183,-0.11197581274064064,0.194191573607003,3.5009912369116734,0.5,4,-0.11197581274064064,ElasticNet,Apul
FUN_004766_22584,39,9,5,5,5-fold,-2.248978763197846,3.497260240414047,-4.458116488916924,5.50832108710669,2814.5317022702648,0.1,0,-2.248978763197846,RF,Apul
FUN_013652_65417,39,16,14,14,5-fold,-0.7800663604910201,1.0439107180672282,-0.02958613052531254,0.5379799324552655,5.901636806815733,0.95,11,-0.02958613052531254,ElasticNet,Apul
FUN_027806_126695,39,46,31,31,5-fold,-1.692535881164389,2.238263332357728,-1.0266722904205139,1.4520864717677264,1063.9441591552923,0.1,0,-1.0266722904205139,ElasticNet,Apul
FUN_012033_56965,39,5,5,5,5-fold,-9.368365670491183,17.859368226358793,-9.657161008218605,19.100240360741665,1002.4712882285727,0.1,0,-9.368365670491183,RF,Apul
FUN_043515_206294,39,2,2,2,5-fold,-0.3670243752790674,0.43102173384750997,-0.3891347145678311,0.3357519017286609,0.19355302562890586,0.99,2,-0.3670243752790674,RF,Apul
FUN_010832_51632,39,30,29,29,5-fold,-1.7975154200938661,3.4547192259817163,-2.2071574220326453,3.6468863677408847,51.555156358124194,0.7,16,-1.7975154200938661,RF,Apul
FUN_016969_82134,39,7,4,4,5-fold,-2.1868729184504208,4.008805180437619,-3.897769627341879,5.999269236404814,958.4098233964766,0.1,0,-2.1868729184504208,RF,Apul
FUN_041473_193599,39,11,10,10,5-fold,-0.5963516231613746,0.5576464608329907,-0.33278891026070767,0.5036540929780734,1345.1241596536747,0.1,0,-0.33278891026070767,ElasticNet,Apul
FUN_011256_53317,39,10,8,8,5-fold,-3.0882732213944304,5.529350574827998,-2.836317186294269,5.0459221609784395,1222.6728473341266,0.1,0,-2.836317186294269,ElasticNet,Apul
FUN_023011_102245,39,4,4,4,5-fold,-0.7206909591349784,0.8699020039628448,-0.41425302116413204,0.592597765853248,1.8230327250433922,0.1,4,-0.41425302116413204,ElasticNet,Apul
FUN_043642_207416,39,6,5,5,5-fold,-1.5146104150839361,2.776492778460354,-1.3697469791534602,2.5923270979227433,1541.9092820092205,0.1,0,-1.3697469791534602,ElasticNet,Apul
FUN_042970_202155,39,5,5,5,5-fold,-1.0807215877538892,1.7085993066622496,-0.9317025412508719,1.500212921295043,4.654911113870867,0.1,5,-0.9317025412508719,ElasticNet,Apul
FUN_043144_203184,39,7,4,4,5-fold,-0.4002240449809024,0.42247299202833954,-0.3228030062245417,0.33608487535886006,1156.3536047810057,0.1,0,-0.3228030062245417,ElasticNet,Apul
FUN_031700_143498,39,4,4,4,5-fold,-0.19901688548895566,0.14321847239194205,-0.04958585471885635,0.051462390219880805,1168.7912995149131,0.1,0,-0.04958585471885635,ElasticNet,Apul
FUN_043299_204584,39,6,5,5,5-fold,-18.459323118685102,36.008389914265194,-9.631874660425702,18.424472905644887,456.3700957363792,0.1,0,-9.631874660425702,ElasticNet,Apul
FUN_037806_175682,39,30,12,12,5-fold,-0.38076675877487826,0.4560816085895646,-0.2501830322123336,0.3447909083239359,1450.1976722133834,0.1,0,-0.2501830322123336,ElasticNet,Apul
FUN_014570_68558,39,45,42,42,5-fold,-0.059580109456754494,0.3797607912644828,-0.44924458055965727,0.4143662614247226,4.855711074400781,0.1,39,-0.059580109456754494,RF,Apul
FUN_034796_159262,39,5,5,5,5-fold,-4.598048571684247,8.335898195619679,-2.935083955872892,5.436594420695522,2707.067653618004,0.1,0,-2.935083955872892,ElasticNet,Apul
FUN_008025_38304,39,40,32,32,5-fold,-0.35956455748484795,0.4837311646305768,-0.37261008446236016,0.6142703678430265,0.5866484209987274,0.5,32,-0.35956455748484795,RF,Apul
FUN_008544_41809,39,3,3,3,5-fold,-1.812158842719772,3.171417269552441,-1.8125042002902394,3.047312955021466,85.08603901452082,0.99,2,-1.812158842719772,RF,Apul
FUN_040673_190972,39,16,10,10,5-fold,-0.7678936293337836,0.6310384311582575,-0.3784425205629046,0.5414715967112512,1267.3422143037324,0.1,0,-0.3784425205629046,ElasticNet,Apul
FUN_036166_167850,39,8,7,7,5-fold,-0.4465639508807174,1.040499535198552,-0.7829309318860064,1.3789335568571983,121.98728238229025,0.99,1,-0.4465639508807174,RF,Apul
FUN_032110_146100,39,22,19,19,5-fold,-4.179530444187757,6.945657953218083,-16.086298476727002,31.238784755108096,287.3438109286656,0.99,3,-4.179530444187757,RF,Apul
FUN_008989_44612,39,5,5,5,5-fold,-1.0798326923616315,1.0060431249677235,-0.6071251109186585,0.7289381155571807,5.359875155951803,0.1,5,-0.6071251109186585,ElasticNet,Apul
FUN_023159_103369,39,5,5,5,5-fold,0.006226119603261715,0.13448969544672115,-0.5291120263072671,0.47068270205770363,1347.6568783058574,0.1,1,0.006226119603261715,RF,Apul
FUN_025226_113988,39,6,3,3,5-fold,0.2888697310236239,0.33238071577467687,-0.35904975665678646,0.47920378711074985,1831.7656603849282,0.1,0,0.2888697310236239,RF,Apul
FUN_025775_117392,39,6,6,6,5-fold,-0.8100847204389842,0.4955835951824416,-0.4969307152421534,0.4233716384007786,1692.365627399853,0.1,0,-0.4969307152421534,ElasticNet,Apul
FUN_025840_117826,39,5,5,5,5-fold,-0.7281420396790275,0.7728563908424434,-0.594955138713825,0.8720363682293605,16.117000958285672,0.95,4,-0.594955138713825,ElasticNet,Apul
FUN_000559_2823,39,14,14,14,5-fold,-0.4524908438557322,0.5386631182625586,-0.11559320522352654,0.11051372760923099,58.63003867569166,0.99,6,-0.11559320522352654,ElasticNet,Apul
FUN_012697_61488,39,13,3,3,5-fold,-1.0159862417334187,1.8760804585381472,-3.3087576018875544,4.324738370689149,5.956335499996293,0.99,3,-1.0159862417334187,RF,Apul
FUN_028076_128168,39,22,22,22,5-fold,-0.1978481682650118,0.3167196788249769,-0.2184028604618487,0.17570583908422743,3.453575784752674,0.1,22,-0.1978481682650118,RF,Apul
FUN_008619_42328,39,4,4,4,5-fold,-1.3243884539943367,2.283547053008454,-1.115073037194166,2.0249370120784866,1447.4918364509333,0.1,0,-1.115073037194166,ElasticNet,Apul
FUN_041418_193363,39,23,14,14,5-fold,-1.2139096574587573,0.97566042590162,-0.42081908929315315,0.3602247406930155,2316.4811659870666,0.1,0,-0.42081908929315315,ElasticNet,Apul
FUN_023410_105105,39,39,26,26,5-fold,-0.7107338566457045,0.8896112779641802,0.07989108891766294,0.22907834605226562,15.228873392948325,0.99,18,0.07989108891766294,ElasticNet,Apul
FUN_036338_168746,39,12,4,4,5-fold,-0.6941011284528681,1.2286164368974626,-1.12638985569724,1.0209829423402779,13.194363974111106,0.95,4,-0.6941011284528681,RF,Apul
FUN_025840_117828,39,12,11,11,5-fold,-1.3815187448259365,2.596781900863073,-0.9417935483734972,1.407993982618478,15.31402917897178,0.95,9,-0.9417935483734972,ElasticNet,Apul
FUN_012567_60709,39,4,4,4,5-fold,-0.3900837878271471,0.5585015872399113,-0.27342499581449997,0.3625913795094146,795.21411860256,0.1,0,-0.27342499581449997,ElasticNet,Apul
FUN_009960_48489,39,19,10,10,5-fold,-5.436550127883271,9.82543095988906,-18.564387500372884,23.107655701774473,0.8335717091234444,0.5,10,-5.436550127883271,RF,Apul
FUN_043396_205385,39,13,6,6,5-fold,-0.5314953705302157,0.8805604798878126,-0.9496574616671355,1.5151236044384162,2189.445480474908,0.1,0,-0.5314953705302157,RF,Apul
FUN_013138_63143,39,15,13,13,5-fold,-0.4854764314777588,0.24688008554069638,-0.5427822843712713,0.61951211093167,1.244460712912376,0.1,13,-0.4854764314777588,RF,Apul
FUN_034605_158615,39,22,21,21,5-fold,-0.1964779068835369,0.16894383184050843,-0.27077189439512084,0.3378274697370297,1704.3791337167738,0.1,0,-0.1964779068835369,RF,Apul
FUN_024682_111980,39,17,15,15,5-fold,-1.7340822211743414,2.1339060473925424,-0.7162939433664475,0.9666837100769995,15.609282912032146,0.1,15,-0.7162939433664475,ElasticNet,Apul
FUN_043493_206083,39,12,12,12,5-fold,-0.2334640093293773,0.2008428254636223,-0.09089731055749102,0.10943518526870734,1659.2080957679966,0.1,0,-0.09089731055749102,ElasticNet,Apul
FUN_001532_8305,39,16,15,15,5-fold,-6.692435661204321,12.536841651125567,-7.166961487679418,14.108228061909415,1492.8621590875375,0.1,0,-6.692435661204321,RF,Apul
FUN_014856_70736,39,5,5,5,5-fold,-0.8332649751875069,1.168574337565078,-0.4757211833687074,0.6715268073754344,2589.4165259345077,0.1,0,-0.4757211833687074,ElasticNet,Apul
FUN_023551_105904,39,3,3,3,5-fold,-0.9365660177221784,1.3506883314338718,-0.47102044750652433,0.9755859158564221,13.793258548845193,0.95,3,-0.47102044750652433,ElasticNet,Apul
FUN_024484_110926,39,16,16,16,5-fold,-0.4420798225680073,0.7533126445065296,-0.15671438430577242,0.14494467159665114,867.7035948862796,0.1,0,-0.15671438430577242,ElasticNet,Apul
FUN_018530_87779,39,8,8,8,5-fold,-0.4576021647744469,0.49113058846759994,-0.28367083676567967,0.18449769026395724,2.765532665032703,0.1,8,-0.28367083676567967,ElasticNet,Apul
FUN_043242_204039,39,12,9,9,5-fold,-0.7386585960748345,0.8099000027757827,-0.8228927250484332,0.8550434456954232,21.88150733418267,0.9,8,-0.7386585960748345,RF,Apul
FUN_004261_18968,39,3,3,3,5-fold,-1.0104165103907612,1.3779116032026253,-1.1876899756066133,1.6752923218611997,0.7091731529112004,0.5,3,-1.0104165103907612,RF,Apul
FUN_023383_104906,39,2,2,2,5-fold,-1.5968612065282064,2.181155839523544,-1.9015469134427296,2.8785380108255483,0.21410278638942892,0.7,2,-1.5968612065282064,RF,Apul
FUN_043560_206599,39,9,9,9,5-fold,-0.3440329498065663,0.24274098832255397,-0.3595207274604064,0.33248120235386436,1377.6144744381359,0.1,0,-0.3440329498065663,RF,Apul
FUN_022199_96396,39,12,12,12,5-fold,-0.8940723081627608,0.5961897399127825,-0.15398644328663189,0.204975275735595,1370.5523305897925,0.1,0,-0.15398644328663189,ElasticNet,Apul
FUN_032221_146885,39,3,3,3,5-fold,-0.2660879669437712,0.5734259322796432,-0.14286914793928732,0.15339832625731784,1351.1784228522502,0.1,0,-0.14286914793928732,ElasticNet,Apul
FUN_023159_103368,39,3,3,3,5-fold,-0.5749646206089233,1.018803974123147,-0.5458323134156942,0.623118019478966,101.8838519585945,0.99,1,-0.5458323134156942,ElasticNet,Apul
FUN_035807_165613,39,12,12,12,5-fold,-19.37329193919236,27.994731796850907,-11.087443822683714,19.888957044791262,896.9085848269673,0.1,0,-11.087443822683714,ElasticNet,Apul
FUN_002682_13449,39,6,6,6,5-fold,-0.7050236706672793,0.9588747959553828,-0.8132562589127248,1.1672603024101695,1769.2559405614172,0.1,0,-0.7050236706672793,RF,Apul
FUN_012390_59776,39,65,65,65,5-fold,-1.694191306392104,2.1651684560008633,-0.6607162325067103,0.7943459633990725,1382.5630698382713,0.1,0,-0.6607162325067103,ElasticNet,Apul
FUN_006163_29240,39,7,7,7,5-fold,-2.6438046525322063,4.75741599630559,-1.8525380265154368,3.3954077857493137,2775.894958936811,0.1,0,-1.8525380265154368,ElasticNet,Apul
FUN_011896_55943,39,9,8,8,5-fold,-0.9429193500906731,1.7360827014714852,-0.2708960337423406,0.38880746743515376,1311.6294463697832,0.1,0,-0.2708960337423406,ElasticNet,Apul
FUN_032394_148094,39,6,6,6,5-fold,-0.5751546404042573,0.7766422375839066,-0.7260439815965155,0.7706709869303738,1.2052035443821103,0.99,4,-0.5751546404042573,RF,Apul
FUN_025840_117823,39,6,6,6,5-fold,-0.2695778838897861,0.5314077490463099,-0.42962674037598186,0.3698418428131898,4.2563159257338805,0.1,6,-0.2695778838897861,RF,Apul
FUN_028849_132118,39,6,4,4,5-fold,-2.014837117827515,3.025933586341987,-22.143217017982597,38.345041816902764,894.3149858330686,0.1,0,-2.014837117827515,RF,Apul
FUN_035839_165868,39,19,16,16,5-fold,-0.6942228409781437,0.6684561852955876,-0.956001489795268,1.1188915699106148,3.0538071516890777,0.1,16,-0.6942228409781437,RF,Apul
FUN_037491_173955,39,8,8,8,5-fold,-6.342869565171567,11.725363124796543,-4.131579376064305,7.655975596242592,221.22654859851582,0.99,1,-4.131579376064305,ElasticNet,Apul
FUN_023158_103346,39,13,8,8,5-fold,-0.6214621353753511,1.2587775786926905,-0.6025188139645384,0.4674841770888782,31.256955735647523,0.99,6,-0.6025188139645384,ElasticNet,Apul
FUN_012287_58944,39,19,19,19,5-fold,-9.358036038047,17.813727714689904,-7.159428887006593,14.143983627114503,1438.3068754841033,0.1,0,-7.159428887006593,ElasticNet,Apul
FUN_022570_99164,39,2,2,2,5-fold,-1.0185341195473243,0.7445610743085226,-0.7750008668450727,0.6732018812946753,472.2636914058756,0.1,0,-0.7750008668450727,ElasticNet,Apul
FUN_007995_38027,39,31,30,30,5-fold,-1.2526215649083734,1.1654404842024457,-1.179180544032591,1.42856013614739,2137.2306159722975,0.1,0,-1.179180544032591,ElasticNet,Apul
FUN_004795_22786,39,7,7,7,5-fold,-30.957172164058647,61.016056208305734,-28.67082812129425,57.07690920042943,166.77863381335044,0.99,1,-28.67082812129425,ElasticNet,Apul
FUN_043493_206087,39,12,8,8,5-fold,-0.365488218191575,0.3849608769949306,-0.23222491200774603,0.30868386895055466,3.18616108074901,0.7,8,-0.23222491200774603,ElasticNet,Apul
FUN_035733_165095,39,7,7,7,5-fold,-0.7822489547203446,0.6690223778347009,-0.48477495760002454,0.4638849256942259,1376.631328449597,0.1,0,-0.48477495760002454,ElasticNet,Apul
FUN_035844_165894,39,3,3,3,5-fold,-1.082503211427646,0.8403082044010398,-0.4995001267436633,0.6073866666669112,1279.249011308163,0.1,0,-0.4995001267436633,ElasticNet,Apul
FUN_008193_39330,39,3,3,3,5-fold,-0.9338754094446035,0.6591039275759907,-0.6797821920734831,0.764654983646065,1076.736053574444,0.1,0,-0.6797821920734831,ElasticNet,Apul
FUN_033754_153624,39,3,2,2,5-fold,-0.2343191795714265,0.18969414695116313,-0.16737256865547612,0.08511034387881732,0.2614987338925785,0.5,2,-0.16737256865547612,ElasticNet,Apul
FUN_018842_89047,39,5,5,5,5-fold,-16.516067676878926,32.82345042889951,-9.85895122612367,19.54180227656444,1315.9353497793088,0.1,1,-9.85895122612367,ElasticNet,Apul
FUN_025459_115393,39,2,2,2,5-fold,-0.37975335357547385,0.5459432904157301,-0.4060788178347309,0.5138604333269468,43.648640165285194,0.99,2,-0.37975335357547385,RF,Apul
FUN_041656_195150,39,3,3,3,5-fold,-7.7573719266748045,15.558606535443118,-5.323768169622552,10.367073418910518,65.01944996622429,0.99,1,-5.323768169622552,ElasticNet,Apul
FUN_004770_22620,39,28,13,13,5-fold,-2.731198812263696,4.842153729843647,-2.5846637276571944,4.956074933180631,2.5237328215987427,0.1,13,-2.5846637276571944,ElasticNet,Apul
FUN_041486_193719,39,13,10,10,5-fold,-217.88702555361562,434.45145859963924,-64.17324672130276,127.88058981752856,18.87670231904925,0.95,4,-64.17324672130276,ElasticNet,Apul
FUN_026588_122774,39,3,2,2,5-fold,-0.2921913711560551,0.35271193377828963,-0.610149680569881,0.5325380774926727,40.30709340914393,0.7,2,-0.2921913711560551,RF,Apul
FUN_022518_98827,39,11,11,11,5-fold,-214.32813434451555,427.7976848462693,-177.392168145963,354.3231213934347,1525.9801899158258,0.1,0,-177.392168145963,ElasticNet,Apul
FUN_041835_196660,39,3,3,3,5-fold,0.18178068229812047,0.3520460325935952,-0.32697898961358884,0.5217903826909717,1157.5545145273513,0.1,0,0.18178068229812047,RF,Apul
FUN_028303_129724,39,7,7,7,5-fold,-1.671348964003873,3.1128580684398726,-1.2712961196419859,2.3690663239017415,1116.2834169191383,0.1,0,-1.2712961196419859,ElasticNet,Apul
FUN_038401_180927,39,88,85,85,5-fold,-4.101543287072027,5.230125894180191,-1.3814104869650317,1.4822847071519214,544.5323165055255,0.9,0,-1.3814104869650317,ElasticNet,Apul
FUN_013368_63993,39,7,7,7,5-fold,-0.9454273765404098,1.4227321196764837,-0.863268787662939,1.5084731019480722,34.44204824185964,0.99,6,-0.863268787662939,ElasticNet,Apul
FUN_014916_71173,39,3,3,3,5-fold,-0.0409983820934291,0.14496801935097958,-0.07409356427654548,0.10227991181885647,198.95681291770234,0.99,1,-0.0409983820934291,RF,Apul
FUN_015304_73872,39,4,4,4,5-fold,-16.705000673017274,33.16572597562049,-9.201568451998815,18.285664935325066,3.047299893444335,0.1,4,-9.201568451998815,ElasticNet,Apul
FUN_008055_38421,39,6,4,4,5-fold,-0.17915723506357284,0.22321827653205756,-0.08436667473631303,0.09718887485489756,1545.6736919494397,0.1,0,-0.08436667473631303,ElasticNet,Apul
FUN_028076_128169,39,9,7,7,5-fold,-0.43782422176320546,0.3408868946181448,-2.004085634403902,3.6583618626221024,1905.4385200834197,0.1,0,-0.43782422176320546,RF,Apul
FUN_038200_179134,39,9,8,8,5-fold,-20.944879444380188,31.98039759829268,-3.9524229816110257,4.282784444070259,647.1992157472935,0.1,0,-3.9524229816110257,ElasticNet,Apul
FUN_012338_59406,39,5,5,5,5-fold,-2.3567542190329154,3.592891171642273,-0.8673600981060317,1.5966093827755188,1132.1273910428524,0.1,0,-0.8673600981060317,ElasticNet,Apul
FUN_008378_40502,39,9,3,3,5-fold,-0.1951185321770632,0.47203241504850973,-0.10225373293478648,0.3182287146054076,14.777931902308765,0.99,3,-0.10225373293478648,ElasticNet,Apul
FUN_023439_105302,39,10,10,10,5-fold,-1.214245366931307,1.7551136699900534,-1.3741165255245782,2.1847274922292175,3151.2237733904294,0.1,0,-1.214245366931307,RF,Apul
FUN_022897_101464,39,38,34,34,5-fold,-3.0137609274680583,3.3532102785156046,-1.8409536567685776,1.7749383833023962,1622.9884827472385,0.1,0,-1.8409536567685776,ElasticNet,Apul
FUN_031841_144276,39,8,8,8,5-fold,-0.7737859171078274,0.985211349305493,-0.32024641719153124,0.2380829006283361,129.20125200109547,0.99,1,-0.32024641719153124,ElasticNet,Apul
FUN_026672_123036,39,7,7,7,5-fold,-0.5781088258384036,0.31304908437519235,-0.23845399654767277,0.12813390944371356,1.0689255407665474,0.5,7,-0.23845399654767277,ElasticNet,Apul
FUN_040059_188058,39,6,4,4,5-fold,-0.49144180062274917,0.6417374010219288,-0.2101607468420089,0.27904569675935714,2.476542044556205,0.5,4,-0.2101607468420089,ElasticNet,Apul
FUN_028143_128655,39,3,3,3,5-fold,-4.5440825957053965,7.625466324186316,-7.660862147835101,15.14734661286381,590.8375780646925,0.1,0,-4.5440825957053965,RF,Apul
FUN_003718_15858,39,3,3,3,5-fold,-0.29973150209402644,0.43245416519994523,-0.1399135877170043,0.16691501613634446,0.7897889689079577,0.5,3,-0.1399135877170043,ElasticNet,Apul
FUN_034797_159278,39,10,10,10,5-fold,-1.363850825452602,1.5866221603730852,-0.7977451406872053,0.9667879023848691,50.401268170896095,0.99,4,-0.7977451406872053,ElasticNet,Apul
FUN_043642_207414,39,8,8,8,5-fold,-2.8767966550417636,5.347836701908407,-1.7341757383578045,3.3778791394520797,1520.705880711898,0.1,0,-1.7341757383578045,ElasticNet,Apul
FUN_013621_65234,39,24,15,15,5-fold,-0.4908160533297755,0.473542130855948,-0.3119569311812781,0.34336468281723825,109.97714773655748,0.99,1,-0.3119569311812781,ElasticNet,Apul
FUN_035839_165865,39,2,2,2,5-fold,-1.2087405697805056,2.7676042827412086,-1.0376283801003086,1.3211979937084397,2.4380042995714213,0.5,2,-1.0376283801003086,ElasticNet,Apul
FUN_014818_70405,39,10,6,6,5-fold,-0.530513474585647,0.4878952367127095,-0.37158184760095525,0.3901642519748485,625.9079040308977,0.1,0,-0.37158184760095525,ElasticNet,Apul
FUN_031628_143067,39,107,83,83,5-fold,-2.241459638831019,3.2544943563833266,-1.8697171706849418,3.3691950511577904,364.2370622423722,0.99,1,-1.8697171706849418,ElasticNet,Apul
FUN_017760_83512,39,2,2,2,5-fold,-0.6295798754772512,0.4878752597374578,-0.3772904063737,0.47472798909479813,1.9144180532292625,0.5,2,-0.3772904063737,ElasticNet,Apul
FUN_022962_101911,39,7,6,6,5-fold,-1.2332105483510445,1.7827344066933581,-0.8133411911493058,1.0396375791058459,2.543705368976856,0.1,6,-0.8133411911493058,ElasticNet,Apul
FUN_035227_162254,39,55,50,50,5-fold,-0.34445800618748734,0.19672555482552956,-0.07344680061516443,0.08247745883187921,238.04152794689236,0.99,2,-0.07344680061516443,ElasticNet,Apul
FUN_025775_117394,39,3,3,3,5-fold,-1.0279309004843187,1.5436129601851836,-1.0189742253676868,1.478487954795873,0.8431930251734533,0.5,3,-1.0189742253676868,ElasticNet,Apul
FUN_037489_173932,39,16,6,6,5-fold,-29.951200227638502,59.22047766293067,-18.232559869655937,35.95695081440204,17.311904342347255,0.99,5,-18.232559869655937,ElasticNet,Apul
FUN_041656_195148,39,2,2,2,5-fold,-5.157000315812197,10.438805567818969,-2.6854483129917597,5.123056034098863,39.92961623638528,0.99,1,-2.6854483129917597,ElasticNet,Apul
FUN_004836_23152,39,20,16,16,5-fold,-8.902059872823276,17.774399703434522,-6.389557257918716,12.73290785339551,25.971132780552477,0.99,10,-6.389557257918716,ElasticNet,Apul
FUN_022962_101910,39,18,12,12,5-fold,-2.2956198222423616,4.296611205955402,-2.2973177334916164,2.6960719644965088,12.206358853729684,0.7,12,-2.2956198222423616,RF,Apul
FUN_029664_136897,39,2,2,2,5-fold,-6.4280951268329005,11.791101630993142,-4.391242482557642,8.436687057099924,152.92625575271407,0.1,0,-4.391242482557642,ElasticNet,Apul
FUN_005343_26055,39,2,2,2,5-fold,-0.5572053197156496,0.7153375318225464,-0.47829533254906986,0.48692936189012026,12.434245116326794,0.7,2,-0.47829533254906986,ElasticNet,Apul
FUN_029147_134023,39,28,23,23,5-fold,-2.546347696571058,4.660300407746469,-2.9216302005518417,5.598804612549371,2198.478566296659,0.1,0,-2.546347696571058,RF,Apul
FUN_035071_161351,39,16,13,13,5-fold,-0.2948830957152558,0.39217344614865346,-0.2310312549832274,0.3110637687928576,1.9872800187371664,0.5,13,-0.2310312549832274,ElasticNet,Apul
FUN_014637_69045,39,3,3,3,5-fold,-0.8784640560845025,1.4876652532079861,-0.43277607987190103,0.3531778579529845,1054.9780389398466,0.1,0,-0.43277607987190103,ElasticNet,Apul
FUN_010825_51553,39,3,3,3,5-fold,-2.127364093602133,2.7421730522105086,-0.9334958497349373,1.341581575571016,5.7184835746707465,0.1,3,-0.9334958497349373,ElasticNet,Apul
FUN_022914_101569,39,13,13,13,5-fold,-2.4193898624935724,3.7100820560987215,-2.090211895043976,3.8200647616132755,2960.21962898857,0.1,1,-2.090211895043976,ElasticNet,Apul
FUN_035728_165083,39,7,4,4,5-fold,-1.918141105121523,2.1207885372605295,-1.2938066259299088,1.5553225702383515,1862.1353220690257,0.1,0,-1.2938066259299088,ElasticNet,Apul
FUN_008397_40631,39,20,20,20,5-fold,-3.8469947282152406,5.174697992151083,-2.861909576480291,4.505459036265531,0.7561733801528817,0.5,19,-2.861909576480291,ElasticNet,Apul
FUN_025309_114411,39,4,4,4,5-fold,-0.7449821914336354,1.0632970924035188,-0.4756550717542833,0.8107545178192248,1.2154732740781196,0.7,4,-0.4756550717542833,ElasticNet,Apul
FUN_001630_9043,39,16,16,16,5-fold,-0.06847495678037366,0.3843029065714162,-0.2084184076766218,0.20067419364873298,6.9674730563929215,0.1,16,-0.06847495678037366,RF,Apul
FUN_026626_122922,39,14,12,12,5-fold,-0.6544269917558632,0.43222367016131724,-0.40191787353704606,0.3304446977262961,5.894849982904936,0.7,12,-0.40191787353704606,ElasticNet,Apul
FUN_007181_35200,39,3,3,3,5-fold,-19.30453838476219,38.086986451182696,-8.102636068387842,15.982393411934932,916.7438843109537,0.1,0,-8.102636068387842,ElasticNet,Apul
FUN_032540_148877,39,13,12,12,5-fold,-0.6805750360564166,1.1810215466190814,-0.7356883527703969,0.5758811548433183,1.4988990612390334,0.1,12,-0.6805750360564166,RF,Apul
FUN_035349_162929,39,5,5,5,5-fold,-14.005015229519767,27.537031398587338,-16.37949481062462,32.48553170910017,4.0392199707678555,0.1,5,-14.005015229519767,RF,Apul
FUN_016484_79958,39,3,2,2,5-fold,-0.6279850282569316,0.4235601974233432,-0.31759143998543027,0.3066808853902602,2.6051224970004196,0.5,2,-0.31759143998543027,ElasticNet,Apul
FUN_005470_26627,39,24,22,22,5-fold,-1.0211453257920389,1.305465916534758,-1.239510161615022,1.8930127575460196,6.235908411979043,0.1,22,-1.0211453257920389,RF,Apul
FUN_012767_61788,39,9,3,3,5-fold,-3.2719917800364025,6.571088908533847,-12.816781603687271,17.701951236915363,1743.4066482001497,0.1,0,-3.2719917800364025,RF,Apul
FUN_023383_104905,39,3,3,3,5-fold,-2.2069894512286323,3.3394298269814486,-2.629330997677348,3.062374416420934,1290.8497892757157,0.1,0,-2.2069894512286323,RF,Apul
FUN_032394_148084,39,17,7,7,5-fold,-0.6576981062269569,0.6920157937653535,-0.27816501131204546,0.3198691746732824,46.830627855488714,0.99,4,-0.27816501131204546,ElasticNet,Apul
FUN_022939_101740,39,6,6,6,5-fold,-4.102966636370235,6.924170232606387,-3.8167713535750933,7.1577412223015395,2.993767469948379,0.1,6,-3.8167713535750933,ElasticNet,Apul
FUN_014864_70805,39,3,3,3,5-fold,-0.6762091885406967,0.6507397431815141,-0.42705797915430976,0.37041114226680844,1642.50712872767,0.1,0,-0.42705797915430976,ElasticNet,Apul
FUN_025984_118755,39,21,21,21,5-fold,-0.28119804392506614,0.39020541278086407,-0.10158623904124128,0.07172565862324085,7.61943158351664,0.1,21,-0.10158623904124128,ElasticNet,Apul
FUN_038512_181644,39,3,2,2,5-fold,-0.23220566988721375,0.18516456911128285,-0.15936981608707135,0.13296632192659472,803.0725194383214,0.1,0,-0.15936981608707135,ElasticNet,Apul
FUN_006433_30540,39,31,30,30,5-fold,-1.7392043816777942,2.54931977519569,-1.5900087598796755,2.8638325700015193,13.199709754124676,0.95,24,-1.5900087598796755,ElasticNet,Apul
FUN_043484_206043,39,25,22,22,5-fold,-1.5896371710434667,3.2629271129115835,-3.4400113530770384,7.307520753604446,7.788239050048434,0.95,19,-1.5896371710434667,RF,Apul
FUN_004094_17803,39,16,16,16,5-fold,-2.934521149283502,5.651355863570666,-2.7137617031150105,4.453453941516238,6.64489366151567,0.95,15,-2.7137617031150105,ElasticNet,Apul
FUN_012106_57422,39,7,7,7,5-fold,-1.8324918191874282,1.7272337244315596,-0.7483152096467803,0.4296495680704106,1619.0248796415287,0.1,0,-0.7483152096467803,ElasticNet,Apul
FUN_002682_13445,39,7,7,7,5-fold,-0.35269751763621127,0.6199256880919544,-0.4881646454137184,0.7006625451384725,62.411036456354516,0.99,5,-0.35269751763621127,RF,Apul
FUN_023383_104907,39,3,3,3,5-fold,-2.504455709528352,3.407898532896268,-1.9223198806981088,2.583434125344263,1821.6678847519559,0.1,0,-1.9223198806981088,ElasticNet,Apul
FUN_016476_79911,39,20,20,20,5-fold,-0.5429178301000789,0.5033158277482417,-0.43191968602433806,0.3175613539728199,1644.966328088401,0.1,0,-0.43191968602433806,ElasticNet,Apul
FUN_037968_176986,39,11,11,11,5-fold,-0.5250023188855409,0.36037770451645273,-0.4476549967849771,0.3079285417722624,4.002557173682653,0.1,11,-0.4476549967849771,ElasticNet,Apul
FUN_023700_106822,39,3,3,3,5-fold,-2.6444847996993244,4.044482271855564,-1.9692210237758434,3.516855837765932,1632.1291175328492,0.1,0,-1.9692210237758434,ElasticNet,Apul
FUN_031801_144133,39,15,13,13,5-fold,-0.8012134907564661,0.6007302121807252,-0.5892942249029807,0.44446755416043443,1.6167406369833468,0.5,13,-0.5892942249029807,ElasticNet,Apul
FUN_029277_134891,39,19,13,13,5-fold,-0.9160392959981476,1.213853185651333,-0.47777752990073397,0.823388520793353,120.88067969813007,0.99,5,-0.47777752990073397,ElasticNet,Apul
FUN_038784_183053,39,4,4,4,5-fold,-0.5261923544373849,0.6284918338661926,-0.494321446121465,0.548258993451775,0.9413516211532791,0.5,4,-0.494321446121465,ElasticNet,Apul
FUN_010677_50583,39,32,26,26,5-fold,-0.4640422908605174,0.5726337509211645,-0.3245647167073322,0.4240309184715787,30.646711723976328,0.99,15,-0.3245647167073322,ElasticNet,Apul
FUN_036148_167694,39,12,8,8,5-fold,-0.8501231669275293,0.5936450722964087,-0.4245697896858148,0.4087768827333652,1788.2778130606494,0.1,0,-0.4245697896858148,ElasticNet,Apul
FUN_008533_41668,39,10,10,10,5-fold,-0.28045616837692966,0.26684710102219367,-1.0016764920859313,1.6227150412912994,1087.4820220619104,0.1,0,-0.28045616837692966,RF,Apul
FUN_033916_154824,39,13,9,9,5-fold,-1.7806358825625637,3.6178717503829376,-3.0841389318210704,6.115488119851603,72.62683241398558,0.99,4,-1.7806358825625637,RF,Apul
FUN_001956_10684,39,5,5,5,5-fold,-1.975547768887467,4.238952875173687,-1.756721040795065,3.3911415714838937,2.986335183667063,0.1,5,-1.756721040795065,ElasticNet,Apul
FUN_041498_193812,39,7,7,7,5-fold,-0.4824897478225451,0.7152637285328757,-0.6082502500642516,0.8975209780539504,3.7833715466049376,0.1,7,-0.4824897478225451,RF,Apul
FUN_014739_69804,39,34,21,21,5-fold,-2.074202265530731,3.825164852531483,-1.2675121188554244,2.3896632056251783,2544.552350727847,0.1,1,-1.2675121188554244,ElasticNet,Apul
FUN_017756_83472,39,4,4,4,5-fold,-0.800553892008647,0.7496131248230571,-0.5198517669744037,0.45291831930787696,1019.8913563083014,0.1,0,-0.5198517669744037,ElasticNet,Apul
FUN_006996_33854,39,11,4,4,5-fold,-2.92549354372852,5.377162931548654,-1.6718920156949248,3.0794322070699596,414.89641477313234,0.1,0,-1.6718920156949248,ElasticNet,Apul
FUN_014748_69863,39,7,4,4,5-fold,-1.7880291768735173,3.1989813822467714,-1.6449509115677121,2.8885760221425416,1.545657473089828,0.9,4,-1.6449509115677121,ElasticNet,Apul
FUN_014704_69486,39,21,21,21,5-fold,-1.2651633941881708,1.97540139640752,-0.571163043195134,0.4909176920485092,18.562422885271953,0.1,21,-0.571163043195134,ElasticNet,Apul
FUN_043604_207105,39,7,7,7,5-fold,-0.5486403638003181,0.23644566726350186,-2.2406546018664586,3.897115482528673,1300.0993949404656,0.1,0,-0.5486403638003181,RF,Apul
FUN_015065_72359,39,7,6,6,5-fold,-0.5115968176946237,0.3865667010259339,-0.48694257966752036,0.384408760798292,0.5803714170635244,0.5,6,-0.48694257966752036,ElasticNet,Apul
FUN_024628_111727,39,25,17,17,5-fold,-0.5140763953870591,0.8614158401517884,-0.8264985995063032,0.6844214004261484,10.996009042285943,0.9,17,-0.5140763953870591,RF,Apul
FUN_035733_165096,39,11,11,11,5-fold,-0.7571996337087865,0.6160954631315774,-0.6059663180131262,0.565630712231149,1773.5544553620007,0.1,0,-0.6059663180131262,ElasticNet,Apul
FUN_009656_47505,39,19,10,10,5-fold,-0.20822028789487174,0.44132714798387523,-0.3175852528280912,0.38598033830636935,1102.9603107324076,0.1,0,-0.20822028789487174,RF,Apul
FUN_012657_61191,39,50,37,37,5-fold,-0.39110941539387295,0.8890392458364692,-0.32604483018678543,0.3624166105537619,2627.9323287568013,0.1,0,-0.32604483018678543,ElasticNet,Apul
FUN_042591_199801,39,73,63,63,5-fold,-0.29768441064909756,0.3737827899276303,-0.4223643250415682,0.598588842272813,148.5384789214581,0.95,15,-0.29768441064909756,RF,Apul
FUN_008516_41501,39,3,3,3,5-fold,-0.6344901398544989,0.521734314828767,-0.2749848279518232,0.3112742423428925,1084.3121169484355,0.1,0,-0.2749848279518232,ElasticNet,Apul
FUN_033989_155241,39,2,2,2,5-fold,-6.89255181672622,13.567402373430896,-9.56707600495351,18.461016039478867,0.6568973132689361,0.5,2,-6.89255181672622,RF,Apul
FUN_016113_77150,39,9,9,9,5-fold,-0.14616471223150357,0.497383931568728,-0.4899410815533162,0.8156954747127312,1623.3496311220276,0.1,0,-0.14616471223150357,RF,Apul
FUN_023647_106536,39,4,3,3,5-fold,-0.534257517115944,1.0079217598108594,-0.8279283995620108,1.6346494200761572,14.02415861365428,0.99,3,-0.534257517115944,RF,Apul
FUN_004557_21136,39,2,2,2,5-fold,-22.311790693388033,43.238497474589735,-12.763090020796039,25.05655670652012,353.2395943306163,0.1,0,-12.763090020796039,ElasticNet,Apul
FUN_043299_204583,39,13,13,13,5-fold,-13.699723860738459,25.169401467127024,-7.397093602016646,14.301962448654129,1555.6987463553976,0.1,0,-7.397093602016646,ElasticNet,Apul
FUN_032756_150081,39,10,4,4,5-fold,-0.8477822361165703,1.1838761638270505,-0.230971125777639,0.3453419565643332,831.3278514902074,0.1,0,-0.230971125777639,ElasticNet,Apul
FUN_009862_48301,39,3,3,3,5-fold,-3.423270347285924,5.443937227718409,-4.193769966721292,8.187702747299305,4.486383002780823,0.1,3,-3.423270347285924,RF,Apul
FUN_010885_51911,39,8,6,6,5-fold,-0.43425971098923466,0.32763356626625956,-0.3993620098327953,0.4653475204829307,2162.0507504071247,0.1,1,-0.3993620098327953,ElasticNet,Apul
FUN_022703_100365,39,27,23,23,5-fold,-0.39867067324167743,0.14594301734765736,-0.25543113194828604,0.2638987503497311,1465.594818808743,0.1,0,-0.25543113194828604,ElasticNet,Apul
FUN_028143_128654,39,4,4,4,5-fold,-14.487047932175674,28.26399500216089,-7.500139872761079,14.716702137134982,1492.8944817076526,0.1,0,-7.500139872761079,ElasticNet,Apul
FUN_026023_119321,39,7,5,5,5-fold,-0.8844474960431974,1.6800502287856793,-1.0661309260185121,1.7334886686290822,1982.6876047177263,0.1,0,-0.8844474960431974,RF,Apul
FUN_037545_174277,39,5,5,5,5-fold,-3.081169556986711,5.240343136673719,-3.6467066562635915,5.840484832136059,20.573632869396263,0.99,2,-3.081169556986711,RF,Apul
FUN_026555_122513,39,5,5,5,5-fold,-0.4016327815136938,0.26200437831865675,-0.11169956885108742,0.14588379370021215,1096.8553674900345,0.1,0,-0.11169956885108742,ElasticNet,Apul
FUN_035728_165082,39,6,3,3,5-fold,-1.6771538916707152,2.2035216334249927,-1.4911646658212896,2.240935725269599,948.0063554961274,0.1,0,-1.4911646658212896,ElasticNet,Apul
FUN_029104_133649,39,11,11,11,5-fold,-0.07073781860815857,0.07846783865809949,-0.019092253749696163,0.09484307099862214,0.6925167379905813,0.5,11,-0.019092253749696163,ElasticNet,Apul
FUN_008193_39331,39,5,5,5,5-fold,-0.43191305764427296,0.4250883620978797,-0.47928327885117455,0.42428187053582356,1577.7552056374532,0.1,0,-0.43191305764427296,RF,Apul
FUN_041822_196471,39,5,5,5,5-fold,-0.895587974696095,1.706553127543396,-0.6370096580467051,1.3441983173989482,1.8501422671262997,0.5,5,-0.6370096580467051,ElasticNet,Apul
FUN_033860_154393,39,8,6,6,5-fold,-0.21751403256047128,0.2963175448502862,-0.13652534819516532,0.11799446330100374,5.431977374689212,0.9,6,-0.13652534819516532,ElasticNet,Apul
FUN_036166_167854,39,5,5,5,5-fold,-0.5268433207069563,0.2847999313945884,-0.19610374527504337,0.28531789951364117,1229.9193183798818,0.1,0,-0.19610374527504337,ElasticNet,Apul
FUN_016321_78380,39,7,7,7,5-fold,-23.770852162408385,46.62606170303941,-13.364408726713105,26.455144827518843,1380.294540425422,0.1,0,-13.364408726713105,ElasticNet,Apul
FUN_041656_195146,39,3,3,3,5-fold,-0.8661778998994801,1.5335691320697926,-0.8024541104368096,1.715965785370586,1.7416373749890042,0.5,3,-0.8024541104368096,ElasticNet,Apul
FUN_022265_96959,39,5,5,5,5-fold,-11.057613613916924,20.91968310289972,-8.441168039278372,16.032584203632627,898.5907696770324,0.1,0,-8.441168039278372,ElasticNet,Apul
FUN_006840_32647,39,9,8,8,5-fold,-0.05265273961564989,0.06892027163864038,-0.11106084133633058,0.09704897299682076,1158.571508996455,0.1,0,-0.05265273961564989,RF,Apul
FUN_035547_164059,39,23,14,14,5-fold,-13.63965920164867,15.905167330731443,-4.236742980873871,4.832983145787208,13.585804307433715,0.7,13,-4.236742980873871,ElasticNet,Apul
FUN_017760_83513,39,7,7,7,5-fold,-0.4289509378295083,0.2698366154734857,-0.3639610506669916,0.38225705488773964,1460.9221391145816,0.1,0,-0.3639610506669916,ElasticNet,Apul
FUN_040060_188116,39,4,4,4,5-fold,-9.081186085301443,15.167311646707036,-9.227966793434833,16.789103945952895,33.68175295442565,0.1,4,-9.081186085301443,RF,Apul
FUN_026385_121584,39,33,33,33,5-fold,-1.2048164669731742,1.6520716209183428,-0.7226047967191421,1.019362158433244,166.92624413368662,0.99,7,-0.7226047967191421,ElasticNet,Apul
FUN_022570_99157,39,14,13,13,5-fold,-0.5519443200522187,0.3704967641145255,-0.5733215065370816,0.5841382228927786,2145.6825771964427,0.1,0,-0.5519443200522187,RF,Apul
FUN_029356_135488,39,5,5,5,5-fold,-19.468232026811986,37.46419602967684,-12.946763119227475,25.33093359532987,1568.573830837152,0.1,0,-12.946763119227475,ElasticNet,Apul
FUN_006748_32181,39,2,2,2,5-fold,-0.8058036300321281,0.5575695157496741,-0.6245558390006314,0.7163930720216198,1675.3535776897295,0.1,0,-0.6245558390006314,ElasticNet,Apul
FUN_040444_190152,39,5,5,5,5-fold,-0.5526271216780151,0.4583055065324937,-0.2333178067986938,0.16621818469434152,2127.6923103548206,0.1,0,-0.2333178067986938,ElasticNet,Apul
FUN_022319_97303,39,11,10,10,5-fold,-2.1865915884259417,3.575316938927804,-0.814128763720652,0.9114376027359079,4.772796996534045,0.95,10,-0.814128763720652,ElasticNet,Apul
FUN_023205_103749,39,11,10,10,5-fold,-0.4613339810919925,0.29874326734545353,-0.31487728149425337,0.42760163732283124,1843.6924790787698,0.1,0,-0.31487728149425337,ElasticNet,Apul
FUN_013400_64256,39,14,14,14,5-fold,-0.04834546683606411,0.4277191567329642,-0.17900075508829882,0.15546965409551666,1969.9178647798515,0.1,0,-0.04834546683606411,RF,Apul
FUN_033754_153623,39,10,8,8,5-fold,-0.4573432858067636,0.5274433903015747,-0.18693404264598187,0.14491095818275182,1305.3058688948108,0.1,0,-0.18693404264598187,ElasticNet,Apul
FUN_039935_187244,39,92,80,80,5-fold,-0.5182646148556905,0.35723701612590025,-0.2580082969107727,0.22158196942878045,200.2443037518814,0.99,9,-0.2580082969107727,ElasticNet,Apul
FUN_022188_96347,39,11,7,7,5-fold,-0.36215640594573373,0.2245625759315316,-3.29479911726271,6.350041643493527,1781.1263853952885,0.1,0,-0.36215640594573373,RF,Apul
FUN_038490_181518,39,2,2,2,5-fold,-0.549414398486787,0.4789243686313946,-0.3940394753811879,0.3717513884543603,0.2628291618706475,0.5,2,-0.3940394753811879,ElasticNet,Apul
FUN_026388_121588,39,3,3,3,5-fold,-0.2275987067470404,0.3832660355549352,-2.601261925328253,4.435687637095314,14.48849107944817,0.99,2,-0.2275987067470404,RF,Apul
FUN_035733_165094,39,10,7,7,5-fold,-0.44649701393526514,0.4359868313187347,-0.6172214188317329,0.4203042113407473,0.5389995760601225,0.9,7,-0.44649701393526514,RF,Apul
FUN_012298_59144,39,4,4,4,5-fold,-2.3455053513920876,4.3591609992992275,-2.525501238188619,4.677693701664107,2871.727480825825,0.1,0,-2.3455053513920876,RF,Apul
FUN_026513_122314,39,10,6,6,5-fold,-27.56316694276443,54.52756092082657,-28.591323769001697,54.798166783740776,1502.9068011362124,0.1,0,-27.56316694276443,RF,Apul
FUN_036166_167851,39,4,4,4,5-fold,-0.7320482003798114,0.6768031516454797,-0.6107942032803398,0.7381372570985357,11.263304808872242,0.1,4,-0.6107942032803398,ElasticNet,Apul
FUN_032067_145757,39,19,13,13,5-fold,-3.0147400351729434,5.015347785857647,-4.447357196865783,8.428796389471314,611.562041425567,0.1,4,-3.0147400351729434,RF,Apul
FUN_031950_144977,39,8,6,6,5-fold,-0.8288659441035302,1.0951015896268426,-0.761139827749246,1.3186854304769557,134.26625663117113,0.99,1,-0.761139827749246,ElasticNet,Apul
FUN_041776_196066,39,6,5,5,5-fold,-2.8477208527660345,5.808181611945166,-3.919197632557328,7.721016176712347,0.5980152605692076,0.5,5,-2.8477208527660345,RF,Apul
FUN_040237_189133,39,3,3,3,5-fold,-2.221468072700867,2.191425206136734,-1.018073770803912,1.2640527979945446,1398.5376931568544,0.1,0,-1.018073770803912,ElasticNet,Apul
FUN_023416_105131,39,2,2,2,5-fold,-0.3816075412919947,0.5321386524889415,-0.19378089856654396,0.30275025240883713,812.2648629728017,0.1,0,-0.19378089856654396,ElasticNet,Apul
FUN_010945_52221,39,4,3,3,5-fold,-1.0570601914573305,0.7681391091919002,-1.1680198823855705,1.1565184950751357,851.1490493717132,0.1,0,-1.0570601914573305,RF,Apul
FUN_006163_29241,39,7,5,5,5-fold,-4.74806469161363,9.232532400919597,-3.9191057985666027,7.526806159344172,2.4360132881489758,0.1,5,-3.9191057985666027,ElasticNet,Apul
FUN_000292_1179,39,16,14,14,5-fold,-10.91927636873084,15.179711757946475,-5.734646898557269,9.111005045152423,1201.6435809027053,0.1,0,-5.734646898557269,ElasticNet,Apul
FUN_038285_179956,39,5,5,5,5-fold,-0.5124592223791451,0.37349080894979403,-0.23510630092606846,0.27835918770437296,1.7884529461416592,0.5,5,-0.23510630092606846,ElasticNet,Apul
FUN_007064_34327,39,2,2,2,5-fold,-2.2538756360006404,4.247934641379847,-2.017280273913978,3.651775500193618,2.9456316888600305,0.1,2,-2.017280273913978,ElasticNet,Apul
FUN_006842_32654,39,5,5,5,5-fold,0.040285613507108665,0.45952518367212397,-0.21460974427514617,0.6256446690355857,65.27688012856126,0.99,3,0.040285613507108665,RF,Apul
FUN_038297_180049,39,19,17,17,5-fold,-0.32012982485617997,0.3503547080234257,-0.140087593581546,0.0925927324912915,1658.3580387284846,0.1,0,-0.140087593581546,ElasticNet,Apul
FUN_015065_72357,39,5,5,5,5-fold,-0.497856635833729,0.304497666805775,-0.12669100863119867,0.14731839841549493,1721.1568526904289,0.1,0,-0.12669100863119867,ElasticNet,Apul
FUN_024370_110084,39,12,12,12,5-fold,-4.328213099444019,7.8972265461609545,-15.399105556811847,30.837623897907008,25.888813551013744,0.95,10,-4.328213099444019,RF,Apul
FUN_025232_114019,39,3,2,2,5-fold,-1.4162525397342538,2.280523068395598,-1.6405477665296673,2.764656024315955,3061.9950352763512,0.1,0,-1.4162525397342538,RF,Apul
FUN_006843_32659,39,4,4,4,5-fold,-0.3360897390408448,0.1698157577914301,-0.08847544083852861,0.06722323857676915,425.74337827725805,0.1,0,-0.08847544083852861,ElasticNet,Apul
FUN_033753_153604,39,3,3,3,5-fold,-0.6582496707410609,0.17954371845221526,-0.29592175350316025,0.3667706570030617,824.4252731405114,0.1,0,-0.29592175350316025,ElasticNet,Apul
FUN_010885_51912,39,12,7,7,5-fold,-1.2072162583972061,1.822748554999098,-0.5755915992181275,0.851775179449905,1401.4085310030723,0.1,0,-0.5755915992181275,ElasticNet,Apul
FUN_038332_180336,39,25,25,25,5-fold,-1.281022661747485,1.9862989386539607,-0.7609795479510966,1.2973623105886092,32.83084917482105,0.1,25,-0.7609795479510966,ElasticNet,Apul
FUN_014884_70890,39,6,5,5,5-fold,-0.8989503656403063,1.1287347894381283,-9.99677244603909,19.84369685641118,2.5576301373924593,0.1,5,-0.8989503656403063,RF,Apul
FUN_013652_65418,39,15,7,7,5-fold,-0.8763990946346707,1.0796863117512892,-0.7002847894622242,0.7535428820825769,250.22973176234828,0.99,1,-0.7002847894622242,ElasticNet,Apul
FUN_024025_108228,39,3,3,3,5-fold,-0.676021900167331,0.5738126428161386,-0.26613746846464525,0.3244705240367029,1103.1964809072003,0.1,0,-0.26613746846464525,ElasticNet,Apul
FUN_028138_128617,39,7,7,7,5-fold,-11.66704703308989,22.815156872447854,-7.777727093625302,15.227454000876381,2.7118241119824904,0.5,7,-7.777727093625302,ElasticNet,Apul
FUN_016963_82089,39,4,4,4,5-fold,-0.5525426936942788,0.4314371724913392,-0.35320704026720917,0.2181995935122782,1431.1648788641285,0.1,0,-0.35320704026720917,ElasticNet,Apul
FUN_008552_41882,39,25,18,18,5-fold,-2.905944223380991,5.393250922203479,-2.012872537154909,3.707402037350785,3137.101720363431,0.1,0,-2.012872537154909,ElasticNet,Apul
FUN_036900_170593,39,42,40,40,5-fold,-0.9217022260823976,1.1158794486676014,-0.35020410040905336,0.43797885826957245,315.6506196417761,0.99,6,-0.35020410040905336,ElasticNet,Apul
FUN_014462_67699,39,3,3,3,5-fold,-2.226012149703263,3.8042678808110026,-2.798739074455059,5.31442552522656,1334.2947543280268,0.1,0,-2.226012149703263,RF,Apul
FUN_001654_9157,39,8,5,5,5-fold,-0.42707795735876425,0.47182511324962856,-0.304041271171198,0.31294269424167503,200.94756743621335,0.99,1,-0.304041271171198,ElasticNet,Apul
FUN_043564_206618,39,9,9,9,5-fold,-1.7080036970401733,2.3810733610371315,-1.1868810485660872,1.5048895568190457,2362.584516474553,0.1,0,-1.1868810485660872,ElasticNet,Apul
FUN_017757_83480,39,2,2,2,5-fold,-9.07356099151165,17.69558451570931,-4.830565973987477,9.470465419555117,1116.9660989311815,0.1,0,-4.830565973987477,ElasticNet,Apul
FUN_025984_118757,39,10,9,9,5-fold,-0.10494086928829463,0.1584341997724345,-0.06041183294368531,0.05869752951338804,2046.329323911986,0.1,0,-0.06041183294368531,ElasticNet,Apul
FUN_014505_68118,39,14,13,13,5-fold,-0.7616597537571599,0.3256558608966871,-0.3720316127108306,0.31091033641450433,234.79209562250688,0.9,0,-0.3720316127108306,ElasticNet,Apul
FUN_006754_32218,39,37,28,28,5-fold,-4.183440658067971,6.925256108866308,-3.5236701308392497,6.665221267033622,2907.096094683663,0.1,0,-3.5236701308392497,ElasticNet,Apul
FUN_012676_61363,39,25,14,14,5-fold,-2.551907711442401,3.848788826917449,-1.8783227217041258,2.8241634438206784,25.772659738258593,0.95,13,-1.8783227217041258,ElasticNet,Apul
FUN_006255_29716,39,17,14,14,5-fold,-0.652197045002674,0.522157895516013,-1.0606569433891755,0.8563845446071665,2255.142121983183,0.1,0,-0.652197045002674,RF,Apul
FUN_006986_33772,39,4,2,2,5-fold,-17.06206468642126,33.93702394139039,-13.836066895679565,27.49674035634831,350.44694131986654,0.1,0,-13.836066895679565,ElasticNet,Apul
FUN_035350_162932,39,5,5,5,5-fold,-11.056481704259873,20.34841789467647,-10.612405668394175,20.565621317951933,1145.2865818012087,0.1,0,-10.612405668394175,ElasticNet,Apul
FUN_016488_79985,39,13,11,11,5-fold,-0.7778644554605912,0.5824370138612667,-0.6478210339247061,0.18790534170387693,1478.574962395773,0.1,0,-0.6478210339247061,ElasticNet,Apul
FUN_023682_106718,39,8,8,8,5-fold,-14.444785397146223,27.603600523747122,-9.907030823722817,19.52736702717679,3646.137257708374,0.1,0,-9.907030823722817,ElasticNet,Apul
FUN_037238_172517,39,28,27,27,5-fold,-0.4083916007297139,0.3846918995448547,-0.7466193834631144,0.533182539111363,56.30432628497569,0.99,13,-0.4083916007297139,RF,Apul
FUN_016465_79715,39,7,5,5,5-fold,-1.4951361528430354,2.467827650214477,-2.5127891041228163,4.810518295341938,1882.592272489562,0.1,0,-1.4951361528430354,RF,Apul
FUN_024484_110925,39,7,7,7,5-fold,-0.5289314181414392,0.8714169510415318,-0.22889058751795138,0.2725231833296389,1224.8867590510345,0.1,0,-0.22889058751795138,ElasticNet,Apul
FUN_012310_59211,39,8,5,5,5-fold,-1.6670852539379144,1.9137311636388377,-1.5662895063735793,1.9189079268202447,0.16256437147618608,0.7,5,-1.5662895063735793,ElasticNet,Apul
FUN_032277_147235,39,2,2,2,5-fold,-0.5774774866552903,0.9017100400577218,-0.4709883631405633,0.6589346404271865,1366.835382222917,0.1,0,-0.4709883631405633,ElasticNet,Apul
FUN_004876_23350,39,4,4,4,5-fold,-2.9967520170913846,5.552679645500585,-2.78575272783515,5.083486353007956,1085.9625846523143,0.1,0,-2.78575272783515,ElasticNet,Apul
FUN_042665_200465,39,3,3,3,5-fold,-5.976921561479047,7.7042603875919555,-3.6659361167875586,5.674854366441638,1056.80830253005,0.1,1,-3.6659361167875586,ElasticNet,Apul
FUN_007181_35199,39,9,9,9,5-fold,-12.17832233301393,23.89032469258888,-12.805737176687265,24.611380107249488,3605.6120933663638,0.1,0,-12.17832233301393,RF,Apul
FUN_022925_101665,39,20,7,7,5-fold,-0.5603996092265766,0.7807438317219517,-0.6207180803637345,0.9574171483218178,1331.5722106702963,0.1,0,-0.5603996092265766,RF,Apul
FUN_014646_69115,39,2,2,2,5-fold,-2.9724908357580717,6.115389608509607,-2.4836458913230373,4.7568106065237235,1652.3731808750422,0.1,0,-2.4836458913230373,ElasticNet,Apul
FUN_038340_180402,39,3,3,3,5-fold,-0.4498670825533974,0.49251927646620625,-0.6506951575815498,0.5790398747131471,1437.6225262817397,0.1,0,-0.4498670825533974,RF,Apul
FUN_031221_141027,39,12,11,11,5-fold,-10.87972756829905,21.67954648523764,-10.940475087998987,21.89779131244643,63.40413692188589,0.99,10,-10.87972756829905,RF,Apul
FUN_032004_145338,39,4,4,4,5-fold,-0.3347391627230159,0.46017901976769976,-0.1718638278986707,0.2695100657940443,1828.340028285918,0.1,0,-0.1718638278986707,ElasticNet,Apul
FUN_022199_96403,39,8,8,8,5-fold,-0.37935718238897403,0.6952949188100311,-0.26810796606539183,0.366068127238845,1729.7760523955058,0.1,0,-0.26810796606539183,ElasticNet,Apul
FUN_016288_78090,39,20,15,15,5-fold,-9.753777875465804,18.451765414911,-8.10018355997393,15.775030427363777,1067.0052529099232,0.1,0,-8.10018355997393,ElasticNet,Apul
FUN_037167_172059,39,76,59,59,5-fold,-0.4727222815313782,0.5025059071835786,-0.5609811847142668,0.6189022247729733,2.780272239061597,0.5,59,-0.4727222815313782,RF,Apul
FUN_007177_35170,39,79,65,65,5-fold,-2.5979717322996576,4.695292994708412,-1.1553598189345315,1.720158438661408,2577.9549181794832,0.1,0,-1.1553598189345315,ElasticNet,Apul
FUN_033753_153603,39,4,4,4,5-fold,-0.27299032422584846,0.34750210774011475,-0.11857117351541488,0.37020411415426363,60.89600680397873,0.99,2,-0.11857117351541488,ElasticNet,Apul
FUN_014505_68115,39,6,6,6,5-fold,-0.8618685577494325,1.3004045002455629,-0.5492170180053887,0.5500752766896195,1440.336248320407,0.1,0,-0.5492170180053887,ElasticNet,Apul
FUN_005053_24301,39,61,50,50,5-fold,-4.016950044491253,7.46384293556692,-1.5270630567248458,2.6810464468681348,202.1625422666475,0.99,6,-1.5270630567248458,ElasticNet,Apul
FUN_026541_122446,39,20,20,20,5-fold,-32.23535272076312,64.03434310333296,-20.403126894062133,40.39699324235644,224.3482508327933,0.9,3,-20.403126894062133,ElasticNet,Apul
FUN_038172_178906,39,6,6,6,5-fold,-1.8876654226878826,2.0636012249845703,-1.0067666011218268,1.4026710536256275,1058.2334641513426,0.1,0,-1.0067666011218268,ElasticNet,Apul
FUN_032277_147237,39,13,9,9,5-fold,-0.35362183339697245,0.2248930190785493,-0.051426542207919645,0.08045686710528314,12.447321621240208,0.95,8,-0.051426542207919645,ElasticNet,Apul
FUN_032314_147536,39,4,4,4,5-fold,-0.5578310948795444,0.5728393006036825,-0.37232005579198246,0.287798853897065,1798.5895871129849,0.1,0,-0.37232005579198246,ElasticNet,Apul
FUN_004783_22692,39,3,3,3,5-fold,-0.36793475044668406,0.5086048209015623,-1.807285155122957,2.8719713495548516,28.760218992789234,0.99,3,-0.36793475044668406,RF,Apul
FUN_029195_134379,39,4,4,4,5-fold,-0.5993160991032239,0.5639528175964089,-0.5639931082274721,0.5333971763709726,2.124194586540345,0.1,4,-0.5639931082274721,ElasticNet,Apul
FUN_000608_3109,39,56,40,40,5-fold,-3.772724203835714,5.783524416530604,-2.943917336789762,5.502553831604519,46.332561194980826,0.7,25,-2.943917336789762,ElasticNet,Apul
FUN_014856_70735,39,2,2,2,5-fold,-0.9059663110129245,1.1235840262754302,-0.4985205113197212,0.4717474209054496,1474.488272424023,0.1,0,-0.4985205113197212,ElasticNet,Apul
FUN_001865_10186,39,34,34,34,5-fold,-4.148608801532805,6.103417775860202,-1.8294815308724988,2.476539154380536,5858.953828662279,0.1,0,-1.8294815308724988,ElasticNet,Apul
FUN_004895_23465,39,48,38,38,5-fold,-1.3661555380593065,2.1534843667268606,-1.1596913981485089,1.2049746558968304,2991.705115899543,0.1,0,-1.1596913981485089,ElasticNet,Apul
FUN_031841_144277,39,2,2,2,5-fold,-0.46035513846250264,0.3728011396608053,-0.32120659137477253,0.30394631003299877,1066.4540100457516,0.1,0,-0.32120659137477253,ElasticNet,Apul
FUN_037973_177057,39,11,11,11,5-fold,-67.84504619746687,135.4470469878133,-39.97552460313222,79.42254541986416,6.041216341505985,0.95,11,-39.97552460313222,ElasticNet,Apul
FUN_001658_9210,39,9,6,6,5-fold,-1.2432774189257998,1.2242832236180408,-0.7540072106237932,0.6051316376625634,127.00675858136474,0.99,1,-0.7540072106237932,ElasticNet,Apul
FUN_041581_194684,39,10,9,9,5-fold,-0.36390802566956476,0.1710236914807205,-0.09666958598360442,0.07503685879261758,1981.980254577843,0.1,0,-0.09666958598360442,ElasticNet,Apul
FUN_007983_37980,39,3,3,3,5-fold,-3.252822934392254,6.394547746113171,-1.68365087580487,3.320800959129177,0.8896151438341727,0.5,3,-1.68365087580487,ElasticNet,Apul
FUN_037413_173412,39,13,9,9,5-fold,-1.3836672928478757,1.7257059150287342,-0.67134368442547,0.7234161667692569,2208.46057758717,0.1,0,-0.67134368442547,ElasticNet,Apul
FUN_043505_206232,39,11,11,11,5-fold,-0.6153400202899387,0.8010588843931996,-0.5588577794967093,0.6614804094674042,1666.0609127239838,0.1,0,-0.5588577794967093,ElasticNet,Apul
FUN_032571_148948,39,45,36,36,5-fold,-0.6752884049052287,1.449155997893251,-1.5895053154372478,2.6979412417109963,77.6424842879427,0.99,16,-0.6752884049052287,RF,Apul
FUN_014811_70341,39,23,21,21,5-fold,-1.702251514432625,1.5007738485573336,-0.6549391852946325,0.6203532877293044,23.319610783276694,0.1,21,-0.6549391852946325,ElasticNet,Apul
FUN_014513_68184,39,43,39,39,5-fold,-0.845008076055527,0.7107866690110591,-0.5673542816056567,0.39444482547673554,3.192356184671594,0.1,39,-0.5673542816056567,ElasticNet,Apul
FUN_033948_155015,39,14,13,13,5-fold,-0.39766703851628404,0.5450609306513414,-0.2040029869066744,0.2895331755367093,0.5997509703999873,0.5,13,-0.2040029869066744,ElasticNet,Apul
FUN_011984_56684,39,4,4,4,5-fold,-5.89240070604232,11.549302401837208,-4.523333599726277,8.821441979800733,7.161540831955084,0.1,4,-4.523333599726277,ElasticNet,Apul
FUN_010616_50075,39,3,3,3,5-fold,-1.500489008067559,1.2453347523381149,-0.9619338547349654,0.5584020160876034,819.7857957002012,0.1,0,-0.9619338547349654,ElasticNet,Apul
FUN_022483_98408,39,12,5,5,5-fold,-2.3606557406140816,4.1632530780611745,-1.629537393009283,3.094152583786482,318.36805093164634,0.99,1,-1.629537393009283,ElasticNet,Apul
FUN_026554_122509,39,19,14,14,5-fold,-0.15041345370089126,0.26960599639597177,-0.1172590478501045,0.1218393171888436,10.243341476593288,0.7,14,-0.1172590478501045,ElasticNet,Apul
FUN_022537_98987,39,17,17,17,5-fold,-4.912739832710704,9.574888072167022,-4.8082482192962015,9.410904523861413,167.2598265427901,0.99,3,-4.8082482192962015,ElasticNet,Apul
FUN_007860_37262,39,3,3,3,5-fold,-14.438390954822045,27.788620533947586,-17.923460310653407,35.14716242334466,1.8897023014661034,0.5,3,-14.438390954822045,RF,Apul
FUN_033924_154867,39,5,5,5,5-fold,-3.0177906033875517,5.608912533095802,-1.993034711857364,3.319791962524286,1511.226724818109,0.1,0,-1.993034711857364,ElasticNet,Apul
FUN_013392_64184,39,2,2,2,5-fold,-1.1493681861630733,1.2825936503758728,-0.7796758062893542,1.2861430630551651,293.150972619338,0.1,0,-0.7796758062893542,ElasticNet,Apul
FUN_040237_189134,39,13,8,8,5-fold,-1.6996261975858604,1.4156696408941125,-1.3278376682511208,1.3657066772365307,1.0294633741780665,0.5,8,-1.3278376682511208,ElasticNet,Apul
FUN_001562_8537,39,11,9,9,5-fold,-25.742781590969656,50.53512800780207,-18.885192957586973,37.519704819407885,1319.0872423936098,0.1,0,-18.885192957586973,ElasticNet,Apul
FUN_006441_30583,39,6,6,6,5-fold,-27.659587333392984,49.84343945137549,-21.606040022830157,42.1637589506718,1459.489611252704,0.1,0,-21.606040022830157,ElasticNet,Apul
FUN_026388_121590,39,4,4,4,5-fold,-0.5816625180192265,0.5252735883135029,-0.5682555436069366,0.6658979691710205,1.6174628651993062,0.5,4,-0.5682555436069366,ElasticNet,Apul
FUN_014884_70889,39,12,5,5,5-fold,-1.2507735038609553,1.9385292066945858,-14.167368015989823,28.0687275894897,2.1788611961235973,0.5,5,-1.2507735038609553,RF,Apul
FUN_032756_150080,39,12,8,8,5-fold,-0.5762445912165006,0.6822250643211664,-0.24860174266277713,0.26367619641074586,35.08034787248144,0.99,3,-0.24860174266277713,ElasticNet,Apul
FUN_006217_29470,39,6,5,5,5-fold,-0.5056672460511357,1.6633334289971435,-0.6389352803114811,1.7644677299717026,17.141499500666576,0.99,5,-0.5056672460511357,RF,Apul
FUN_016706_81153,39,18,18,18,5-fold,-0.9294445875493011,0.5692867733170318,-0.5198404510578872,0.47166492100451474,3.962881582347875,0.1,18,-0.5198404510578872,ElasticNet,Apul
FUN_031789_144091,39,3,3,3,5-fold,-1.0172658623357753,1.810335744771121,-1.0351267525536216,1.8792293934415336,41.875575123408204,0.99,1,-1.0172658623357753,RF,Apul
FUN_032709_149805,39,18,15,15,5-fold,-0.4771227173494609,0.1720881911717697,-0.2494175618138493,0.17689377758404193,2216.2177727692706,0.1,0,-0.2494175618138493,ElasticNet,Apul
FUN_010661_50437,39,5,5,5,5-fold,-3.575238933463438,5.2795952371853785,-5.694191303903978,10.644222970469748,1431.5546312431836,0.1,0,-3.575238933463438,RF,Apul
FUN_041426_193382,39,17,17,17,5-fold,-1.0211937791413177,1.0469543229341722,-5.05947619857008,9.39815115602885,48.368650552453964,0.9,11,-1.0211937791413177,RF,Apul
FUN_010923_52083,39,7,5,5,5-fold,-2.0542814245350756,2.3022774094998546,-1.375738763895725,1.564346829080171,1121.2876297101234,0.1,0,-1.375738763895725,ElasticNet,Apul
FUN_011277_53466,39,23,22,22,5-fold,-0.14211054087966526,0.1744020917197774,-0.2598710218497907,0.2197537376055016,2666.989348119435,0.1,0,-0.14211054087966526,RF,Apul
FUN_010786_51286,39,47,33,33,5-fold,-0.5063217320816126,0.5038717934398784,-0.1393009472759371,0.1506913082083314,5.0293456139654,0.1,33,-0.1393009472759371,ElasticNet,Apul
FUN_030191_138542,39,139,138,100,5-fold,-0.19238073965414465,0.19307591250914735,-0.14774446549344794,0.23044047877396195,3.9416312059662006,0.1,100,-0.14774446549344794,ElasticNet,Apul
FUN_014748_69862,39,5,5,5,5-fold,-3.1851166957820554,5.519453143784437,-2.03626323096244,3.775462632006989,1.7768712216486717,0.1,5,-2.03626323096244,ElasticNet,Apul
FUN_018530_87780,39,2,2,2,5-fold,-0.45743599527786627,0.3403163511908032,-0.5438739472384341,0.5424379392811167,59.804385771555815,0.5,2,-0.45743599527786627,RF,Apul
FUN_041850_196744,39,5,5,5,5-fold,-0.3808023299658541,0.47977955760396074,-0.28325339855701104,0.37217664232165737,74.86864338983798,0.99,2,-0.28325339855701104,ElasticNet,Apul
FUN_024566_111390,39,34,32,32,5-fold,-0.7486771279745443,0.6316339670800073,-0.7900366307554185,0.6490887975751541,95.70329936693064,0.99,13,-0.7486771279745443,RF,Apul
FUN_032314_147534,39,18,12,12,5-fold,-0.7542026012428562,0.47661622981745905,-0.44214428130541766,0.3254855158773018,1494.590905097817,0.1,0,-0.44214428130541766,ElasticNet,Apul
FUN_022429_98118,39,4,4,4,5-fold,-1.1545960987199426,1.824278020126764,-1.1791088169087431,2.121489601390304,81.2853131461818,0.95,1,-1.1545960987199426,RF,Apul
FUN_014707_69502,39,3,3,3,5-fold,-0.3927842957007665,0.6685597464299978,-0.3002101697349616,0.47452079016728044,0.2387431797439231,0.5,3,-0.3002101697349616,ElasticNet,Apul
FUN_022570_99162,39,2,2,2,5-fold,-0.9839296301731613,0.7417080478860517,-0.45195229539483533,0.446289496443119,324.02918544444657,0.1,0,-0.45195229539483533,ElasticNet,Apul
FUN_036208_168155,39,7,7,7,5-fold,-9.882317026127769,19.14045781018087,-11.767154706541929,23.36770455034763,2190.5463761673623,0.1,0,-9.882317026127769,RF,Apul
FUN_006162_29236,39,9,6,6,5-fold,-0.23007193936488318,0.32366045928905257,-2.0609684869521816,3.810477499903864,0.3477915567950041,0.5,6,-0.23007193936488318,RF,Apul
FUN_000621_3231,39,58,50,50,5-fold,-0.7000297337655325,0.6720222871508382,-0.3292217224597923,0.35923139982815677,28.998004478711753,0.1,49,-0.3292217224597923,ElasticNet,Apul
FUN_033753_153602,39,2,2,2,5-fold,-0.6821151339336613,0.42900628369715244,-0.32754569738442857,0.3476437053863874,1075.6209397096727,0.1,0,-0.32754569738442857,ElasticNet,Apul
FUN_032120_146184,39,2,2,2,5-fold,-0.4673696806395853,0.4919605338697001,-0.5059810525929237,0.5796535944819039,100.27350595289805,0.99,1,-0.4673696806395853,RF,Apul
FUN_042667_200472,39,9,6,6,5-fold,-0.7055239134518866,0.6953750277307522,-0.41909385640842495,0.30675438353533246,41.85613566554686,0.95,4,-0.41909385640842495,ElasticNet,Apul
FUN_023073_102691,39,8,8,8,5-fold,-1.1724675378634866,2.2891058979314463,-0.8394140199528852,1.3823867452773764,1383.7821578653388,0.1,0,-0.8394140199528852,ElasticNet,Apul
FUN_006850_32692,39,27,22,22,5-fold,-0.04618134535966101,0.4290283755032474,-0.0726753527689978,0.025991924774872586,132.46175648060566,0.99,9,-0.04618134535966101,RF,Apul
FUN_016107_77076,39,62,44,44,5-fold,-1.8394214035651593,2.310274175285354,-0.6565311143001062,0.5677611946884003,2.9736430501318587,0.9,41,-0.6565311143001062,ElasticNet,Apul
FUN_022067_95833,39,16,15,15,5-fold,-78.43573169838777,156.14070215800146,-31.073613285761944,61.899647850100365,1851.1062041735456,0.1,0,-31.073613285761944,ElasticNet,Apul
FUN_038482_181482,39,23,21,21,5-fold,-1.9184147332692683,2.947534744303386,-3.257931444654831,5.703439233112261,3429.1657063696334,0.1,0,-1.9184147332692683,RF,Apul
FUN_025816_117623,39,47,41,41,5-fold,-0.17486305114053932,0.3216452097228899,-0.15945426582095956,0.279923212162994,12.693386274607318,0.95,37,-0.15945426582095956,ElasticNet,Apul
FUN_032215_146831,39,49,46,46,5-fold,-0.34979497215384303,0.48070895075423564,-0.2687910760377132,0.49903042622653787,1.2411962682873166,0.5,46,-0.2687910760377132,ElasticNet,Apul
FUN_025368_114946,39,3,3,3,5-fold,-1.5232285634801748,2.0513648044779975,-0.859956115759817,1.0097627909971938,1678.1059836631243,0.1,0,-0.859956115759817,ElasticNet,Apul
FUN_041410_193335,39,21,21,21,5-fold,-2.944341595186702,4.031354070636666,-2.082796383067157,3.331739595060132,100.88929581589298,0.99,7,-2.082796383067157,ElasticNet,Apul
FUN_014916_71164,39,10,8,8,5-fold,-0.9042718841943287,1.1116809252720894,-0.587592854960192,0.8643941900835644,126.77980044227088,0.99,2,-0.587592854960192,ElasticNet,Apul
FUN_004557_21135,39,2,2,2,5-fold,-14.478832962577096,27.943775326912245,-8.255472246461201,14.70840995425399,0.7890022473861651,0.5,2,-8.255472246461201,ElasticNet,Apul
FUN_013385_64098,39,44,35,35,5-fold,-4.233243811285023,8.000745955963584,-1.5015403267290108,2.746988618414541,168.62522809296732,0.99,3,-1.5015403267290108,ElasticNet,Apul
FUN_002871_14158,39,2,2,2,5-fold,-75.41544312803197,148.83259231329862,-115.6203303937594,229.9799763517094,7.757397690315826,0.1,2,-75.41544312803197,RF,Apul
FUN_025309_114413,39,9,8,8,5-fold,-0.8118791604230176,0.581489854090493,-1.1917065480242743,1.6771147530882946,1810.0458336938511,0.1,0,-0.8118791604230176,RF,Apul
FUN_022047_95671,39,19,17,17,5-fold,-1.1554628970938505,1.8625906505776058,-0.9686345565527151,1.1519165219929937,2184.7388871176354,0.1,0,-0.9686345565527151,ElasticNet,Apul
FUN_022887_101385,39,56,42,42,5-fold,-14.42271522810338,27.09962109822258,-13.223440589453485,16.34833608522356,8.284885891725468,0.5,42,-13.223440589453485,ElasticNet,Apul
FUN_004780_22677,39,6,6,6,5-fold,-0.6716883637475994,0.7474725135666583,-0.4669828384051088,0.4486067679281436,1.5704898065468016,0.5,6,-0.4669828384051088,ElasticNet,Apul
FUN_036145_167682,39,9,5,5,5-fold,-0.8589498427249802,1.6938368796861047,-3.7744687790129334,5.508904777134399,14.480899300953915,0.9,5,-0.8589498427249802,RF,Apul
FUN_014916_71161,39,4,4,4,5-fold,-0.6388483617917455,0.7815126307354258,-1.339828630839301,1.5479954528288231,1897.9517264818774,0.1,0,-0.6388483617917455,RF,Apul
FUN_024335_109800,39,11,9,9,5-fold,-0.47306477844559114,0.4854153707791873,-0.3901541582674011,0.5372376482522986,971.6655182093859,0.1,0,-0.3901541582674011,ElasticNet,Apul
FUN_016975_82152,39,4,4,4,5-fold,-1.2288163328555026,1.7481252655131836,-1.2352130607075096,2.0954706328200055,1.1031181609639917,0.5,4,-1.2288163328555026,RF,Apul
FUN_034151_156316,39,4,4,4,5-fold,-24.08614374463857,47.16329723302201,-13.40022740976346,26.664057013852347,7.521142610185159,0.1,4,-13.40022740976346,ElasticNet,Apul
FUN_032308_147483,39,2,2,2,5-fold,-71.26333969761377,140.97783437813973,-34.53836991725759,68.78450814397428,266.5926976873099,0.1,0,-34.53836991725759,ElasticNet,Apul
FUN_012420_59944,39,8,8,8,5-fold,-0.4302497469629875,0.3175154304763712,-0.33995934309926856,0.20300051556163212,3.3513415648720386,0.1,8,-0.33995934309926856,ElasticNet,Apul
FUN_030668_139603,39,3,3,3,5-fold,-0.4367980239404055,0.6155222723793615,-0.18882101999943052,0.3148626858710615,2.001629798908982,0.5,3,-0.18882101999943052,ElasticNet,Apul
FUN_034228_156760,39,19,14,14,5-fold,-12.58591074203316,19.597283079337064,-3.92059915770049,6.633735962020256,38.69617543745341,0.99,1,-3.92059915770049,ElasticNet,Apul
FUN_031841_144280,39,5,5,5,5-fold,-1.2916215751540514,1.6107144650522582,-0.7374874399395519,1.0691565264649516,611.1885226681308,0.1,0,-0.7374874399395519,ElasticNet,Apul
FUN_006196_29415,39,2,2,2,5-fold,-0.7443795968341906,0.5571848822874438,-0.6861965157232843,0.8565144075254669,44.201413344278755,0.99,2,-0.6861965157232843,ElasticNet,Apul
FUN_033120_151741,39,26,23,23,5-fold,-3.3879612546980993,6.148817837479076,-4.580064755351337,8.878723541731564,162.38895669358212,0.99,1,-3.3879612546980993,RF,Apul
FUN_033753_153599,39,8,5,5,5-fold,-0.6588900108887884,1.0054230994598314,-0.47561104541521626,0.47942952401809114,0.6285667979821447,0.7,5,-0.47561104541521626,ElasticNet,Apul
FUN_023073_102706,39,11,11,11,5-fold,-10.711499128401794,19.228029746546532,-4.578876971409839,7.905669571250516,38.71053444076237,0.95,7,-4.578876971409839,ElasticNet,Apul
FUN_038474_181426,39,2,2,2,5-fold,-0.5579118602385813,0.3860712766665053,-0.5297360384431246,0.5032845201079165,609.3369055673559,0.1,0,-0.5297360384431246,ElasticNet,Apul
FUN_025685_116774,39,2,2,2,5-fold,-0.6803249163816627,0.8118410674350789,-0.2545524714082673,0.30923458026931216,109.62501366397952,0.99,1,-0.2545524714082673,ElasticNet,Apul
FUN_027813_126719,39,51,49,49,5-fold,-0.7729069623764419,0.5102384683713519,-0.4067523663198898,0.30198092099424306,75.11294932286005,0.95,24,-0.4067523663198898,ElasticNet,Apul
FUN_034274_157044,39,11,11,11,5-fold,-11.01651332890383,21.183534763597354,-9.148944374974985,17.827283658835157,173.7557339780548,0.99,2,-9.148944374974985,ElasticNet,Apul
FUN_031708_143600,39,5,5,5,5-fold,-0.4234914414129262,0.7867803578958095,-0.6616890418261689,0.8732636691237614,1623.4532368863,0.1,0,-0.4234914414129262,RF,Apul
FUN_031841_144286,39,6,6,6,5-fold,-1.5575721205125643,1.7800758517169213,-1.4023625609533,2.0238842128078023,1428.2459693358815,0.1,0,-1.4023625609533,ElasticNet,Apul
FUN_011946_56411,39,14,13,13,5-fold,-7.520131512758981,14.489224297344068,-5.426397405032658,10.56860004655907,2217.21976972642,0.1,0,-5.426397405032658,ElasticNet,Apul
FUN_031724_143724,39,10,9,9,5-fold,-59.95160605756257,119.96367253294697,-31.208407991395905,62.314935530446114,2.0062939453405013,0.5,9,-31.208407991395905,ElasticNet,Apul
FUN_001654_9156,39,10,10,10,5-fold,-0.4092332905596674,0.7354973350697737,-0.14137392134855314,0.33357645047966483,0.7129020155494213,0.5,10,-0.14137392134855314,ElasticNet,Apul
FUN_008991_44631,39,7,7,7,5-fold,-2.3820288469462327,4.416650171601507,-2.2671933829596833,4.117755540663274,1348.3920130842198,0.1,0,-2.2671933829596833,ElasticNet,Apul
FUN_024346_109911,39,17,16,16,5-fold,-1.2001808933557154,2.3808403455774547,-1.5761491278582,3.244448931970466,163.52853876911902,0.1,16,-1.2001808933557154,RF,Apul
FUN_001532_8295,39,5,5,5,5-fold,-5.569922213458041,10.532962092008368,-4.133083823220556,8.075950987241422,12.234600986301569,0.1,5,-4.133083823220556,ElasticNet,Apul
FUN_014748_69858,39,6,5,5,5-fold,-3.461430882518222,6.504004538513112,-2.764741358058906,5.387192787081606,12.05236099531851,0.99,3,-2.764741358058906,ElasticNet,Apul
FUN_018029_85649,39,8,6,6,5-fold,-20.388236513702857,40.400794668063135,-11.924479730510138,23.69484404192158,2439.703926531766,0.1,0,-11.924479730510138,ElasticNet,Apul
FUN_037007_171241,39,3,3,3,5-fold,-15.138325784076693,29.67197319183635,-10.570836580995152,21.007562936745106,1024.8704475182572,0.1,0,-10.570836580995152,ElasticNet,Apul
FUN_042848_201311,39,11,9,9,5-fold,-0.8838085863361662,0.7588790876670117,-0.45452295425819605,0.5155099683475384,2147.2950119318807,0.1,0,-0.45452295425819605,ElasticNet,Apul
FUN_012561_60693,39,20,15,15,5-fold,-9.0990416893472,16.927383701727656,-4.0338389519630695,7.258239636098888,1760.3882569907084,0.1,2,-4.0338389519630695,ElasticNet,Apul
FUN_017807_83863,39,9,7,7,5-fold,-0.4893194773895151,0.44830305512892543,-0.8259731297672512,0.7492558621871921,103.45328259674068,0.9,4,-0.4893194773895151,RF,Apul
FUN_018530_87784,39,8,8,8,5-fold,-4.50017046523164,7.389390973750975,-1.9085738767846891,3.074871222985258,1058.1001982449625,0.1,0,-1.9085738767846891,ElasticNet,Apul
FUN_033753_153601,39,2,2,2,5-fold,-0.4773417707786843,0.34219480975733857,-0.34480092052871536,0.32929118482743536,388.20292679929804,0.1,0,-0.34480092052871536,ElasticNet,Apul
FUN_004321_19433,39,26,25,25,5-fold,-1.559652769756367,2.1652104301593265,-0.824369743100165,1.3100473957501817,11.72286894714373,0.1,23,-0.824369743100165,ElasticNet,Apul
FUN_037329_173018,39,3,3,3,5-fold,-0.6539568266148699,0.5367784210839655,-0.8310558147397845,1.1353853822930529,1550.765103144407,0.1,0,-0.6539568266148699,RF,Apul
FUN_035052_161218,39,35,21,21,5-fold,-2.3859204211166753,3.0357453283788147,-0.6730842086627327,1.1035690408046988,2668.6655774577603,0.1,0,-0.6730842086627327,ElasticNet,Apul
FUN_026672_123037,39,6,6,6,5-fold,-0.37742393253029277,0.36762042128542466,-0.1616025269246278,0.1791569284610079,1069.4333581885542,0.1,0,-0.1616025269246278,ElasticNet,Apul
FUN_042848_201308,39,3,3,3,5-fold,-0.4858295220048417,0.5215406136407694,-0.418771126841353,0.37099581483983973,0.18471609226170863,0.99,3,-0.418771126841353,ElasticNet,Apul
FUN_001123_5445,39,6,3,3,5-fold,-0.03566446707111841,0.06885667372732161,-0.08465032247141435,0.08524548529522935,10.15932962391257,0.99,3,-0.03566446707111841,RF,Apul
FUN_024034_108355,39,2,2,2,5-fold,-0.9935847839618687,1.8204450844778668,-0.9794285279761132,1.8359714714738131,1.0015782918078662,0.5,2,-0.9794285279761132,ElasticNet,Apul
FUN_001497_8047,39,8,5,5,5-fold,-0.18690113988521911,0.2612564031432939,-0.1304904893944591,0.16564304992742435,1678.9036576464616,0.1,0,-0.1304904893944591,ElasticNet,Apul
FUN_026021_119249,39,2,2,2,5-fold,-4.620504971389334,8.278936503347154,-2.1369882838145755,3.963802172800297,2.4748480341766177,0.1,2,-2.1369882838145755,ElasticNet,Apul
FUN_008260_39670,39,4,4,4,5-fold,-0.6900738039545986,0.5395986494145422,-0.6093087046020698,0.6314799274129105,1917.4837843811872,0.1,0,-0.6093087046020698,ElasticNet,Apul
FUN_015389_74317,39,46,33,33,5-fold,-1.8269663848174922,3.2331489369834094,-0.3736744718168078,0.6547419037876268,468.9900077120506,0.99,2,-0.3736744718168078,ElasticNet,Apul
FUN_033999_155297,39,23,18,18,5-fold,-1.075029492987346,1.6067033523551533,-1.1843068019521499,1.4587270097435705,1734.2738689962368,0.1,0,-1.075029492987346,RF,Apul
FUN_016493_80045,39,39,24,24,5-fold,-0.16033896255663965,0.26923425829772163,-0.26510189757522706,0.3698105684142527,30.227342867793645,0.99,21,-0.16033896255663965,RF,Apul
FUN_043642_207412,39,3,3,3,5-fold,-2.894277712292724,5.595207791881125,-1.3464071344098616,2.321850046438114,6.938951504846189,0.99,3,-1.3464071344098616,ElasticNet,Apul
FUN_025984_118767,39,10,10,10,5-fold,-0.38578049969706624,0.6692157853444528,-0.16670942061548813,0.1603130544770564,3.9720950055204116,0.1,10,-0.16670942061548813,ElasticNet,Apul
FUN_006145_29177,39,11,10,10,5-fold,-0.7995608295480136,1.031240143103839,-0.6111344546911586,1.04492724941212,2045.9857642412035,0.1,0,-0.6111344546911586,ElasticNet,Apul
FUN_025840_117824,39,10,10,10,5-fold,-0.2867722043568753,0.3971813736167626,-0.2898302105436311,0.47809649006888444,8.45495344129748,0.1,10,-0.2867722043568753,RF,Apul
FUN_002714_13578,39,48,41,41,5-fold,-0.5940364088563089,1.027288443083371,-0.2670796660288768,0.46050055298134857,1575.34942420342,0.1,0,-0.2670796660288768,ElasticNet,Apul
FUN_011059_52861,39,3,3,3,5-fold,-2.5681747044401213,5.0570570512284885,-0.8827848088813279,0.9217119152283596,0.4150182489367011,0.99,3,-0.8827848088813279,ElasticNet,Apul
FUN_009654_47482,39,8,8,8,5-fold,-2.931026237194558,5.566214749639806,-10.52848029872761,20.931820555647008,1282.4953896159489,0.1,0,-2.931026237194558,RF,Apul
FUN_038245_179555,39,20,19,19,5-fold,-1.2696071440896557,2.355958403748123,-0.9305880975563776,1.7364667471579607,43.86648720155986,0.99,6,-0.9305880975563776,ElasticNet,Apul
FUN_025775_117391,39,3,3,3,5-fold,-0.7668492678927123,0.49750002280771927,-0.4210548590514868,0.3624572909469675,1691.1911750218387,0.1,0,-0.4210548590514868,ElasticNet,Apul
FUN_026052_119541,39,3,2,2,5-fold,-0.1692606068166767,0.30294714652918747,-19.39460611277577,38.4495349834234,346.6636322124817,0.1,0,-0.1692606068166767,RF,Apul
FUN_037583_174521,39,20,14,14,5-fold,-2.9068088565156596,5.311302817178961,-1.3128187321177416,2.4810946769165896,872.1264593737169,0.1,0,-1.3128187321177416,ElasticNet,Apul
FUN_004285_19102,39,2,2,2,5-fold,-13.158398994625973,26.29678371130432,-9.5363579117244,18.827475329088085,1972.030939216638,0.1,0,-9.5363579117244,ElasticNet,Apul
FUN_029172_134214,39,24,20,20,5-fold,-1.0781816076207833,1.2297211676658557,-0.6385696262430198,0.6094215248827023,41.799265049854846,0.95,12,-0.6385696262430198,ElasticNet,Apul
FUN_012767_61783,39,4,2,2,5-fold,-6.763265901042129,13.221303111012137,-7.773457151124857,15.287023528795961,872.1452103316906,0.1,0,-6.763265901042129,RF,Apul
FUN_003871_16401,39,31,30,30,5-fold,-1.594225242808631,1.88114894469105,-0.46492135142330565,0.4985435537492366,3688.2664465277257,0.1,0,-0.46492135142330565,ElasticNet,Apul
FUN_036881_170483,39,8,7,7,5-fold,-12.49438021083945,25.097915685153446,-48.34091891539017,74.48069141032269,6.193134937778174,0.1,7,-12.49438021083945,RF,Apul
FUN_025767_117360,39,44,27,27,5-fold,-0.23756816982173573,0.24714263957721735,-0.08334750418651607,0.0966932060865228,481.8256307383157,0.99,1,-0.08334750418651607,ElasticNet,Apul
FUN_014748_69859,39,13,12,12,5-fold,-3.511818327761946,6.7307380201876,-2.541009219044363,4.696963027976901,12.181329497932552,0.1,12,-2.541009219044363,ElasticNet,Apul
FUN_043148_203234,39,11,7,7,5-fold,-0.7797240767350864,0.5919141001637387,-0.4975618466621336,0.4860150503005484,2321.4267709206883,0.1,0,-0.4975618466621336,ElasticNet,Apul
FUN_032039_145523,39,6,6,6,5-fold,-1.4436484648992836,1.702869200562127,-0.5921944152253467,0.4930745893460281,2058.3760497955773,0.1,0,-0.5921944152253467,ElasticNet,Apul
FUN_004094_17805,39,10,10,10,5-fold,-1.7429906135465756,2.7562493450679093,-0.5664237757764601,0.7423486033346457,63.70568162733488,0.99,5,-0.5664237757764601,ElasticNet,Apul
FUN_026111_119951,39,2,2,2,5-fold,-4.738015375604765,8.874662417724897,-4.5573083839265145,8.572063644982874,2547.498734600119,0.1,0,-4.5573083839265145,ElasticNet,Apul
FUN_037973_177058,39,9,9,9,5-fold,-73.23777321283487,145.72652185032655,-60.33119022391503,120.52166076613332,1246.8152525396952,0.1,0,-60.33119022391503,ElasticNet,Apul
FUN_011699_54584,39,9,5,5,5-fold,-0.49719872990451464,0.3415828984742489,-0.33858005165609406,0.21225416893379556,5.821788826019722,0.1,5,-0.33858005165609406,ElasticNet,Apul
FUN_041486_193718,39,4,4,4,5-fold,-93.30811983293799,184.99961029270884,-83.19443199593044,165.8879111520917,3473.368202972826,0.1,0,-83.19443199593044,ElasticNet,Apul
FUN_029103_133646,39,14,9,9,5-fold,-0.5729304836144781,0.8765310135130878,-0.3977367186617522,0.6605330402271028,1646.6824654352026,0.1,0,-0.3977367186617522,ElasticNet,Apul
FUN_011283_53512,39,9,4,4,5-fold,-3.3074818738346785,6.255944361866046,-3.8634056854173657,7.581667375542703,817.0644356752503,0.1,0,-3.3074818738346785,RF,Apul
FUN_000396_1825,39,7,7,7,5-fold,-0.7535527224949033,0.914159567696116,-1.488452000191745,2.2744135577777604,19.100125059931806,0.99,7,-0.7535527224949033,RF,Apul
FUN_001734_9529,39,7,5,5,5-fold,-0.34720897832820985,0.49071260050741994,-0.2545138926621467,0.4101381608499916,1368.4832144723894,0.1,0,-0.2545138926621467,ElasticNet,Apul
FUN_014615_68909,39,3,3,3,5-fold,-0.13592838287547004,0.12454220690398814,-0.3907364528353923,0.2579124272161833,1261.3972380616974,0.1,0,-0.13592838287547004,RF,Apul
FUN_038339_180399,39,3,3,3,5-fold,-1.0870853552850563,0.7309016852079786,-0.6711963766244151,0.4447545548521111,4.287778303510748,0.1,3,-0.6711963766244151,ElasticNet,Apul
FUN_009654_47483,39,2,2,2,5-fold,-14.673046906441098,28.604167320635707,-15.11255014260188,30.072362547441394,517.0412976498221,0.1,0,-14.673046906441098,RF,Apul
FUN_013324_63602,39,2,2,2,5-fold,-2.2770742269688555,2.336017257913732,-2.01235766749575,2.4667326665977587,1.3319685317309113,0.99,2,-2.01235766749575,ElasticNet,Apul
FUN_037506_174052,39,2,2,2,5-fold,-1.5559843446104245,1.3746425660917363,-1.0883660891936047,1.0150951075574441,646.3912121852242,0.1,0,-1.0883660891936047,ElasticNet,Apul
FUN_019134_90077,39,80,59,59,5-fold,-1.0966684000472402,1.446709700773489,-0.9181572083316102,1.2807369651659675,126.26398093473767,0.99,11,-0.9181572083316102,ElasticNet,Apul
FUN_023973_107799,39,79,74,74,5-fold,-0.6922374984893152,0.5754443890387374,-0.30645268110304114,0.4913168187023532,3650.1959742168247,0.1,0,-0.30645268110304114,ElasticNet,Apul
FUN_011975_56652,39,21,20,20,5-fold,-0.7961633644233106,1.0837491315772354,-0.36595124510630894,0.5008634950058932,1.269616792981403,0.5,20,-0.36595124510630894,ElasticNet,Apul
FUN_022964_101918,39,34,27,27,5-fold,-1.2564693427504259,1.5105372568776643,-1.2584721145182658,1.6904696281581701,341.8639925281545,0.99,1,-1.2564693427504259,RF,Apul
FUN_004099_17853,39,3,3,3,5-fold,-0.9854183183214321,1.2607239045434147,-0.4189674978187742,0.3889017742902879,5.109091776070717,0.1,3,-0.4189674978187742,ElasticNet,Apul
FUN_034724_158974,39,12,11,11,5-fold,-0.5516587759625123,0.2836558496552726,-0.11098086791985078,0.09857327045517184,1867.3882296241113,0.1,0,-0.11098086791985078,ElasticNet,Apul
FUN_000398_1839,39,8,7,7,5-fold,-0.20529942174531798,0.21037527816581678,-0.10557742202589512,0.1339686714548896,19.542053031021197,0.99,6,-0.10557742202589512,ElasticNet,Apul
FUN_026020_119244,39,3,3,3,5-fold,-2.1788180775194173,2.754436439307617,-1.48554683174476,1.8711489219394826,0.4439415443860147,0.5,3,-1.48554683174476,ElasticNet,Apul
FUN_004156_18136,39,13,8,8,5-fold,-0.18183339121303418,0.45290612219790116,-0.2758262024165653,0.27884456833290133,79.23214006550106,0.1,8,-0.18183339121303418,RF,Apul
FUN_004761_22545,39,9,6,6,5-fold,-0.09986915104676101,0.3209475530526244,-0.153840417374882,0.11570408738105303,1580.2150415479969,0.1,1,-0.09986915104676101,RF,Apul
FUN_015007_71934,39,13,6,6,5-fold,-3.5806184639914065,5.851911601987171,-2.5284320545134724,3.7876514942031863,1776.8262146028496,0.1,0,-2.5284320545134724,ElasticNet,Apul
FUN_012360_59558,39,50,44,44,5-fold,-1.1866749472643194,1.5506529363269423,-0.4504612620473621,0.5765964954910598,2047.604030639994,0.1,0,-0.4504612620473621,ElasticNet,Apul
FUN_010906_51985,39,25,22,22,5-fold,-0.21680976981867262,0.2598609907138249,-0.04392859852790694,0.03398941024403952,2246.0696406442557,0.1,0,-0.04392859852790694,ElasticNet,Apul
FUN_034142_156225,39,7,4,4,5-fold,-1.496626892763477,1.5085799548155843,-1.1068311173459737,1.4630851856208946,0.9391343412972242,0.5,4,-1.1068311173459737,ElasticNet,Apul
FUN_008915_44018,39,3,3,3,5-fold,-0.6269705300802852,1.1368486835366767,-0.2650902409482097,0.5502163030482822,22.022311775330582,0.99,2,-0.2650902409482097,ElasticNet,Apul
FUN_023949_107634,39,97,87,87,5-fold,-0.32236755729749544,0.41306694811044825,-0.6121186458762672,0.8450196453693919,8.721694977403105,0.1,87,-0.32236755729749544,RF,Apul
FUN_023383_104900,39,8,6,6,5-fold,-2.2173925781483446,2.4129447866889606,-2.3780439212991675,2.1181387632995183,2093.2851424846626,0.1,0,-2.2173925781483446,RF,Apul
FUN_025466_115439,39,22,22,22,5-fold,-0.09834318349096112,0.12856071176265266,-0.20011424864022936,0.16633159283384824,2098.475355244385,0.1,0,-0.09834318349096112,RF,Apul
FUN_014916_71174,39,8,8,8,5-fold,-0.23321877930568133,0.4254333806208237,-0.4650225315296962,0.8681787727728774,211.70969605628164,0.99,1,-0.23321877930568133,RF,Apul
FUN_003786_16034,39,6,6,6,5-fold,-20.02367769419732,35.22451565968703,-19.08609023948241,35.627862869765565,59.54250352648543,0.99,3,-19.08609023948241,ElasticNet,Apul
FUN_035053_161219,39,24,18,18,5-fold,-1.5397526633639058,2.224985415129458,-1.108292356486645,1.3552941053202483,5.5351553675518765,0.1,18,-1.108292356486645,ElasticNet,Apul
FUN_010789_51299,39,26,19,19,5-fold,-0.8035874636493837,1.1844267269679492,-0.5348500222081956,0.8062250251570496,2023.5490263391341,0.1,0,-0.5348500222081956,ElasticNet,Apul
FUN_004743_22394,39,23,18,18,5-fold,-1.3389008178273207,1.7914100580865002,-1.8866106258902442,3.4355297250598267,3641.1163711276295,0.1,0,-1.3389008178273207,RF,Apul
FUN_024764_112362,39,3,2,2,5-fold,-35.91437472016351,71.1453622124988,-69.5346038822414,138.9091059499685,982.0148497089577,0.1,0,-35.91437472016351,RF,Apul
FUN_036264_168585,39,3,3,3,5-fold,-4.284390259639453,7.707118972441184,-1.2943330384197682,2.020249917600552,1188.5101660538621,0.1,0,-1.2943330384197682,ElasticNet,Apul
FUN_002682_13448,39,13,13,13,5-fold,-1.5393872172007568,1.6940243408930207,-1.0148566835359591,1.41679541858816,1908.8342882790419,0.1,0,-1.0148566835359591,ElasticNet,Apul
FUN_043511_206273,39,11,11,11,5-fold,-3.80431045131712,7.10186272152298,-3.904245781064838,7.251000897310091,84.42524401819378,0.99,8,-3.80431045131712,RF,Apul
FUN_037974_177075,39,5,5,5,5-fold,-49.83207370365737,99.52673727116992,-163.35565166046314,326.6702700057952,14.53196779395006,0.99,5,-49.83207370365737,RF,Apul
FUN_036077_167357,39,29,21,21,5-fold,-3.6696627516530853,4.7801741020175195,-1.870559544431051,2.5793702924254256,3694.105517738531,0.1,0,-1.870559544431051,ElasticNet,Apul
FUN_043602_207100,39,7,6,6,5-fold,-0.3860050023381002,0.3984705837890827,-0.40077390161425797,0.6673649114457654,495.72225167649816,0.1,0,-0.3860050023381002,RF,Apul
FUN_025098_113600,39,14,14,14,5-fold,-0.8483486958495601,0.9542502236751712,-6.698798854234468,11.479637514921079,38.324960354122744,0.99,9,-0.8483486958495601,RF,Apul
FUN_033779_153872,39,13,12,12,5-fold,-1.4496246616395183,1.7082104923042176,-1.0049878380694435,1.1829715529180194,31.016516318483138,0.99,10,-1.0049878380694435,ElasticNet,Apul
FUN_025367_114941,39,14,12,12,5-fold,-2.112102352696877,3.049291097250883,-1.4150745270711083,2.5041255859279135,42.453260267053984,0.9,10,-1.4150745270711083,ElasticNet,Apul
FUN_016014_76528,39,10,9,9,5-fold,-11.083073298861235,21.313514461206474,-6.787518163786643,13.308048742469428,4251.746438449288,0.1,0,-6.787518163786643,ElasticNet,Apul
FUN_025584_116193,39,9,9,9,5-fold,-0.8368536373165911,1.9574508896447873,-0.17630559778364846,0.20198918636677382,1438.9132714253221,0.1,0,-0.17630559778364846,ElasticNet,Apul
FUN_038226_179368,39,118,82,82,5-fold,-36.40615954532752,71.77181886578936,-30.44598448515463,60.585639708961125,20.53605127175613,0.95,53,-30.44598448515463,ElasticNet,Apul
FUN_015065_72358,39,9,7,7,5-fold,-0.671225591215268,0.7615378977219561,-0.2936760013067438,0.291204429792773,1.076545782061241,0.7,7,-0.2936760013067438,ElasticNet,Apul
FUN_010881_51858,39,31,24,24,5-fold,-0.658363218299643,0.8617024285248481,-0.47454790021820675,0.46839389771781603,23.81006884771023,0.99,15,-0.47454790021820675,ElasticNet,Apul
FUN_008998_44684,39,2,2,2,5-fold,-0.4889860951750327,0.49549409115103316,-0.3377058395535563,0.24322443251748613,0.5811885146774829,0.95,2,-0.3377058395535563,ElasticNet,Apul
FUN_014895_70970,39,9,9,9,5-fold,-1.2506578483018242,1.4582009517445709,-0.7583783781272715,1.1251403678504222,2837.4693189879013,0.1,0,-0.7583783781272715,ElasticNet,Apul
FUN_035247_162434,39,3,2,2,5-fold,-0.16009916367473234,0.3002928336510576,-8.914467996084477,16.99662005492446,769.1688479672496,0.1,0,-0.16009916367473234,RF,Apul
FUN_023158_103347,39,9,9,9,5-fold,-0.26782929746853695,0.2641050297901604,-0.2394020981569279,0.1692811244423517,39.46941674252958,0.99,6,-0.2394020981569279,ElasticNet,Apul
FUN_042659_200416,39,17,15,15,5-fold,-90.94516883524803,111.37046261622277,-64.9090583875383,89.57580248111755,726.3115427739559,0.1,0,-64.9090583875383,ElasticNet,Apul
FUN_043299_204582,39,6,5,5,5-fold,-11.96698584275801,23.46599844972953,-10.311449413294577,20.421207741248573,9.204562455556747,0.95,4,-10.311449413294577,ElasticNet,Apul
FUN_012767_61782,39,7,5,5,5-fold,-3.5402589119325376,6.55066958905108,-2.530768201843004,4.762244309143138,43.33972431878477,0.9,5,-2.530768201843004,ElasticNet,Apul
FUN_043560_206602,39,11,9,9,5-fold,-0.33840581547786075,0.3199244253420349,-0.22737955384662065,0.20362700501065606,64.80615815641588,0.99,4,-0.22737955384662065,ElasticNet,Apul
FUN_005892_27906,39,5,5,5,5-fold,-0.9262300391938292,1.3305946177303707,-1.2795196973735388,2.174343342409106,2233.1331497754413,0.1,0,-0.9262300391938292,RF,Apul
FUN_035214_162145,39,11,11,11,5-fold,-1.35189643707725,2.2051964745292167,-0.7532465294868381,1.4105371183859283,1650.2073796363177,0.1,0,-0.7532465294868381,ElasticNet,Apul
FUN_026031_119426,39,6,2,2,5-fold,-4.051660749705844,7.833054478392319,-3.4933226202048018,6.646661598239869,1406.7510801128258,0.1,0,-3.4933226202048018,ElasticNet,Apul
FUN_007760_36590,39,3,3,3,5-fold,-0.9602598858132287,1.1143625816711245,-0.1368517349617389,0.1543015864368316,723.6911230730134,0.1,0,-0.1368517349617389,ElasticNet,Apul
FUN_016571_80257,39,12,12,12,5-fold,-3.1618602479636553,5.605955250424195,-2.3534843190216073,4.5280024248280775,2089.9697184083807,0.1,0,-2.3534843190216073,ElasticNet,Apul
FUN_032394_148091,39,7,7,7,5-fold,-0.4024902426667506,0.6154729202959532,-0.4688241630924118,0.5686862698638103,1.997761104692759,0.5,7,-0.4024902426667506,RF,Apul
FUN_041656_195147,39,6,6,6,5-fold,-1.5906495969873706,3.318521984389555,-1.571621640529144,2.8805914542627775,2096.726772566828,0.1,0,-1.571621640529144,ElasticNet,Apul
FUN_035240_162400,39,26,23,23,5-fold,-0.532318807780283,0.5065529330147147,-0.2636610155868604,0.20046257700128473,52.2650292946246,0.99,9,-0.2636610155868604,ElasticNet,Apul
FUN_037500_174027,39,7,6,6,5-fold,-2.0127469434609586,2.0654433342913814,-1.0837331985215028,1.2142650395252865,2.3634145599252956,0.5,6,-1.0837331985215028,ElasticNet,Apul
FUN_041999_197964,39,47,35,35,5-fold,-1.3201212689062332,1.5281740121176723,-0.9906245223991329,0.923720277022777,26.59337979307737,0.9,30,-0.9906245223991329,ElasticNet,Apul
FUN_010920_52072,39,6,4,4,5-fold,-1.774347590484739,2.5507399291170256,-1.4652325891584206,2.0544736456318686,5.379020990115948,0.99,4,-1.4652325891584206,ElasticNet,Apul
FUN_037972_177034,39,22,21,21,5-fold,-2.545759142234785,3.430197471500345,-1.3182758259619736,1.5291959790515885,192.21290687342562,0.99,3,-1.3182758259619736,ElasticNet,Apul
FUN_026032_119430,39,8,8,8,5-fold,-3.636158912634489,6.836400710769513,-3.3053054061519815,6.423071744692475,1.0609032175360298,0.5,8,-3.3053054061519815,ElasticNet,Apul
FUN_031699_143496,39,10,10,10,5-fold,-0.7947031260483951,0.5886518848069552,-0.29222132276167073,0.1574835459400709,2352.3394487673577,0.1,0,-0.29222132276167073,ElasticNet,Apul
FUN_006619_31371,39,4,3,3,5-fold,-0.7068724295356825,0.8213185413261651,-19.634805938769777,38.240154091315524,13.61238468286981,0.99,3,-0.7068724295356825,RF,Apul
FUN_001497_8051,39,36,32,32,5-fold,-0.33294892496814227,0.3930508461951314,-0.1436722000316689,0.17560715290657827,215.08545480945088,0.99,4,-0.1436722000316689,ElasticNet,Apul
FUN_015259_73615,39,56,45,45,5-fold,-2.0461814659140596,1.7087478364368913,-1.1540869836207497,1.5706435085806623,84.27827654814867,0.99,17,-1.1540869836207497,ElasticNet,Apul
FUN_029402_135688,39,27,17,17,5-fold,-0.762543959225516,0.5519524382997726,-0.49494693669627016,0.19072080473669117,15.982975516087507,0.99,15,-0.49494693669627016,ElasticNet,Apul
FUN_016484_79960,39,2,2,2,5-fold,-1.0010003050941172,1.1760029451652902,-0.42076781785735007,0.5012897917879833,1485.853826586396,0.1,0,-0.42076781785735007,ElasticNet,Apul
FUN_014798_70225,39,3,3,3,5-fold,-0.9660032970627623,1.4917877592390454,-0.571422351142143,0.8625066734672896,8.975549886889475,0.99,3,-0.571422351142143,ElasticNet,Apul
FUN_031938_144883,39,51,42,42,5-fold,-0.3863365411706352,0.38275232063161874,-0.8798961568043954,0.5927288979312351,19.805917938866376,0.1,41,-0.3863365411706352,RF,Apul
FUN_008921_44053,39,2,2,2,5-fold,-3.072579093728609,4.4182426522998215,-2.2222038679529925,3.9397953307898486,1333.4100859141677,0.1,0,-2.2222038679529925,ElasticNet,Apul
FUN_026539_122431,39,3,3,3,5-fold,-0.7973899997349665,0.6286983144808491,-0.6971779860432763,0.5738603980135085,2.0412703158783723,0.1,3,-0.6971779860432763,ElasticNet,Apul
FUN_001126_5449,39,7,6,6,5-fold,-0.12438948300574633,0.0482863154828572,-0.10759369998435067,0.1492685871381234,1948.7758685161775,0.1,0,-0.10759369998435067,ElasticNet,Apul
FUN_004445_20294,39,21,20,20,5-fold,-1.6786027000629804,1.8091409122276914,-2.759416329986319,3.3069835701622448,23.015784563474813,0.99,13,-1.6786027000629804,RF,Apul
FUN_022199_96398,39,12,11,11,5-fold,-1.7613903186383528,2.801874783778285,-1.5724885215184696,2.9142993070494247,45.89065670508979,0.99,7,-1.5724885215184696,ElasticNet,Apul
FUN_014530_68325,39,2,2,2,5-fold,-0.8656650534201246,1.0681789368236225,-0.8836374944380818,1.0826391232889911,1748.5909600230202,0.1,0,-0.8656650534201246,RF,Apul
FUN_028154_128729,39,8,8,8,5-fold,-0.35920504792094154,0.19339136001799875,-0.2351881105394047,0.2244736522631724,0.7765164466213637,0.5,8,-0.2351881105394047,ElasticNet,Apul
FUN_006748_32182,39,5,5,5,5-fold,-1.230011384616001,2.31899816840153,-1.333202599031699,2.1470268550288667,1.053692100775193,0.5,5,-1.230011384616001,RF,Apul
FUN_034854_159785,39,13,10,10,5-fold,-0.36397907092527004,0.36690239844985884,-0.08151527190382364,0.0865600809211525,2996.1151360909744,0.1,0,-0.08151527190382364,ElasticNet,Apul
FUN_022818_100897,39,16,12,12,5-fold,-34.3689270671659,69.00420146263296,-27.122894399616722,52.995044238246585,12.889022215824157,0.7,11,-27.122894399616722,ElasticNet,Apul
FUN_024873_112873,39,15,14,14,5-fold,-0.6964618941662797,1.3234171305961637,-0.3135402556530019,0.7113790094520139,55.5897608502192,0.9,11,-0.3135402556530019,ElasticNet,Apul
FUN_032120_146185,39,10,10,10,5-fold,-0.64205932886399,0.842908735341798,-0.49969609016119365,0.765944768746468,5.296423745570468,0.5,10,-0.49969609016119365,ElasticNet,Apul
FUN_026553_122508,39,6,4,4,5-fold,-0.6331157563494074,1.0154369501693583,-0.4034104503147729,0.5468919606368773,11.563305265904575,0.99,2,-0.4034104503147729,ElasticNet,Apul
FUN_007157_34992,39,3,3,3,5-fold,-1.3191591297488536,1.8724222907826549,-0.791998182018068,1.1975125464461702,1548.170854027163,0.1,0,-0.791998182018068,ElasticNet,Apul
FUN_022054_95750,39,3,3,3,5-fold,-0.8373472679603655,0.9675596791445996,-0.2531588990138348,0.16192909048111387,397.582307095213,0.1,0,-0.2531588990138348,ElasticNet,Apul
FUN_010883_51896,39,17,14,14,5-fold,0.05563928813217243,0.2252526179648976,-0.09489428754750392,0.12732265913790825,3.961210320982485,0.1,14,0.05563928813217243,RF,Apul
FUN_042970_202154,39,3,3,3,5-fold,-0.7452089676647965,1.4717190813303704,-1.4655944462652062,2.631137771142716,57.481976484571305,0.99,2,-0.7452089676647965,RF,Apul
FUN_033999_155296,39,19,9,9,5-fold,-0.5224760481229332,0.3601629759166539,-0.5193251268814361,0.7064158800375299,2120.612267964713,0.1,0,-0.5193251268814361,ElasticNet,Apul
FUN_000271_1082,39,8,8,8,5-fold,-0.43518230342018416,0.7553589710480222,-0.20348300166555372,0.2095903678466184,2312.859798966888,0.1,0,-0.20348300166555372,ElasticNet,Apul
FUN_026007_118839,39,4,4,4,5-fold,-0.8222758997100117,1.0720867923049786,-0.8082808015496978,1.0923681053686787,1980.4931989214901,0.1,0,-0.8082808015496978,ElasticNet,Apul
FUN_015978_76141,39,2,2,2,5-fold,-2.03092378206606,3.839142727904765,-0.801552305160284,1.4239194205306591,1.9679235632248655,0.5,2,-0.801552305160284,ElasticNet,Apul
FUN_016131_77255,39,4,4,4,5-fold,-0.12060781405373763,0.4536693423212933,-0.11783553741335065,0.30956198427034126,31.59905957929747,0.99,3,-0.11783553741335065,ElasticNet,Apul
FUN_000255_985,39,15,14,14,5-fold,-0.48238006115189125,0.3083320617150572,-0.2734942669057169,0.21945275135728706,16.630726518372505,0.1,14,-0.2734942669057169,ElasticNet,Apul
FUN_022426_98102,39,3,3,3,5-fold,-0.767939291562602,0.6858339514372579,-0.4434021939652345,0.4957900065155223,2032.7115140477874,0.1,0,-0.4434021939652345,ElasticNet,Apul
FUN_036899_170590,39,2,2,2,5-fold,-0.640224649855887,0.7001025588003766,-0.79654981082562,0.7054855190300232,1.0861837089639121,0.5,2,-0.640224649855887,RF,Apul
FUN_022775_100664,39,3,3,3,5-fold,-4.3999653667256435,7.957301573039125,-3.0893506731912677,5.723994544408003,0.8493448322412698,0.5,3,-3.0893506731912677,ElasticNet,Apul
FUN_001086_5140,39,31,26,26,5-fold,-2.4827219939665612,4.190938507400844,-2.1073933015577984,3.8865658515519326,2760.417611080393,0.1,0,-2.1073933015577984,ElasticNet,Apul
FUN_034274_157045,39,15,15,15,5-fold,-5.932686502186897,10.925980505296998,-8.074806455704506,15.80981250205097,2305.1881797415504,0.1,0,-5.932686502186897,RF,Apul
FUN_022218_96616,39,14,11,11,5-fold,-0.25306866054392085,0.22423557224450108,-0.12083992057008494,0.2873661700291406,12.055249853147581,0.99,10,-0.12083992057008494,ElasticNet,Apul
FUN_022218_96618,39,2,2,2,5-fold,-0.28283003654840677,0.2398150430688571,-0.1486517589598499,0.15742626129092985,75.54140675484514,0.1,2,-0.1486517589598499,ElasticNet,Apul
FUN_036338_168748,39,7,3,3,5-fold,-1.1705393484692332,1.2258956394544924,-1.279934139845497,1.8328919705968056,0.497051908580896,0.5,3,-1.1705393484692332,RF,Apul
FUN_033673_153103,39,2,2,2,5-fold,-0.5601701967219465,0.6009379178166395,-0.6393198448619324,1.198420111694756,26.808539146007654,0.99,1,-0.5601701967219465,RF,Apul
FUN_031841_144269,39,8,6,6,5-fold,-0.6445140914896681,0.8300154972993218,-0.672658914152939,1.1430885625754568,3.9547662123626757,0.1,6,-0.6445140914896681,RF,Apul
FUN_038815_183217,39,3,3,3,5-fold,-0.5319713173902153,1.110040487091937,-0.0098457949609972,0.39784400260594216,1.0666099311845483,0.5,3,-0.0098457949609972,ElasticNet,Apul
FUN_011863_55686,39,8,5,5,5-fold,-0.37212552579039443,0.45090827335317274,-0.7939716994268311,0.7020554110165759,317.0733875236008,0.99,1,-0.37212552579039443,RF,Apul
FUN_036164_167839,39,6,6,6,5-fold,-0.7802414677367026,1.2079715530279354,-0.896993523878397,1.4467383282646984,1.2742162741704781,0.5,6,-0.7802414677367026,RF,Apul
FUN_043563_206615,39,34,31,31,5-fold,-0.946856316381726,1.3459113295912626,-1.1993054070166467,1.916480336122923,188.92433816487866,0.99,7,-0.946856316381726,RF,Apul
FUN_038532_181821,39,28,15,15,5-fold,-0.774100828034648,0.9859753492166554,-0.8024351717105198,1.0007356114763668,4.7786491910808655,0.5,15,-0.774100828034648,RF,Apul
FUN_038618_182287,39,2,2,2,5-fold,-1.5543253431480586,2.254188658247589,-1.1963749579112715,2.0209925650356624,4.049757284333796,0.9,2,-1.1963749579112715,ElasticNet,Apul
FUN_005273_25711,39,3,3,3,5-fold,-1.0332576352661937,1.3944078478923874,-1.0568225637440487,1.6852167994871419,11.82598610911263,0.9,3,-1.0332576352661937,RF,Apul
FUN_012028_56886,39,49,41,41,5-fold,-0.6063467763532449,0.9020221151338953,-0.15465544723760052,0.22109537035268254,8.4522042812876,0.9,37,-0.15465544723760052,ElasticNet,Apul
FUN_034143_156226,39,13,8,8,5-fold,-0.8540568228306116,0.5864830572935781,-0.8472595639669833,0.49022189591819354,1.8859301860754805,0.5,8,-0.8472595639669833,ElasticNet,Apul
FUN_006001_28459,39,23,23,23,5-fold,-0.5697953205582769,0.2738594920573129,-0.6012556929325538,0.6256441263206338,89.47751104335978,0.99,10,-0.5697953205582769,RF,Apul
FUN_023758_106903,39,10,8,8,5-fold,-0.21969448781451656,0.28437914215493854,-0.10568946659351386,0.3182909562957844,0.7412937026243125,0.7,8,-0.10568946659351386,ElasticNet,Apul
FUN_003786_16033,39,11,11,11,5-fold,-3164.6530205584127,6310.011788913385,-872.5456748772579,1737.5130373443847,3.296322111719217,0.1,11,-872.5456748772579,ElasticNet,Apul
FUN_016288_78114,39,8,8,8,5-fold,-30.654560806873008,61.07714829502348,-20.806659736822695,41.467206139129736,1660.0871543256042,0.1,0,-20.806659736822695,ElasticNet,Apul
FUN_023224_103841,39,14,12,12,5-fold,-0.8174862257423176,1.5748694526398912,-1.0778810047410112,1.9286188947687108,2506.39327373091,0.1,0,-0.8174862257423176,RF,Apul
FUN_029099_133639,39,23,23,23,5-fold,-1.0157570179469715,1.0222690146488034,-0.24516760191842663,0.28234362564334403,64.47308598490393,0.1,22,-0.24516760191842663,ElasticNet,Apul
FUN_014842_70553,39,6,3,3,5-fold,-9.498010492030424,17.79590876329295,-2.3739064008838158,3.59555262709854,0.1768678202604059,0.7,3,-2.3739064008838158,ElasticNet,Apul
FUN_029131_133903,39,16,16,16,5-fold,-0.3177269355298332,0.3502648723800801,-0.3541034243630849,0.5568245802085902,2095.6619985625184,0.1,0,-0.3177269355298332,RF,Apul
FUN_006162_29235,39,18,18,18,5-fold,-0.3145690194280794,0.11084994064689557,-0.06348017570802292,0.04019199755041317,330.0097684707627,0.99,0,-0.06348017570802292,ElasticNet,Apul
FUN_038070_177926,39,2,2,2,5-fold,-0.4645443535395211,0.47410812473509273,-0.1308056961287681,0.15735831897014418,880.2726144098062,0.1,0,-0.1308056961287681,ElasticNet,Apul
FUN_043642_207415,39,11,10,10,5-fold,-1.2090686431592217,2.36441893008449,-1.1190115290539384,2.1271747834928725,1605.1679469093854,0.1,0,-1.1190115290539384,ElasticNet,Apul
FUN_007332_35566,39,2,2,2,5-fold,-1.52220772924834,2.377995464225823,-0.9963639370676663,1.5062743732099089,739.7044129759825,0.1,0,-0.9963639370676663,ElasticNet,Apul
FUN_031841_144279,39,8,8,8,5-fold,-0.6784095797875114,0.9712926449127085,-0.5883538047137075,0.8390917991391152,3.005169563042473,0.5,8,-0.5883538047137075,ElasticNet,Apul
FUN_006812_32528,39,6,5,5,5-fold,-0.7372687528380293,1.7449678346924056,-0.18994110221498292,0.21025664790653295,3.2295967086615276,0.5,5,-0.18994110221498292,ElasticNet,Apul
FUN_036338_168749,39,6,3,3,5-fold,-1.6107008773322462,2.165373188554484,-1.2892417442665607,1.7618426664444051,1.566957366227797,0.5,3,-1.2892417442665607,ElasticNet,Apul
FUN_025659_116582,39,7,3,3,5-fold,-0.19051546708319092,0.27250455029612886,-0.2013821065518492,0.17603967812737373,0.6199840177427284,0.5,3,-0.19051546708319092,RF,Apul
FUN_026155_120201,39,4,3,3,5-fold,-2.4324115250361658,4.617032227082044,-1.7680198278640993,3.3602832645526077,3.5281896127442725,0.95,3,-1.7680198278640993,ElasticNet,Apul
FUN_023644_106533,39,4,4,4,5-fold,-2.8070709332108286,5.691575036330723,-3.130304218770734,6.324500700828832,17.261148160372827,0.99,3,-2.8070709332108286,RF,Apul
FUN_025368_114949,39,4,4,4,5-fold,-1.4993568793510863,2.0328028299985466,-0.9808844338126853,1.2710836886917296,3.27078698810139,0.1,4,-0.9808844338126853,ElasticNet,Apul
FUN_038245_179554,39,14,12,12,5-fold,-1.287638062536344,2.1570306231529957,-0.5375127426853549,0.7462135694797719,38.772547843894344,0.99,7,-0.5375127426853549,ElasticNet,Apul
FUN_011256_53318,39,10,7,7,5-fold,-3.3198412012746616,5.534823060552629,-2.280569602606442,3.9315752045282317,3552.99731905624,0.1,0,-2.280569602606442,ElasticNet,Apul
FUN_034724_158975,39,4,4,4,5-fold,-0.2310853969076132,0.1881429606073046,-0.16219751819140987,0.055858312033325516,2.9291826301783024,0.1,4,-0.16219751819140987,ElasticNet,Apul
FUN_013367_63990,39,5,5,5,5-fold,-1.7556150514271234,2.5084875234219965,-1.112661137142196,2.0769846905908658,174.2839298406188,0.99,1,-1.112661137142196,ElasticNet,Apul
FUN_032305_147444,39,4,4,4,5-fold,-1.024121012892913,0.7184453111042115,-0.7336523571313924,0.41613606702126443,2551.456611230578,0.1,0,-0.7336523571313924,ElasticNet,Apul
FUN_028849_132120,39,8,7,7,5-fold,-1.2833901333891162,1.746595193412398,-0.6389120544591409,0.7760004283096377,4.142394818606004,0.1,7,-0.6389120544591409,ElasticNet,Apul
FUN_006331_30153,39,47,44,44,5-fold,-2.0632165721236366,4.029783257673306,-2.458586272942326,4.157971962546478,33.63354773076618,0.7,39,-2.0632165721236366,RF,Apul
FUN_002682_13439,39,5,4,4,5-fold,-0.6386090400489624,0.48322301785563504,-0.40219236246359047,0.5520704340176583,1140.299584928923,0.1,0,-0.40219236246359047,ElasticNet,Apul
FUN_008302_39939,39,10,10,10,5-fold,-0.8720719329675948,1.4081219711381054,-1.0870913287586774,1.0676975940058142,1942.7052853732307,0.1,0,-0.8720719329675948,RF,Apul
FUN_010957_52336,39,16,15,15,5-fold,-0.9107457465782733,0.97941376787402,-0.6760494574310647,0.7495903298190002,1236.9559365091748,0.1,0,-0.6760494574310647,ElasticNet,Apul
FUN_001534_8312,39,45,43,43,5-fold,-10.617689806634093,20.536473214985552,-5.462706801365905,10.63725308476364,47.45672822574285,0.9,32,-5.462706801365905,ElasticNet,Apul
FUN_007064_34326,39,2,2,2,5-fold,-2.9593066634417355,4.772213133718474,-2.228516899718674,4.034774499121595,622.4958331636205,0.1,0,-2.228516899718674,ElasticNet,Apul
FUN_014765_69971,39,2,2,2,5-fold,-16.312039632374344,32.76362025895374,-18.212863417710246,36.31492984006742,1.0334288779346197,0.5,2,-16.312039632374344,RF,Apul
FUN_023411_105106,39,53,39,39,5-fold,-1.3241279014480343,2.3569718707384495,-0.6268420597906803,0.7993062237328113,302.10079842755255,0.99,1,-0.6268420597906803,ElasticNet,Apul
FUN_007332_35565,39,3,3,3,5-fold,-1.8591287445291538,3.1322724090364256,-1.4949274858871069,2.7103216245592767,493.5548839053537,0.1,0,-1.4949274858871069,ElasticNet,Apul
FUN_035329_162851,39,3,2,2,5-fold,-0.6330939912208111,0.39121571501336067,-0.5512812200194676,0.34863789574415405,17.504971941789474,0.99,2,-0.5512812200194676,ElasticNet,Apul
FUN_032295_147394,39,2,2,2,5-fold,-0.8205156005926287,0.9316643818111674,-0.48125462564213883,0.7772596153133631,844.7008730023473,0.1,0,-0.48125462564213883,ElasticNet,Apul
FUN_012136_57675,39,9,9,9,5-fold,-0.3209343590013134,0.5869558965926712,-0.3885236904384126,0.4328493850265325,1.9106931916465453,0.5,9,-0.3209343590013134,RF,Apul
FUN_004824_22956,39,15,14,14,5-fold,-19.30939045620021,26.58618949234049,-6.7649806386737765,8.002393858144208,5708.950862052361,0.1,0,-6.7649806386737765,ElasticNet,Apul
FUN_026413_121708,39,3,3,3,5-fold,-0.40173256915080807,0.3601480764234838,-0.1910486427428329,0.2093736380929091,1697.0623520540087,0.1,0,-0.1910486427428329,ElasticNet,Apul
FUN_026489_122091,39,3,3,3,5-fold,-0.6198807914495484,0.7669181497418013,-0.8987699206136364,1.0894711704179378,211.0235770042583,0.99,1,-0.6198807914495484,RF,Apul
FUN_015418_74468,39,3,2,2,5-fold,-0.9353824009904113,1.7814736331773666,-0.36087493825285855,0.37006123037420224,833.9457397947615,0.1,0,-0.36087493825285855,ElasticNet,Apul
FUN_035243_162421,39,18,18,18,5-fold,-7.8005015197620775,15.159827472071655,-6.05689827498232,11.706359805596403,2561.04865806406,0.1,0,-6.05689827498232,ElasticNet,Apul
FUN_005268_25649,39,13,13,13,5-fold,-0.9838360809951165,1.4711823540559377,-0.3870026193171125,0.13885512452259607,1.8624238767211503,0.7,13,-0.3870026193171125,ElasticNet,Apul
FUN_004285_19099,39,11,9,9,5-fold,-14.674406519518595,28.878355090314958,-8.322002968922074,16.47279912198142,1548.373679573036,0.1,0,-8.322002968922074,ElasticNet,Apul
FUN_011863_55689,39,2,2,2,5-fold,-0.1890463027432757,0.403044006495931,-0.17015689753205274,0.19559625683378104,1252.534400412172,0.1,0,-0.17015689753205274,ElasticNet,Apul
FUN_031838_144258,39,3,3,3,5-fold,-5.677228569901695,10.249574220869468,-3.8488621389567483,7.210880577589419,0.493262721480006,0.99,3,-3.8488621389567483,ElasticNet,Apul
FUN_005329_25921,39,37,35,35,5-fold,-0.6302359562626743,0.7832715104479568,-0.29122072248573333,0.5088001843353742,3190.710271077121,0.1,0,-0.29122072248573333,ElasticNet,Apul
FUN_004740_22387,39,10,10,10,5-fold,-0.7397259921543958,0.9224019716288897,-0.7724057041732378,1.0462718339999928,5.013429811276086,0.5,10,-0.7397259921543958,RF,Apul
FUN_032459_148380,39,25,16,16,5-fold,-0.7963809900917296,0.8731167112021656,-0.8154453664244121,1.1913300929541308,25.060724014568546,0.99,12,-0.7963809900917296,RF,Apul
FUN_038815_183218,39,3,3,3,5-fold,-0.5666320037739567,1.5149443100192055,-0.03981997178446854,0.15892089897088676,1.211746867712518,0.5,3,-0.03981997178446854,ElasticNet,Apul
FUN_012705_61535,39,7,3,3,5-fold,-0.29000203544325726,0.2078490055538695,-0.12119228291263177,0.11597541961925821,104.15693766536452,0.99,2,-0.12119228291263177,ElasticNet,Apul
FUN_031179_140797,39,5,2,2,5-fold,-3.0161884992479266,5.329831272226343,-2.705630378225866,5.268964985575179,4031.6640515325707,0.1,0,-2.705630378225866,ElasticNet,Apul
FUN_014512_68182,39,73,60,60,5-fold,-0.5202504048453915,1.0751652460911352,-0.5152309183784125,0.5471100560064499,6.020025177039151,0.1,60,-0.5152309183784125,ElasticNet,Apul
FUN_024346_109906,39,10,10,10,5-fold,-0.9096769506051819,1.2082938192425416,-0.3790452934829872,0.3620424961492446,1351.546787269451,0.1,0,-0.3790452934829872,ElasticNet,Apul
FUN_028181_128921,39,6,6,6,5-fold,-3.6864361330319477,6.992570234655162,-4.135633991331667,8.01896673391011,936.8071643676319,0.1,0,-3.6864361330319477,RF,Apul
FUN_012192_58266,39,2,2,2,5-fold,-0.9254459306161611,0.6582103100569789,-0.8043853049467767,0.6017681067928591,2101.482645637866,0.1,0,-0.8043853049467767,ElasticNet,Apul
FUN_004641_21722,39,14,11,11,5-fold,-0.13359168635715843,0.28729128806200127,-0.06927548535048264,0.11899445424468606,7.523457517625571,0.95,9,-0.06927548535048264,ElasticNet,Apul
FUN_004094_17807,39,6,6,6,5-fold,-2.487755505956455,3.5369252960967623,-3.119901605653455,6.0491174889713335,3665.5419336556597,0.1,0,-2.487755505956455,RF,Apul
FUN_001118_5405,39,10,9,9,5-fold,-0.5294376684751328,0.2947216087876948,-0.13620331105386635,0.04976272703670083,279.4798418895217,0.99,2,-0.13620331105386635,ElasticNet,Apul
FUN_031708_143601,39,8,3,3,5-fold,-0.6025037476431823,0.5800500234003022,-0.6976593295656113,0.9567639219500256,19.03996813243114,0.7,3,-0.6025037476431823,RF,Apul
FUN_011283_53514,39,3,2,2,5-fold,-1.8734117918667537,3.2072140674945744,-1.849144612673016,3.535233081749971,740.4461032707599,0.1,0,-1.849144612673016,ElasticNet,Apul
FUN_013555_64838,39,4,4,4,5-fold,-0.12675735287035764,0.41996433865061555,-0.09635264122769885,0.18965162857804113,68.72688158335076,0.99,2,-0.09635264122769885,ElasticNet,Apul
FUN_022682_100221,39,21,16,16,5-fold,-0.09135067820638135,0.14612017922208145,-0.09091475273378118,0.12637137942101365,2766.2038987510437,0.1,0,-0.09091475273378118,ElasticNet,Apul
FUN_043147_203231,39,25,19,19,5-fold,-0.17562838329311226,0.24550606201940187,-0.17483887766922032,0.2851990728886676,102.06510742949236,0.99,8,-0.17483887766922032,ElasticNet,Apul
FUN_022199_96394,39,12,12,12,5-fold,-0.792178106354372,0.7354772513620353,-0.2426464958447793,0.22890132252466236,121.06922092858927,0.99,2,-0.2426464958447793,ElasticNet,Apul
FUN_038175_178924,39,2,2,2,5-fold,-0.6655223461357893,0.6425735671368568,-0.7709279183180127,0.6547369852279776,22.5322281652621,0.1,2,-0.6655223461357893,RF,Apul
FUN_013400_64257,39,13,7,7,5-fold,-0.34458777527060336,0.4585065248885255,-0.16220885457313217,0.16651491140546798,374.5650900030421,0.9,1,-0.16220885457313217,ElasticNet,Apul
FUN_007760_36586,39,7,4,4,5-fold,-0.5328723874433943,0.7825797925276642,-0.28297347291816416,0.4182418460058817,7.589557287788201,0.9,4,-0.28297347291816416,ElasticNet,Apul
FUN_041188_192651,39,26,16,16,5-fold,-0.3819155378139124,0.28422858715198035,-0.4643337714495111,0.7789917786927387,23.433780765708438,0.1,16,-0.3819155378139124,RF,Apul
FUN_041835_196658,39,4,4,4,5-fold,-0.808311492899804,1.3142023056138927,-0.4561021406496951,0.7437108724784738,1422.5214851543722,0.1,0,-0.4561021406496951,ElasticNet,Apul
FUN_004131_18049,39,22,13,13,5-fold,-0.6741143908987229,0.3740687059048861,-0.516454129606992,0.48197376588878044,3505.3875903826865,0.1,0,-0.516454129606992,ElasticNet,Apul
FUN_043602_207099,39,14,5,5,5-fold,-0.4508104611165164,0.8655211932271341,-9.84800974841845,19.59864900464812,873.5885341633643,0.1,0,-0.4508104611165164,RF,Apul
FUN_023594_106240,39,3,2,2,5-fold,-1.5264386492356803,2.802178393878339,-1.9515215260225307,3.642918011985379,105.21620897171243,0.1,2,-1.5264386492356803,RF,Apul
FUN_031510_142454,39,18,12,12,5-fold,-19.28175587768656,38.026907515222895,-16.135922155853763,31.916493543674033,5.339077252175464,0.1,12,-16.135922155853763,ElasticNet,Apul
FUN_002682_13443,39,2,2,2,5-fold,-0.7589485650446505,1.032262518622904,-0.8623178005678565,0.9416386662248127,2713.1612526302906,0.1,0,-0.7589485650446505,RF,Apul
FUN_043299_204585,39,8,8,8,5-fold,-10.070862875661856,19.733024326128433,-8.726771436658876,16.64570683499215,948.8974849395237,0.1,0,-8.726771436658876,ElasticNet,Apul
FUN_041722_195623,39,13,11,11,5-fold,-3.2025036907028808,5.373159887398706,-1.079548948740913,1.6584296718575382,1580.1116918053233,0.1,0,-1.079548948740913,ElasticNet,Apul
FUN_009959_48484,39,12,12,12,5-fold,-0.7803280666695064,0.3495816675507899,-0.33605056020013124,0.25419385017381374,2987.8542749265885,0.1,0,-0.33605056020013124,ElasticNet,Apul
FUN_040037_187821,39,19,17,17,5-fold,-1.5529751645540162,1.5577726061238808,-1.4740196493152204,1.7258159750449358,1.7590489541184502,0.5,17,-1.4740196493152204,ElasticNet,Apul
FUN_041881_196997,39,19,15,15,5-fold,-1.8315082584660893,3.3818869653811867,-1.7117802768231876,3.070151705842696,1423.9225094152675,0.1,0,-1.7117802768231876,ElasticNet,Apul
FUN_041645_195054,39,19,19,19,5-fold,-1.494937792618979,1.214942412617125,-1.0403674276345445,1.1189640331110813,33.304394599141325,0.95,12,-1.0403674276345445,ElasticNet,Apul
FUN_023012_102252,39,14,14,14,5-fold,-4.44587809026252,7.938721394230771,-3.325437128618534,6.231355002823863,1230.7807877883452,0.1,4,-3.325437128618534,ElasticNet,Apul
FUN_012676_61326,39,2,2,2,5-fold,-20.521674897186337,40.77736469057601,-13.844805121877162,27.489745318036512,952.4213519520715,0.1,0,-13.844805121877162,ElasticNet,Apul
FUN_013615_65162,39,5,4,4,5-fold,-42.93270244775673,85.20955751131744,-35.6434759005299,70.90424684671642,143.28403421385622,0.9,1,-35.6434759005299,ElasticNet,Apul
FUN_031070_140546,39,7,7,7,5-fold,-5.682844903665751,9.861289625136763,-6.051171767402451,10.600596199410223,2316.030318143998,0.1,0,-5.682844903665751,RF,Apul
FUN_005863_27785,39,9,4,4,5-fold,-0.4764190181692688,1.0630431150029533,-11.760960045542165,23.662292576395373,0.7951806662114527,0.9,4,-0.4764190181692688,RF,Apul
FUN_037382_173266,39,19,17,17,5-fold,-39.640296784445304,78.21748244017647,-22.094674455042945,43.82677675720164,274.20789409447326,0.99,1,-22.094674455042945,ElasticNet,Apul
FUN_035468_163489,39,6,6,6,5-fold,-1.6529144124572894,1.2997094705730936,-0.5909755344727691,0.6470271798801541,2220.893143785317,0.1,0,-0.5909755344727691,ElasticNet,Apul
FUN_038386_180800,39,16,14,14,5-fold,-0.016345279713158113,0.4701959641130634,-0.8936408756369035,0.9469477902701671,8.976993300358645,0.99,13,-0.016345279713158113,RF,Apul
FUN_000518_2562,39,10,10,10,5-fold,-1.9565175328256974,2.439798240638546,-1.6826371905526993,2.674614033029794,135.5774124376272,0.99,3,-1.6826371905526993,ElasticNet,Apul
FUN_000411_1945,39,10,10,10,5-fold,-0.5015624290007276,0.7158778989033381,-0.29902278582920777,0.4137557959795324,33.809247296347806,0.99,8,-0.29902278582920777,ElasticNet,Apul
FUN_023758_106901,39,3,3,3,5-fold,-0.029539494734902916,0.32587225522829527,-0.14047231141211516,0.24854340673123784,72.94400039475404,0.99,3,-0.029539494734902916,RF,Apul
FUN_038835_183340,39,27,18,18,5-fold,-0.8319485585602745,0.7489370485501216,-0.6057937866794142,0.5013185091990319,39.25430415132234,0.99,10,-0.6057937866794142,ElasticNet,Apul
FUN_024764_112358,39,21,18,18,5-fold,-19.567883700295646,39.44680733315365,-21.66723383903455,42.990837213089634,18.738857571051355,0.7,16,-19.567883700295646,RF,Apul
FUN_026543_122455,39,22,6,6,5-fold,-0.06581827397452131,0.2961102605994117,-3.1956966164896743,6.158015405814066,3.466658827754336,0.9,6,-0.06581827397452131,RF,Apul
FUN_033952_155028,39,55,34,34,5-fold,-1.714314498817861,2.658263701630759,-1.6801677467849996,2.8286849080455916,60.23663828591673,0.99,19,-1.6801677467849996,ElasticNet,Apul
FUN_008418_40800,39,4,4,4,5-fold,-0.6231642280817888,0.42104384249987686,-0.36865487596297475,0.39061154431260436,968.4631074176575,0.1,0,-0.36865487596297475,ElasticNet,Apul
FUN_015434_74560,39,6,6,6,5-fold,-0.2228521201907318,0.26804397439449806,-0.29241548244769794,0.26761559448962813,29.73114419367852,0.95,4,-0.2228521201907318,RF,Apul
FUN_032394_148093,39,2,2,2,5-fold,-0.5224291763464683,0.6144242637932252,-0.666481725375222,0.745834209710773,2368.930500443894,0.1,0,-0.5224291763464683,RF,Apul
FUN_019499_91093,39,88,86,86,5-fold,-0.5374483935540063,0.9275699081930721,-0.7656435898229094,0.5537623877498331,624.3907216413274,0.99,0,-0.5374483935540063,RF,Apul
FUN_010610_50014,39,36,21,21,5-fold,-6.546262686673215,9.782912491310146,-4.270637949370938,7.494019856378121,21.073418617151688,0.99,13,-4.270637949370938,ElasticNet,Apul
FUN_024484_110924,39,7,7,7,5-fold,-0.45662816388633215,0.4059388588768175,-0.13649512350021875,0.11082566776978951,2161.6739802638117,0.1,0,-0.13649512350021875,ElasticNet,Apul
FUN_015977_76137,39,30,21,21,5-fold,-0.3910392909692789,0.5963220098324821,-0.260933535183706,0.3056691915986054,2673.6521718319364,0.1,0,-0.260933535183706,ElasticNet,Apul
FUN_025685_116777,39,13,12,12,5-fold,-0.3168028333673995,0.18862000398257575,-0.16684854382625783,0.131575900837714,8.58818042617723,0.95,10,-0.16684854382625783,ElasticNet,Apul
FUN_017756_83471,39,3,3,3,5-fold,-0.3709124134384618,0.8994511826234587,-0.39643973401961113,0.5691979840720424,83.85841080691799,0.99,1,-0.3709124134384618,RF,Apul
FUN_012036_57011,39,44,36,36,5-fold,-0.3327417229174584,0.8058107306543346,-0.15722747978365517,0.16938800380782157,30.222731458913334,0.1,36,-0.15722747978365517,ElasticNet,Apul
FUN_010736_50914,39,3,3,3,5-fold,-1.2892491346821757,1.8723578107009737,-1.1263285845637656,1.8556921347846256,1703.232206264531,0.1,0,-1.1263285845637656,ElasticNet,Apul
FUN_026007_118838,39,11,2,2,5-fold,-1.521235920425471,1.7685320539336857,-19.169125174021186,36.65941704425496,176.73002205258618,0.1,0,-1.521235920425471,RF,Apul
FUN_013324_63604,39,7,7,7,5-fold,-0.7941721932708644,0.8210906096656743,-0.5464567949984765,0.46161155304595936,11.531888401992392,0.1,7,-0.5464567949984765,ElasticNet,Apul
FUN_004306_19319,39,5,5,5,5-fold,-4.127895081611234,7.178903561191504,-3.363260812406028,5.814302537414332,1459.5619209958172,0.1,0,-3.363260812406028,ElasticNet,Apul
FUN_038340_180403,39,5,5,5,5-fold,-1.1852670187069496,1.0147847223142967,-0.8067861293075677,0.9296512650113722,119.95789282073255,0.99,1,-0.8067861293075677,ElasticNet,Apul
FUN_004088_17723,39,15,15,15,5-fold,-2.1207740072840653,3.61694728629801,-0.984397382067797,1.5199217873337119,55.64442889133163,0.95,10,-0.984397382067797,ElasticNet,Apul
FUN_038172_178905,39,11,11,11,5-fold,-1.602337322802643,2.5136488464493465,-1.5050669832083277,2.201993245657899,3419.971043388472,0.1,0,-1.5050669832083277,ElasticNet,Apul
FUN_017817_83922,39,19,15,15,5-fold,-3.4929943799498075,6.794071729833701,-2.1719998269768506,4.333902233846776,55.97909231413195,0.99,6,-2.1719998269768506,ElasticNet,Apul
FUN_041881_196999,39,5,2,2,5-fold,-11.027332920303305,18.571948266013575,-8.542822728228622,14.887368802090753,0.4658181445344956,0.5,2,-8.542822728228622,ElasticNet,Apul
FUN_031648_143219,39,13,13,13,5-fold,-7.460562383075043,14.837111538503937,-7.5574243630099405,15.00362653051333,1957.639299701827,0.1,0,-7.460562383075043,RF,Apul
FUN_031937_144882,39,72,53,53,5-fold,-2.2514954564054377,2.8546256609191007,-1.1808309447110432,1.1837169236857683,6.031118629418677,0.1,53,-1.1808309447110432,ElasticNet,Apul
FUN_037944_176835,39,9,8,8,5-fold,-0.898208921599134,0.8687885079500519,-0.4877183383624665,0.4827213201859127,63.50829377808883,0.99,5,-0.4877183383624665,ElasticNet,Apul
FUN_002453_12338,39,12,10,10,5-fold,-12.371316295390109,24.96764572225498,-10.24648215080246,20.244768998180238,151.277450008654,0.99,1,-10.24648215080246,ElasticNet,Apul
FUN_026626_122923,39,14,10,10,5-fold,-1.069802410708361,1.066854418361107,-0.8322058800104791,1.0645665095119257,1.049485979693608,0.5,10,-0.8322058800104791,ElasticNet,Apul
FUN_009441_46730,39,6,6,6,5-fold,-0.5241682352480354,0.5153137942873985,-0.5039707469648916,0.5340312716034864,21.42915833317214,0.99,4,-0.5039707469648916,ElasticNet,Apul
FUN_004780_22674,39,5,5,5,5-fold,-0.27087983895535006,0.2839160402131279,-0.23412951882713973,0.1378029966368574,2118.5197898966007,0.1,0,-0.23412951882713973,ElasticNet,Apul
FUN_029104_133648,39,18,17,17,5-fold,-0.04641048291971346,0.22563917570753506,0.04393004852743669,0.07977257042047813,0.9078465926966842,0.5,17,0.04393004852743669,ElasticNet,Apul
FUN_013555_64837,39,3,3,3,5-fold,-0.3957705353375979,0.31726577374941195,-0.21604498663766974,0.2047112929518581,3.2403432461871517,0.5,3,-0.21604498663766974,ElasticNet,Apul
FUN_006842_32655,39,5,5,5,5-fold,-0.5959512160618738,1.049042699931611,-0.269425145294023,0.28314011546167095,2815.157486536065,0.1,0,-0.269425145294023,ElasticNet,Apul
FUN_001940_10551,39,88,86,86,5-fold,-3.6319518621872797,6.5113553617050615,-2.0681914715329084,3.9180661196722038,2755.743459726139,0.1,0,-2.0681914715329084,ElasticNet,Apul
FUN_011810_55481,39,20,16,16,5-fold,-2.4189153998209543,3.9934313685892437,-2.1212523392905025,3.5624456085954854,2191.8119572653213,0.1,0,-2.1212523392905025,ElasticNet,Apul
FUN_025584_116191,39,7,7,7,5-fold,-1.5374287290688162,2.678470086380642,-1.6031997408125789,3.087233219466035,870.6376733541653,0.1,0,-1.5374287290688162,RF,Apul
FUN_041923_197319,39,40,38,38,5-fold,-1.2474843937835474,2.1422211101107287,-0.7404665612114752,0.9736575540135866,2934.7506726278075,0.1,0,-0.7404665612114752,ElasticNet,Apul
FUN_041881_196996,39,10,7,7,5-fold,-6.057752477571698,11.45599439797999,-4.456360635968092,8.356139360711142,0.991951017084781,0.5,7,-4.456360635968092,ElasticNet,Apul
FUN_012697_61487,39,5,5,5,5-fold,-3.086316255168428,5.773361044146452,-1.8632376554621168,3.623364791785819,1.1613795203498178,0.5,5,-1.8632376554621168,ElasticNet,Apul
FUN_026672_123038,39,2,2,2,5-fold,-0.5064418790934678,0.22185910047481197,-0.23327757548235567,0.18841912105860348,1113.6677659021839,0.1,0,-0.23327757548235567,ElasticNet,Apul
FUN_036899_170588,39,9,8,8,5-fold,-1.4559716660208954,1.6537687958536127,-0.8654220909459351,1.0400133067783979,54.13223508138294,0.95,8,-0.8654220909459351,ElasticNet,Apul
FUN_026023_119322,39,18,16,16,5-fold,-1.5210446059587106,2.646257711439888,-1.054258198641001,1.7092689402903993,293.01172219641506,0.99,1,-1.054258198641001,ElasticNet,Apul
FUN_043299_204586,39,12,9,9,5-fold,-22.043176402695433,43.469969430702434,-92.85810797970697,185.2693542622282,10.107411291388058,0.1,9,-22.043176402695433,RF,Apul
FUN_042022_198090,39,24,21,21,5-fold,-1.403657464342441,2.336803056071591,-1.0027022919344948,1.6335419244731164,465.84239378777716,0.99,2,-1.0027022919344948,ElasticNet,Apul
FUN_041922_197309,39,2,2,2,5-fold,-0.16069890871606168,0.3963940188078277,-0.06266673610166729,0.07111749564846766,2086.023706949873,0.1,0,-0.06266673610166729,ElasticNet,Apul
FUN_014818_70406,39,14,7,7,5-fold,-0.6036769393316986,0.47474273922493615,-0.8393403550179374,1.0682096850250842,465.0489573457595,0.99,1,-0.6036769393316986,RF,Apul
FUN_006236_29628,39,4,4,4,5-fold,0.07555903512771826,0.26884049626167555,-0.1187700265235853,0.2153579335517358,1.466150817938934,0.5,4,0.07555903512771826,RF,Apul
FUN_014811_70340,39,22,14,14,5-fold,-1.2388983438979697,1.683145826316767,-0.9229876203959411,1.5897970701910566,3.5222407875963877,0.1,14,-0.9229876203959411,ElasticNet,Apul
FUN_037459_173754,39,10,10,10,5-fold,-0.7235948292275192,0.5787111510024404,-0.3746407162976966,0.248859338375074,2122.185324828089,0.1,0,-0.3746407162976966,ElasticNet,Apul
FUN_025840_117825,39,4,4,4,5-fold,-0.7419767218171746,0.9702949001732293,-0.6758247519165476,1.079379957188842,2182.8290284797567,0.1,0,-0.6758247519165476,ElasticNet,Apul
FUN_025768_117365,39,2,2,2,5-fold,-4.812990692067411,8.853186932342567,-4.074550181228406,7.934239079055451,1167.9829656448157,0.1,0,-4.074550181228406,ElasticNet,Apul
FUN_000383_1751,39,6,6,6,5-fold,-0.6885236981946136,0.4870659624576853,-1.0495087250413835,0.8747564827756868,10.092882481105336,0.1,6,-0.6885236981946136,RF,Apul
FUN_040444_190157,39,6,6,6,5-fold,-0.5796649582583877,0.5543670902697766,-0.3593992416387851,0.35037290239849006,3123.6858002782888,0.1,0,-0.3593992416387851,ElasticNet,Apul
FUN_009959_48486,39,12,9,9,5-fold,-0.25297207436611635,0.4246793585737523,-0.4141692678268109,0.3119945879256723,2846.8649435383536,0.1,0,-0.25297207436611635,RF,Apul
FUN_015009_71957,39,18,18,18,5-fold,-0.7952954359901515,0.5819951869422347,-0.49699066023084165,0.5732645415805829,4.088367782799799,0.5,18,-0.49699066023084165,ElasticNet,Apul
FUN_016299_78253,39,2,2,2,5-fold,-23.00298430842397,45.31501389585242,-16.522787537959275,32.64340861346471,1508.0773209370047,0.1,0,-16.522787537959275,ElasticNet,Apul
FUN_013400_64258,39,7,5,5,5-fold,-0.12144797733330248,0.5007998956483811,-0.23951767486195621,0.2625327281759077,11.03825549523201,0.1,5,-0.12144797733330248,RF,Apul
FUN_005343_26058,39,11,9,9,5-fold,-1.1539889415574967,1.8574279991442237,-1.154225675125534,1.9629532047238436,1907.902983669189,0.1,0,-1.1539889415574967,RF,Apul
FUN_005220_25345,39,35,24,24,5-fold,-0.3138799033418941,0.5750773895589164,-0.41928317563516854,0.5730131566300533,2124.2147870539043,0.1,0,-0.3138799033418941,RF,Apul
FUN_017990_85209,39,17,17,17,5-fold,-0.6695105093099062,0.7274659513831336,-0.7659015837869845,0.752748890490474,3265.8719481563335,0.1,0,-0.6695105093099062,RF,Apul
FUN_016484_79959,39,5,5,5,5-fold,-0.6053081253245622,0.3736650670813383,-1.3150973830540307,1.980576804208976,150.63727365269176,0.99,2,-0.6053081253245622,RF,Apul
FUN_035263_162569,39,3,3,3,5-fold,-1.07085363152972,2.297226688929696,-0.8999294840582117,1.9155401809973602,1.0910765773716748,0.5,3,-0.8999294840582117,ElasticNet,Apul
FUN_026984_124080,39,3,3,3,5-fold,-13.137853806931389,25.34828312554527,-9.579971804819888,18.659129627230786,1977.972542481483,0.1,0,-9.579971804819888,ElasticNet,Apul
FUN_022380_97756,39,13,12,12,5-fold,-104.83498444615569,209.07700998709583,-55.84958688559995,111.43734874694034,2561.278186940102,0.1,0,-55.84958688559995,ElasticNet,Apul
FUN_016334_78535,39,9,3,3,5-fold,-0.6053474848163024,0.6525143009317736,-0.5036177286611763,0.4565799506540299,12.901985124492247,0.99,3,-0.5036177286611763,ElasticNet,Apul
FUN_025098_113602,39,5,5,5,5-fold,-0.995398113461729,0.7082097940648647,-0.9695230026651818,0.773581150718162,1385.9716066090439,0.1,0,-0.9695230026651818,ElasticNet,Apul
FUN_033824_154151,39,28,20,20,5-fold,-0.24653863335578602,0.5235019206098838,-1.160093514132825,1.6328965847310548,2.099978416244325,0.7,20,-0.24653863335578602,RF,Apul
FUN_005121_24702,39,8,8,8,5-fold,-7.580577204599119,14.44710161336024,-8.867246414529403,17.327920139424684,30.47130643670901,0.1,8,-7.580577204599119,RF,Apul
FUN_004584_21385,39,12,10,10,5-fold,-1.0693034203543987,0.785509735980223,-0.502077771592005,0.523525605797627,99.01363249303866,0.99,3,-0.502077771592005,ElasticNet,Apul
FUN_018530_87777,39,14,12,12,5-fold,-0.798809685807935,0.5416999319702159,-0.542722854831753,0.6042060315158915,3742.798960129178,0.1,0,-0.542722854831753,ElasticNet,Apul
FUN_003886_16472,39,3,3,3,5-fold,-6.123010408446365,11.193064574243396,-5.558677189319234,10.957347701503863,3425.2810406743383,0.1,0,-5.558677189319234,ElasticNet,Apul
FUN_015985_76239,39,151,118,100,5-fold,-4.944958807136083,8.148097947357979,-2.726761603442875,4.710029296358614,275.29967464327933,0.99,5,-2.726761603442875,ElasticNet,Apul
FUN_001310_6748,39,8,8,8,5-fold,-0.8534531504592191,1.0749262487981193,-0.5642613581639422,0.8932376571509846,61.803295541084516,0.99,5,-0.5642613581639422,ElasticNet,Apul
FUN_038790_183072,39,28,25,25,5-fold,-2.0574943773231937,3.681998995906994,-2.207248132004163,3.5270419448154207,325.10771342669943,0.99,2,-2.0574943773231937,RF,Apul
FUN_016158_77466,39,57,57,57,5-fold,-131.15934069571423,262.0832305032123,-68.94746127223912,137.75696419472862,1139.6953582786443,0.1,0,-68.94746127223912,ElasticNet,Apul
FUN_012561_60695,39,7,4,4,5-fold,-3.8047280910168895,5.3826227636219,-2.3726896206644956,3.952560714879249,108.65090228998659,0.99,1,-2.3726896206644956,ElasticNet,Apul
FUN_014812_70342,39,19,13,13,5-fold,-1.2220765172485835,1.756458049181359,-0.9974500250680501,1.6911442555679472,12.677786709714205,0.99,12,-0.9974500250680501,ElasticNet,Apul
FUN_035742_165188,39,2,2,2,5-fold,-0.4710805520561392,0.6073584945353371,-0.20797883889419522,0.2423735675014312,1663.7244229987746,0.1,0,-0.20797883889419522,ElasticNet,Apul
FUN_040206_188967,39,5,5,5,5-fold,-0.858997382233494,1.1255371937954328,-0.6878248918376669,0.6803056347425834,4.255296639132647,0.5,5,-0.6878248918376669,ElasticNet,Apul
FUN_006251_29711,39,8,8,8,5-fold,-2.0407124297876096,3.492001327084595,-1.4629495732103863,2.598023622018295,1405.3052353458434,0.1,0,-1.4629495732103863,ElasticNet,Apul
FUN_014884_70891,39,10,7,7,5-fold,-0.43721765311555194,0.517556750509714,-0.7176165461643614,1.3258921512977884,1254.4724857972037,0.1,0,-0.43721765311555194,RF,Apul
FUN_007989_37998,39,3,3,3,5-fold,-1.2461770168503778,1.4683529867269594,-0.6379470776747175,1.00780497278397,1.595236261572548,0.5,3,-0.6379470776747175,ElasticNet,Apul
FUN_016083_76907,39,6,6,6,5-fold,-0.8369732086953359,1.4136652994292729,-0.9003125011289557,1.3099727486990311,11.729350180523982,0.9,6,-0.8369732086953359,RF,Apul
FUN_000518_2561,39,4,4,4,5-fold,-1.4031050816301192,2.11169149026781,-1.9455655076278027,3.265121336659625,2.9388253379012563,0.1,4,-1.4031050816301192,RF,Apul
FUN_040328_189666,39,11,6,6,5-fold,-0.48067478536228336,0.42251906789219,-1.5786009769144367,2.603456978549964,346.4799402882001,0.95,0,-0.48067478536228336,RF,Apul
FUN_022325_97317,39,15,12,12,5-fold,-0.47928726991062104,0.34840830382387805,-0.23104880723919038,0.15792934799511116,2199.632523332751,0.1,0,-0.23104880723919038,ElasticNet,Apul
FUN_009862_48299,39,2,2,2,5-fold,-2.234243646297904,4.017593905147197,-1.3195964468084094,2.495934296149392,1458.9688104166396,0.1,0,-1.3195964468084094,ElasticNet,Apul
FUN_015263_73638,39,2,2,2,5-fold,-0.35876067870526807,0.9097541653511707,-0.5266989919635912,1.0123125760120772,0.5834865235369635,0.9,2,-0.35876067870526807,RF,Apul
FUN_004895_23466,39,11,11,11,5-fold,-0.9531353054429719,0.957892896035584,-0.5626981551021503,0.7205015419501645,2125.8946651493775,0.1,0,-0.5626981551021503,ElasticNet,Apul
FUN_023596_106248,39,6,5,5,5-fold,-1.5144373680594083,2.7683768670155473,-1.3627890978277695,3.0571073747689295,14.486295975972086,0.99,5,-1.3627890978277695,ElasticNet,Apul
FUN_006163_29242,39,8,8,8,5-fold,-16.449988561748434,32.272389782599575,-11.09952953633483,21.925000291265132,22.745914198121834,0.9,6,-11.09952953633483,ElasticNet,Apul
FUN_037567_174426,39,5,5,5,5-fold,-0.6391620340009219,0.8879893349616488,-0.5764599440206524,0.826974045201796,1389.446458481995,0.1,0,-0.5764599440206524,ElasticNet,Apul
FUN_004584_21387,39,10,10,10,5-fold,-1.0928134771249844,1.6117038619791257,-0.6407870525353385,0.6437067142617003,3.921158478317811,0.5,10,-0.6407870525353385,ElasticNet,Apul
FUN_006163_29243,39,8,8,8,5-fold,-10.343447248927113,20.646903027780844,-48.382252316307294,96.54947632836056,4195.994350797702,0.1,0,-10.343447248927113,RF,Apul
FUN_041276_192891,39,13,10,10,5-fold,-1.8174380695006094,1.9845933950298866,-1.0829476136325114,1.4257017799716138,1724.0384751993247,0.1,0,-1.0829476136325114,ElasticNet,Apul
FUN_037086_171704,39,9,8,8,5-fold,-0.7173663508543782,0.5968808662465132,-0.8036641287249736,0.78367458776219,11.465970343792549,0.7,8,-0.7173663508543782,RF,Apul
FUN_016463_79690,39,19,16,16,5-fold,-0.9756244363447875,1.0205924152339754,-0.3565650185374294,0.3079448850903708,4811.186399254976,0.1,0,-0.3565650185374294,ElasticNet,Apul
FUN_001212_6115,39,12,10,10,5-fold,-0.10830446028708637,0.3708755562557912,-0.3044566332467729,0.3735080643572563,1.0061637596815067,0.5,10,-0.10830446028708637,RF,Apul
FUN_024118_108764,39,30,26,26,5-fold,-0.8382937995753064,1.0890159672786823,-0.21177994206954098,0.3594650261953364,2895.2992063136107,0.1,0,-0.21177994206954098,ElasticNet,Apul
FUN_034034_155544,39,4,3,3,5-fold,-22.645975619277362,44.220358421280665,-17.61459178550276,34.77684512071048,1106.5413340918287,0.1,0,-17.61459178550276,ElasticNet,Apul
FUN_043242_204033,39,12,8,8,5-fold,-1.4350877305508845,1.5526327132966216,-0.5374301787157669,0.6370821934284454,0.8587456928825715,0.5,8,-0.5374301787157669,ElasticNet,Apul
FUN_043642_207413,39,8,8,8,5-fold,-3.371550891129073,6.348043384792532,-3.1127764456424076,6.095034606374611,0.8026978813670967,0.9,8,-3.1127764456424076,ElasticNet,Apul
FUN_042019_198078,39,2,2,2,5-fold,-0.4403111907658369,0.619125346603414,-0.22151043460683986,0.11228789358924361,11.24917544248184,0.1,2,-0.22151043460683986,ElasticNet,Apul
FUN_014765_69966,39,68,60,60,5-fold,-1.4183836469364308,2.4507931052927745,-0.9670063593229232,1.274817988861936,412.2461583784009,0.99,7,-0.9670063593229232,ElasticNet,Apul
FUN_001118_5406,39,17,15,15,5-fold,-0.16239165154401208,0.14731020580393714,-0.11979756648727587,0.09319933858071189,17.210284154758384,0.99,10,-0.11979756648727587,ElasticNet,Apul
FUN_010940_52171,39,2,2,2,5-fold,-8.136079362213835,16.140485627479407,-9.324880571907268,18.718601831041042,20.211759519139573,0.99,1,-8.136079362213835,RF,Apul
FUN_012287_58946,39,8,7,7,5-fold,-29.72262472379785,58.9043138269603,-20.80908270850287,41.39654702647299,1409.5484110554094,0.1,0,-20.80908270850287,ElasticNet,Apul
FUN_022216_96607,39,20,16,16,5-fold,-4.164357674163838,6.804174490143254,-2.124025310723129,3.7885011876502412,2096.9516987798256,0.1,0,-2.124025310723129,ElasticNet,Apul
FUN_031841_144285,39,3,3,3,5-fold,-0.9765953850356993,0.8046501243746685,-1.3645851387842165,1.9706106102158845,3.10300556245123,0.1,3,-0.9765953850356993,RF,Apul
FUN_022374_97714,39,8,8,8,5-fold,-11.80643261977816,23.39005771919696,-11.367110228858802,22.703636507449968,1.6459051394735198,0.5,8,-11.367110228858802,ElasticNet,Apul
FUN_025747_117161,39,49,24,24,5-fold,-0.9824898303315314,1.7201136152070042,-1.0597174763310016,1.7994010553796864,19.066225300417987,0.95,22,-0.9824898303315314,RF,Apul
FUN_039889_186965,39,9,7,7,5-fold,-0.2414432521040871,0.3029023395749822,-1.2168120935093973,1.6972202800701597,0.40221656907444225,0.9,7,-0.2414432521040871,RF,Apul
FUN_008021_38279,39,9,8,8,5-fold,-3.6362279111089535,4.428010284779451,-7.460462817982268,12.837417523343827,44.29313426079912,0.99,3,-3.6362279111089535,RF,Apul
FUN_014786_70128,39,14,10,10,5-fold,-10.713815504348897,20.223078281819483,-7.421775705968993,14.476288862629323,1092.354408115751,0.1,0,-7.421775705968993,ElasticNet,Apul
FUN_040710_191280,39,12,9,9,5-fold,-0.7852229824732573,1.5129815547972607,-0.3270740656032135,0.42549206892843494,1993.420438779693,0.1,4,-0.3270740656032135,ElasticNet,Apul
FUN_008908_43939,39,11,11,11,5-fold,-0.6826439781784923,0.36477995588376005,-0.35989288995446994,0.26959987877121366,305.00671990164193,0.99,1,-0.35989288995446994,ElasticNet,Apul
FUN_004156_18139,39,2,2,2,5-fold,-0.38124361312091726,0.644464922388137,-0.14472164534875082,0.18561451279992,43.240133035900676,0.95,1,-0.14472164534875082,ElasticNet,Apul
FUN_031072_140559,39,14,12,12,5-fold,0.056342612571748774,0.1857130609431567,-0.1064113307695755,0.04207829937891413,6.0096316110173476,0.1,12,0.056342612571748774,RF,Apul
FUN_041744_195869,39,311,225,100,5-fold,-0.46130575395886053,1.077157281025377,-0.5337629917378559,0.9504733583093604,4.659404945686374,0.1,100,-0.46130575395886053,RF,Apul
FUN_001221_6189,39,14,9,9,5-fold,-0.8228055187291101,1.281692826039376,-0.34485232572865665,0.4630637258116604,161.4516421510143,0.99,4,-0.34485232572865665,ElasticNet,Apul
FUN_025984_118768,39,10,9,9,5-fold,-0.41261887375887446,0.5464502750786748,-6.69812196518035,13.190892181921765,3342.93537481183,0.1,0,-0.41261887375887446,RF,Apul
FUN_035849_165965,39,10,10,10,5-fold,-0.4101140523443144,0.7407379182734952,-0.4053748761640758,0.630817951028841,2.83809004957597,0.5,10,-0.4053748761640758,ElasticNet,Apul
FUN_011841_55575,39,23,13,13,5-fold,-0.14569017919368796,0.3581792036123752,0.15231246510582191,0.45856656193916084,16.174210254950733,0.99,10,0.15231246510582191,ElasticNet,Apul
FUN_005343_26053,39,3,3,3,5-fold,-0.6264786897306278,0.7531158256495126,-0.28972697173366824,0.33439849726593107,18.316215749408133,0.1,3,-0.28972697173366824,ElasticNet,Apul
FUN_035733_165097,39,12,10,10,5-fold,-0.824024738572113,1.0493290498474748,-0.5381509514816891,0.6100983794670009,3.3434021724921767,0.5,10,-0.5381509514816891,ElasticNet,Apul
FUN_023950_107664,39,79,71,71,5-fold,-3.080560759975951,5.672637302574762,-2.1725217135332913,3.690879173301482,2.597530370829822,0.5,71,-2.1725217135332913,ElasticNet,Apul
FUN_042624_200085,39,550,546,100,5-fold,-3.4474823380294537,6.678015017606332,-1.2238177092645617,2.8695096723797326,1.1471458359223572,0.5,100,-1.2238177092645617,ElasticNet,Apul
FUN_004760_22544,39,7,6,6,5-fold,-0.14614058172119057,0.8497252224023395,-0.15822892946844086,0.2635543914557833,5.423312779778398,0.1,6,-0.14614058172119057,RF,Apul
FUN_012767_61787,39,9,5,5,5-fold,-5.001902337833754,9.490562539679631,-3.390146497393546,6.383125626771069,2.2557090179833685,0.95,5,-3.390146497393546,ElasticNet,Apul
FUN_014798_70224,39,4,4,4,5-fold,-1.0710877624904525,2.0633532875783853,-0.5677974334414418,0.9419737775747872,1724.0562852350417,0.1,0,-0.5677974334414418,ElasticNet,Apul
FUN_020852_93179,39,9,9,9,5-fold,-0.7824054493450909,0.47534606124539175,-0.5129350903201251,0.44660680767476857,948.1824749798659,0.1,0,-0.5129350903201251,ElasticNet,Apul
FUN_041722_195619,39,12,12,12,5-fold,-3.522757496735116,4.866567683002472,-2.332835461608977,4.138107804376342,1207.0920396051554,0.1,0,-2.332835461608977,ElasticNet,Apul
FUN_012531_60454,39,4,4,4,5-fold,-1.1949246108401215,1.8171436264219298,-1.6705372056151113,3.1022609058635973,3251.8032990193256,0.1,0,-1.1949246108401215,RF,Apul
FUN_016069_76827,39,12,8,8,5-fold,-1.116304931497416,1.4364949635119222,-0.7164469657319815,1.211557699387511,1954.9929824398926,0.1,0,-0.7164469657319815,ElasticNet,Apul
FUN_026553_122506,39,11,8,8,5-fold,-0.4353980818856303,0.5494834640952477,-0.5657397227908645,0.5563364938468018,2399.312239932175,0.1,0,-0.4353980818856303,RF,Apul
FUN_026021_119250,39,4,4,4,5-fold,-0.8573731538900378,2.1724461957220202,-1.6745637831634963,3.0873176632651917,3.7523668671137,0.1,4,-0.8573731538900378,RF,Apul
FUN_000580_2971,39,46,46,46,5-fold,-0.6384922071234944,0.702367720896057,-0.4642734459891652,0.582901132312969,7.979882367381192,0.1,46,-0.4642734459891652,ElasticNet,Apul
FUN_000518_2565,39,10,10,10,5-fold,-1.235380524175752,1.8107418685187366,-1.51929612262141,2.7469980651225883,1417.6213981381954,0.1,0,-1.235380524175752,RF,Apul
FUN_032221_146883,39,2,2,2,5-fold,-0.208289242595299,0.17184306895380258,-0.12254936508107621,0.17465348139206804,48.060879785874,0.99,1,-0.12254936508107621,ElasticNet,Apul
FUN_015263_73641,39,24,18,18,5-fold,-2.689303604334258,4.868533263717333,-1.694043426845805,2.1155925958756336,1.0292507616868845,0.7,18,-1.694043426845805,ElasticNet,Apul
FUN_004946_23860,39,4,4,4,5-fold,-0.05410678709793611,0.20515071593846998,-0.0379894450878717,0.152142010731706,13.634571010013717,0.9,4,-0.0379894450878717,ElasticNet,Apul
FUN_014530_68326,39,10,9,9,5-fold,-0.39287242102020653,0.4365295747490424,-0.7429911528708011,0.7040674954483465,25.110905488351147,0.1,9,-0.39287242102020653,RF,Apul
FUN_015312_73895,39,18,15,15,5-fold,-0.5121269116107572,0.5322756646484672,-0.2674358633071918,0.18604345975943026,2336.618814183878,0.1,0,-0.2674358633071918,ElasticNet,Apul
FUN_023353_104734,39,31,19,19,5-fold,-1.2301651822338997,1.8373462733354304,-0.6311337238665725,0.5694087548087733,4418.432328819299,0.1,1,-0.6311337238665725,ElasticNet,Apul
FUN_019489_91073,39,23,23,23,5-fold,-0.17176483523765682,0.37843000066106813,-0.45886950998498177,0.2158426648882119,5987.390756696273,0.1,1,-0.17176483523765682,RF,Apul
FUN_004156_18141,39,2,2,2,5-fold,-1.1746358319909902,2.124794583149594,-0.7332226725682021,1.3122540442982271,3.0608234473716305,0.5,2,-0.7332226725682021,ElasticNet,Apul
FUN_025925_118420,39,8,8,8,5-fold,-0.5542782728393394,0.6098938865884916,-0.13083706133939196,0.12756527925701583,1427.272226988284,0.1,0,-0.13083706133939196,ElasticNet,Apul
FUN_001648_9118,39,3,3,3,5-fold,-0.8148768321077979,0.5484324613132481,-0.6271114235908085,0.3852431686296331,1506.3084986091635,0.1,0,-0.6271114235908085,ElasticNet,Apul
FUN_039981_187546,39,14,11,11,5-fold,-0.12502243977537214,0.19699101028995442,-0.1338398415424554,0.23516793594282315,3.245004118769627,0.5,11,-0.12502243977537214,RF,Apul
FUN_035864_166063,39,8,8,8,5-fold,-24.728672253669522,47.6623209532506,-17.003516458956923,33.60455689460429,2.0086010162536643,0.5,8,-17.003516458956923,ElasticNet,Apul
FUN_000400_1851,39,33,27,27,5-fold,-0.9184335868372985,2.3330144910548163,-2.20139182877831,3.9639784553722506,24.185195575918648,0.1,27,-0.9184335868372985,RF,Apul
FUN_041898_197126,39,17,17,17,5-fold,-2.770284423738142,4.2102728680877535,-2.2776121313906437,4.19401046631056,2575.1745416634535,0.1,0,-2.2776121313906437,ElasticNet,Apul
FUN_001118_5403,39,6,6,6,5-fold,-0.38565748659142923,0.29305539847712486,-0.14532951712748599,0.17469748069813237,2918.274525630126,0.1,0,-0.14532951712748599,ElasticNet,Apul
FUN_000396_1824,39,5,3,3,5-fold,-0.8521868908652506,0.9478116888260822,-0.756896182425596,0.9258207414862206,21.034230647058244,0.99,3,-0.756896182425596,ElasticNet,Apul
FUN_035864_166065,39,14,13,13,5-fold,-39.04227772981189,76.66386468019687,-38.20014932143512,76.06721645042686,1739.8377626347794,0.1,0,-38.20014932143512,ElasticNet,Apul
FUN_037944_176834,39,10,8,8,5-fold,-0.7003457414442813,0.8518182746061403,-0.47642555453725455,0.604401232588174,1711.3048274325124,0.1,0,-0.47642555453725455,ElasticNet,Apul
FUN_042813_200927,39,11,11,11,5-fold,-13.488380411031375,26.026409244119662,-31.650115174382098,63.045163506674065,3164.188483056909,0.1,0,-13.488380411031375,RF,Apul
FUN_006704_31948,39,34,24,24,5-fold,-0.7468073682525543,1.0734921366567591,-0.9818033473784133,0.8673043292813369,2.053657535439946,0.5,24,-0.7468073682525543,RF,Apul
FUN_010735_50913,39,29,29,29,5-fold,-0.653640777167536,0.6042206747841715,-0.4344797924343012,0.3898924107996533,23.344179165126018,0.99,24,-0.4344797924343012,ElasticNet,Apul
FUN_026112_119981,39,24,24,24,5-fold,-3.2694589481959135,5.278426998212061,-3.759859439871439,6.65556487987241,306.78857865360254,0.99,1,-3.2694589481959135,RF,Apul
FUN_001497_8046,39,16,12,12,5-fold,-0.21726186786176624,0.2468581052307051,-0.07814075916265309,0.06371531637298206,9.407799626932258,0.1,12,-0.07814075916265309,ElasticNet,Apul
FUN_036148_167695,39,16,10,10,5-fold,-0.4484336663431806,0.6562841522630328,-0.43297412113208295,0.6385402110769173,10.308605610181935,0.9,10,-0.43297412113208295,ElasticNet,Apul
FUN_016419_79356,39,34,29,29,5-fold,-0.42572761040980706,0.5914356098717015,-0.35424324966795984,0.47410037352398227,10.684787253023366,0.99,20,-0.35424324966795984,ElasticNet,Apul
FUN_008484_41310,39,2,2,2,5-fold,-4.3412099066500165,8.26543906253105,-4.448704161828109,8.681345626307237,18.08729806404275,0.1,2,-4.3412099066500165,RF,Apul
FUN_023073_102707,39,7,7,7,5-fold,-11.28406295506438,21.41591184034814,-6.794865966681966,12.704728072079687,49.62437965154559,0.1,7,-6.794865966681966,ElasticNet,Apul
FUN_031724_143722,39,2,2,2,5-fold,-39.691556291758154,78.54151172242233,-37.07416504480595,73.80212783859352,95.97918362130831,0.99,1,-37.07416504480595,ElasticNet,Apul
FUN_013366_63988,39,4,4,4,5-fold,-0.35921775545082835,0.22677726114935245,-0.3355871594215172,0.2507943017381567,1789.8719645878405,0.1,0,-0.3355871594215172,ElasticNet,Apul
FUN_043286_204452,39,24,24,24,5-fold,-1.1526502513084396,1.4187506151666747,-1.0242854342412848,1.6540136940677872,34.96404481816922,0.95,18,-1.0242854342412848,ElasticNet,Apul
FUN_022518_98832,39,12,11,11,5-fold,-4.637840228927045,8.287902987239644,-5.493444070628817,10.549240708554764,9.62905416751395,0.1,11,-4.637840228927045,RF,Apul
FUN_043118_203043,39,2,2,2,5-fold,-0.842088755484529,0.5483891009869247,-0.4887283728692763,0.5638038533029995,0.40185808999529155,0.7,2,-0.4887283728692763,ElasticNet,Apul
FUN_013385_64097,39,26,24,24,5-fold,-0.30443392345574166,0.3909074737997823,-0.3668624809921338,0.332783371523213,23.342105151599224,0.95,18,-0.30443392345574166,RF,Apul
FUN_032323_147584,39,16,13,13,5-fold,-30.673830390587323,60.78810069328657,-12.935633083596283,24.754181919409458,119.64674664315143,0.99,3,-12.935633083596283,ElasticNet,Apul
FUN_038057_177851,39,16,14,14,5-fold,-0.30850158555124024,0.1774826537299724,-0.2991258475410399,0.2521261787568149,19.565601431992707,0.1,14,-0.2991258475410399,ElasticNet,Apul
FUN_034023_155500,39,4,4,4,5-fold,-0.7777923389598029,0.7614915519277944,-0.7546129444854398,0.6390643611092227,128.67262743641433,0.99,2,-0.7546129444854398,ElasticNet,Apul
FUN_023700_106820,39,6,6,6,5-fold,-12.284711901359788,23.41561602435485,-7.216473961352425,14.17378066424371,103.82754860164185,0.99,1,-7.216473961352425,ElasticNet,Apul
FUN_012670_61305,39,6,6,6,5-fold,-1.1280461424834458,1.4821250929522154,-0.38562740200411844,0.3473449970053372,1441.9189354848577,0.1,0,-0.38562740200411844,ElasticNet,Apul
FUN_031841_144273,39,4,4,4,5-fold,-0.010247351247922953,0.29416841864943455,0.03534015635198336,0.37826099576171696,7.812235707375156,0.99,3,0.03534015635198336,ElasticNet,Apul
FUN_031909_144775,39,36,32,32,5-fold,-5.028371162024889,9.711382632767767,-3.712237694692625,7.060474208293947,63.523479687679576,0.1,31,-3.712237694692625,ElasticNet,Apul
FUN_012676_61329,39,4,4,4,5-fold,-21.118558409118616,41.05040362717924,-13.70787283362244,26.807256640055122,1.399948455178288,0.5,4,-13.70787283362244,ElasticNet,Apul
FUN_015311_73893,39,16,15,15,5-fold,-0.12267954119329916,0.19246943575444214,-0.1017069336514274,0.17453269203501204,2603.8961815273265,0.1,0,-0.1017069336514274,ElasticNet,Apul
FUN_005080_24479,39,3,3,3,5-fold,-10.115642586175387,14.873097356384909,-5.173593788611887,6.357751116680467,1493.692889858097,0.1,0,-5.173593788611887,ElasticNet,Apul
FUN_010719_50834,39,4,4,4,5-fold,-0.11340305361637597,0.2177896971030943,-0.30032987008123196,0.34422110805509915,1533.7922298437973,0.1,0,-0.11340305361637597,RF,Apul
FUN_031724_143723,39,7,7,7,5-fold,-100.00410608205017,199.9603114304101,-64.33522861223985,128.36521945151654,5.589498036407077,0.99,6,-64.33522861223985,ElasticNet,Apul
FUN_031199_140921,39,8,7,7,5-fold,-0.07657978588200462,0.25237453519963843,-0.07880969279751089,0.24517077815414545,17.68359459179832,0.99,4,-0.07657978588200462,RF,Apul
FUN_036881_170482,39,10,7,7,5-fold,-14.007776515287043,27.83484029557001,-9.609785974032947,19.04382393121131,1921.8743421097208,0.1,0,-9.609785974032947,ElasticNet,Apul
FUN_041785_196183,39,11,11,11,5-fold,-1.8126624446276534,1.8108995175023097,-0.9391147446107395,0.6996667130232883,20.6054719927056,0.1,11,-0.9391147446107395,ElasticNet,Apul
FUN_023984_107984,39,7,5,5,5-fold,-2.0940637387865833,3.9135829449804396,-2.167879021655245,4.1271893436636695,2.4845075444684084,0.1,5,-2.0940637387865833,RF,Apul
FUN_031708_143598,39,4,4,4,5-fold,-1.076332641796473,1.3048867983704848,-0.6863053133002139,0.9752447700041542,61.69069652988712,0.95,3,-0.6863053133002139,ElasticNet,Apul
FUN_006749_32187,39,2,2,2,5-fold,-4.857153406327917,9.550945601425848,-3.261944151350658,6.372084975936239,25.329420118283025,0.99,2,-3.261944151350658,ElasticNet,Apul
FUN_035747_165204,39,3,3,3,5-fold,-6.161342868312022,7.338843506243213,-3.6097467208386957,4.112184330552851,2.564960278889899,0.5,3,-3.6097467208386957,ElasticNet,Apul
FUN_043604_207108,39,8,8,8,5-fold,-0.4847335547407889,1.0936665943886157,-0.5481375071911749,1.0480551316503985,2.0863266103378497,0.5,8,-0.4847335547407889,RF,Apul
FUN_000518_2563,39,10,10,10,5-fold,-2.665995547853327,3.6134812554618168,-1.430869555482502,2.298597767522432,10.495855555623285,0.1,10,-1.430869555482502,ElasticNet,Apul
FUN_022375_97715,39,3,3,3,5-fold,-5.505142655771942,10.027895913232383,-2.7180047941012764,5.263768543721608,1066.4820151000085,0.1,0,-2.7180047941012764,ElasticNet,Apul
FUN_033948_155012,39,14,14,14,5-fold,-0.7648994332236979,0.6427376373586623,-0.2691348584343568,0.15918529393476585,2.108235419927661,0.5,14,-0.2691348584343568,ElasticNet,Apul
FUN_014710_69538,39,13,11,11,5-fold,-22.756923991042207,45.03203419423755,-17.147994585573564,33.9421233706592,18.425137821234006,0.99,10,-17.147994585573564,ElasticNet,Apul
FUN_038618_182286,39,3,3,3,5-fold,-1.2238162414631213,1.7296988468867855,-1.0867313348223329,1.2342387099214212,843.0488824249193,0.1,0,-1.0867313348223329,ElasticNet,Apul
FUN_035672_164786,39,2,2,2,5-fold,-0.9397876304034236,1.2981823010679452,-0.650724788664804,0.9741730472956358,4.635462763857508,0.1,2,-0.650724788664804,ElasticNet,Apul
FUN_043242_204032,39,2,2,2,5-fold,-0.6578568577790114,0.5637847898674058,-0.6404570260998776,0.5764840144229533,476.0875355661234,0.1,0,-0.6404570260998776,ElasticNet,Apul
FUN_042606_199925,39,25,21,21,5-fold,-0.15702640602173218,0.20818493338054367,-0.07484066584773438,0.08015818104465072,2132.849817872515,0.1,0,-0.07484066584773438,ElasticNet,Apul
FUN_032147_146373,39,15,15,15,5-fold,-4.0893593129136265,6.607112087088768,-4.00786688081686,7.257732166432368,4582.993079042971,0.1,0,-4.00786688081686,ElasticNet,Apul
FUN_009815_48062,39,101,101,100,5-fold,-0.7222766564435231,0.6292972256482383,-0.5015198140902573,0.36771277012641473,391.6815854136314,0.99,8,-0.5015198140902573,ElasticNet,Apul
FUN_010725_50866,39,9,9,9,5-fold,-12.30690103043238,22.740287722052905,-49.62437780247068,98.66315600773196,6.364083070017773,0.95,9,-12.30690103043238,RF,Apul
FUN_043299_204579,39,10,7,7,5-fold,-22.827172962613766,45.38170218528096,-17.574297201125326,34.94141109512005,29.430133688903037,0.99,6,-17.574297201125326,ElasticNet,Apul
FUN_031607_143006,39,12,4,4,5-fold,-5.285609240225799,9.363763137537129,-3.970541878101262,7.608747310279807,1303.9786859836104,0.1,0,-3.970541878101262,ElasticNet,Apul
FUN_025309_114408,39,3,3,3,5-fold,-0.4488794966614651,0.39950242819957393,-0.4420355102655679,0.4438227949910345,1775.1777981160733,0.1,0,-0.4420355102655679,ElasticNet,Apul
FUN_024346_109915,39,39,26,26,5-fold,-3.1782749242892434,6.1798352289654686,-0.9813650539492478,1.6315290225704449,1600.7671596547955,0.1,0,-0.9813650539492478,ElasticNet,Apul
FUN_001118_5402,39,5,5,5,5-fold,-0.2533406828634043,0.3524059939494409,-0.33303068677775416,0.6800381450922292,2.840045167333291,0.95,5,-0.2533406828634043,RF,Apul
FUN_006225_29526,39,3,3,3,5-fold,-5.124579558029971,9.722998996144204,-3.4732306336880177,6.485518773858894,840.4648177204365,0.1,0,-3.4732306336880177,ElasticNet,Apul
FUN_024090_108681,39,5,5,5,5-fold,-0.9929093463609175,1.4280437175570757,-0.9446676225268351,0.9767893661249737,3.6726819262959784,0.1,5,-0.9446676225268351,ElasticNet,Apul
FUN_016321_78379,39,2,2,2,5-fold,-42.044086862109666,82.31827226935143,-40.3675304122644,80.0183536919193,25.014806316183027,0.1,2,-40.3675304122644,ElasticNet,Apul
FUN_040059_188064,39,4,4,4,5-fold,-1.510528592068295,2.1579504548099164,-1.370280486401511,2.373811514147845,1134.1419148057237,0.1,0,-1.370280486401511,ElasticNet,Apul
FUN_029269_134835,39,4,4,4,5-fold,-0.936897562974587,1.1047242577643528,-1.0568891027463647,1.8008436787825206,83.38299581464366,0.99,2,-0.936897562974587,RF,Apul
FUN_032990_151124,39,20,16,16,5-fold,-1.1983961222706976,1.7440403242210822,-0.8576896039402095,1.523995531660199,0.8881177619815922,0.5,16,-0.8576896039402095,ElasticNet,Apul
FUN_038292_179993,39,51,42,42,5-fold,-0.6841642738601094,1.5304184998331336,-0.4667913114138992,0.721794454698243,144.46168701301988,0.99,12,-0.4667913114138992,ElasticNet,Apul
FUN_023166_103416,39,14,10,10,5-fold,-3.8654692244627307,7.091445734560596,-3.962613291409389,7.536086472932343,1139.87990446409,0.1,0,-3.8654692244627307,RF,Apul
FUN_012420_59945,39,8,4,4,5-fold,-0.5855487290003791,0.6600447418417813,-0.33569426587563705,0.32490017263136156,3.891902316434717,0.95,4,-0.33569426587563705,ElasticNet,Apul
FUN_008533_41665,39,6,4,4,5-fold,-0.9353582442956068,1.208192747753561,-2.0199857120199893,2.4220640639128233,0.46568197388168414,0.7,4,-0.9353582442956068,RF,Apul
FUN_033222_152069,39,4,3,3,5-fold,-12.06350662482396,23.172381249611387,-10.876622991983144,21.694082663299156,2.987732871779407,0.5,3,-10.876622991983144,ElasticNet,Apul
FUN_012767_61786,39,7,6,6,5-fold,-10.272671771106479,19.958194676130265,-8.005735619094525,15.788518746373883,1592.197339660211,0.1,0,-8.005735619094525,ElasticNet,Apul
FUN_001118_5404,39,7,7,7,5-fold,-0.07300873014369628,0.2198078746554194,-0.19402628462848903,0.18877105300591596,305.50760070046607,0.99,1,-0.07300873014369628,RF,Apul
FUN_031205_140944,39,10,6,6,5-fold,-1.320823369298523,2.131010033093423,-1.7686123838228525,3.2589653214435748,4415.047495271093,0.1,0,-1.320823369298523,RF,Apul
FUN_022518_98793,39,14,14,14,5-fold,-65.29319926612426,130.07525118279534,-52.13248069200529,104.23617316874909,3.463029407917746,0.5,14,-52.13248069200529,ElasticNet,Apul
FUN_036910_170630,39,209,163,100,5-fold,-5.2602196479091825,10.411185506289796,-6.3782964677228495,12.698980863428625,0.7547531720387467,0.9,92,-5.2602196479091825,RF,Apul
FUN_009267_45804,39,14,13,13,5-fold,-4.162627357655709,7.227669096218186,-6.352588909022571,12.461027434728285,1461.3740809970768,0.1,0,-4.162627357655709,RF,Apul
FUN_006627_31425,39,24,22,22,5-fold,-7.710455589765876,9.078731818878527,-5.350962662731697,5.0667722909007535,857.9121158898568,0.99,2,-5.350962662731697,ElasticNet,Apul
FUN_038418_181004,39,20,18,18,5-fold,-0.31486546124094433,0.2696013033773964,-0.2113577276812361,0.161875626945337,3.1516549444987874,0.1,18,-0.2113577276812361,ElasticNet,Apul
FUN_006749_32186,39,2,2,2,5-fold,-3.414958359420207,6.296793156253748,-2.9509182972118277,5.736387303480383,1065.2656664970414,0.1,0,-2.9509182972118277,ElasticNet,Apul
FUN_008908_43936,39,19,19,19,5-fold,-0.9594315833478385,0.41221975376628145,-0.7914229593822972,0.5426514726527635,3618.3917958399566,0.1,0,-0.7914229593822972,ElasticNet,Apul
FUN_041774_196058,39,14,12,12,5-fold,-0.24802676635516527,0.13505286147474382,-0.22135598389860553,0.19476909933266123,2357.0697624784816,0.1,0,-0.22135598389860553,ElasticNet,Apul
FUN_016484_79951,39,7,5,5,5-fold,-1.2826088695272921,1.7535083095357376,-1.2458878706252758,1.6307948776313483,1629.8511182833545,0.1,0,-1.2458878706252758,ElasticNet,Apul
FUN_042991_202305,39,27,23,23,5-fold,-0.5311929883122725,0.4366572522657665,-0.3150802543860045,0.18922175901062768,17.581793523396975,0.1,22,-0.3150802543860045,ElasticNet,Apul
FUN_004783_22691,39,13,4,4,5-fold,-0.7139204906636554,0.961247564099662,-0.32306251053585056,0.3087768524532581,1404.0054134794573,0.1,0,-0.32306251053585056,ElasticNet,Apul
FUN_040550_190613,39,12,11,11,5-fold,-46.94550243584316,93.04779585621988,-39.64711517799011,79.08198730715178,1918.1696703633654,0.1,0,-39.64711517799011,ElasticNet,Apul
FUN_039778_186145,39,11,8,8,5-fold,-0.09924173738592065,0.44056124768660576,0.13131869799257345,0.1920225409239933,13.705850671491262,0.99,7,0.13131869799257345,ElasticNet,Apul
FUN_017889_84424,39,21,20,20,5-fold,-4.043697066153714,7.21922630681307,-6.624091640152022,12.576932577422703,160.14816062288415,0.7,8,-4.043697066153714,RF,Apul
FUN_041426_193381,39,12,10,10,5-fold,-0.8730719670794317,0.6788868827772431,-0.7498825930787005,0.7328006497350237,2.1834003824273966,0.5,10,-0.7498825930787005,ElasticNet,Apul
FUN_024343_109861,39,4,4,4,5-fold,-1.2447538729096221,1.239418088512338,-0.8446141844797046,0.5772933289470303,181.35012758032929,0.99,1,-0.8446141844797046,ElasticNet,Apul
FUN_025980_118694,39,44,32,32,5-fold,-0.6380511251500853,0.474842872567736,-0.2654877883511743,0.27985457200123776,5.007232425407831,0.1,32,-0.2654877883511743,ElasticNet,Apul
FUN_004307_19323,39,13,4,4,5-fold,-0.4906491495017201,0.3217218652562769,-0.29214858395246945,0.18165060477107733,5075.775889371089,0.1,0,-0.29214858395246945,ElasticNet,Apul
FUN_034422_158067,39,2,2,2,5-fold,-5.219487402853391,10.342765549805126,-7.192125030187441,14.203932312072693,95.04959209630282,0.99,1,-5.219487402853391,RF,Apul
FUN_026672_123035,39,13,13,13,5-fold,-0.3959753445906168,0.1442939792143318,-0.279356241463021,0.1433085359231758,183.99150172587818,0.99,3,-0.279356241463021,ElasticNet,Apul
FUN_034715_158904,39,3,3,3,5-fold,-0.5556416809870791,0.9877807534177148,-0.7627750649785542,1.22887657973034,81.31391884864217,0.99,2,-0.5556416809870791,RF,Apul
FUN_037473_173836,39,23,20,20,5-fold,-0.7360919612238662,0.44349510417003274,-0.5468713883732417,0.27038836570157965,3656.1065284867173,0.1,1,-0.5468713883732417,ElasticNet,Apul
FUN_011416_53919,39,5,5,5,5-fold,-0.1100894314072638,0.22476356288318558,-0.14467563166784572,0.18400824414531552,49.39578441943295,0.99,2,-0.1100894314072638,RF,Apul
FUN_028029_127978,39,8,8,8,5-fold,-0.26722889154626095,0.33544875582148975,-0.06900046626672748,0.07627483832609187,30.23865708928882,0.95,6,-0.06900046626672748,ElasticNet,Apul
FUN_004245_18808,39,40,39,39,5-fold,-2.0985959967781627,3.060838315361614,-3.3166040206894976,4.037215682584883,3280.760942815554,0.1,0,-2.0985959967781627,RF,Apul
FUN_031646_143190,39,7,7,7,5-fold,-0.07430879216290284,0.6179057177737808,-0.1803732644748321,0.23200500729547344,69.47766260653341,0.99,5,-0.07430879216290284,RF,Apul
FUN_036899_170589,39,7,2,2,5-fold,-0.9020778994558171,0.8229221757584398,-0.9933073187106176,0.8763905971228575,3555.847865017681,0.1,0,-0.9020778994558171,RF,Apul
FUN_031708_143599,39,2,2,2,5-fold,-0.40235166684187595,0.42652775558959877,-0.43421773955162013,0.6327559477792539,0.6570409767015404,0.5,2,-0.40235166684187595,RF,Apul
FUN_015014_71975,39,6,5,5,5-fold,-29.298879059704525,57.25060075960176,-14.233666774290933,27.81771182261408,339.52781100493235,0.1,0,-14.233666774290933,ElasticNet,Apul
FUN_013615_65161,39,8,7,7,5-fold,-11.714016235633903,22.819237030083823,-13.20234122990783,26.044744814754207,4039.2673355878865,0.1,1,-11.714016235633903,RF,Apul
FUN_022066_95825,39,7,5,5,5-fold,-0.8562349489902565,1.0917377201644256,-0.6484548083329015,0.5199649935272633,17.6295389223967,0.5,5,-0.6484548083329015,ElasticNet,Apul
FUN_026007_118841,39,14,9,9,5-fold,-0.45829747691741807,0.2601349242988028,-0.2103417008138344,0.20261077149642304,22.53918097721429,0.7,8,-0.2103417008138344,ElasticNet,Apul
FUN_011964_56580,39,44,28,28,5-fold,-0.8188167598498224,0.5727694435810143,-0.4206190381002308,0.2313762951366016,3867.771317791268,0.1,0,-0.4206190381002308,ElasticNet,Apul
FUN_026032_119431,39,20,20,20,5-fold,-10.882001743930687,20.666102427152268,-9.078240876819555,17.895605697829314,2272.6165991179264,0.1,0,-9.078240876819555,ElasticNet,Apul
FUN_043242_204031,39,14,14,14,5-fold,-1.597895687009371,1.795561842296416,-0.8581673235461897,0.8738917223960905,321.8341745128582,0.99,2,-0.8581673235461897,ElasticNet,Apul
FUN_026539_122432,39,3,3,3,5-fold,-0.39134888988784233,0.4766098749001772,-0.17963319139966044,0.14102602677750448,1744.7750263414025,0.1,0,-0.17963319139966044,ElasticNet,Apul
FUN_037332_173030,39,6,3,3,5-fold,-2.0843788900383404,3.6996814658382897,-1.9434069978201685,3.238695425353073,2194.9339759689524,0.1,0,-1.9434069978201685,ElasticNet,Apul
FUN_040328_189665,39,11,10,10,5-fold,-0.283690637252373,0.27935745456088473,-0.2708442841432005,0.14556253120545937,208.9492850861103,0.99,4,-0.2708442841432005,ElasticNet,Apul
FUN_026351_121447,39,19,17,17,5-fold,-2.2176387944908966,2.4170216047273954,-1.0182224637064532,1.0382191890418193,335.67358877516074,0.99,1,-1.0182224637064532,ElasticNet,Apul
FUN_026539_122433,39,3,3,3,5-fold,-0.23015560967712395,0.3011327845304663,-0.15468353869721052,0.13575295386928485,132.17765457038485,0.95,1,-0.15468353869721052,ElasticNet,Apul
FUN_025368_114955,39,9,3,3,5-fold,-1.285373532438699,2.096196986870608,-1.323125443893384,1.3685860259407434,1.0085697003441645,0.7,3,-1.285373532438699,RF,Apul
FUN_000908_3923,39,2,2,2,5-fold,-0.7134535393102308,1.061550581547073,-0.2778582574158682,0.3903085809886277,33.320028712782964,0.99,2,-0.2778582574158682,ElasticNet,Apul
FUN_024108_108709,39,7,5,5,5-fold,-2.3198353107397027,4.406755826704843,-3.2875118119732605,6.3480394751069955,1623.7349740357668,0.1,0,-2.3198353107397027,RF,Apul
FUN_014646_69116,39,4,4,4,5-fold,-0.4219873018457532,1.4446875519891975,-1.5775203202057713,3.0699200094270207,53.46530064750106,0.95,4,-0.4219873018457532,RF,Apul
FUN_007951_37785,39,19,15,15,5-fold,-0.014580600606285233,0.2886748374791606,-0.14678602862289875,0.06313701449603666,3339.761450913306,0.1,0,-0.014580600606285233,RF,Apul
FUN_014798_70221,39,11,11,11,5-fold,-1.0368234689735385,0.9502051627571416,-0.7337344746113919,0.9141890405915595,8.317706040833633,0.99,10,-0.7337344746113919,ElasticNet,Apul
FUN_001882_10284,39,3,3,3,5-fold,-0.9781837607614279,0.7423798402320443,-0.5902400055407125,0.39711607746539895,1408.4477347415987,0.1,0,-0.5902400055407125,ElasticNet,Apul
FUN_009023_44904,39,29,17,17,5-fold,-0.34914917715635047,0.5616893376600911,-0.4997501759156894,0.7261651694189776,256.75624895205647,0.9,5,-0.34914917715635047,RF,Apul
FUN_024453_110724,39,8,7,7,5-fold,-0.15282655884355528,0.20028015434410015,-25.35674552772827,50.087231257454434,28.147999998017674,0.99,4,-0.15282655884355528,RF,Apul
FUN_014983_71739,39,3,3,3,5-fold,-0.10513646886865635,0.17672135141280984,-0.049702214121898035,0.12502600668506839,0.9169758961035489,0.5,3,-0.049702214121898035,ElasticNet,Apul
FUN_001302_6715,39,10,9,9,5-fold,-0.3196034303901506,0.27339896335103286,-0.8981997395931363,1.6552967247801194,1688.3099953855933,0.1,0,-0.3196034303901506,RF,Apul
FUN_039969_187379,39,36,31,31,5-fold,-1.2184776977661809,1.0112493743910338,-0.642880487342907,0.5624104361897794,5697.344223502704,0.1,0,-0.642880487342907,ElasticNet,Apul
FUN_041175_192632,39,20,16,16,5-fold,-0.4358285388955152,0.36751232896029695,-0.3023993252208709,0.28109857717007297,366.88450923569775,0.99,1,-0.3023993252208709,ElasticNet,Apul
FUN_014615_68908,39,17,16,16,5-fold,-0.6089790044378395,0.8643076066756431,-0.579281681232119,0.8469078838863087,52.707026191110394,0.99,7,-0.579281681232119,ElasticNet,Apul
FUN_016488_79983,39,2,2,2,5-fold,-0.7216256557404523,0.8467134690616376,-0.3630939058345125,0.5490432352852953,0.5629916227991382,0.7,2,-0.3630939058345125,ElasticNet,Apul
FUN_016049_76711,39,5,4,4,5-fold,-4.105457364335265,7.950454736503823,-8.965421454731313,17.776662566949934,4.208171962015111,0.99,4,-4.105457364335265,RF,Apul
FUN_008055_38420,39,3,2,2,5-fold,-0.18389675395853539,0.13874796017463756,-0.09784106489912633,0.15556277483186112,4.550498146812373,0.1,2,-0.09784106489912633,ElasticNet,Apul
FUN_043616_207255,39,75,67,67,5-fold,-0.7531937981820941,0.6775420895698889,-0.15650785387600732,0.14450829715607336,3508.6479301502345,0.1,1,-0.15650785387600732,ElasticNet,Apul
FUN_034264_157010,39,15,12,12,5-fold,-4.58944598830814,8.720690250793908,-2.003500905070216,3.877982805083327,10.409626578408634,0.99,6,-2.003500905070216,ElasticNet,Apul
FUN_001648_9119,39,4,4,4,5-fold,-0.6648427204104519,0.47210118124325146,-0.498194815697164,0.3910721184034984,24.49926166641363,0.99,3,-0.498194815697164,ElasticNet,Apul
FUN_005958_28275,39,3,3,3,5-fold,-0.3385203967566567,0.26045143726856446,-0.1563968548259737,0.1281985932694528,3975.831750551561,0.1,0,-0.1563968548259737,ElasticNet,Apul
FUN_008908_43938,39,21,21,21,5-fold,-0.5133377433169004,0.2306922599393832,-0.4232694042482792,0.19448651207624923,54.58639463684225,0.9,16,-0.4232694042482792,ElasticNet,Apul
FUN_033954_155037,39,12,11,11,5-fold,-5.016419860624491,7.113076523563856,-3.8107379148607308,4.9182426975534845,3.4806979672200296,0.1,11,-3.8107379148607308,ElasticNet,Apul
FUN_034422_158066,39,2,2,2,5-fold,-9.323845900009342,18.006987824688245,-10.054837347475184,19.917486181060784,10.25661763784527,0.1,2,-9.323845900009342,RF,Apul
FUN_004469_20537,39,3,3,3,5-fold,-0.4787618833750373,0.23268490160285504,-0.2733108122528038,0.199977127755332,1856.7185506016194,0.1,0,-0.2733108122528038,ElasticNet,Apul
FUN_028100_128426,39,17,12,12,5-fold,-10.786965775554943,20.55390989274333,-5.013929686574242,9.678140495157395,1949.1742853153132,0.1,0,-5.013929686574242,ElasticNet,Apul
FUN_025368_114951,39,3,3,3,5-fold,-1.177123977282809,1.3590610326615815,-0.7626680022190294,0.9664553073216663,660.9010971323523,0.1,0,-0.7626680022190294,ElasticNet,Apul
FUN_033753_153600,39,11,10,10,5-fold,-0.4516168151741426,0.7748828857662747,-0.45166233944323625,0.37905918375252323,16.32642056916814,0.99,8,-0.4516168151741426,RF,Apul
FUN_007989_37997,39,4,4,4,5-fold,-0.29276885290080923,0.24369457294494476,-0.2232764704400767,0.16633474985779817,3.890743852016477,0.1,4,-0.2232764704400767,ElasticNet,Apul
FUN_043299_204580,39,7,7,7,5-fold,-22.52261637815651,44.47323813156046,-15.809796272827146,30.81185122023878,5.517176300258096,0.5,7,-15.809796272827146,ElasticNet,Apul
FUN_024794_112544,39,18,14,14,5-fold,-0.37928790114719,0.583423748146915,-0.1346537984212525,0.19249191337764243,33.07694175368598,0.99,9,-0.1346537984212525,ElasticNet,Apul
FUN_042848_201307,39,2,2,2,5-fold,-0.4969287176996202,0.3362180321993363,-0.3279180437508971,0.2658500000770289,344.5057762163388,0.1,0,-0.3279180437508971,ElasticNet,Apul
FUN_008516_41505,39,2,2,2,5-fold,-0.9746073952142302,2.0683370158546075,-1.8879585225179807,3.676834350012595,2.7499714660787875,0.5,2,-0.9746073952142302,RF,Apul
FUN_005901_27994,39,5,4,4,5-fold,-54.690184164885395,108.19738688548752,-45.907344518360674,91.35831041779043,148.41225596942238,0.99,1,-45.907344518360674,ElasticNet,Apul
FUN_034039_155601,39,2,2,2,5-fold,-0.9070036583669936,0.7075103866075668,-0.6577178425749819,0.9349057663309779,1.3205754337067055,0.5,2,-0.6577178425749819,ElasticNet,Apul
FUN_010789_51296,39,22,13,13,5-fold,-0.9342733809799926,0.8879019032067444,-0.9493931350867839,0.9771301274292548,11.33335277314519,0.95,13,-0.9342733809799926,RF,Apul
FUN_014916_71160,39,14,14,14,5-fold,-0.893394202777948,0.6210496787443089,-0.8505150928329052,0.697554263536673,2643.51979864612,0.1,0,-0.8505150928329052,ElasticNet,Apul
FUN_001220_6185,39,19,13,13,5-fold,-0.9928147958928204,0.7870473665051965,-0.3360384142507832,0.301273458917207,2.6055609787945326,0.1,13,-0.3360384142507832,ElasticNet,Apul
FUN_031221_141026,39,10,10,10,5-fold,-14.442420955260776,28.478381826597243,-17.887510811229284,35.73772710676453,1.0326288869162388,0.7,10,-14.442420955260776,RF,Apul
FUN_033948_155014,39,6,6,6,5-fold,-0.10688498389584895,0.0535110938530049,-0.066029657918848,0.0310079623869383,4567.171608519294,0.1,0,-0.066029657918848,ElasticNet,Apul
FUN_006996_33855,39,4,4,4,5-fold,-3.170393792668675,5.8235471479525565,-2.524304438086034,4.584102837066446,1773.0029690225222,0.1,0,-2.524304438086034,ElasticNet,Apul
FUN_034281_157108,39,7,3,3,5-fold,-0.7447253870565225,0.7453870661551989,-0.485985282810071,0.4638839265769811,1564.9620407746806,0.1,0,-0.485985282810071,ElasticNet,Apul
FUN_008889_43837,39,27,19,19,5-fold,-34.10755631334374,68.0732334780625,-26.419972239739643,52.69623198851991,50.145312966904875,0.99,11,-26.419972239739643,ElasticNet,Apul
FUN_005454_26562,39,18,14,14,5-fold,-0.8271591428876419,1.3112375307032824,-0.12378120585921604,0.19994424567689506,2742.118750428262,0.1,0,-0.12378120585921604,ElasticNet,Apul
FUN_004020_17228,39,11,11,11,5-fold,-0.8315872773177453,0.790006448633483,-0.6081193840667598,0.5988359526323661,5890.814648178126,0.1,0,-0.6081193840667598,ElasticNet,Apul
FUN_026068_119640,39,8,8,8,5-fold,-0.7321590365807202,0.8310248578154675,-0.99631697096367,1.4434848930178341,35.35210743275363,0.1,8,-0.7321590365807202,RF,Apul
FUN_022518_98831,39,15,15,15,5-fold,-3.5652572406276164,3.6787832134344356,-2.038086223085628,2.438365744960647,15.035037067953693,0.1,15,-2.038086223085628,ElasticNet,Apul
FUN_024785_112524,39,26,18,18,5-fold,-0.4751409328479016,0.5803168207209164,-0.12035835020198982,0.1698650402102197,95.32650834858592,0.1,18,-0.12035835020198982,ElasticNet,Apul
FUN_013559_64874,39,2,2,2,5-fold,-0.5713059568643543,0.6375445148000427,-0.11920992335195577,0.3286946706424187,0.8628121028934537,0.9,2,-0.11920992335195577,ElasticNet,Apul
FUN_014748_69860,39,10,5,5,5-fold,-4.088866469938118,8.02149793399323,-4.461396609720055,8.713477928066437,3709.9757884874884,0.1,0,-4.088866469938118,RF,Apul
FUN_002682_13444,39,8,7,7,5-fold,-0.636824879331129,1.061588867353569,-0.6084430019915359,0.8943213545992567,4.683318649034235,0.99,7,-0.6084430019915359,ElasticNet,Apul
FUN_032027_145469,39,8,8,8,5-fold,-0.3858221927581447,0.31108217060801674,-0.31532731087142535,0.33360536568203597,25.606896850825116,0.99,3,-0.31532731087142535,ElasticNet,Apul
FUN_023396_105014,39,5,5,5,5-fold,-0.9554114315954998,1.982312180487919,-0.4674775966688486,0.9866423714852535,2.7666249702334413,0.5,5,-0.4674775966688486,ElasticNet,Apul
FUN_026065_119630,39,13,13,13,5-fold,-0.888789654841329,1.1020680859540146,-0.8339420903333254,1.3018763510329108,3140.53848911472,0.1,0,-0.8339420903333254,ElasticNet,Apul
FUN_041705_195503,39,10,3,3,5-fold,-0.2513820913457104,0.1903772964353533,-0.4472904318643793,0.5775397940949246,0.6148567099354041,0.99,3,-0.2513820913457104,RF,Apul
FUN_022375_97716,39,32,30,30,5-fold,-1.4370553305672171,1.8853877731865274,-0.5793545238213097,0.7772971996855811,69.97265005297511,0.5,25,-0.5793545238213097,ElasticNet,Apul
FUN_006980_33735,39,3,3,3,5-fold,-4.098444762921609,7.505027247480908,-2.3323776259322053,4.320008872565911,2335.904337948538,0.1,0,-2.3323776259322053,ElasticNet,Apul
FUN_005343_26050,39,2,2,2,5-fold,-0.48862085784196924,0.6421475599918934,-0.2567759371540293,0.31154632657562853,36.210255111171435,0.99,1,-0.2567759371540293,ElasticNet,Apul
FUN_032994_151160,39,9,9,9,5-fold,-8.902264031976689,15.58037037273928,-7.4110751571865805,12.885843413625727,0.4115389297296777,0.9,9,-7.4110751571865805,ElasticNet,Apul
FUN_031841_144281,39,3,3,3,5-fold,-1.3219831020392645,1.5272730798350866,-1.055907186666854,1.4518930228400222,2.6291331372502693,0.5,3,-1.055907186666854,ElasticNet,Apul
FUN_035742_165184,39,13,13,13,5-fold,-0.17283646789619084,0.2599554507458391,-0.11307158365184193,0.12158851770106303,3186.3642196351216,0.1,0,-0.11307158365184193,ElasticNet,Apul
FUN_040687_191133,39,16,15,15,5-fold,-21.849745223570466,42.61784738979795,-17.794979191045964,35.339509531902,3655.5644586421854,0.1,0,-17.794979191045964,ElasticNet,Apul
FUN_038067_177918,39,10,8,8,5-fold,-0.4573829165354205,0.195682784371972,-0.33894697375725574,0.21301259458121674,1926.7990474034439,0.1,5,-0.33894697375725574,ElasticNet,Apul
FUN_021112_93898,39,28,27,27,5-fold,-0.17749925692817312,0.18212268890557184,-0.3362479008053646,0.36312136838327075,4.171237752242902,0.7,27,-0.17749925692817312,RF,Apul
FUN_013400_64255,39,28,28,28,5-fold,-0.14181486268554108,0.23228727842567032,0.1240868556013947,0.1732111809254467,79.90401687338135,0.99,16,0.1240868556013947,ElasticNet,Apul
FUN_016037_76646,39,8,8,8,5-fold,-11.016668762511438,21.481635106565776,-4.795017152109333,9.185748644741285,390.195928692022,0.99,1,-4.795017152109333,ElasticNet,Apul
FUN_009441_46732,39,8,2,2,5-fold,-1.2399861892623076,2.0528114220654987,-1.6616922969050478,1.9483841614423218,15.495802063286547,0.99,2,-1.2399861892623076,RF,Apul
FUN_037459_173756,39,15,7,7,5-fold,-0.46147521703504807,0.5991172820812882,-2.8630389799143265,5.128483355139497,3.422260197219321,0.5,7,-0.46147521703504807,RF,Apul
FUN_038175_178923,39,4,4,4,5-fold,-0.5956234960837844,0.560877430759415,-0.46666872602593285,0.3760416862252967,140.809071054364,0.95,2,-0.46666872602593285,ElasticNet,Apul
FUN_036166_167853,39,4,4,4,5-fold,-0.23419704762793575,0.39273350431656806,-0.1971780576230905,0.25480640440992336,75.06232108163086,0.99,4,-0.1971780576230905,ElasticNet,Apul
FUN_025367_114942,39,8,6,6,5-fold,-2.4579910872144093,4.516296838030957,-2.169429600110163,4.056113911417179,0.9627561502178642,0.5,6,-2.169429600110163,ElasticNet,Apul
FUN_016080_76880,39,5,2,2,5-fold,-0.6656083075686997,0.47652075034352265,-0.5097919555242019,0.4730197389211429,2025.1249785871812,0.1,0,-0.5097919555242019,ElasticNet,Apul
FUN_014660_69204,39,5,2,2,5-fold,-0.27768727989748043,0.3041571912851782,-0.2582645781877152,0.14618821848239008,1357.0418831199368,0.1,0,-0.2582645781877152,ElasticNet,Apul
FUN_011803_55395,39,20,13,13,5-fold,-0.2501926812259391,0.1193045309551046,-0.09620257491428759,0.09511158996946066,2800.2564477465,0.1,0,-0.09620257491428759,ElasticNet,Apul
FUN_025685_116773,39,5,5,5,5-fold,-1.0716257789831933,1.2495062480491332,-0.23082065871928897,0.2560117666438424,2198.4421967100593,0.1,0,-0.23082065871928897,ElasticNet,Apul
FUN_034012_155416,39,14,10,10,5-fold,-8.638262192800411,17.314895820708774,-7.542531666583836,14.620966064977168,6.433074641605668,0.1,10,-7.542531666583836,ElasticNet,Apul
FUN_012705_61538,39,11,8,8,5-fold,-0.41733094696508904,0.7904410928974942,-0.6641728372150659,0.7486461455978586,2943.536526487374,0.1,0,-0.41733094696508904,RF,Apul
FUN_016711_81180,39,5,5,5,5-fold,-0.3496991609011254,0.3092724648572084,-0.07194073956820005,0.11626860493823447,3093.1034559140962,0.1,0,-0.07194073956820005,ElasticNet,Apul
FUN_035468_163490,39,6,5,5,5-fold,-1.4292380597613568,1.675423942090621,-0.6069782268772419,0.6683794932382935,72.7262176808551,0.99,3,-0.6069782268772419,ElasticNet,Apul
FUN_025782_117439,39,12,6,6,5-fold,-0.16007230278165324,0.20147878885677342,-0.371663631398858,0.5401306819427942,279.12969439955896,0.99,1,-0.16007230278165324,RF,Apul
FUN_025984_118769,39,9,6,6,5-fold,-0.29723280266387564,0.3373572876993802,-0.45138995748429644,0.7412890032197829,254.8160937359163,0.99,1,-0.29723280266387564,RF,Apul
FUN_042049_198299,39,48,36,36,5-fold,-0.4529132265840302,0.6999107158297792,-0.6629839466256502,0.8696144727997852,23.645719005914934,0.1,36,-0.4529132265840302,RF,Apul
FUN_011984_56683,39,7,7,7,5-fold,-13.560587343633753,26.873732918620533,-6.20516404262532,12.26105961386341,131.54749352447897,0.7,4,-6.20516404262532,ElasticNet,Apul
FUN_000411_1946,39,11,5,5,5-fold,-0.5238956656803136,0.831102150965015,-0.37205117451824693,0.49750289394044356,5.114938784794817,0.99,5,-0.37205117451824693,ElasticNet,Apul
FUN_032875_150605,39,27,18,18,5-fold,-0.9178480939829431,0.755638590626365,-0.7280273499098666,0.6093940306185632,3255.6219525540682,0.1,0,-0.7280273499098666,ElasticNet,Apul
FUN_001361_7169,39,13,8,8,5-fold,-1.7751241156150026,1.8335899309409438,-1.2955548733291045,1.4827029768114965,512.3046452983481,0.99,1,-1.2955548733291045,ElasticNet,Apul
FUN_007860_37263,39,2,2,2,5-fold,-14.925684709999874,29.583289317698597,-23.408270135930696,46.406798353545206,4.722011129474648,0.1,2,-14.925684709999874,RF,Apul
FUN_035247_162433,39,9,8,8,5-fold,-0.1711180181417615,0.4363607612141864,-0.5327148756080959,0.8970122998734779,0.6614798240512024,0.5,8,-0.1711180181417615,RF,Apul
FUN_034791_159247,39,2,2,2,5-fold,-0.9079831756333985,0.9573620636391035,-0.8391365526454619,1.121532174287783,1.351476898897758,0.1,2,-0.8391365526454619,ElasticNet,Apul
FUN_008396_40605,39,4,4,4,5-fold,-3.7609952978053207,6.657655856060166,-3.1540226852446827,5.9897533072689,3.500285488105152,0.5,4,-3.1540226852446827,ElasticNet,Apul
FUN_033860_154394,39,2,2,2,5-fold,-0.5320770411473166,0.729363381114724,-0.0533716738741262,0.11671372385169174,1.611829830983976,0.5,2,-0.0533716738741262,ElasticNet,Apul
FUN_023257_104175,39,67,46,46,5-fold,-8.650035163419956,16.627111686930817,-8.863321025650118,17.307074223487145,19.893772207217832,0.1,46,-8.650035163419956,RF,Apul
FUN_043118_203045,39,11,9,9,5-fold,-0.5575683721315993,0.5560907919125015,-0.43539669139701714,0.4387377147407232,36.57092585150835,0.99,5,-0.43539669139701714,ElasticNet,Apul
FUN_008998_44683,39,13,12,12,5-fold,-0.35344650411626577,0.2655587411468266,-0.2960182435730976,0.19450686105730008,1.0570098023078578,0.5,11,-0.2960182435730976,ElasticNet,Apul
FUN_039889_186967,39,9,5,5,5-fold,-0.4295428200886954,0.5319809503413926,-0.48796011720780647,0.2507393379871583,124.89325880932658,0.99,2,-0.4295428200886954,RF,Apul
FUN_022914_101568,39,4,4,4,5-fold,-0.21202262014045914,0.4007973962088783,-0.6049934385900011,1.0791831220061412,17.119810340535384,0.9,3,-0.21202262014045914,RF,Apul
FUN_000518_2566,39,10,10,10,5-fold,-1.0104923622387179,1.1870568501734804,-1.3436447654645591,2.2746109261601415,13.721022839874061,0.1,10,-1.0104923622387179,RF,Apul
FUN_001882_10281,39,12,10,10,5-fold,-0.4213603113867247,0.4732419914810379,-0.15038281166754822,0.1671120177922219,3510.5311782874164,0.1,0,-0.15038281166754822,ElasticNet,Apul
FUN_025938_118510,39,12,9,9,5-fold,0.0006651567608080278,0.6831702917476975,-1.2600481831906867,2.5287505522768567,96.25175948089164,0.99,5,0.0006651567608080278,RF,Apul
FUN_010957_52338,39,9,9,9,5-fold,-0.24553183559332198,0.15803019131326465,-0.1892596845617603,0.15320469399897832,2370.9357998228033,0.1,0,-0.1892596845617603,ElasticNet,Apul
FUN_014748_69857,39,12,7,7,5-fold,-3.738941499543274,7.306728574283172,-7.644505261603814,15.135464497493176,200.3160171311825,0.99,1,-3.738941499543274,RF,Apul
FUN_015326_73972,39,21,11,11,5-fold,-24.98531382899163,49.22614795715019,-19.95147143123915,39.71118385686472,10.424284179048978,0.1,11,-19.95147143123915,ElasticNet,Apul
FUN_016073_76855,39,4,4,4,5-fold,-0.7436509374027827,0.640232480160423,-0.25388598122331635,0.3277616443988372,1.8363528612151359,0.5,4,-0.25388598122331635,ElasticNet,Apul
FUN_008887_43819,39,5,5,5,5-fold,-1.7165159047763545,2.54860931799689,-1.7534029263129696,1.6919618923100663,0.6576914257210468,0.7,5,-1.7165159047763545,RF,Apul
FUN_023758_106902,39,7,4,4,5-fold,-0.18153068850453197,0.31239654833817393,-0.1823470416017986,0.46813384847820905,10.48327748570768,0.99,2,-0.18153068850453197,RF,Apul
FUN_015243_73529,39,40,37,37,5-fold,-0.7234246971777214,1.5677797129781352,-7.55703781765488,14.735973444597382,21.85341559290699,0.1,37,-0.7234246971777214,RF,Apul
FUN_007689_36241,39,6,6,6,5-fold,-27.31353711547889,54.09440700221263,-17.180969158882736,33.904511177679105,377.15866352431124,0.99,0,-17.180969158882736,ElasticNet,Apul
FUN_025109_113677,39,5,5,5,5-fold,-0.24108345127686692,0.3368314884106586,-0.15129712489625297,0.3631586806839665,75.26737075357201,0.99,4,-0.15129712489625297,ElasticNet,Apul
FUN_025768_117364,39,8,8,8,5-fold,-4.318841453417922,7.624187945144999,-5.529609657768947,10.839942681169228,2489.714410752533,0.1,0,-4.318841453417922,RF,Apul
FUN_004946_23861,39,3,3,3,5-fold,-0.17944797020214034,0.3443162319346667,-0.3858641777303228,0.36012497257924714,2.972909744016524,0.5,3,-0.17944797020214034,RF,Apul
FUN_002721_13616,39,8,4,4,5-fold,-8.21186484888003,16.16671763411071,-18.660953592645058,37.26727117084367,1.166757829712195,0.95,4,-8.21186484888003,RF,Apul
FUN_040858_191660,39,13,13,13,5-fold,-0.3661917220028127,0.26445353862906956,-0.14556657331281783,0.14360421728024056,3085.141342311312,0.1,0,-0.14556657331281783,ElasticNet,Apul
FUN_014462_67704,39,3,3,3,5-fold,-11.399520657687269,22.307817367991248,-7.506057359237426,14.794569660754881,75.48482652022415,0.99,1,-7.506057359237426,ElasticNet,Apul
FUN_024376_110130,39,2,2,2,5-fold,-0.09583007140079174,0.3601246320085387,-0.0811978751586474,0.21709016639925377,50.77410435204574,0.99,1,-0.0811978751586474,ElasticNet,Apul
FUN_014916_71170,39,6,5,5,5-fold,-0.15277461211125212,0.2177952830444563,-0.11495881779389776,0.12995648502253407,136.4407774083211,0.99,2,-0.11495881779389776,ElasticNet,Apul
FUN_038509_181636,39,9,9,9,5-fold,-6.236740767489029,12.223461460673942,-4.306189032337896,8.499863490986375,3.087567379173504,0.5,9,-4.306189032337896,ElasticNet,Apul
FUN_009836_48214,39,25,15,15,5-fold,-5.621269956522509,10.294905613689041,-4.239037085694189,8.12099755533393,3471.5564447368506,0.1,0,-4.239037085694189,ElasticNet,Apul
FUN_032815_150402,39,20,17,17,5-fold,-1.3512602726346588,1.141680308893402,-1.6397602353163208,1.4345778215343703,7.160346422934882,0.5,17,-1.3512602726346588,RF,Apul
FUN_008532_41662,39,14,10,10,5-fold,-0.17281046722524462,0.2929656368603914,-0.02533352075419033,0.07557307144942618,0.8074652178219224,0.7,10,-0.02533352075419033,ElasticNet,Apul
FUN_012521_60367,39,4,4,4,5-fold,-0.767057700333301,0.7892065438825135,-0.6126067686222507,0.9040332272215569,2397.2430320267704,0.1,0,-0.6126067686222507,ElasticNet,Apul
FUN_037329_173022,39,9,9,9,5-fold,-1.120662831533793,0.9258422486662771,-1.5810533830491644,2.5313499143314826,2046.0646548227849,0.1,0,-1.120662831533793,RF,Apul
FUN_004500_20778,39,3,3,3,5-fold,-5.8983895781035685,11.43262817943342,-5.784104740314455,11.426745587619893,1.161365436917079,0.5,3,-5.784104740314455,ElasticNet,Apul
FUN_008484_41305,39,5,5,5,5-fold,-6.806175311346735,12.387543242224249,-66.35113643415454,131.30374299273592,0.7024801439286081,0.99,5,-6.806175311346735,RF,Apul
FUN_022483_98407,39,5,5,5,5-fold,-14.400801397345623,28.221633252381316,-13.027882009211448,25.918732709193296,1.9947347175502181,0.1,5,-13.027882009211448,ElasticNet,Apul
FUN_042624_200080,39,17,17,17,5-fold,-0.9679179839409897,0.558047373049775,-0.5146224299768003,0.328275460702226,2955.539826641012,0.1,0,-0.5146224299768003,ElasticNet,Apul
FUN_033734_153509,39,27,26,26,5-fold,-0.7243033972800414,1.0238166688142687,-0.39361119738008754,0.6160885956073526,673.8831807375582,0.99,2,-0.39361119738008754,ElasticNet,Apul
FUN_022684_100236,39,4,4,4,5-fold,-28.298725629211283,55.64410012776207,-22.555799528033695,44.65545075927547,2830.3424633786813,0.1,0,-22.555799528033695,ElasticNet,Apul
FUN_004584_21388,39,6,6,6,5-fold,-0.5324526227682347,0.36761872107823307,-0.2690553119515402,0.1515620265046317,5032.214185901892,0.1,0,-0.2690553119515402,ElasticNet,Apul
FUN_028114_128501,39,8,8,8,5-fold,-8.490462764098206,16.074901393764215,-5.367249927478774,10.563369417502296,5.620984874319616,0.5,8,-5.367249927478774,ElasticNet,Apul
FUN_015007_71932,39,12,11,11,5-fold,-0.9680329089770023,0.9688484273771902,-1.0268164486287306,1.2193422593641978,1735.4179674319394,0.1,0,-0.9680329089770023,RF,Apul
FUN_015337_73996,39,5,5,5,5-fold,-0.614277784949239,0.32393398367148035,-0.7032203037283731,0.4946968543146144,2201.1750022717165,0.1,0,-0.614277784949239,RF,Apul
FUN_036251_168516,39,4,4,4,5-fold,-1.5253493150674973,2.02348392037089,-0.8617125032184617,1.4488447923440961,2536.442469812973,0.1,0,-0.8617125032184617,ElasticNet,Apul
FUN_028190_129014,39,22,21,21,5-fold,-0.5928586529699945,0.7785182752914399,-0.2789436402511025,0.31495662458622525,2969.877096601805,0.1,0,-0.2789436402511025,ElasticNet,Apul
FUN_041656_195145,39,5,5,5,5-fold,-0.878759419111713,0.994984338943885,-0.2980102383475515,0.41090545542272233,3.181318620846966,0.1,5,-0.2980102383475515,ElasticNet,Apul
FUN_028088_128279,39,7,6,6,5-fold,-4.589755618707776,8.664160361089346,-4.368575299861077,8.366341113896803,186.56402796635095,0.99,1,-4.368575299861077,ElasticNet,Apul
FUN_042848_201306,39,5,5,5,5-fold,-1.034597669122925,0.8863739309040543,-0.35243231172019956,0.4340006035911101,0.8712416950785253,0.7,5,-0.35243231172019956,ElasticNet,Apul
FUN_024346_109907,39,25,19,19,5-fold,-0.9894922093815399,1.2334314720769497,-0.42550673885384216,0.46103364847379397,14.377773931631278,0.1,19,-0.42550673885384216,ElasticNet,Apul
FUN_004761_22547,39,10,8,8,5-fold,-0.5106799290986974,0.29146103390404804,-0.3558074778567104,0.2256324673162406,4781.275399432289,0.1,0,-0.3558074778567104,ElasticNet,Apul
FUN_024764_112361,39,9,7,7,5-fold,-84.72540147134224,168.53531623226516,-87.60390249872123,174.926813633351,3599.7969362807316,0.1,0,-84.72540147134224,RF,Apul
FUN_004584_21386,39,10,8,8,5-fold,-0.539559274658754,0.4034789709133119,-0.30020713195701326,0.19993589706862364,3622.6976815714957,0.1,0,-0.30020713195701326,ElasticNet,Apul
FUN_012521_60360,39,9,9,9,5-fold,-0.22023692737101067,0.28107439004814805,-1.0130443078643023,1.671667359503783,3407.699352364332,0.1,0,-0.22023692737101067,RF,Apul
FUN_011863_55690,39,2,2,2,5-fold,-0.6613826866803528,0.6661820833666331,-0.6142945479745728,0.7562773813094249,2054.3604637419025,0.1,0,-0.6142945479745728,ElasticNet,Apul
FUN_028030_127982,39,9,7,7,5-fold,-0.6296682200821152,0.5870367351157708,-0.2656701065360812,0.2671227923498182,3661.1500700141796,0.1,0,-0.2656701065360812,ElasticNet,Apul
FUN_031841_144271,39,6,6,6,5-fold,-0.38490388815769316,0.3951143386482201,-0.20875723875945024,0.19601017811511334,3880.38526490898,0.1,0,-0.20875723875945024,ElasticNet,Apul
FUN_034039_155597,39,3,2,2,5-fold,-0.5076508598732463,0.755220091625831,-0.5929502291545841,0.7201296653800936,29.143239697733097,0.99,1,-0.5076508598732463,RF,Apul
FUN_029761_137289,39,32,28,28,5-fold,-0.5680148422129547,0.300821647529821,-0.3758929494377037,0.30917908268992994,13.971098967428516,0.1,28,-0.3758929494377037,ElasticNet,Apul
FUN_013559_64873,39,11,8,8,5-fold,-0.3913438490165734,0.25510507207404004,-0.33267811314478707,0.4864863078576906,2.4076227821306224,0.1,8,-0.33267811314478707,ElasticNet,Apul
FUN_029664_136898,39,2,2,2,5-fold,-7.1483952533065445,13.424310018420606,-7.588128276759102,14.894691715527566,1563.5895663456417,0.1,0,-7.1483952533065445,RF,Apul
FUN_029172_134215,39,19,18,18,5-fold,-0.5252654385302573,0.37285550055688493,-0.3280666286819338,0.28761321354797403,3.468122138670886,0.1,18,-0.3280666286819338,ElasticNet,Apul
FUN_025840_117822,39,19,17,17,5-fold,-0.8505848809065528,0.4142022605332748,-0.21228797305060296,0.21220630248259625,2.1196879465124647,0.5,16,-0.21228797305060296,ElasticNet,Apul
FUN_012772_61869,39,5,4,4,5-fold,-0.42851271188337436,0.3353310211022138,-0.19516841365262852,0.18825815922213177,2263.591258710208,0.1,0,-0.19516841365262852,ElasticNet,Apul
FUN_010637_50283,39,2,2,2,5-fold,-0.5221730387869448,0.2775573417182531,-0.3171582550864077,0.2988841561789596,2.5978385806868576,0.99,2,-0.3171582550864077,ElasticNet,Apul
FUN_016721_81220,39,101,82,82,5-fold,-0.28979101979868077,0.5377324895040587,-0.3138917629824873,0.5123901191399345,254.52676090172977,0.99,10,-0.28979101979868077,RF,Apul
FUN_004156_18137,39,8,3,3,5-fold,-0.1928474855019276,0.6255484805063645,-0.052591663507737495,0.22893389190740032,23.122740253604746,0.99,3,-0.052591663507737495,ElasticNet,Apul
FUN_008516_41504,39,2,2,2,5-fold,-1.0719372587627105,1.7365986611797484,-0.7113643768106236,1.2487280252570252,6.309454548070956,0.1,2,-0.7113643768106236,ElasticNet,Apul
FUN_016110_77091,39,31,14,14,5-fold,-1.2970862712701088,2.203261096970711,-2.1376441428215154,3.9202439977141896,3641.4589396028186,0.1,0,-1.2970862712701088,RF,Apul
FUN_014542_68404,39,4,3,3,5-fold,-0.15466756447805027,0.10821110835680024,-3.2033638053124824,6.173708067328406,1342.2514660534532,0.1,0,-0.15466756447805027,RF,Apul
FUN_022200_96461,39,8,8,8,5-fold,-0.993935701095466,1.0814257160405851,-0.4086114644467479,0.6605995145578794,658.8953802738117,0.1,0,-0.4086114644467479,ElasticNet,Apul
FUN_004285_19103,39,2,2,2,5-fold,-5.939990149329561,11.825750537472725,-5.285703198636804,10.209282978901737,675.2386816284128,0.1,0,-5.285703198636804,ElasticNet,Apul
FUN_024090_108682,39,7,3,3,5-fold,-2.3101460484136744,3.748846375501519,-1.7972890248370557,2.4857501026174766,1612.4761795916975,0.1,0,-1.7972890248370557,ElasticNet,Apul
FUN_024087_108676,39,9,9,9,5-fold,0.07285015679525605,0.12799917966133229,-0.6144057833053966,1.0322483516824867,9.020478927847407,0.5,9,0.07285015679525605,RF,Apul
FUN_043520_206324,39,2,2,2,5-fold,-0.4767454272359545,1.0597656661810777,-0.5688634530698194,1.042352290575598,0.9692324442484865,0.7,2,-0.4767454272359545,RF,Apul
FUN_033666_153047,39,30,23,23,5-fold,-2.5085756423112895,3.589973317279714,-1.3114531920501293,2.351840764160451,2822.4068992105836,0.1,0,-1.3114531920501293,ElasticNet,Apul
FUN_005366_26220,39,2,2,2,5-fold,-0.21008166161643244,0.5604804387068448,-0.48895905389908945,0.38259802940661514,1.1549908242713596,0.7,2,-0.21008166161643244,RF,Apul
FUN_033776_153849,39,9,2,2,5-fold,-0.5164570383359495,0.623813201510599,-0.5727826007274314,1.015319659427502,0.5447396138336946,0.95,2,-0.5164570383359495,RF,Apul
FUN_041656_195144,39,2,2,2,5-fold,-0.15362494178723146,0.35270739524770034,-0.09647951017755041,0.180578588853051,0.726521674722415,0.9,2,-0.09647951017755041,ElasticNet,Apul
FUN_000277_1109,39,11,4,4,5-fold,-4.265921656333761,7.266321768426159,-3.571489038128975,5.5217570249035965,29.494803846680302,0.1,4,-3.571489038128975,ElasticNet,Apul
FUN_026024_119326,39,14,14,14,5-fold,-1.894395900719879,3.490103351658062,-0.9365226170328255,1.4392499134943901,83.34046907186452,0.95,7,-0.9365226170328255,ElasticNet,Apul
FUN_038312_180205,39,8,8,8,5-fold,-1.2926697169701638,1.4708794684627806,-0.829210282214928,0.9807603957204942,150.52648569929482,0.99,5,-0.829210282214928,ElasticNet,Apul
FUN_022518_98834,39,12,10,10,5-fold,-16.243686985801627,31.85220609251834,-13.521156872897516,26.867877384074966,2298.531012934602,0.1,0,-13.521156872897516,ElasticNet,Apul
FUN_008194_39346,39,18,17,17,5-fold,-0.35604791114386997,0.5159411153155085,-0.4553976434312143,0.5366242938594752,2688.3750658168024,0.1,0,-0.35604791114386997,RF,Apul
FUN_028100_128422,39,2,2,2,5-fold,-45.7450986645925,91.24187691617544,-28.865049034474758,56.90285733461783,1281.117974995648,0.1,0,-28.865049034474758,ElasticNet,Apul
FUN_001212_6114,39,6,6,6,5-fold,-0.21614848613710563,0.3567972935748782,-0.24109979553116673,0.2057199847361037,2.1712966829658322,0.5,6,-0.21614848613710563,RF,Apul
FUN_010915_52000,39,7,6,6,5-fold,-0.22857665251165143,0.48424196572196754,-0.18828827062867015,0.3448031969181624,110.86973261227624,0.5,3,-0.18828827062867015,ElasticNet,Apul
FUN_022429_98116,39,3,3,3,5-fold,-3.243109345413269,5.801172725126555,-2.901257131159345,5.67512200710582,1209.297593136173,0.1,0,-2.901257131159345,ElasticNet,Apul
FUN_022188_96346,39,4,4,4,5-fold,-0.19881312816693236,0.13580755897886557,-0.1070485243167647,0.0977154083647027,111.74385132314275,0.99,2,-0.1070485243167647,ElasticNet,Apul
FUN_043144_203185,39,11,11,11,5-fold,-0.6521754549349066,1.4181703552139837,-4.110332535979947,7.8829614722264845,3401.539778607253,0.1,0,-0.6521754549349066,RF,Apul
FUN_032118_146155,39,23,7,7,5-fold,-0.311683575985378,0.4674454905962875,-0.40787446434069974,0.5161671792013797,0.7603351369210506,0.5,7,-0.311683575985378,RF,Apul
FUN_015157_73034,39,9,9,9,5-fold,-0.4335486154138512,0.42889570996090587,-0.5078497449354706,0.6000117095603212,31.387748175897485,0.99,8,-0.4335486154138512,RF,Apul
FUN_013555_64836,39,4,4,4,5-fold,-0.33127124048595913,0.30795287200874955,-0.2342636923585058,0.24189780557555743,0.8393430888561102,0.7,4,-0.2342636923585058,ElasticNet,Apul
FUN_000908_3927,39,6,6,6,5-fold,-1.0752864191567986,0.7192106677409683,-0.6916070321673657,0.5649937483748496,293.5923307428495,0.99,1,-0.6916070321673657,ElasticNet,Apul
FUN_035331_162855,39,4,4,4,5-fold,-0.017302384256052995,0.1651263565083497,-4.695306704551551,8.57271987993464,76.3384340467213,0.95,4,-0.017302384256052995,RF,Apul
FUN_034265_157011,39,14,12,12,5-fold,-0.6446448554391175,1.3831793317388343,-0.859283778494355,1.0655608818165345,42.45429407994464,0.99,9,-0.6446448554391175,RF,Apul
FUN_025368_114953,39,2,2,2,5-fold,-1.6674708153346713,1.9022486401997802,-1.1236968639393203,1.6105827652527414,1961.090387419416,0.1,0,-1.1236968639393203,ElasticNet,Apul
FUN_024470_110827,39,10,6,6,5-fold,-8.019827600403428,12.735336607992375,-3.130124570589969,3.794100136311609,8.27778957495425,0.1,6,-3.130124570589969,ElasticNet,Apul
FUN_011893_55898,39,3,3,3,5-fold,-35.235843955807766,69.21448650384055,-23.77192755374222,47.175400585831845,2200.922926580054,0.1,0,-23.77192755374222,ElasticNet,Apul
FUN_035807_165612,39,12,12,12,5-fold,-34.481240415080094,46.71497368545014,-63.065358909761756,85.15790236511758,0.7967600462528891,0.99,12,-34.481240415080094,RF,Apul
FUN_004641_21723,39,2,2,2,5-fold,-0.10503965030940846,0.39661019359870925,-0.19927458316883162,0.22054423142103746,771.5226795044183,0.1,0,-0.10503965030940846,RF,Apul
FUN_024424_110485,39,10,10,10,5-fold,-1722.1824494896912,3443.613284492999,-1146.2766198304982,2292.3886816972185,1979.6302896566235,0.1,0,-1146.2766198304982,ElasticNet,Apul
FUN_043242_204034,39,5,5,5,5-fold,-1.6732389393062754,1.8483279637616252,-1.2540688703709841,1.4814975594548063,2.993470062161327,0.5,5,-1.2540688703709841,ElasticNet,Apul
FUN_037961_176948,39,6,6,6,5-fold,0.05522347502371398,0.16465996624693677,0.1675156367216005,0.31746676331286966,1.120224281177118,0.99,6,0.1675156367216005,ElasticNet,Apul
FUN_004329_19464,39,75,58,58,5-fold,-12.949465650087642,24.029254282369,-7.441290415879779,14.363094577296826,294.4351369978215,0.99,2,-7.441290415879779,ElasticNet,Apul
FUN_027868_127082,39,8,3,3,5-fold,-0.2785748760851579,0.2993390474575791,-0.34150633295012295,0.39109552044508694,2820.4064919007374,0.1,0,-0.2785748760851579,RF,Apul
FUN_006437_30560,39,13,13,13,5-fold,-0.7480969922617019,1.1067249699178554,-0.3584692294727169,0.6647796897048996,13.387366545429407,0.95,13,-0.3584692294727169,ElasticNet,Apul
FUN_037974_177074,39,39,32,32,5-fold,-16.824889362902972,32.97209669038645,-13.47004604006563,26.620847813333306,4726.900938406724,0.1,0,-13.47004604006563,ElasticNet,Apul
FUN_006840_32646,39,10,9,9,5-fold,-1.0530191530521484,1.2586760460083597,-0.7855190842338692,0.6694674664864935,15.653740545074873,0.1,9,-0.7855190842338692,ElasticNet,Apul
FUN_015387_74312,39,48,38,38,5-fold,-0.5449662694691109,0.7965979298782672,-0.34354627309384395,0.3317839764323018,7169.857673088013,0.1,4,-0.34354627309384395,ElasticNet,Apul
FUN_018842_89046,39,2,2,2,5-fold,-27.970910386120256,55.415568755818086,-33.02872641671054,65.84951662863519,1748.7399345433669,0.1,0,-27.970910386120256,RF,Apul
FUN_001170_5693,39,8,4,4,5-fold,-1.1650059709782417,1.6806150299931772,-0.6935700933736715,0.9190563436015602,5.910880285665817,0.1,4,-0.6935700933736715,ElasticNet,Apul
FUN_032709_149806,39,28,27,27,5-fold,-0.4367173518485837,0.20457492173934141,-0.26087293689246094,0.09534050533669305,7.577319500513812,0.9,25,-0.26087293689246094,ElasticNet,Apul
FUN_028190_129016,39,20,17,17,5-fold,-0.9201588743824456,1.1473906636881073,-0.6926254455101566,0.8231956256245255,4742.364630663203,0.1,2,-0.6926254455101566,ElasticNet,Apul
FUN_026155_120202,39,7,7,7,5-fold,-2.151543223423743,3.7453639973233095,-2.027528839621709,3.7201715012603347,3157.375690159933,0.1,0,-2.027528839621709,ElasticNet,Apul
FUN_042024_198115,39,10,10,10,5-fold,-0.6640005610110515,1.2354829877487188,-0.6833042792441142,0.9574522550384149,24.94234499433748,0.95,9,-0.6640005610110515,RF,Apul
FUN_023920_107352,39,6,6,6,5-fold,-0.9223848518619336,1.1785484191410431,-0.9426922596337995,1.1726417534010731,1455.125678063808,0.1,0,-0.9223848518619336,RF,Apul
FUN_003718_15855,39,12,7,7,5-fold,-0.1594139159663211,0.11725138634629642,-0.0545351974027732,0.03317596650687669,2785.8262495524637,0.1,0,-0.0545351974027732,ElasticNet,Apul
FUN_007676_36179,39,9,6,6,5-fold,-1.8349356783796744,3.354922866728464,-1.8670374586117742,2.271733684961874,81.36199076403896,0.99,4,-1.8349356783796744,RF,Apul
FUN_022054_95751,39,2,2,2,5-fold,-0.9107662060697702,0.6635857191036864,-0.5732616682358204,0.4511696155783204,1939.5903941648494,0.1,0,-0.5732616682358204,ElasticNet,Apul
FUN_014780_70092,39,7,4,4,5-fold,-1.8082947361238362,2.768154863621642,-0.5717736029644518,0.7322454301650786,0.5704761572174468,0.95,4,-0.5717736029644518,ElasticNet,Apul
FUN_012033_56967,39,4,4,4,5-fold,-16.155931036953746,32.496955481526285,-18.22295046518535,36.64611029914197,0.5320787777425039,0.7,4,-16.155931036953746,RF,Apul
FUN_008533_41666,39,9,9,9,5-fold,-0.5979369154409927,0.6441430498730036,-0.2758154258897703,0.19835920390773104,3.49841333957827,0.1,9,-0.2758154258897703,ElasticNet,Apul
FUN_043435_205770,39,8,8,8,5-fold,-0.6400626051959385,0.4765641166622826,-0.2202417019544666,0.36725593788489136,16.80650876135429,0.95,8,-0.2202417019544666,ElasticNet,Apul
FUN_001453_7778,39,14,9,9,5-fold,-0.8934060544128695,1.1923837587737278,-0.6156243031574107,0.9602258810250099,3714.9097166378638,0.1,0,-0.6156243031574107,ElasticNet,Apul
FUN_035166_161880,39,21,10,10,5-fold,-1.604993979083033,1.8894252265525517,-0.8157041194654117,0.8376735979030753,2175.8944823127576,0.1,0,-0.8157041194654117,ElasticNet,Apul
FUN_016075_76860,39,6,6,6,5-fold,-3.2893137010197826,3.8833203718688893,-1.9428897341757956,2.554697571084792,3169.1039755253446,0.1,0,-1.9428897341757956,ElasticNet,Apul
FUN_024188_109201,39,56,39,39,5-fold,-0.2103763090562098,0.11827604253170411,-0.05288144804976449,0.06079757997969752,5013.787081624429,0.1,0,-0.05288144804976449,ElasticNet,Apul
FUN_016488_79984,39,16,12,12,5-fold,-0.41222099728535894,0.2631773813336813,-0.2760339280550072,0.18514023246170921,2605.55068464178,0.1,0,-0.2760339280550072,ElasticNet,Apul
FUN_005060_24370,39,4,4,4,5-fold,-4.252332393416518,8.262204165402155,-1.8133250390228273,3.6273180147608253,1.1271452369391823,0.9,4,-1.8133250390228273,ElasticNet,Apul
FUN_005892_27905,39,2,2,2,5-fold,-2.1720223012765203,3.2827791173213243,-0.9287894289006662,1.466164433455216,1798.415733301345,0.1,0,-0.9287894289006662,ElasticNet,Apul
FUN_026303_121205,39,3,3,3,5-fold,-4.017501957708965,7.50755312217771,-4.755307911343605,9.17836628358331,2288.323430044599,0.1,0,-4.017501957708965,RF,Apul
FUN_024433_110521,39,7,2,2,5-fold,-3.201704423401607,5.824825323250014,-2.0846181572256492,3.682656916667552,1232.9933413834594,0.1,0,-2.0846181572256492,ElasticNet,Apul
FUN_015317_73909,39,22,22,22,5-fold,-1.3446335320185425,1.6131945824450027,-0.493453151455202,0.3554969804042339,84.53341540235665,0.99,15,-0.493453151455202,ElasticNet,Apul
FUN_036810_169892,39,4,4,4,5-fold,-7.580344484879052,14.251794648184218,-5.323231504355012,10.39796663628444,87.21745897562127,0.99,2,-5.323231504355012,ElasticNet,Apul
FUN_012287_58945,39,14,11,11,5-fold,-16.88824006315359,33.541922722849755,-12.777299398543256,25.39597872122909,2667.5569465361355,0.1,0,-12.777299398543256,ElasticNet,Apul
FUN_001882_10282,39,8,8,8,5-fold,-0.6589885205687622,0.797556949915121,-0.6342914006075653,1.1477742330343723,0.8601008294553275,0.7,8,-0.6342914006075653,ElasticNet,Apul
FUN_016664_80940,39,3,3,3,5-fold,-57.50584136055899,114.88963005278097,-25.710073274354222,51.11141349460346,1.6086610883314976,0.5,3,-25.710073274354222,ElasticNet,Apul
FUN_008484_41303,39,3,3,3,5-fold,-17.365381434156145,34.204385852630594,-14.37330627506969,28.185701809558868,5442.704334903636,0.1,0,-14.37330627506969,ElasticNet,Apul
FUN_025368_114948,39,4,4,4,5-fold,-1.362523129950874,1.2715329340407724,-0.8290149762704726,0.9655470302001969,1962.6427143419612,0.1,0,-0.8290149762704726,ElasticNet,Apul
FUN_011277_53467,39,17,16,16,5-fold,-0.31393369694375434,0.5220662244584584,-0.39888830764434263,0.5828229501009091,3.7161340276438475,0.1,16,-0.31393369694375434,RF,Apul
FUN_032295_147395,39,6,6,6,5-fold,-1.1619204348800998,2.26282872549574,-1.1231592671937116,1.4265332776473034,2763.777223465555,0.1,0,-1.1231592671937116,ElasticNet,Apul
FUN_033823_154150,39,59,46,46,5-fold,-0.9110715309884698,1.2675532001627532,-0.5632902651076865,0.7482313038661824,4173.971820202086,0.1,0,-0.5632902651076865,ElasticNet,Apul
FUN_019346_90628,39,44,41,41,5-fold,-8.312288871077339,15.485680748643786,-5.008064619584648,9.111500614422244,130.70254212366126,0.99,12,-5.008064619584648,ElasticNet,Apul
FUN_025343_114645,39,6,6,6,5-fold,-0.7075610067630497,0.9860197167330967,-0.40820498386124415,0.5353958992648864,81.2727518810589,0.95,4,-0.40820498386124415,ElasticNet,Apul
FUN_038474_181427,39,2,2,2,5-fold,-1.1581534229782462,1.567526603643613,-1.1143230390544414,1.9486988331620538,1411.5748320226478,0.1,0,-1.1143230390544414,ElasticNet,Apul
FUN_032114_146115,39,9,9,9,5-fold,-0.48138501568877085,0.7410882872681633,-0.4427896097708189,0.6717645532199352,1815.3025819089632,0.1,0,-0.4427896097708189,ElasticNet,Apul
FUN_005273_25709,39,4,4,4,5-fold,-0.6965560975565644,1.1051772772426525,-0.9172828050036387,1.4412032717441847,42.23899885113654,0.95,3,-0.6965560975565644,RF,Apul
FUN_036918_170672,39,3,3,3,5-fold,-0.4564010289143809,0.2589035208740943,-0.22871874818911858,0.27261496008263114,0.24241764455189857,0.99,3,-0.22871874818911858,ElasticNet,Apul
FUN_003707_15817,39,3,3,3,5-fold,-1.2867358267995626,1.4893760766464084,-1.4623958555410463,2.1378423326957385,1871.7448232403647,0.1,0,-1.2867358267995626,RF,Apul
FUN_009818_48087,39,8,8,8,5-fold,-0.14793356830703863,0.5787766662606441,0.08262415974976453,0.10400240530953364,1.6869412903877459,0.5,8,0.08262415974976453,ElasticNet,Apul
FUN_031841_144272,39,5,4,4,5-fold,-0.08105533514854665,0.3880780366247009,-0.7321170393244498,1.0244859899526713,5.634208997238844,0.95,4,-0.08105533514854665,RF,Apul
FUN_038082_178052,39,14,8,8,5-fold,-36.893447317290224,73.0470444701547,-18.083036811841218,35.96205921688731,2364.5771635832198,0.1,0,-18.083036811841218,ElasticNet,Apul
FUN_015007_71933,39,20,6,6,5-fold,-1.373741400242943,1.6307245826919134,-1.949256630945414,2.2386741532908676,0.6486438315464005,0.7,6,-1.373741400242943,RF,Apul
FUN_036204_168115,39,40,38,38,5-fold,-13.832232389156298,26.66472551573475,-13.62462996577057,26.114854491841086,193.8742216095696,0.99,8,-13.62462996577057,ElasticNet,Apul
FUN_008293_39890,39,4,4,4,5-fold,-1.9024703792380666,3.7785748656791136,-1.4471534824936154,2.5674311203022344,4080.9376929564337,0.1,0,-1.4471534824936154,ElasticNet,Apul
FUN_022467_98302,39,4,4,4,5-fold,-0.9231573275064939,1.2248596169308024,-0.5200198869333658,0.5393503442094454,1.0115191069065315,0.5,4,-0.5200198869333658,ElasticNet,Apul
FUN_037545_174278,39,8,8,8,5-fold,-4.111943185176281,7.205791005749703,-1.9563688058427648,3.6667992669101155,461.001578070458,0.99,1,-1.9563688058427648,ElasticNet,Apul
FUN_024124_108784,39,6,6,6,5-fold,-0.6308279871440708,0.5249682233491854,-0.3725051164247771,0.4039554183524933,3502.7645025249208,0.1,0,-0.3725051164247771,ElasticNet,Apul
FUN_039293_184722,39,6,6,6,5-fold,-0.5704877115824347,0.6369095815982279,-0.4790994985078692,0.6132763896723565,227.41617210341656,0.99,1,-0.4790994985078692,ElasticNet,Apul
FUN_034865_159915,39,26,23,23,5-fold,0.03911662658505186,0.16651340586782892,-0.13846472279075336,0.12281609728492385,131.95929052104236,0.99,10,0.03911662658505186,RF,Apul
FUN_038057_177850,39,8,8,8,5-fold,-0.402223868007319,0.357813842097928,-0.17546436420346576,0.25357480319452314,4629.623908374801,0.1,0,-0.17546436420346576,ElasticNet,Apul
FUN_043604_207106,39,9,8,8,5-fold,-0.24026750228728133,0.24439113875434582,-0.2519001119899861,0.19092140532695556,9.326387748595835,0.95,6,-0.24026750228728133,RF,Apul
FUN_004094_17806,39,20,14,14,5-fold,-2.1100656182670567,3.5145210683362675,-1.1468392924263902,2.2705910672566056,22.390084263314737,0.99,10,-1.1468392924263902,ElasticNet,Apul
FUN_041412_193350,39,17,13,13,5-fold,-0.45912720303207555,0.3361136819544129,-0.22856776266370407,0.22042581784250423,58.51115620811639,0.95,8,-0.22856776266370407,ElasticNet,Apul
FUN_025840_117820,39,5,4,4,5-fold,-1.3328462224582296,2.1280128188011744,-1.5436930337477746,2.833321240004421,3505.154803037238,0.1,0,-1.3328462224582296,RF,Apul
FUN_012314_59231,39,9,6,6,5-fold,-0.43262929552257434,0.529815217988755,-0.07924095519718773,0.0812195299031469,266.5749273017793,0.99,2,-0.07924095519718773,ElasticNet,Apul
FUN_008013_38189,39,2,2,2,5-fold,0.08296558076631166,0.24302602946545132,-2.0979612666588077,4.195488741467942,23.224675408904428,0.99,2,0.08296558076631166,RF,Apul
FUN_011863_55691,39,3,3,3,5-fold,-1.4349267908911512,1.0012922267739794,-0.9204196626935325,1.3661234312945012,3108.053160817821,0.1,0,-0.9204196626935325,ElasticNet,Apul
FUN_043603_207101,39,7,6,6,5-fold,-0.7948510784339228,0.5665125943914842,-0.4257225874454386,0.40840876536163256,385.31928718885194,0.99,1,-0.4257225874454386,ElasticNet,Apul
FUN_042991_202306,39,2,2,2,5-fold,-0.9185969924938716,0.8714178720166396,-0.9014181214386937,1.0185565856810626,2341.5552254979657,0.1,0,-0.9014181214386937,ElasticNet,Apul
FUN_040059_188065,39,7,7,7,5-fold,-1.404313059810086,2.27906882135003,-1.4861351788480937,2.6401003109033927,8.418337165566529,0.1,7,-1.404313059810086,RF,Apul
FUN_016667_80956,39,28,15,15,5-fold,-2.6129129825103634,2.0040608896062144,-1.4896167745885651,0.8841775328871282,530.3941919931738,0.95,1,-1.4896167745885651,ElasticNet,Apul
FUN_031699_143495,39,5,5,5,5-fold,-1.1566510667560839,0.7673956020436243,-0.7840583737789207,0.5131175997568016,2781.8254368543844,0.1,0,-0.7840583737789207,ElasticNet,Apul
FUN_043521_206328,39,3,3,3,5-fold,-0.8169518590987235,0.5122276098845528,-0.37137594242920063,0.3575637523980273,271.50307047600006,0.99,1,-0.37137594242920063,ElasticNet,Apul
FUN_000908_3924,39,3,3,3,5-fold,-1.0380510023409908,1.1316428711207867,-1.3636344150137272,1.560802300257335,2808.4089982410546,0.1,0,-1.0380510023409908,RF,Apul
FUN_023515_105727,39,7,4,4,5-fold,-14.013324899233305,27.715423247037375,-13.294697880429046,26.494928805691757,582.9710301919397,0.1,0,-13.294697880429046,ElasticNet,Apul
FUN_034802_159307,39,10,3,3,5-fold,-1.9976003799647235,3.7899876724185395,-1.8633542708665487,3.576175108895121,1069.3993703363594,0.1,0,-1.8633542708665487,ElasticNet,Apul
FUN_038883_183450,39,11,5,5,5-fold,-0.33792699600225007,0.44595008281545606,-0.20040620539076692,0.19522091933359362,2908.0939177244477,0.1,0,-0.20040620539076692,ElasticNet,Apul
FUN_025752_117232,39,3,3,3,5-fold,-22.11158691353822,44.16641751864591,-35.36153100737665,70.5275486381153,3.3804794223629053,0.5,3,-22.11158691353822,RF,Apul
FUN_014983_71742,39,4,2,2,5-fold,-0.1493718012612528,0.18298159088295204,-0.33948245607343475,0.6145900447190179,1.9219430089055873,0.99,2,-0.1493718012612528,RF,Apul
FUN_012136_57671,39,6,5,5,5-fold,-0.21015046691003053,0.23775983921887364,0.003953906952772557,0.310627870999138,18.59886569133964,0.99,5,0.003953906952772557,ElasticNet,Apul
FUN_016711_81182,39,13,6,6,5-fold,-0.33532093730132423,0.23418330984570113,-0.13703330562715962,0.16590567940671405,2967.4631422376033,0.1,0,-0.13703330562715962,ElasticNet,Apul
FUN_038511_181640,39,9,8,8,5-fold,-0.6889307654449395,0.6342084011172064,-0.28602973273821564,0.3215586105075311,24.963567433172276,0.5,8,-0.28602973273821564,ElasticNet,Apul
FUN_037961_176947,39,2,2,2,5-fold,-0.2780262176942144,0.13725931819283185,-0.115747519025774,0.12954174150376688,933.4704114009845,0.1,0,-0.115747519025774,ElasticNet,Apul
FUN_008418_40801,39,6,6,6,5-fold,-1.1152486978270875,2.360562478100846,-0.7833039859591617,1.6311134575166568,37.00454848522263,0.99,5,-0.7833039859591617,ElasticNet,Apul
FUN_028871_132168,39,2,2,2,5-fold,-0.7394315917666507,1.098068928636022,-0.6521939485911761,0.7198146240516127,596.5338545451007,0.1,0,-0.6521939485911761,ElasticNet,Apul
FUN_007645_36036,39,10,10,10,5-fold,-0.7930784731939235,1.1116339855964301,-0.668057800254932,0.8581957954256478,80.28073391627179,0.99,7,-0.668057800254932,ElasticNet,Apul
FUN_010832_51631,39,13,12,12,5-fold,-0.36922272638619713,0.32269695514154,-0.36605793588354507,0.4065078415190771,63.98174255463921,0.99,9,-0.36605793588354507,ElasticNet,Apul
FUN_025752_117234,39,4,4,4,5-fold,-34.944345939909915,69.39485487843851,-28.927186787917446,57.68964372204822,1991.6421377707247,0.1,0,-28.927186787917446,ElasticNet,Apul
FUN_036176_167931,39,2,2,2,5-fold,-0.6888356040608548,0.38683733182319896,-0.5875228791177868,0.6142925981035946,0.692090960701105,0.5,2,-0.5875228791177868,ElasticNet,Apul
FUN_004094_17804,39,31,29,29,5-fold,-2.9285449122054987,5.14375384618438,-1.3305885348214288,2.5870851931284835,351.9528388406644,0.99,1,-1.3305885348214288,ElasticNet,Apul
FUN_037459_173753,39,4,4,4,5-fold,-0.5840510354631293,0.2737154985494081,-0.2794065374840731,0.2225028462035581,47.69516657015822,0.99,4,-0.2794065374840731,ElasticNet,Apul
FUN_038569_181968,39,23,22,22,5-fold,-52.92869693954784,105.37677111221723,-21.164600481796747,42.03351778705821,11.89093909579728,0.95,16,-21.164600481796747,ElasticNet,Apul
FUN_026155_120203,39,8,8,8,5-fold,-1.1511615075738786,1.6845821996310988,-0.7854695199468639,1.3747751960087489,132.90709307070736,0.99,5,-0.7854695199468639,ElasticNet,Apul
FUN_025582_116183,39,7,7,7,5-fold,-0.586294644909325,0.4505304663319312,-0.31456400581932503,0.23696805162672893,81.53377831475213,0.99,4,-0.31456400581932503,ElasticNet,Apul
FUN_034422_158063,39,3,3,3,5-fold,-6.8859096874919015,13.552400603174203,-4.307700831422156,8.254694696065856,1.8487918220381443,0.5,3,-4.307700831422156,ElasticNet,Apul
FUN_004289_19130,39,41,26,26,5-fold,-3.6867353037406607,5.4583222189136595,-3.121989664044495,4.38069608680274,6499.609363928874,0.1,0,-3.121989664044495,ElasticNet,Apul
FUN_011916_56106,39,51,42,42,5-fold,-2.61763706628909,3.4952259093771176,-1.8481519356964384,2.604124291517397,5354.333705730965,0.1,0,-1.8481519356964384,ElasticNet,Apul
FUN_002601_13009,39,3,2,2,5-fold,-1.4150396079651801,2.419563528405466,-0.8377593535386858,0.9180341509184565,1.273130699633076,0.9,2,-0.8377593535386858,ElasticNet,Apul
FUN_009959_48485,39,17,12,12,5-fold,-0.5527056075563972,0.4222829869267787,-0.3851986692990188,0.2593660434373578,4261.737764436481,0.1,0,-0.3851986692990188,ElasticNet,Apul
FUN_011896_55944,39,13,9,9,5-fold,-0.44098614657438207,0.9812087727249231,-0.502897888570164,0.45375025800015734,69.50846396054602,0.99,7,-0.44098614657438207,RF,Apul
FUN_035747_165206,39,2,2,2,5-fold,-4.599855969463624,7.888324032417623,-3.223126029820656,5.167377062444002,17.758119636090836,0.99,1,-3.223126029820656,ElasticNet,Apul
FUN_024677_111974,39,86,69,69,5-fold,-5.37575110776236,10.069836366564644,-2.3993184944598354,4.464939488074796,512.5711037505488,0.99,0,-2.3993184944598354,ElasticNet,Apul
FUN_038057_177849,39,6,6,6,5-fold,-0.3681711369662036,0.34806980407213,-0.4521059947524363,0.4629169466894352,3008.7573476869507,0.1,0,-0.3681711369662036,RF,Apul
FUN_034802_159306,39,8,7,7,5-fold,-5.0880203224310545,9.925295503768462,-3.804661594488858,7.611672086945805,72.71888351616715,0.99,5,-3.804661594488858,ElasticNet,Apul
FUN_038626_182326,39,12,8,8,5-fold,-2.806230329531883,4.8670218776084395,-2.7995207980566583,4.145724549798555,581.3196994147845,0.7,1,-2.7995207980566583,ElasticNet,Apul
FUN_024087_108677,39,8,8,8,5-fold,-0.4978666002921825,0.6564111076167352,-0.4299902088197669,0.6143478497053075,4.773841410456952,0.95,8,-0.4299902088197669,ElasticNet,Apul
FUN_028873_132172,39,5,5,5,5-fold,-0.4521885429963953,0.8442922875128136,-0.6579102531495019,0.7707218655779425,4910.258191368122,0.1,0,-0.4521885429963953,RF,Apul
FUN_037961_176946,39,10,10,10,5-fold,-0.2516978279362568,0.230410206891507,-0.32833789790958096,0.2116285458457105,86.2631699191372,0.99,7,-0.2516978279362568,RF,Apul
FUN_027938_127411,39,11,9,9,5-fold,-0.32469977017138707,0.3001547224252304,-0.24932064019621847,0.1976630344183193,215.58199312434635,0.99,3,-0.24932064019621847,ElasticNet,Apul
FUN_043299_204581,39,9,7,7,5-fold,-31.38771450703108,61.92915976985695,-18.128643260677997,36.04879623512746,1416.107981788638,0.1,0,-18.128643260677997,ElasticNet,Apul
FUN_014842_70552,39,11,3,3,5-fold,-1.4318815280850505,1.7009283985082866,-1.0564121961531587,1.5193233107464603,1776.99110183049,0.1,0,-1.0564121961531587,ElasticNet,Apul
FUN_041674_195287,39,4,4,4,5-fold,-0.4979295579793465,0.4601718797654061,-0.386549424233662,0.3466381792170718,1.3748557945810087,0.5,4,-0.386549424233662,ElasticNet,Apul
FUN_009023_44903,39,28,20,20,5-fold,-0.180858664039894,0.1822582225932048,-0.19308773228382003,0.2359446611879009,74.66747334549395,0.99,14,-0.180858664039894,RF,Apul
FUN_040708_191273,39,25,12,12,5-fold,-0.6402490898006572,0.9199205329835021,-0.5156548600457262,0.6211037807609016,4.465965819332912,0.1,12,-0.5156548600457262,ElasticNet,Apul
FUN_040059_188067,39,8,5,5,5-fold,-2.9423346083852673,5.458159550773478,-2.5949272740971407,5.069910072282315,5.684852464893265,0.9,5,-2.5949272740971407,ElasticNet,Apul
FUN_014780_70093,39,7,7,7,5-fold,-0.5691182537583503,0.6341826552212834,-0.3556517989776652,0.26667740625285646,4542.755081036354,0.1,0,-0.3556517989776652,ElasticNet,Apul
FUN_033860_154396,39,2,2,2,5-fold,-0.7741211701749456,0.38716134559900317,-0.5169245623665435,0.3241451495236622,1635.5606462866465,0.1,0,-0.5169245623665435,ElasticNet,Apul
FUN_015398_74335,39,55,47,47,5-fold,-0.8285916977115303,0.8922878217020697,-0.996063679209606,0.9288037760736821,12.295099424487747,0.1,46,-0.8285916977115303,RF,Apul
FUN_016484_79952,39,3,3,3,5-fold,-1.6437373767065826,1.7271784793140288,-1.1109016962833445,1.6291336745624467,3442.4710740860223,0.1,0,-1.1109016962833445,ElasticNet,Apul
FUN_012136_57673,39,8,8,8,5-fold,-0.7478307919926002,0.895761745715577,-6.268420638215767,11.539498975424392,26.690490719410366,0.99,7,-0.7478307919926002,RF,Apul
FUN_006980_33734,39,8,8,8,5-fold,-14.943681498061181,29.329072117538104,-12.29606874381316,22.80063109932081,2625.948519512776,0.1,0,-12.29606874381316,ElasticNet,Apul
FUN_000398_1840,39,3,2,2,5-fold,-0.26956860416146106,0.2244744506345931,-0.19094128694869877,0.16701241000178174,2359.433737082204,0.1,0,-0.19094128694869877,ElasticNet,Apul
FUN_043521_206329,39,8,8,8,5-fold,-0.5925894425051099,0.4006518654721748,-0.41404474146171316,0.41996142015212556,3951.4440921642217,0.1,0,-0.41404474146171316,ElasticNet,Apul
FUN_038067_177917,39,9,9,9,5-fold,-0.28730589151134356,0.15907850476257648,-0.3010393173733054,0.19135126958975987,386.2371762233685,0.99,0,-0.28730589151134356,RF,Apul
FUN_001912_10463,39,26,21,21,5-fold,-357.4834217168797,580.8577929546753,-86.75073498082683,125.88027755779419,1639.5409317086871,0.1,0,-86.75073498082683,ElasticNet,Apul
FUN_025782_117435,39,4,4,4,5-fold,-0.7273431830151948,0.9824197683034127,-0.5455371363860027,0.6294916165182676,2194.713337258291,0.1,0,-0.5455371363860027,ElasticNet,Apul
FUN_012340_59419,39,10,6,6,5-fold,-1.4110096630641185,1.3738701775147508,-2.605549973454528,3.917165034355825,13.00719482300289,0.99,5,-1.4110096630641185,RF,Apul
FUN_032113_146112,39,15,11,11,5-fold,-0.5141338252702863,0.7250922292894696,-0.23928008247260107,0.2730991685681734,52.58908259528939,0.95,7,-0.23928008247260107,ElasticNet,Apul
FUN_029761_137285,39,14,10,10,5-fold,-0.7460149197210213,0.3416198728518556,-0.6810054082106765,0.653292606451505,3135.9937235296425,0.1,0,-0.6810054082106765,ElasticNet,Apul
FUN_040444_190158,39,7,7,7,5-fold,-0.6868101602967419,0.7002013456682092,-0.8062822326776858,1.3857249191064194,1.8825124562357136,0.5,7,-0.6868101602967419,RF,Apul
FUN_000393_1816,39,6,6,6,5-fold,-0.6387265618883411,0.8883962860139574,-0.4405317571829757,0.5451211757961663,3711.616888110178,0.1,0,-0.4405317571829757,ElasticNet,Apul
FUN_038052_177786,39,11,7,7,5-fold,-0.1997209656728972,0.1431228883531531,-0.2698280061159726,0.19639022991680458,123.5404789387282,0.99,3,-0.1997209656728972,RF,Apul
FUN_010667_50488,39,3,3,3,5-fold,-0.15231998356818224,0.26116781497796254,-0.12828509116303843,0.09964064834396491,0.8059779789623412,0.5,3,-0.12828509116303843,ElasticNet,Apul
FUN_010920_52073,39,12,8,8,5-fold,-1.2924585803669282,1.606094888222941,-1.068193793861472,1.3978179700848963,291.59308331013835,0.99,1,-1.068193793861472,ElasticNet,Apul
FUN_017852_84161,39,40,30,30,5-fold,-0.4839918525510127,0.9172658627539522,-1.3440284736333503,1.577929506355829,4.200681405181957,0.5,28,-0.4839918525510127,RF,Apul
FUN_001221_6188,39,12,10,10,5-fold,-0.2792887550473666,0.4450760413672426,-0.14003205328824225,0.11188292900989653,1502.219117657514,0.1,0,-0.14003205328824225,ElasticNet,Apul
FUN_040059_188066,39,6,5,5,5-fold,-1.7064886693781254,3.0011177980773707,-1.7750038118081544,3.211726049302492,2975.2877639157036,0.1,0,-1.7064886693781254,RF,Apul
FUN_032277_147236,39,6,6,6,5-fold,-0.3386436615237075,0.13343931657503486,-0.11346292473166002,0.14197235460697316,2.863172509827277,0.5,6,-0.11346292473166002,ElasticNet,Apul
FUN_034833_159514,39,32,30,30,5-fold,-0.5592397686767313,0.33506991718508494,-0.3700171796686672,0.5124037151294606,3843.135265722648,0.1,0,-0.3700171796686672,ElasticNet,Apul
FUN_017915_84591,39,2,2,2,5-fold,-15.568195611714433,30.251132447730686,-16.28394373901261,32.43321629118593,2359.7602038020364,0.1,0,-15.568195611714433,RF,Apul
FUN_001532_8308,39,9,5,5,5-fold,-2.3292497359766835,4.338521951282917,-2.310012715532408,4.312194692678368,19.78217562409783,0.99,5,-2.310012715532408,ElasticNet,Apul
FUN_004626_21627,39,17,14,14,5-fold,-5.37242748929237,9.714244438989184,-1.8666591722675907,3.214790337298918,2383.3516640033727,0.1,0,-1.8666591722675907,ElasticNet,Apul
FUN_041432_193419,39,28,13,13,5-fold,-1.3555292445550005,1.9361001850099782,-0.4865808974430405,0.6457941886391497,20.366187233866995,0.99,12,-0.4865808974430405,ElasticNet,Apul
FUN_037473_173834,39,24,24,24,5-fold,-0.5251446097698473,0.3991717723034716,-0.4187983983280025,0.36517790306946113,2531.7806241325266,0.1,0,-0.4187983983280025,ElasticNet,Apul
FUN_035392_163148,39,32,26,26,5-fold,-0.2711674527553606,0.6433496208234956,-0.452068590340126,0.34261919045942846,13.316458508085976,0.7,26,-0.2711674527553606,RF,Apul
FUN_033989_155240,39,4,4,4,5-fold,-10.414728426290711,20.314262140723965,-13.399593327705764,26.636103459983705,3015.6379652926435,0.1,0,-10.414728426290711,RF,Apul
FUN_037761_175345,39,33,22,22,5-fold,-0.4017333058514886,0.4327080776715086,-0.1949610867952709,0.12318371076241874,2763.343260370431,0.1,0,-0.1949610867952709,ElasticNet,Apul
FUN_001654_9152,39,18,18,18,5-fold,-1.2304382725580527,1.7867669964864552,-0.756516205169072,1.2875291772188684,3303.1282457368648,0.1,0,-0.756516205169072,ElasticNet,Apul
FUN_025459_115394,39,2,2,2,5-fold,-0.798945984247257,1.2870843660788558,-0.7225445222861163,1.3099381479340777,5.292661077581167,0.5,2,-0.7225445222861163,ElasticNet,Apul
FUN_008194_39335,39,6,6,6,5-fold,-0.8083700496950496,0.9008968618801968,-0.7977548781074331,1.251883200869129,266.6923878185948,0.99,2,-0.7977548781074331,ElasticNet,Apul
FUN_034892_160104,39,2,2,2,5-fold,-4.256580994242895,7.998325946690975,-3.253405878744007,6.1062388521975945,2966.6240646395936,0.1,0,-3.253405878744007,ElasticNet,Apul
FUN_012705_61537,39,10,5,5,5-fold,-0.25908203242936373,0.39697837909112715,-0.2261188055019606,0.1681765028218979,10.9087652121236,0.99,5,-0.2261188055019606,ElasticNet,Apul
FUN_004698_22094,39,136,106,100,5-fold,-14.257150260103066,28.408663256435762,-9.358638104092282,18.204908295059496,6559.003833521999,0.1,0,-9.358638104092282,ElasticNet,Apul
FUN_038067_177916,39,17,15,15,5-fold,-0.3263762763417031,0.305317858138806,-0.3274116209176188,0.2967533460759459,16.00838917649573,0.99,15,-0.3263762763417031,RF,Apul
FUN_024750_112281,39,58,38,38,5-fold,-7.339198274821551,14.384698734679663,-8.241690893977722,16.058194792921878,760.5393696149472,0.99,1,-7.339198274821551,RF,Apul
FUN_011770_55152,39,16,16,16,5-fold,-13.27754383555465,25.41426754058791,-16.215730332886363,31.92850832451132,3819.095491524491,0.1,0,-13.27754383555465,RF,Apul
FUN_038903_183555,39,18,17,17,5-fold,-1.3820855018842242,1.715636692289742,-0.6174108816630589,1.1079729034906416,2239.8455116597625,0.1,0,-0.6174108816630589,ElasticNet,Apul
FUN_010920_52074,39,11,7,7,5-fold,-1.034589233123667,0.7763627352461799,-0.782849931428238,0.8246639097295267,2111.442664498404,0.1,0,-0.782849931428238,ElasticNet,Apul
FUN_025584_116192,39,22,22,22,5-fold,-1.4008739262483814,2.583301988640615,-0.7049601185168546,1.312434850329703,3547.7926431339697,0.1,0,-0.7049601185168546,ElasticNet,Apul
FUN_037369_173210,39,9,9,9,5-fold,-0.3514402226486501,0.43861630997729634,-0.2917951735374217,0.2947049518189956,11181.239020661918,0.1,0,-0.2917951735374217,ElasticNet,Apul
FUN_004720_22296,39,24,14,14,5-fold,-25.290553219064567,48.982956453315715,-7.719618095629949,15.173925136850894,4686.225832141764,0.1,0,-7.719618095629949,ElasticNet,Apul
FUN_022958_101899,39,45,32,32,5-fold,-0.3288651993215751,0.264204531269626,-0.26388281847493983,0.2788676010369309,372.52353225983666,0.99,3,-0.26388281847493983,ElasticNet,Apul
FUN_038340_180401,39,2,2,2,5-fold,-0.8211593685299505,0.6156555359929519,-0.5786354417265993,0.59379715122064,4.421260398759371,0.1,2,-0.5786354417265993,ElasticNet,Apul
FUN_024438_110534,39,151,132,100,5-fold,-0.3849359467175912,0.6904433150507681,-1.1314424260419658,2.0363005565794796,60.171672491704186,0.99,46,-0.3849359467175912,RF,Apul
FUN_041628_194959,39,5,3,3,5-fold,-0.2460649968481956,0.2912204522296101,-0.15758699851424152,0.2726952090297131,1544.996892309636,0.1,0,-0.15758699851424152,ElasticNet,Apul
FUN_024432_110520,39,5,4,4,5-fold,-6.4166294676480025,12.190345596848672,-3.405704617382517,6.55433186969031,1.46708341285328,0.5,4,-3.405704617382517,ElasticNet,Apul
FUN_037815_175876,39,9,6,6,5-fold,-11.480536714630954,16.7797706535901,-9.441084743773533,13.305775630252167,24.067830567872377,0.1,6,-9.441084743773533,ElasticNet,Apul
FUN_024346_109905,39,17,14,14,5-fold,-0.33702053289155454,0.36850981685973644,-42.798320263019676,84.85378213739396,2766.575129203285,0.1,0,-0.33702053289155454,RF,Apul
FUN_004306_19320,39,8,6,6,5-fold,-7.464829755461364,13.2001220332676,-3.4362064831165213,5.405368292430895,2385.97167644989,0.1,0,-3.4362064831165213,ElasticNet,Apul
FUN_040059_188069,39,8,5,5,5-fold,-7.599240037053851,14.62017176051554,-4.590473340611405,8.83040952782067,1.0547939454577604,0.7,5,-4.590473340611405,ElasticNet,Apul
FUN_035247_162435,39,7,6,6,5-fold,-0.38107497812322216,0.6719976404148946,-0.24086271336030843,0.3862603898609248,2055.1109499608942,0.1,0,-0.24086271336030843,ElasticNet,Apul
FUN_023205_103750,39,15,13,13,5-fold,-0.19162911589927342,0.19770229339818401,-0.20460106881841242,0.1862026939403778,2432.5023637598447,0.1,0,-0.19162911589927342,RF,Apul
FUN_029392_135612,39,2,2,2,5-fold,-2.7516088467475526,3.316047289784511,-2.4319517667803274,4.104628121709481,631.241087564389,0.1,0,-2.4319517667803274,ElasticNet,Apul
FUN_025791_117510,39,32,25,25,5-fold,-3.451191075803618,6.037467200533968,-1.7726687554375704,3.342388514713083,82.39669213127772,0.99,17,-1.7726687554375704,ElasticNet,Apul
FUN_022188_96345,39,5,5,5,5-fold,-0.8516708432401426,1.0547001003627787,-0.37127795521085316,0.4756092332618007,3340.6777564620575,0.1,0,-0.37127795521085316,ElasticNet,Apul
FUN_011863_55687,39,4,4,4,5-fold,-0.5598340536043077,0.5783864653585027,-0.18181885504930678,0.12348488000891407,5.999758822059066,0.1,4,-0.18181885504930678,ElasticNet,Apul
FUN_007676_36178,39,12,10,10,5-fold,-2.9703027667087114,3.345727547212606,-2.2495569775959323,2.4720630079909705,1.8138296957384803,0.5,10,-2.2495569775959323,ElasticNet,Apul
FUN_016075_76861,39,6,6,6,5-fold,-4.51195925210078,7.856827533289814,-3.444051109552993,5.894493511502782,59.49208845671521,0.99,4,-3.444051109552993,ElasticNet,Apul
FUN_031699_143494,39,4,4,4,5-fold,-1.9108061438607387,1.6021699194309023,-0.793047937219915,0.7088417195391872,2384.929430304282,0.1,0,-0.793047937219915,ElasticNet,Apul
FUN_032709_149807,39,8,8,8,5-fold,-0.08442191331327191,0.3491879746221683,-0.1377878735661958,0.13011406791177804,184.4453270268673,0.99,4,-0.08442191331327191,RF,Apul
FUN_004876_23349,39,15,8,8,5-fold,-3.9344844061790925,7.589717395224651,-1.332035510188159,2.3088214310474116,2236.9503676874338,0.1,0,-1.332035510188159,ElasticNet,Apul
FUN_043604_207109,39,7,7,7,5-fold,-0.5444524651876236,0.6315901692243935,-0.13707768974832552,0.18816690131833233,2522.014020343776,0.1,0,-0.13707768974832552,ElasticNet,Apul
FUN_000908_3921,39,4,4,4,5-fold,-1.3284128612046786,2.7652379227280073,-0.583504694881029,1.1979002707687092,8.182479383369325,0.99,4,-0.583504694881029,ElasticNet,Apul
FUN_016076_76867,39,2,2,2,5-fold,-0.08062880114469675,0.41658174227774036,-0.12123254647018004,0.2702972843262286,1.1480740089159238,0.5,2,-0.08062880114469675,RF,Apul
FUN_025746_117158,39,46,29,29,5-fold,-2.4310557960745185,4.2248106590693295,-1.9221568209858582,3.415792841998279,9.592943901093701,0.1,29,-1.9221568209858582,ElasticNet,Apul
FUN_016796_81523,39,48,36,36,5-fold,-1.3204276592312107,1.5334345124133895,-1.480883706319552,2.3529399258658064,1.036124732615944,0.5,36,-1.3204276592312107,RF,Apul
FUN_026024_119325,39,19,15,15,5-fold,-1.6082003993878888,2.7575854610716672,-2.1185843450340753,3.762565122844942,4037.5359201420347,0.1,0,-1.6082003993878888,RF,Apul
FUN_028077_128172,39,13,10,10,5-fold,-0.4201454763731432,0.4426203491913324,-0.3293728594621156,0.40153365006306363,2475.4081658258406,0.1,0,-0.3293728594621156,ElasticNet,Apul
FUN_043326_204837,39,76,67,67,5-fold,-1.1101374412517049,1.517734177734085,-0.6598466419171872,0.7445144131050748,7645.728995341948,0.1,0,-0.6598466419171872,ElasticNet,Apul
FUN_042813_200925,39,8,6,6,5-fold,-9.912761612112932,17.27736061238543,-13.950336467963348,27.834551703917917,1.1140388470156075,0.99,6,-9.912761612112932,RF,Apul
FUN_031268_141353,39,10,10,10,5-fold,-13.473130566714033,26.299125069915974,-7.114984262585575,14.116257613849525,3101.401194044096,0.1,0,-7.114984262585575,ElasticNet,Apul
FUN_026303_121203,39,9,7,7,5-fold,-2.1463188154464996,4.044997229678073,-1.7605973564792012,3.392059218326908,2.0934764642142545,0.99,5,-1.7605973564792012,ElasticNet,Apul
FUN_014916_71171,39,10,7,7,5-fold,-0.45162796128940946,0.4953668435252601,-0.1893111653654092,0.29599144411546624,1.3738452980830158,0.5,7,-0.1893111653654092,ElasticNet,Apul
FUN_001648_9120,39,2,2,2,5-fold,-1.1379370277269771,1.2606846100234295,-0.7591745537618284,1.1129191303149653,1268.8031571072029,0.1,0,-0.7591745537618284,ElasticNet,Apul
FUN_008642_42443,39,7,7,7,5-fold,-5.919597235568078,11.582935945720719,-5.0904464222919135,9.761602404317552,178.79332755860216,0.99,2,-5.0904464222919135,ElasticNet,Apul
FUN_025685_116775,39,4,4,4,5-fold,-0.3087513208361141,0.4595633942340172,-0.19328271247967435,0.282656738452771,68.73563148150852,0.99,4,-0.19328271247967435,ElasticNet,Apul
FUN_032151_146394,39,13,12,12,5-fold,-0.6377899488090967,1.199940524229536,-0.34179011857877606,0.46969379658263016,113.81186759456111,0.99,8,-0.34179011857877606,ElasticNet,Apul
FUN_041732_195707,39,13,13,13,5-fold,-99.73723282303447,199.14960744256294,-63.38996054196368,126.96193843205664,2.502413553060801,0.9,13,-63.38996054196368,ElasticNet,Apul
FUN_035728_165084,39,14,10,10,5-fold,-4.135782052327492,6.965741598016962,-2.4731541174219767,4.007979549059298,1.12620027431095,0.9,10,-2.4731541174219767,ElasticNet,Apul
FUN_005075_24470,39,9,9,9,5-fold,-6.52503850201167,6.165506693049137,-3.123129950083336,4.283984331580127,2061.3068222134343,0.1,0,-3.123129950083336,ElasticNet,Apul
FUN_001654_9153,39,4,3,3,5-fold,-0.7334950983726929,0.6043589683528651,-0.2708880527295693,0.36277072989291376,45.56641775431101,0.99,3,-0.2708880527295693,ElasticNet,Apul
FUN_016396_79169,39,2,2,2,5-fold,-11.591769497822847,22.574982347424463,-10.420408189818746,20.55250597610187,2268.5125902157583,0.1,0,-10.420408189818746,ElasticNet,Apul
FUN_039778_186150,39,5,5,5,5-fold,-0.4173092105522752,0.36909541880658553,-0.28147179061377503,0.21161368740670183,0.5503080941956896,0.99,5,-0.28147179061377503,ElasticNet,Apul
FUN_029173_134220,39,4,4,4,5-fold,-0.8561463977418515,1.1186663864914685,-0.7105273556035179,1.0701528621641665,2935.1026455435276,0.1,0,-0.7105273556035179,ElasticNet,Apul
FUN_024424_110486,39,5,5,5,5-fold,-1.3474558283005396,2.2368415371298154,-0.47472643753235655,0.7210376843191282,3.550098785993018,0.5,5,-0.47472643753235655,ElasticNet,Apul
FUN_038564_181939,39,6,2,2,5-fold,-0.69243572453741,0.9493679069374827,-0.39579454930207414,0.5588735042322985,0.37706704966768717,0.99,2,-0.39579454930207414,ElasticNet,Apul
FUN_042813_200926,39,3,3,3,5-fold,-7.335548483368875,13.77487501659314,-7.020834056193786,13.792592408462689,3474.973682924125,0.1,0,-7.020834056193786,ElasticNet,Apul
FUN_024764_112360,39,9,7,7,5-fold,-32.974934699335705,65.10035560411687,-46.806025075031116,93.4434797216191,2443.8282525439863,0.1,0,-32.974934699335705,RF,Apul
FUN_016393_79145,39,3,3,3,5-fold,-0.22641155098812046,0.39592709274272314,-0.1585592571025084,0.3137913164682742,2.2128633984001485,0.5,3,-0.1585592571025084,ElasticNet,Apul
FUN_025368_114945,39,11,11,11,5-fold,-1.2572834289337735,1.295323188043607,-0.7421904848610158,0.9392296894054748,3795.6254583901227,0.1,0,-0.7421904848610158,ElasticNet,Apul
FUN_016037_76645,39,8,8,8,5-fold,-12.366668707686049,24.40866248454453,-7.644532138421897,14.985063885132547,4010.693675471084,0.1,0,-7.644532138421897,ElasticNet,Apul
FUN_034039_155599,39,2,2,2,5-fold,-0.17127558386582065,0.6013749860447687,-0.37087805560701187,0.7390143895763417,39.26055923895373,0.99,2,-0.17127558386582065,RF,Apul
FUN_001179_5802,39,2,2,2,5-fold,-0.5097018877853735,0.5132096441630934,-0.29839912098901056,0.32875180538906773,4517.577054076918,0.1,0,-0.29839912098901056,ElasticNet,Apul
FUN_025979_118693,39,30,28,28,5-fold,-1.4171367103619428,1.9151448121337975,-0.49777333354325587,0.6839796459220673,278.57467824733527,0.99,5,-0.49777333354325587,ElasticNet,Apul
FUN_031221_141025,39,10,10,10,5-fold,-12.211234733803947,23.529901026824632,-14.379787776015693,28.207699533005275,9.542881517656147,0.9,10,-12.211234733803947,RF,Apul
FUN_012314_59232,39,14,14,14,5-fold,-0.17859511862634672,0.3139567096814539,-0.4243177973414515,0.48314960369005616,541.0356919865853,0.99,1,-0.17859511862634672,RF,Apul
FUN_026199_120457,39,9,9,9,5-fold,-0.6171010953836674,0.6060207125921693,-0.38735492954954454,0.19291877899635154,4.349349488016005,0.1,9,-0.38735492954954454,ElasticNet,Apul
FUN_026553_122507,39,14,5,5,5-fold,-0.4104221559497837,0.5400184114798696,-0.3534045194930563,0.527105306893721,6.099536133142083,0.95,5,-0.3534045194930563,ElasticNet,Apul
FUN_033989_155239,39,3,3,3,5-fold,-29.656290155378862,58.62240400075914,-23.908168108654355,47.64445781333642,3864.200747789958,0.1,0,-23.908168108654355,ElasticNet,Apul
FUN_029392_135611,39,4,4,4,5-fold,-12.259885910656989,23.236003250398845,-7.1929527207433335,13.712102696139535,1799.1581949122456,0.1,0,-7.1929527207433335,ElasticNet,Apul
FUN_043326_204836,39,14,10,10,5-fold,-7.724469332363592,13.843504885168887,-7.944264563504804,15.433651664336777,29.974288336092364,0.99,6,-7.724469332363592,RF,Apul
FUN_033051_151492,39,32,17,17,5-fold,-60.96792736751685,121.50396823293416,-48.42090524017765,96.6572583810087,5214.9706968422815,0.1,0,-48.42090524017765,ElasticNet,Apul
FUN_031075_140565,39,39,39,39,5-fold,-0.8597858173714009,0.942105289913428,-0.35050301799402367,0.5178308160652721,198.01218987504117,0.99,9,-0.35050301799402367,ElasticNet,Apul
FUN_024764_112359,39,8,8,8,5-fold,-46.892321162588544,93.15035059515307,-39.974266495778735,79.8167451191468,2216.0090364526977,0.1,0,-39.974266495778735,ElasticNet,Apul
FUN_043244_204080,39,2,2,2,5-fold,-0.1263510361704707,0.20162416469855704,-0.12109492160150626,0.16767206358109737,2078.849927667616,0.1,0,-0.12109492160150626,ElasticNet,Apul
FUN_015013_71972,39,8,8,8,5-fold,-4.4950378178256525,7.195495169848522,-5.303074323605524,10.134841193380481,273.78356977555524,0.99,1,-4.4950378178256525,RF,Apul
FUN_005032_24213,39,15,9,9,5-fold,-26.24228270489207,52.070669357619074,-17.634770191296948,34.86864241717168,690.5435527152678,0.9,1,-17.634770191296948,ElasticNet,Apul
FUN_043244_204079,39,4,4,4,5-fold,-0.41681687899896175,0.4711154467165692,-0.06746915539578131,0.0644775831718146,1691.4938605515063,0.1,0,-0.06746915539578131,ElasticNet,Apul
FUN_012314_59233,39,11,11,11,5-fold,-0.21651027770786002,0.29946429766000343,-0.14838181555805266,0.16019794853881028,0.49214300465346034,0.9,11,-0.14838181555805266,ElasticNet,Apul
FUN_014660_69203,39,11,8,8,5-fold,-0.39129579319140495,0.5245522280915786,-0.23243528931359175,0.10218679180764371,4.16265064059282,0.1,8,-0.23243528931359175,ElasticNet,Apul
FUN_008314_40004,39,13,8,8,5-fold,-1.428833749513315,1.0814815818495556,-0.5526419024077633,0.41500790172201685,3159.548607772964,0.1,0,-0.5526419024077633,ElasticNet,Apul
FUN_004156_18138,39,2,2,2,5-fold,-0.2374063190827853,0.4139495305238866,-0.13841134604607594,0.1571480431498922,2867.657280787162,0.1,0,-0.13841134604607594,ElasticNet,Apul
FUN_008013_38192,39,11,11,11,5-fold,-0.10497652768287853,0.2394607173191977,-0.0741107464725724,0.09587190995611332,4257.619043194985,0.1,0,-0.0741107464725724,ElasticNet,Apul
FUN_010914_51996,39,16,9,9,5-fold,-0.2875374374621744,0.2482188132069418,-31.971658083536425,63.66650189160742,6.1438891191585006,0.1,9,-0.2875374374621744,RF,Apul
FUN_000252_982,39,9,9,9,5-fold,-1.999686941874235,3.841162078594412,-1.565399340340956,2.9693228638181792,2724.454048743352,0.1,0,-1.565399340340956,ElasticNet,Apul
FUN_006986_33773,39,4,4,4,5-fold,-13.830740107070417,26.9575671319419,-9.995450753675723,19.775823924195944,4613.215003389023,0.1,0,-9.995450753675723,ElasticNet,Apul
FUN_041866_196866,39,5,5,5,5-fold,-0.25356348353541935,0.3685673123349036,-4.952173347038374,9.329412020747167,4.347735616884295,0.99,5,-0.25356348353541935,RF,Apul
FUN_014660_69206,39,10,7,7,5-fold,-0.324281166456798,0.7814135055193931,-0.20794701882436298,0.28600307052451823,1.3508912070289663,0.5,7,-0.20794701882436298,ElasticNet,Apul
FUN_042841_201246,39,2,2,2,5-fold,-0.1442065332502111,0.11804014604345073,-0.04453641312059187,0.06257299827377195,12.800841950235531,0.1,2,-0.04453641312059187,ElasticNet,Apul
FUN_015109_72643,39,7,6,6,5-fold,-0.2881971256259842,0.12013724390214789,-0.27882929148938,0.3758827774294846,3684.199758868655,0.1,0,-0.27882929148938,ElasticNet,Apul
FUN_041691_195376,39,4,2,2,5-fold,-0.2488032235379173,0.21274830231625746,-0.18266942663245184,0.11876797898001645,4.037849218689978,0.5,2,-0.18266942663245184,ElasticNet,Apul
FUN_004761_22546,39,11,7,7,5-fold,-0.6946116462433454,0.7098426334141542,-1.2868302395322249,2.2230536855822898,11.285112683615106,0.1,7,-0.6946116462433454,RF,Apul
FUN_042334_199192,39,14,5,5,5-fold,-0.978308864193286,1.2265708768568122,-0.4013940351653355,0.655700419705893,2459.342266076649,0.1,0,-0.4013940351653355,ElasticNet,Apul
FUN_011277_53468,39,9,9,9,5-fold,-0.9232210794193876,1.0095573917741838,-0.7636385448008125,0.8310397076263706,10.29780431089147,0.99,5,-0.7636385448008125,ElasticNet,Apul
FUN_001118_5401,39,3,3,3,5-fold,-0.22734800686088663,0.15862372523035795,-0.12089536508222505,0.12228928223788271,5466.864818340021,0.1,0,-0.12089536508222505,ElasticNet,Apul
FUN_010667_50489,39,2,2,2,5-fold,-0.5968532433771685,0.7570330009481342,-0.17305350780205764,0.09267902436583161,4.41600710493322,0.1,2,-0.17305350780205764,ElasticNet,Apul
FUN_034091_155917,39,7,7,7,5-fold,-0.7926767742834784,0.3127892786420144,-0.7355410370398421,0.5965373214394121,0.450332027116828,0.9,7,-0.7355410370398421,ElasticNet,Apul
FUN_024346_109904,39,13,12,12,5-fold,-0.617136339922369,0.6038133277863006,-0.2527972611241127,0.2388882128645006,127.33375491668768,0.9,4,-0.2527972611241127,ElasticNet,Apul
FUN_000518_2560,39,15,14,14,5-fold,-1.0462293030268797,1.3384465500440332,-0.9194888585545126,1.5182681170785801,23.296823788049537,0.99,13,-0.9194888585545126,ElasticNet,Apul
FUN_000393_1814,39,5,5,5,5-fold,-0.7010943275961117,0.7839041429951232,-0.30532768142714145,0.29600584380040407,3742.6397588072123,0.1,0,-0.30532768142714145,ElasticNet,Apul
FUN_043144_203186,39,7,7,7,5-fold,-0.5389906938994348,0.9399181254073112,-0.2027844625519653,0.5395190402493728,4.900793847898678,0.5,7,-0.2027844625519653,ElasticNet,Apul
FUN_006151_29203,39,31,21,21,5-fold,-1.1634804306278415,1.8338963309604688,-0.46510437568633006,0.5141992496230341,9.185931106016707,0.95,21,-0.46510437568633006,ElasticNet,Apul
FUN_034604_158614,39,13,13,13,5-fold,-1.5134831945562153,2.2324855375472032,-1.0144903754266648,1.618493040199078,306.32029357378116,0.99,0,-1.0144903754266648,ElasticNet,Apul
FUN_006776_32306,39,7,7,7,5-fold,-8.618252159813542,17.13379035066155,-11.457852693357115,22.472127580343916,2.9245430153357743,0.99,7,-8.618252159813542,RF,Apul
FUN_008883_43783,39,7,7,7,5-fold,-0.01236174892023092,0.2897600930714963,0.07995377191734161,0.16999203528053747,68.55477878318979,0.99,4,0.07995377191734161,ElasticNet,Apul
FUN_025367_114944,39,6,2,2,5-fold,-5.335803553617,10.518704314243088,-6.17691616304262,12.169428394103626,1982.2732414849377,0.1,0,-5.335803553617,RF,Apul
FUN_004094_17808,39,13,12,12,5-fold,-2.3964946114719368,3.6318728379009766,-0.8419455535822273,1.0483841127390334,7795.398884313874,0.1,0,-0.8419455535822273,ElasticNet,Apul
FUN_041705_195502,39,2,2,2,5-fold,-0.3487835689224258,0.338923428316757,-0.15077736729112554,0.08226640228150685,728.9301194840411,0.1,0,-0.15077736729112554,ElasticNet,Apul
FUN_005273_25710,39,7,7,7,5-fold,-1.3258932553474103,1.6195616631699776,-1.2419023873577724,1.4886937092544639,4360.671449101967,0.1,0,-1.2419023873577724,ElasticNet,Apul
FUN_007951_37783,39,4,4,4,5-fold,-0.2977839438084732,0.2537196186377629,-0.09316722030427935,0.0781216413996374,3166.986729542933,0.1,0,-0.09316722030427935,ElasticNet,Apul
FUN_033948_155013,39,12,11,11,5-fold,-0.1753568710431273,0.21461964053898852,-0.03927541744711138,0.12068468384013521,1.769766231341902,0.9,11,-0.03927541744711138,ElasticNet,Apul
FUN_038070_177927,39,2,2,2,5-fold,-1.4456877693542975,2.841475222444397,-0.26796655563175653,0.2253467199913925,4099.083875631375,0.1,0,-0.26796655563175653,ElasticNet,Apul
FUN_008013_38193,39,8,8,8,5-fold,-0.12204747085539289,0.2564592508037497,-0.07056743115410477,0.10579698700785747,1828.383061216215,0.1,0,-0.07056743115410477,ElasticNet,Apul
FUN_006980_33733,39,11,11,11,5-fold,-21.948929837824437,43.48787319742309,-12.848233362005283,25.543257261906643,2.1523537587763797,0.5,11,-12.848233362005283,ElasticNet,Apul
FUN_041722_195618,39,9,8,8,5-fold,-12.372878474797186,24.375630494469323,-4.417695973471899,8.399255651314283,194.88893467404685,0.99,3,-4.417695973471899,ElasticNet,Apul
FUN_034715_158902,39,2,2,2,5-fold,-1.3843635635223086,2.587262448295774,-1.5026531095316333,2.4858647985711686,1.966123359958657,0.5,2,-1.3843635635223086,RF,Apul
FUN_029308_135137,39,2,2,2,5-fold,-24.912960461479436,49.03178951185761,-15.349552759300575,30.470150919364656,524.8047695644627,0.1,0,-15.349552759300575,ElasticNet,Apul
FUN_043225_203832,39,48,43,43,5-fold,-21.260679619552132,41.6704614693719,-8.286375091398085,16.184953076450395,13.676388751021056,0.1,43,-8.286375091398085,ElasticNet,Apul
FUN_023984_107981,39,3,3,3,5-fold,-18.780902071237982,36.489224849995935,-12.870147572266415,25.135027885815678,2290.838242759099,0.1,0,-12.870147572266415,ElasticNet,Apul
FUN_034091_155913,39,4,4,4,5-fold,-1.9482018038992561,3.2188510991236243,-1.4805860583727781,2.7124297029055624,2965.2046031683717,0.1,0,-1.4805860583727781,ElasticNet,Apul
FUN_023682_106717,39,14,14,14,5-fold,-16.716463548836398,32.945840011380305,-20.345277490632487,40.41111542055637,514.2272790676417,0.99,5,-16.716463548836398,RF,Apul
FUN_015014_71974,39,9,8,8,5-fold,-20.463555543695225,40.164188073488226,-21.564775684574812,42.509992116537084,1.0208862694702414,0.5,8,-20.463555543695225,RF,Apul
FUN_024020_108185,39,10,3,3,5-fold,-0.7869449029792761,1.3639703915199461,-1.3814239394726744,2.0154732295299955,1989.048478569243,0.1,0,-0.7869449029792761,RF,Apul
FUN_016664_80942,39,20,20,20,5-fold,-14.855069266380202,30.178268349745796,-9.007645026569556,17.976452787598507,58.38717012173069,0.99,11,-9.007645026569556,ElasticNet,Apul
FUN_038503_181584,39,3,3,3,5-fold,-3.0335473595136433,4.6445641198716325,-2.3030203414086996,3.6504821211175478,4562.489726718997,0.1,0,-2.3030203414086996,ElasticNet,Apul
FUN_040858_191661,39,3,3,3,5-fold,-0.18329688183222714,0.11795189328011493,-0.16179300680851672,0.1403600865931606,2278.9741158014585,0.1,0,-0.16179300680851672,ElasticNet,Apul
FUN_028100_128421,39,6,6,6,5-fold,-44.94239811516307,89.66778841048881,-25.737861575203794,51.51180267972103,0.9078989256927441,0.5,6,-25.737861575203794,ElasticNet,Apul
FUN_006207_29446,39,19,8,8,5-fold,0.19826701427060237,0.23307225322204816,-0.20658048990719582,0.18148031770059814,124.19691181607568,0.99,6,0.19826701427060237,RF,Apul
FUN_016334_78534,39,3,3,3,5-fold,-0.6816156207129478,0.5687439811051029,-0.4024929630293146,0.48566083748045125,1.1998837334034567,0.5,3,-0.4024929630293146,ElasticNet,Apul
FUN_015243_73527,39,50,36,36,5-fold,-0.6870583785220878,0.6028995538142716,-0.20720938261542385,0.14667778340215054,216.80580839530137,0.99,7,-0.20720938261542385,ElasticNet,Apul
FUN_033753_153609,39,3,3,3,5-fold,-0.27173174571658654,0.5997711256332869,-0.9826414448562952,1.3862541785297846,3783.9873419851133,0.1,0,-0.27173174571658654,RF,Apul
FUN_014752_69879,39,3,3,3,5-fold,-4.904301291025986,9.419219909120605,-33.62756426775039,67.1234922850946,50.10274199196763,0.99,3,-4.904301291025986,RF,Apul
FUN_002358_11901,39,7,7,7,5-fold,-0.01755135625828417,0.27570584916545104,-0.4829421009583149,0.3536266211342704,3946.862319332643,0.1,0,-0.01755135625828417,RF,Apul
FUN_024193_109211,39,38,25,25,5-fold,-1.3770358167348864,2.677657165272425,-0.7420760410322875,1.151412537121422,76.64821715773223,0.95,20,-0.7420760410322875,ElasticNet,Apul
FUN_004003_17065,39,55,48,48,5-fold,-0.5946281563957632,0.8669768439557934,-0.643974600196257,0.8160099350805,6406.774619759786,0.1,0,-0.5946281563957632,RF,Apul
FUN_016711_81179,39,2,2,2,5-fold,-0.1550709900701613,0.2008703575839277,-0.14372510991487028,0.1861395517085391,20.658291440291915,0.99,2,-0.14372510991487028,ElasticNet,Apul
FUN_024468_110823,39,8,4,4,5-fold,-2.317953854025705,2.9071374499410334,-0.6449103466454096,0.6149746807661551,12.67317455024697,0.9,4,-0.6449103466454096,ElasticNet,Apul
FUN_041911_197240,39,3,3,3,5-fold,-3.3949945668693693,5.426987736851821,-4.107636462946493,7.026516631066265,6.629997229422887,0.1,3,-3.3949945668693693,RF,Apul
FUN_029356_135489,39,3,3,3,5-fold,-43.44784971801211,86.62528581145833,-124.44938182777437,248.5783086145703,6155.070292092206,0.1,0,-43.44784971801211,RF,Apul
FUN_028029_127977,39,14,14,14,5-fold,-0.01919510734774994,0.24091743716904568,-0.34017894780741165,0.4481274691898109,1.4037797242050019,0.7,14,-0.01919510734774994,RF,Apul
FUN_034791_159248,39,7,3,3,5-fold,-2.145471888565756,3.5845975155560876,-2.0814729306456554,3.820788306768945,2339.2424031812584,0.1,0,-2.0814729306456554,ElasticNet,Apul
FUN_014660_69205,39,13,13,13,5-fold,-0.5659818325846873,0.5159959304501585,-0.1913134972737466,0.13575740679920142,3975.2113106351385,0.1,0,-0.1913134972737466,ElasticNet,Apul
FUN_031077_140574,39,47,29,29,5-fold,-52.01488123253354,103.18727600807739,-39.19982963281861,77.05512446051553,86.4209958592566,0.95,24,-39.19982963281861,ElasticNet,Apul
FUN_023700_106821,39,5,5,5,5-fold,-13.556398060667183,25.969348308139693,-12.153034055479186,23.98274120977771,3228.0047738192593,0.1,0,-12.153034055479186,ElasticNet,Apul
FUN_031875_144531,39,9,8,8,5-fold,-0.47026538002018403,0.38181613954157656,-0.15850462605732502,0.1389408858977257,4107.62394206035,0.1,0,-0.15850462605732502,ElasticNet,Apul
FUN_012705_61536,39,17,17,17,5-fold,-0.3660692830857684,0.250351268438252,-0.3372565664070749,0.31751473952796755,5100.6166158273545,0.1,0,-0.3372565664070749,ElasticNet,Apul
FUN_043211_203735,39,12,12,12,5-fold,-2.676110925412354,4.564813681864162,-2.3343647252898863,4.1357168440985825,6102.908076877265,0.1,0,-2.3343647252898863,ElasticNet,Apul
FUN_028970_132640,39,19,18,18,5-fold,-0.9795595883059706,1.2008105529584945,-0.5501095639882267,0.5264236179698718,364.86763512674014,0.99,1,-0.5501095639882267,ElasticNet,Apul
FUN_028190_129017,39,26,24,24,5-fold,-0.7293538859417656,0.35235820537174345,-0.7177541161005109,0.5233820539950298,4.543183194105278,0.1,24,-0.7177541161005109,ElasticNet,Apul
FUN_000488_2419,39,5,5,5,5-fold,-0.3070015385226768,0.35231506237627447,-0.21703477331858778,0.29431248635041035,1.450270865485574,0.5,5,-0.21703477331858778,ElasticNet,Apul
FUN_025925_118422,39,6,6,6,5-fold,-0.2926201173157986,0.3837083663546458,-0.9928122410857838,1.6187240530028872,1.580193184658374,0.5,6,-0.2926201173157986,RF,Apul
FUN_002082_11046,39,47,33,33,5-fold,-0.3899412987988301,0.16418234796715292,-0.3012181455238617,0.22618565795659326,591.0540480104424,0.99,1,-0.3012181455238617,ElasticNet,Apul
FUN_004844_23183,39,18,13,13,5-fold,-0.2830900818800375,0.36513223318016214,-0.16270487862820945,0.17644952006372075,3.36785972785523,0.5,13,-0.16270487862820945,ElasticNet,Apul
FUN_001562_8538,39,2,2,2,5-fold,-47.872924705908716,95.32617134547813,-45.73057814880581,91.28865040841649,0.17859048778593406,0.9,2,-45.73057814880581,ElasticNet,Apul
FUN_015434_74559,39,11,11,11,5-fold,-0.19204979916205592,0.6412978688725083,-0.12243401751289358,0.2630464961132998,6.769771274284566,0.5,11,-0.12243401751289358,ElasticNet,Apul
FUN_022939_101739,39,6,6,6,5-fold,-3.574377304774361,4.3661908316402975,-3.8262544063520365,7.054246012527896,2169.1669101440416,0.1,0,-3.574377304774361,RF,Apul
FUN_031841_144270,39,6,5,5,5-fold,-1.415484642649361,2.0067619363235814,-3.0728258831269115,5.776099567918071,23.23348597898651,0.99,4,-1.415484642649361,RF,Apul
FUN_012359_59555,39,12,12,12,5-fold,-0.5411485547036757,0.33387394607953064,-0.2583947557541736,0.20358650234437972,4250.890432856452,0.1,0,-0.2583947557541736,ElasticNet,Apul
FUN_026487_122087,39,34,22,22,5-fold,-1.8961850124894517,2.757658345773582,-0.8710090775467222,1.3071121757064186,69.97507757630657,0.95,19,-0.8710090775467222,ElasticNet,Apul
FUN_038124_178360,39,37,35,35,5-fold,-0.470597644309676,0.7592764126065128,-0.5464388235715048,0.6624368553202218,105.01949246119763,0.95,28,-0.470597644309676,RF,Apul
FUN_003717_15852,39,2,2,2,5-fold,-12.157868744944812,23.288776339665553,-8.491254783842756,16.606148009310225,1987.3564439346048,0.1,0,-8.491254783842756,ElasticNet,Apul
FUN_031648_143220,39,12,12,12,5-fold,-15.171562077877159,30.625552180263288,-22.015579912775838,42.792507754553895,2908.226365027034,0.1,0,-15.171562077877159,RF,Apul
FUN_029103_133645,39,36,26,26,5-fold,-0.5392282663167356,0.6263201577326908,-0.294609856683577,0.38973627212414186,7698.300634185587,0.1,0,-0.294609856683577,ElasticNet,Apul
FUN_025361_114894,39,3,3,3,5-fold,-0.3421992918767235,0.7094614979581269,-0.3467837531397767,0.3173012886847126,13.448893861227985,0.1,3,-0.3421992918767235,RF,Apul
FUN_001453_7779,39,6,6,6,5-fold,-1.3870817219162825,2.1278269323063173,-0.8712967911275722,1.0615050781795439,12.499113788800948,0.1,6,-0.8712967911275722,ElasticNet,Apul
FUN_008995_44664,39,4,4,4,5-fold,-0.5153954350545882,0.34458013905178264,-0.1347853296019177,0.08908246171900942,3659.7226503109073,0.1,0,-0.1347853296019177,ElasticNet,Apul
FUN_038001_177261,39,2,2,2,5-fold,-0.5555557644431983,0.48710367574831354,-0.8923395572611822,0.8724444208864641,2110.5206436400304,0.1,0,-0.5555557644431983,RF,Apul
FUN_001118_5400,39,10,10,10,5-fold,-0.6080570533944181,0.48321075777394984,-0.16584452804961075,0.14213217952168256,284.4280680373802,0.99,1,-0.16584452804961075,ElasticNet,Apul
FUN_039778_186149,39,3,3,3,5-fold,-0.28171101739226273,0.3399307030343206,-0.3954535596597355,0.40599945248653124,1.5466006257783886,0.7,3,-0.28171101739226273,RF,Apul
FUN_028498_130833,39,54,42,42,5-fold,-2.2082139479055254,3.7520757087200223,-1.6048743833985348,2.505489133577005,79.33582874109936,0.99,27,-1.6048743833985348,ElasticNet,Apul
FUN_031270_141359,39,3,3,3,5-fold,-0.6300247115295393,0.8526778997497584,-0.3327575559448327,0.4423955524677295,3318.061950088997,0.1,0,-0.3327575559448327,ElasticNet,Apul
FUN_028029_127979,39,12,12,12,5-fold,-0.46157021071938387,0.46029369580151863,-0.23275859095642018,0.3264323879066725,4315.277367161183,0.1,0,-0.23275859095642018,ElasticNet,Apul
FUN_029664_136901,39,2,2,2,5-fold,-20.478890704944842,40.50118759964704,-16.80680361270911,33.58486398391486,14.05662138655077,0.95,2,-16.80680361270911,ElasticNet,Apul
FUN_025925_118424,39,4,4,4,5-fold,-0.6575751648008417,0.5560651784757912,-0.6771031679038721,0.8855728689206249,0.6713131512534528,0.99,4,-0.6575751648008417,RF,Apul
FUN_007024_34074,39,11,5,5,5-fold,-0.1530213377027383,0.19375308411528055,-0.10759739740213115,0.07322315679219213,8.94676196845847,0.99,4,-0.10759739740213115,ElasticNet,Apul
FUN_041944_197535,39,3,3,3,5-fold,-0.4877126218113591,0.41859059986282227,-0.3946699233790775,0.3595721557882954,4198.277402374646,0.1,0,-0.3946699233790775,ElasticNet,Apul
FUN_001325_6840,39,3,3,3,5-fold,-0.4405505899407102,0.6346752533689453,-0.21877518887218123,0.36959994310490324,48.82396104462076,0.99,2,-0.21877518887218123,ElasticNet,Apul
FUN_034023_155496,39,3,3,3,5-fold,-0.2634746503751535,0.22059291025807198,-0.31819019121464676,0.3629532140378872,11.653104666282765,0.7,3,-0.2634746503751535,RF,Apul
FUN_025659_116581,39,8,4,4,5-fold,-0.2882545805062179,0.5460589617397217,-0.37173931696609686,0.3686971490061594,0.8100528933977459,0.5,4,-0.2882545805062179,RF,Apul
FUN_024376_110131,39,4,4,4,5-fold,-0.2725638266204543,0.2540232240013546,-0.16637420422289542,0.165509052414218,2.085815994093172,0.5,4,-0.16637420422289542,ElasticNet,Apul
FUN_006619_31370,39,13,12,12,5-fold,-0.990024967052425,1.4106378732009548,-1.411312544866816,2.5382798522564616,269.82784239522107,0.99,2,-0.990024967052425,RF,Apul
FUN_034039_155598,39,2,2,2,5-fold,-0.5736810359592811,0.8726634671926791,-0.5368535048598725,0.5787960493270989,2973.0205076250577,0.1,0,-0.5368535048598725,ElasticNet,Apul
FUN_035840_165870,39,16,14,14,5-fold,-0.5103931939313824,0.6318623111825445,-0.4022384935093758,0.49118099724771347,2955.2312121778527,0.1,0,-0.4022384935093758,ElasticNet,Apul
FUN_004307_19325,39,2,2,2,5-fold,-0.2966722850424432,0.43795056638832885,0.004528404537589026,0.28922566830026786,11.994168585255409,0.99,2,0.004528404537589026,ElasticNet,Apul
FUN_040714_191293,39,55,36,36,5-fold,-0.4307546568542735,0.5997825968436454,-0.27169359729987286,0.32669908942624654,695.5638271767839,0.99,2,-0.27169359729987286,ElasticNet,Apul
FUN_028190_129015,39,24,23,23,5-fold,-0.30228803637714974,0.257249505758153,-0.3559929294043765,0.20732161073897531,15.241335362478726,0.1,23,-0.30228803637714974,RF,Apul
FUN_007768_36614,39,109,86,86,5-fold,-0.6167819142383502,0.966718988787618,-0.7484201004964939,0.7862331676856231,6102.33519250731,0.1,0,-0.6167819142383502,RF,Apul
FUN_035600_164415,39,10,9,9,5-fold,-0.284725576835851,0.3135948328986736,-0.24690018598903812,0.216269101632375,3542.082871740679,0.1,0,-0.24690018598903812,ElasticNet,Apul
FUN_035390_163145,39,39,25,25,5-fold,-0.4007206539976299,0.39696715492524104,-0.11817439189048255,0.09141187995531422,8526.925024345448,0.1,0,-0.11817439189048255,ElasticNet,Apul
FUN_043604_207107,39,8,7,7,5-fold,-0.3423608259127938,0.40109353659826025,-0.32475784183005474,0.26746512853953347,3.470772458605248,0.5,7,-0.32475784183005474,ElasticNet,Apul
FUN_037459_173752,39,6,6,6,5-fold,-0.5007330545935957,0.3440548812480584,-0.24156040579027,0.2754467758380632,86.2919339502522,0.7,4,-0.24156040579027,ElasticNet,Apul
FUN_043521_206327,39,6,6,6,5-fold,-1.3263758744916363,2.1824271459492546,-0.8476954057532412,1.488640999872283,4.620388257071048,0.5,6,-0.8476954057532412,ElasticNet,Apul
FUN_032815_150401,39,15,15,15,5-fold,-1.142671905569162,1.1937190896375875,-1.3086182018115387,1.3010216822136653,4939.549973028082,0.1,0,-1.142671905569162,RF,Apul
FUN_025792_117512,39,45,32,32,5-fold,-0.24076341204648655,0.43408730663959794,-0.3848908128947318,0.35102462413917623,100.50022892403878,0.99,16,-0.24076341204648655,RF,Apul
FUN_037459_173755,39,4,3,3,5-fold,-0.3496362807590977,0.4283607155659165,-0.3025333733565878,0.22861331656694606,192.45462545126247,0.99,2,-0.3025333733565878,ElasticNet,Apul
FUN_012521_60361,39,3,3,3,5-fold,-0.15375606021553895,0.46872530272776664,-0.12726854121403938,0.0970934368433579,123.52819976740751,0.99,2,-0.12726854121403938,ElasticNet,Apul
FUN_001628_9035,39,13,10,10,5-fold,-0.08584416633536777,0.16798877204878845,-0.25028025236926904,0.23710270969157538,3774.312481944324,0.1,0,-0.08584416633536777,RF,Apul
FUN_011984_56682,39,11,10,10,5-fold,-12.081673716295196,24.18737828653477,-9.279493583006579,18.38159001297431,4.863682262966409,0.5,10,-9.279493583006579,ElasticNet,Apul
FUN_031875_144532,39,8,8,8,5-fold,-0.07713788372436821,0.2416326876374602,-0.03653844177599428,0.12490586311932608,1.1407388993252319,0.7,8,-0.03653844177599428,ElasticNet,Apul
FUN_034417_158035,39,21,17,17,5-fold,-0.46102025270619845,0.21028980094774735,-0.17591831213135664,0.1367601632087732,1.85789734086547,0.5,17,-0.17591831213135664,ElasticNet,Apul
FUN_027850_126996,39,9,9,9,5-fold,-14.972054154697872,28.921174260313094,-12.053707451850878,23.77773945635668,2529.6338875317383,0.1,0,-12.053707451850878,ElasticNet,Apul
FUN_012521_60363,39,2,2,2,5-fold,-0.5848688674266966,0.31694322285394566,-0.2703482536131433,0.4201037477560926,1773.316929532615,0.1,0,-0.2703482536131433,ElasticNet,Apul
FUN_032348_147750,39,4,4,4,5-fold,-8.967404504773535,17.454435648133583,-5.97014216618688,11.751671607718126,1068.8942703836328,0.1,0,-5.97014216618688,ElasticNet,Apul
FUN_018553_88023,39,23,15,15,5-fold,-9.202652726574087,17.379112090517346,-3.3312973229028175,6.201310818567095,6298.959571278578,0.1,0,-3.3312973229028175,ElasticNet,Apul
FUN_042667_200471,39,8,4,4,5-fold,-0.8371326472645959,1.835656172377147,-9.643928242223534,17.418710004455175,20.941923285047068,0.99,4,-0.8371326472645959,RF,Apul
FUN_012142_57732,39,29,21,21,5-fold,-1.0442003363963708,1.1965280551505446,-0.4828158467395406,0.4833416139237611,18.072603277745888,0.95,18,-0.4828158467395406,ElasticNet,Apul
FUN_023439_105301,39,8,5,5,5-fold,-3.2773522198762515,6.162466677656377,-3.305623076919298,6.350406349971535,3.2676786283611885,0.5,5,-3.2773522198762515,RF,Apul
FUN_008995_44662,39,3,3,3,5-fold,-0.5615155494264671,0.5652732708915696,-0.1737827397088257,0.28863543060786184,4187.315902300968,0.1,0,-0.1737827397088257,ElasticNet,Apul
FUN_000488_2420,39,5,5,5,5-fold,-0.5715383933303604,0.48227751965980886,-0.3034488114951547,0.35820310941265837,3730.372515184939,0.1,0,-0.3034488114951547,ElasticNet,Apul
FUN_033953_155035,39,9,7,7,5-fold,-5.171827312104343,6.062308894236429,-3.023155876282676,3.9687365652881965,4.581359002669966,0.5,7,-3.023155876282676,ElasticNet,Apul
FUN_033748_153566,39,13,13,13,5-fold,-0.7576239247551164,0.4590398969289129,-0.7593763029636827,1.0718256879772592,2856.0220905756814,0.1,0,-0.7576239247551164,RF,Apul
FUN_024682_111981,39,6,5,5,5-fold,-0.4300367808748361,0.26523347692917293,-0.32655441329291046,0.33450535343269644,82.27987020155302,0.99,4,-0.32655441329291046,ElasticNet,Apul
FUN_022536_98986,39,46,34,34,5-fold,-1.0598518486398751,1.3191388691323107,-0.661944117252568,1.28705563705715,2894.169515256715,0.1,0,-0.661944117252568,ElasticNet,Apul
FUN_000518_2558,39,7,7,7,5-fold,-0.4643551375500185,0.8714535705508802,-0.26719836426574944,0.8279396602125878,12.961851625492486,0.99,6,-0.26719836426574944,ElasticNet,Apul
FUN_014864_70804,39,3,3,3,5-fold,-1.028904524316549,1.0823049538976095,-0.4234600349312406,0.44785339421512965,2.8608481126163863,0.5,3,-0.4234600349312406,ElasticNet,Apul
FUN_034422_158064,39,2,2,2,5-fold,-11.738564517217464,22.965945601838925,-10.633433379342218,21.069938997899058,1.5012801486870255,0.5,2,-10.633433379342218,ElasticNet,Apul
FUN_015981_76187,39,2,2,2,5-fold,-9.673462988809437,18.60447883661932,-9.698618467305465,19.221314333772497,197.10451303056007,0.1,0,-9.673462988809437,RF,Apul
FUN_015978_76140,39,3,3,3,5-fold,-1.3448828351904694,2.172303483879988,-1.0619220845337312,1.507536614332477,264.8194777885805,0.99,1,-1.0619220845337312,ElasticNet,Apul
FUN_012136_57674,39,13,11,11,5-fold,-0.26937670871341696,0.2718172141565087,-0.39500027762305623,0.47603490426284484,437.1546499110425,0.99,2,-0.26937670871341696,RF,Apul
FUN_001142_5551,39,3,3,3,5-fold,-1.1780150545481305,1.8516185392987552,-0.64488589902643,0.9263641100529993,2561.0671213651717,0.1,0,-0.64488589902643,ElasticNet,Apul
FUN_000908_3925,39,3,3,3,5-fold,-1.8868128334029706,2.7905180616800447,-1.0926692244608276,1.3136769728424849,2.277935654809942,0.5,3,-1.0926692244608276,ElasticNet,Apul
FUN_014781_70102,39,2,2,2,5-fold,-1.048754871275826,1.0820291464660938,-2.894697047471145,4.810872268644556,3482.4156948647174,0.1,0,-1.048754871275826,RF,Apul
FUN_030056_138157,39,74,54,54,5-fold,-2.43339512171973,3.937940652205744,-2.6654341088076503,4.943415706395038,35.834074334327276,0.95,51,-2.43339512171973,RF,Apul
FUN_010681_50598,39,5,5,5,5-fold,-3.979208053940158,7.144278971006645,-2.7076147516274554,5.166476150313337,136.9213792506087,0.99,3,-2.7076147516274554,ElasticNet,Apul
FUN_000518_2559,39,8,5,5,5-fold,-1.2762254931084107,1.727177845482054,-1.197910542339168,1.6127726923422068,0.7336466457592042,0.7,5,-1.197910542339168,ElasticNet,Apul
FUN_001386_7322,39,59,39,39,5-fold,-0.31284762204392447,0.3790691071844227,-0.3102560412028484,0.20523329769644763,193.69187326181392,0.99,20,-0.3102560412028484,ElasticNet,Apul
FUN_024426_110495,39,5,5,5,5-fold,-8.380384174551901,9.817995462936791,-4.612992765583887,5.974595465107572,5243.486577104192,0.1,0,-4.612992765583887,ElasticNet,Apul
FUN_016331_78503,39,56,43,43,5-fold,-10.286487723157201,19.53634346525182,-9.568422987904466,18.971317421759622,27.14724736553656,0.99,29,-9.568422987904466,ElasticNet,Apul
FUN_012105_57421,39,4,4,4,5-fold,-0.08914658946192536,0.5549301539348029,-0.03238657470173685,0.2661581534107522,1.7659437071401696,0.5,4,-0.03238657470173685,ElasticNet,Apul
FUN_008081_38619,39,14,6,6,5-fold,-0.4188056032111658,0.24441311073542946,-0.651587820170621,0.931711289529966,4705.936732992554,0.1,0,-0.4188056032111658,RF,Apul
FUN_016393_79146,39,4,4,4,5-fold,-0.5935615250708619,0.3214904009814728,-0.10201966634476292,0.0791334359180336,680.8154444610852,0.1,0,-0.10201966634476292,ElasticNet,Apul
FUN_011776_55201,39,62,46,46,5-fold,-0.9317723954478115,1.6014316871171435,-0.7422793355382746,1.0967363171381816,204.50882685806712,0.99,14,-0.7422793355382746,ElasticNet,Apul
FUN_022429_98117,39,5,5,5,5-fold,-2.819946022018029,5.230206205192253,-2.4056891599437504,4.6735980526490914,6713.272194045857,0.1,0,-2.4056891599437504,ElasticNet,Apul
FUN_025840_117821,39,13,11,11,5-fold,-1.0937132441025987,1.3612784784149559,-0.888536787491556,1.4616592609422099,35.48877400615302,0.99,9,-0.888536787491556,ElasticNet,Apul
FUN_036251_168514,39,2,2,2,5-fold,-6.818440443789941,12.572263931300347,-4.88750692412702,9.632811218862951,1402.0786371512177,0.1,0,-4.88750692412702,ElasticNet,Apul
FUN_005892_27904,39,2,2,2,5-fold,-0.7470197920794047,0.747166674805142,-0.5812063938554974,0.8639178905077527,3489.9768320820936,0.1,0,-0.5812063938554974,ElasticNet,Apul
FUN_037043_171342,39,10,5,5,5-fold,-0.36722181466769804,0.45306121169951424,-1.8645439399716124,2.7752031733505067,6.139529738057674,0.5,5,-0.36722181466769804,RF,Apul
FUN_036145_167681,39,4,4,4,5-fold,-0.4839565621993195,0.6273323438818791,-0.19238421878868422,0.33772689557557267,3072.5013479997756,0.1,0,-0.19238421878868422,ElasticNet,Apul
FUN_008002_38139,39,37,35,35,5-fold,-0.664688218000392,0.681092041877812,-0.355404757576415,0.2503053260292648,5530.28449976596,0.1,0,-0.355404757576415,ElasticNet,Apul
FUN_000323_1376,39,24,21,21,5-fold,-13.720873412459813,27.304730279329952,-19.07643173254776,37.8219337280618,8.095442718328968,0.5,21,-13.720873412459813,RF,Apul
FUN_031708_143594,39,9,8,8,5-fold,-0.8804044699543905,1.529930352787792,-0.7246435967155468,1.483230912679274,30.905538040328697,0.99,7,-0.7246435967155468,ElasticNet,Apul
FUN_000239_931,39,2,2,2,5-fold,-0.9296783997877659,1.1071809255769367,-0.525940999052336,0.5456913505327521,1.1960156155882706,0.5,2,-0.525940999052336,ElasticNet,Apul
FUN_011844_55591,39,4,4,4,5-fold,-17.457115099579287,34.07143582990456,-12.51775433138248,24.87875248932987,1966.7630414923572,0.1,0,-12.51775433138248,ElasticNet,Apul
FUN_005032_24211,39,2,2,2,5-fold,-25.83259504799718,51.489565616674795,-22.676364771884696,45.1638361234606,1528.6251386299193,0.1,0,-22.676364771884696,ElasticNet,Apul
FUN_025361_114895,39,4,4,4,5-fold,-0.4161258974998384,0.33390770315945417,-0.3627846100163831,0.30358635043225285,203.83472030447209,0.99,2,-0.3627846100163831,ElasticNet,Apul
FUN_008081_38618,39,6,6,6,5-fold,-0.5795648772254527,0.6716447771294446,-0.19203867964976912,0.3066412244301439,4603.55363881538,0.1,0,-0.19203867964976912,ElasticNet,Apul
FUN_002358_11902,39,25,19,19,5-fold,-0.5109083684605634,0.4985301113891493,-0.5087696534081811,0.31521984760596616,4772.881851580171,0.1,0,-0.5087696534081811,ElasticNet,Apul
FUN_008104_38841,39,13,8,8,5-fold,-0.9816948637374677,0.7963639336313109,-0.6742991480099967,0.6614915886501688,7850.838094396381,0.1,0,-0.6742991480099967,ElasticNet,Apul
FUN_014916_71169,39,13,10,10,5-fold,-0.24763603468349343,0.4044619233217181,-0.08794454894631767,0.20613561159898472,1.5907314967305675,0.5,10,-0.08794454894631767,ElasticNet,Apul
FUN_043563_206616,39,4,4,4,5-fold,-0.2553905851305596,0.1127554029574843,-0.11740819619366687,0.0810400682447539,72.35378940629994,0.99,3,-0.11740819619366687,ElasticNet,Apul
FUN_041850_196743,39,2,2,2,5-fold,-0.6812839657255145,0.7043636927439,-0.287043236840703,0.41666399460084974,2.804758689454804,0.5,2,-0.287043236840703,ElasticNet,Apul
FUN_041432_193418,39,19,14,14,5-fold,-1.1135032103365234,0.9166857333695855,-0.7285047085821527,0.8404789840588567,23.90844558796567,0.99,13,-0.7285047085821527,ElasticNet,Apul
FUN_001628_9036,39,16,15,15,5-fold,-0.2767805931583375,0.2990265790440772,-0.5324014809144579,0.5514640734400137,512.6789143010697,0.99,2,-0.2767805931583375,RF,Apul
FUN_000518_2557,39,8,7,7,5-fold,-0.6517348099792015,0.7182547730739924,-0.4443499417477653,0.5303379299287856,17.32846740008739,0.95,7,-0.4443499417477653,ElasticNet,Apul
FUN_011699_54586,39,7,7,7,5-fold,-0.6474217066558209,1.074980315148391,-0.4147414642803554,0.4077482553565058,32.707928874686225,0.1,7,-0.4147414642803554,ElasticNet,Apul
FUN_000393_1815,39,12,12,12,5-fold,-0.0013989898320321715,0.23310672119785322,-0.03768023893725629,0.20567130254486513,65.00394258062099,0.99,6,-0.0013989898320321715,RF,Apul
FUN_012251_58587,39,39,32,32,5-fold,-26.41823916512857,52.48354969677704,-19.253203230687532,37.96867376525708,15.97627176636486,0.1,32,-19.253203230687532,ElasticNet,Apul
FUN_025939_118517,39,4,4,4,5-fold,-0.380186744460459,0.630587747515305,-0.5649058663183593,0.883709704461083,4059.6367790102804,0.1,0,-0.380186744460459,RF,Apul
FUN_009055_45152,39,35,15,15,5-fold,-1.5629587990714382,2.4399656638792626,-1.0166359763211092,1.5052415947219526,189.15976510501724,0.99,8,-1.0166359763211092,ElasticNet,Apul
FUN_009514_47035,39,49,41,41,5-fold,-0.789418919605495,0.5216858279717513,-0.22463174357867075,0.3159079767658804,5942.356166956079,0.1,0,-0.22463174357867075,ElasticNet,Apul
FUN_012521_60366,39,3,3,3,5-fold,-0.4636456388853764,0.6028079368233795,-0.4420577297059742,0.4792968250566601,1.9379621447712203,0.7,3,-0.4420577297059742,ElasticNet,Apul
FUN_026627_122924,39,93,78,78,5-fold,-0.9252065999110595,0.8191554423755684,-0.9089518160296042,0.888944582908564,6848.526906575255,0.1,0,-0.9089518160296042,ElasticNet,Apul
FUN_008314_40005,39,10,7,7,5-fold,-0.8073945139212058,0.48150175030893044,-0.5740188579767775,0.4038154718813438,3561.6946757673586,0.1,0,-0.5740188579767775,ElasticNet,Apul
FUN_033708_153362,39,4,3,3,5-fold,-0.09669768832141465,0.22899730786188463,-0.08009480318358278,0.052569710901173995,0.7413611387078742,0.7,3,-0.08009480318358278,ElasticNet,Apul
FUN_010616_50074,39,3,3,3,5-fold,-4.145846677349479,5.027549967667312,-1.831959166978765,1.7582076325335183,2658.25691312379,0.1,0,-1.831959166978765,ElasticNet,Apul
FUN_026539_122434,39,3,3,3,5-fold,-0.4277847376848559,0.5766202237369014,-0.17881695202441866,0.16003237601011683,3117.6444736074473,0.1,0,-0.17881695202441866,ElasticNet,Apul
FUN_006833_32628,39,10,9,9,5-fold,-0.8240024406312475,1.5074983659274586,-0.5448538746624099,0.6908764792483099,3557.3466235688893,0.1,0,-0.5448538746624099,ElasticNet,Apul
FUN_012521_60365,39,3,3,3,5-fold,-0.6205883170150761,0.2448211589566285,-0.21703617759295207,0.16005005078934503,1194.4932734168297,0.1,0,-0.21703617759295207,ElasticNet,Apul
FUN_043603_207103,39,3,3,3,5-fold,-0.5866489820736586,0.5574772957348318,-0.2613190557736107,0.34702884291317837,2629.2038602523417,0.1,0,-0.2613190557736107,ElasticNet,Apul
FUN_023682_106715,39,20,19,19,5-fold,-5.113185612123724,9.240585094380396,-5.095179354246408,9.949722640742747,11617.159856221313,0.1,0,-5.095179354246408,ElasticNet,Apul
FUN_022260_96943,39,2,2,2,5-fold,-0.82508428451136,0.5298932106922011,-0.23374058230737704,0.2029764201761117,1979.7738271851345,0.1,0,-0.23374058230737704,ElasticNet,Apul
FUN_006756_32225,39,28,19,19,5-fold,-0.48190184045257844,0.6331153177708789,-0.6223662055679641,1.118927195624716,10064.105917764982,0.1,0,-0.48190184045257844,RF,Apul
FUN_004306_19322,39,7,4,4,5-fold,-3.2799913888252847,5.079220915135371,-3.150471449214486,5.588583762499574,3310.024694303575,0.1,0,-3.150471449214486,ElasticNet,Apul
FUN_043148_203232,39,3,3,3,5-fold,-0.2521764229655308,0.3361508562369457,-0.37267092422193115,0.47016285285986564,81.56841734976346,0.95,2,-0.2521764229655308,RF,Apul
FUN_008915_44019,39,4,4,4,5-fold,-0.8539067880775757,1.0338775224920633,-0.7381628310669945,1.185981477468242,3075.9011650507555,0.1,0,-0.7381628310669945,ElasticNet,Apul
FUN_000292_1177,39,11,8,8,5-fold,-16.081274424244725,23.369768330668183,-8.670672656512346,13.143411806563098,2069.0293582927497,0.1,0,-8.670672656512346,ElasticNet,Apul
FUN_000488_2421,39,5,5,5,5-fold,-0.7066518283598116,1.446588087329773,-0.6840705892261216,1.0217160360113144,6157.302345277749,0.1,0,-0.6840705892261216,ElasticNet,Apul
FUN_033708_153364,39,8,6,6,5-fold,-0.26267411479538677,0.2884863062237062,-0.11751189086228368,0.09832774740761085,5322.389380570693,0.1,0,-0.11751189086228368,ElasticNet,Apul
FUN_004722_22304,39,3,3,3,5-fold,-0.36241204024665774,0.30652977988832536,-0.595850611919077,0.8315483705560237,1892.4966567602164,0.1,0,-0.36241204024665774,RF,Apul
FUN_010681_50597,39,8,8,8,5-fold,-5.727023547129482,11.17841511781179,-4.592124149555488,8.505754386702096,6965.7926033762105,0.1,0,-4.592124149555488,ElasticNet,Apul
FUN_035840_165869,39,16,8,8,5-fold,-0.21974910788534574,0.6744458277870224,-0.3009156439936434,0.2893153492877339,3240.984028734536,0.1,0,-0.21974910788534574,RF,Apul
FUN_000908_3926,39,3,3,3,5-fold,-0.3573766061611744,0.5126904899112009,-0.5527789119860698,0.6552794708654337,122.82443028782163,0.99,3,-0.3573766061611744,RF,Apul
FUN_023551_105907,39,2,2,2,5-fold,-0.32752780469987786,0.5311779345298379,-0.27599945282933586,0.15549631228001426,7106.270152708767,0.1,0,-0.27599945282933586,ElasticNet,Apul
FUN_022188_96344,39,3,3,3,5-fold,-0.5587069279342302,0.6808944584283528,-0.571314308316743,0.6929903450014342,2598.6997637421487,0.1,0,-0.5587069279342302,RF,Apul
FUN_032709_149809,39,4,4,4,5-fold,-0.1953221510559127,0.517583745463034,-0.20595867005641738,0.20938485571478596,4.978200020877265,0.5,4,-0.1953221510559127,RF,Apul
FUN_041944_197537,39,2,2,2,5-fold,-0.3344198681785196,0.7204045133691853,-0.2938505325699345,0.4761616679227329,5771.173077193206,0.1,0,-0.2938505325699345,ElasticNet,Apul
FUN_033776_153848,39,3,3,3,5-fold,-0.5217893560526059,0.48267134838965764,-0.1441307427575358,0.18253092866712342,2650.2399064169667,0.1,0,-0.1441307427575358,ElasticNet,Apul
FUN_035243_162422,39,13,13,13,5-fold,-14.589996135364368,28.550807981072804,-12.110534801454763,23.966115296540117,55.529503671404086,0.99,8,-12.110534801454763,ElasticNet,Apul
FUN_033708_153359,39,5,5,5,5-fold,-2.285193961310019,4.4586658263554835,-1.8835101955091382,3.4949648248524654,7100.620895401169,0.1,0,-1.8835101955091382,ElasticNet,Apul
FUN_029173_134217,39,3,3,3,5-fold,-0.30578828144652775,0.3898465837160419,-0.027536192274873517,0.11657846746021533,2.5615485979596446,0.5,3,-0.027536192274873517,ElasticNet,Apul
FUN_017915_84592,39,2,2,2,5-fold,-36.95639851873324,73.65069299781848,-33.1371235987145,66.15649781706358,1273.2523275235585,0.1,0,-33.1371235987145,ElasticNet,Apul
FUN_025752_117231,39,6,6,6,5-fold,-35.981383728836896,71.97123849181584,-28.10286713167495,55.8548643376961,6.362360266604224,0.5,6,-28.10286713167495,ElasticNet,Apul
FUN_037048_171361,39,5,5,5,5-fold,-1.047598299865221,1.183900662978083,-0.8654475744773287,1.549823838891987,2502.8402249836518,0.1,0,-0.8654475744773287,ElasticNet,Apul
FUN_005087_24496,39,8,8,8,5-fold,-9.809382279945284,17.010084457635447,-3.541919014440288,4.796251098515443,3.0114267950562312,0.5,8,-3.541919014440288,ElasticNet,Apul
FUN_012105_57420,39,4,4,4,5-fold,0.039317295498953665,0.15113123324712463,-0.11969050879231309,0.198127380913021,4.345613493908542,0.5,4,0.039317295498953665,RF,Apul
FUN_001179_5808,39,5,2,2,5-fold,-0.9695104662157048,1.43052571530201,-0.7520091822076288,0.9879378365378743,4704.7988533715825,0.1,0,-0.7520091822076288,ElasticNet,Apul
FUN_035840_165871,39,4,4,4,5-fold,-0.49184501478272724,0.381541311325905,-0.3040286787080375,0.3271604832434032,3643.827410780536,0.1,0,-0.3040286787080375,ElasticNet,Apul
FUN_018530_87781,39,8,7,7,5-fold,-1.4471038307172888,2.0734808398457285,-1.4050104246157282,2.270003414832511,2745.9096279668356,0.1,0,-1.4050104246157282,ElasticNet,Apul
FUN_012105_57419,39,9,9,9,5-fold,-0.8729199335798139,0.683450918026535,-0.19302773273065918,0.15856801582828736,3261.860606539189,0.1,0,-0.19302773273065918,ElasticNet,Apul
FUN_035807_165611,39,9,8,8,5-fold,-103.50516969006944,165.63203163765354,-36.53807192245402,59.6373493172475,1.4407748454228242,0.5,8,-36.53807192245402,ElasticNet,Apul
FUN_001179_5803,39,2,2,2,5-fold,-0.38559494011878204,0.3081386806656041,-0.21041763059571758,0.2236434703056934,23.012553314411576,0.95,2,-0.21041763059571758,ElasticNet,Apul
FUN_013324_63599,39,5,5,5,5-fold,-28.974645058398316,56.935450412016564,-38.77540028337002,76.39485074858355,2.7243346118514715,0.5,5,-28.974645058398316,RF,Apul
FUN_038503_181586,39,2,2,2,5-fold,-1.5812834611556195,1.5842088569530768,-2.0207384460946893,3.668526797598722,3386.943291996403,0.1,0,-1.5812834611556195,RF,Apul
FUN_011689_54493,39,17,17,17,5-fold,-0.9216534621167245,1.8147493263554717,-1.0216355637021632,1.7675035621172144,529.6954458064487,0.99,5,-0.9216534621167245,RF,Apul
FUN_010940_52170,39,3,3,3,5-fold,-21.68112986472874,42.60951280048161,-19.22548553862928,38.12577167948773,154.0960060057425,0.95,2,-19.22548553862928,ElasticNet,Apul
FUN_016711_81177,39,6,6,6,5-fold,-0.22177069546940373,0.2212580222285079,-0.32132580961471524,0.28121660297613216,5147.983893928917,0.1,0,-0.22177069546940373,RF,Apul
FUN_038267_179683,39,68,62,62,5-fold,-0.6688563831998213,0.9282170967848727,-0.5046964723426905,0.5702529280432489,373.3212367964588,0.99,14,-0.5046964723426905,ElasticNet,Apul
FUN_028030_127983,39,20,20,20,5-fold,-0.5274862191001819,0.26436854542358845,-0.21597688541709753,0.25202068621251095,5.384330285121351,0.5,20,-0.21597688541709753,ElasticNet,Apul
FUN_009857_48287,39,5,5,5,5-fold,-0.7063100474866887,0.5471648910698962,-0.2931357756156999,0.44825160884268106,2.4990351186919946,0.5,5,-0.2931357756156999,ElasticNet,Apul
FUN_037291_172688,39,21,21,21,5-fold,-0.4604603332505329,0.8707278689766449,-0.12852538921265297,0.18886437889357657,10.056092234854166,0.1,21,-0.12852538921265297,ElasticNet,Apul
FUN_040061_188119,39,10,10,10,5-fold,-0.04797155078490223,0.1230310063796464,-0.15139938604550948,0.07337103344596142,4457.159483076213,0.1,0,-0.04797155078490223,RF,Apul
FUN_015157_73031,39,7,7,7,5-fold,-1.3329004534161266,2.025748145643986,-0.5490581395867183,0.7162361200773633,7.955719555867698,0.5,7,-0.5490581395867183,ElasticNet,Apul
FUN_040152_188683,39,5,5,5,5-fold,-0.4652017115420605,0.31959274816367406,-0.1371716035388168,0.10816436396051951,3877.894274236772,0.1,0,-0.1371716035388168,ElasticNet,Apul
FUN_026111_119950,39,5,2,2,5-fold,-8.508760741050745,16.177848594456993,-10.589961583421248,21.00243139227198,0.8093223858010207,0.9,2,-8.508760741050745,RF,Apul
FUN_001453_7780,39,4,4,4,5-fold,-0.1979064501282747,0.14548182065304785,-0.0722008111900927,0.05031472116427094,7.566207535878515,0.5,4,-0.0722008111900927,ElasticNet,Apul
FUN_006621_31404,39,172,122,100,5-fold,-1.2778445516377142,1.7653338046324958,-0.5973841907528089,0.8035777091185634,1036.4978270371507,0.99,2,-0.5973841907528089,ElasticNet,Apul
FUN_043603_207104,39,14,11,11,5-fold,-0.45298986934226315,0.5911653829417369,-0.10070959980864058,0.14738004986471512,25.68670741438678,0.99,9,-0.10070959980864058,ElasticNet,Apul
FUN_028030_127981,39,18,9,9,5-fold,-0.4253909097094614,0.4006005121595669,-0.29319540403230093,0.32454289186871693,5625.32938603575,0.1,0,-0.29319540403230093,ElasticNet,Apul
FUN_005090_24502,39,5,5,5,5-fold,-1.0248496122475466,0.9767649258101007,-1.1229782207792947,1.3335889719981153,2038.4906062182945,0.1,0,-1.0248496122475466,RF,Apul
FUN_026555_122512,39,4,3,3,5-fold,-0.10251013841562381,0.28614617626015143,-0.13170067024169022,0.1079662457529726,4020.545758851955,0.1,0,-0.10251013841562381,RF,Apul
FUN_008723_42950,39,6,6,6,5-fold,-0.8185894319158493,1.07352117609941,-0.5766859377245918,0.5917904137494787,73.26234631388058,0.99,3,-0.5766859377245918,ElasticNet,Apul
FUN_035635_164631,39,28,16,16,5-fold,-0.3899690088007417,0.3261634457884852,-0.138884434657827,0.08369390686740455,389.0653241604087,0.99,6,-0.138884434657827,ElasticNet,Apul
FUN_023649_106594,39,21,14,14,5-fold,-4.670248586998797,8.840030251992209,-5.787333521886917,11.205072909080297,3571.2278535005826,0.1,0,-4.670248586998797,RF,Apul
FUN_007951_37782,39,2,2,2,5-fold,-0.32172581184627475,0.6832461295709625,-0.23619242303495253,0.399725871344996,2.1264527957015367,0.7,2,-0.23619242303495253,ElasticNet,Apul
FUN_011699_54585,39,4,4,4,5-fold,-0.20275392549882226,0.45292724998693784,-0.0011366220006895356,0.21213652262288726,4.1476782327136785,0.95,4,-0.0011366220006895356,ElasticNet,Apul
FUN_043520_206323,39,2,2,2,5-fold,-0.8273848149593508,0.6254419266405973,-0.5904889743733202,0.5907167266561724,1.530820597724027,0.7,2,-0.5904889743733202,ElasticNet,Apul
FUN_043603_207102,39,7,6,6,5-fold,-0.3644992305901236,0.34990416026517235,-0.32287746928062033,0.33958671047095584,4514.468089328806,0.1,0,-0.32287746928062033,ElasticNet,Apul
FUN_041432_193417,39,15,12,12,5-fold,-0.5936447159019569,0.4975641640318035,-2.1856001610497406,2.374109736720341,5967.302933631429,0.1,0,-0.5936447159019569,RF,Apul
FUN_038052_177785,39,13,11,11,5-fold,-0.35590672451926436,0.5076929147432054,-1.7263806990444746,2.6771815313419336,8.81777835402919,0.99,9,-0.35590672451926436,RF,Apul
FUN_023170_103427,39,12,7,7,5-fold,-15.779005993789443,31.212055420615414,-7.885384680748435,14.968212727126502,3736.4685060375587,0.1,1,-7.885384680748435,ElasticNet,Apul
FUN_004099_17851,39,5,5,5,5-fold,-0.6363758256617054,0.5493331377193399,-0.6620973731276664,0.5700269760141553,3300.854403423557,0.1,0,-0.6363758256617054,RF,Apul
FUN_030877_140082,39,19,19,19,5-fold,-0.5173391780347434,0.5126273379034689,-0.4178361808680931,0.4788614174078351,3.7823271909521305,0.5,19,-0.4178361808680931,ElasticNet,Apul
FUN_014983_71741,39,3,3,3,5-fold,-0.21341886442096225,0.2335273357714061,-0.11200324959067784,0.1352580523149675,3952.5395413345977,0.1,0,-0.11200324959067784,ElasticNet,Apul
FUN_029761_137286,39,4,3,3,5-fold,-0.404950573035915,0.49589118404564786,-0.36315190600199426,0.5312693114564838,5.873406956618655,0.9,3,-0.36315190600199426,ElasticNet,Apul
FUN_004307_19324,39,6,2,2,5-fold,-0.2995555618366191,0.39243984813936666,-3.3467384058254317,6.397144495498906,4168.432245861441,0.1,0,-0.2995555618366191,RF,Apul
FUN_022188_96343,39,2,2,2,5-fold,-0.9105498423869701,1.3712269618174273,-0.82496466501316,1.1974456885939309,5.038845370779791,0.5,2,-0.82496466501316,ElasticNet,Apul
FUN_041634_194990,39,85,79,79,5-fold,-0.4377920322268343,0.5855447451002368,-0.6859154145380582,0.539179743384878,110.56451599600919,0.99,38,-0.4377920322268343,RF,Apul
FUN_043212_203746,39,21,21,21,5-fold,-8.161563171129234,16.17376105800845,-4.340807576628473,8.288408500006883,6642.046131153945,0.1,0,-4.340807576628473,ElasticNet,Apul
FUN_012310_59212,39,9,3,3,5-fold,-1.0849057629095555,0.9284783289137913,-0.7282964727440817,0.6388063929663633,1457.725748902699,0.1,0,-0.7282964727440817,ElasticNet,Apul
FUN_002576_12890,39,103,72,72,5-fold,-4.091065536795689,7.205767791055429,-2.9843401853068956,5.693599650643832,715.8638117348634,0.99,6,-2.9843401853068956,ElasticNet,Apul
FUN_034039_155604,39,2,2,2,5-fold,-0.8996561863411671,0.5211404071796082,-0.33399505980051736,0.3247370333339606,2338.2264905476404,0.1,0,-0.33399505980051736,ElasticNet,Apul
FUN_025939_118516,39,19,10,10,5-fold,-0.8159930429558937,1.0157275929529817,-0.5883645252373927,0.8238077606746824,4249.471404473878,0.1,0,-0.5883645252373927,ElasticNet,Apul
FUN_005273_25708,39,6,6,6,5-fold,-0.5053006501879631,0.4669012808318279,-1.4695399437734782,2.790104180909004,3.0023471483287323,0.7,6,-0.5053006501879631,RF,Apul
FUN_012782_61899,39,18,10,10,5-fold,-0.5906734184608051,0.36910049956372387,-0.33768374554254665,0.3114848975182363,4072.7127590641903,0.1,0,-0.33768374554254665,ElasticNet,Apul
FUN_027954_127471,39,69,69,69,5-fold,-0.5050861943136369,0.6375114944859606,-0.19272785813969046,0.1307501582731914,8575.423131636011,0.1,0,-0.19272785813969046,ElasticNet,Apul
FUN_034281_157107,39,3,3,3,5-fold,-0.5618720454825168,0.5095944542942786,-0.5242208289096422,0.6719649076618472,478.6620377115091,0.99,0,-0.5242208289096422,ElasticNet,Apul
FUN_008995_44663,39,10,10,10,5-fold,-0.7136494268422675,0.5456316633098803,-0.2564899862998492,0.19825347379131872,4364.625368694632,0.1,0,-0.2564899862998492,ElasticNet,Apul
FUN_012352_59512,39,18,18,18,5-fold,-0.5470889760984878,0.36250993955284244,-0.47076324166301065,0.5880579851161921,7278.0000585049875,0.1,0,-0.47076324166301065,ElasticNet,Apul
FUN_015434_74561,39,37,36,36,5-fold,-0.5959977940621293,0.47847715226219195,-0.4695582100548032,0.5340074026310577,7250.637621590707,0.1,0,-0.4695582100548032,ElasticNet,Apul
FUN_030176_138487,39,2,2,2,5-fold,-3.582710249163417,6.548908305231883,-3.8574342617536153,7.163530313031918,43.27480085600515,0.99,2,-3.582710249163417,RF,Apul
FUN_027938_127410,39,10,10,10,5-fold,-0.6001152410545842,1.277034296180671,-1.8173884875082749,3.159494771670297,5.088036128623726,0.5,10,-0.6001152410545842,RF,Apul
FUN_016596_80417,39,79,79,79,5-fold,-5.047460622801842,9.299318669861584,-3.2118409918769855,5.452011604248468,217.40378926973315,0.99,32,-3.2118409918769855,ElasticNet,Apul
FUN_023205_103751,39,11,3,3,5-fold,-0.8090042269186443,0.8503305991894243,-3.2248510866838522,5.2497986407634745,4416.191064923503,0.1,0,-0.8090042269186443,RF,Apul
FUN_031270_141360,39,6,6,6,5-fold,-0.5074605361659037,1.003299597481979,-0.4249950486710635,0.575228237742129,3.171366694713295,0.9,6,-0.4249950486710635,ElasticNet,Apul
FUN_004722_22305,39,4,4,4,5-fold,-0.2916225091311638,0.6055102427970167,-0.1161277326001277,0.2626802053668204,3.724304957713792,0.5,4,-0.1161277326001277,ElasticNet,Apul
FUN_013559_64879,39,3,3,3,5-fold,-0.44499486823365436,0.7510143277909421,-0.3499622501440857,0.6248277378159911,6.244136695017129,0.5,3,-0.3499622501440857,ElasticNet,Apul
FUN_001142_5550,39,30,19,19,5-fold,-2.7912440102965927,4.576732708378462,-2.5468892028424626,4.604877659677403,14.074027036931176,0.99,17,-2.5468892028424626,ElasticNet,Apul
FUN_001179_5796,39,10,7,7,5-fold,-0.8226187711242664,0.9820941494788261,-0.41447955442466267,0.4196304980045025,0.951829558126677,0.95,7,-0.41447955442466267,ElasticNet,Apul
FUN_014916_71168,39,16,16,16,5-fold,-0.5324035072373962,0.5514445754301397,-0.09500584333684739,0.13065080370627566,80.88209526079117,0.9,14,-0.09500584333684739,ElasticNet,Apul
FUN_012521_60362,39,4,4,4,5-fold,-0.10327685049472138,0.12430589335752018,0.06802428468058767,0.03533900592886958,1.341586836683135,0.99,4,0.06802428468058767,ElasticNet,Apul
FUN_005365_26209,39,2,2,2,5-fold,-0.16689622219503972,0.2986026551654662,-0.21239907193335655,0.2552372039899007,1746.4358340343822,0.1,0,-0.16689622219503972,RF,Apul
FUN_004780_22672,39,6,6,6,5-fold,-0.9705617199186051,1.3798565154996745,-0.4321941061482648,0.6305747849040366,3451.054463049802,0.1,0,-0.4321941061482648,ElasticNet,Apul
FUN_008378_40501,39,13,10,10,5-fold,-0.03039045328851906,0.3260259737453042,-0.03190270662394725,0.1237163254559224,2.246470189764671,0.5,10,-0.03039045328851906,RF,Apul
FUN_022199_96392,39,16,11,11,5-fold,-1.6109359659424443,2.365657331605777,-1.1236847755485144,2.036354989773699,7496.502238173357,0.1,0,-1.1236847755485144,ElasticNet,Apul
FUN_034281_157105,39,3,3,3,5-fold,-1.0060235449532775,1.357476687457471,-0.9030759209537731,1.4822138118152137,90.30257945342838,0.99,2,-0.9030759209537731,ElasticNet,Apul
FUN_011769_55137,39,83,72,72,5-fold,-2.5538371522010035,2.3934939923108693,-1.1798773525663673,1.2545826882706843,9265.421912120768,0.1,3,-1.1798773525663673,ElasticNet,Apul
FUN_043518_206303,39,2,2,2,5-fold,-0.6070024590843726,0.34983322667177724,-0.28548413396556893,0.5219121639354793,1.8706189415054588,0.7,2,-0.28548413396556893,ElasticNet,Apul
FUN_028078_128175,39,6,2,2,5-fold,-0.5106015073470349,0.6616845552082521,-0.2962254007657913,0.44756100695551065,0.49373083359165376,0.99,2,-0.2962254007657913,ElasticNet,Apul
FUN_035733_165098,39,11,9,9,5-fold,-1.1748688496316286,1.642267467667741,-0.6215564812388288,0.7951522587609702,1.379846249054787,0.5,9,-0.6215564812388288,ElasticNet,Apul
FUN_013384_64096,39,33,31,31,5-fold,-0.796370090188244,1.1079642480992327,-0.7199179182268797,1.379183333895206,3763.628704411781,0.1,0,-0.7199179182268797,ElasticNet,Apul
FUN_025840_117819,39,11,9,9,5-fold,-3.1009331271637377,5.78912348378981,-2.6559319501401264,5.0898114973473785,4049.8179023375874,0.1,0,-2.6559319501401264,ElasticNet,Apul
FUN_014530_68327,39,6,6,6,5-fold,-0.6121423966107974,0.4829860071346985,-0.13809901441674607,0.16610311688621068,3910.9383288364947,0.1,0,-0.13809901441674607,ElasticNet,Apul
FUN_011844_55590,39,10,10,10,5-fold,-3.2666131871817834,6.620753356750919,-5.6139199808379665,10.82093729818948,3.2314235607637403,0.7,10,-3.2666131871817834,RF,Apul
FUN_011277_53469,39,5,2,2,5-fold,-0.4690176042035169,0.5136546172680945,-0.5308333653795616,0.5868244541817949,1990.9243626551365,0.1,0,-0.4690176042035169,RF,Apul
FUN_022199_96393,39,21,20,20,5-fold,-0.8439283435573606,1.1969687792014514,-0.6097380043801222,0.9350467955305536,142.77325650924777,0.99,13,-0.6097380043801222,ElasticNet,Apul
FUN_024020_108188,39,3,3,3,5-fold,-0.42592761090588216,0.7591527454887792,-11.35816768779811,20.9506715076766,3740.5592595178205,0.1,0,-0.42592761090588216,RF,Apul
FUN_015157_73032,39,4,4,4,5-fold,-1.049047416166863,2.065132989035628,-0.49744646528584074,0.7350553303961705,4.044695548063011,0.5,4,-0.49744646528584074,ElasticNet,Apul
FUN_042841_201243,39,2,2,2,5-fold,-0.5388051551894246,0.6540309239722844,-0.5569359232787027,0.5139948708235698,6912.390607779544,0.1,0,-0.5388051551894246,RF,Apul
FUN_001177_5775,39,77,71,71,5-fold,-5.0803395654684795,8.749171307755704,-1.672563017129082,2.7669848283149308,62.32896080929976,0.99,49,-1.672563017129082,ElasticNet,Apul
FUN_011984_56681,39,26,19,19,5-fold,-0.7998385209617289,1.4899235253233811,-0.7636762125762173,1.5273607057795517,45.29028946939824,0.99,15,-0.7636762125762173,ElasticNet,Apul
FUN_043392_205378,39,38,32,32,5-fold,-0.691733228577645,1.3099294111616309,-0.5579561895286034,0.4906902115283983,6832.972732414788,0.1,0,-0.5579561895286034,ElasticNet,Apul
FUN_009857_48288,39,12,9,9,5-fold,-0.6987117763784422,0.7419593759278056,-0.5275548855289497,0.4925273669616874,89.98363168089287,0.95,7,-0.5275548855289497,ElasticNet,Apul
FUN_036148_167693,39,20,15,15,5-fold,-0.6516754594842296,0.9709773120724974,-0.41068651663421585,0.48522315498358815,395.1500787025995,0.95,6,-0.41068651663421585,ElasticNet,Apul
FUN_041822_196474,39,20,19,19,5-fold,-5.360897657099541,10.44795895687137,-3.4392497877256503,6.576909644713709,3506.2645561359736,0.1,0,-3.4392497877256503,ElasticNet,Apul
FUN_005075_24469,39,7,6,6,5-fold,-4.654211563141023,3.6384040159348117,-0.9274634977020005,0.9427021579565394,1011.2899296272011,0.1,0,-0.9274634977020005,ElasticNet,Apul
FUN_006237_29639,39,5,5,5,5-fold,-1.7585845098191324,2.863185896433892,-1.7653619896637214,3.445948949836907,14.004839262443298,0.95,5,-1.7585845098191324,RF,Apul
FUN_004099_17852,39,4,4,4,5-fold,-1.7653072770625062,3.1688473955389043,-0.7381649051026249,0.8628152896478458,72.13446801659367,0.99,3,-0.7381649051026249,ElasticNet,Apul
FUN_043643_207418,39,18,16,16,5-fold,-2.3871079986913366,3.7230009626147984,-0.9756586526190454,1.244976061216021,2.3791231359870473,0.5,16,-0.9756586526190454,ElasticNet,Apul
FUN_040145_188647,39,15,14,14,5-fold,-1.771252780886762,3.6800158656187403,-0.9701197774131082,1.5438470641146944,6080.940171104987,0.1,0,-0.9701197774131082,ElasticNet,Apul
FUN_023439_105300,39,6,6,6,5-fold,-9.692231931676607,19.068892827886526,-5.6101377576290945,10.989906783768673,1.5498622720710946,0.7,6,-5.6101377576290945,ElasticNet,Apul
FUN_023920_107353,39,9,9,9,5-fold,-0.949892588800793,1.0381978027900063,-0.7289636703803388,0.9908679689619974,12.397062303467422,0.5,9,-0.7289636703803388,ElasticNet,Apul
FUN_014542_68405,39,9,8,8,5-fold,-0.21556877460573426,0.31606317100333203,-0.3414041935494786,0.4207362195889968,1.1245659712788834,0.5,8,-0.21556877460573426,RF,Apul
FUN_001766_9664,39,13,12,12,5-fold,-0.43533621126463684,0.6117980060801006,-0.29661494576864816,0.42437944830950386,2303.787132952946,0.1,0,-0.29661494576864816,ElasticNet,Apul
FUN_004020_17229,39,9,8,8,5-fold,-2.0891851909735744,3.210628468447613,-1.5659405345690547,2.9294008777813345,2.153141407083407,0.7,8,-1.5659405345690547,ElasticNet,Apul
FUN_013056_62770,39,2,2,2,5-fold,-0.6326769983702335,1.0403174578855905,-0.41293038785364,0.47341667294491013,1992.734816062269,0.1,0,-0.41293038785364,ElasticNet,Apul
FUN_012767_61784,39,15,7,7,5-fold,-8.867686716387364,17.015896765655448,-7.617220762198653,14.953120151816798,4801.029766508027,0.1,0,-7.617220762198653,ElasticNet,Apul
FUN_024342_109859,39,28,23,23,5-fold,-0.012269596821290852,0.5287157401771727,-0.46995959066900783,0.8040463507161063,54.34369293307917,0.99,20,-0.012269596821290852,RF,Apul
FUN_024420_110470,39,19,17,17,5-fold,-0.16210495481462375,0.27962546279016776,-0.17970048408975184,0.4787636971577569,48.35738859802269,0.99,12,-0.16210495481462375,RF,Apul
FUN_025724_117006,39,35,26,26,5-fold,-2.6722434038018785,4.834476365572476,-3.706383580005266,6.43161427897691,2.788073426083543,0.9,26,-2.6722434038018785,RF,Apul
FUN_034091_155916,39,4,4,4,5-fold,-1.0390824027878716,1.3338972211419509,-0.7798211532013476,1.1655285604860244,81.19418356727685,0.95,3,-0.7798211532013476,ElasticNet,Apul
FUN_000393_1813,39,2,2,2,5-fold,-0.8655714153383596,0.7908923048983406,-0.6814267858386152,0.8854295298791673,1.2234011302352512,0.7,2,-0.6814267858386152,ElasticNet,Apul
FUN_010957_52339,39,11,10,10,5-fold,-0.20830803460788755,0.3160779971714695,-0.8900103625413245,1.2709867259022214,6916.894896426661,0.1,1,-0.20830803460788755,RF,Apul
FUN_001628_9034,39,11,8,8,5-fold,-0.8048551570765834,0.7383628543321453,-0.5648170122309212,0.7627490099609078,3786.5137526167027,0.1,2,-0.5648170122309212,ElasticNet,Apul
FUN_022535_98984,39,41,25,25,5-fold,-0.5033420077644755,0.30104777001027383,-0.3640630939251472,0.18820571053162805,30.77160112162898,0.99,22,-0.3640630939251472,ElasticNet,Apul
FUN_042020_198084,39,59,44,44,5-fold,-0.8532735605818786,1.4321085843497863,-0.9594676342378936,1.2951496195342298,41.65849701315209,0.99,35,-0.8532735605818786,RF,Apul
FUN_026023_119324,39,12,9,9,5-fold,-3.4173252967972636,6.695364983594753,-1.9985649375789223,3.84085771264162,6448.984200476431,0.1,0,-1.9985649375789223,ElasticNet,Apul
FUN_043511_206272,39,60,52,52,5-fold,-3.5437003994362533,6.404127524261059,-4.27571649988384,8.265630454447411,156.39088165314055,0.9,32,-3.5437003994362533,RF,Apul
FUN_004766_22585,39,7,6,6,5-fold,-1.2479649740633467,2.105381552961341,-2.053791252508894,3.8015691985964946,216.6800515919415,0.99,1,-1.2479649740633467,RF,Apul
FUN_006163_29244,39,2,2,2,5-fold,-17.073898342712248,33.84755100479435,-16.60089360434811,32.98718227990764,12.470605391543634,0.99,2,-16.60089360434811,ElasticNet,Apul
FUN_037909_176513,39,14,9,9,5-fold,-0.3271252146235561,0.31696134939863707,-0.5404922333105135,0.766378088524264,9394.387064608867,0.1,0,-0.3271252146235561,RF,Apul
FUN_012696_61485,39,17,17,17,5-fold,-4.287291660245861,7.864053764380338,-3.913361266924048,7.621810424363124,127.96301592609882,0.99,10,-3.913361266924048,ElasticNet,Apul
FUN_023551_105908,39,4,3,3,5-fold,-0.7088743788946017,1.0025073539382892,-1.7040328964268596,2.890986841470167,5234.0155631093785,0.1,1,-0.7088743788946017,RF,Apul
FUN_015295_73806,39,31,20,20,5-fold,-7.78863139322493,15.636578227352706,-4.323516412996075,7.991732663163175,97.78659392706346,0.99,17,-4.323516412996075,ElasticNet,Apul
FUN_023551_105909,39,10,7,7,5-fold,-0.23378610006052583,0.17732467467772617,-0.009313037378787702,0.19698120930326832,54.3121302072193,0.99,7,-0.009313037378787702,ElasticNet,Apul
FUN_043118_203042,39,3,3,3,5-fold,-0.5128446517938089,0.65390671609955,-0.5775488330641256,0.5880122462152553,90.49448720614494,0.99,2,-0.5128446517938089,RF,Apul
FUN_001497_8045,39,12,12,12,5-fold,-0.4098112561098626,0.5739379971588127,-1.0845789950289757,1.6191228074900244,7906.169270475932,0.1,0,-0.4098112561098626,RF,Apul
FUN_029664_136899,39,6,6,6,5-fold,-23.381289416436612,46.3438055712264,-20.832592395363914,41.54590967841989,153.43162945802575,0.99,4,-20.832592395363914,ElasticNet,Apul
FUN_002435_12235,39,12,8,8,5-fold,-0.30540640669765334,0.14528061023451644,-0.20159192786204935,0.3132456675864903,7595.307945023879,0.1,0,-0.20159192786204935,ElasticNet,Apul
FUN_014729_69692,39,28,14,14,5-fold,-0.44516945007432424,0.2061532657747505,-0.1589873767349891,0.149785676959954,1.469238356861457,0.5,14,-0.1589873767349891,ElasticNet,Apul
FUN_015157_73033,39,12,12,12,5-fold,-0.5766219886801802,0.708726296510239,-0.5598614946661741,0.6216841575487192,52.80159998506487,0.95,11,-0.5598614946661741,ElasticNet,Apul
FUN_037961_176949,39,5,5,5,5-fold,-0.024079485603598627,0.3783912190960948,0.07321913082302992,0.17748876599036437,2.4553125801840245,0.5,5,0.07321913082302992,ElasticNet,Apul
FUN_013555_64833,39,4,4,4,5-fold,-0.3040889336016857,0.40207927213683475,-0.1451074983416487,0.18434694151235284,4334.509454803984,0.1,0,-0.1451074983416487,ElasticNet,Apul
FUN_032026_145463,39,31,28,28,5-fold,-0.4259604845958595,0.31755212792115817,-0.4986397655215761,0.4551255536298571,6660.702193233859,0.1,0,-0.4259604845958595,RF,Apul
FUN_013556_64847,39,6,6,6,5-fold,-17.266570465091174,34.12808749114825,-9.708969900350741,18.616462958908023,12.311121468460271,0.5,6,-9.708969900350741,ElasticNet,Apul
FUN_003569_15486,39,28,28,28,5-fold,-1.827778655810326,2.2350811700170365,-1.3256435189555549,1.3187903269135781,181.77423827954968,0.99,4,-1.3256435189555549,ElasticNet,Apul
FUN_001628_9038,39,21,9,9,5-fold,-1.256249807098881,1.7489626830230192,-0.9941871623773417,1.237114165895293,26.94453143468957,0.99,8,-0.9941871623773417,ElasticNet,Apul
FUN_008532_41661,39,11,8,8,5-fold,-0.09440602176697917,0.1234041098965199,-0.09179088651345882,0.06977564739875665,4145.461207585788,0.1,0,-0.09179088651345882,ElasticNet,Apul
FUN_001179_5798,39,2,2,2,5-fold,-0.5482506267069394,0.7743662226056635,-0.38442402192444175,0.3571785013691308,1662.1554531228862,0.1,1,-0.38442402192444175,ElasticNet,Apul
FUN_003717_15853,39,16,16,16,5-fold,-15.28000036907596,29.995379912358672,-9.921517298522302,19.57961280652889,8433.499952326529,0.1,0,-9.921517298522302,ElasticNet,Apul
FUN_032988_151110,39,45,30,30,5-fold,-9.060317414241599,16.357489518120083,-6.425052456040011,11.995813947507594,13459.959930256135,0.1,0,-6.425052456040011,ElasticNet,Apul
FUN_037767_175357,39,40,29,29,5-fold,-2.047796730073165,3.7284228731739066,-1.821841180578908,3.4823707973838,661.3403126139467,0.99,1,-1.821841180578908,ElasticNet,Apul
FUN_008081_38617,39,6,6,6,5-fold,-0.9297574133235813,1.3753920201773668,-0.30078342579701756,0.4634450844387948,2801.053673773689,0.1,0,-0.30078342579701756,ElasticNet,Apul
FUN_004766_22586,39,4,4,4,5-fold,-1.9149166746283843,3.4667776894973796,-6.266176518987446,12.249199101559515,2.482099584629368,0.99,4,-1.9149166746283843,RF,Apul
FUN_014668_69245,39,98,75,75,5-fold,-3.4250023138377585,6.956348481567211,-2.9921984625130102,5.704099474920741,7542.136187043489,0.1,0,-2.9921984625130102,ElasticNet,Apul
FUN_036251_168511,39,3,3,3,5-fold,-3.564408682841561,6.6229410756923075,-3.9235254427907202,7.749582658505994,12.586380424041948,0.99,2,-3.564408682841561,RF,Apul
FUN_014542_68406,39,5,3,3,5-fold,-0.382177369065001,0.525792565451078,-0.5808748341851613,0.9971629601760416,208.80633223138017,0.99,1,-0.382177369065001,RF,Apul
FUN_038503_181587,39,3,3,3,5-fold,-2.3285681542389964,4.184202494433356,-1.7083776115741176,2.462264094018793,396.03625429480456,0.99,1,-1.7083776115741176,ElasticNet,Apul
FUN_008781_43316,39,7,7,7,5-fold,-0.9897206629427571,1.224366553859858,-0.44060522196941215,0.5465247052245823,3.3001077574184445,0.9,6,-0.44060522196941215,ElasticNet,Apul
FUN_018530_87782,39,5,5,5,5-fold,-7.799448575055507,14.581568736559232,-4.503969722690828,8.317962392069822,2611.833715921945,0.1,0,-4.503969722690828,ElasticNet,Apul
FUN_032305_147443,39,16,16,16,5-fold,-2.2751199236261264,2.705788796922745,-1.37659089650158,1.7709506872270664,4592.704396385263,0.1,0,-1.37659089650158,ElasticNet,Apul
FUN_024432_110518,39,7,4,4,5-fold,-2.5398197669739786,3.3192760079892296,-3.346113470827518,6.148607636635292,11376.733038335333,0.1,0,-2.5398197669739786,RF,Apul
FUN_015433_74556,39,16,13,13,5-fold,-0.6489830727406808,0.6113952937695581,-0.042843043804925186,0.13665667088125072,5.78325601211819,0.99,10,-0.042843043804925186,ElasticNet,Apul
FUN_026023_119323,39,16,15,15,5-fold,-1.0719609324862187,2.024127685130276,-1.5292270663977174,2.838568386420139,108.81658410091588,0.9,13,-1.0719609324862187,RF,Apul
FUN_041408_193313,39,49,48,48,5-fold,-12.272234143753852,23.741855089533786,-7.3821233070090075,14.552827572430772,837.5909970856546,0.99,3,-7.3821233070090075,ElasticNet,Apul
FUN_006225_29525,39,11,11,11,5-fold,-1.190045359154462,1.3350091785737983,-0.8471819141562701,1.0236166802544506,6454.805905398035,0.1,0,-0.8471819141562701,ElasticNet,Apul
FUN_008081_38616,39,8,8,8,5-fold,-1.486603066380417,2.442063753429358,-0.6629654262080614,1.1522251754401138,3807.1958777224468,0.1,0,-0.6629654262080614,ElasticNet,Apul
FUN_001086_5142,39,10,10,10,5-fold,-18.041957214189512,35.56524551739943,-22.885825107807868,45.67276930399038,23.86540369654155,0.95,9,-18.041957214189512,RF,Apul
FUN_008887_43820,39,15,8,8,5-fold,-2.4918484187632615,3.1022698650603804,-2.1744778454472313,3.5261309095738347,5485.299084190988,0.1,0,-2.1744778454472313,ElasticNet,Apul
FUN_009441_46728,39,11,8,8,5-fold,-0.37922491801877445,0.6508883884303195,-0.3005929343829875,0.4496207992742976,136.49337590344965,0.99,5,-0.3005929343829875,ElasticNet,Apul
FUN_014542_68407,39,2,2,2,5-fold,-0.30851205576552665,0.15609405493938527,-0.1537646086797178,0.20933743357661214,80.81704973877089,0.99,2,-0.1537646086797178,ElasticNet,Apul
FUN_008013_38191,39,7,6,6,5-fold,-0.12171701721075072,0.2821659092209923,-0.17547745026238376,0.3191336826447036,42.01963559657715,0.9,6,-0.12171701721075072,RF,Apul
FUN_038804_183143,39,16,14,14,5-fold,-0.14369456859902516,0.21109192103639188,-0.25684466314494875,0.13193746241531926,280.9278944687576,0.99,7,-0.14369456859902516,RF,Apul
FUN_039889_186966,39,5,4,4,5-fold,-0.37032011669779896,0.18003867433482398,-0.3599063799895509,0.24094303073911813,6404.870550565972,0.1,0,-0.3599063799895509,ElasticNet,Apul
FUN_029308_135139,39,3,3,3,5-fold,-41.57737479040758,82.4781114092613,-42.251584402904406,84.19930764349657,1.9085641895878804,0.5,3,-41.57737479040758,RF,Apul
FUN_009677_47593,39,5,5,5,5-fold,-0.8873513165284997,0.7893807539208337,-0.5655958163949797,0.944431472633446,0.5910431353672445,0.7,4,-0.5655958163949797,ElasticNet,Apul
FUN_043604_207110,39,7,3,3,5-fold,-1.3131179492352327,2.1865171196817124,-1.1942977602240679,2.256809263272659,1342.5616942375527,0.1,0,-1.1942977602240679,ElasticNet,Apul
FUN_004094_17809,39,14,13,13,5-fold,-1.7750919858665828,2.1741155682630904,-0.4977555194400578,0.44554440072615403,6.522153878162139,0.99,12,-0.4977555194400578,ElasticNet,Apul
FUN_042841_201245,39,2,2,2,5-fold,-0.3212597672143453,0.4479484966388391,-0.026767546060521008,0.033218014304445126,3135.879132586245,0.1,0,-0.026767546060521008,ElasticNet,Apul
FUN_037291_172689,39,31,30,30,5-fold,-0.6410097098247646,1.15532020467097,-0.492280646671807,0.5797959373016605,168.51511670276528,0.99,19,-0.492280646671807,ElasticNet,Apul
FUN_025925_118421,39,4,4,4,5-fold,-0.27995511535861495,0.2895048403142471,-0.23410257540205914,0.2739689177081167,104.34192367683025,0.99,4,-0.23410257540205914,ElasticNet,Apul
FUN_033953_155033,39,3,2,2,5-fold,-2.1435458566193746,3.1210973992497246,-2.355839792262181,3.7684076810331124,1621.2904741345603,0.1,0,-2.1435458566193746,RF,Apul
FUN_023170_103426,39,12,6,6,5-fold,-24.31364754089095,46.777918188052304,-14.16689824925725,27.25383467997881,8.352672849181634,0.9,5,-14.16689824925725,ElasticNet,Apul
FUN_041944_197533,39,11,8,8,5-fold,-0.13954944841694022,0.40365365912779183,-0.2365916164016924,0.1911484349773537,1.3162304580497761,0.9,8,-0.13954944841694022,RF,Apul
FUN_026413_121709,39,6,6,6,5-fold,-0.9296700630674006,0.63623483027657,-0.5089481384130865,0.4448184781418482,3911.244068885044,0.1,0,-0.5089481384130865,ElasticNet,Apul
FUN_043518_206307,39,10,10,10,5-fold,-1.9716403039384787,3.2635612494769655,-2.4360499113039045,4.333200474465595,2.705950411234148,0.99,10,-1.9716403039384787,RF,Apul
FUN_032709_149808,39,5,5,5,5-fold,-0.4455696979248536,0.5155456827939626,-0.1828583700758027,0.1833896106284679,4.611810824166406,0.5,5,-0.1828583700758027,ElasticNet,Apul
FUN_035154_161831,39,12,12,12,5-fold,-16.047853402413065,31.23118335046226,-12.241498053869096,23.798297852012293,8413.587357464106,0.1,0,-12.241498053869096,ElasticNet,Apul
FUN_025365_114918,39,57,57,57,5-fold,-7.625057759167007,14.95468344307218,-9.55944512714541,18.09947467815639,7.017473098883591,0.5,56,-7.625057759167007,RF,Apul
FUN_041774_196057,39,3,3,3,5-fold,-0.6142903531741872,0.1893051544855828,-0.12284866150120455,0.049999109156565164,2127.724807037458,0.1,0,-0.12284866150120455,ElasticNet,Apul
FUN_024332_109777,39,9,9,9,5-fold,-1.246051005277399,2.290848362826876,-1.0859911511870475,1.8210249943513734,2.0030462746319837,0.5,9,-1.0859911511870475,ElasticNet,Apul
FUN_031199_140922,39,16,8,8,5-fold,-0.9395979246821262,1.0134637276201786,-3.7786581422913157,6.093298407685439,4371.952325549422,0.1,0,-0.9395979246821262,RF,Apul
FUN_043242_204037,39,10,10,10,5-fold,-13.288023070622256,25.873873591486422,-8.50309958587508,16.25676907392053,396.9780089133491,0.99,2,-8.50309958587508,ElasticNet,Apul
FUN_033708_153361,39,3,3,3,5-fold,-0.12791143801268867,0.22270238814793905,-0.30820952340451224,0.43061393668566034,1916.9009624956805,0.1,0,-0.12791143801268867,RF,Apul
FUN_013056_62771,39,8,6,6,5-fold,-0.5377859428560668,0.6570994127705176,-0.3621454282473807,0.490266943885146,6414.9496815209395,0.1,0,-0.3621454282473807,ElasticNet,Apul
FUN_011769_55139,39,52,46,46,5-fold,-5.540938159388849,9.880219763887078,-7.484918063407731,14.407937729694543,9260.06496714285,0.1,0,-5.540938159388849,RF,Apul
FUN_036077_167354,39,45,39,39,5-fold,-0.8125078003596939,0.6658824473449744,-1.1957081530029345,0.9487392684680869,34.1551305719573,0.99,20,-0.8125078003596939,RF,Apul
FUN_034281_157106,39,6,6,6,5-fold,-0.9407559569882192,0.927645998571747,-0.6326173539605765,1.0105706117362725,4918.222526418086,0.1,0,-0.6326173539605765,ElasticNet,Apul
FUN_029173_134218,39,4,4,4,5-fold,-0.30378642339476186,0.43564095575900524,-0.3625996577631242,0.2877303825019391,3.931087036101086,0.5,4,-0.30378642339476186,RF,Apul
FUN_008484_41309,39,11,11,11,5-fold,-9.303094994910916,18.09550935686732,-6.719389644583812,13.19570283511518,7324.5389231969075,0.1,0,-6.719389644583812,ElasticNet,Apul
FUN_026111_119949,39,9,6,6,5-fold,-5.635938695563519,10.47864360045512,-8.690283371056553,16.89218861922767,30.932060334679527,0.95,6,-5.635938695563519,RF,Apul
FUN_037838_176011,39,5,5,5,5-fold,-0.7086436251492344,1.1402321044113972,-0.49240429077864967,0.8123682945069945,131.25494867292474,0.5,5,-0.49240429077864967,ElasticNet,Apul
FUN_019346_90629,39,7,7,7,5-fold,-73.70885884521414,146.89267893150821,-56.5936397326707,113.03956348296141,3699.699099109123,0.1,0,-56.5936397326707,ElasticNet,Apul
FUN_004826_22962,39,13,5,5,5-fold,-14.854404454380239,17.715800623372996,-3.2336608606229214,4.151813333515568,2.576910021691264,0.99,5,-3.2336608606229214,ElasticNet,Apul
FUN_008915_44020,39,3,3,3,5-fold,-1.7558656763311706,3.146282032623233,-1.5498578474198221,2.8824212489227357,73.03820703901454,0.99,3,-1.5498578474198221,ElasticNet,Apul
FUN_042991_202307,39,5,5,5,5-fold,-1.862701710717347,2.4377895386751254,-2.461890307897579,4.2910788956591555,4380.360161243336,0.1,0,-1.862701710717347,RF,Apul
FUN_035243_162423,39,13,13,13,5-fold,-11.337415464234427,22.179786958504344,-11.727530589832552,23.27002164697837,4752.831201396644,0.1,0,-11.337415464234427,RF,Apul
FUN_011848_55627,39,7,7,7,5-fold,-25.4989955365618,50.978039323116406,-27.66520935795154,55.25083524686059,228.21990436349594,0.99,3,-25.4989955365618,RF,Apul
FUN_038564_181941,39,3,2,2,5-fold,-0.6757346212173758,0.7430688363117762,-0.4472969203240737,0.5122063789525385,308.06870747542644,0.99,1,-0.4472969203240737,ElasticNet,Apul
FUN_014916_71172,39,10,10,10,5-fold,-0.024221925111688768,0.156426252919559,-0.036643033207676146,0.10568951603430903,154.4391691147812,0.99,6,-0.024221925111688768,RF,Apul
FUN_001766_9662,39,3,3,3,5-fold,-0.5332309009625238,0.30396587588639784,-0.209548209966331,0.14815625085840653,4339.1145850094,0.1,0,-0.209548209966331,ElasticNet,Apul
FUN_024020_108186,39,12,10,10,5-fold,-0.7733560533456372,1.4483994196014713,-1.8238204652843444,3.2290546638460826,3929.2494921398556,0.1,0,-0.7733560533456372,RF,Apul
FUN_004099_17850,39,6,6,6,5-fold,-1.1016302498590456,0.9245728832560902,-0.6275461963938549,0.5382539970878877,2.145243999983358,0.9,6,-0.6275461963938549,ElasticNet,Apul
FUN_004170_18247,39,18,16,16,5-fold,-0.5380898574033004,0.5207249783443426,-0.5551943783944271,0.3684200792498398,1121.3151753500513,0.99,0,-0.5380898574033004,RF,Apul
FUN_007866_37301,39,58,40,40,5-fold,-0.5200641737701617,1.0020268312936103,-1.062033170025922,0.8114402991712967,681.1316050262942,0.99,3,-0.5200641737701617,RF,Apul
FUN_035339_162871,39,34,29,29,5-fold,-0.6560712996839623,0.8238758256515428,-0.38696200190238794,0.2873244933912647,6044.699441332848,0.1,1,-0.38696200190238794,ElasticNet,Apul
FUN_015014_71973,39,15,14,14,5-fold,-8.357968696259512,15.974102519261292,-10.671453292922513,20.564826460455222,4935.377129349172,0.1,0,-8.357968696259512,RF,Apul
FUN_023170_103428,39,18,10,10,5-fold,-3.8004705450120952,7.164036513710079,-3.8002161466831827,6.606734252786186,4509.846715367345,0.1,0,-3.8002161466831827,ElasticNet,Apul
FUN_003892_16505,39,20,20,20,5-fold,-0.20532096674622907,0.2833910004481111,-0.2171996200886849,0.24474667319602197,7962.118685206631,0.1,0,-0.20532096674622907,RF,Apul
FUN_029392_135610,39,6,6,6,5-fold,-12.914036094101144,24.131771996220852,-11.978275086323157,23.45332122375798,5390.294221921719,0.1,0,-11.978275086323157,ElasticNet,Apul
FUN_043244_204078,39,4,4,4,5-fold,-0.48051097193336323,0.6878834703503155,-0.06742491263993904,0.1616869137987158,1.5011646984244515,0.7,4,-0.06742491263993904,ElasticNet,Apul
FUN_036077_167353,39,19,18,18,5-fold,-1.9943904594724966,1.5187788564550908,-1.1168182353089162,1.379248719420045,131.0351158824392,0.99,13,-1.1168182353089162,ElasticNet,Apul
FUN_001179_5806,39,9,8,8,5-fold,-0.8116958165231928,1.1038687389804434,-0.5537624632089126,0.7861051860586605,5787.927843780075,0.1,0,-0.5537624632089126,ElasticNet,Apul
FUN_033753_153610,39,2,2,2,5-fold,-5.775172670503855,10.489511667605498,-2.6638569588874743,5.13687846709515,3932.185209223983,0.1,0,-2.6638569588874743,ElasticNet,Apul
FUN_001179_5801,39,3,3,3,5-fold,-0.6775447621550945,0.6415167054314853,-0.4416636138091379,0.6638241486437723,1.6971235536751057,0.5,3,-0.4416636138091379,ElasticNet,Apul
FUN_032131_146272,39,23,13,13,5-fold,-6.0369361633716725,9.226066403683378,-5.14721290941675,9.073003496318856,14407.07601378753,0.1,0,-5.14721290941675,ElasticNet,Apul
FUN_035840_165874,39,5,5,5,5-fold,-0.3494253816605366,0.18578035350006455,-0.3160515026394727,0.37543260302389964,5466.5337528913515,0.1,0,-0.3160515026394727,ElasticNet,Apul
FUN_040709_191278,39,8,3,3,5-fold,-0.6868707773755288,0.7717627421906388,-4.2191097987675565,7.824426516624559,16.213765453372623,0.99,3,-0.6868707773755288,RF,Apul
FUN_037909_176512,39,3,3,3,5-fold,-0.6965656527955835,1.0477160605371247,-0.5317986497346542,0.7543320589139183,4791.7041053316625,0.1,0,-0.5317986497346542,ElasticNet,Apul
FUN_017841_84091,39,53,31,31,5-fold,-4.242707986147529,7.418653540488009,-4.202878480333982,8.020983267307033,12834.962470252236,0.1,0,-4.202878480333982,ElasticNet,Apul
FUN_011962_56543,39,8,8,8,5-fold,-0.3644467287290137,0.5840412397468315,-0.23058369721630512,0.3108919118356149,127.52660361979211,0.99,5,-0.23058369721630512,ElasticNet,Apul
FUN_029269_134833,39,2,2,2,5-fold,-6.19645572117628,11.855413190842945,-7.255013408644548,14.306910244739278,2.5602760765865744,0.7,2,-6.19645572117628,RF,Apul
FUN_015433_74557,39,10,6,6,5-fold,-0.3449680276248912,0.3948314458037362,-0.3570583398443172,0.12801259759975364,27.79473513154743,0.95,6,-0.3449680276248912,RF,Apul
FUN_025768_117363,39,2,2,2,5-fold,-6.859325833251978,13.39045101731268,-6.8179820260012844,13.45440127333613,4296.002485659405,0.1,0,-6.8179820260012844,ElasticNet,Apul
FUN_035896_166310,39,85,66,66,5-fold,-2.621720255500738,4.9965971620097855,-1.6883496259739552,1.9466138026161977,10.915374931733789,0.99,55,-1.6883496259739552,ElasticNet,Apul
FUN_002660_13237,39,26,21,21,5-fold,-4.925456908845488,8.874798018838547,-11.58700385173342,22.91495802842116,58.63458134177282,0.9,19,-4.925456908845488,RF,Apul
FUN_005074_24464,39,9,7,7,5-fold,-2.6663466227301273,3.2234808699246718,-92.04002792308074,176.17332432283544,10436.343815206024,0.1,0,-2.6663466227301273,RF,Apul
FUN_033953_155032,39,6,6,6,5-fold,-2.402866577798968,3.748350804947056,-1.5075774243186484,2.3583971726308257,79.7070258969213,0.99,6,-1.5075774243186484,ElasticNet,Apul
FUN_031708_143595,39,9,9,9,5-fold,-0.07605353485809471,0.454518212181993,-0.19895787545916127,0.3962191925713265,68.50569623345919,0.99,7,-0.07605353485809471,RF,Apul
FUN_004780_22673,39,22,22,22,5-fold,-0.49152009181292533,0.19286626070789506,-0.18809640558535431,0.10623021810834964,5066.406191929261,0.1,0,-0.18809640558535431,ElasticNet,Apul
FUN_032994_151166,39,24,19,19,5-fold,-2.03718271771458,2.7196229884981795,-0.8643868111924627,1.2845615082967712,12627.511512231507,0.1,0,-0.8643868111924627,ElasticNet,Apul
FUN_041944_197536,39,3,3,3,5-fold,-0.3745772337915037,0.4009513019519715,-0.30640314924158796,0.26178499817596124,37.5345339808393,0.99,3,-0.30640314924158796,ElasticNet,Apul
FUN_041691_195380,39,4,4,4,5-fold,-1.3554903322055867,2.1503455312553905,-1.1015736258640816,1.61949332678275,7.27848649082431,0.99,4,-1.1015736258640816,ElasticNet,Apul
FUN_032982_151072,39,5,3,3,5-fold,-0.36867078683391774,0.2575642994449002,-0.3299066671784684,0.36684869025548206,2905.691852462332,0.1,0,-0.3299066671784684,ElasticNet,Apul
FUN_005365_26208,39,5,5,5,5-fold,-0.20064078015337522,0.5585640550173355,-0.19834569507777947,0.19813113833481621,10.224814185288063,0.95,5,-0.19834569507777947,ElasticNet,Apul
FUN_033708_153363,39,7,7,7,5-fold,-0.30459240428999784,0.3984472160662494,-0.12273644985416303,0.15735958220079954,1.7421968646669421,0.5,7,-0.12273644985416303,ElasticNet,Apul
FUN_001170_5691,39,14,13,13,5-fold,-1.457540196501031,3.077150605898701,-1.1799348335499997,2.1078273162337218,4779.76904424089,0.1,0,-1.1799348335499997,ElasticNet,Apul
FUN_025846_117909,39,8,8,8,5-fold,-0.7363087444473256,0.3665839597730411,-3.7945141529425697,3.5514381356103644,1.0168216498249236,0.95,8,-0.7363087444473256,RF,Apul
FUN_028078_128173,39,10,5,5,5-fold,-0.611818976386332,0.4246131281805885,-0.38178631332859336,0.4884911740243131,6327.424870347324,0.1,0,-0.38178631332859336,ElasticNet,Apul
FUN_004094_17810,39,11,11,11,5-fold,-1.7590696719461942,2.224586371357937,-0.8108756343878362,0.914430777561006,12.290585994160924,0.1,11,-0.8108756343878362,ElasticNet,Apul
FUN_024107_108706,39,14,11,11,5-fold,-0.5487760382967306,0.7567032888829991,-0.49277032710988455,0.4521391768991944,61.97548599537259,0.99,10,-0.49277032710988455,ElasticNet,Apul
FUN_025984_118770,39,8,8,8,5-fold,-0.9561047079044075,1.7738726020443323,-0.7255045700347351,0.9790837140829333,900.170452678262,0.99,3,-0.7255045700347351,ElasticNet,Apul
FUN_006115_29018,39,30,20,20,5-fold,-2.5495033550245356,2.527667890699839,-1.0842981418046425,1.4166181382039644,12159.577055652688,0.1,0,-1.0842981418046425,ElasticNet,Apul
FUN_014505_68114,39,2,2,2,5-fold,-1.0310016769811567,0.8707822970863074,-0.5865478250468488,0.4048727171950621,2696.0316426835093,0.1,0,-0.5865478250468488,ElasticNet,Apul
FUN_010916_52003,39,9,6,6,5-fold,-0.4356125976740346,0.5834843599608066,-0.07705535087508619,0.06889993397431317,2606.5485979155633,0.1,0,-0.07705535087508619,ElasticNet,Apul
FUN_029173_134219,39,6,6,6,5-fold,-1.0759704209510161,0.906161983638619,-0.514613504049128,0.5954589221666933,4439.003829630361,0.1,0,-0.514613504049128,ElasticNet,Apul
FUN_014530_68328,39,4,4,4,5-fold,-1.2446130213310178,2.0622520591193756,-0.6289387107274986,1.18177224978144,6.8839866597926305,0.5,4,-0.6289387107274986,ElasticNet,Apul
FUN_008104_38842,39,3,3,3,5-fold,-0.624571097561019,0.5179585203249546,-0.38144791878089196,0.2631927370895669,2.9776017839038733,0.5,3,-0.38144791878089196,ElasticNet,Apul
FUN_037974_177076,39,24,17,17,5-fold,-84.16588708062126,167.84368194130388,-54.71695166020736,108.96525942606252,3.5015183131233254,0.9,17,-54.71695166020736,ElasticNet,Apul
FUN_027987_127707,39,8,2,2,5-fold,-0.2424720201924988,0.526621259910175,-19.587292188461788,38.89200334423086,1.6672306265588601,0.5,2,-0.2424720201924988,RF,Apul
FUN_035840_165877,39,2,2,2,5-fold,-0.6205233581335705,1.0441354871758013,-0.2814348820730531,0.34519239999132095,2563.0973216219304,0.1,0,-0.2814348820730531,ElasticNet,Apul
FUN_038001_177264,39,3,3,3,5-fold,-0.5658457187693167,0.7714924908352573,-0.7091960274084558,1.1695122695682765,4.972103138560731,0.5,3,-0.5658457187693167,RF,Apul
FUN_042841_201244,39,3,3,3,5-fold,-0.25180137975026284,0.29661957384768606,-0.2358706736572785,0.20719210096964033,10083.859593291298,0.1,0,-0.2358706736572785,ElasticNet,Apul
FUN_004897_23478,39,2,2,2,5-fold,-1.053256546241426,1.604744163916979,-1.4305744869704657,2.5825524078040196,195.44808304349283,0.99,1,-1.053256546241426,RF,Apul
FUN_022528_98913,39,26,23,23,5-fold,-14.601302152688557,28.09838844643819,-11.216653659699448,21.46548945439381,3742.903947149391,0.1,0,-11.216653659699448,ElasticNet,Apul
FUN_041677_195308,39,8,8,8,5-fold,-1.1685986531791566,0.91713116395865,-0.9781327957654302,1.0002017163409622,4207.693772065046,0.1,0,-0.9781327957654302,ElasticNet,Apul
FUN_024208_109327,39,2,2,2,5-fold,-1.6054200360637303,2.267948086061509,-0.7878600801268273,1.3378367370905364,41.87677924994894,0.99,2,-0.7878600801268273,ElasticNet,Apul
FUN_012675_61317,39,12,4,4,5-fold,-0.22370513980622744,0.215911821737631,-0.5335087090386823,0.8311481777244023,2846.2679699025125,0.1,0,-0.22370513980622744,RF,Apul
FUN_041696_195392,39,24,14,14,5-fold,-1.9726671597932026,3.301333755408987,-2.118407449225238,3.4227325682082097,12910.903426216495,0.1,0,-1.9726671597932026,RF,Apul
FUN_038503_181583,39,13,11,11,5-fold,-0.5815700295616558,0.8890925496837473,-0.2277354658475609,0.11112494544497158,2.0137422295546976,0.99,11,-0.2277354658475609,ElasticNet,Apul
FUN_027952_127466,39,68,68,68,5-fold,-0.15901666396066966,0.06381942755968002,-0.1903256515251679,0.09310889189162526,31.97186718440383,0.1,68,-0.15901666396066966,RF,Apul
FUN_043118_203041,39,21,17,17,5-fold,-1.2954373107466248,1.229206069130994,-0.5638638081272267,0.4792234030857336,131.13491853189353,0.99,14,-0.5638638081272267,ElasticNet,Apul
FUN_011962_56545,39,3,3,3,5-fold,-0.8938989416335307,0.7163526686240471,-0.2639103561451336,0.3023415856933139,5103.143251901003,0.1,0,-0.2639103561451336,ElasticNet,Apul
FUN_034892_160105,39,9,9,9,5-fold,-1.4096579327627612,1.9618161395159428,-0.8714076453723296,1.3490627371750317,8478.104875673027,0.1,0,-0.8714076453723296,ElasticNet,Apul
FUN_041629_194962,39,12,6,6,5-fold,-0.4400123801032404,0.07215418701128835,-0.3369571998865308,0.16225312925808646,6103.549808746442,0.1,0,-0.3369571998865308,ElasticNet,Apul
FUN_034281_157104,39,13,10,10,5-fold,-1.412035180502308,2.357395385930574,-0.9182942725064145,1.6806629534765654,25.07339205819973,0.1,10,-0.9182942725064145,ElasticNet,Apul
FUN_043244_204082,39,9,6,6,5-fold,-0.4486176348873482,0.48892478769800524,-0.3512617388844766,0.34209245584797326,2913.62140337008,0.1,5,-0.3512617388844766,ElasticNet,Apul
FUN_038184_179034,39,66,40,40,5-fold,-1.6749565849559254,1.8281131422130836,-1.850210861663593,2.5646950799407087,7057.438180499505,0.1,0,-1.6749565849559254,RF,Apul
FUN_041496_193784,39,2,2,2,5-fold,-1.4852569634866073,2.0949180610239675,-1.0280401691088186,1.6822827316988296,160.98728400724727,0.99,1,-1.0280401691088186,ElasticNet,Apul
FUN_032982_151073,39,14,8,8,5-fold,-0.3613198872847572,0.23656025861881616,-0.31168172231490765,0.28773967119237975,4927.648850172108,0.1,0,-0.31168172231490765,ElasticNet,Apul
FUN_028970_132641,39,14,13,13,5-fold,-1.3800163916489,2.4808848203427796,-1.3076159009393566,2.268039516770247,5729.344635328914,0.1,0,-1.3076159009393566,ElasticNet,Apul
FUN_024144_108926,39,22,19,19,5-fold,-4.079294189058127,3.967891353749569,-0.7904784747850879,0.9517432050018106,3.352707765512393,0.95,16,-0.7904784747850879,ElasticNet,Apul
FUN_041585_194708,39,3,3,3,5-fold,0.046173629715762485,0.4127249385763571,0.1638598266084506,0.4668892381302075,2.8653275146924377,0.9,3,0.1638598266084506,ElasticNet,Apul
FUN_024020_108189,39,14,13,13,5-fold,-0.7097175280967308,1.0223614575605595,-0.5509287010384338,0.7394087677475955,4588.489592316266,0.1,0,-0.5509287010384338,ElasticNet,Apul
FUN_038082_178051,39,40,37,37,5-fold,-18.630022619063077,36.16225825810103,-18.520548814708516,36.67250645301192,7769.4141611635305,0.1,0,-18.520548814708516,ElasticNet,Apul
FUN_033953_155034,39,11,10,10,5-fold,-13.717048333829064,25.68956934573663,-7.40910313908946,9.507811942782858,11260.837482819808,0.1,0,-7.40910313908946,ElasticNet,Apul
FUN_024332_109772,39,5,5,5,5-fold,-0.5619623408140036,0.5317460363658855,-0.7154321046918158,0.7038561056123307,4401.876756260472,0.1,0,-0.5619623408140036,RF,Apul
FUN_035840_165879,39,2,2,2,5-fold,-0.41254981550077713,0.525273998000806,-0.20592196414914188,0.21673351439882454,3372.235305735309,0.1,0,-0.20592196414914188,ElasticNet,Apul
FUN_041745_195873,39,207,155,100,5-fold,-0.8312459330567584,0.7161374749227438,-0.5028378517503791,0.44356812081745295,5.062919902122528,0.5,99,-0.5028378517503791,ElasticNet,Apul
FUN_016456_79675,39,29,20,20,5-fold,-1.4326181627728185,2.894839989356582,-0.9303822450125955,1.0581667104718315,95.5884874765483,0.99,14,-0.9303822450125955,ElasticNet,Apul
FUN_029344_135444,39,12,9,9,5-fold,-31.088526732175808,61.47155689775603,-25.878714794021807,51.533432033750216,7359.4919755617775,0.1,0,-25.878714794021807,ElasticNet,Apul
FUN_038311_180204,39,18,18,18,5-fold,-0.5177236702296625,0.34072286972067506,-0.5906030197930324,0.4867454859912519,7699.803525460938,0.1,0,-0.5177236702296625,RF,Apul
FUN_005079_24476,39,2,2,2,5-fold,-3.730945438330788,4.398933010863563,-3.508246656813995,4.709934422689723,2015.9149981467426,0.1,0,-3.508246656813995,ElasticNet,Apul
FUN_034863_159856,39,9,9,9,5-fold,-0.7284621366230184,0.6924964751373859,-0.4299874677909328,0.5136401244165053,8086.92193425857,0.1,0,-0.4299874677909328,ElasticNet,Apul
FUN_025343_114647,39,4,4,4,5-fold,-1.3414807969282567,1.8116448853146574,-1.156136544727262,1.8769673566626226,15.161713317695181,0.1,4,-1.156136544727262,ElasticNet,Apul
FUN_014505_68113,39,2,2,2,5-fold,-0.7910991807349903,0.8240268810777721,-0.639608760255041,0.4857933020424858,3404.222836465726,0.1,0,-0.639608760255041,ElasticNet,Apul
FUN_024376_110129,39,4,4,4,5-fold,-0.5909037651818134,0.6635385607028924,-0.3036971209607131,0.44569068271731604,55.60164206417802,0.99,4,-0.3036971209607131,ElasticNet,Apul
FUN_029147_134025,39,69,52,52,5-fold,-1.0866762959432532,1.4539360204795175,-0.8152780726928469,1.0756931942886008,16.68464040021272,0.9,48,-0.8152780726928469,ElasticNet,Apul
FUN_032147_146372,39,15,15,15,5-fold,-1.3904336070359373,2.1228811735814164,-0.7365983598566563,1.1224555983200486,5947.066411167854,0.1,0,-0.7365983598566563,ElasticNet,Apul
FUN_003717_15851,39,13,13,13,5-fold,-3.1932929088703217,6.138607333959718,-4.915817588399272,9.545343785751863,854.7982762520031,0.99,2,-3.1932929088703217,RF,Apul
FUN_012567_60710,39,21,21,21,5-fold,-0.5529236518220578,0.9995322331757768,-0.18986066442610322,0.4893881575643795,50.73378475468769,0.99,13,-0.18986066442610322,ElasticNet,Apul
FUN_009857_48285,39,8,8,8,5-fold,-0.14200531465964647,0.2672016643174705,-0.174890421351022,0.1574142895890187,117.61621647246531,0.99,7,-0.14200531465964647,RF,Apul
FUN_035840_165880,39,3,3,3,5-fold,-0.6168788716229869,0.4898696542459299,-0.22733981721974095,0.22081910627425202,5318.2741858266645,0.1,0,-0.22733981721974095,ElasticNet,Apul
FUN_025984_118771,39,11,11,11,5-fold,-1.652838215451716,2.754801886402727,-1.8085649624431421,3.1692918524823432,5785.42577582178,0.1,0,-1.652838215451716,RF,Apul
FUN_004897_23480,39,11,9,9,5-fold,-1.1106991999392337,1.7463694122508338,-1.2444653704711763,2.142072124162847,5217.264898402579,0.1,2,-1.1106991999392337,RF,Apul
FUN_004891_23451,39,8,7,7,5-fold,-0.7479463620146454,0.6969569841837318,-0.6595182804199605,0.48617616685196163,111.04766763501121,0.99,6,-0.6595182804199605,ElasticNet,Apul
FUN_037909_176511,39,2,2,2,5-fold,-1.1839864609845236,1.5659806086234287,-0.7540857451613293,1.2481884048021366,1880.1044277740466,0.1,0,-0.7540857451613293,ElasticNet,Apul
FUN_041677_195306,39,6,6,6,5-fold,-1.1536191010375996,1.068786981271551,-0.9390867308427306,0.9836457607858551,38.00256071848972,0.1,6,-0.9390867308427306,ElasticNet,Apul
FUN_008490_41357,39,16,16,16,5-fold,-56.005502137935785,110.95921060309875,-62.5944454097894,124.14335867255049,198.49655969214248,0.99,9,-56.005502137935785,RF,Apul
FUN_009857_48286,39,5,5,5,5-fold,-0.4538925874132886,0.2698895140876434,-0.2979563505819349,0.1983949358332069,513.7545039628844,0.99,1,-0.2979563505819349,ElasticNet,Apul
FUN_014563_68524,39,15,15,15,5-fold,-0.25890472503687467,0.23675034913340864,-0.16104553497028112,0.15548252665852538,898.4211814751027,0.99,0,-0.16104553497028112,ElasticNet,Apul
FUN_001766_9663,39,2,2,2,5-fold,-0.29546033738310734,0.3828191883184011,-0.07477680787070051,0.09112867270431389,28.7584145767574,0.99,2,-0.07477680787070051,ElasticNet,Apul
FUN_024332_109775,39,5,5,5,5-fold,-0.7400543278994911,0.8260942553216808,-0.5761904449807355,0.7011949072891747,7635.132013271712,0.1,0,-0.5761904449807355,ElasticNet,Apul
FUN_000908_3920,39,26,26,26,5-fold,-1.3319762019596282,1.6835132276009288,-0.8417088478847911,1.2313971077487667,10689.787993853219,0.1,0,-0.8417088478847911,ElasticNet,Apul
FUN_029664_136900,39,9,9,9,5-fold,-37.71313603196498,75.3057629103639,-21.35900748403136,42.56518585267505,129.98332923165876,0.95,6,-21.35900748403136,ElasticNet,Apul
FUN_032709_149811,39,12,12,12,5-fold,-0.24315101553020918,0.26192535196195943,-0.17144030532547133,0.2731340227032652,40.48279772635252,0.99,11,-0.17144030532547133,ElasticNet,Apul
FUN_008013_38194,39,23,9,9,5-fold,-0.3810541189392911,0.9306784073150087,-0.1942194369595403,0.2555302036920897,2.069819555409425,0.7,9,-0.1942194369595403,ElasticNet,Apul
FUN_025752_117235,39,14,14,14,5-fold,-37.986898386489436,75.20544001248835,-37.892469513381776,75.60883737199073,884.3906913443399,0.99,1,-37.892469513381776,ElasticNet,Apul
FUN_001497_8044,39,2,2,2,5-fold,-0.6804362983435006,0.5059040682481604,-0.49097022028062226,0.5089646300771316,0.5702393668307754,0.9,2,-0.49097022028062226,ElasticNet,Apul
FUN_001628_9037,39,15,15,15,5-fold,-0.9835717386436418,1.452224372201149,-0.8149430058517713,1.072741237012043,8400.479553618903,0.1,0,-0.8149430058517713,ElasticNet,Apul
FUN_012136_57670,39,10,9,9,5-fold,-0.6478253046443376,0.7338934616878027,-0.29950258678791536,0.3757658698895545,50.94385744043003,0.99,7,-0.29950258678791536,ElasticNet,Apul
FUN_000239_932,39,5,5,5,5-fold,-0.5949331898314774,0.7221190646151856,-1.0035132843110148,1.431078865705765,126.48657284061576,0.99,4,-0.5949331898314774,RF,Apul
FUN_028277_129466,39,16,15,15,5-fold,-21.41895778593413,42.810790229327665,-11.816364904776623,23.32727887854341,595.2837875179893,0.99,4,-11.816364904776623,ElasticNet,Apul
FUN_023682_106716,39,5,2,2,5-fold,-14.351306452683403,28.396050931538575,-13.560831208654355,26.930633855774147,899.764956450249,0.1,0,-13.560831208654355,ElasticNet,Apul
FUN_043144_203190,39,10,9,9,5-fold,-9.645868875051013,18.420142763759596,-5.72556575030342,11.248204581605462,740.0057051053382,0.99,1,-5.72556575030342,ElasticNet,Apul
FUN_005032_24212,39,3,3,3,5-fold,-33.95167387921547,67.9272051122767,-28.452058921836716,56.29459007037488,50.12782729326337,0.99,3,-28.452058921836716,ElasticNet,Apul
FUN_025581_116177,39,4,4,4,5-fold,-0.5383477758815022,0.3341661062679023,-0.26549267481735883,0.22469891639045508,6047.787499305831,0.1,0,-0.26549267481735883,ElasticNet,Apul
FUN_004820_22928,39,6,6,6,5-fold,-4.744158997648262,7.614097771773088,-3.675593921844456,4.8773588347822106,1144.1722822769373,0.7,1,-3.675593921844456,ElasticNet,Apul
FUN_008924_44085,39,2,2,2,5-fold,-1.2127206373097166,1.7391794988308635,-0.9108449706574844,1.623566345684438,3580.937478365163,0.1,0,-0.9108449706574844,ElasticNet,Apul
FUN_041944_197534,39,9,7,7,5-fold,-0.6005646590665314,0.4709198423151945,-0.3866245157154548,0.43841248198819366,40.678646589428084,0.99,7,-0.3866245157154548,ElasticNet,Apul
FUN_038052_177787,39,30,17,17,5-fold,-0.7364592966211633,0.4801063985683972,-0.4154975851409105,0.3753527373996313,146.61000060049207,0.99,14,-0.4154975851409105,ElasticNet,Apul
FUN_037838_176016,39,6,6,6,5-fold,-1.828528078880342,3.487420201163709,-1.7816832237021494,3.459262926951869,437.15484337857396,0.99,2,-1.7816832237021494,ElasticNet,Apul
FUN_024432_110519,39,9,9,9,5-fold,-7.345895365834818,10.575648919891288,-3.2560070283365983,6.055780532571171,9111.665568846789,0.1,2,-3.2560070283365983,ElasticNet,Apul
FUN_038804_183147,39,4,4,4,5-fold,-1.440721146775544,2.293035803134022,-1.5364915936969619,2.804262697946164,7962.961206579142,0.1,0,-1.440721146775544,RF,Apul
FUN_025343_114646,39,2,2,2,5-fold,-0.776952137431475,0.9483149969264391,-0.8793973485173016,0.9513924716959444,236.85868997619266,0.95,2,-0.776952137431475,RF,Apul
FUN_022346_97526,39,13,13,13,5-fold,-1.2055923065709895,1.4684917203048378,-1.388488264483102,2.4544083887447568,8481.568621318991,0.1,0,-1.2055923065709895,RF,Apul
FUN_043518_206304,39,3,3,3,5-fold,-0.1482413799027938,0.40444497296164006,-0.2702662833219695,0.3125337940306327,4.472724003053357,0.5,3,-0.1482413799027938,RF,Apul
FUN_034884_160048,39,6,6,6,5-fold,-0.2531441296990772,0.7272188905076321,-0.09517872959993198,0.22524566322146072,13.245124881076736,0.99,6,-0.09517872959993198,ElasticNet,Apul
FUN_040061_188121,39,4,4,4,5-fold,-0.9869527220111755,1.0341884568704993,-0.5967413646782218,0.5234429261106817,8818.087151673783,0.1,0,-0.5967413646782218,ElasticNet,Apul
FUN_001503_8079,39,9,9,9,5-fold,-3.0696765185907977,5.242145115536922,-2.208137497292261,3.778704640849676,67.96823911409307,0.99,8,-2.208137497292261,ElasticNet,Apul
FUN_010789_51295,39,38,34,34,5-fold,-0.4549640481660561,0.580521340623455,-0.21606073268706444,0.1786047931449239,8103.4685368052105,0.1,0,-0.21606073268706444,ElasticNet,Apul
FUN_042620_200047,39,15,10,10,5-fold,-0.5171130713893554,0.1925031540425508,-0.1997243265374896,0.18871357538005545,10249.112288323238,0.1,0,-0.1997243265374896,ElasticNet,Apul
FUN_027850_126997,39,16,16,16,5-fold,-17.32996872317303,33.391113811171635,-16.045506747592302,31.7826366195136,6026.509315534688,0.1,0,-16.045506747592302,ElasticNet,Apul
FUN_004626_21626,39,15,15,15,5-fold,-2.067127227499908,2.72848829360913,-1.2783229347745664,1.7732285555837104,8031.180559107951,0.1,0,-1.2783229347745664,ElasticNet,Apul
FUN_027958_127481,39,114,113,100,5-fold,0.04225603724003284,0.22445462785058218,-0.17730115826556458,0.11767692059838618,126.54940544367547,0.1,96,0.04225603724003284,RF,Apul
FUN_022379_97754,39,71,56,56,5-fold,-33.22979495408502,65.86405487202617,-20.819972982604334,41.27680593741798,17847.563281635197,0.1,0,-20.819972982604334,ElasticNet,Apul
FUN_017914_84575,39,31,25,25,5-fold,-1.0403120880808931,1.7278000771488273,-0.686590729731402,1.0941051844414436,578.3176575858666,0.99,3,-0.686590729731402,ElasticNet,Apul
FUN_018425_87267,39,4,4,4,5-fold,-2.75985763485391,5.079033675800413,-1.9847146581036033,3.5742242074251913,7897.73362998471,0.1,0,-1.9847146581036033,ElasticNet,Apul
FUN_006919_33270,39,23,23,23,5-fold,-18.239714561810395,35.58806984631103,-37.071433861609094,73.51143823424437,11.902991944808328,0.99,22,-18.239714561810395,RF,Apul
FUN_043144_203187,39,4,4,4,5-fold,-0.7476578494786268,1.5209954802481338,-0.7687563207844449,1.4121028370635702,11.944744524035626,0.95,4,-0.7476578494786268,RF,Apul
FUN_037447_173686,39,4,4,4,5-fold,-0.19723951797737496,0.2802499266117978,-0.17948110251573846,0.20306645258601108,117.34438456775844,0.99,3,-0.17948110251573846,ElasticNet,Apul
FUN_007770_36619,39,177,139,100,5-fold,0.013420663432474833,0.374529766406722,-0.41637587354165656,0.43688618397578544,4.713267442798267,0.7,96,0.013420663432474833,RF,Apul
FUN_025794_117517,39,3,3,3,5-fold,-1.8680612129960406,3.483054034835655,-1.8488313620440038,2.84982576689141,4.722939224605493,0.5,3,-1.8488313620440038,ElasticNet,Apul
FUN_024424_110483,39,5,5,5,5-fold,-3029.820193962698,6058.891752645722,-863.7418522163855,1726.3496224111725,4.538316325245561,0.5,5,-863.7418522163855,ElasticNet,Apul
FUN_038503_181585,39,6,6,6,5-fold,-4.369876138234048,7.984207360756219,-2.519696711760533,4.504139056721865,6948.478492779964,0.1,0,-2.519696711760533,ElasticNet,Apul
FUN_013056_62768,39,3,3,3,5-fold,-0.5037514236351885,0.5632711945582356,-0.39570557748711777,0.5092390305893986,2343.411078384558,0.1,0,-0.39570557748711777,ElasticNet,Apul
FUN_034091_155914,39,7,7,7,5-fold,-2.4176040563790666,4.7563795405892515,-1.0803627183596107,2.243775936729561,3.9429016423564383,0.5,7,-1.0803627183596107,ElasticNet,Apul
FUN_027957_127479,39,176,175,100,5-fold,-0.4359223876812999,0.7650270377167768,-0.07871037899693353,0.15699904675303988,8.208203943862783,0.5,100,-0.07871037899693353,ElasticNet,Apul
FUN_039778_186146,39,5,4,4,5-fold,-0.1307963533392813,0.17944280244677893,-0.11910970319974705,0.08611478651751901,7575.984073231945,0.1,0,-0.11910970319974705,ElasticNet,Apul
FUN_025361_114893,39,6,6,6,5-fold,-0.16496695689262586,0.3752693938497837,-0.22359234171434766,0.19322589497177192,9.293900815272714,0.5,6,-0.16496695689262586,RF,Apul
FUN_011962_56550,39,2,2,2,5-fold,-0.5178192361777899,0.4821481107387925,-0.18942635530759416,0.15164957113304728,1210.4744807052482,0.1,0,-0.18942635530759416,ElasticNet,Apul
FUN_024107_108707,39,15,8,8,5-fold,-1.901225863201089,3.809052999170712,-1.0719646360685595,2.0445401608513767,42.966729587884416,0.99,8,-1.0719646360685595,ElasticNet,Apul
FUN_003568_15483,39,28,28,28,5-fold,-1.8652939820325596,1.8910812270050799,-1.3307398381802371,1.0178844388679007,198.24410329433738,0.99,14,-1.3307398381802371,ElasticNet,Apul
FUN_034724_158978,39,4,4,4,5-fold,-1.313324238220631,2.1927139276510803,-1.345612981544288,1.9256045552640138,5952.785636215533,0.1,0,-1.313324238220631,RF,Apul
FUN_027999_127749,39,18,14,14,5-fold,-0.5987107887973202,0.9366512581507445,-0.8475190213958161,1.535821316575764,103.80630643884413,0.99,11,-0.5987107887973202,RF,Apul
FUN_024332_109776,39,2,2,2,5-fold,-0.44126287178007917,0.6434235056826937,-0.5430140233546717,0.8213958110329189,3914.2302210517055,0.1,0,-0.44126287178007917,RF,Apul
FUN_008104_38846,39,7,7,7,5-fold,-0.636630969463161,0.5742881606864766,-0.22165964486411172,0.323154670324244,7504.80494622016,0.1,0,-0.22165964486411172,ElasticNet,Apul
FUN_041868_196897,39,108,87,87,5-fold,-33.33255343766238,65.91328959050247,-20.564595251835254,40.910424578936386,253.90464355778187,0.99,48,-20.564595251835254,ElasticNet,Apul
FUN_029392_135609,39,4,4,4,5-fold,-11.135220524122659,18.62402853683477,-6.912609365643237,13.109726894559513,4249.873567368101,0.1,0,-6.912609365643237,ElasticNet,Apul
FUN_039088_184124,39,32,23,23,5-fold,-13.19942396818243,25.598551635076106,-7.919622811493497,15.593448751423795,42.878311224653736,0.1,23,-7.919622811493497,ElasticNet,Apul
FUN_034091_155915,39,5,5,5,5-fold,-0.9819183680959153,1.5830572498842017,-1.044652473758921,1.7102514437503542,225.19171360344637,0.99,3,-0.9819183680959153,RF,Apul
FUN_029108_133717,39,9,9,9,5-fold,-0.7726853622367476,0.8789845548161892,-0.7074215115795461,0.7730171990757846,196.76325065656437,0.7,8,-0.7074215115795461,ElasticNet,Apul
FUN_038732_182783,39,33,21,21,5-fold,-0.7001662465043248,1.0699494323182488,-0.42135515872796747,0.570134047627977,8653.595797315993,0.1,0,-0.42135515872796747,ElasticNet,Apul
FUN_043643_207419,39,15,15,15,5-fold,-3.5431492697640534,6.454604791953609,-1.7422283911852037,3.3213662589112887,7.406744240739047,0.1,15,-1.7422283911852037,ElasticNet,Apul
FUN_013366_63989,39,3,2,2,5-fold,-0.3714847553074591,0.4751382998278934,-0.24787247645377972,0.22127800808256842,3197.337147765554,0.1,0,-0.24787247645377972,ElasticNet,Apul
FUN_004584_21389,39,13,13,13,5-fold,-0.6664178008474521,0.5968994250230292,-0.22688944988126222,0.29575343028649775,10558.006022075038,0.1,0,-0.22688944988126222,ElasticNet,Apul
FUN_026984_124079,39,10,10,10,5-fold,-27.829918131875996,55.04831320068267,-49.23069922700947,98.09076874722837,2.245447036646979,0.7,10,-27.829918131875996,RF,Apul
FUN_023639_106515,39,34,26,26,5-fold,-0.8965381496517602,0.6675858364782864,-0.5489330696180501,0.33132434241020614,3.0460116143695957,0.5,26,-0.5489330696180501,ElasticNet,Apul
FUN_008924_44080,39,3,3,3,5-fold,-0.17352083828565687,0.3151145608723113,-0.07657610199015288,0.08690095100593712,5.59981078948604,0.5,3,-0.07657610199015288,ElasticNet,Apul
FUN_041923_197320,39,47,43,43,5-fold,-1.776143840942145,2.5147923405896857,-1.2145472427426012,1.74828439356402,621.9541893657869,0.99,6,-1.2145472427426012,ElasticNet,Apul
FUN_011893_55899,39,3,3,3,5-fold,-57.9164144637244,114.6413209052355,-49.65132755935615,98.83155789675759,6066.7880817290325,0.1,0,-49.65132755935615,ElasticNet,Apul
FUN_041822_196473,39,6,6,6,5-fold,-6.281911652454562,11.913135917963755,-5.6782780097740595,10.887989724200352,9665.417384650593,0.1,0,-5.6782780097740595,ElasticNet,Apul
FUN_024208_109324,39,4,4,4,5-fold,-4.429556204223985,8.244857019207066,-2.2972359150360404,4.309409620277315,4525.677021834026,0.1,0,-2.2972359150360404,ElasticNet,Apul
FUN_005914_28118,39,14,13,13,5-fold,0.0868805111108771,0.19617153704068838,-0.21384698722230927,0.3152627186998448,9180.737920396956,0.1,0,0.0868805111108771,RF,Apul
FUN_029109_133718,39,6,6,6,5-fold,-1.3324112396044723,1.447683246574098,-0.7903304780348253,1.1826649094786685,25.73529569180372,0.1,6,-0.7903304780348253,ElasticNet,Apul
FUN_000393_1812,39,2,2,2,5-fold,-1.187214746697056,1.9453907630163494,-1.0580545224679538,1.8304207494358,7553.602918015419,0.1,0,-1.0580545224679538,ElasticNet,Apul
FUN_023009_102240,39,247,184,100,5-fold,0.005004874669224102,0.34773986572560645,-0.1766567376676256,0.4118676781057624,1057.5377745491694,0.99,8,0.005004874669224102,RF,Apul
FUN_027804_126680,39,12,12,12,5-fold,-0.25544145418332964,0.19045158588943484,-0.24755899557223895,0.1948274318532947,5.499872051931467,0.5,12,-0.24755899557223895,ElasticNet,Apul
FUN_000518_2555,39,12,12,12,5-fold,-0.9818006133768689,1.21508574200617,-0.3093360680531154,0.394761938819102,79.88396751509568,0.1,12,-0.3093360680531154,ElasticNet,Apul
FUN_014665_69242,39,41,32,32,5-fold,-1.7352582167928028,1.5360413522231702,-0.560449326214867,0.4875734790784881,7619.2072861156585,0.1,0,-0.560449326214867,ElasticNet,Apul
FUN_041886_197044,39,74,64,64,5-fold,-2.6477328208343254,3.149768064729247,-1.4286495949024502,1.7673601260679135,15731.787284820382,0.1,0,-1.4286495949024502,ElasticNet,Apul
FUN_007024_34073,39,4,4,4,5-fold,-0.33898078965366857,0.715994895203221,-0.12937735790626972,0.0830507935725307,10093.588729940107,0.1,0,-0.12937735790626972,ElasticNet,Apul
FUN_038804_183146,39,4,4,4,5-fold,-1.2974824220716275,1.8485385265960907,-0.7626845363568587,1.3019264260014645,176.64172128907734,0.99,3,-0.7626845363568587,ElasticNet,Apul
FUN_032420_148175,39,33,33,33,5-fold,-0.9484972563261931,0.7637592674114166,-0.32679590778578577,0.22571149119732725,620.202988226942,0.99,8,-0.32679590778578577,ElasticNet,Apul
FUN_033776_153847,39,2,2,2,5-fold,-0.4058931060453682,0.4235370889262274,-0.3959507292439259,0.49560931464526864,3232.5333386559273,0.1,0,-0.3959507292439259,ElasticNet,Apul
FUN_041629_194964,39,5,5,5,5-fold,-0.7156927543390833,0.4327230142732866,-0.4788507927213308,0.32111341585676023,6.429195618809069,0.5,5,-0.4788507927213308,ElasticNet,Apul
FUN_043242_204030,39,21,20,20,5-fold,-3.454081458804778,5.5366015158032535,-1.6783350256675273,2.77045420762098,28.312999229373844,0.7,19,-1.6783350256675273,ElasticNet,Apul
FUN_037961_176950,39,4,4,4,5-fold,-0.3660568814469837,0.987897410107263,-0.48066552753578573,0.713543521705426,7723.560305012714,0.1,0,-0.3660568814469837,RF,Apul
FUN_000252_981,39,7,2,2,5-fold,-0.17367273129570565,0.2022393599626688,-0.15224925605366257,0.21275618750701372,5233.215877961508,0.1,0,-0.15224925605366257,ElasticNet,Apul
FUN_001179_5797,39,9,9,9,5-fold,-0.6484050327837554,0.744606819147303,-1.5661017171341778,2.7552991138296576,151.23776267902323,0.99,6,-0.6484050327837554,RF,Apul
FUN_043518_206305,39,2,2,2,5-fold,-0.5194734103657966,0.903518320089049,-0.559583987363274,1.0508376994991886,19.016809424096625,0.95,2,-0.5194734103657966,RF,Apul
FUN_000632_3245,39,16,11,11,5-fold,-0.49706986109999624,0.2209278757827791,-0.23336315906294688,0.2575495701057635,201.14253005411425,0.95,4,-0.23336315906294688,ElasticNet,Apul
FUN_016048_76709,39,25,19,19,5-fold,-354.14191550182215,707.5847184122841,-159.11553952156515,318.12532371799125,13.684517281218724,0.1,19,-159.11553952156515,ElasticNet,Apul
FUN_000292_1175,39,12,5,5,5-fold,-28.827123573453843,44.744886453339326,-11.946896085483136,19.89945922682209,38.29743275776362,0.99,4,-11.946896085483136,ElasticNet,Apul
FUN_038892_183506,39,2,2,2,5-fold,-0.6133924345600226,1.142775514399751,-0.533631671215132,0.8449944807566546,2.8915065857119098,0.5,2,-0.533631671215132,ElasticNet,Apul
FUN_005090_24503,39,9,5,5,5-fold,-1.156625373290388,1.2512395316428713,-1.0750631232540826,1.2371935223698318,21435.519005025322,0.1,0,-1.0750631232540826,ElasticNet,Apul
FUN_003693_15788,39,3,3,3,5-fold,-4.101121984060586,6.348551872994457,-4.731035554859591,8.002612050401694,6591.692326806263,0.1,0,-4.101121984060586,RF,Apul
FUN_009677_47589,39,2,2,2,5-fold,-1.7226095875856433,3.1728998326916935,-1.5966438720911982,2.9635027430301344,2.9218410521193228,0.5,2,-1.5966438720911982,ElasticNet,Apul
FUN_008314_40006,39,5,5,5,5-fold,-1.0710012040207897,0.3723177398741122,-0.7558559252138771,0.4810011040558703,49.298638886774064,0.99,4,-0.7558559252138771,ElasticNet,Apul
FUN_023984_107982,39,20,19,19,5-fold,-18.622042075095806,36.680442245941315,-8.833215974714957,17.418347551878934,10735.733635411776,0.1,0,-8.833215974714957,ElasticNet,Apul
FUN_004903_23532,39,4,4,4,5-fold,-1.0476120716167976,2.059114055784403,-0.84351825860351,1.6856293132726061,5.520072966330928,0.9,4,-0.84351825860351,ElasticNet,Apul
FUN_040037_187820,39,49,27,27,5-fold,-2.226287662279818,2.462965723027925,-1.1577874565078061,1.5069383890917725,14889.47471749514,0.1,0,-1.1577874565078061,ElasticNet,Apul
FUN_023396_105013,39,8,8,8,5-fold,-10.789218660992024,21.084544325512358,-16.432389649522356,32.691576111545125,660.5679903482104,0.99,2,-10.789218660992024,RF,Apul
FUN_031608_143009,39,12,12,12,5-fold,-10.983173014187212,22.15282301789629,-8.416212563916776,16.567626297415224,939.5197869123778,0.99,1,-8.416212563916776,ElasticNet,Apul
FUN_016076_76865,39,2,2,2,5-fold,-0.46104764955251676,0.22921758777926204,-0.12027826763008868,0.12995477205877065,4977.844341058352,0.1,0,-0.12027826763008868,ElasticNet,Apul
FUN_000518_2556,39,11,5,5,5-fold,-0.4832861028516408,0.6305797973707833,-0.2686341457883853,0.226251448822334,10756.547510268307,0.1,0,-0.2686341457883853,ElasticNet,Apul
FUN_043242_204035,39,6,6,6,5-fold,-9.303393545782999,17.49821019622187,-6.361307451844695,12.09201451177968,5061.666544527915,0.1,0,-6.361307451844695,ElasticNet,Apul
FUN_008913_44005,39,8,6,6,5-fold,-0.4009124764123923,0.3965498030823422,-0.5773919936818734,0.7293823687365726,22.804133524065694,0.9,5,-0.4009124764123923,RF,Apul
FUN_005120_24696,39,7,7,7,5-fold,-1.345858109807608,1.7098418622743639,-0.7459231679461893,1.056148221436296,8358.335093685953,0.1,0,-0.7459231679461893,ElasticNet,Apul
FUN_002435_12234,39,22,20,20,5-fold,-0.383968039097876,0.3795440217856406,-0.36871352013698433,0.6022892923477943,1.2387941239790359,0.9,20,-0.36871352013698433,ElasticNet,Apul
FUN_032428_148267,39,5,5,5,5-fold,-0.329187300456952,0.4630208713926854,-0.2418820027284662,0.30164931265893175,3.303327800170474,0.5,5,-0.2418820027284662,ElasticNet,Apul
FUN_008924_44082,39,4,4,4,5-fold,-0.4673100743493718,0.22256569805976065,-0.1657661263246944,0.22234259928468608,3096.895078385193,0.1,0,-0.1657661263246944,ElasticNet,Apul
FUN_024020_108187,39,10,3,3,5-fold,-1.3874889300732511,1.7190858003970027,-1.1225590205359692,1.743481574726573,14.12839798154354,0.99,3,-1.1225590205359692,ElasticNet,Apul
FUN_037940_176811,39,12,6,6,5-fold,-0.25511780924430394,0.3506433755993346,-0.3676463250807286,0.2878873028583706,2.762483511914361,0.95,6,-0.25511780924430394,RF,Apul
FUN_013324_63601,39,10,10,10,5-fold,-11.422438665032786,21.598408053418137,-6.258630329507882,11.595487123989455,231.40494094540213,0.95,7,-6.258630329507882,ElasticNet,Apul
FUN_012310_59213,39,10,10,10,5-fold,-2.19908476780578,2.0406252634138333,-0.9672011721578411,0.755143195585159,23722.695857749914,0.1,0,-0.9672011721578411,ElasticNet,Apul
FUN_024332_109773,39,5,3,3,5-fold,-0.3560104977141997,0.3847299413250925,-0.7090497310968263,0.8864973636262752,1.811090125302164,0.7,3,-0.3560104977141997,RF,Apul
FUN_040686_191121,39,3,3,3,5-fold,-2.8225890821716866,5.157812200295129,-2.0070866991973753,3.7603496875169946,8111.433474555674,0.1,0,-2.0070866991973753,ElasticNet,Apul
FUN_038804_183144,39,2,2,2,5-fold,-0.4023903398879723,0.22605137638184247,-0.15507734500423317,0.0939441899671286,6746.27708749405,0.1,0,-0.15507734500423317,ElasticNet,Apul
FUN_038340_180400,39,6,6,6,5-fold,-1.8684842781906756,4.040350592397962,-1.2742263071807018,2.5191035617082647,388.5936349425092,0.99,2,-1.2742263071807018,ElasticNet,Apul
FUN_041691_195379,39,9,9,9,5-fold,-1.0991822580831347,1.6448485463300813,-0.6111155515269835,0.9503007814068319,14517.504769726625,0.1,0,-0.6111155515269835,ElasticNet,Apul
FUN_026555_122510,39,9,6,6,5-fold,-1.0937578835584316,1.738476171863089,-5.623844134769647,11.293229301296048,5.734657049324924,0.99,6,-1.0937578835584316,RF,Apul
FUN_016080_76877,39,2,2,2,5-fold,-0.22858462913919048,0.2616881764900546,-0.268962964165085,0.20416111647218943,3.9836219531620483,0.5,2,-0.22858462913919048,RF,Apul
FUN_024222_109412,39,50,33,33,5-fold,-0.1316604239313461,0.1433605778648708,-0.201517814898573,0.1962603108098248,20632.537227002624,0.1,3,-0.1316604239313461,RF,Apul
FUN_035930_166491,39,25,20,20,5-fold,-4.129050927342391,7.067451795044075,-1.6550737184619877,3.3021801714608023,40.795588247485085,0.99,18,-1.6550737184619877,ElasticNet,Apul
FUN_012653_61181,39,29,18,18,5-fold,-2.589873407338751,2.5884579588819103,-1.7010129574547874,2.3879121120320894,21504.47536697928,0.1,0,-1.7010129574547874,ElasticNet,Apul
FUN_012970_62509,39,4,4,4,5-fold,-1.3424989860064946,1.9958844927877046,-0.5520192902063787,0.528919263233569,55.08829101232369,0.99,4,-0.5520192902063787,ElasticNet,Apul
FUN_001549_8455,39,8,7,7,5-fold,-1.2269380109638397,2.118133935977804,-1.9916036035799365,3.8366260123009557,25.074721520277418,0.95,7,-1.2269380109638397,RF,Apul
FUN_043144_203189,39,11,9,9,5-fold,-5.261221479067236,10.20583138020013,-4.228261080744748,8.295338764169,745.7930919089708,0.99,3,-4.228261080744748,ElasticNet,Apul
FUN_007907_37563,39,2,2,2,5-fold,-1.3799810267578212,2.28271921531846,-0.5918791733376592,1.4203911725049903,2.94547439837936,0.99,2,-0.5918791733376592,ElasticNet,Apul
FUN_022518_98833,39,22,10,10,5-fold,-20.458572115970625,40.17536753504433,-15.817891630050195,31.254624043489727,9408.128803311633,0.1,0,-15.817891630050195,ElasticNet,Apul
FUN_001503_8080,39,22,22,22,5-fold,-2.7833961113509007,4.266551501039593,-2.6805678306211838,3.978462477085133,7626.295851734869,0.1,0,-2.6805678306211838,ElasticNet,Apul
FUN_008781_43321,39,8,8,8,5-fold,-0.528188922109682,0.49872590137050843,-0.5217180571918953,0.5289022607608669,6417.9266743121025,0.1,0,-0.5217180571918953,ElasticNet,Apul
FUN_034151_156320,39,20,17,17,5-fold,-25.93158836720915,50.6944313441016,-15.113589355067862,30.014331415570037,15052.16556946761,0.1,0,-15.113589355067862,ElasticNet,Apul
FUN_015995_76284,39,4,4,4,5-fold,-0.5077238662518214,0.2048532263884507,-0.15334246839056215,0.127704810858851,2.384286100732744,0.5,4,-0.15334246839056215,ElasticNet,Apul
FUN_015013_71971,39,29,27,27,5-fold,-2.5942965249307073,3.747347006839246,-1.930761437440145,3.4301407402807467,52.0315398717752,0.7,26,-1.930761437440145,ElasticNet,Apul
FUN_024453_110725,39,8,8,8,5-fold,-0.5999618981255838,0.7177555369794234,-0.4534119987915918,0.7133118939810048,147.09392926091348,0.99,6,-0.4534119987915918,ElasticNet,Apul
FUN_037838_176013,39,2,2,2,5-fold,-0.7509075553053288,1.1543809351561256,-0.839293081739765,1.2992278600527418,3.0976915299338574,0.7,2,-0.7509075553053288,RF,Apul
FUN_015995_76287,39,4,4,4,5-fold,-0.4690188324554942,0.5870318362424953,-0.40636249469546903,0.6234497738418139,6952.665760857475,0.1,0,-0.40636249469546903,ElasticNet,Apul
FUN_004780_22671,39,9,9,9,5-fold,-0.9245802991332672,1.924189354894988,-0.8915407680662666,1.6459159067387887,3.8623690065164635,0.7,9,-0.8915407680662666,ElasticNet,Apul
FUN_041850_196742,39,6,6,6,5-fold,-0.6303652589256671,0.9400351213229314,-0.3314156707723151,0.5984220920053633,124.71449393759639,0.99,5,-0.3314156707723151,ElasticNet,Apul
FUN_025794_117518,39,18,8,8,5-fold,-0.7153064931009998,1.2707364512494206,-0.7197571977286655,1.17722404476049,2.5885395789571706,0.7,8,-0.7153064931009998,RF,Apul
FUN_004903_23535,39,5,4,4,5-fold,-0.5059820113313732,0.6601760109720219,-0.46855179196706925,0.6098360681435562,1.9273652335844234,0.5,4,-0.46855179196706925,ElasticNet,Apul
FUN_041677_195307,39,6,6,6,5-fold,-1.1993023779585736,0.910294057984841,-0.9270397784351385,0.9178166047204714,46.90679937452492,0.9,6,-0.9270397784351385,ElasticNet,Apul
FUN_007645_36035,39,6,6,6,5-fold,-1.0625156607376702,1.2852187027841622,-0.660371026338441,1.1456167800630315,19.955458444584416,0.5,6,-0.660371026338441,ElasticNet,Apul
FUN_019346_90630,39,36,32,32,5-fold,-4.759844052886435,9.303940419142005,-7.928486580513672,15.2493932326092,1.9634686838788438,0.7,32,-4.759844052886435,RF,Apul
FUN_004170_18246,39,6,6,6,5-fold,-0.42212996381900486,0.502370914090407,-0.38992712406340957,0.37648551998596314,38.562297933498556,0.99,6,-0.38992712406340957,ElasticNet,Apul
FUN_040152_188685,39,7,7,7,5-fold,-1.531480582792721,1.9457940864134229,-1.1428643557370652,1.9460365277157485,8767.98463998217,0.1,0,-1.1428643557370652,ElasticNet,Apul
FUN_033753_153611,39,2,2,2,5-fold,-3.305464458248997,6.032607295551646,-3.0827416332011346,6.106475792292781,4545.895992397073,0.1,0,-3.0827416332011346,ElasticNet,Apul
FUN_012767_61785,39,18,14,14,5-fold,-13.125757550769226,25.29719679465816,-10.465060495889174,20.624658221931703,6.247861575175829,0.5,14,-10.465060495889174,ElasticNet,Apul
FUN_027999_127750,39,22,14,14,5-fold,-1.4025624053605346,1.809438077594763,-0.9004272057718113,1.5665235509207904,10366.199062018608,0.1,0,-0.9004272057718113,ElasticNet,Apul
FUN_031852_144368,39,15,8,8,5-fold,-1.4560575646830023,2.185479931035749,-0.8965964473008246,1.0753250510370198,41.4030490036091,0.95,7,-0.8965964473008246,ElasticNet,Apul
FUN_032709_149812,39,7,7,7,5-fold,-0.9681220900104563,1.4878914979736753,-0.5899739541189826,0.9827745312247564,95.80493923762239,0.99,6,-0.5899739541189826,ElasticNet,Apul
FUN_014095_66505,39,4,3,3,5-fold,-449.38761782566115,892.6687408508261,-812.6189180940795,1622.5032815161887,0.9165789780017661,0.7,3,-449.38761782566115,RF,Apul
FUN_029269_134834,39,9,9,9,5-fold,-6.612647148911248,13.533035184501035,-6.9615083133195155,13.69515007594276,822.8250534663863,0.99,2,-6.612647148911248,RF,Apul
FUN_004094_17811,39,14,14,14,5-fold,-1.074454805370748,1.4917739491650497,-0.6619742654630856,0.6786394353110035,9803.192685200334,0.1,0,-0.6619742654630856,ElasticNet,Apul
FUN_033953_155030,39,6,6,6,5-fold,-2.1086963212000063,1.8397727823470416,-1.9935814730546475,1.9281971824083046,13430.00618253743,0.1,0,-1.9935814730546475,ElasticNet,Apul
FUN_007024_34072,39,19,19,19,5-fold,-0.5392339924981198,0.5364896285098146,-0.031321607128034404,0.029941988279190868,1563.6097738710794,0.99,0,-0.031321607128034404,ElasticNet,Apul
FUN_040444_190159,39,16,16,16,5-fold,-1.6004444849342447,2.5818930947778482,-1.2581731881287181,2.0542296186925073,11270.947288772064,0.1,1,-1.2581731881287181,ElasticNet,Apul
FUN_043299_204587,39,15,13,13,5-fold,-7.744079807001086,13.708638942038304,-2.2324650882986226,4.362751910587175,19.66124761824422,0.95,13,-2.2324650882986226,ElasticNet,Apul
FUN_037840_176029,39,9,9,9,5-fold,-14.491945017665529,28.191032566867072,-14.948684251051324,29.835646653602467,3.3469930467306774,0.9,9,-14.491945017665529,RF,Apul
FUN_032982_151071,39,4,2,2,5-fold,-0.7472535278403459,0.5960525160198396,-0.38841626012087666,0.5787182927611867,4462.272296696287,0.1,0,-0.38841626012087666,ElasticNet,Apul
FUN_025724_117007,39,6,6,6,5-fold,-0.890711119485579,0.8986628054094437,-0.9300282049903181,0.9765691529908952,3.1335064264890966,0.5,6,-0.890711119485579,RF,Apul
FUN_028275_129456,39,51,40,40,5-fold,-1.5261276822283463,1.9232565621693447,-0.7682477882961131,0.4002911793665653,1140.7983776269923,0.99,6,-0.7682477882961131,ElasticNet,Apul
FUN_008781_43320,39,7,7,7,5-fold,-0.9953316531693753,1.9799944846938191,-0.7356390473201861,1.0250783712216158,11611.394837720056,0.1,0,-0.7356390473201861,ElasticNet,Apul
FUN_041677_195305,39,6,6,6,5-fold,-1.3609211104426824,1.2515233278355538,-1.0159654570882588,1.2043449192896631,4.508776073396991,0.7,6,-1.0159654570882588,ElasticNet,Apul
FUN_043144_203188,39,7,7,7,5-fold,-2.320042422339199,4.096148217930536,-2.4094650616075364,4.653125128113071,515.6455441200654,0.99,2,-2.320042422339199,RF,Apul
FUN_034724_158977,39,11,11,11,5-fold,-0.04306092652033633,0.3312129268036499,-0.28858299359104406,0.35146933444641854,18.269201583738308,0.5,11,-0.04306092652033633,RF,Apul
FUN_036224_168318,39,9,9,9,5-fold,-0.6172943702902571,1.0188651181309236,-0.18246567665206806,0.31893172702552564,5.477773718760728,0.5,8,-0.18246567665206806,ElasticNet,Apul
FUN_025939_118518,39,7,7,7,5-fold,-0.4794045776744488,0.19956306213054884,-0.30831270127178473,0.3009708099642364,338.76597347150914,0.99,4,-0.30831270127178473,ElasticNet,Apul
FUN_010909_51989,39,10,7,7,5-fold,-0.592848031757098,0.4430587244599801,-0.28303740166327235,0.22249765539453678,8528.12519143096,0.1,0,-0.28303740166327235,ElasticNet,Apul
FUN_012531_60447,39,5,5,5,5-fold,-2.4710164190189365,4.679093326586871,-2.788891641026004,5.309584596373146,3.566723339157729,0.5,5,-2.4710164190189365,RF,Apul
FUN_041679_195320,39,5,5,5,5-fold,-2.2310427457081734,2.977579277092068,-1.1152011441136924,1.5257948294615455,7803.010851235647,0.1,0,-1.1152011441136924,ElasticNet,Apul
FUN_035802_165580,39,20,14,14,5-fold,-3.71552613120613,5.171995735756278,-2.6325114961508733,4.763974795145904,7211.927470960417,0.1,0,-2.6325114961508733,ElasticNet,Apul
FUN_005914_28117,39,12,12,12,5-fold,-0.36901011055557476,0.6969248581656419,-0.2328206990724102,0.36765379237411955,9835.698740991502,0.1,0,-0.2328206990724102,ElasticNet,Apul
FUN_040107_188455,39,37,37,37,5-fold,-0.4984625686858128,0.8213963862960209,-0.1474864686234557,0.2625297260162472,28.215205457180875,0.1,36,-0.1474864686234557,ElasticNet,Apul
FUN_000393_1811,39,3,3,3,5-fold,-1.8577465685684167,3.295953839099688,-1.6867546376455516,3.177197399288848,5207.821607641611,0.1,0,-1.6867546376455516,ElasticNet,Apul
FUN_035840_165881,39,12,12,12,5-fold,-0.2829965124227957,0.41036003326696807,-0.11733159698456568,0.08776367251677361,12290.78426871347,0.1,0,-0.11733159698456568,ElasticNet,Apul
FUN_006237_29641,39,3,3,3,5-fold,-4.890073809744298,8.987947666624793,-4.04865440791857,7.921535073366897,6227.82347921295,0.1,0,-4.04865440791857,ElasticNet,Apul
FUN_000292_1176,39,12,9,9,5-fold,-14.438475646099183,26.1575172977988,-12.80885315064835,21.46483389222509,4758.290850524148,0.1,0,-12.80885315064835,ElasticNet,Apul
FUN_008924_44084,39,5,5,5,5-fold,-0.9315276872193406,1.3490755067820472,-0.5146413990111318,0.7900421350045749,14685.844862844626,0.1,0,-0.5146413990111318,ElasticNet,Apul
FUN_024332_109774,39,3,3,3,5-fold,-1.1807784482934782,0.9393462681014969,-0.7562677488148518,0.7915202556212979,6815.8959245596825,0.1,0,-0.7562677488148518,ElasticNet,Apul
FUN_025659_116580,39,13,13,13,5-fold,-0.7145898478467171,0.5194195634751527,-0.5171301986829652,0.4791371635019296,6938.976627525901,0.1,1,-0.5171301986829652,ElasticNet,Apul
FUN_016076_76866,39,2,2,2,5-fold,-0.4431361341924068,0.4107314319050605,-0.34532872592648645,0.5840898602639799,2289.1272891419408,0.1,0,-0.34532872592648645,ElasticNet,Apul
FUN_014524_68271,39,3,3,3,5-fold,-3.1457510692436883,6.154598640906268,-3.7067212678970876,7.273052649283756,109.7865581353683,0.99,2,-3.1457510692436883,RF,Apul
FUN_041944_197538,39,5,5,5,5-fold,-0.6131494812991652,0.520760648384678,-0.5032494314315286,0.5752983922108137,5.922698971795977,0.5,5,-0.5032494314315286,ElasticNet,Apul
FUN_031782_144052,39,14,14,14,5-fold,-2.2015759020195653,3.837562995211411,-1.9242034957708172,3.4438438235647046,83.49675384278363,0.99,12,-1.9242034957708172,ElasticNet,Apul
FUN_031782_144053,39,17,15,15,5-fold,-3.0669238135516266,5.352667184314072,-1.854179400936281,3.280164927122033,18626.399410907616,0.1,0,-1.854179400936281,ElasticNet,Apul
FUN_001497_8043,39,10,8,8,5-fold,-1.511696515916244,2.429063605336787,-0.655028599300473,0.9397458567582904,1095.682726945953,0.99,1,-0.655028599300473,ElasticNet,Apul
FUN_010900_51977,39,27,24,24,5-fold,-0.8596384937396723,0.7447863592310737,-0.596077856085717,0.7541638076786906,608.0762154439373,0.99,7,-0.596077856085717,ElasticNet,Apul
FUN_012772_61866,39,7,6,6,5-fold,-1.3218416952310716,1.7304097419948063,-1.033019572857906,1.813187316096209,13.68700411561682,0.5,6,-1.033019572857906,ElasticNet,Apul
FUN_004094_17812,39,11,11,11,5-fold,-1.5039368468360486,1.9487039734717786,-0.6425223328502355,0.6786040420625656,10998.708127864284,0.1,0,-0.6425223328502355,ElasticNet,Apul
FUN_014664_69241,39,105,80,80,5-fold,-1.0382702533732693,1.08335623172696,-0.4467262968103807,0.5216995303153048,96.98988803623975,0.7,80,-0.4467262968103807,ElasticNet,Apul
FUN_041679_195321,39,7,7,7,5-fold,-1.5847259986831854,2.3826500802092148,-0.9341741413182693,1.2796864619519506,8.601508618185543,0.5,7,-0.9341741413182693,ElasticNet,Apul
FUN_030073_138214,39,8,7,7,5-fold,-11.7102574244832,19.080048147694416,-8.691231978999017,14.524061803507706,5970.750296412855,0.1,0,-8.691231978999017,ElasticNet,Apul
FUN_012149_57765,39,45,36,36,5-fold,-0.8057655641308914,1.317757942675446,-0.630765934913368,0.7985668212305765,54.53381485117503,0.9,34,-0.630765934913368,ElasticNet,Apul
FUN_035267_162599,39,27,21,21,5-fold,-22.648024976354726,45.881866695944254,-20.82362037990395,41.774229725855925,69.34057379323212,0.99,18,-20.82362037990395,ElasticNet,Apul
FUN_027804_126678,39,6,6,6,5-fold,-0.7006077208399839,0.5391973850716338,-0.42037165454125525,0.3988428371378804,5606.147014400233,0.1,0,-0.42037165454125525,ElasticNet,Apul
FUN_016339_78585,39,27,15,15,5-fold,-0.4246739013320567,0.3129748945927905,-0.08907639215269528,0.08837527396898384,54.32245651903747,0.7,15,-0.08907639215269528,ElasticNet,Apul
FUN_031782_144054,39,14,12,12,5-fold,-2.088425852876156,3.3893891135289334,-1.2891044950714694,2.1930200857635613,5.616900121009157,0.5,12,-1.2891044950714694,ElasticNet,Apul
FUN_008924_44081,39,6,6,6,5-fold,-0.14600845998150078,0.36172415293208593,-0.014174673006401583,0.009010925462906716,8307.99746666788,0.1,0,-0.014174673006401583,ElasticNet,Apul
FUN_012782_61900,39,16,15,15,5-fold,-0.22491265473583066,0.5445529122665034,-0.25854411540086597,0.22505894369792914,171.12366449545183,0.99,13,-0.22491265473583066,RF,Apul
FUN_037447_173684,39,6,6,6,5-fold,-1.4571754934739585,2.2160110416130894,-0.9891754319254353,1.6328862585561221,12687.278883693049,0.1,0,-0.9891754319254353,ElasticNet,Apul
FUN_037838_176015,39,3,3,3,5-fold,-2.1553334809236975,3.6305171346296845,-1.4559198343685265,2.718780050695338,3.561378791322646,0.7,3,-1.4559198343685265,ElasticNet,Apul
FUN_001086_5141,39,14,11,11,5-fold,-42.08158939844439,83.52855479575442,-34.36729000840449,68.5592307486964,3.2752726357394,0.5,11,-34.36729000840449,ElasticNet,Apul
FUN_023984_107983,39,25,25,25,5-fold,-8.180676461730263,15.633478363214232,-6.401541374633827,12.521848844522692,14747.750327801492,0.1,0,-6.401541374633827,ElasticNet,Apul
FUN_004285_19104,39,87,75,75,5-fold,-3.065215353169648,4.778004036647973,-1.4140250042643305,2.1398527232662894,812.5003600518759,0.99,13,-1.4140250042643305,ElasticNet,Apul
FUN_037048_171363,39,2,2,2,5-fold,-6.285215255238773,12.669807135590588,-3.740538227797585,7.303796867930634,2.5289660783036596,0.7,2,-3.740538227797585,ElasticNet,Apul
FUN_041629_194963,39,7,7,7,5-fold,-0.7960739347164509,0.9184110113243058,-0.37441053690209936,0.23502842104302532,9565.176762243833,0.1,0,-0.37441053690209936,ElasticNet,Apul
FUN_041677_195303,39,7,7,7,5-fold,-1.9932825785127513,2.0659808514944484,-0.8788191174574805,0.9246879945986566,13909.055797261304,0.1,0,-0.8788191174574805,ElasticNet,Apul
FUN_041677_195304,39,3,3,3,5-fold,-0.7783557309659683,0.8477057302830976,-0.903812269571825,0.9983100756565279,13028.864506769507,0.1,0,-0.7783557309659683,RF,Apul
FUN_011264_53361,39,6,6,6,5-fold,-1.2870331221391436,2.069754025305301,-1.2526201238935877,2.091326613019303,19.478913841216947,0.5,6,-1.2526201238935877,ElasticNet,Apul
FUN_016080_76876,39,14,14,14,5-fold,-0.1621991728276364,0.07426421985659554,-0.12128515548972107,0.12517693952902306,64.65358407619767,0.99,11,-0.12128515548972107,ElasticNet,Apul
FUN_037043_171341,39,24,17,17,5-fold,-0.6274203087808263,0.489325250060019,-0.4464026911315173,0.3834511989337464,12074.374586856207,0.1,0,-0.4464026911315173,ElasticNet,Apul
FUN_022485_98431,39,17,15,15,5-fold,-0.7512872874153841,1.4707209200476858,-0.5859862454451366,0.7054767305258282,160.03776577060398,0.99,5,-0.5859862454451366,ElasticNet,Apul
FUN_042132_198652,39,6,5,5,5-fold,-0.19719438263219863,0.5948436613099427,-0.14973550419386555,0.24733482651376296,2.392336595944148,0.7,5,-0.14973550419386555,ElasticNet,Apul
FUN_004903_23534,39,5,5,5,5-fold,-0.6467918007847052,1.1944601377594366,-0.7684938603791893,1.3672802737769045,96.00518758213677,0.99,4,-0.6467918007847052,RF,Apul
FUN_034884_160047,39,4,4,4,5-fold,-0.030093586879217992,0.4509083548614533,-0.6311230202568817,0.7707616859155312,243.16455856719065,0.99,4,-0.030093586879217992,RF,Apul
FUN_041705_195501,39,5,5,5,5-fold,-0.36116428591940386,0.48529854019982477,-0.06345029823959787,0.0448200717381908,12267.842160203812,0.1,0,-0.06345029823959787,ElasticNet,Apul
FUN_030073_138218,39,5,4,4,5-fold,-1.7540669049062871,2.484153153548168,-1.6388921412539772,1.9345462452897968,7.663487052563666,0.1,4,-1.6388921412539772,ElasticNet,Apul
FUN_011962_56544,39,8,8,8,5-fold,-0.6600031865341467,0.6597735407383947,-0.2783671738064596,0.4210452704084752,6038.679573351853,0.1,0,-0.2783671738064596,ElasticNet,Apul
FUN_038311_180203,39,28,27,27,5-fold,-0.8418548084670612,0.6278557612294758,-0.6423348194936651,0.5342605926419418,846.8859656587815,0.99,9,-0.6423348194936651,ElasticNet,Apul
FUN_004691_22029,39,68,48,48,5-fold,-43.78111842056584,86.65792324456558,-20.84706360323613,41.44858105235441,4.942449995406178,0.7,48,-20.84706360323613,ElasticNet,Apul
FUN_016393_79147,39,8,8,8,5-fold,-0.5585453940015919,0.4669054032350501,-0.8362601296135199,1.0378341030807792,165.38526135140395,0.99,7,-0.5585453940015919,RF,Apul
FUN_016049_76710,39,13,13,13,5-fold,-6.631137416604171,13.289569865275773,-7.429389677347475,14.753872870405022,13655.44067425272,0.1,0,-6.631137416604171,RF,Apul
FUN_005120_24697,39,9,9,9,5-fold,-0.8692223817894164,1.0382493807973279,-0.6470090183481123,0.6733238800468432,5.943287572073733,0.5,9,-0.6470090183481123,ElasticNet,Apul
FUN_034724_158979,39,7,6,6,5-fold,-3.0994821451921384,5.910825369429129,-1.8604507658398017,3.4880372823425887,6.099195950588092,0.5,6,-1.8604507658398017,ElasticNet,Apul
FUN_001058_4853,39,2,2,2,5-fold,0.03574246848013609,0.8307485865176512,-1.5673425694569307,3.328860965663722,28.628461801755595,0.99,2,0.03574246848013609,RF,Apul
FUN_024020_108190,39,15,11,11,5-fold,-0.8551585273947296,1.1312619446149594,-0.6446575912053012,0.809861338206342,55.794837978482015,0.99,10,-0.6446575912053012,ElasticNet,Apul
FUN_008781_43319,39,2,2,2,5-fold,-1.0868940938214773,1.06276625984275,-0.5889841063946305,0.765716447235212,5728.653896570042,0.1,0,-0.5889841063946305,ElasticNet,Apul
FUN_032027_145468,39,42,41,41,5-fold,-0.34542567391576484,0.6039944306641685,-2.193188008493137,3.4341951038990395,55.56248289178965,0.99,31,-0.34542567391576484,RF,Apul
FUN_004864_23255,39,163,130,100,5-fold,-3.0340075128108634,5.946337143071402,-5.201831561740631,9.967376711772076,346.7770134611338,0.99,67,-3.0340075128108634,RF,Apul
FUN_004288_19118,39,114,94,94,5-fold,-0.47576793133275286,0.5839161724175748,-0.37725085546748777,0.5602102387906586,2131.8232670168886,0.99,1,-0.37725085546748777,ElasticNet,Apul
FUN_015995_76281,39,9,5,5,5-fold,-0.39383677278612883,0.322387924949826,-1.6916206804950948,2.857530574514711,3.49017540783466,0.5,5,-0.39383677278612883,RF,Apul
FUN_006237_29640,39,5,5,5,5-fold,-1.951759660490822,4.114619072127265,-2.834244914757357,5.489826712698359,5.059587192632729,0.5,5,-1.951759660490822,RF,Apul
FUN_005074_24466,39,5,5,5,5-fold,-2.9710680540115058,4.0999370168217535,-0.9494862514009007,1.2496761322300052,1.3184175552341308,0.7,5,-0.9494862514009007,ElasticNet,Apul
FUN_041722_195622,39,21,15,15,5-fold,-2.445347929974979,2.1072809938794004,-1.401249342936178,2.1328138352829105,8448.657979165897,0.1,0,-1.401249342936178,ElasticNet,Apul
FUN_005075_24468,39,8,8,8,5-fold,-1.31557245973817,1.3230716230585469,-0.7042164257101625,0.843677311275066,4800.370001814125,0.1,0,-0.7042164257101625,ElasticNet,Apul
FUN_016080_76878,39,12,12,12,5-fold,-0.18089673982159069,0.48052990829596337,-0.2194121946935527,0.15009099089210226,17195.801395402985,0.1,0,-0.18089673982159069,RF,Apul
FUN_043244_204081,39,5,3,3,5-fold,-0.4304741111054808,0.4542209889059265,-0.4115009582194302,0.44219115681210197,263.08916777109505,0.99,1,-0.4115009582194302,ElasticNet,Apul
FUN_023188_103587,39,52,38,38,5-fold,-1.580006726813194,2.5808187405162046,-1.2202032309324937,2.3791619913461552,16.10370691734434,0.5,38,-1.2202032309324937,ElasticNet,Apul
FUN_004170_18245,39,15,15,15,5-fold,-0.4342645822617369,0.570980143006536,-0.36972008569588655,0.4700531721671433,6.1483349330668,0.7,15,-0.36972008569588655,ElasticNet,Apul
FUN_043111_202990,39,3,3,3,5-fold,-0.0506902262979978,0.31987983325236563,-0.16779775941689062,0.06595764994189189,6424.037962171572,0.1,0,-0.0506902262979978,RF,Apul
FUN_012531_60452,39,4,4,4,5-fold,-16.653757031702494,33.349621738334484,-17.00220251451787,33.78508042829615,7.406836436668113,0.5,4,-16.653757031702494,RF,Apul
FUN_011962_56553,39,2,2,2,5-fold,-1.2117936677659489,1.2186662801261579,-0.4910772456775856,0.6294056155351608,3.1468390686020853,0.5,2,-0.4910772456775856,ElasticNet,Apul
FUN_024468_110822,39,6,4,4,5-fold,-1.4469358114226414,1.7188002205617459,-2.9312020987751435,5.4928355417106935,3.750882666460207,0.5,4,-1.4469358114226414,RF,Apul
FUN_034178_156498,39,23,18,18,5-fold,-3.7399757587652247,3.549833579174192,-1.2570834562862037,1.4694640874482672,14750.340562197114,0.1,0,-1.2570834562862037,ElasticNet,Apul
FUN_037056_171455,39,5,2,2,5-fold,-0.3279348195966863,0.510371710237794,-0.06387213411954325,0.09602034370906667,24.651176968176074,0.99,2,-0.06387213411954325,ElasticNet,Apul
FUN_025581_116179,39,3,3,3,5-fold,-1.3968162121627523,2.7097025412537383,-1.3457977162024066,2.506949604426406,15.792047908620352,0.99,3,-1.3457977162024066,ElasticNet,Apul
FUN_008913_44006,39,2,2,2,5-fold,-1.2923472947457255,2.044716770949021,-0.9423204887475469,1.5552078812350474,4311.929821004129,0.1,0,-0.9423204887475469,ElasticNet,Apul
FUN_000637_3256,39,46,26,26,5-fold,-0.53075658639236,0.4963150378425403,-0.3906277001464124,0.5176862588147922,3.5668164616501756,0.5,26,-0.3906277001464124,ElasticNet,Apul
FUN_012357_59551,39,8,7,7,5-fold,-1.7274820973593674,2.5916216077873333,-1.4175633004352024,2.1065070785804685,7612.285377202276,0.1,0,-1.4175633004352024,ElasticNet,Apul
FUN_015995_76286,39,8,8,8,5-fold,-0.5026456731565826,0.43568514290403415,-0.19012888737143982,0.17512955356984858,11458.748367172073,0.1,0,-0.19012888737143982,ElasticNet,Apul
FUN_033051_151493,39,7,7,7,5-fold,-21.27086598577703,41.929087233923205,-26.79242787455123,53.408538075753015,11374.59540187087,0.1,0,-21.27086598577703,RF,Apul
FUN_012675_61319,39,3,3,3,5-fold,-0.6384946809406709,0.6085347992098074,-0.2911025445432115,0.2945496351652916,6558.311658912957,0.1,0,-0.2911025445432115,ElasticNet,Apul
FUN_039923_187094,39,32,25,25,5-fold,-1.592283298679479,2.5961081903811567,-0.7101629139311464,1.083378082923018,69.85183189089798,0.99,22,-0.7101629139311464,ElasticNet,Apul
FUN_009677_47591,39,4,4,4,5-fold,-2.3944472819727243,3.6163061186235277,-0.8489377178186472,1.5222296868552558,4856.890028455579,0.1,0,-0.8489377178186472,ElasticNet,Apul
FUN_007900_37545,39,24,21,21,5-fold,-1.0460755416858132,1.9999290352650838,-1.3609676008627658,1.697133219718535,254.9420395799865,0.99,18,-1.0460755416858132,RF,Apul
FUN_016076_76863,39,2,2,2,5-fold,-1.5111437275933262,2.040293358758075,-1.0046701878902895,1.7359257423459602,9548.061106452755,0.1,0,-1.0046701878902895,ElasticNet,Apul
FUN_024208_109325,39,4,4,4,5-fold,-1.7943339182733484,3.4036688478464905,-2.6198306583452715,5.222201433667139,4.44919773861251,0.9,4,-1.7943339182733484,RF,Apul
FUN_004897_23479,39,4,4,4,5-fold,-1.4496792630590107,2.296765801110718,-1.285452526633047,2.322551910668616,152.49660322336712,0.99,3,-1.285452526633047,ElasticNet,Apul
FUN_008642_42441,39,4,4,4,5-fold,-25.8694090072871,51.07009260785925,-15.178678992736419,30.019503140692443,6.524746902969557,0.5,4,-15.178678992736419,ElasticNet,Apul
FUN_041866_196867,39,5,5,5,5-fold,-0.8689845386293804,1.6074127935109754,-0.6931444758869724,1.4711163741924678,10.494176485734805,0.9,5,-0.6931444758869724,ElasticNet,Apul
FUN_043485_206046,39,7,7,7,5-fold,-0.42550084065172095,0.4063998058177349,-0.15609843451309735,0.12416381013994705,733.1708155024751,0.99,3,-0.15609843451309735,ElasticNet,Apul
FUN_012358_59553,39,41,37,37,5-fold,-1.0267419387992809,0.9069046667447546,-0.7449632603259475,0.8608637390967645,16233.307444852782,0.1,0,-0.7449632603259475,ElasticNet,Apul
FUN_038804_183145,39,9,9,9,5-fold,-0.20990270793815508,0.4101701010089159,-0.18221234414940776,0.2895069234749856,1.7990568206163673,0.99,9,-0.18221234414940776,ElasticNet,Apul
FUN_018425_87265,39,8,8,8,5-fold,-0.7168984891641768,1.1858027127946615,-0.7672092864343989,1.1200819883113367,158.87765835546023,0.95,7,-0.7168984891641768,RF,Apul
FUN_012675_61318,39,8,8,8,5-fold,-0.32586554287177927,0.251433444167254,-0.19301628961171016,0.20191131133710116,15783.42805383237,0.1,0,-0.19301628961171016,ElasticNet,Apul
FUN_035600_164414,39,6,6,6,5-fold,-0.5559181468471047,0.9548907671890096,-0.6602494959321763,0.7518935631543199,5.482739737613678,0.7,6,-0.5559181468471047,RF,Apul
FUN_042132_198653,39,7,5,5,5-fold,-0.15451418382850424,0.07727487308508907,-0.09065193809451558,0.07420642254831626,8950.855822780979,0.1,0,-0.09065193809451558,ElasticNet,Apul
FUN_005075_24467,39,9,8,8,5-fold,-1.6192476609875825,1.7865799299032656,-0.6896071655747666,0.8140497927525288,825.3279387921534,0.99,1,-0.6896071655747666,ElasticNet,Apul
FUN_038001_177263,39,5,3,3,5-fold,-0.8712656022522399,1.3515940723727171,-0.6175604726640213,0.734107747258207,2.8482742308678373,0.5,3,-0.6175604726640213,ElasticNet,Apul
FUN_037770_175384,39,11,6,6,5-fold,-0.19431492319057764,0.16667824721155042,-0.9078482865488746,1.3245688422401758,16256.702182023932,0.1,0,-0.19431492319057764,RF,Apul
FUN_004826_22961,39,18,11,11,5-fold,-39.45263301904622,57.69323802463784,-8.736231033186034,10.695182046483623,4669.824786167624,0.1,0,-8.736231033186034,ElasticNet,Apul
FUN_042606_199923,39,54,46,46,5-fold,-1.3594113595550654,2.1630019581314572,-0.9797762770214444,1.461714944438345,5.531083982413208,0.5,46,-0.9797762770214444,ElasticNet,Apul
FUN_034604_158613,39,34,28,28,5-fold,-1.1099272699359393,1.2904202503416637,-0.6032064551888089,0.8677047577975187,6.464445706910715,0.7,27,-0.6032064551888089,ElasticNet,Apul
FUN_041432_193416,39,32,28,28,5-fold,-0.8444345519466999,1.0842015175181534,-0.5292946063434887,0.7734685340116778,758.219024066136,0.99,7,-0.5292946063434887,ElasticNet,Apul
FUN_007689_36242,39,119,111,100,5-fold,-3.5837104358385306,6.508303315015892,-6.123260130152227,12.07711712094442,254.46516390742565,0.99,53,-3.5837104358385306,RF,Apul
FUN_011699_54587,39,14,14,14,5-fold,-1.008053591127292,1.4232993149544881,-0.9368177050343391,1.653331642503035,12562.280231845132,0.1,0,-0.9368177050343391,ElasticNet,Apul
FUN_012772_61868,39,11,11,11,5-fold,-0.4464582844826953,0.3524514864698309,-0.4990457776459724,0.7310297552938763,14522.440784896953,0.1,0,-0.4464582844826953,RF,Apul
FUN_010659_50420,39,3,3,3,5-fold,-1.0666510981244535,1.120762542162835,-0.9792291715709057,1.3314435768344797,136.16534476896018,0.99,2,-0.9792291715709057,ElasticNet,Apul
FUN_001057_4851,39,7,7,7,5-fold,-0.24411329251776626,0.4200075421765418,-0.4729191696384297,0.5814165583274958,11783.132996370532,0.1,0,-0.24411329251776626,RF,Apul
FUN_004735_22349,39,36,24,24,5-fold,-0.8326022501982807,0.5366556942300976,-0.2693133409585698,0.2650423475063619,15129.832872889509,0.1,0,-0.2693133409585698,ElasticNet,Apul
FUN_037840_176028,39,23,23,23,5-fold,-41.99691674805295,83.45965978875032,-28.81680484961039,57.44674208367381,35.97108644375988,0.5,23,-28.81680484961039,ElasticNet,Apul
FUN_041679_195319,39,2,2,2,5-fold,-1.4091897572309846,1.5576548262242838,-0.9239798235738743,0.9799270718395089,12.112290276331573,0.5,2,-0.9239798235738743,ElasticNet,Apul
FUN_031852_144366,39,6,6,6,5-fold,-2.446200675273757,4.819273020919001,-1.599108033430935,3.4752011224897204,39.427952954307905,0.99,6,-1.599108033430935,ElasticNet,Apul
FUN_005120_24699,39,18,15,15,5-fold,-0.18761331398473663,0.1624811518589781,-0.15684207696184557,0.11958023497982741,11734.675176404602,0.1,0,-0.15684207696184557,ElasticNet,Apul
FUN_043518_206306,39,12,12,12,5-fold,-1.435009776369703,2.413657610428501,-1.179811171140676,2.1489763521633187,15734.706617693164,0.1,0,-1.179811171140676,ElasticNet,Apul
FUN_037056_171458,39,6,6,6,5-fold,-0.4994318621440005,1.1238459742189086,-0.7709815675378637,1.4124377092025844,93.03240027145934,0.99,6,-0.4994318621440005,RF,Apul
FUN_037961_176951,39,10,10,10,5-fold,-1.771027408407879,2.7267667525514363,-1.0078532223481675,1.480316139151947,18280.503592569614,0.1,1,-1.0078532223481675,ElasticNet,Apul
FUN_025939_118519,39,4,4,4,5-fold,-0.8405875862509763,1.0000407169282581,-0.262946065087381,0.2722752049806556,8727.32412262185,0.1,0,-0.262946065087381,ElasticNet,Apul
FUN_025581_116178,39,6,6,6,5-fold,-0.5772669107534718,0.9627016744932324,-0.6824187798956283,0.9447052141826859,13340.53279165512,0.1,0,-0.5772669107534718,RF,Apul
FUN_027868_127084,39,28,17,17,5-fold,-1.3717453563536017,1.8855523790661157,-0.8028677638376482,1.4692756385354753,3.2743600460921685,0.7,17,-0.8028677638376482,ElasticNet,Apul
FUN_032993_151144,39,5,2,2,5-fold,-0.2593588800134531,0.373199121294391,-0.2123486506621175,0.25738331364177125,297.35329224357105,0.99,1,-0.2123486506621175,ElasticNet,Apul
FUN_011264_53362,39,3,3,3,5-fold,-2.021828352798457,3.7090797510047455,-2.49237563788546,4.581333232236493,10617.47624368929,0.1,0,-2.021828352798457,RF,Apul
FUN_025659_116579,39,17,10,10,5-fold,-1.9110310430598383,2.215118370660943,-0.707177979446233,0.7618600181000357,977.327292869291,0.99,1,-0.707177979446233,ElasticNet,Apul
FUN_032993_151148,39,2,2,2,5-fold,-0.7974917357242652,0.4890422435903634,-0.36434395737160147,0.5745469773563203,9466.333958318528,0.1,0,-0.36434395737160147,ElasticNet,Apul
FUN_033953_155031,39,18,9,9,5-fold,-2.2134678348259653,2.2865847839678675,-1.7092255334195552,2.123291475722218,7342.888850969694,0.1,0,-1.7092255334195552,ElasticNet,Apul
FUN_012675_61320,39,4,4,4,5-fold,-0.5817696050437734,0.3464912320682969,-0.3918781297211299,0.325703605326697,11407.824698126735,0.1,0,-0.3918781297211299,ElasticNet,Apul
FUN_001549_8456,39,11,9,9,5-fold,-2.090595222602409,3.5464379727456197,-2.3062606361583833,3.755304335221093,9805.290221526513,0.1,0,-2.090595222602409,RF,Apul
FUN_041585_194709,39,4,4,4,5-fold,-0.3882390148289037,0.7233077341114738,0.10065779011981262,0.2931730880971794,4.645127949178653,0.99,4,0.10065779011981262,ElasticNet,Apul
FUN_040709_191276,39,12,4,4,5-fold,-0.5389698244540762,0.5781962388079405,-0.0030558724870330288,0.19100527659990385,5.224648833104877,0.99,4,-0.0030558724870330288,ElasticNet,Apul
FUN_032982_151069,39,5,5,5,5-fold,-2.082623458563833,3.518987469059982,-0.9551994174327592,1.7717023330819368,69.49333101651862,0.99,5,-0.9551994174327592,ElasticNet,Apul
FUN_016076_76864,39,6,6,6,5-fold,-0.7954575511836046,0.5775549332290041,-0.5817797623059768,0.5453178398793599,263.50578523181576,0.99,6,-0.5817797623059768,ElasticNet,Apul
FUN_032428_148269,39,5,3,3,5-fold,-0.06961684830375221,0.11089743817411866,-0.028313889483230305,0.016760636288934254,1.368739884712984,0.95,3,-0.028313889483230305,ElasticNet,Apul
FUN_024453_110726,39,5,5,5,5-fold,-2.616637319051848,5.5054165312678744,-2.0824838928589364,4.518470546516806,25.91938711235623,0.99,5,-2.0824838928589364,ElasticNet,Apul
FUN_009677_47590,39,8,8,8,5-fold,-1.7825571650160335,3.339147121687306,-1.3149551145867027,2.4349094108197815,10.1137261554098,0.5,8,-1.3149551145867027,ElasticNet,Apul
FUN_022346_97524,39,5,5,5,5-fold,-1.9279865678927748,3.2631933401036157,-0.9821554767085473,1.8095140252068833,7583.958151317324,0.1,0,-0.9821554767085473,ElasticNet,Apul
FUN_008314_40007,39,20,16,16,5-fold,-1.3932261290108412,1.454549275224662,-1.214941232547554,0.9866362031307185,18536.631391342773,0.1,0,-1.214941232547554,ElasticNet,Apul
FUN_012970_62508,39,39,35,35,5-fold,-0.982627902959786,0.6448844169498096,-1.1503365114322956,1.4722579789193604,52.71419346848223,0.95,35,-0.982627902959786,RF,Apul
FUN_040709_191275,39,12,6,6,5-fold,-0.5904990442310402,0.609802317529096,-0.19447842101703722,0.31400733854463325,9329.787972846181,0.1,0,-0.19447842101703722,ElasticNet,Apul
FUN_042132_198655,39,7,6,6,5-fold,-0.2721971643249952,0.2711507328769166,-0.6288414625898024,0.5260525868319044,21558.28091590377,0.1,0,-0.2721971643249952,RF,Apul
FUN_041496_193785,39,7,7,7,5-fold,-2.289523578139093,3.844611448249496,-1.4474963855688532,2.6895482509673188,10678.027404659588,0.1,0,-1.4474963855688532,ElasticNet,Apul
FUN_009857_48284,39,6,6,6,5-fold,-0.5261311587100128,0.4859621805807104,-0.3501087879181269,0.3026401050998462,13.448696560640354,0.5,6,-0.3501087879181269,ElasticNet,Apul
FUN_023179_103512,39,4,4,4,5-fold,-0.7264211455912222,1.164842678088638,-1.1189657290200146,1.9808946043431506,20250.084363209255,0.1,0,-0.7264211455912222,RF,Apul
FUN_032428_148266,39,17,17,17,5-fold,-0.5376472866370059,0.7145297992708096,-0.5006092122652352,0.4414945525288717,291.89793447757614,0.99,12,-0.5006092122652352,ElasticNet,Apul
FUN_007905_37559,39,4,2,2,5-fold,-1.6650894197259867,2.69540776987908,-1.8186262673652163,2.5617939941343995,3.6554140259691184,0.99,2,-1.6650894197259867,RF,Apul
FUN_010908_51988,39,13,12,12,5-fold,-0.38253410574726104,0.9338469289579645,-0.3275416837793309,0.42637329332979934,8913.842751626962,0.1,0,-0.3275416837793309,ElasticNet,Apul
FUN_024860_112790,39,6,4,4,5-fold,-0.18538784420887658,0.23937553808821688,-0.2357955650580117,0.2551971487048551,5.612242893132967,0.7,4,-0.18538784420887658,RF,Apul
FUN_008958_44356,39,7,7,7,5-fold,-1.160794023664136,2.1348833690376434,-0.11111267690547373,0.10928930317637747,18783.873263111804,0.1,1,-0.11111267690547373,ElasticNet,Apul
FUN_032982_151070,39,2,2,2,5-fold,-0.9023480784630046,1.2514334508139453,-0.5371726194371229,0.8622543101657023,4988.979071167607,0.1,0,-0.5371726194371229,ElasticNet,Apul
FUN_038001_177262,39,3,3,3,5-fold,-1.6499749836839706,2.241769227827675,-0.6460811365332623,0.7915306829021869,12808.107969595228,0.1,0,-0.6460811365332623,ElasticNet,Apul
FUN_037048_171362,39,3,3,3,5-fold,-2.5979656028262115,4.3302971479032255,-2.084010089071513,3.9253294318252374,16469.04290445583,0.1,0,-2.084010089071513,ElasticNet,Apul
FUN_011699_54588,39,18,14,14,5-fold,-3.243740595606628,6.030264497870827,-1.996255789543183,3.586730073028777,70.3075854273913,0.99,14,-1.996255789543183,ElasticNet,Apul
FUN_037940_176810,39,17,10,10,5-fold,-0.7308083967512389,0.6970364469257784,-0.10444869849957791,0.3891165567345048,7.160972932656541,0.99,10,-0.10444869849957791,ElasticNet,Apul
FUN_043111_202994,39,4,4,4,5-fold,-1.1811681675354102,1.852549932333913,-1.228896274803871,2.23430092490111,9720.471940344547,0.1,0,-1.1811681675354102,RF,Apul
FUN_001057_4850,39,12,4,4,5-fold,-0.62451898826819,0.5813345689992216,-0.43142292352215605,0.521612795451772,30637.610253048446,0.1,1,-0.43142292352215605,ElasticNet,Apul
FUN_042132_198654,39,8,8,8,5-fold,-0.3841126464654099,0.22331725059831553,-0.09139623515894679,0.0952346656916644,14791.706258122314,0.1,0,-0.09139623515894679,ElasticNet,Apul
FUN_008314_40009,39,12,12,12,5-fold,-2.614436511671578,3.693958133259039,-2.193649622532843,3.609165867615126,395.24270585620593,0.99,5,-2.193649622532843,ElasticNet,Apul
FUN_003846_16250,39,6,6,6,5-fold,-64.95056271426989,128.9667555289183,-30.718884023519916,61.1028174450954,21770.375026218542,0.1,0,-30.718884023519916,ElasticNet,Apul
FUN_007904_37557,39,6,6,6,5-fold,-1.882677182757894,2.019948955939623,-2.6407127732562836,3.8720731376698327,44822.652129303104,0.1,0,-1.882677182757894,RF,Apul
FUN_008314_40008,39,12,11,11,5-fold,-1.0116863842286998,0.913490689530054,-1.2634587683076381,1.3232668706965809,9.67138927071865,0.7,11,-1.0116863842286998,RF,Apul
FUN_014524_68269,39,3,3,3,5-fold,-0.692770015899501,1.3429199301841372,-1.2962771102045072,2.381694739575515,4.586379965338033,0.9,3,-0.692770015899501,RF,Apul
FUN_036224_168317,39,4,4,4,5-fold,-1.259626544082697,1.3733068866261462,-0.7965988947146727,0.9018546690955408,1.4188542897889491,0.99,4,-0.7965988947146727,ElasticNet,Apul
FUN_037447_173685,39,5,5,5,5-fold,-0.7309438644904409,0.39990874235357077,-0.2522674830543747,0.3025950759868378,14488.644025300746,0.1,0,-0.2522674830543747,ElasticNet,Apul
FUN_040686_191120,39,8,5,5,5-fold,-1.6366639981594464,2.9541491150487045,-1.299496829942892,2.2461246460597737,10908.395909689796,0.1,0,-1.299496829942892,ElasticNet,Apul
FUN_001593_8765,39,28,28,28,5-fold,-28.67086847316361,57.292562587538036,-26.838221406868097,53.28488035275698,17581.4177627925,0.1,0,-26.838221406868097,ElasticNet,Apul
FUN_004820_22927,39,12,11,11,5-fold,-17.398106672909183,19.96404392294939,-5.138434552379192,7.254075762197707,100.54550706485821,0.99,11,-5.138434552379192,ElasticNet,Apul
FUN_043111_202991,39,7,7,7,5-fold,-0.33380150568837264,0.23570046003995124,-0.1681216688842176,0.18190624588451793,21755.746496863874,0.1,0,-0.1681216688842176,ElasticNet,Apul
FUN_027435_125408,39,2,2,2,5-fold,-0.5237168756636474,0.840068003966607,-0.607961811553927,0.6319795769579406,40786.06198593091,0.1,0,-0.5237168756636474,RF,Apul
FUN_028078_128176,39,22,12,12,5-fold,-0.5521526929829955,0.6881702588287729,-0.5142844914052244,0.6796594007851577,1365.5173083273396,0.99,4,-0.5142844914052244,ElasticNet,Apul
FUN_014480_67904,39,11,9,9,5-fold,-0.52003756827216,0.4994621846950803,-0.3073206553793408,0.2703688100587194,7.8840458736659444,0.7,9,-0.3073206553793408,ElasticNet,Apul
FUN_009012_44800,39,13,9,9,5-fold,-0.5469330906456017,0.3972723812682862,-0.22474684599544767,0.11561563235843669,136.0858581547214,0.99,8,-0.22474684599544767,ElasticNet,Apul
FUN_001057_4849,39,18,12,12,5-fold,-0.4008654585546922,0.7523441491224477,-0.3549198707275317,0.48337245260860284,203.41031680449709,0.99,11,-0.3549198707275317,ElasticNet,Apul
FUN_041848_196740,39,23,17,17,5-fold,-0.39313357568485746,0.7399314263338029,-0.26770965887917625,0.37570639068713774,156.36049389176347,0.99,11,-0.26770965887917625,ElasticNet,Apul
FUN_032428_148268,39,8,8,8,5-fold,0.1806150764952987,0.23114424496595748,0.37892336639551216,0.07918525865064334,10.252145005962973,0.99,8,0.37892336639551216,ElasticNet,Apul
FUN_022346_97523,39,13,13,13,5-fold,-1.0028348587529055,1.8983709851055492,-0.5418497840439496,1.0956998456657594,15.399079785646306,0.5,13,-0.5418497840439496,ElasticNet,Apul
FUN_042998_202341,39,8,8,8,5-fold,-1.3610199113111914,1.423140466662746,-0.6507577907258097,0.7751990284159297,28634.551294063705,0.1,0,-0.6507577907258097,ElasticNet,Apul
FUN_043485_206045,39,22,21,21,5-fold,-0.23471926568020524,0.5576705555802369,-0.23310508166068242,0.33246324841543773,171.13786272308204,0.99,19,-0.23310508166068242,ElasticNet,Apul
FUN_031782_144051,39,18,16,16,5-fold,-1.976686537593873,3.577311966419489,-2.212439181734895,3.9693992943217156,28.072359979012276,0.5,16,-1.976686537593873,RF,Apul
FUN_014559_68481,39,16,15,15,5-fold,-0.23226313213646663,0.2159818479756887,-0.37915936183965904,0.4060577766840779,26511.83783178192,0.1,0,-0.23226313213646663,RF,Apul
FUN_026626_122921,39,40,36,36,5-fold,-0.677648854348958,0.5464517699396014,-0.5763870085546922,0.9034588663135394,223.69857244577275,0.99,26,-0.5763870085546922,ElasticNet,Apul
FUN_037056_171457,39,2,2,2,5-fold,0.2535507522733356,0.23365814074768332,0.059824237073854626,0.3795296585205725,4.453861436942045,0.99,2,0.2535507522733356,RF,Apul
FUN_010911_51991,39,6,4,4,5-fold,-0.5910039894477055,0.3571262788105844,-0.25554172454887586,0.27793299310425984,32850.03345448736,0.1,0,-0.25554172454887586,ElasticNet,Apul
FUN_038219_179332,39,109,87,87,5-fold,-14.487355060439175,27.918339389569947,-8.572040463684706,16.81363655376739,4941.883268961731,0.99,3,-8.572040463684706,ElasticNet,Apul
FUN_041679_195317,39,3,3,3,5-fold,-0.9258740906776797,1.115364048519699,-0.6202243262101135,0.8572902522706335,4.889769818377278,0.5,3,-0.6202243262101135,ElasticNet,Apul
FUN_042132_198650,39,8,8,8,5-fold,-1.3013392011190712,1.8915945682222546,-0.6256757851309317,0.6466382627569409,8.759776259907726,0.9,8,-0.6256757851309317,ElasticNet,Apul
FUN_014098_66514,39,2,2,2,5-fold,-687.4619901411801,1374.2994319973375,-310.27045471043124,609.0428826145819,10101.858212262698,0.1,0,-310.27045471043124,ElasticNet,Apul
FUN_041677_195301,39,3,3,3,5-fold,-0.6862342519467421,1.0888316798694437,-0.5842692751568805,0.7846667129908956,5.033775056932344,0.9,3,-0.5842692751568805,ElasticNet,Apul
FUN_001545_8359,39,8,7,7,5-fold,-0.19440623429403397,0.17679155820779524,-0.3867782035277662,0.507742727231535,18662.724251298765,0.1,0,-0.19440623429403397,RF,Apul
FUN_022485_98432,39,5,5,5,5-fold,-0.7723062619353849,0.9084619747040028,-0.31412173078296857,0.2977203092315189,244.88896076048633,0.5,5,-0.31412173078296857,ElasticNet,Apul
FUN_039877_186863,39,5,5,5,5-fold,-3.211236248430846,4.951803100057403,-1.795030463970495,2.1736386265722087,17667.93460272741,0.1,0,-1.795030463970495,ElasticNet,Apul
FUN_030073_138215,39,8,4,4,5-fold,-6.041711606123472,9.810968338219585,-4.274687044878069,7.219046081267001,1.8648101377246513,0.7,4,-4.274687044878069,ElasticNet,Apul
FUN_043111_202992,39,3,3,3,5-fold,-0.9645007517733761,1.612293696872535,-0.42408426920249853,0.7551632784890816,6.778711491752528,0.9,3,-0.42408426920249853,ElasticNet,Apul
FUN_005372_26268,39,26,26,26,5-fold,-0.13821436507829676,0.40994830954729405,-1.5585446809726187,1.9724374369034694,6.091319244444339,0.95,26,-0.13821436507829676,RF,Apul
FUN_013651_65415,39,5,5,5,5-fold,-10.680570418688157,19.36426535879135,-4.41235425765831,6.487876395920564,8468.5557761469,0.1,0,-4.41235425765831,ElasticNet,Apul
FUN_014480_67902,39,6,6,6,5-fold,-1.137102217682091,0.7671906614793695,-0.39579722186628874,0.22808989241993433,21218.063833956225,0.1,0,-0.39579722186628874,ElasticNet,Apul
FUN_036224_168316,39,9,9,9,5-fold,-1.144705123281496,1.6231144343751682,-1.0314722079735739,1.7244031023313406,12.162072128239428,0.5,9,-1.0314722079735739,ElasticNet,Apul
FUN_014626_69000,39,15,5,5,5-fold,-0.22457959093254615,0.3172803125089408,-0.28860954347288575,0.4012720883995813,4.8406819231051195,0.9,5,-0.22457959093254615,RF,Apul
FUN_013651_65414,39,4,3,3,5-fold,-9.956514680983137,17.482592077686515,-2.174770957601551,3.476295958548657,9.073923445691586,0.99,3,-2.174770957601551,ElasticNet,Apul
FUN_006986_33774,39,5,5,5,5-fold,-13.716706194498244,27.067283486149783,-13.97779679657206,27.810667814666036,18265.267678305878,0.1,0,-13.716706194498244,RF,Apul
FUN_027804_126679,39,10,10,10,5-fold,-0.008407554342717938,0.2728716138534236,-0.2434908925874515,0.37528665615126766,92.94217946290686,0.99,10,-0.008407554342717938,RF,Apul
FUN_029344_135443,39,9,7,7,5-fold,-50.401166253257756,100.04932209843048,-31.24114480243332,62.278123048118324,10480.060043915119,0.1,0,-31.24114480243332,ElasticNet,Apul
FUN_011962_56557,39,6,5,5,5-fold,-1.4111068089681384,1.6374056711109806,-1.1931265438882357,1.3665615281749768,12.736459992517887,0.9,5,-1.1931265438882357,ElasticNet,Apul
FUN_032114_146113,39,4,4,4,5-fold,-0.2125852850766683,0.07415070911093442,-0.14524942698193127,0.1720075069537583,18667.696169945633,0.1,0,-0.14524942698193127,ElasticNet,Apul
FUN_032114_146114,39,4,4,4,5-fold,-0.5142743701737129,0.5618571777006438,-0.34586187578142635,0.41706623545668275,5695.3493973071845,0.1,0,-0.34586187578142635,ElasticNet,Apul
FUN_015295_73805,39,334,277,100,5-fold,-0.7541552820654618,0.8777992428186124,-0.19017370788443147,0.3560680686261961,7.488892168151729,0.9,100,-0.19017370788443147,ElasticNet,Apul
FUN_002435_12236,39,41,34,34,5-fold,-0.3604578638159572,0.17600199538276767,-0.1589284211261181,0.10227483183901692,29164.608367143974,0.1,0,-0.1589284211261181,ElasticNet,Apul
FUN_005365_26207,39,19,19,19,5-fold,-0.24712128574079867,0.5026901719102969,-0.4907354205019468,0.6798969197466617,30.837336087047277,0.5,19,-0.24712128574079867,RF,Apul
FUN_042667_200470,39,29,29,29,5-fold,-0.9242870769192575,1.0159473748503358,-1.6261605123961793,2.853061417673863,101.45814609202871,0.95,26,-0.9242870769192575,RF,Apul
FUN_001545_8358,39,7,7,7,5-fold,-0.37686962742796404,0.19552615969626896,-0.30255531500079563,0.25441378803966186,16385.278056783063,0.1,0,-0.30255531500079563,ElasticNet,Apul
FUN_004891_23450,39,28,20,20,5-fold,-0.13015556923695631,0.28934592080259836,-0.6044257112524697,0.5011907768272887,22098.449360330647,0.1,0,-0.13015556923695631,RF,Apul
FUN_022705_100370,39,17,13,13,5-fold,-0.8313044388937717,0.6030205898987698,-0.2792819394032182,0.4428590420256487,76.36002328773247,0.99,12,-0.2792819394032182,ElasticNet,Apul
FUN_039877_186865,39,7,4,4,5-fold,-1.8719980880366922,2.4389564246483606,-2.704150532216739,4.407008515871223,21009.238171562647,0.1,0,-1.8719980880366922,RF,Apul
FUN_036101_167505,39,47,39,39,5-fold,-1.0566129099624473,1.557944880157572,-0.7385839331563978,1.313010362115699,27430.620819679887,0.1,0,-0.7385839331563978,ElasticNet,Apul
FUN_039877_186867,39,5,3,3,5-fold,-2.7081429247571176,4.771418599594081,-2.8382558025059077,5.03711358649809,11736.798711258702,0.1,0,-2.7081429247571176,RF,Apul
FUN_043111_202993,39,6,6,6,5-fold,-0.9543188447979857,1.500772926454069,-0.8810639923073083,1.5816404700646474,29880.93340516567,0.1,0,-0.8810639923073083,ElasticNet,Apul
FUN_001545_8357,39,7,7,7,5-fold,-0.3922544991743325,0.6217580017994753,-0.5011928373841525,0.5410067167045457,15523.546761830039,0.1,0,-0.3922544991743325,RF,Apul
FUN_014480_67903,39,7,7,7,5-fold,-0.7535597947393115,0.8823344197208122,-0.36018466460007686,0.30918766611082665,1160.3660816651618,0.99,3,-0.36018466460007686,ElasticNet,Apul
FUN_015256_73603,39,5,5,5,5-fold,-0.40425191918946607,0.8661755292869384,-0.7167264760601342,1.1048673535839024,31.902158976421525,0.99,5,-0.40425191918946607,RF,Apul
FUN_025939_118520,39,15,15,15,5-fold,-0.32037298453605756,0.6253183779506124,-1.5928514456241711,1.6705785051604936,28046.848303105133,0.1,0,-0.32037298453605756,RF,Apul
FUN_042132_198651,39,11,9,9,5-fold,-0.4407366529237569,0.4817892403825316,-0.37120410772915113,0.3366156775763692,26816.836431961077,0.1,0,-0.37120410772915113,ElasticNet,Apul
FUN_014098_66512,39,4,4,4,5-fold,-419.94409159092373,839.4191841997706,-1821.9035975118234,3643.4657158887276,369.65042960730824,0.99,4,-419.94409159092373,RF,Apul
FUN_016080_76879,39,30,26,26,5-fold,-0.6516899247077308,0.9825552015559434,-0.47515779044849304,0.2847464919979338,33.545096949332155,0.7,26,-0.47515779044849304,ElasticNet,Apul
FUN_039877_186864,39,9,7,7,5-fold,-2.501814757662671,4.130425987636569,-1.8114440726124759,2.436737842582812,92.92478553304832,0.99,7,-1.8114440726124759,ElasticNet,Apul
FUN_024429_110509,39,8,8,8,5-fold,-1.1085954711077377,1.589039111991249,-2.022599333843239,3.5601933467721576,368.45220698579027,0.1,8,-1.1085954711077377,RF,Apul
FUN_043242_204036,39,19,15,15,5-fold,-22.606616372830448,42.56095343641265,-12.484003639819644,24.461860438309756,21788.258850095182,0.1,1,-12.484003639819644,ElasticNet,Apul
FUN_039877_186866,39,6,5,5,5-fold,-8.05506869359497,13.935497387203045,-2.911518153457592,4.996872785527118,12007.700564656989,0.1,0,-2.911518153457592,ElasticNet,Apul
FUN_039877_186868,39,16,8,8,5-fold,-3.846573901180856,7.120307701259498,-1.79624187161236,3.3688408065394433,18413.80574644825,0.1,0,-1.79624187161236,ElasticNet,Apul
FUN_008104_38843,39,10,10,10,5-fold,-3.746232832522751,6.8423698228969245,-2.5979975206963295,4.896072737921436,20.686316554075763,0.5,10,-2.5979975206963295,ElasticNet,Apul
FUN_009012_44797,39,3,3,3,5-fold,-0.72340583561258,1.183770244560298,-0.27206611269015485,0.3327275621622074,20.45685328806452,0.1,3,-0.27206611269015485,ElasticNet,Apul
FUN_000383_1752,39,45,39,39,5-fold,-2.272564547245623,2.4589819550694796,-1.5585288051555692,2.184749188962164,48664.201142161306,0.1,0,-1.5585288051555692,ElasticNet,Apul
FUN_010659_50416,39,4,3,3,5-fold,-0.521740762498274,0.5675002968426913,-0.3364931418047221,0.22569212067910924,1907.5279376623307,0.99,1,-0.3364931418047221,ElasticNet,Apul
FUN_032993_151149,39,6,6,6,5-fold,-1.0143358929914963,0.8645659795192472,-0.49575826187496175,0.46325852595782785,366.2629455357783,0.7,5,-0.49575826187496175,ElasticNet,Apul
FUN_035841_165882,39,17,16,16,5-fold,-0.20088470875620476,0.3063557175209974,-0.09852041334219026,0.09064169268675677,397.1221948570208,0.99,15,-0.09852041334219026,ElasticNet,Apul
FUN_038091_178075,39,8,8,8,5-fold,-0.6541333408008324,0.41056093171559926,-0.2937043832959136,0.2068894667437571,1932.0573536465624,0.99,1,-0.2937043832959136,ElasticNet,Apul
FUN_010659_50418,39,2,2,2,5-fold,-0.5732760100505981,0.4079727746630373,-0.5443670860162296,0.5271697050890269,15.501197446539116,0.99,2,-0.5443670860162296,ElasticNet,Apul
FUN_024565_111374,39,13,8,8,5-fold,-0.1645843717531747,0.4752656690256576,-0.1469058261685372,0.1829583493508709,40497.30115296529,0.1,0,-0.1469058261685372,ElasticNet,Apul
FUN_009012_44798,39,3,3,3,5-fold,-0.6870549046517793,1.1462964294511797,-0.23836651618330446,0.2721391409843959,29695.25538058515,0.1,0,-0.23836651618330446,ElasticNet,Apul
FUN_040709_191277,39,32,22,22,5-fold,-0.5863480838804525,0.5400614300293637,-0.29063063065060313,0.1038376838002438,20924.51077349551,0.1,0,-0.29063063065060313,ElasticNet,Apul
FUN_008397_40632,39,129,129,100,5-fold,-1.258810905144373,1.284957188868441,-1.3036625363211516,1.7695444425893063,480.95584644243706,0.99,68,-1.258810905144373,RF,Apul
FUN_009857_48283,39,8,8,8,5-fold,-0.9306904584952518,1.9325027858902162,-0.5933081850911535,1.2428200845083348,8.244177516955004,0.7,8,-0.5933081850911535,ElasticNet,Apul
FUN_014559_68482,39,3,2,2,5-fold,-0.5398843759645493,0.5577415921266986,-0.27422343696569584,0.3416010990638623,28377.066420506093,0.1,0,-0.27422343696569584,ElasticNet,Apul
FUN_012531_60448,39,6,6,6,5-fold,-15.065149287208436,28.76063710703613,-9.590792323341038,18.89960089986,22992.75642884257,0.1,0,-9.590792323341038,ElasticNet,Apul
FUN_001058_4852,39,14,14,14,5-fold,-0.3356572987647386,0.5195740758013679,-0.2757367542700534,0.6045185457027142,25.05765216435863,0.99,13,-0.2757367542700534,ElasticNet,Apul
FUN_012531_60449,39,3,3,3,5-fold,-18.266393368518578,36.20341944526836,-15.70968919335679,31.20392589271028,10267.504140442275,0.1,1,-15.70968919335679,ElasticNet,Apul
FUN_042998_202340,39,10,10,10,5-fold,-1.2779187003861525,2.003594893244585,-2.0382960602519122,3.7724461733162284,647.6578256960374,0.99,8,-1.2779187003861525,RF,Apul
FUN_032993_151146,39,4,4,4,5-fold,-0.15687676765042932,0.3471413958657165,-0.2690709830086858,0.40865157795783885,19429.490493687837,0.1,0,-0.15687676765042932,RF,Apul
FUN_032993_151145,39,11,11,11,5-fold,-0.5635069788214153,0.5715613080407465,-0.21447261618471786,0.2666909301978442,32616.869987992177,0.1,0,-0.21447261618471786,ElasticNet,Apul
FUN_027435_125409,39,13,12,12,5-fold,0.2550237524682702,0.2953060131245346,-0.14187732046926088,0.1810018603534379,17.39265531874978,0.95,11,0.2550237524682702,RF,Apul
FUN_003792_16064,39,9,9,9,5-fold,-61.61626898519944,110.88511396535617,-36.56672515554906,64.81779146158968,14.747823405999224,0.5,9,-36.56672515554906,ElasticNet,Apul
FUN_008245_39577,39,27,27,27,5-fold,-1.0987464780090457,0.9704678328009045,-0.7316128262435484,0.37116201299318097,50511.60123885213,0.1,0,-0.7316128262435484,ElasticNet,Apul
FUN_008958_44357,39,16,16,16,5-fold,-0.7483721970619179,1.0878385021572305,-0.019886060409692607,0.38759375874721924,42.18915004408517,0.99,14,-0.019886060409692607,ElasticNet,Apul
FUN_024429_110510,39,12,12,12,5-fold,-1.2905560662348494,1.4266874166599877,-0.9947116843574166,1.2654438174062126,72561.15624206561,0.1,0,-0.9947116843574166,ElasticNet,Apul
FUN_041679_195315,39,4,4,4,5-fold,-0.8203232695229031,0.7963674653378091,-0.47129356542219386,0.769693555088831,28570.524237970483,0.1,0,-0.47129356542219386,ElasticNet,Apul
FUN_041743_195865,39,71,69,69,5-fold,-0.6988688597705935,0.5769162455762366,-0.8023887257618203,0.5211377963689597,1020.9615781664672,0.99,47,-0.6988688597705935,RF,Apul
FUN_003792_16062,39,4,4,4,5-fold,-50.46028349525626,89.63102518868754,-52.04424288010357,99.02034214835922,22131.69199984657,0.1,0,-50.46028349525626,RF,Apul
FUN_037770_175382,39,5,5,5,5-fold,-0.6804924918407835,0.9062860803033963,-0.5294919621096491,0.8145471053832575,489.681026258555,0.99,5,-0.5294919621096491,ElasticNet,Apul
FUN_024429_110508,39,4,4,4,5-fold,-0.1761273490865905,0.8675965635241213,-0.4271143122779284,0.4126188331399745,35.627566957510936,0.99,4,-0.1761273490865905,RF,Apul
FUN_041881_196998,39,28,24,24,5-fold,-26.573782765949392,49.65754166717409,-15.386517513929471,20.718994942535296,107.03635905910915,0.5,24,-15.386517513929471,ElasticNet,Apul
FUN_041743_195866,39,205,170,100,5-fold,-1.3708502492611168,1.3352165258560313,-0.24253367721466573,0.3574244469956231,14.945654390613058,0.95,96,-0.24253367721466573,ElasticNet,Apul
FUN_010659_50417,39,9,4,4,5-fold,-0.5307288645351657,0.3640280321477819,-0.3928493974208048,0.2469873953821639,2440.264839665926,0.99,3,-0.3928493974208048,ElasticNet,Apul
FUN_001269_6576,39,2,2,2,5-fold,-6.870555626302031,12.95041969660089,-1.4239758505760467,2.219221461456568,20653.03805827768,0.1,0,-1.4239758505760467,ElasticNet,Apul
FUN_003792_16063,39,14,11,11,5-fold,-15.001796609881856,18.720242335555746,-48.576314387181014,89.06735290012321,13.75350725222947,0.9,11,-15.001796609881856,RF,Apul
FUN_023134_103139,39,27,25,25,5-fold,-0.47006577636593916,0.6358338410594494,-0.3953405102924693,0.7659614546830517,22.942597318040846,0.9,25,-0.3953405102924693,ElasticNet,Apul
FUN_037331_173028,39,82,76,76,5-fold,-16.80059054667108,33.176216396836196,-11.086729411549417,21.992005471760304,128804.23225435463,0.1,0,-11.086729411549417,ElasticNet,Apul
FUN_004289_19122,39,81,60,60,5-fold,-22.28495589365297,44.31896137344651,-17.723925366679325,35.24700283514303,8674.385901586093,0.99,4,-17.723925366679325,ElasticNet,Apul
FUN_038091_178074,39,27,18,18,5-fold,-0.3098908976908653,0.13710306683014273,-0.07224288040601415,0.050635931983940966,97.87808349423291,0.99,17,-0.07224288040601415,ElasticNet,Apul
FUN_041676_195298,39,12,11,11,5-fold,-0.3833765048125684,0.3567393484178451,-0.15934119505211988,0.14416957138705075,75832.60318740626,0.1,0,-0.15934119505211988,ElasticNet,Apul
FUN_037940_176812,39,16,15,15,5-fold,-0.6827983084585467,0.5807004144014818,-0.4957231788424627,0.42336238055817366,1819.5505205071581,0.99,12,-0.4957231788424627,ElasticNet,Apul
FUN_024429_110507,39,5,5,5,5-fold,-0.5926731139466019,0.8158819366567649,-0.24533160969657666,0.2727943891856962,58.08634058179874,0.99,4,-0.24533160969657666,ElasticNet,Apul
FUN_003792_16060,39,7,7,7,5-fold,-140.56295751050985,260.0409918949104,-143.449247460084,276.8428336685126,27088.137208673063,0.1,0,-140.56295751050985,RF,Apul
FUN_041676_195299,39,9,9,9,5-fold,-0.16075337357988712,0.21602834094564152,-0.15207373606703198,0.12066994287269231,5776.553209450839,0.99,1,-0.15207373606703198,ElasticNet,Apul
FUN_003792_16061,39,18,17,17,5-fold,-24.540053374787995,29.98935708803631,-87.06402415686316,164.46146622919713,372.836791010937,0.99,17,-24.540053374787995,RF,Apul
FUN_041676_195300,39,12,12,12,5-fold,-0.15774178254598936,0.19672120431661608,-0.14097106792561925,0.10521474500349078,58222.67592367701,0.1,0,-0.14097106792561925,ElasticNet,Apul
FUN_008104_38844,39,26,26,26,5-fold,-0.8439333901588041,0.8673148912400543,-1.139946103768231,1.3149059037925832,23.08158241427405,0.5,26,-0.8439333901588041,RF,Apul
FUN_041676_195297,39,4,4,4,5-fold,-0.3197801485432118,0.24708370884873138,-0.20092823807575716,0.22230632260633298,1020.8260878896035,0.99,3,-0.20092823807575716,ElasticNet,Apul
FUN_008076_38576,39,38,29,29,5-fold,-0.6813508641079146,0.8694921722897414,-0.6079883383342295,0.9018762028230518,29432.507432217903,0.99,2,-0.6079883383342295,ElasticNet,Apul
