exon_id,n_samples,n_cpgs_nearby,n_cpgs_tested,n_cpgs_selected,cv_method,rf_r2_cv,rf_r2_std,enet_r2_cv,enet_r2_std,enet_alpha,enet_l1_ratio,n_nonzero_coefs,best_r2_cv,best_model,species
gene-Peve_00031822_165755,37,9,9,9,5-fold,-1.7112947997156058,1.9467493403506353,-0.7729142032386438,1.0574189527207094,29.529820970551462,0.99,4,-0.7729142032386438,ElasticNet,Peve
gene-Peve_00016101_85227,37,9,6,6,5-fold,-0.6258366362469826,0.617647995570734,-0.2051999318409202,0.2647590701211453,242.96143888200928,0.1,0,-0.2051999318409202,ElasticNet,Peve
gene-Peve_00041741_217269,37,35,29,29,5-fold,-0.6400246823537181,1.3651421011552423,-0.32956603609569374,0.4214645580306114,365.2598057682458,0.1,0,-0.32956603609569374,ElasticNet,Peve
gene-Peve_00005514_29621,37,42,34,34,5-fold,-0.9166027620621451,1.1012076223908422,-25.611136314297575,51.30549018124379,0.30019249401915943,0.5,34,-0.9166027620621451,RF,Peve
gene-Peve_00015420_81501,37,4,2,2,5-fold,-0.14147168096802468,0.0889405009770039,-0.0778717528612873,0.05396530821434781,74.20210496308297,0.1,0,-0.0778717528612873,ElasticNet,Peve
gene-Peve_00026632_138829,37,2,2,2,5-fold,-0.2697861926287925,0.21484760705412298,-0.21867225605520058,0.1318750913466746,17.467978098659625,0.99,1,-0.21867225605520058,ElasticNet,Peve
gene-Peve_00003934_21107,37,5,5,5,5-fold,-0.1815936285931497,0.252549061769268,-0.4681937948478053,0.6056157681079566,1.5523752284512935,0.1,5,-0.1815936285931497,RF,Peve
gene-Peve_00007613_40592,37,3,3,3,5-fold,-18.43637040404013,36.04923208361361,-19.37119708431003,38.57489556585175,379.7766120285424,0.1,0,-18.43637040404013,RF,Peve
gene-Peve_00018113_95062,37,7,7,7,5-fold,0.022699840539042393,0.32475230462647414,-0.10312983812448295,0.05520165169721884,354.81026342048176,0.1,0,0.022699840539042393,RF,Peve
gene-Peve_00009721_51467,37,5,5,5,5-fold,-1.4559890735395427,1.3118315027716678,-0.9798148089473981,0.9420454315170588,371.002679763612,0.1,0,-0.9798148089473981,ElasticNet,Peve
gene-Peve_00024001_124829,37,5,5,5,5-fold,-0.29132878926356376,0.3143542733377391,-9.673373090475433,18.639057079721976,324.20179646100667,0.1,0,-0.29132878926356376,RF,Peve
gene-Peve_00012263_64081,37,20,14,14,5-fold,-0.7086185739146107,0.7102512715165145,-0.3591242995685504,0.6037923929814342,78.3044394839854,0.99,1,-0.3591242995685504,ElasticNet,Peve
gene-Peve_00043990_228507,37,5,4,4,5-fold,-0.12318681786274462,0.14735718595707561,-0.10422211477457663,0.057498576018597404,7.233134888272228,0.99,2,-0.10422211477457663,ElasticNet,Peve
gene-Peve_00042123_219450,37,27,27,27,5-fold,-0.21939214834770673,0.3031196503071636,-0.04313974329008556,0.22591103620949982,1.7691747334715033,0.1,27,-0.04313974329008556,ElasticNet,Peve
gene-Peve_00011470_60366,37,23,11,11,5-fold,-0.3153259945898375,0.33885798178581505,-0.2524777499721434,0.41785001691574947,923.2293253822259,0.1,0,-0.2524777499721434,ElasticNet,Peve
gene-Peve_00011169_59033,37,5,4,4,5-fold,-0.2140827902736254,0.3623258996267416,-0.5639723389213296,0.7395020677887995,1106.9132991069969,0.1,0,-0.2140827902736254,RF,Peve
gene-Peve_00033265_173082,37,2,2,2,5-fold,0.08544013412947907,0.2040769743187514,0.12908201780382866,0.13706816086159823,0.6090222187134864,0.5,2,0.12908201780382866,ElasticNet,Peve
gene-Peve_00042169_219703,37,2,2,2,5-fold,-1.1011675743425553,1.1950275230781504,-0.5620914556187341,0.9485498860881317,5.206499597719531,0.1,2,-0.5620914556187341,ElasticNet,Peve
gene-Peve_00023592_122807,37,5,5,5,5-fold,-0.7395112206111608,0.8184629605226552,-0.32201654274998337,0.5839132788625184,0.7348148678421716,0.1,5,-0.32201654274998337,ElasticNet,Peve
gene-Peve_00021732_113433,37,5,5,5,5-fold,-0.5346130956727955,0.6082082843250974,-0.2286627511597527,0.21729260227541403,400.39323867669253,0.1,0,-0.2286627511597527,ElasticNet,Peve
gene-Peve_00016490_87197,37,12,4,4,5-fold,-1.7539627081876934,3.264791199065601,-4.708131877914539,6.558067409658429,0.1332205594051187,0.95,4,-1.7539627081876934,RF,Peve
gene-Peve_00023810_123774,37,3,3,3,5-fold,-0.1333065084236003,0.19088788648473412,-0.34860230207256393,0.35534449591587214,2.562838491459398,0.99,3,-0.1333065084236003,RF,Peve
gene-Peve_00024001_124808,37,4,3,3,5-fold,-1.0967433318537914,1.8283038910175293,-0.5721321739938521,0.9225986615848777,638.7139175593005,0.1,0,-0.5721321739938521,ElasticNet,Peve
gene-Peve_00040996_214017,37,6,2,2,5-fold,-0.24275701614617023,0.23005056410140573,-0.4733951856967694,0.5080005087453889,7.548888137091232,0.9,2,-0.24275701614617023,RF,Peve
gene-Peve_00028185_146988,37,8,8,8,5-fold,-0.32635293965591106,0.6465600350309552,-0.23822977118733393,0.34473340377732015,438.41678959733235,0.1,0,-0.23822977118733393,ElasticNet,Peve
gene-Peve_00017149_90163,37,8,8,8,5-fold,-0.82869451162837,0.9138492357541493,-0.4364307053829468,0.5884361594022447,30.001995686254112,0.99,1,-0.4364307053829468,ElasticNet,Peve
gene-Peve_00014186_74672,37,15,14,14,5-fold,-0.23102594260333195,0.3277457365532491,-0.6693828530217429,0.7894840038240877,1.7663162078598156,0.1,13,-0.23102594260333195,RF,Peve
gene-Peve_00016032_84831,37,10,10,10,5-fold,-0.6732814084344966,0.5666050648026567,-0.16326322375544064,0.10849679420320557,663.8937146738801,0.1,0,-0.16326322375544064,ElasticNet,Peve
gene-Peve_00034556_180101,37,24,22,22,5-fold,-1679.9489360983803,3358.490057164043,-230.53994280448538,456.6521976420096,0.4446148827967962,0.5,22,-230.53994280448538,ElasticNet,Peve
gene-Peve_00026979_140501,37,5,5,5,5-fold,-0.1052721575423257,0.1490764791893222,-0.20177662558002069,0.1952403701033354,401.25229368563896,0.1,0,-0.1052721575423257,RF,Peve
gene-Peve_00043037_223654,37,3,3,3,5-fold,-0.6452593415074579,0.7860645304968837,-0.7299327855009972,1.2815493984365236,410.62663316380537,0.1,0,-0.6452593415074579,RF,Peve
gene-Peve_00007613_40587,37,15,11,11,5-fold,-166.85101547520065,333.5235284811061,-74.63730937861745,149.0403585084775,547.3624572767595,0.1,0,-74.63730937861745,ElasticNet,Peve
gene-Peve_00041292_215504,37,7,6,6,5-fold,-2.9426649705651275,4.647622312240694,-1.0983322226728798,1.7003886820318381,155.4634372091403,0.1,0,-1.0983322226728798,ElasticNet,Peve
gene-Peve_00040618_211763,37,30,15,15,5-fold,-0.5082346443480298,0.3277757477730912,-0.16702103051754796,0.08781919988778494,60.62428201391006,0.99,0,-0.16702103051754796,ElasticNet,Peve
gene-Peve_00038389_199407,37,2,2,2,5-fold,-0.5077145937216191,0.304785040354321,-0.2611214154654367,0.31668958685443377,306.23938481145706,0.1,0,-0.2611214154654367,ElasticNet,Peve
gene-Peve_00035306_183837,37,2,2,2,5-fold,-0.26421465585237447,0.507507850927836,-0.2977009526344855,0.35154012563466475,5.45748264634892,0.9,2,-0.26421465585237447,RF,Peve
gene-Peve_00034244_178574,37,7,7,7,5-fold,-0.7819576165022365,0.4331648057583984,-0.33478993622682685,0.2893730770992852,52.99045088108339,0.99,1,-0.33478993622682685,ElasticNet,Peve
gene-Peve_00002247_12460,37,26,20,20,5-fold,-0.32872070502737094,0.2600226999539798,-0.13051679088127072,0.16479516905256952,536.1421204527423,0.1,3,-0.13051679088127072,ElasticNet,Peve
gene-Peve_00034810_181312,37,4,4,4,5-fold,-0.38918510880712187,0.303777677904177,-0.4855375288672126,0.5371664909660889,401.3787795680451,0.1,0,-0.38918510880712187,RF,Peve
gene-Peve_00004180_22317,37,45,35,35,5-fold,-0.125506715166836,0.3304560827201624,-2.888925184061317,4.674769079233932,677.3251045822066,0.1,0,-0.125506715166836,RF,Peve
gene-Peve_00024254_126469,37,29,19,19,5-fold,-0.36485253560688485,0.38911830021968136,-0.11563135973548595,0.14398269552106768,4.861320488699521,0.99,13,-0.11563135973548595,ElasticNet,Peve
gene-Peve_00044110_228984,37,3,2,2,5-fold,-0.7617977877723561,0.8499110271979184,-1.2880753709715098,1.5310494724319788,232.9396369478968,0.1,0,-0.7617977877723561,RF,Peve
gene-Peve_00026728_139204,37,4,4,4,5-fold,-0.6088947592229236,0.5827575182607222,-0.4369742379172374,0.6086118769155715,392.5770277634433,0.1,0,-0.4369742379172374,ElasticNet,Peve
gene-Peve_00029039_151960,37,6,5,5,5-fold,-0.07502082172611799,0.12769460957077639,0.09552002918737254,0.15942791970887915,5.496032174101234,0.99,5,0.09552002918737254,ElasticNet,Peve
gene-Peve_00023982_124862,37,5,5,5,5-fold,-0.4912395067846531,0.662330599220582,-0.4555142565687304,0.8108634979430309,414.16852582157895,0.1,0,-0.4555142565687304,ElasticNet,Peve
gene-Peve_00036770_191119,37,31,17,17,5-fold,-0.9323974451912468,1.387160539667622,-0.6326404941351864,0.7097072096518154,6.595716635129772,0.1,17,-0.6326404941351864,ElasticNet,Peve
gene-Peve_00001958_10941,37,7,7,7,5-fold,-0.07203975385868733,0.18474598979201093,-0.16354240546056437,0.2053000029238857,19.41536976030966,0.1,7,-0.07203975385868733,RF,Peve
gene-Peve_00029254_152691,37,3,3,3,5-fold,-1.1079756876738158,1.9865197750873649,-0.7344731127616998,1.3551174099704055,1.9058116625184998,0.1,3,-0.7344731127616998,ElasticNet,Peve
gene-Peve_00009474_49993,37,7,6,6,5-fold,-0.6510943763982195,0.5250572579222587,-0.4671394626430475,0.6090062773166776,2.029268156308844,0.99,3,-0.4671394626430475,ElasticNet,Peve
gene-Peve_00024725_129238,37,17,14,14,5-fold,-2.181264845771082,3.541323395451576,-3.334847191343652,5.59930013506299,1.4533387911061344,0.1,14,-2.181264845771082,RF,Peve
gene-Peve_00013894_73102,37,2,2,2,5-fold,-2.8372771444757836,4.60565662300629,-1.333558445912429,2.3509034205798733,0.9084645954140966,0.1,2,-1.333558445912429,ElasticNet,Peve
gene-Peve_00019286_101238,37,10,10,10,5-fold,-0.17197948878509703,0.15212964941473417,-0.060880896318423396,0.06680970344839722,621.1370378977167,0.1,0,-0.060880896318423396,ElasticNet,Peve
gene-Peve_00010144_53762,37,23,23,23,5-fold,-0.8490992168259153,1.1077367395903852,-0.5232662995061662,0.9472642555098222,599.6127478203089,0.1,0,-0.5232662995061662,ElasticNet,Peve
gene-Peve_00015769_83520,37,14,14,14,5-fold,-0.11551248899558023,0.18722588597079354,-0.14882983877873812,0.11509862178657704,5.483027903860361,0.1,14,-0.11551248899558023,RF,Peve
gene-Peve_00035892_186595,37,4,4,4,5-fold,-0.1631755081879585,0.13678891045960875,-0.14602122466657308,0.1670112706314598,374.11641042436196,0.1,0,-0.14602122466657308,ElasticNet,Peve
gene-Peve_00039247_204942,37,19,17,17,5-fold,-0.9178312523078549,0.8280415700919803,-0.7673416668791104,1.2585024836370324,9.508332409303831,0.99,8,-0.7673416668791104,ElasticNet,Peve
gene-Peve_00012273_63984,37,48,35,35,5-fold,-1.2327027045583425,1.9679818076636075,-1.319423332141953,2.4425623577799334,776.8862204880452,0.1,0,-1.2327027045583425,RF,Peve
gene-Peve_00013966_73596,37,15,14,14,5-fold,-0.6544309858392938,0.7411887331367781,-0.10232206237280081,0.1195808100579464,693.6740253671,0.1,0,-0.10232206237280081,ElasticNet,Peve
gene-Peve_00044958_233804,37,40,33,33,5-fold,-0.5109258151419898,0.5741742823946865,-0.6051777252515844,0.7382257653872198,5.329753002293591,0.1,32,-0.5109258151419898,RF,Peve
gene-Peve_00003781_20513,37,22,21,21,5-fold,-2.859957170195965,5.735115694228001,-0.3942635959400332,0.7871080435826678,44.728842998565895,0.99,2,-0.3942635959400332,ElasticNet,Peve
gene-Peve_00037021_192659,37,9,5,5,5-fold,-1484.8896090076773,2969.4234400604414,-1754.7293511113608,3509.35358365329,17.599295978367827,0.99,2,-1484.8896090076773,RF,Peve
gene-Peve_00032189_167384,37,6,5,5,5-fold,-1.920505122137606,3.8581421285132556,-2.337939310086225,4.323251283795334,193.1250819994578,0.1,0,-1.920505122137606,RF,Peve
gene-Peve_00043588_226410,37,4,4,4,5-fold,-0.5039638495701004,0.36545583650839814,-0.2042346614098169,0.24912556999154,326.08161655377836,0.1,0,-0.2042346614098169,ElasticNet,Peve
gene-Peve_00007205_38409,37,2,2,2,5-fold,-3985.4551514187515,7879.316760051406,-2837.1675517687554,5610.925336747515,10.58313552779434,0.1,2,-2837.1675517687554,ElasticNet,Peve
gene-Peve_00044965_233917,37,19,17,17,5-fold,-0.3888764176525146,0.41315603905321596,-0.38613089520556654,0.23545165923158393,133.20696251233636,0.5,1,-0.38613089520556654,ElasticNet,Peve
gene-Peve_00043506_225864,37,2,2,2,5-fold,-0.5465310297491811,0.8377663659550666,-0.5708838893042885,0.43942844150504334,312.2492027990296,0.1,0,-0.5465310297491811,RF,Peve
gene-Peve_00034331_179010,37,7,5,5,5-fold,-1.2685742269689313,2.5074428318354323,-0.9188558016644078,1.338609365985922,292.24781228228846,0.1,0,-0.9188558016644078,ElasticNet,Peve
gene-Peve_00022898_119260,37,15,14,14,5-fold,-203.12163944626735,405.3708176073354,-92.03749134294148,183.66517829485488,13.00002135141441,0.1,14,-92.03749134294148,ElasticNet,Peve
gene-Peve_00009794_51820,37,7,7,7,5-fold,-0.2662622471332252,0.7435011668053385,-0.24591309531359826,0.626908229518288,0.94779996765685,0.5,7,-0.24591309531359826,ElasticNet,Peve
gene-Peve_00036998_192555,37,13,11,11,5-fold,-0.2115166864675721,0.39775270965379467,-1.3703311874747746,2.59618963467851,783.0614934215428,0.1,0,-0.2115166864675721,RF,Peve
gene-Peve_00027454_143399,37,16,16,16,5-fold,-0.9777753607559212,1.8118974311553626,-0.4003946115386968,0.6853524735901423,32.490356923705214,0.99,1,-0.4003946115386968,ElasticNet,Peve
gene-Peve_00018524_96969,37,2,2,2,5-fold,-0.920618375662694,1.4915900469839298,-0.6059653448823985,0.935355464204251,390.8689716360597,0.1,0,-0.6059653448823985,ElasticNet,Peve
gene-Peve_00019609_103178,37,18,12,12,5-fold,-0.09661127384166615,0.15476283254008105,-0.11633308238833147,0.06606078326151353,319.0968007090768,0.1,0,-0.09661127384166615,RF,Peve
gene-Peve_00013834_72820,37,56,40,40,5-fold,-0.20428346058460808,0.4112278681366944,-0.527979889558316,0.5620875051115679,32.435184370967434,0.99,12,-0.20428346058460808,RF,Peve
gene-Peve_00011910_62520,37,4,4,4,5-fold,-0.541752964300732,0.3031817775276318,-0.48045873652949994,0.3297668884131888,1.1609854751343625,0.1,4,-0.48045873652949994,ElasticNet,Peve
gene-Peve_00037219_193487,37,6,6,6,5-fold,-0.4749430118822625,0.44818039892559913,-0.22855063216659738,0.20302963559418208,484.75297294735896,0.1,0,-0.22855063216659738,ElasticNet,Peve
gene-Peve_00042468_220848,37,5,5,5,5-fold,-0.32781198581274074,0.46432131699075657,-0.061265437744146924,0.0668156265970129,477.53462208150967,0.1,0,-0.061265437744146924,ElasticNet,Peve
gene-Peve_00021920_114663,37,3,3,3,5-fold,-0.2749663513473723,0.20888362793081786,-0.18008273979597994,0.18766002027820958,115.31937584136139,0.1,0,-0.18008273979597994,ElasticNet,Peve
gene-Peve_00041449_216220,37,4,2,2,5-fold,-0.6253527515269395,1.086087422776897,-0.5085591250738535,0.9319168213276179,37.78257560315895,0.99,1,-0.5085591250738535,ElasticNet,Peve
gene-Peve_00016197_85717,37,8,6,6,5-fold,-0.22311544105030362,0.4416864302875719,-0.34171630717218193,0.47088785217383,10.867898623054995,0.9,5,-0.22311544105030362,RF,Peve
gene-Peve_00012086_63183,37,5,5,5,5-fold,-0.3262485383307921,0.2964543508862895,-0.15930718307814656,0.09837840954208751,382.7686424980939,0.1,0,-0.15930718307814656,ElasticNet,Peve
gene-Peve_00026801_139615,37,12,12,12,5-fold,-1.0068274318325128,1.1859453499356298,-0.6174225637894407,0.7447167120502115,2.1863181251383312,0.1,12,-0.6174225637894407,ElasticNet,Peve
gene-Peve_00026728_139208,37,5,5,5,5-fold,-0.6815873490951575,0.6363244898320286,-0.17503783851048144,0.1857416397660856,524.9907671745069,0.1,0,-0.17503783851048144,ElasticNet,Peve
gene-Peve_00008789_46299,37,18,16,16,5-fold,-0.38198215786342393,0.2690138151540165,-0.20921637938790622,0.164394409973208,3.2515579649553406,0.1,16,-0.20921637938790622,ElasticNet,Peve
gene-Peve_00013391_70327,37,3,3,3,5-fold,-9.80251567449071,18.2688966465411,-14.24853341512802,27.44515940589936,0.049780135183530506,0.99,3,-9.80251567449071,RF,Peve
gene-Peve_00017806_93531,37,4,4,4,5-fold,-3.2144098038490845,5.9438426029586315,-2.7390077299322746,5.16202545427484,209.54395048742828,0.1,0,-2.7390077299322746,ElasticNet,Peve
gene-Peve_00016001_84653,37,14,14,14,5-fold,-2.6559077895242567,3.831487662672808,-1.6701496121022632,2.305056469129767,65.42200340468109,0.99,1,-1.6701496121022632,ElasticNet,Peve
gene-Peve_00037587_195673,37,9,9,9,5-fold,-0.27733391552404485,0.316961143979009,-0.09405015461672916,0.0764842828594716,425.85705096088753,0.1,0,-0.09405015461672916,ElasticNet,Peve
gene-Peve_00017586_92491,37,15,12,12,5-fold,-0.19455408716526867,0.1668850194043221,-0.10802563569663208,0.15126027485990604,3.144442925210374,0.99,9,-0.10802563569663208,ElasticNet,Peve
gene-Peve_00017997_94393,37,39,30,30,5-fold,-0.5191072654075151,0.9178625585545639,-0.6205730753813101,1.1696775806761424,7.1315458087795225,0.95,22,-0.5191072654075151,RF,Peve
gene-Peve_00010316_54778,37,24,17,17,5-fold,-0.17604063057417405,0.25932762878674365,-1.1990878902335576,1.9921073813737669,18.973958620239056,0.1,17,-0.17604063057417405,RF,Peve
gene-Peve_00001621_8911,37,12,12,12,5-fold,-0.6896707288383519,0.841902758467087,-0.5800201085448446,0.834010483923639,703.9364833287952,0.1,0,-0.5800201085448446,ElasticNet,Peve
gene-Peve_00006454_34119,37,32,30,30,5-fold,-0.34221816458763876,0.15855076135218066,-0.07743118395064319,0.07383712094131822,679.0533639914819,0.1,0,-0.07743118395064319,ElasticNet,Peve
gene-Peve_00003523_18929,37,5,4,4,5-fold,-1.0669492065668797,1.8324348431413255,-0.6870275313195443,1.054358401490103,0.344042587979297,0.5,4,-0.6870275313195443,ElasticNet,Peve
gene-Peve_00029447_153911,37,3,3,3,5-fold,-0.4167602036442933,0.3004809922215776,-0.17590524005117128,0.1559423810268532,1.7399131072718743,0.1,3,-0.17590524005117128,ElasticNet,Peve
gene-Peve_00028811_150688,37,3,3,3,5-fold,-1.1520959385631209,1.8062739288161553,-0.8135334697708307,0.8080826886196357,1.0115654365060798,0.1,3,-0.8135334697708307,ElasticNet,Peve
gene-Peve_00036103_187542,37,15,15,15,5-fold,-0.32582394673012116,0.28047522686588194,-0.11912219138513165,0.09735520366821919,571.5748781636937,0.1,0,-0.11912219138513165,ElasticNet,Peve
gene-Peve_00010452_55587,37,2,2,2,5-fold,-1.20445792918951,1.2688231043839016,-1.301660391021851,1.2047529010039357,423.04810763312884,0.1,0,-1.20445792918951,RF,Peve
gene-Peve_00020690_108606,37,4,4,4,5-fold,-0.5262897426387821,0.38648284856054593,-0.4851385707942299,0.6903812538615279,411.2511966710246,0.1,0,-0.4851385707942299,ElasticNet,Peve
gene-Peve_00007262_38623,37,2,2,2,5-fold,-2.040010342727835,2.6256624944707583,-1.6448071675541798,2.088053631246166,9.266211622618671,0.99,1,-1.6448071675541798,ElasticNet,Peve
gene-Peve_00039132_204159,37,37,30,30,5-fold,-2.1312630065406646,2.1212504827455247,-0.9580747802789414,0.8919025858107786,67.89468626134597,0.99,1,-0.9580747802789414,ElasticNet,Peve
gene-Peve_00019609_103180,37,33,27,27,5-fold,-0.10841517081588478,0.19115634271958726,-0.0725121034627136,0.06086464808854301,646.1599518677116,0.1,0,-0.0725121034627136,ElasticNet,Peve
gene-Peve_00004912_26885,37,2,2,2,5-fold,-0.3933709492939993,0.9155937537292055,-0.17179243469272196,0.5152987961749276,9.878145248291377,0.99,1,-0.17179243469272196,ElasticNet,Peve
gene-Peve_00032062_166969,37,36,27,27,5-fold,-0.8785890735492969,1.3439181737193135,-1.7120706720018521,1.8350178608093446,54.330779390342286,0.7,6,-0.8785890735492969,RF,Peve
gene-Peve_00013687_71940,37,18,18,18,5-fold,-0.8071481325735226,0.2993987618087876,-0.21623400162802767,0.13667168585094303,524.5614722214106,0.1,0,-0.21623400162802767,ElasticNet,Peve
gene-Peve_00019504_102522,37,10,6,6,5-fold,-0.1971002878918084,0.10267444174675923,-0.10551807624369192,0.19590880951720635,2.474125903798572,0.99,5,-0.10551807624369192,ElasticNet,Peve
gene-Peve_00026471_137957,37,6,6,6,5-fold,-0.3767538075551521,0.28958888815675554,-0.25148506628917816,0.25738729957673745,356.60497265338114,0.1,0,-0.25148506628917816,ElasticNet,Peve
gene-Peve_00010479_55792,37,6,6,6,5-fold,-1.400763882922592,2.6558829387432876,-0.5162511567285754,0.8840283344746317,40.81075792487501,0.5,2,-0.5162511567285754,ElasticNet,Peve
gene-Peve_00002520_14266,37,23,13,13,5-fold,-0.9283029791986953,1.2372179489793835,-1.4331209182930114,1.3555516453014351,13.96551307041845,0.9,6,-0.9283029791986953,RF,Peve
gene-Peve_00038990_203223,37,11,11,11,5-fold,-8284.677289182535,16550.48987049169,-6210.46186431278,12417.982505203978,465.5328840431417,0.1,0,-6210.46186431278,ElasticNet,Peve
gene-Peve_00031640_164681,37,6,6,6,5-fold,-0.22830847459492792,0.18926722678862176,-0.1998819090195325,0.33575612609409555,647.6972541029216,0.1,0,-0.1998819090195325,ElasticNet,Peve
gene-Peve_00031660_164777,37,3,3,3,5-fold,-0.4600047510504073,0.7062636471044296,-0.7126759666415247,1.0649117699491666,3.787298134112986,0.7,3,-0.4600047510504073,RF,Peve
gene-Peve_00009253_48930,37,19,11,11,5-fold,-0.4153490964918173,0.2664347028840182,-0.08733794412690403,0.11414452123564912,328.30800040955893,0.1,0,-0.08733794412690403,ElasticNet,Peve
gene-Peve_00020858_109360,37,53,51,51,5-fold,-0.14633910040914383,0.12744522198493033,-0.11122834701155213,0.06181052400735322,790.8705503307168,0.1,0,-0.11122834701155213,ElasticNet,Peve
gene-Peve_00020761_108857,37,3,3,3,5-fold,-1.9925961522161408,2.5486765524614925,-1.2809165300049103,1.519245493413003,5.475224992126374,0.9,3,-1.2809165300049103,ElasticNet,Peve
gene-Peve_00004758_25607,37,4,4,4,5-fold,-1.1861202966338247,1.093363820693693,-0.7763899556818473,1.1673721105658785,430.203316405235,0.1,0,-0.7763899556818473,ElasticNet,Peve
gene-Peve_00009865_52062,37,19,16,16,5-fold,-0.45931535116808864,0.56100132063175,-0.5707111392804847,0.6103601196152576,54.08628215374222,0.99,1,-0.45931535116808864,RF,Peve
gene-Peve_00030033_156843,37,3,2,2,5-fold,-0.16380035994650163,0.23309689477859302,-0.11978243919730361,0.16760522445364737,322.6387742286698,0.1,0,-0.11978243919730361,ElasticNet,Peve
gene-Peve_00026090_136075,37,9,8,8,5-fold,-0.28327694493171107,0.16316685001578948,-0.18671774934564195,0.16810388575892887,1119.7699277618112,0.1,0,-0.18671774934564195,ElasticNet,Peve
gene-Peve_00029449_153928,37,9,9,9,5-fold,-0.060887020063962426,0.21353710677492424,-0.3331574823578694,0.48044646946374253,56.628905597331425,0.99,1,-0.060887020063962426,RF,Peve
gene-Peve_00023350_121570,37,9,4,4,5-fold,-0.25926620785551135,0.2590309317825681,-0.06748184445292256,0.06690841540318593,580.3548659795299,0.1,0,-0.06748184445292256,ElasticNet,Peve
gene-Peve_00044086_229043,37,4,4,4,5-fold,-1.2086417307310429,2.0449405261230322,-0.4473602729217275,0.7777044250988102,381.13710769009475,0.1,0,-0.4473602729217275,ElasticNet,Peve
gene-Peve_00039916_208303,37,12,10,10,5-fold,-3671.0247414540936,4673.4537975737685,-1926.1407698039868,2375.435970182156,211.3959002666905,0.1,0,-1926.1407698039868,ElasticNet,Peve
gene-Peve_00017775_93367,37,28,28,28,5-fold,-0.7735868444499522,0.8037645267612324,-0.5153660446599991,0.5845109183164805,20.49962543454605,0.9,16,-0.5153660446599991,ElasticNet,Peve
gene-Peve_00017540_92366,37,7,7,7,5-fold,-0.5447639294851193,0.7783245520028269,-0.19172178097630557,0.21318327589590028,474.4364450371259,0.1,1,-0.19172178097630557,ElasticNet,Peve
gene-Peve_00029771_155768,37,5,5,5,5-fold,-0.13316959834805153,0.5241854697068612,-0.15779539640765566,0.18383098775391393,291.2817279628866,0.1,0,-0.13316959834805153,RF,Peve
gene-Peve_00020185_105821,37,18,10,10,5-fold,-0.48342457898853447,0.8092181124862018,-0.1818779614467564,0.2516294478679223,15.713355519568244,0.99,5,-0.1818779614467564,ElasticNet,Peve
gene-Peve_00004294_22902,37,16,13,13,5-fold,-0.33299011354444386,0.39068403713621125,-2.4331450715397853,3.285041693390354,539.7051504267067,0.1,0,-0.33299011354444386,RF,Peve
gene-Peve_00036439_189345,37,7,2,2,5-fold,-0.09707289180936207,0.12451396604306292,-0.07863902781989393,0.11527273348581821,2.7478085640181704,0.99,2,-0.07863902781989393,ElasticNet,Peve
gene-Peve_00009751_51632,37,12,8,8,5-fold,-2.791039376237303,2.793562992183326,-1.1105665174995678,1.11554224398916,198.50269302708102,0.1,0,-1.1105665174995678,ElasticNet,Peve
gene-Peve_00016490_87194,37,7,3,3,5-fold,-0.7838057419779536,1.2213144146967898,-0.8456046961548103,1.5509258392109442,212.58685174104613,0.1,0,-0.7838057419779536,RF,Peve
gene-Peve_00010480_55801,37,5,5,5,5-fold,-0.4208165870515733,0.39587500652341495,-0.46341282775020404,0.6465427723006193,0.9588271296620158,0.5,5,-0.4208165870515733,RF,Peve
gene-Peve_00012434_65131,37,4,3,3,5-fold,-2.988279742806385,3.383184569691098,-2.291945522362699,3.124402728061939,225.24498018466855,0.1,0,-2.291945522362699,ElasticNet,Peve
gene-Peve_00040871_213263,37,9,3,3,5-fold,-0.14016738954437882,0.1408756350432279,-0.10762506612700991,0.061789938681411485,10.391138326007715,0.99,1,-0.10762506612700991,ElasticNet,Peve
gene-Peve_00012407_65063,37,5,5,5,5-fold,-2.6450353776318356,3.5246691731180215,-2.39565825406057,4.1829357519645285,3.017649857594215,0.99,5,-2.39565825406057,ElasticNet,Peve
gene-Peve_00043801_227634,37,5,4,4,5-fold,-0.5570434946119327,0.5756724691172059,-0.3580810117388404,0.353016772734993,0.2329565130484595,0.5,4,-0.3580810117388404,ElasticNet,Peve
gene-Peve_00005581_30004,37,10,7,7,5-fold,-0.2543889275747758,0.38416836111669506,-0.3667909457607616,0.6756840136621448,518.6763865429726,0.1,0,-0.2543889275747758,RF,Peve
gene-Peve_00037339_194303,37,6,6,6,5-fold,-0.1030552776890065,0.3262496489159103,-0.8536629988692457,1.422981014338433,11.013422189167352,0.99,4,-0.1030552776890065,RF,Peve
gene-Peve_00042228_219891,37,13,11,11,5-fold,-0.7974721794071569,0.7841374361523895,-0.15872054259454282,0.12777939224668053,59.19136688892225,0.99,1,-0.15872054259454282,ElasticNet,Peve
gene-Peve_00024001_124811,37,6,6,6,5-fold,-0.516859675954656,0.7969131760722363,-11.250649271532437,21.517136075391598,0.3153654474583461,0.5,6,-0.516859675954656,RF,Peve
gene-Peve_00002279_12588,37,20,13,13,5-fold,-1.1019013256907562,1.4016066708200725,-0.7163175159095404,1.3389674696288638,180.22579577836842,0.1,0,-0.7163175159095404,ElasticNet,Peve
gene-Peve_00036830_191477,37,26,21,21,5-fold,-1.2271376047601787,1.9647065183556576,-0.7082109409625852,1.298399999554015,450.7669027831495,0.1,0,-0.7082109409625852,ElasticNet,Peve
gene-Peve_00037679_196014,37,21,21,21,5-fold,-0.29147545742336156,0.22224122424855686,-0.14389177302051195,0.19537860334047968,35.60538731157187,0.99,6,-0.14389177302051195,ElasticNet,Peve
gene-Peve_00042169_219697,37,3,3,3,5-fold,-1.1839355180053404,1.4812497569916954,-0.7319842101080065,1.0570650361571166,223.790230976099,0.1,0,-0.7319842101080065,ElasticNet,Peve
gene-Peve_00043397_225426,37,18,13,13,5-fold,0.0980529899378455,0.1772521058769886,-0.2541936718419644,0.2709888015992567,3.432533644878434,0.1,13,0.0980529899378455,RF,Peve
gene-Peve_00010263_54507,37,4,4,4,5-fold,-0.21630326308715137,0.184785510600519,-0.10890226255258492,0.10304644793448207,555.8779863429362,0.1,0,-0.10890226255258492,ElasticNet,Peve
gene-Peve_00013755_72553,37,11,4,4,5-fold,-2.822174353668613,4.459236736491118,-7.365599376644977,11.27407330158215,8.988782857952124,0.99,2,-2.822174353668613,RF,Peve
gene-Peve_00014832_78056,37,10,6,6,5-fold,-0.9438736512716052,0.9238392608712637,-0.7677898971400667,0.9132194000376096,418.83367226339976,0.1,0,-0.7677898971400667,ElasticNet,Peve
gene-Peve_00004772_25697,37,44,35,35,5-fold,-0.6079899054436672,1.2488342862759225,-0.06088703177397521,0.07471182075285662,58.749725088550754,0.99,1,-0.06088703177397521,ElasticNet,Peve
gene-Peve_00023800_123728,37,8,8,8,5-fold,-29.72875469132839,58.800212118577704,-13.548777880197417,26.965551208941307,867.5344568152767,0.1,0,-13.548777880197417,ElasticNet,Peve
gene-Peve_00000012_326,37,16,14,14,5-fold,-0.6467906859627413,0.5241143255930845,-0.5528650725823192,0.4784029482876641,698.1529805132856,0.1,0,-0.5528650725823192,ElasticNet,Peve
gene-Peve_00007263_38656,37,3,3,3,5-fold,-0.4311778317790168,0.5357697785296541,-0.1584447963216661,0.10166120380871928,2.995134842216904,0.1,3,-0.1584447963216661,ElasticNet,Peve
gene-Peve_00030151_157485,37,11,6,6,5-fold,-40.76699547603159,80.43520362965705,-25.854826246839377,51.32527870913332,1442.2820462861973,0.1,0,-25.854826246839377,ElasticNet,Peve
gene-Peve_00040767_212688,37,7,7,7,5-fold,-0.655949729781223,0.6996777626332431,-0.1738973112210312,0.22575345137028574,369.8060530666264,0.1,0,-0.1738973112210312,ElasticNet,Peve
gene-Peve_00015410_81210,37,74,57,57,5-fold,-0.244176705832776,0.21659980702083248,-0.6505734150986205,0.7085729484238666,842.1002378297209,0.1,0,-0.244176705832776,RF,Peve
gene-Peve_00041037_214534,37,10,5,5,5-fold,-0.5999971706957934,0.42323285031229924,-0.33305320863916515,0.15002927693311596,0.22215983705642847,0.5,5,-0.33305320863916515,ElasticNet,Peve
gene-Peve_00031458_163417,37,14,9,9,5-fold,-92.7551156058681,182.491483391968,-39.30997007733629,76.5902264491554,68.93714347174196,0.5,1,-39.30997007733629,ElasticNet,Peve
gene-Peve_00001436_7775,37,2,2,2,5-fold,-14.41149303555309,28.64494719424083,-11.333939776932656,14.014291144627629,188.26506485201824,0.1,0,-11.333939776932656,ElasticNet,Peve
gene-Peve_00037339_194304,37,3,2,2,5-fold,-0.44186897935344743,0.9527752544319308,-0.18444960550303374,0.2051532655708564,284.1227971669769,0.1,0,-0.18444960550303374,ElasticNet,Peve
gene-Peve_00023982_124860,37,4,4,4,5-fold,-1.0744961808998181,1.5968540984433541,-0.5601151979729921,0.866345066845797,342.44024373541424,0.1,0,-0.5601151979729921,ElasticNet,Peve
gene-Peve_00007262_38620,37,10,10,10,5-fold,-1.2065515400124482,1.2888318509334415,-1.2447744776809322,1.5132582868817532,29.89994038491607,0.99,2,-1.2065515400124482,RF,Peve
gene-Peve_00026295_137069,37,10,10,10,5-fold,-0.5460439897238991,0.5229589525957301,-0.34427913824609135,0.22003517792468327,522.3325289663042,0.1,1,-0.34427913824609135,ElasticNet,Peve
gene-Peve_00041704_217704,37,62,50,50,5-fold,-4.074410433060971,4.85154575127377,-2.357179399389774,3.9277410279503226,57.95849572657224,0.95,3,-2.357179399389774,ElasticNet,Peve
gene-Peve_00016777_88502,37,16,15,15,5-fold,0.02970341868027,0.21053969778714662,-0.24282966905601772,0.40710743540747163,744.8748218058114,0.1,0,0.02970341868027,RF,Peve
gene-Peve_00020212_105989,37,13,9,9,5-fold,-0.1981445517170683,0.15924028730527884,-0.09239732881281904,0.08468385715556194,6.323657252616272,0.1,9,-0.09239732881281904,ElasticNet,Peve
gene-Peve_00016678_88031,37,25,21,21,5-fold,-0.05400076392065252,0.10210584282165076,-0.03434318821867492,0.043412808904875026,522.7096933806095,0.1,0,-0.03434318821867492,ElasticNet,Peve
gene-Peve_00014425_75855,37,5,5,5,5-fold,-3.4187742790538502,6.377990075357363,-3.2396991381127607,5.87669001051562,4.849684858071367,0.99,4,-3.2396991381127607,ElasticNet,Peve
gene-Peve_00016555_87381,37,2,2,2,5-fold,-0.035594307193338316,0.1350240995939498,-0.152616137343938,0.14593608395366414,376.77575897353154,0.1,0,-0.035594307193338316,RF,Peve
gene-Peve_00041564_216821,37,3,3,3,5-fold,-3.8436042719383456,6.874679058779886,-5.329149897667884,9.578677575582962,0.49171179610909865,0.1,3,-3.8436042719383456,RF,Peve
gene-Peve_00014186_74673,37,22,21,21,5-fold,-0.25774828284769497,0.5206200674803654,-0.5443870283828414,0.7715953082629706,78.93389963441965,0.99,0,-0.25774828284769497,RF,Peve
gene-Peve_00025816_134694,37,5,5,5,5-fold,-2.5673523064679373,4.949702748663582,-2.1845468024358876,4.181528941119624,38.148650733971046,0.99,1,-2.1845468024358876,ElasticNet,Peve
gene-Peve_00018839_98679,37,6,6,6,5-fold,-0.13371638980230455,0.11386954366004573,-0.041575296403087325,0.048226076571605526,75.14151264982239,0.95,1,-0.041575296403087325,ElasticNet,Peve
gene-Peve_00032985_171419,37,26,20,20,5-fold,-897.6538916176708,1791.513639035953,-225.19161825170144,447.56795199504796,3.729530592069426,0.1,20,-225.19161825170144,ElasticNet,Peve
gene-Peve_00041060_214312,37,2,2,2,5-fold,-2.11441578624786,3.7535146530076933,-1.8447779757067604,3.5430414887487816,252.15393253490123,0.1,0,-1.8447779757067604,ElasticNet,Peve
gene-Peve_00007877_42032,37,47,39,39,5-fold,-0.7158097857638716,0.9948578965738673,-0.43206603876602634,0.8346436421373403,34.70702739328246,0.99,4,-0.43206603876602634,ElasticNet,Peve
gene-Peve_00006856_36525,37,9,9,9,5-fold,-0.35956116466050203,0.42420902853012166,-0.35913699462732657,0.6439002199686881,387.752470685268,0.1,0,-0.35913699462732657,ElasticNet,Peve
gene-Peve_00007601_40488,37,35,31,31,5-fold,-0.3250695274377788,0.4505792205805278,-0.3398990594505949,0.2710052771995718,606.9101184622742,0.1,0,-0.3250695274377788,RF,Peve
gene-Peve_00017245_90803,37,7,7,7,5-fold,-0.4857178887424932,0.4821281127214896,-0.2787204142548008,0.3496463928011904,15.391390767640376,0.1,6,-0.2787204142548008,ElasticNet,Peve
gene-Peve_00037743_196386,37,13,13,13,5-fold,0.10116456645787653,0.20189130811180425,-0.0632831327010452,0.034280421701192214,735.6400882444694,0.1,0,0.10116456645787653,RF,Peve
gene-Peve_00020334_106611,37,3,3,3,5-fold,-1.2829007444547837,1.6962969475051572,-0.4811588812703341,0.5203567783552367,17.60665223316681,0.1,3,-0.4811588812703341,ElasticNet,Peve
gene-Peve_00020429_107076,37,10,10,10,5-fold,-7.8077122719301055,8.8507592368789,-2.1476075956169427,2.780947775570232,79.13651310430237,0.95,0,-2.1476075956169427,ElasticNet,Peve
gene-Peve_00031571_164169,37,6,6,6,5-fold,-1.1938131585789482,2.1253492658401445,-0.5237927461428148,0.7375294791699126,619.6555180401696,0.1,0,-0.5237927461428148,ElasticNet,Peve
gene-Peve_00001961_10979,37,6,2,2,5-fold,-0.3176598572384822,0.33693721863536086,-0.21603497663442467,0.18759943200957055,6.290008605325947,0.1,2,-0.21603497663442467,ElasticNet,Peve
gene-Peve_00004912_26888,37,3,3,3,5-fold,-1.2869425234658425,1.7746532857965611,-0.4713951130050093,0.7467105582351569,473.1247004957387,0.1,0,-0.4713951130050093,ElasticNet,Peve
gene-Peve_00011623_61162,37,3,3,3,5-fold,-0.49952503916916646,0.39249716730412687,-0.2536236720010211,0.3509665901700047,120.46038767606063,0.1,0,-0.2536236720010211,ElasticNet,Peve
gene-Peve_00016916_89089,37,7,3,3,5-fold,-1.5715540551960268,2.4696104592090706,-2.1885882824638925,4.207174092978738,0.4004508779394604,0.1,3,-1.5715540551960268,RF,Peve
gene-Peve_00036960_192317,37,10,10,10,5-fold,-0.3142316413669637,0.5433150767812097,-0.242959851975942,0.2546109512886764,9.977615517745704,0.7,9,-0.242959851975942,ElasticNet,Peve
gene-Peve_00042439_220659,37,3,3,3,5-fold,-0.13066378351806282,0.3790017793244042,-0.4085596599111879,0.6667099955240006,0.11283330669912026,0.99,3,-0.13066378351806282,RF,Peve
gene-Peve_00029908_156399,37,6,6,6,5-fold,-0.3400848720661213,0.1750698322384332,-0.12069838711355155,0.12310492099902132,352.4179269955239,0.1,0,-0.12069838711355155,ElasticNet,Peve
gene-Peve_00004359_23406,37,5,3,3,5-fold,-0.2445360029218922,0.34595190422500693,-0.30524494068064445,0.4388707235582303,2.1140181236835742,0.1,3,-0.2445360029218922,RF,Peve
gene-Peve_00014999_79037,37,3,3,3,5-fold,-1.5774073990907476,2.086589503638801,-1.0438780292540621,1.3669408841781792,326.1707568746498,0.1,1,-1.0438780292540621,ElasticNet,Peve
gene-Peve_00025081_130992,37,4,3,3,5-fold,-0.27886434784438185,0.23878889927724498,-0.33565475382184423,0.3767351056497193,909.104643630893,0.1,0,-0.27886434784438185,RF,Peve
gene-Peve_00014226_74792,37,8,8,8,5-fold,-1.1604438545129898,1.9941135956014826,-1.085834467172188,2.009316540414682,476.78926162404275,0.1,0,-1.085834467172188,ElasticNet,Peve
gene-Peve_00027048_140952,37,8,8,8,5-fold,-0.2192629209486608,0.33019801113276676,-0.8997599653356817,0.9224609485751581,644.5426712959442,0.1,0,-0.2192629209486608,RF,Peve
gene-Peve_00017828_93611,37,8,6,6,5-fold,-1.8679737891785961,3.2980354024302803,-1.5226825054011568,2.707931192614021,11.52421121044363,0.99,2,-1.5226825054011568,ElasticNet,Peve
gene-Peve_00018798_98379,37,2,2,2,5-fold,0.12374549585355858,0.2413850452346375,-0.08187260647663366,0.07906628784547103,376.9069908762596,0.1,0,0.12374549585355858,RF,Peve
gene-Peve_00016835_88799,37,58,50,50,5-fold,-0.43666822197869715,0.17953978942719145,-0.16850213003940998,0.18884834822959073,6.188188768075639,0.1,48,-0.16850213003940998,ElasticNet,Peve
gene-Peve_00026728_139207,37,2,2,2,5-fold,-0.5106711926487147,0.45682848646537755,-0.13867735141344723,0.13264921579687272,87.42752685157484,0.1,0,-0.13867735141344723,ElasticNet,Peve
gene-Peve_00002400_13452,37,16,16,16,5-fold,-1.4191055296809243,2.2304910697053786,-0.7343234818973073,0.849353015527125,29.358071216299688,0.1,16,-0.7343234818973073,ElasticNet,Peve
gene-Peve_00021504_112312,37,21,19,19,5-fold,-0.40604228212180615,0.281654616509305,-0.06689991811526955,0.06771731541830575,9.858768477647038,0.99,8,-0.06689991811526955,ElasticNet,Peve
gene-Peve_00004912_26882,37,2,2,2,5-fold,-0.4882657148210413,0.4917977020752227,-0.29402477299676555,0.3474621697283718,424.40654666487876,0.1,0,-0.29402477299676555,ElasticNet,Peve
gene-Peve_00031822_165760,37,4,4,4,5-fold,-1.9712425823494422,2.8794440867411915,-1.124564572726149,1.714279222404126,445.10396220958614,0.1,0,-1.124564572726149,ElasticNet,Peve
gene-Peve_00037180_193287,37,3,2,2,5-fold,-0.36048326529939945,0.27428311632042474,-0.25173000057734335,0.24566699020944685,0.16021231929606763,0.99,2,-0.25173000057734335,ElasticNet,Peve
gene-Peve_00024024_125230,37,26,18,18,5-fold,-0.21660214562721997,0.15059506649632246,-0.1304800419292417,0.09159116407853937,43.776965979790724,0.99,3,-0.1304800419292417,ElasticNet,Peve
gene-Peve_00016046_84995,37,15,14,14,5-fold,-0.4397794350622554,0.2590138800915624,-0.13559202637120368,0.1796453731583948,64.23090075570916,0.1,12,-0.13559202637120368,ElasticNet,Peve
gene-Peve_00034272_178726,37,9,9,9,5-fold,-0.6616244711746265,0.5913670808928906,-0.5214259797477826,0.6066817984233177,66.76023751255525,0.7,2,-0.5214259797477826,ElasticNet,Peve
gene-Peve_00014648_77183,37,9,7,7,5-fold,-343.6127639277786,686.3318177908882,-125.16085703499493,249.38716449780813,2.7703659061761354,0.1,7,-125.16085703499493,ElasticNet,Peve
gene-Peve_00008749_46752,37,8,7,7,5-fold,-0.40075163699639693,0.4618155473131548,-0.08370144414989852,0.06857812023602766,676.7320119934922,0.1,0,-0.08370144414989852,ElasticNet,Peve
gene-Peve_00037786_196645,37,65,53,53,5-fold,-0.010657394267857657,0.346362449574484,-0.18109846992923848,0.22352284555069263,17.890283816511392,0.7,39,-0.010657394267857657,RF,Peve
gene-Peve_00031660_164773,37,14,14,14,5-fold,-1.8051992607589753,2.604235423965431,-0.8613346868905024,1.3993524383912066,16.80987819531863,0.1,12,-0.8613346868905024,ElasticNet,Peve
gene-Peve_00018524_96970,37,28,20,20,5-fold,-1.14170914017466,0.8913782327890719,-1.3620671586946065,1.6953676087751672,0.6892802654548101,0.5,20,-1.14170914017466,RF,Peve
gene-Peve_00004365_23431,37,4,4,4,5-fold,-0.7039158534242118,0.595035106708167,-0.34314594906293816,0.37886666007367775,244.36791970342628,0.1,0,-0.34314594906293816,ElasticNet,Peve
gene-Peve_00001826_9591,37,5,2,2,5-fold,-0.45533039643614837,0.7138651352735118,-3.023875535807664,4.712250418176591,223.3188179539446,0.1,0,-0.45533039643614837,RF,Peve
gene-Peve_00023985_124921,37,7,6,6,5-fold,-0.5591462889264947,0.7002320746822863,-0.46804265817245705,0.7610284767299276,5.780423542999692,0.99,5,-0.46804265817245705,ElasticNet,Peve
gene-Peve_00015392_81162,37,15,12,12,5-fold,-0.2147678955740182,0.34816845833952126,-0.13638566401904356,0.10595408850101481,536.2192472124449,0.1,0,-0.13638566401904356,ElasticNet,Peve
gene-Peve_00002271_12753,37,8,8,8,5-fold,-0.4782816609010963,0.11825256886990021,-0.1530045661881126,0.10724550440893929,577.3284386951036,0.1,0,-0.1530045661881126,ElasticNet,Peve
gene-Peve_00027749_144909,37,13,11,11,5-fold,-1.256262981400887,1.6998195223832158,-1.3924416255094276,2.5024971801368125,3.1552408023166096,0.1,11,-1.256262981400887,RF,Peve
gene-Peve_00032182_167366,37,19,11,11,5-fold,-2.015243913162832,1.8753654236033164,-5.585381543574719,9.245699702418056,1.290526240506001,0.5,11,-2.015243913162832,RF,Peve
gene-Peve_00007508_39751,37,31,22,22,5-fold,-2.8189822402492326,5.183150941024032,-0.5584737559633751,1.0555908435853814,0.6487309490941449,0.5,22,-0.5584737559633751,ElasticNet,Peve
gene-Peve_00008968_47467,37,14,8,8,5-fold,-0.42301392889880607,0.518519981127395,-0.07878280300023432,0.10670110611535683,2.834257089110343,0.1,8,-0.07878280300023432,ElasticNet,Peve
gene-Peve_00037191_193386,37,3,3,3,5-fold,-0.10073134634725353,0.2067399816964759,-0.029241797223049648,0.027073564785178587,49.132561376275596,0.99,2,-0.029241797223049648,ElasticNet,Peve
gene-Peve_00028146_147153,37,22,21,21,5-fold,-0.5324849582337551,0.7050263200907131,-0.5258954843059866,0.5563292523517209,1.6181438828217785,0.1,21,-0.5258954843059866,ElasticNet,Peve
gene-Peve_00010154_53930,37,9,7,7,5-fold,-0.34820930705628533,0.3648641448158041,-0.2854971700020189,0.31127513478086427,1.3659517870384128,0.5,6,-0.2854971700020189,ElasticNet,Peve
gene-Peve_00004912_26884,37,6,6,6,5-fold,-0.557207054536524,0.7196243842701178,-0.424208778461148,0.48247619506250305,512.5948620815893,0.1,0,-0.424208778461148,ElasticNet,Peve
gene-Peve_00007681_40835,37,18,18,18,5-fold,-0.9068851877358822,0.6884271626227658,-0.3306864061686308,0.17087738904585156,460.56236489979216,0.1,0,-0.3306864061686308,ElasticNet,Peve
gene-Peve_00033746_175966,37,3,3,3,5-fold,-3.3111291334248145,5.963773374809789,-1.8250782996099162,2.9796163031313885,522.3908667630573,0.1,0,-1.8250782996099162,ElasticNet,Peve
gene-Peve_00040419_210718,37,3,2,2,5-fold,-1.1375619794833682,1.612736339782821,-1.0056101044389743,1.6398418066180764,10.63204831449769,0.99,1,-1.0056101044389743,ElasticNet,Peve
gene-Peve_00000992_5393,37,68,36,36,5-fold,-0.001028412407666024,0.22136825711223643,-0.19078329504906058,0.09959981836554073,77.2728970479845,0.99,2,-0.001028412407666024,RF,Peve
gene-Peve_00003645_19781,37,4,4,4,5-fold,-809.1276096509093,1424.2391697813832,-442.896758526284,817.7354569734849,3.3491497486583053,0.1,4,-442.896758526284,ElasticNet,Peve
gene-Peve_00005778_30889,37,3,3,3,5-fold,-0.12760906392178853,0.06677946092135485,-0.19487965534874943,0.1040550095188455,273.3401976003256,0.1,0,-0.12760906392178853,RF,Peve
gene-Peve_00044933_233558,37,3,3,3,5-fold,-0.7776830045506818,1.5990349552034973,-0.5254448822455611,0.8704896042010387,79.6974412506452,0.1,2,-0.5254448822455611,ElasticNet,Peve
gene-Peve_00015329_80865,37,6,5,5,5-fold,-35.20240797014103,66.95867877968195,-19.098028682346786,36.60535521905575,232.06044590831664,0.1,0,-19.098028682346786,ElasticNet,Peve
gene-Peve_00018493_96826,37,20,19,19,5-fold,-0.7740316858303536,1.3104947573493528,-1.3089456417450478,2.010977058910757,2.5281929284709883,0.7,17,-0.7740316858303536,RF,Peve
gene-Peve_00002880_15697,37,7,7,7,5-fold,-1.109127060920688,1.7011286244559451,-0.8800853814343871,1.6195410751992454,305.90544956131725,0.1,0,-0.8800853814343871,ElasticNet,Peve
gene-Peve_00016835_88801,37,50,44,44,5-fold,-0.36336380406511504,0.23621080689401602,-0.21857447542768282,0.28493424701726516,14.340476114758557,0.1,41,-0.21857447542768282,ElasticNet,Peve
gene-Peve_00027398_143127,37,5,5,5,5-fold,-0.9696770474388681,1.6823282349050013,-0.6733819154152398,1.2869466482092347,1.09152556682186,0.1,5,-0.6733819154152398,ElasticNet,Peve
gene-Peve_00015558_82045,37,53,39,39,5-fold,-0.5171051554858834,0.40325800887088054,-0.14112018153874833,0.532295887134943,34.22710499062167,0.99,7,-0.14112018153874833,ElasticNet,Peve
gene-Peve_00022442_117259,37,16,8,8,5-fold,-1.0978195627552698,1.3124682351570376,-0.4326923337226189,0.6237790040976258,30.49121633200878,0.99,3,-0.4326923337226189,ElasticNet,Peve
gene-Peve_00012132_63555,37,4,4,4,5-fold,-0.47705305395922526,0.5828002073376024,-0.37679401820798164,0.3902962586088953,23.248497603926463,0.99,3,-0.37679401820798164,ElasticNet,Peve
gene-Peve_00014616_76973,37,3,3,3,5-fold,-0.3480048083710957,0.22277487405742002,-0.3800081074400011,0.4263204718584445,3.327862224690746,0.95,2,-0.3480048083710957,RF,Peve
gene-Peve_00033407_173843,37,3,3,3,5-fold,-0.3145248216454206,0.43632209962404495,-2.003060445986134,3.88309773976967,4.947040542317968,0.99,1,-0.3145248216454206,RF,Peve
gene-Peve_00000035_92,37,29,27,27,5-fold,-0.17223165507807087,0.24388825532998418,-0.262120916030066,0.25198266512287254,26.664416582015026,0.1,26,-0.17223165507807087,RF,Peve
gene-Peve_00026728_139198,37,4,4,4,5-fold,-0.463009846756414,0.6607989519018859,-0.14784208858687006,0.2235026872486621,0.2503808609831433,0.5,4,-0.14784208858687006,ElasticNet,Peve
gene-Peve_00014894_78316,37,4,4,4,5-fold,-0.24690962248232276,0.27746099462666235,-0.06157567797549803,0.07581438262902755,692.3473854051063,0.1,0,-0.06157567797549803,ElasticNet,Peve
gene-Peve_00018371_96430,37,3,3,3,5-fold,-0.24521779095592128,0.5245241398358629,-0.20012735889298128,0.3399385458553751,297.3189248997828,0.1,0,-0.20012735889298128,ElasticNet,Peve
gene-Peve_00028563_149133,37,32,20,20,5-fold,-0.9423664047440429,1.3384485653032188,-0.5119107446762119,0.856221531548406,14.686383377603258,0.99,9,-0.5119107446762119,ElasticNet,Peve
gene-Peve_00004294_22910,37,4,3,3,5-fold,-0.4647161151457622,0.18733199220722077,-0.26712278832764397,0.21368741503777128,317.18356281147504,0.1,0,-0.26712278832764397,ElasticNet,Peve
gene-Peve_00007167_38143,37,6,4,4,5-fold,-0.403474734148651,0.13310348889234144,-0.206737338184185,0.2009050389519939,421.30147428561486,0.1,0,-0.206737338184185,ElasticNet,Peve
gene-Peve_00031640_164676,37,13,7,7,5-fold,-0.6455255108848116,0.689874857053448,-0.12217843217090722,0.1492340809180639,0.9614681392336961,0.1,7,-0.12217843217090722,ElasticNet,Peve
gene-Peve_00010405_55243,37,5,3,3,5-fold,-0.30842717873940845,0.20846025195801235,-0.13759215837558644,0.11633317783502514,0.23886711394526425,0.7,3,-0.13759215837558644,ElasticNet,Peve
gene-Peve_00031792_165576,37,3,3,3,5-fold,-1.0327640898244748,1.068379256207081,-0.5539065366939736,0.8203008179881697,238.91640769487373,0.1,0,-0.5539065366939736,ElasticNet,Peve
gene-Peve_00001637_9015,37,17,3,3,5-fold,-9.062487142380794,16.50503579781378,-12.52083862887621,24.944013695309945,232.11562343556284,0.1,0,-9.062487142380794,RF,Peve
gene-Peve_00041032_214207,37,27,27,27,5-fold,-0.49866069033846977,0.9754301523087713,-0.8205089994526933,1.0105069093163717,4.264223405470697,0.1,27,-0.49866069033846977,RF,Peve
gene-Peve_00009662_51156,37,5,5,5,5-fold,-1.0526667457263177,1.6045558473005612,-0.959449015599852,1.6518631669501012,19.997070438588906,0.99,1,-0.959449015599852,ElasticNet,Peve
gene-Peve_00003934_21122,37,2,2,2,5-fold,-0.7459480222690684,1.1033207409509407,-0.5158006294614617,0.7970556917366922,406.1055418150905,0.1,0,-0.5158006294614617,ElasticNet,Peve
gene-Peve_00037014_192612,37,20,15,15,5-fold,-0.903211248395373,1.5886589348587277,-1.163627869968201,2.0869937453607847,9.542771287141177,0.7,12,-0.903211248395373,RF,Peve
gene-Peve_00024001_124807,37,7,7,7,5-fold,-1.2052584087631941,1.110375811250311,-0.7507805664455478,0.7643667024755701,0.8968021120776788,0.7,6,-0.7507805664455478,ElasticNet,Peve
gene-Peve_00010241_54325,37,3,3,3,5-fold,-1.0784630461057216,1.8803059541165814,-0.9720899741429572,2.12213193170218,0.574605821246697,0.5,3,-0.9720899741429572,ElasticNet,Peve
gene-Peve_00025197_131644,37,4,4,4,5-fold,-0.888112877119449,1.6443248286139847,-1.1304672622249092,2.2168997057833426,7.988048502649661,0.1,4,-0.888112877119449,RF,Peve
gene-Peve_00026248_136834,37,7,6,6,5-fold,-0.1271040204422748,0.2540374563161122,-0.016840431417974356,0.223208481196827,0.2730039312835372,0.7,6,-0.016840431417974356,ElasticNet,Peve
gene-Peve_00010277_54637,37,8,8,8,5-fold,-0.7224592680205566,0.8254197755165643,-0.8691617791679505,1.4002173287637765,307.47885196392843,0.1,0,-0.7224592680205566,RF,Peve
gene-Peve_00019286_101236,37,2,2,2,5-fold,-0.23974930511085496,0.311966450942239,-0.18241767362534309,0.18978660243300569,3.120210402100238,0.5,2,-0.18241767362534309,ElasticNet,Peve
gene-Peve_00030033_156847,37,10,10,10,5-fold,-2.0396948684658134,3.6589753080759975,-1.4682150710726352,2.612015376864623,397.3759279186043,0.1,0,-1.4682150710726352,ElasticNet,Peve
gene-Peve_00006943_37016,37,6,5,5,5-fold,-1.166751934244362,1.3616447105526015,-0.8414539184933869,1.1630604847329198,355.3446693291651,0.1,0,-0.8414539184933869,ElasticNet,Peve
gene-Peve_00036283_188536,37,40,37,37,5-fold,-0.5162362843349028,0.568596148040968,-0.5328362344923177,0.7039214722823726,2.0805499081990217,0.5,37,-0.5162362843349028,RF,Peve
gene-Peve_00003523_18930,37,3,3,3,5-fold,-0.4371841855726089,0.7515717895511662,-0.21791017330606607,0.3835721645342641,53.299657457285896,0.1,0,-0.21791017330606607,ElasticNet,Peve
gene-Peve_00038081_197996,37,28,28,28,5-fold,-0.6151478011719187,0.9180821356021045,-1.3496086890553431,1.7577424477417727,709.5810843838179,0.1,0,-0.6151478011719187,RF,Peve
gene-Peve_00033407_173844,37,6,6,6,5-fold,-0.30391619754717125,0.40215868091059453,-4.454217209428218,8.86604496830473,4.949687596558452,0.99,2,-0.30391619754717125,RF,Peve
gene-Peve_00007850_41852,37,6,3,3,5-fold,-1.3474569712805802,1.8397793320452935,-1.197713271993848,2.3241676357895256,103.81696671528489,0.1,0,-1.197713271993848,ElasticNet,Peve
gene-Peve_00003934_21120,37,3,3,3,5-fold,-0.6959191875717934,0.8495818848171744,-0.49124369955133834,0.34991086612078365,3.8575888822610667,0.1,3,-0.49124369955133834,ElasticNet,Peve
gene-Peve_00008128_43653,37,20,17,17,5-fold,-0.2855359575554908,0.3437226336482127,-0.08914199897374826,0.11062347620369634,819.2509406913064,0.1,0,-0.08914199897374826,ElasticNet,Peve
gene-Peve_00040412_210663,37,3,3,3,5-fold,-0.43499183783460244,0.7576207940386454,-0.20590860118589638,0.27347777144233654,3.3955664106756713,0.1,3,-0.20590860118589638,ElasticNet,Peve
gene-Peve_00038427_200065,37,3,3,3,5-fold,-0.4841555027384916,0.5607725235802781,-0.18484944285131033,0.2306724917356025,122.77349106494137,0.1,0,-0.18484944285131033,ElasticNet,Peve
gene-Peve_00044575_231874,37,13,9,9,5-fold,-1.147242401580834,1.723047079711674,-0.8697807851502237,1.5306026896741018,59.132242444393164,0.99,2,-0.8697807851502237,ElasticNet,Peve
gene-Peve_00021076_110504,37,20,19,19,5-fold,-0.5169123212797443,1.1996653026106883,-0.20962507294009533,0.16463856155120157,608.6936825102598,0.1,1,-0.20962507294009533,ElasticNet,Peve
gene-Peve_00012967_68021,37,7,7,7,5-fold,-0.28721822734105207,0.7990191500656901,-0.2822052278320662,0.3757918343061208,1.3006811862218215,0.1,7,-0.2822052278320662,ElasticNet,Peve
gene-Peve_00008148_43767,37,7,7,7,5-fold,-0.10454155944296055,0.48574970283134244,-0.0249669294734566,0.030080672155654894,250.9882898264134,0.1,0,-0.0249669294734566,ElasticNet,Peve
gene-Peve_00007460_39982,37,18,18,18,5-fold,-0.4365133408679721,0.5308765153908966,-0.7373307447315576,1.3383220550105361,826.8701632640428,0.1,0,-0.4365133408679721,RF,Peve
gene-Peve_00000097_873,37,6,5,5,5-fold,-0.6332921695596053,1.0084381858733262,-1.4154999054693826,2.627846606696252,2.488830760223595,0.1,5,-0.6332921695596053,RF,Peve
gene-Peve_00038432_200089,37,20,15,15,5-fold,-0.5027705735869019,0.7399769785045076,-0.33129767011724165,0.44715124143425894,1.412151496307815,0.1,15,-0.33129767011724165,ElasticNet,Peve
gene-Peve_00012283_64283,37,12,6,6,5-fold,-1.0139532624040404,2.1179192347464566,-0.6580393476629295,1.2277795674131176,332.2604408773343,0.1,0,-0.6580393476629295,ElasticNet,Peve
gene-Peve_00011879_62357,37,20,20,20,5-fold,-0.1882625030582087,0.3586814721422089,-0.10982214737449092,0.14315238872336525,472.6477941195144,0.1,0,-0.10982214737449092,ElasticNet,Peve
gene-Peve_00007262_38619,37,14,13,13,5-fold,-1.4168702322656461,1.1947260771474002,-0.9229655730023076,0.9228515255428893,449.6816348157558,0.1,0,-0.9229655730023076,ElasticNet,Peve
gene-Peve_00019182_100554,37,7,7,7,5-fold,-0.41740482700145626,0.3408707586001051,-0.18476731298169993,0.28129053905006174,5.165572482695161,0.1,7,-0.18476731298169993,ElasticNet,Peve
gene-Peve_00001172_6318,37,11,9,9,5-fold,-0.83879147012294,0.8304720616185182,-0.6001389765151153,0.5733754614381706,360.5600495067202,0.1,0,-0.6001389765151153,ElasticNet,Peve
gene-Peve_00000042_93,37,9,9,9,5-fold,-0.13060797559174392,0.5437848609217666,-0.1866720167535753,0.07712441666328335,640.2139201922893,0.1,0,-0.13060797559174392,RF,Peve
gene-Peve_00044086_229041,37,4,4,4,5-fold,-1.5924880541468733,2.416630963723967,-1.6707276225391687,3.205481683153423,749.9357399992462,0.1,0,-1.5924880541468733,RF,Peve
gene-Peve_00017775_93368,37,9,9,9,5-fold,-0.1810727068351964,0.3123277392873096,-0.4027276279202178,0.6466846384231929,2.668138259006475,0.9,9,-0.1810727068351964,RF,Peve
gene-Peve_00016500_87260,37,19,17,17,5-fold,-0.21693331263770524,0.57192527184445,-0.07267073810400553,0.22315964267292884,0.958406544776345,0.1,17,-0.07267073810400553,ElasticNet,Peve
gene-Peve_00041844_218472,37,9,5,5,5-fold,-0.7110354560677541,0.5538801733564032,-2.0571635479975967,3.101454991275387,1.385535996912548,0.99,4,-0.7110354560677541,RF,Peve
gene-Peve_00035892_186594,37,6,2,2,5-fold,-0.031614217292705374,0.08070112353234676,-0.0723102402347143,0.10773772026646715,344.1538006165194,0.1,0,-0.031614217292705374,RF,Peve
gene-Peve_00039202_204595,37,3,3,3,5-fold,-0.6591055312726717,0.9222660988436268,-2.4608234347363775,2.447112920026894,7.760348194240291,0.99,2,-0.6591055312726717,RF,Peve
gene-Peve_00017494_92058,37,9,9,9,5-fold,-1.949808127846309,4.005358133899574,-2.232671989476018,4.205060098387647,57.60155319621424,0.95,2,-1.949808127846309,RF,Peve
gene-Peve_00035885_186648,37,19,14,14,5-fold,-0.2506694420669237,0.27249580129161066,-0.12925958753226324,0.162406599860478,39.12081185697289,0.99,4,-0.12925958753226324,ElasticNet,Peve
gene-Peve_00017865_93809,37,24,9,9,5-fold,-0.48483300724020956,0.5712521035612348,-0.3741684688503272,0.29741771049285304,1.6622855080420131,0.95,9,-0.3741684688503272,ElasticNet,Peve
gene-Peve_00024040_125291,37,15,9,9,5-fold,-0.6977874538960844,0.38723563574664566,-0.34073535666740323,0.4227790451883004,36.9475205013344,0.9,2,-0.34073535666740323,ElasticNet,Peve
gene-Peve_00013452_70011,37,7,7,7,5-fold,-0.0752641636573066,0.4062036275639476,-0.1357337893980178,0.09098153025842076,511.1926497790019,0.1,0,-0.0752641636573066,RF,Peve
gene-Peve_00017854_93729,37,19,18,18,5-fold,-0.9787407429682826,1.2416410802351474,-0.2326178277111209,0.2490555605824681,2.734887316590122,0.1,18,-0.2326178277111209,ElasticNet,Peve
gene-Peve_00003359_18188,37,10,10,10,5-fold,-0.8001111333294126,0.9454349315285585,-0.4590625600399438,0.419229938760059,565.3755162236638,0.1,0,-0.4590625600399438,ElasticNet,Peve
gene-Peve_00016589_87541,37,4,3,3,5-fold,-0.6686286864479151,1.0342803513806682,-0.4634586924464301,0.6870280633407907,70.16663766528775,0.1,0,-0.4634586924464301,ElasticNet,Peve
gene-Peve_00004294_22907,37,7,7,7,5-fold,-0.5238810613595497,0.394741546536664,-0.2457489193954716,0.18183942534571024,9.25719552494723,0.5,7,-0.2457489193954716,ElasticNet,Peve
gene-Peve_00001102_5901,37,19,12,12,5-fold,-1.630566996536557,3.053838913084921,-1.2258283176497038,1.8560865941371862,9.043071671775325,0.99,7,-1.2258283176497038,ElasticNet,Peve
gene-Peve_00034034_177371,37,4,3,3,5-fold,-0.2210630290030391,0.09972140627688802,-0.39905644020739667,0.5615406058106398,764.4115430266447,0.1,0,-0.2210630290030391,RF,Peve
gene-Peve_00044200_229664,37,10,5,5,5-fold,-2.9274693484048555,3.1117865975146395,-1.1129861465067343,1.1492189618283783,2.686499438526185,0.5,3,-1.1129861465067343,ElasticNet,Peve
gene-Peve_00039877_208050,37,4,3,3,5-fold,-0.6970471812465183,0.9358028093670436,-0.7884383534734335,0.9026192456567562,538.7692985447391,0.1,0,-0.6970471812465183,RF,Peve
gene-Peve_00008340_44510,37,9,9,9,5-fold,-1.5719047408234759,3.1512939263574045,-0.17638313593783192,0.2796852489583774,8.875645342458478,0.1,8,-0.17638313593783192,ElasticNet,Peve
gene-Peve_00017609_92622,37,30,30,30,5-fold,-0.6902650523974417,0.915455967924715,-1.3881068514786057,1.8011966909085666,22.19874967995711,0.99,9,-0.6902650523974417,RF,Peve
gene-Peve_00012584_65964,37,2,2,2,5-fold,-0.18401571175668643,0.2203939767362846,-0.2813261278352625,0.4390563331738102,190.73511276359176,0.1,0,-0.18401571175668643,RF,Peve
gene-Peve_00013499_71091,37,2,2,2,5-fold,-0.07459714567603352,0.30583485403389,-0.017001865779195,0.13035463892034876,2.068138358809113,0.1,2,-0.017001865779195,ElasticNet,Peve
gene-Peve_00026563_138499,37,21,17,17,5-fold,-0.6189312565450766,0.4118467213455406,-0.3004463453152077,0.22445815784949966,1.5568906841322012,0.1,17,-0.3004463453152077,ElasticNet,Peve
gene-Peve_00031696_165164,37,4,3,3,5-fold,-0.47958205973618784,0.6307884639581115,-0.5880146279096119,1.009440512028479,516.9643518678449,0.1,0,-0.47958205973618784,RF,Peve
gene-Peve_00004934_26864,37,10,9,9,5-fold,-0.3540599460572167,0.2496697546478774,-0.08884443212633901,0.11950822273793762,0.635278807044863,0.5,9,-0.08884443212633901,ElasticNet,Peve
gene-Peve_00037001_192565,37,8,8,8,5-fold,-0.5050983442173853,0.3793299891139846,-0.05443790483414821,0.09298365659537602,346.3145959658232,0.1,0,-0.05443790483414821,ElasticNet,Peve
gene-Peve_00023804_123753,37,31,17,17,5-fold,-0.7580570141578976,1.2260710852419778,-0.5305742126601282,0.9906580501056881,71.1976462982777,0.99,1,-0.5305742126601282,ElasticNet,Peve
gene-Peve_00041675_217258,37,15,15,15,5-fold,-0.8068225543648143,0.6526985551297841,-0.2653333324392976,0.3154097689881188,450.5551923193279,0.1,0,-0.2653333324392976,ElasticNet,Peve
gene-Peve_00036024_187234,37,6,6,6,5-fold,-0.3781116290338641,0.35413360109824565,-0.23342096818834707,0.39366622800483225,7.923789974601363,0.7,6,-0.23342096818834707,ElasticNet,Peve
gene-Peve_00003934_21113,37,11,11,11,5-fold,-0.6168648390102078,0.26669217773709736,-0.2570626633994163,0.30301052837276593,11.765105446862414,0.9,9,-0.2570626633994163,ElasticNet,Peve
gene-Peve_00004758_25606,37,2,2,2,5-fold,-1.3044173220013964,1.547605458880347,-0.5596098636987158,0.8474767686590451,349.35194085673817,0.1,0,-0.5596098636987158,ElasticNet,Peve
gene-Peve_00025197_131642,37,2,2,2,5-fold,-0.5224808806798823,0.4300594484694546,-0.32385138418255793,0.2593833921076174,17.82007182481569,0.99,1,-0.32385138418255793,ElasticNet,Peve
gene-Peve_00025320_132096,37,6,6,6,5-fold,-0.5933988970366856,0.9596699593772064,-0.23221018276098992,0.4197671609684199,410.11241723638017,0.1,0,-0.23221018276098992,ElasticNet,Peve
gene-Peve_00031792_165572,37,3,3,3,5-fold,-0.47787039406907256,0.5354017140170488,-2.722479940252678,4.461792844802069,173.77467191059984,0.1,0,-0.47787039406907256,RF,Peve
gene-Peve_00028185_147000,37,33,19,19,5-fold,-0.26007892875272015,0.4218589597400167,-0.25556583223562485,0.35571852985737956,1141.2251009467934,0.1,0,-0.25556583223562485,ElasticNet,Peve
gene-Peve_00016555_87380,37,13,13,13,5-fold,-0.5047626973465512,0.5130620039140139,-0.20407812234761033,0.20417067992320645,16.707683472996187,0.99,4,-0.20407812234761033,ElasticNet,Peve
gene-Peve_00015145_79887,37,4,4,4,5-fold,-18.938099577129062,37.22395312873408,-7.705631084379467,14.896993377955782,2.8210531026757275,0.1,4,-7.705631084379467,ElasticNet,Peve
gene-Peve_00040721_212416,37,17,10,10,5-fold,-0.4858761176613674,0.6392459841473317,-0.7465206811118548,1.1588831058857936,398.657419343671,0.1,0,-0.4858761176613674,RF,Peve
gene-Peve_00025335_132218,37,23,22,22,5-fold,-0.8422846226475128,1.422917282853129,-0.9718801654738813,1.5226799810903464,1.691311437096391,0.1,21,-0.8422846226475128,RF,Peve
gene-Peve_00023777_123601,37,3,3,3,5-fold,-0.329792455043847,0.39937574422411787,-0.23553342957934692,0.1939875700787869,51.80708695194638,0.1,3,-0.23553342957934692,ElasticNet,Peve
gene-Peve_00036672_190622,37,8,5,5,5-fold,-0.4693091714533952,0.9489701594530405,-0.7697034729004987,1.1118070999398169,490.9681641900883,0.1,0,-0.4693091714533952,RF,Peve
gene-Peve_00033973_177141,37,16,15,15,5-fold,-0.4497813316089768,0.39665231695463615,-0.09865080163294278,0.08295281996799907,873.7223797771268,0.1,0,-0.09865080163294278,ElasticNet,Peve
gene-Peve_00038436_200096,37,23,23,23,5-fold,-0.4231757842367413,0.24522582892474948,-0.3229754730427229,0.5231967251853997,652.9762811961283,0.1,0,-0.3229754730427229,ElasticNet,Peve
gene-Peve_00001436_7772,37,7,7,7,5-fold,-9.060368502794805,16.411607758681594,-8.015280446863667,13.696810296780146,0.14972558391434754,0.95,7,-8.015280446863667,ElasticNet,Peve
gene-Peve_00043511_225911,37,4,4,4,5-fold,-0.9617749268802275,1.0921778555952413,-0.3591049816758375,0.30164354740188665,234.12159802744105,0.1,0,-0.3591049816758375,ElasticNet,Peve
gene-Peve_00043599_226447,37,5,5,5,5-fold,-0.3407835245639689,0.2776721618124938,-0.4843610955893201,0.728303767549386,244.06532101960462,0.1,0,-0.3407835245639689,RF,Peve
gene-Peve_00005778_30890,37,8,8,8,5-fold,-0.7580543301735962,0.7088701558055082,-0.6985814380961329,0.9950513736110878,836.7568942050217,0.1,0,-0.6985814380961329,ElasticNet,Peve
gene-Peve_00004294_22908,37,12,12,12,5-fold,-0.6191702747825805,0.6099322289979462,-0.35070969236129634,0.15462186082196,18.24218481414159,0.9,7,-0.35070969236129634,ElasticNet,Peve
gene-Peve_00005778_30887,37,25,21,21,5-fold,-0.38723281754339994,0.20762926254708983,-0.12516824882984728,0.027395431085398818,565.3795663570219,0.1,0,-0.12516824882984728,ElasticNet,Peve
gene-Peve_00037338_194299,37,6,6,6,5-fold,-3.600148266402182,6.40202213756142,-0.779703573195938,1.2158311401556854,237.74518569192,0.1,0,-0.779703573195938,ElasticNet,Peve
gene-Peve_00001451_7969,37,4,4,4,5-fold,-7.3774227681750375,14.105580701143795,-3.1326862323035387,5.90632630879003,432.26203338250156,0.1,0,-3.1326862323035387,ElasticNet,Peve
gene-Peve_00009505_50106,37,37,34,34,5-fold,-0.12024897400210566,0.12395107473573432,-0.04075060424708821,0.05381837099662564,617.2749629801867,0.1,0,-0.04075060424708821,ElasticNet,Peve
gene-Peve_00026358_137445,37,17,10,10,5-fold,-0.7331626475275212,0.9547040412495381,-0.5252515104851743,0.5286025595261858,7.181379451523165,0.95,10,-0.5252515104851743,ElasticNet,Peve
gene-Peve_00003352_18130,37,8,8,8,5-fold,-0.668209076678236,0.5215647867290107,-0.3423795509037836,0.4290372679236692,416.26448799403425,0.1,0,-0.3423795509037836,ElasticNet,Peve
gene-Peve_00009662_51153,37,3,3,3,5-fold,-1.938958523645363,3.501215446851795,-1.382276004378816,2.4262576063007275,52.326170248848975,0.99,1,-1.382276004378816,ElasticNet,Peve
gene-Peve_00041386_215943,37,4,2,2,5-fold,-0.1599984374796563,0.3754796951753653,-0.12556312795943722,0.061134412944286357,974.6489888268135,0.1,0,-0.12556312795943722,ElasticNet,Peve
gene-Peve_00000455_2689,37,5,5,5,5-fold,-2.4907616897308658,4.670325846841633,-1.5904776839531505,3.0043983468839324,305.5453464679538,0.1,0,-1.5904776839531505,ElasticNet,Peve
gene-Peve_00002553_14313,37,2,2,2,5-fold,-1.2329831110282103,2.1074758060311303,-0.6871394850738032,1.0196447279415015,282.32596204531995,0.1,0,-0.6871394850738032,ElasticNet,Peve
gene-Peve_00022071_115416,37,7,7,7,5-fold,-3.99884675394133,7.103379876998487,-2.855966896207179,5.2336443762118545,399.60430641368265,0.1,0,-2.855966896207179,ElasticNet,Peve
gene-Peve_00001961_10981,37,4,4,4,5-fold,-0.32635950329719005,0.2781491750928199,-0.20367274042251843,0.2085024639132479,522.244259373647,0.1,0,-0.20367274042251843,ElasticNet,Peve
gene-Peve_00040530_211349,37,11,11,11,5-fold,-0.4610976350465104,0.30792645751926145,-0.22831218038075943,0.19115730808962053,12.268223608643726,0.9,6,-0.22831218038075943,ElasticNet,Peve
gene-Peve_00040520_211262,37,5,5,5,5-fold,-0.49305799600366607,0.5628723907262075,-0.5473287669019093,0.959835645061568,935.5004977038201,0.1,0,-0.49305799600366607,RF,Peve
gene-Peve_00003529_18943,37,8,4,4,5-fold,-0.18679608087277946,0.17314039411344007,-0.19043071111032947,0.1966106483810055,735.9679975025213,0.1,0,-0.18679608087277946,RF,Peve
gene-Peve_00017772_93360,37,45,35,35,5-fold,-1.7925055453532486,2.885463864414701,-2.6761477791703383,4.553586537418383,1163.0696921489375,0.1,0,-1.7925055453532486,RF,Peve
gene-Peve_00018194_95534,37,13,5,5,5-fold,-0.3285175374879025,0.2958635615230859,-0.17744770809750893,0.23586020487986153,1.6305210653833775,0.1,5,-0.17744770809750893,ElasticNet,Peve
gene-Peve_00030370_158554,37,2,2,2,5-fold,-0.06707931343590061,0.2699802408813524,-0.08885525351055992,0.0761499185299842,3.0765357388742376,0.1,2,-0.06707931343590061,RF,Peve
gene-Peve_00043575_226368,37,2,2,2,5-fold,-1.4127187853804883,2.0610650048806276,-1.4767646567280923,2.0480351801334105,26.14297305160339,0.9,1,-1.4127187853804883,RF,Peve
gene-Peve_00040373_210375,37,7,4,4,5-fold,-0.19487759776678767,0.1323154642442383,-0.4529043602029869,0.7770416173239274,68.17631072648882,0.99,1,-0.19487759776678767,RF,Peve
gene-Peve_00009689_51268,37,2,2,2,5-fold,-0.6951469237932445,0.892706970731583,-0.8553455927821136,1.6684003915295644,152.55721739349812,0.1,0,-0.6951469237932445,RF,Peve
gene-Peve_00023404_121700,37,24,15,15,5-fold,-3.071677914443889,4.6531519697408035,-1.5334737924029391,2.7400193762272265,427.2941381215576,0.1,0,-1.5334737924029391,ElasticNet,Peve
gene-Peve_00013391_70326,37,9,9,9,5-fold,-39.90128171030544,78.36708035095066,-24.34278254331388,41.41546895150299,1.8075534449524198,0.1,9,-24.34278254331388,ElasticNet,Peve
gene-Peve_00044711_232759,37,47,38,38,5-fold,-0.9971869337706861,1.49219665709972,-0.770582398542653,1.1152613686280826,70.87922229290965,0.99,2,-0.770582398542653,ElasticNet,Peve
gene-Peve_00006233_32631,37,4,4,4,5-fold,-0.36333463474426725,0.18625147599034983,-0.08047122845427931,0.09333480989762631,159.79807272080882,0.1,0,-0.08047122845427931,ElasticNet,Peve
gene-Peve_00033394_173787,37,2,2,2,5-fold,-0.31177044322967357,0.3246972759408736,-0.20472607009312188,0.30338392468216346,3.601803777909528,0.95,2,-0.20472607009312188,ElasticNet,Peve
gene-Peve_00000469_2823,37,22,15,15,5-fold,-0.4823533381224142,0.6469515850265045,-1.643837364765174,2.5190866978680657,16.552049051890222,0.9,14,-0.4823533381224142,RF,Peve
gene-Peve_00019327_101498,37,2,2,2,5-fold,-0.6362000046956096,0.4777662943537111,-0.22657525118026905,0.18860441177590223,311.38806194896154,0.1,1,-0.22657525118026905,ElasticNet,Peve
gene-Peve_00004167_22148,37,47,42,42,5-fold,-0.14195827238606365,0.3703239605114997,-0.248810520240014,0.2787191232803719,622.4030801090641,0.1,0,-0.14195827238606365,RF,Peve
gene-Peve_00033063_171820,37,6,6,6,5-fold,-19.473359145609656,38.072830487345,-8.13276744116054,15.938373557739217,834.5182343339175,0.1,0,-8.13276744116054,ElasticNet,Peve
gene-Peve_00017103_89899,37,9,5,5,5-fold,-0.41569312208461007,0.42590113289026216,-0.08374701347464666,0.09066229119013525,0.5639057301869477,0.1,5,-0.08374701347464666,ElasticNet,Peve
gene-Peve_00024725_129237,37,16,11,11,5-fold,-5.006614269209213,7.117196083808859,-3.877010044057844,6.915598967967032,41.86330342769204,0.99,1,-3.877010044057844,ElasticNet,Peve
gene-Peve_00007810_41629,37,10,9,9,5-fold,-0.5251177434629191,0.7240641029596135,-0.27184180060055,0.4700920236440602,7.363241191192435,0.7,5,-0.27184180060055,ElasticNet,Peve
gene-Peve_00033063_171824,37,7,7,7,5-fold,-5.260932962395325,10.14110066434859,-3.3067317383381805,6.473882145151937,989.559120583598,0.1,0,-3.3067317383381805,ElasticNet,Peve
gene-Peve_00043990_228508,37,4,3,3,5-fold,-0.0653022391853657,0.15805479904667272,-0.13364423361002112,0.10337507635687637,294.06627330593045,0.1,0,-0.0653022391853657,RF,Peve
gene-Peve_00004282_22828,37,6,4,4,5-fold,-0.5416710561889208,0.5538664435619937,-0.35711507283307103,0.40348944104458173,317.2587913519454,0.1,0,-0.35711507283307103,ElasticNet,Peve
gene-Peve_00030739_160358,37,5,3,3,5-fold,-0.19140538842482738,0.15822315961986821,-0.12711033429222557,0.13434699635111655,351.0007381053986,0.1,0,-0.12711033429222557,ElasticNet,Peve
gene-Peve_00025794_134610,37,17,17,17,5-fold,-0.06133921024574425,0.3256095686254077,0.03852941088643798,0.14731844406243536,28.656739757527724,0.99,6,0.03852941088643798,ElasticNet,Peve
gene-Peve_00044524_231553,37,30,28,28,5-fold,-0.36351063252379057,0.32080681136728956,-0.7120178454698829,1.2876154874736505,81.17058775158058,0.99,0,-0.36351063252379057,RF,Peve
gene-Peve_00032107_167095,37,6,6,6,5-fold,-45.687397779741346,90.69544026107594,-20.43205737623216,40.66364931494546,3.1413376807149938,0.1,6,-20.43205737623216,ElasticNet,Peve
gene-Peve_00014381_75562,37,4,4,4,5-fold,-0.6596271835833439,1.0541657297255589,-60.0249400307931,119.56817950153996,162.10491744165475,0.1,0,-0.6596271835833439,RF,Peve
gene-Peve_00016216_85850,37,4,4,4,5-fold,-0.37134229398558694,0.5277489114667391,-0.6701011965801407,1.145338972417314,264.1871208723748,0.1,0,-0.37134229398558694,RF,Peve
gene-Peve_00032189_167377,37,2,2,2,5-fold,-2.6825106962367897,5.004168020543192,-1.1871577990267042,2.1898317083718393,646.8037423878019,0.1,0,-1.1871577990267042,ElasticNet,Peve
gene-Peve_00021623_112778,37,8,5,5,5-fold,-2.333329525371737,4.465101495043665,-1.3891152157402842,1.9469139821318089,74.97633104136833,0.99,1,-1.3891152157402842,ElasticNet,Peve
gene-Peve_00001303_7100,37,9,8,8,5-fold,-0.2623005272792599,0.39521880104524276,-0.138137662311118,0.14423043221143167,424.7916034998113,0.1,0,-0.138137662311118,ElasticNet,Peve
gene-Peve_00041463_216299,37,34,28,28,5-fold,-0.3171134103894658,0.40759301901125483,-0.15979184568844357,0.0881215713858989,17.698136630912078,0.99,13,-0.15979184568844357,ElasticNet,Peve
gene-Peve_00026249_136867,37,4,4,4,5-fold,-1.2346882016882632,1.637778828453475,-0.972366052254251,1.487770115000961,395.5859106731845,0.1,0,-0.972366052254251,ElasticNet,Peve
gene-Peve_00039374_205352,37,3,3,3,5-fold,-0.2787852596147308,0.1738389764942745,-0.23405923490436034,0.17890939812492743,114.5773186562759,0.1,0,-0.23405923490436034,ElasticNet,Peve
gene-Peve_00038072_197947,37,5,5,5,5-fold,-0.7119898429179513,0.5591345134486478,-0.3763977556867938,0.645191110449743,113.30356171565376,0.1,0,-0.3763977556867938,ElasticNet,Peve
gene-Peve_00014554_76702,37,34,34,34,5-fold,-0.277365979227178,0.5039127773394705,-0.1560899599891638,0.29202112835457683,12.63031868565196,0.95,22,-0.1560899599891638,ElasticNet,Peve
gene-Peve_00007862_41942,37,6,6,6,5-fold,-0.8600976892367106,1.0488068517822444,-0.7935896192804621,1.0190763263462121,414.889491279907,0.1,0,-0.7935896192804621,ElasticNet,Peve
gene-Peve_00000114_195,37,5,5,5,5-fold,-0.6046048930386029,0.3617231060966335,-0.436311789619687,0.35795647191715596,369.8877247931041,0.1,0,-0.436311789619687,ElasticNet,Peve
gene-Peve_00001166_6345,37,4,4,4,5-fold,-0.38605498145001715,0.21240628333288714,-0.11424595641770145,0.08899739898627188,536.1927427383548,0.1,0,-0.11424595641770145,ElasticNet,Peve
gene-Peve_00036999_192561,37,52,41,41,5-fold,-1.100910031522923,2.1083304925720023,-0.7353700054542064,1.2456934750776913,575.0495421301143,0.1,2,-0.7353700054542064,ElasticNet,Peve
gene-Peve_00044394_230737,37,8,8,8,5-fold,-0.7804172922996113,0.8161237068702454,-0.7686300119285524,1.0523152621530416,2.711248306760687,0.7,8,-0.7686300119285524,ElasticNet,Peve
gene-Peve_00016525_87357,37,27,26,26,5-fold,-0.30489798848046334,0.1947211480190169,-0.4631621153270567,0.6592479271934603,2.9923568885093923,0.1,26,-0.30489798848046334,RF,Peve
gene-Peve_00007173_38172,37,14,14,14,5-fold,-0.2842493562550835,0.41801626435329653,-0.1367672904395393,0.042212655270727116,53.93749951704114,0.99,2,-0.1367672904395393,ElasticNet,Peve
gene-Peve_00000776_4484,37,19,19,19,5-fold,-6.859417031073638,13.370644072633132,-3.277922307364018,6.411136978767785,13.20502971696381,0.1,19,-3.277922307364018,ElasticNet,Peve
gene-Peve_00001455_7992,37,2,2,2,5-fold,-2.163554210229294,3.0767940191205567,-1.6500131506240332,3.0354319273168198,254.95653297928135,0.1,0,-1.6500131506240332,ElasticNet,Peve
gene-Peve_00015262_80429,37,4,4,4,5-fold,-1.4151963581089746,1.8019980773525353,-1.0066207830849463,0.9236955894861884,373.4890280236544,0.1,0,-1.0066207830849463,ElasticNet,Peve
gene-Peve_00034110_177784,37,5,3,3,5-fold,-7.520645137502155,14.833485312297848,-6.092941629413142,12.2901062953967,0.3879545347933862,0.5,3,-6.092941629413142,ElasticNet,Peve
gene-Peve_00039202_204594,37,2,2,2,5-fold,-1.1443318625381695,1.9213122290218816,-0.5890627245491716,0.6071770708204193,183.69156798836025,0.1,0,-0.5890627245491716,ElasticNet,Peve
gene-Peve_00037015_192637,37,6,6,6,5-fold,-0.8486145820970299,1.2236535071549604,-0.47467605997734524,0.5994988581658056,13.810233678980861,0.7,5,-0.47467605997734524,ElasticNet,Peve
gene-Peve_00029254_152692,37,3,3,3,5-fold,-0.5423882741498659,0.6296887469044398,-0.6221246743313257,0.7437460589189496,0.5348028029912706,0.1,3,-0.5423882741498659,RF,Peve
gene-Peve_00018370_96422,37,35,29,29,5-fold,-0.21516360511466653,0.36026255710572025,-0.2998656871375757,0.3121306297386614,1.7854132608083837,0.5,29,-0.21516360511466653,RF,Peve
gene-Peve_00033462_174165,37,2,2,2,5-fold,-0.6488480376351227,0.5775501326377542,-0.5567199302719696,0.691946250993433,827.1922599006575,0.1,0,-0.5567199302719696,ElasticNet,Peve
gene-Peve_00043837_227891,37,7,7,7,5-fold,-0.40222096385245865,0.32032175996360657,-0.16562988048738553,0.13934354228635146,936.1850412548077,0.1,0,-0.16562988048738553,ElasticNet,Peve
gene-Peve_00036465_189477,37,5,5,5,5-fold,-40.29170657750128,80.12250225086751,-41.9823647325259,83.79272504996229,0.6844453347795797,0.1,5,-40.29170657750128,RF,Peve
gene-Peve_00022610_117605,37,9,9,9,5-fold,-0.4146369275185749,0.531205357598898,-0.1256965081869222,0.0870420386963863,559.4990689715903,0.1,0,-0.1256965081869222,ElasticNet,Peve
gene-Peve_00014529_76543,37,34,30,30,5-fold,-0.46146100799601203,0.42698857497833875,-0.15043528048181248,0.14849824406693912,12.395305752223754,0.95,16,-0.15043528048181248,ElasticNet,Peve
gene-Peve_00006972_37161,37,60,48,48,5-fold,-0.9813419260984506,0.9719544126593598,-0.722337379619019,1.0481760933861117,1398.8972624789083,0.1,0,-0.722337379619019,ElasticNet,Peve
gene-Peve_00028325_148128,37,11,9,9,5-fold,-0.34852258658534024,0.5629802827236012,-13.752584922557824,26.597500013162026,8.544885457911922,0.7,9,-0.34852258658534024,RF,Peve
gene-Peve_00010479_55796,37,2,2,2,5-fold,-1.077861679273303,1.7087379364618576,-0.7509715048086629,1.4137622807913044,62.92191616585406,0.1,0,-0.7509715048086629,ElasticNet,Peve
gene-Peve_00012033_62942,37,4,2,2,5-fold,-0.3582658864124747,1.0426275200960653,-0.4576484336148587,0.488250561699622,9.463166968818767,0.99,2,-0.3582658864124747,RF,Peve
gene-Peve_00033899_176685,37,19,9,9,5-fold,-0.6350032964191833,0.7425933842897803,-0.4282452831067135,0.7271830788720891,7.3174398575521415,0.99,7,-0.4282452831067135,ElasticNet,Peve
gene-Peve_00038936_202932,37,4,2,2,5-fold,-0.9140615815858852,1.7571848578842586,-0.8249129958043993,1.4577407352044884,445.52705276375167,0.1,0,-0.8249129958043993,ElasticNet,Peve
gene-Peve_00027749_144915,37,9,5,5,5-fold,-0.9362212371610656,1.6081440313677222,-0.5726837813863476,0.889921916334076,0.8681491096300731,0.95,5,-0.5726837813863476,ElasticNet,Peve
gene-Peve_00003550_19177,37,16,15,15,5-fold,-0.49620279867570477,0.6604500251237255,-0.3030450423760096,0.19234492979752676,48.41924396311158,0.99,6,-0.3030450423760096,ElasticNet,Peve
gene-Peve_00025197_131640,37,3,3,3,5-fold,-0.0775171308127702,0.24684872402302863,-0.08656699470166904,0.19602572315515232,0.8201018068243885,0.1,3,-0.0775171308127702,RF,Peve
gene-Peve_00016480_87145,37,24,7,7,5-fold,-1.793832716330708,3.033611666876571,-1.6978737386286866,1.922061009954776,4.888110929255878,0.99,6,-1.6978737386286866,ElasticNet,Peve
gene-Peve_00030377_158793,37,10,5,5,5-fold,-0.5320034576823558,0.7656984513504254,-0.14395519179311195,0.232206099203742,463.57759086714134,0.1,0,-0.14395519179311195,ElasticNet,Peve
gene-Peve_00025698_134086,37,48,45,45,5-fold,-0.016407317412457843,0.3436550464639214,-1.2736913421488636,1.128894725555145,3.8671088899937556,0.99,25,-0.016407317412457843,RF,Peve
gene-Peve_00007850_41854,37,3,3,3,5-fold,-3.2496628483822874,5.992129253193615,-1.9955375752609534,3.837209752374861,0.4287308090683072,0.1,3,-1.9955375752609534,ElasticNet,Peve
gene-Peve_00005576_29934,37,10,10,10,5-fold,-1.6367448286079795,2.6969852331260498,-0.7590121424427918,1.3589248358101749,12.57272140122461,0.99,7,-0.7590121424427918,ElasticNet,Peve
gene-Peve_00013876_73028,37,16,16,16,5-fold,-0.2993649493257268,0.40326844678414947,-0.36542125879691384,0.35401468841758377,0.4778814804599647,0.5,16,-0.2993649493257268,RF,Peve
gene-Peve_00004455_23884,37,11,11,11,5-fold,-0.4433950920102493,0.3227690326067109,-0.36050925349969326,0.21274790783512268,11.229626103584103,0.1,11,-0.36050925349969326,ElasticNet,Peve
gene-Peve_00025294_131951,37,8,5,5,5-fold,-1.0588946591888453,1.7254680920795407,-1.0861938061951157,1.3874304439813865,1.9554491429974603,0.7,5,-1.0588946591888453,RF,Peve
gene-Peve_00017600_92559,37,3,3,3,5-fold,-0.374119022596905,0.36222271644889614,-0.26597510744265185,0.22512142495624723,308.2254050227165,0.1,0,-0.26597510744265185,ElasticNet,Peve
gene-Peve_00028751_150512,37,4,4,4,5-fold,0.054371713909717026,0.21920167875166677,-0.04133077749701273,0.0711737198891995,0.8014850258221914,0.1,4,0.054371713909717026,RF,Peve
gene-Peve_00026632_138828,37,6,6,6,5-fold,-0.5691129803442531,0.3785690191290203,-0.28902713960632853,0.2865836615329498,311.8682436830047,0.1,0,-0.28902713960632853,ElasticNet,Peve
gene-Peve_00041707_217721,37,91,70,70,5-fold,-1.8615762630494401,2.20551175155028,-0.8905125266435171,0.9275007664685121,102.08109487148666,0.99,1,-0.8905125266435171,ElasticNet,Peve
gene-Peve_00009714_51375,37,39,24,24,5-fold,-0.5626498047850769,0.7995781637858465,-1.2109566838686519,1.4930349922197175,115.08679631030957,0.9,0,-0.5626498047850769,RF,Peve
gene-Peve_00033821_176365,37,4,4,4,5-fold,-0.7519925236376557,0.7423984438694261,-1.3867858596196467,1.0730755811985577,318.77171523556905,0.1,0,-0.7519925236376557,RF,Peve
gene-Peve_00030735_160341,37,4,3,3,5-fold,-0.3256352477419411,0.274016255179552,-0.24401144581523154,0.31656114890522763,402.31284077894134,0.1,0,-0.24401144581523154,ElasticNet,Peve
gene-Peve_00035095_182791,37,54,54,54,5-fold,0.16471671457213066,0.271312509295519,-0.27983072233789763,0.3042505994672358,7.622582343950811,0.1,50,0.16471671457213066,RF,Peve
gene-Peve_00015019_79156,37,70,47,47,5-fold,-0.4933857806732858,0.7953087871308349,-1.1963290666578967,1.8442817028277378,965.0770934023888,0.1,0,-0.4933857806732858,RF,Peve
gene-Peve_00044223_229805,37,6,6,6,5-fold,-0.39512428210466427,0.37571445609049825,-0.15060391280010746,0.2270494401154098,743.1435876796443,0.1,0,-0.15060391280010746,ElasticNet,Peve
gene-Peve_00001446_7913,37,8,4,4,5-fold,-10.326089713055051,15.968137332359989,-8.46686057391278,14.37873817400531,11.920276342038305,0.1,4,-8.46686057391278,ElasticNet,Peve
gene-Peve_00021335_111622,37,19,14,14,5-fold,-0.7351476800403179,0.7120205847253687,-0.5210683548414494,0.6903659621423718,5.657905247131194,0.1,14,-0.5210683548414494,ElasticNet,Peve
gene-Peve_00045282_235430,37,26,25,25,5-fold,-0.390446283830893,0.2333909650835746,-0.22509818020975922,0.28645482789018556,147.58581925171643,0.99,0,-0.22509818020975922,ElasticNet,Peve
gene-Peve_00011687_61375,37,2,2,2,5-fold,-1.4453724301887303,1.489774790027269,-4.85305895223099,7.996315443922,231.70444167176234,0.1,0,-1.4453724301887303,RF,Peve
gene-Peve_00035585_185028,37,4,4,4,5-fold,-0.19042634224097593,0.24608848507576805,-0.09357469032699925,0.2060328331623706,85.07309391593492,0.95,1,-0.09357469032699925,ElasticNet,Peve
gene-Peve_00003595_19526,37,4,4,4,5-fold,-0.22596187278640884,0.5694118200358262,-0.5741077111621822,0.8907281668530569,1279.6957070968622,0.1,0,-0.22596187278640884,RF,Peve
gene-Peve_00017865_93810,37,7,7,7,5-fold,-0.5387925501907513,0.25621780789441495,-0.40239023200812374,0.2862552354485342,402.6316714722043,0.1,0,-0.40239023200812374,ElasticNet,Peve
gene-Peve_00014894_78317,37,7,5,5,5-fold,-0.18048255422218742,0.20088002174876943,-0.0730474917738561,0.08989690733360876,5.652586730329211,0.99,3,-0.0730474917738561,ElasticNet,Peve
gene-Peve_00039202_204584,37,11,11,11,5-fold,-1.086595306042525,1.1758989409242548,-0.31722554152506977,0.3729231568025327,4.796727686580176,0.99,7,-0.31722554152506977,ElasticNet,Peve
gene-Peve_00021291_111483,37,2,2,2,5-fold,-2.533476482862948,2.3260675551729584,-1.1903903176991526,1.2334612345299618,157.44449292223865,0.1,0,-1.1903903176991526,ElasticNet,Peve
gene-Peve_00041310_215616,37,8,8,8,5-fold,-0.4209020689247497,0.4964209124767478,-0.17942957246669583,0.22513509805477785,9.878657482994955,0.1,8,-0.17942957246669583,ElasticNet,Peve
gene-Peve_00015167_79959,37,51,41,41,5-fold,-0.5818946911121401,0.6306395635197811,-0.19440894715893192,0.1745905469060469,583.131535729114,0.1,0,-0.19440894715893192,ElasticNet,Peve
gene-Peve_00040937_213649,37,39,38,38,5-fold,-0.6579807055342377,1.082753958774326,-0.44654019022760477,0.6532106462124007,51.94216600213764,0.7,10,-0.44654019022760477,ElasticNet,Peve
gene-Peve_00005069_27688,37,5,2,2,5-fold,-0.24941607710078442,0.29649391802626524,-0.4243914356914077,0.4725761966401392,0.057624330567257805,0.99,2,-0.24941607710078442,RF,Peve
gene-Peve_00015642_82832,37,12,9,9,5-fold,-2.4903690471448763,4.600484419436189,-2.7980792130766465,5.448156235868859,0.989689753498637,0.1,9,-2.4903690471448763,RF,Peve
gene-Peve_00029405_153602,37,28,21,21,5-fold,-0.4657990213046683,0.34321484325933094,-0.25785922470783623,0.26585356752391287,2.9342676032589536,0.1,21,-0.25785922470783623,ElasticNet,Peve
gene-Peve_00015869_83889,37,2,2,2,5-fold,-0.33938402304371734,0.2711760386386428,-0.27019131207292413,0.2609783919082353,364.8910178418938,0.1,0,-0.27019131207292413,ElasticNet,Peve
gene-Peve_00002912_15988,37,18,18,18,5-fold,-12.215861882012565,22.7771220329975,-12.490899122030644,24.423134533650057,575.3615794276981,0.1,0,-12.215861882012565,RF,Peve
gene-Peve_00036998_192556,37,4,2,2,5-fold,-0.1305604794257104,0.32769763254322887,-0.017344354362709202,0.11338270660657064,0.08347960197106268,0.7,2,-0.017344354362709202,ElasticNet,Peve
gene-Peve_00020422_107040,37,18,15,15,5-fold,-1.798452465679133,3.3227144245424842,-2.1410915245444557,3.9684991314772557,4.187998242555729,0.5,15,-1.798452465679133,RF,Peve
gene-Peve_00010077_53419,37,14,14,14,5-fold,-0.5482693589314284,0.6727917231285779,-0.32797110499469057,0.26586547981194836,10.019459385518395,0.99,10,-0.32797110499469057,ElasticNet,Peve
gene-Peve_00036402_189223,37,41,22,22,5-fold,-0.0810500711562266,0.27395122503058855,-0.19210188564858263,0.1528941282455865,66.16724463475337,0.99,2,-0.0810500711562266,RF,Peve
gene-Peve_00018442_96693,37,6,6,6,5-fold,-0.27252117223018174,0.44884101949224764,-0.24853533062791716,0.2548042854990686,323.6859205658708,0.1,0,-0.24853533062791716,ElasticNet,Peve
gene-Peve_00000075_702,37,4,4,4,5-fold,-0.3794366918965254,0.9757504248583123,-0.42135885593188294,0.8447116260532223,0.32835191319272355,0.5,4,-0.3794366918965254,RF,Peve
gene-Peve_00028533_148981,37,14,13,13,5-fold,-0.8897698895558641,1.313747616246909,-0.3346236159886522,0.239930168905092,76.55487791991959,0.99,1,-0.3346236159886522,ElasticNet,Peve
gene-Peve_00037339_194305,37,6,6,6,5-fold,-0.13002421480322918,0.22112616355573086,-0.12730393670206447,0.1572466855621172,8.788490777944014,0.95,4,-0.12730393670206447,ElasticNet,Peve
gene-Peve_00000114_196,37,24,10,10,5-fold,-0.5311553773702915,0.3184874267669474,-0.43072247942189923,0.251088945953152,21.643446649643323,0.95,4,-0.43072247942189923,ElasticNet,Peve
gene-Peve_00016735_88336,37,3,3,3,5-fold,-0.031184553227902034,0.2988287836927457,-0.09567295263722708,0.08540405613079254,289.5408414023134,0.1,0,-0.031184553227902034,RF,Peve
gene-Peve_00021645_113031,37,10,8,8,5-fold,-0.9389051524413345,1.586127343524753,-0.13490919962139564,0.21589271881930086,40.89215929149501,0.99,2,-0.13490919962139564,ElasticNet,Peve
gene-Peve_00001172_6325,37,13,7,7,5-fold,-0.9515075539931692,1.4049851329297052,-3.0162984411037725,5.699888976501743,18.02425814417532,0.95,1,-0.9515075539931692,RF,Peve
gene-Peve_00043161_224149,37,23,23,23,5-fold,-0.10318891168983638,0.3898756179870274,-0.15432005910229224,0.2750500110766873,33.842634990293526,0.1,22,-0.10318891168983638,RF,Peve
gene-Peve_00014063_74046,37,6,6,6,5-fold,-0.6017917252933633,0.7536672257791899,-0.5513626399659035,0.5429133236992164,1.156360119292296,0.5,5,-0.5513626399659035,ElasticNet,Peve
gene-Peve_00041700_217592,37,168,151,100,5-fold,-1.7858583076572856,2.452877661774395,-1.1387345804316096,1.5276156844770366,146.989401005038,0.99,3,-1.1387345804316096,ElasticNet,Peve
gene-Peve_00025829_134725,37,17,14,14,5-fold,-1.966484439356155,1.2684483723864128,-0.6144648700637487,0.5635216890012046,6.436129992088242,0.95,9,-0.6144648700637487,ElasticNet,Peve
gene-Peve_00025395_132577,37,26,22,22,5-fold,-0.26213519823800746,0.1546005849401036,-0.27124338002861437,0.22738256245731275,70.10591198523127,0.99,2,-0.26213519823800746,RF,Peve
gene-Peve_00029254_152684,37,8,8,8,5-fold,-1.8721515711222914,2.8651393273852106,-0.8111252713444677,1.498551376084524,909.3690637956091,0.1,0,-0.8111252713444677,ElasticNet,Peve
gene-Peve_00023595_122812,37,9,2,2,5-fold,-0.7715020118077877,1.0835300857529397,-0.6084270445035156,1.0674312040786065,306.6739103429352,0.1,0,-0.6084270445035156,ElasticNet,Peve
gene-Peve_00027161_141576,37,7,6,6,5-fold,-1.4030063706349811,1.3871125762364818,-1.6673213156925057,1.9115385970172902,145.89036727630787,0.1,5,-1.4030063706349811,RF,Peve
gene-Peve_00010586_56283,37,2,2,2,5-fold,-5.52942965309371,3.3076131231198223,-4.748336088950911,5.964633295615441,195.8915438671971,0.1,0,-4.748336088950911,ElasticNet,Peve
gene-Peve_00033564_174974,37,14,13,13,5-fold,-0.498312266801786,0.507476488471747,-0.39265832618240526,0.5620390543243817,581.9522842642625,0.1,0,-0.39265832618240526,ElasticNet,Peve
gene-Peve_00029867_156260,37,17,15,15,5-fold,-0.8733271792518515,1.9263595071855464,-1.4203002257831598,2.6939446893960257,2.977101628540247,0.95,13,-0.8733271792518515,RF,Peve
gene-Peve_00029340_153454,37,2,2,2,5-fold,-1.0051626630748907,0.8299801061761812,-0.30469475273841734,0.29724886158828273,95.05476016671058,0.1,0,-0.30469475273841734,ElasticNet,Peve
gene-Peve_00005264_28586,37,6,5,5,5-fold,-105.41686520457736,128.3969496466575,-182.5313732032549,191.09507156953538,141.09228943993563,0.1,0,-105.41686520457736,RF,Peve
gene-Peve_00025950_135133,37,5,5,5,5-fold,-1.1904831678432635,1.3859885248768287,-0.6426574102464393,0.9565349590533987,439.89339997680565,0.1,0,-0.6426574102464393,ElasticNet,Peve
gene-Peve_00044200_229670,37,9,8,8,5-fold,-0.5309075535184533,0.4796503600734922,-0.026929923315500724,0.35786476082982505,0.5196776815443263,0.5,8,-0.026929923315500724,ElasticNet,Peve
gene-Peve_00000210_1440,37,15,12,12,5-fold,-0.5223386524275497,0.8803649341244614,-1.5932743060654189,2.9955752940380154,447.7549425431547,0.1,0,-0.5223386524275497,RF,Peve
gene-Peve_00013452_70013,37,7,7,7,5-fold,-0.4236676830812218,0.07212016533338353,-0.1522995912565835,0.1282551726434714,24.78317416474008,0.99,4,-0.1522995912565835,ElasticNet,Peve
gene-Peve_00035122_182889,37,86,52,52,5-fold,-0.26246643963317734,0.23614648119464396,-1.356351115477627,2.552079764469551,27.892011641223018,0.5,43,-0.26246643963317734,RF,Peve
gene-Peve_00003934_21098,37,8,7,7,5-fold,-0.8039646557472135,1.4293535296175994,-0.5403287782274884,0.9442701964320176,2.4458135566422285,0.5,7,-0.5403287782274884,ElasticNet,Peve
gene-Peve_00013452_70012,37,5,5,5,5-fold,-0.21773204549011896,0.2931742169431308,-0.09116362881754254,0.09881919387095024,644.2040408623801,0.1,0,-0.09116362881754254,ElasticNet,Peve
gene-Peve_00028608_149414,37,36,32,32,5-fold,-0.16775386871266887,0.3478426800883704,-0.36518736236659805,0.5996912093821253,1.389773633740193,0.1,32,-0.16775386871266887,RF,Peve
gene-Peve_00044787_232988,37,2,2,2,5-fold,-0.33417226572006153,0.3683773505370759,-0.4052341284343523,0.44292667547294967,1.705754574586219,0.1,2,-0.33417226572006153,RF,Peve
gene-Peve_00002301_12728,37,5,3,3,5-fold,-0.027409303716267132,0.1881754779399139,-0.10202728336205329,0.09346300705099102,192.28469938884322,0.1,0,-0.027409303716267132,RF,Peve
gene-Peve_00013223_69270,37,13,12,12,5-fold,-0.7237488519975006,1.051061726493711,-0.2538388729049715,0.4429808852293734,2.416155541312931,0.9,10,-0.2538388729049715,ElasticNet,Peve
gene-Peve_00023228_120754,37,6,6,6,5-fold,-0.18112555470360753,0.12764939641397613,-0.12399189756517023,0.1953183772885899,0.7082149188563391,0.1,6,-0.12399189756517023,ElasticNet,Peve
gene-Peve_00016735_88335,37,2,2,2,5-fold,-0.26182921570781054,0.40269151488295757,-0.13742825590273317,0.1156361299754686,276.3513671055495,0.1,0,-0.13742825590273317,ElasticNet,Peve
gene-Peve_00031571_164168,37,25,24,24,5-fold,-1.755302510919035,2.664141889364225,-0.981365442280153,1.5335709328402378,12.86260012042895,0.99,8,-0.981365442280153,ElasticNet,Peve
gene-Peve_00010480_55797,37,9,9,9,5-fold,-0.5429879520885029,0.1550706143135974,-0.23058073728117234,0.29114578875992286,561.2209705994188,0.1,0,-0.23058073728117234,ElasticNet,Peve
gene-Peve_00006809_36355,37,13,13,13,5-fold,-0.6025475949707971,0.9753216097633587,-0.43845427736319065,0.701381840221848,1.2195097579680747,0.5,13,-0.43845427736319065,ElasticNet,Peve
gene-Peve_00016485_87160,37,4,4,4,5-fold,-0.40560896986157796,0.6033825634609177,-0.11477639173088358,0.19821681643064415,1.267650936880624,0.1,4,-0.11477639173088358,ElasticNet,Peve
gene-Peve_00039572_206200,37,39,36,36,5-fold,-0.06297042228976017,0.29904285650430296,-0.4294239671267001,0.42080803872749356,19.721140314710027,0.7,26,-0.06297042228976017,RF,Peve
gene-Peve_00032454_168727,37,12,7,7,5-fold,-0.5697821937090716,0.5901289216582103,-0.2676151933227178,0.4084266369773649,1134.4965846522164,0.1,0,-0.2676151933227178,ElasticNet,Peve
gene-Peve_00027102_141389,37,7,3,3,5-fold,-0.6988414733304782,0.6744050478939141,-0.5976815579321837,0.909944154276783,296.9522369006922,0.1,0,-0.5976815579321837,ElasticNet,Peve
gene-Peve_00017394_91643,37,4,3,3,5-fold,-0.5529086520322954,0.6464101014092448,-0.7116375208774741,1.2923110048249762,12.094579698955085,0.5,3,-0.5529086520322954,RF,Peve
gene-Peve_00044707_232729,37,12,11,11,5-fold,-0.7330165130180781,0.8766113258679056,-0.5766017558258445,0.7811712640307119,7.287050526150021,0.1,11,-0.5766017558258445,ElasticNet,Peve
gene-Peve_00044408_230785,37,4,4,4,5-fold,-0.8136953499804112,0.933854403969657,-1.3117785781461322,1.8224777918075723,32.462679704435075,0.99,1,-0.8136953499804112,RF,Peve
gene-Peve_00024001_124809,37,14,12,12,5-fold,-1.2467393735645347,2.3307446469660387,-3.3883942569825765,6.613149289314337,481.07133581055484,0.1,0,-1.2467393735645347,RF,Peve
gene-Peve_00001455_7991,37,4,4,4,5-fold,-1.8751214737214255,3.485279902575082,-1.878024663651067,3.5827508233750787,668.785800519401,0.1,0,-1.8751214737214255,RF,Peve
gene-Peve_00032654_169688,37,33,33,33,5-fold,-4.876522296948773,9.727309866077178,-4.564468802196511,9.042349868631675,9.030701215275615,0.1,33,-4.564468802196511,ElasticNet,Peve
gene-Peve_00038780_201975,37,26,23,23,5-fold,-67.19299039639682,132.50349374629673,-17.120706591887377,29.91714338950516,4.894777925794851,0.95,17,-17.120706591887377,ElasticNet,Peve
gene-Peve_00001440_7854,37,10,10,10,5-fold,-2.651649934423347,4.516000999866216,-1.0960732830018851,2.0099796635295033,2.862876947159335,0.95,9,-1.0960732830018851,ElasticNet,Peve
gene-Peve_00035801_186109,37,32,32,32,5-fold,-13.746957529805755,26.411770452683168,-11.51265939476544,22.746733404181096,76.95385784183546,0.99,2,-11.51265939476544,ElasticNet,Peve
gene-Peve_00041679_217426,37,4,4,4,5-fold,-0.14287537554566107,0.22117992304757966,-0.12082140913034563,0.09091885212933103,40.73242236851646,0.9,1,-0.12082140913034563,ElasticNet,Peve
gene-Peve_00006761_36014,37,20,19,19,5-fold,-0.8981648069375134,1.1086686820157308,-0.37317197078812325,0.48292330380974535,34.580948425161566,0.99,2,-0.37317197078812325,ElasticNet,Peve
gene-Peve_00023296_121121,37,26,20,20,5-fold,-0.7347203793039958,0.7966270929039875,-0.22801567633577,0.26038324584434386,15.711320935173822,0.5,17,-0.22801567633577,ElasticNet,Peve
gene-Peve_00036457_189449,37,17,7,7,5-fold,-0.7169080834143596,0.9796504063278936,-0.48668207432732447,0.6327363999744232,3.2760913895980135,0.95,7,-0.48668207432732447,ElasticNet,Peve
gene-Peve_00041570_216865,37,16,13,13,5-fold,-0.3376934277012416,0.186197477794721,-0.18400536915735005,0.22029292620665386,54.62808209812375,0.99,1,-0.18400536915735005,ElasticNet,Peve
gene-Peve_00021819_113950,37,10,7,7,5-fold,-3.1513987413081415,5.711425647255252,-1.8599980733208976,3.3786802563905916,1.1235669103305919,0.5,7,-1.8599980733208976,ElasticNet,Peve
gene-Peve_00015334_80905,37,6,6,6,5-fold,-0.18976910275649353,0.28101535299215974,-0.173614463532423,0.2220576293384286,807.1875991191184,0.1,0,-0.173614463532423,ElasticNet,Peve
gene-Peve_00034012_177585,37,32,28,28,5-fold,-0.0621447515515944,0.1618492680843332,-0.22451127749250133,0.33913159594039244,0.20323689842554277,0.7,27,-0.0621447515515944,RF,Peve
gene-Peve_00003646_19782,37,3,2,2,5-fold,-58.86545706352547,95.00456490659312,-48.65512270902819,85.39963878281738,144.11481647149103,0.1,0,-48.65512270902819,ElasticNet,Peve
gene-Peve_00029447_153913,37,2,2,2,5-fold,-0.019931328269455473,0.20024346915468932,-0.15287968888632048,0.06973743659567376,39.359094023044996,0.99,1,-0.019931328269455473,RF,Peve
gene-Peve_00032189_167385,37,5,4,4,5-fold,-4.339172762467286,8.538721828509502,-2.1710277771697073,4.175941264340425,215.89734666242393,0.1,0,-2.1710277771697073,ElasticNet,Peve
gene-Peve_00039890_208043,37,3,3,3,5-fold,-0.9133589978625952,0.7954101539757832,-0.9544978318456211,0.8003627019893702,0.45332477911934255,0.5,3,-0.9133589978625952,RF,Peve
gene-Peve_00013894_73103,37,17,15,15,5-fold,-3.7623116745135725,5.225873384664941,-1.5439965751768696,2.851354466544836,403.3303493669219,0.1,0,-1.5439965751768696,ElasticNet,Peve
gene-Peve_00015392_81159,37,5,4,4,5-fold,-0.11224189255014441,0.09753070540635954,-0.08225798129638884,0.08027760863836483,290.87537193751274,0.1,0,-0.08225798129638884,ElasticNet,Peve
gene-Peve_00026728_139196,37,2,2,2,5-fold,-0.3692757899390621,0.3519004623053778,-0.35740986038441797,0.3914048539986933,392.1881276059715,0.1,1,-0.35740986038441797,ElasticNet,Peve
gene-Peve_00007954_42562,37,6,6,6,5-fold,-1.4482807429488733,2.4679378149542175,-1.6426489809228193,2.997772833766773,528.7883448133836,0.1,0,-1.4482807429488733,RF,Peve
gene-Peve_00000724_4260,37,10,10,10,5-fold,-0.18926184657846987,0.31786701363134967,-0.24139906062886177,0.12860659635664437,994.2848789143021,0.1,0,-0.18926184657846987,RF,Peve
gene-Peve_00019609_103177,37,11,10,10,5-fold,-0.08947023214320075,0.14485659356980546,-0.2893362988772319,0.25855893806436797,22.314664437009863,0.99,4,-0.08947023214320075,RF,Peve
gene-Peve_00026683_139039,37,5,5,5,5-fold,-0.47506783685750487,0.35499364434076025,-0.22832343190158033,0.3092306316227022,483.08937795167765,0.1,0,-0.22832343190158033,ElasticNet,Peve
gene-Peve_00039581_206264,37,70,62,62,5-fold,-0.4702465873809321,0.6661084375878149,-0.3477802752333279,0.5091477378658186,5.736365294228538,0.1,62,-0.3477802752333279,ElasticNet,Peve
gene-Peve_00032642_169727,37,12,9,9,5-fold,-0.6800040402128075,0.7187089516166945,-0.21356301432786587,0.19451871112969532,471.48698711102554,0.1,0,-0.21356301432786587,ElasticNet,Peve
gene-Peve_00044383_230618,37,5,5,5,5-fold,-0.8059362388982315,0.706398707529817,-0.6429456470845094,0.5878670015510423,2.6359745923728797,0.1,5,-0.6429456470845094,ElasticNet,Peve
gene-Peve_00004264_22700,37,6,6,6,5-fold,-0.17097112718959995,0.17718284118907626,-0.010993178739018861,0.013389581177678017,404.67332699582784,0.1,0,-0.010993178739018861,ElasticNet,Peve
gene-Peve_00004294_22903,37,8,7,7,5-fold,-1.0167098757873112,1.035559257405296,-0.5861976714330469,0.3176404040903848,650.3153081560032,0.1,1,-0.5861976714330469,ElasticNet,Peve
gene-Peve_00032841_170643,37,13,13,13,5-fold,-0.9071454599082672,1.4326515816361665,-0.5959449451167025,0.6129550697600044,561.3250122494421,0.1,0,-0.5959449451167025,ElasticNet,Peve
gene-Peve_00020516_107644,37,3,3,3,5-fold,-0.18165026160942133,0.28746658893326704,-2.5825849232275204,5.061796733401182,20.897470591015207,0.99,1,-0.18165026160942133,RF,Peve
gene-Peve_00033409_173849,37,12,6,6,5-fold,-0.5218717853830862,0.2353433167444382,-0.2729355522383317,0.2213997102828442,418.98118294289975,0.1,0,-0.2729355522383317,ElasticNet,Peve
gene-Peve_00014529_76542,37,36,36,36,5-fold,-0.2570155232813697,0.4074697565836087,-0.45725364208837666,0.5511400249258219,13.008207617108269,0.95,20,-0.2570155232813697,RF,Peve
gene-Peve_00001451_7970,37,6,6,6,5-fold,-7.733541310580177,14.627677125881668,-2.683879639533422,4.960393618381269,921.0520846373943,0.1,0,-2.683879639533422,ElasticNet,Peve
gene-Peve_00030735_160340,37,7,5,5,5-fold,-0.5986897342465664,0.6154419652639364,-0.19580718566197836,0.2038789593556647,339.44287561417855,0.1,0,-0.19580718566197836,ElasticNet,Peve
gene-Peve_00035448_184410,37,17,15,15,5-fold,-0.032285855135754396,0.3260709339418801,-0.8016507623979624,0.9546302131861608,1.3748341802269801,0.1,15,-0.032285855135754396,RF,Peve
gene-Peve_00017515_92213,37,11,10,10,5-fold,-1.253818544530736,1.185609439448205,-0.798536886306499,0.8285669348940724,0.2162186991593237,0.7,10,-0.798536886306499,ElasticNet,Peve
gene-Peve_00044933_233557,37,6,6,6,5-fold,-0.9948448889063994,1.7411245573580925,-0.47030428669606544,0.8308792791529127,599.8037202447046,0.1,0,-0.47030428669606544,ElasticNet,Peve
gene-Peve_00029579_154609,37,2,2,2,5-fold,-0.10672662019847254,0.06830567287340257,-0.03182121785052927,0.03839543367740209,330.6180330809875,0.1,0,-0.03182121785052927,ElasticNet,Peve
gene-Peve_00019711_103474,37,7,6,6,5-fold,-3.671289828021979,5.407090419601654,-1.407659007239166,1.6947431732349498,188.9101783296209,0.1,0,-1.407659007239166,ElasticNet,Peve
gene-Peve_00028226_147559,37,15,15,15,5-fold,-431.32794384580984,789.2199259641645,-84.95886108861613,112.7719904416634,69.52513847380735,0.1,14,-84.95886108861613,ElasticNet,Peve
gene-Peve_00019319_101457,37,15,15,15,5-fold,-0.014740561177403032,0.043085174104311834,-0.02290697526840595,0.03974633886239562,706.6353595127183,0.1,0,-0.014740561177403032,RF,Peve
gene-Peve_00020339_106676,37,15,13,13,5-fold,-0.21067793956379224,0.2247760753103289,-0.2944556692686693,0.36779771837723063,7.936068221433841,0.99,8,-0.21067793956379224,RF,Peve
gene-Peve_00027267_142350,37,5,5,5,5-fold,-0.11191193541326017,0.2477578332131775,-0.3786760200089126,0.358252791222316,622.3826122593249,0.1,0,-0.11191193541326017,RF,Peve
gene-Peve_00042169_219698,37,2,2,2,5-fold,-0.9861128615781031,1.2510928935209449,-0.6085888257949454,0.847750950142856,2.4616018647955107,0.5,2,-0.6085888257949454,ElasticNet,Peve
gene-Peve_00022332_116600,37,21,21,21,5-fold,-1.2623779403223054,1.8685453116200903,-0.4068508665269432,0.6132543731547044,699.3271198073072,0.1,0,-0.4068508665269432,ElasticNet,Peve
gene-Peve_00011305_59694,37,9,9,9,5-fold,-0.3695672977563257,0.5766044353274435,-0.5002858987869208,1.058993611884121,1.679214178312632,0.5,9,-0.3695672977563257,RF,Peve
gene-Peve_00043946_228258,37,14,14,14,5-fold,-0.8228612373112497,0.5214876531743547,-0.5650024287376008,0.3791221860951761,74.74029991470246,0.95,2,-0.5650024287376008,ElasticNet,Peve
gene-Peve_00023831_123898,37,4,4,4,5-fold,-0.0952323521212985,0.2572432747755339,-0.10082405181167382,0.09476040641626005,0.5666374521541195,0.5,4,-0.0952323521212985,RF,Peve
gene-Peve_00002219_12354,37,4,2,2,5-fold,-2.0838713418336203,3.7776283529388053,-1.9975272926422611,3.6811391459567533,0.19803163802063187,0.7,2,-1.9975272926422611,ElasticNet,Peve
gene-Peve_00012710_66699,37,24,17,17,5-fold,-0.4059101438592395,0.38451945624714207,0.051590061791165986,0.06162721958743489,1.0625551275952902,0.1,17,0.051590061791165986,ElasticNet,Peve
gene-Peve_00040530_211346,37,2,2,2,5-fold,-1.2600663780769736,1.2908732080216978,-1.293813214210807,2.07840685821721,1.8885222622852964,0.1,2,-1.2600663780769736,RF,Peve
gene-Peve_00012531_65663,37,8,6,6,5-fold,-3.2731796609238146,5.428399252056807,-0.8424524949274058,1.1679382392658426,15.364600974939151,0.95,4,-0.8424524949274058,ElasticNet,Peve
gene-Peve_00017912_94022,37,8,6,6,5-fold,-0.5384495297790999,0.4483911401214277,-0.03142475431368521,0.2503570715423692,6.1374701417059185,0.95,6,-0.03142475431368521,ElasticNet,Peve
gene-Peve_00012381_64886,37,7,6,6,5-fold,-0.6276395536684861,0.692816524381888,-0.41984246162360767,0.6703081604961036,263.6894638127481,0.1,0,-0.41984246162360767,ElasticNet,Peve
gene-Peve_00026728_139189,37,5,5,5,5-fold,-0.4360021252456301,0.399127609132505,-1.9680685817605383,3.798377664997799,0.9329368123831012,0.1,5,-0.4360021252456301,RF,Peve
gene-Peve_00039890_208040,37,3,3,3,5-fold,-0.5035899048302639,0.7452434342985497,-0.5279814201996813,0.8640236828228146,2.361331839476764,0.1,3,-0.5035899048302639,RF,Peve
gene-Peve_00026284_137033,37,7,5,5,5-fold,-1.0382769208778373,1.8453870594847879,-1.6704593985789518,3.00623449102729,77.65092683469965,0.99,1,-1.0382769208778373,RF,Peve
gene-Peve_00003467_18680,37,15,11,11,5-fold,-0.8409699278921601,0.5462594351143388,-0.5798047196950867,0.5447224596453779,484.9077155866801,0.1,0,-0.5798047196950867,ElasticNet,Peve
gene-Peve_00023217_120679,37,3,2,2,5-fold,-5.007931224073058,9.333539096455448,-2.8524123924848293,5.1301864752707935,1.8570027804570028,0.99,2,-2.8524123924848293,ElasticNet,Peve
gene-Peve_00041386_215942,37,10,9,9,5-fold,-0.43932035204982167,0.26988920374626907,-0.14375212304479676,0.11687972116730358,498.4086149288005,0.1,0,-0.14375212304479676,ElasticNet,Peve
gene-Peve_00016835_88800,37,12,9,9,5-fold,-0.40336184852374934,0.6916239677800843,-0.15464708704013264,0.21079355750736095,26.40062304272605,0.99,4,-0.15464708704013264,ElasticNet,Peve
gene-Peve_00022629_117986,37,5,5,5,5-fold,-136.25301269727922,257.2023904041798,-50.392272228284796,93.90703147858818,45.35585391770327,0.1,4,-50.392272228284796,ElasticNet,Peve
gene-Peve_00017615_92663,37,14,14,14,5-fold,-0.35079110489441023,0.4186646716786646,-0.3265654807000341,0.256501040246902,8.287355234011292,0.1,14,-0.3265654807000341,ElasticNet,Peve
gene-Peve_00021019_110216,37,21,18,18,5-fold,-0.12009381871089393,0.26777843282397673,-0.3050404954464288,0.45110752383624875,612.4337997759434,0.1,0,-0.12009381871089393,RF,Peve
gene-Peve_00029278_152804,37,16,14,14,5-fold,-9.088953565165632,17.209308547834826,-9.083030032912674,17.839087870373493,43.94148974268285,0.99,2,-9.083030032912674,ElasticNet,Peve
gene-Peve_00023162_120430,37,20,19,19,5-fold,-1.1541329782383962,2.178990689832788,-2.4180626223672457,4.101190558193196,2.4367532316464473,0.1,19,-1.1541329782383962,RF,Peve
gene-Peve_00016195_85697,37,18,5,5,5-fold,-2.856007736199248,5.048321116727282,-1.308941205044856,2.3137930797612336,283.5339372965113,0.1,0,-1.308941205044856,ElasticNet,Peve
gene-Peve_00000210_1441,37,12,11,11,5-fold,-0.3395073354724338,0.42886344859991976,-0.6688564875453729,1.0656247882556578,11.869258974579578,0.99,7,-0.3395073354724338,RF,Peve
gene-Peve_00041704_217693,37,184,143,100,5-fold,-2.54960789022458,3.1222107597596973,-0.8739071929261248,1.1170062041382354,4.929134015077342,0.1,98,-0.8739071929261248,ElasticNet,Peve
gene-Peve_00032189_167381,37,4,4,4,5-fold,-3.62686319482279,6.843761691803008,-1.6251559638383846,3.088188681681885,13.227174823102496,0.1,4,-1.6251559638383846,ElasticNet,Peve
gene-Peve_00043159_224169,37,42,34,34,5-fold,-0.42951462614052394,0.24788961415859279,-0.7342576989406824,0.7030204275586295,955.424149768489,0.1,0,-0.42951462614052394,RF,Peve
gene-Peve_00030534_159512,37,16,14,14,5-fold,-0.32016864756517205,0.5474290927316023,-0.30757293470755204,0.34475793065657434,18.75695663749127,0.99,12,-0.30757293470755204,ElasticNet,Peve
gene-Peve_00044110_228985,37,5,5,5,5-fold,-0.6978382090956103,0.8324341938068093,-0.5144774075119974,1.0593281038605207,0.18748693748363324,0.9,5,-0.5144774075119974,ElasticNet,Peve
gene-Peve_00010002_53135,37,15,14,14,5-fold,-0.9907898309252673,0.9282568854327321,-0.3701932039325429,0.46853447338197257,5.7050632944998085,0.1,13,-0.3701932039325429,ElasticNet,Peve
gene-Peve_00030744_160406,37,46,40,40,5-fold,-0.23664654260109125,0.24973654004641968,-0.5401240875910162,0.6925950685869974,97.07311184388922,0.99,2,-0.23664654260109125,RF,Peve
gene-Peve_00044110_228980,37,8,8,8,5-fold,-0.5397322700391503,0.47912350138391485,-0.373274812624221,0.476065109670318,280.21507398844653,0.1,0,-0.373274812624221,ElasticNet,Peve
gene-Peve_00013024_68335,37,9,9,9,5-fold,-0.3372246037556158,0.15690250856136848,-0.1445298786181039,0.12950393573305008,58.151666459170926,0.99,1,-0.1445298786181039,ElasticNet,Peve
gene-Peve_00034988_182324,37,2,2,2,5-fold,-0.04333379122687806,0.44995548545493896,-0.1669152023778792,0.17459071624552752,294.3680202877806,0.1,0,-0.04333379122687806,RF,Peve
gene-Peve_00016039_84923,37,7,7,7,5-fold,-0.45181711657794993,0.30232710261861645,-0.35225338289988245,0.2909821128850404,74.8908334958685,0.95,1,-0.35225338289988245,ElasticNet,Peve
gene-Peve_00013381_70233,37,4,4,4,5-fold,-0.8889100055484243,1.705267946993461,-0.9452298055601738,1.787120035789314,1.149650531903718,0.5,4,-0.8889100055484243,RF,Peve
gene-Peve_00032985_171418,37,19,19,19,5-fold,-126.93279521498005,250.81564673659372,-203.84663950795795,406.569946218475,1145.1164131854148,0.1,0,-126.93279521498005,RF,Peve
gene-Peve_00016490_87195,37,13,4,4,5-fold,-1.9086715676352601,2.9461959867710954,-1.0508545938967764,1.9621555064893752,244.68684255488688,0.1,0,-1.0508545938967764,ElasticNet,Peve
gene-Peve_00000638_3710,37,32,23,23,5-fold,-0.6923352210300094,0.24200659012503611,-0.10949302264301738,0.03788454637303722,254.76265601028263,0.1,0,-0.10949302264301738,ElasticNet,Peve
gene-Peve_00029771_155767,37,2,2,2,5-fold,-0.3109518173052691,0.43233338102882996,-0.211727976654173,0.11949206026345677,5.393827443975761,0.7,2,-0.211727976654173,ElasticNet,Peve
gene-Peve_00039649_206719,37,11,6,6,5-fold,-0.3865222854926744,1.0913512388117417,-0.18041683441221754,0.2735650120391615,19.169304896461995,0.9,3,-0.18041683441221754,ElasticNet,Peve
gene-Peve_00030534_159513,37,20,18,18,5-fold,-0.6713308509384132,0.5005157741622775,-0.4120500171433118,0.48278133746554497,39.254766057786846,0.99,3,-0.4120500171433118,ElasticNet,Peve
gene-Peve_00033121_172139,37,11,11,11,5-fold,-265.3521165493521,466.5987669335336,-50.72064920131717,88.12161857244449,269.5663430281148,0.1,0,-50.72064920131717,ElasticNet,Peve
gene-Peve_00039903_208184,37,6,2,2,5-fold,-0.3951803400626768,0.6535258772780512,-0.25952227033095987,0.3257812688621933,153.99051604500613,0.1,0,-0.25952227033095987,ElasticNet,Peve
gene-Peve_00036985_192513,37,10,6,6,5-fold,-1.3777702060634538,2.312384013538176,-4.320446088973037,8.431118066788594,5.417243251757919,0.99,5,-1.3777702060634538,RF,Peve
gene-Peve_00007988_42719,37,17,16,16,5-fold,-0.9104400093450054,2.126940950990242,-0.5303421598756272,1.0922881895062837,24.718122450982765,0.99,6,-0.5303421598756272,ElasticNet,Peve
gene-Peve_00044394_230738,37,2,2,2,5-fold,-0.8274271143531593,0.9425501589638576,-0.5814381339689547,0.934562330868705,163.40589288814587,0.1,0,-0.5814381339689547,ElasticNet,Peve
gene-Peve_00026728_139200,37,3,3,3,5-fold,-0.11432357122360719,0.3485927181980234,-0.20298120475519524,0.2192469773724342,38.540843132960845,0.7,1,-0.11432357122360719,RF,Peve
gene-Peve_00018573_97259,37,15,15,15,5-fold,-0.32555641329733154,0.20899113381193885,-0.23183378598425858,0.10287127873064325,454.9543321278441,0.1,0,-0.23183378598425858,ElasticNet,Peve
gene-Peve_00023985_124920,37,12,9,9,5-fold,-0.812880399401636,1.358096531920952,-0.2893350861913042,0.40770213933431476,1.7395308805833858,0.9,9,-0.2893350861913042,ElasticNet,Peve
gene-Peve_00036736_190922,37,21,17,17,5-fold,-0.37357470129015263,0.18915347967239352,-0.3279932672713041,0.24502727762081286,87.30146256186966,0.99,2,-0.3279932672713041,ElasticNet,Peve
gene-Peve_00026728_139199,37,3,3,3,5-fold,-0.6774165664699028,0.405134465329156,-0.1432727575553329,0.14623613670393718,461.9308036128242,0.1,0,-0.1432727575553329,ElasticNet,Peve
gene-Peve_00033155_172535,37,14,14,14,5-fold,-0.31905166866489687,0.28373265849222046,-0.11714320271262166,0.1451642828211653,566.262333983138,0.1,0,-0.11714320271262166,ElasticNet,Peve
gene-Peve_00038425_200049,37,40,28,28,5-fold,-0.5441495621560607,0.6351061697778537,-0.8147477523090643,1.2103562183392516,7.842904780597019,0.95,18,-0.5441495621560607,RF,Peve
gene-Peve_00016036_84866,37,7,7,7,5-fold,-0.14211264944905627,0.3797898105281984,-0.00015986764519611009,0.2768883448387129,0.38088223934449766,0.5,7,-0.00015986764519611009,ElasticNet,Peve
gene-Peve_00028811_150687,37,2,2,2,5-fold,-0.9377093361300469,1.1014251353469393,-0.8164897415621855,1.1391294288499816,1003.9651868002687,0.1,0,-0.8164897415621855,ElasticNet,Peve
gene-Peve_00007234_38393,37,116,104,100,5-fold,-7.753077690428773,13.631651792127608,-6.997193879612094,13.361943784312576,78.93788526356782,0.95,5,-6.997193879612094,ElasticNet,Peve
gene-Peve_00034331_179009,37,29,20,20,5-fold,-3.1982844007468003,5.915070676639008,-1.991757582522378,3.5590486060745783,14.073131198958775,0.1,20,-1.991757582522378,ElasticNet,Peve
gene-Peve_00009660_51104,37,2,2,2,5-fold,-0.21758278518446694,0.26976434754737155,-0.11157687790331512,0.24086135273864906,0.9936716834213762,0.1,2,-0.11157687790331512,ElasticNet,Peve
gene-Peve_00033462_174168,37,7,7,7,5-fold,-1.0052587321114987,1.4153251028562919,-0.4958852476424651,0.8791954404087778,346.2508925529084,0.1,0,-0.4958852476424651,ElasticNet,Peve
gene-Peve_00007146_38010,37,9,9,9,5-fold,-0.4172682700134497,0.644414647899579,-0.11069470198035583,0.13626141316556595,389.884498739445,0.1,0,-0.11069470198035583,ElasticNet,Peve
gene-Peve_00025612_133677,37,45,38,38,5-fold,-3.3008739755095653,4.267709881700213,-0.9887926719103017,1.5508080968907019,549.7747367303296,0.1,0,-0.9887926719103017,ElasticNet,Peve
gene-Peve_00036964_192371,37,31,31,31,5-fold,-0.19299374967461208,0.18645187791969633,-0.2546209532501414,0.27548223253631515,101.05598313958029,0.99,1,-0.19299374967461208,RF,Peve
gene-Peve_00029771_155763,37,7,7,7,5-fold,-0.21549802613951058,0.13649190079229442,-0.043308246187586,0.06700464365077899,487.1150343305862,0.1,0,-0.043308246187586,ElasticNet,Peve
gene-Peve_00024001_124800,37,21,16,16,5-fold,-2.247299882826252,3.510582265915575,-0.9505819274811742,1.6611034093341999,637.5330252693619,0.1,0,-0.9505819274811742,ElasticNet,Peve
gene-Peve_00011388_60017,37,7,6,6,5-fold,-3.766359036877193,6.127937552848128,-3.7245868071208745,6.52148950224508,6.091600604263027,0.7,6,-3.7245868071208745,ElasticNet,Peve
gene-Peve_00020343_106689,37,8,4,4,5-fold,-1.285685967138932,2.209141040630171,-1.4325852851426937,2.535848549565903,620.68824673487,0.1,0,-1.285685967138932,RF,Peve
gene-Peve_00018554_97165,37,11,6,6,5-fold,-0.5219937198168683,1.2170221118199376,-3.4714334761075234,6.7088432210397615,110.89427996918154,0.99,2,-0.5219937198168683,RF,Peve
gene-Peve_00037180_193307,37,20,20,20,5-fold,-0.14902791658150072,1.086353626694882,0.09642255374494839,0.34109487906841846,50.1105581335832,0.99,7,0.09642255374494839,ElasticNet,Peve
gene-Peve_00014381_75563,37,19,18,18,5-fold,-0.2029462501600922,0.3242853814225281,-0.11005285773027947,0.22557097822290745,1.176129798296466,0.5,18,-0.11005285773027947,ElasticNet,Peve
gene-Peve_00014832_78055,37,22,15,15,5-fold,-1.2469603412539474,1.4934488358162055,-0.9085534867585615,0.8662914720746915,0.5278334418406683,0.9,14,-0.9085534867585615,ElasticNet,Peve
gene-Peve_00028570_149199,37,12,10,10,5-fold,-0.4838804792241492,0.8499113399248829,-0.4204960643141085,0.7687496524184914,733.0524220005393,0.1,0,-0.4204960643141085,ElasticNet,Peve
gene-Peve_00030033_156846,37,2,2,2,5-fold,-2.9976581743538206,5.41170778818929,-2.171157601368299,4.119373111514176,478.53647059141656,0.1,0,-2.171157601368299,ElasticNet,Peve
gene-Peve_00007156_38065,37,22,20,20,5-fold,-293.3445034636858,261.82063301111884,-867.680791634526,1285.2649582679267,165.9601421265872,0.1,0,-293.3445034636858,RF,Peve
gene-Peve_00030033_156852,37,2,2,2,5-fold,-2.1763201053769747,3.6243172637000756,-1.1616885247099344,2.2029495238796115,542.584530058886,0.1,0,-1.1616885247099344,ElasticNet,Peve
gene-Peve_00024799_129662,37,15,5,5,5-fold,-2.3398186009667103,3.8272770357098933,-0.5419092721902499,0.7172357097928772,13.955257936829204,0.99,2,-0.5419092721902499,ElasticNet,Peve
gene-Peve_00023842_123870,37,3,3,3,5-fold,-0.7226830599519053,0.9884013353285843,-0.44606478402910765,0.6588491423348927,0.6691123648496706,0.1,3,-0.44606478402910765,ElasticNet,Peve
gene-Peve_00020334_106610,37,11,11,11,5-fold,-0.4413882743011873,0.4807702264566201,-0.1869443920679556,0.22807461776936935,869.0173044703134,0.1,0,-0.1869443920679556,ElasticNet,Peve
gene-Peve_00031302_162728,37,12,8,8,5-fold,-0.5706534662309484,0.6245397974232701,-0.4552476385618947,0.48893952813265434,73.26289590565486,0.99,1,-0.4552476385618947,ElasticNet,Peve
gene-Peve_00011099_58895,37,6,6,6,5-fold,-0.6108685473388662,1.1251873021781074,-9.195760819391257,16.604548024809233,6.017716539304913,0.1,6,-0.6108685473388662,RF,Peve
gene-Peve_00008338_44507,37,25,25,25,5-fold,-0.5386574421911212,1.522870505959952,-0.5201998635849153,1.2684660769499245,3.132304494545094,0.1,25,-0.5201998635849153,ElasticNet,Peve
gene-Peve_00011466_60404,37,6,6,6,5-fold,-0.7874550934313109,0.7562462354032138,-1.1849035358368205,1.26199735175553,2.5258100256700105,0.1,6,-0.7874550934313109,RF,Peve
gene-Peve_00003529_18953,37,10,7,7,5-fold,-1.1095937828550801,1.1700460428353427,-2.59360719759824,3.308956071936128,462.6597668957826,0.1,0,-1.1095937828550801,RF,Peve
gene-Peve_00044058_228732,37,9,5,5,5-fold,-0.33938758869495744,0.3138921954088385,-0.8760002314706998,1.9728007485574668,0.4054065938271599,0.7,5,-0.33938758869495744,RF,Peve
gene-Peve_00021920_114662,37,11,11,11,5-fold,-0.46869813570497154,0.795846789754585,-0.33575687962386297,0.3421125166229049,636.3536260026428,0.1,0,-0.33575687962386297,ElasticNet,Peve
gene-Peve_00006856_36528,37,4,4,4,5-fold,-0.10419842482732092,0.26865028994374435,-0.23153517306081403,0.22838914574104754,2.649144577072697,0.5,4,-0.10419842482732092,RF,Peve
gene-Peve_00013452_70009,37,21,15,15,5-fold,-0.3302257643353614,0.24133327919932954,-0.08789655557837317,0.08448711918357582,8.456489437977485,0.95,12,-0.08789655557837317,ElasticNet,Peve
gene-Peve_00006846_36454,37,13,11,11,5-fold,-0.4498697031117153,0.18300478958747043,-0.0893502481660207,0.04236428097913713,0.1112435878157865,0.5,11,-0.0893502481660207,ElasticNet,Peve
gene-Peve_00005364_28996,37,3,3,3,5-fold,-1.5713595726210559,2.79068016917379,-1.2372517583515847,2.2650103574215272,542.8871031047103,0.1,0,-1.2372517583515847,ElasticNet,Peve
gene-Peve_00024250_126418,37,9,6,6,5-fold,-1.4481678060348735,2.258402889395774,-0.577325408363607,0.69062690546771,535.7032579497538,0.1,0,-0.577325408363607,ElasticNet,Peve
gene-Peve_00031630_164543,37,10,6,6,5-fold,-0.4040430544349773,0.30356365961516435,-2.472134543028265,4.722585851781966,322.63877422866994,0.1,0,-0.4040430544349773,RF,Peve
gene-Peve_00036448_189406,37,9,6,6,5-fold,-2.140926510608252,3.6068253431093225,-2.104100122631121,3.9949872313184622,4.3855596305896425,0.99,4,-2.104100122631121,ElasticNet,Peve
gene-Peve_00043837_227883,37,2,2,2,5-fold,-0.19181124595793153,0.13952254293747615,-0.07437154249775357,0.053825215313026406,2.8656883439483734,0.1,2,-0.07437154249775357,ElasticNet,Peve
gene-Peve_00006856_36512,37,5,5,5,5-fold,-0.3391514973463998,0.8183418071427272,-0.3074419383458328,0.49511037743767383,32.635936609599945,0.7,2,-0.3074419383458328,ElasticNet,Peve
gene-Peve_00018573_97260,37,7,7,7,5-fold,-0.2838874014871871,0.34376831101169464,-0.1137399638587691,0.059457109640764665,473.3327375412875,0.1,0,-0.1137399638587691,ElasticNet,Peve
gene-Peve_00020429_107075,37,10,7,7,5-fold,-7.02688505807326,9.212522135268447,-1.9296335656754624,2.621007956048695,25.461717745732834,0.99,2,-1.9296335656754624,ElasticNet,Peve
gene-Peve_00024951_130398,37,2,2,2,5-fold,-0.034833528744629305,0.22072432713981205,-0.08248186265772542,0.0901256316477843,2.1044136013984907,0.1,2,-0.034833528744629305,RF,Peve
gene-Peve_00000550_3099,37,49,26,26,5-fold,-0.3017773778600721,0.3612055026466392,-0.2898912758821031,0.5041826419478336,2.2812401413513173,0.1,26,-0.2898912758821031,ElasticNet,Peve
gene-Peve_00032247_167716,37,42,39,39,5-fold,-1.291107835993018,1.1324366682189613,-0.23773069199410676,0.13836074579032936,782.9173115190273,0.1,0,-0.23773069199410676,ElasticNet,Peve
gene-Peve_00031660_164782,37,5,5,5,5-fold,-1.4556675517247029,2.0366783776725566,-0.8255703156496359,1.252508186617425,861.9150513540759,0.1,0,-0.8255703156496359,ElasticNet,Peve
gene-Peve_00012025_62855,37,58,44,44,5-fold,0.23737275919890094,0.14475890725441382,-0.10038708908320512,0.19102932820924362,4.974017830487774,0.1,44,0.23737275919890094,RF,Peve
gene-Peve_00024596_128711,37,8,6,6,5-fold,-1.2522998471419773,2.0962493501269317,-1.4104080766039484,2.735485241426128,634.4618931538294,0.1,0,-1.2522998471419773,RF,Peve
gene-Peve_00039352_205287,37,6,4,4,5-fold,-0.26882853980878496,0.4007817129715138,-0.24682754483190467,0.3223309012562918,248.55958290439216,0.1,0,-0.24682754483190467,ElasticNet,Peve
gene-Peve_00043321_224935,37,9,3,3,5-fold,-0.8604918237431812,1.8187808444159768,-0.3199316815036396,0.7844925355886745,4.787434538826401,0.99,3,-0.3199316815036396,ElasticNet,Peve
gene-Peve_00039172_204368,37,6,6,6,5-fold,-0.17152482885561485,0.4871344485808933,-0.338127108984179,0.5840729002311772,0.34173762570506216,0.5,6,-0.17152482885561485,RF,Peve
gene-Peve_00003352_18129,37,4,4,4,5-fold,-0.21232998418292795,0.31723342735379473,-0.33226519897061774,0.24647752918413104,21.425283897157843,0.9,2,-0.21232998418292795,RF,Peve
gene-Peve_00022814_118767,37,72,64,64,5-fold,-0.5427611438268505,0.29033766328119537,-0.23994413865570294,0.18963149582126904,3.1189458027528683,0.1,64,-0.23994413865570294,ElasticNet,Peve
gene-Peve_00045326_235719,37,9,9,9,5-fold,-0.5154115292744705,0.3525013274341022,-0.6329943123726911,0.8756897217856618,65.22526671836799,0.99,1,-0.5154115292744705,RF,Peve
gene-Peve_00045235_235130,37,4,4,4,5-fold,-1.1374982931620266,1.0484798989455077,-0.4119014458837914,0.3975088771910533,2.8880458351637484,0.1,4,-0.4119014458837914,ElasticNet,Peve
gene-Peve_00019319_101458,37,10,9,9,5-fold,-0.1654220436491634,0.08572932746265241,-0.06476653222461089,0.07319931966422205,23.045061405177687,0.95,2,-0.06476653222461089,ElasticNet,Peve
gene-Peve_00042555_221269,37,16,7,7,5-fold,-1.2062173083117718,1.7060272212883665,-0.6025587519701652,1.0601868936213645,0.3717317068221482,0.5,7,-0.6025587519701652,ElasticNet,Peve
gene-Peve_00044113_228992,37,3,3,3,5-fold,0.006930197770070689,0.15455669551929196,-0.0454292353994616,0.10914335372116646,2.993619274515959,0.1,3,0.006930197770070689,RF,Peve
gene-Peve_00036121_187605,37,29,25,25,5-fold,-1.3492489300719648,2.1339311770976352,-1.3960670138043838,1.1246780981157498,68.40103417007221,0.99,6,-1.3492489300719648,RF,Peve
gene-Peve_00018396_96593,37,21,11,11,5-fold,-0.2900922051080964,0.10288358588144737,-0.1401539775221424,0.08733601109471739,589.918718219594,0.1,0,-0.1401539775221424,ElasticNet,Peve
gene-Peve_00007772_41509,37,4,4,4,5-fold,-0.10961573784531702,0.34783271137996447,-0.08071912128986876,0.14606989715822935,3.053803064671409,0.9,4,-0.08071912128986876,ElasticNet,Peve
gene-Peve_00032585_169253,37,12,12,12,5-fold,-0.8718940862086766,1.4141767484571772,-0.30849782799733194,0.5359546851581317,1675.5410918418115,0.1,0,-0.30849782799733194,ElasticNet,Peve
gene-Peve_00014920_78501,37,5,4,4,5-fold,-0.7811079549943661,0.6803604752700901,-0.7201183647490474,0.9183977104251206,412.61628888652734,0.1,0,-0.7201183647490474,ElasticNet,Peve
gene-Peve_00024647_128611,37,9,6,6,5-fold,0.07532277117588018,0.2594042169131268,-0.04427212717640707,0.17105271984180845,23.44073125948403,0.99,2,0.07532277117588018,RF,Peve
gene-Peve_00032294_168059,37,28,7,7,5-fold,-0.35572114269271504,0.15810796033868676,-0.11736783739017417,0.04305836160366021,81.93677155116531,0.99,1,-0.11736783739017417,ElasticNet,Peve
gene-Peve_00022915_119424,37,11,11,11,5-fold,-0.3000171988502261,0.2858436310618724,-0.02083008432813451,0.023695652161021687,713.5717641821442,0.1,0,-0.02083008432813451,ElasticNet,Peve
gene-Peve_00022208_116132,37,5,3,3,5-fold,-0.25997490292994735,0.2742267516620439,-0.05929602760916639,0.06315959639434898,201.00659340002272,0.1,0,-0.05929602760916639,ElasticNet,Peve
gene-Peve_00018456_96716,37,17,16,16,5-fold,-0.8663470618734583,1.5313583423407953,-1.9999434679576322,3.7979266493008597,0.39907317289986155,0.5,16,-0.8663470618734583,RF,Peve
gene-Peve_00036810_191432,37,8,8,8,5-fold,-3.804839876314253,7.25016553832575,-2.9700970574899026,5.783911187297254,291.00397947759444,0.1,0,-2.9700970574899026,ElasticNet,Peve
gene-Peve_00000792_4596,37,9,9,9,5-fold,-1.0439473191738335,1.2986074795437428,-0.4776879965556396,0.7543600103357883,632.3305813213974,0.1,0,-0.4776879965556396,ElasticNet,Peve
gene-Peve_00031673_165021,37,2,2,2,5-fold,-0.704527007492476,0.754115460432585,-0.6818482454523002,1.2181853159771856,9.098792890091692,0.99,2,-0.6818482454523002,ElasticNet,Peve
gene-Peve_00032713_170316,37,43,18,18,5-fold,-1.1047364328323996,1.6846091944910433,-0.7097911689454308,1.009169005533548,39.78756806816274,0.99,3,-0.7097911689454308,ElasticNet,Peve
gene-Peve_00013961_73585,37,3,3,3,5-fold,-0.3786870965126377,0.42642191910450356,-0.19635452550974986,0.369068974793215,1.423039483834573,0.1,3,-0.19635452550974986,ElasticNet,Peve
gene-Peve_00001451_7966,37,10,10,10,5-fold,-7.09997292876199,13.336255667939982,-2.4238225067754082,4.5309544097146865,43.29339644524295,0.1,10,-2.4238225067754082,ElasticNet,Peve
gene-Peve_00006234_32667,37,47,28,28,5-fold,-0.8883678883986914,1.5103315686480814,-1.2811664741257665,2.2262894224131737,886.6219424942415,0.1,0,-0.8883678883986914,RF,Peve
gene-Peve_00033407_173842,37,3,3,3,5-fold,-0.5007293239720398,0.6536318042258291,-0.15755794574718407,0.23173889432101938,192.6734728262435,0.1,0,-0.15755794574718407,ElasticNet,Peve
gene-Peve_00021248_111272,37,14,5,5,5-fold,-1.2879742584499247,1.7503721017660911,-0.6022337910991492,0.7855664032566683,1.8304127942217927,0.1,5,-0.6022337910991492,ElasticNet,Peve
gene-Peve_00014156_74530,37,7,7,7,5-fold,-0.7533700557156395,0.6036378966231261,-0.445785831058064,0.5672027052469515,638.0551951440104,0.1,0,-0.445785831058064,ElasticNet,Peve
gene-Peve_00003934_21108,37,5,5,5,5-fold,-0.4569393849375025,0.6279700205506518,-0.6607980646556145,0.7861581777065577,3.8333812012922004,0.99,4,-0.4569393849375025,RF,Peve
gene-Peve_00037097_192921,37,44,21,21,5-fold,-1.9785270347731128,3.214663806957297,-1.254192756932574,2.1544664933575306,925.1818187601633,0.1,0,-1.254192756932574,ElasticNet,Peve
gene-Peve_00040575_211534,37,5,5,5,5-fold,-0.44179542594893395,0.20117428392118114,-0.21410586826631364,0.09625491347631564,529.8242305535614,0.1,0,-0.21410586826631364,ElasticNet,Peve
gene-Peve_00040996_213997,37,8,8,8,5-fold,-0.04705930829528617,0.19143990035104771,-0.12111760852209426,0.12730968747272753,0.32900796002223454,0.5,8,-0.04705930829528617,RF,Peve
gene-Peve_00043801_227635,37,9,8,8,5-fold,-0.34155684303709977,0.25313437454573745,-0.20856639248621697,0.12758475578347572,16.532714786046945,0.9,6,-0.20856639248621697,ElasticNet,Peve
gene-Peve_00000097_872,37,5,5,5,5-fold,-0.4776040453449858,0.8210475177124492,-2.0877038039833913,4.034209925711534,1.8741273505744176,0.1,5,-0.4776040453449858,RF,Peve
gene-Peve_00004075_21671,37,43,42,42,5-fold,-0.2017200575568922,0.4826856324233888,-0.11350482863624048,0.07642406348487571,4.712469046090487,0.1,42,-0.11350482863624048,ElasticNet,Peve
gene-Peve_00004912_26879,37,5,5,5,5-fold,-0.276804393328297,0.5418221758260479,-0.7746804847302527,1.061998464079774,0.6003011037726076,0.1,5,-0.276804393328297,RF,Peve
gene-Peve_00015285_80497,37,12,11,11,5-fold,-1.4673865101903114,2.486058858438798,-0.6223702776261971,0.9231371145708144,503.9484166667779,0.1,0,-0.6223702776261971,ElasticNet,Peve
gene-Peve_00021930_114716,37,9,8,8,5-fold,-0.3993433350475411,1.0315584914224212,-0.2730338833990542,0.14718848157233272,483.4502449554844,0.1,5,-0.2730338833990542,ElasticNet,Peve
gene-Peve_00023595_122816,37,3,3,3,5-fold,-1.7092735614514023,2.971914343440735,-0.7072746284870248,1.2616695502342208,5.87245354932066,0.1,3,-0.7072746284870248,ElasticNet,Peve
gene-Peve_00042562_221316,37,10,10,10,5-fold,-0.6385636096335283,0.9287519377426524,-0.21091929288448394,0.20895789713902344,546.4415583354184,0.1,0,-0.21091929288448394,ElasticNet,Peve
gene-Peve_00037670_195929,37,13,13,13,5-fold,-2.2126949751855767,4.245577726047373,-2.7262484535041316,5.296460798709121,8.761036311741236,0.1,13,-2.2126949751855767,RF,Peve
gene-Peve_00028313_148033,37,7,7,7,5-fold,-0.24526551468912752,0.2591983767660085,-1.2849766637734616,2.4721720056128498,649.386414108102,0.1,0,-0.24526551468912752,RF,Peve
gene-Peve_00007850_41853,37,4,4,4,5-fold,-2.864533048826961,4.79002077163109,-1.3999910224936831,2.5073717751091684,116.05781171778142,0.1,0,-1.3999910224936831,ElasticNet,Peve
gene-Peve_00018146_95208,37,14,12,12,5-fold,-0.22186377168389915,0.16263017561431617,-0.04904097367679807,0.11076117890418744,2.3539166018899573,0.1,12,-0.04904097367679807,ElasticNet,Peve
gene-Peve_00003185_17132,37,23,18,18,5-fold,-0.0730307533049371,0.2221783735843383,-0.024249633943893522,0.02055967551491319,653.6527840948308,0.1,0,-0.024249633943893522,ElasticNet,Peve
gene-Peve_00003550_19179,37,16,10,10,5-fold,-0.7234130217903362,0.5277056429575506,-0.2730023791385207,0.3743208403354562,0.3846157446955837,0.7,10,-0.2730023791385207,ElasticNet,Peve
gene-Peve_00005439_29386,37,6,5,5,5-fold,-0.46799034146450147,0.9410498032085334,-0.9447092568411806,1.5950148184779562,441.54981555453,0.1,0,-0.46799034146450147,RF,Peve
gene-Peve_00010947_57922,37,8,7,7,5-fold,-0.21189232931559232,0.5329426045955636,-0.2240687829367681,0.358061121162396,449.4685090826706,0.1,0,-0.21189232931559232,RF,Peve
gene-Peve_00033468_174177,37,6,6,6,5-fold,-0.3716056316875294,0.3887373344596357,-0.5651774508549021,0.31731122225565506,634.9500359681912,0.1,0,-0.3716056316875294,RF,Peve
gene-Peve_00010585_56262,37,3,3,3,5-fold,-2.300844184639928,3.3454263573694587,-1.2248126543466111,1.602094167092164,128.61629621339162,0.1,0,-1.2248126543466111,ElasticNet,Peve
gene-Peve_00007954_42561,37,5,5,5,5-fold,-1.310453873956208,2.497478429083137,-1.5438571467967779,2.8209202661406247,359.0871824658781,0.1,0,-1.310453873956208,RF,Peve
gene-Peve_00028185_146989,37,6,6,6,5-fold,-0.5387287133229591,0.7963638756815978,-0.34923904457666394,0.38477627058389696,582.5434609956897,0.1,0,-0.34923904457666394,ElasticNet,Peve
gene-Peve_00000209_1380,37,27,24,24,5-fold,-0.812572121819515,0.5821941323433254,-0.9080110464462731,1.3117013752145372,0.9462705340402863,0.1,24,-0.812572121819515,RF,Peve
gene-Peve_00020217_105979,37,4,4,4,5-fold,-0.3036137176913267,0.5338751556300315,-0.10555199500192085,0.15915210048234754,249.0695134889081,0.1,0,-0.10555199500192085,ElasticNet,Peve
gene-Peve_00012710_66705,37,4,3,3,5-fold,-0.3058156669246272,0.3571819854362843,-0.19769391514573456,0.2330494150051991,440.9330839267772,0.1,0,-0.19769391514573456,ElasticNet,Peve
gene-Peve_00001436_7774,37,12,9,9,5-fold,-8.524620688319585,15.903307023848683,-4.801664778700413,9.250866739061282,49.168230920864005,0.99,3,-4.801664778700413,ElasticNet,Peve
gene-Peve_00029780_155821,37,6,3,3,5-fold,-0.0057052535350113455,0.14344086913961307,-0.01927330849869824,0.012364523016434679,3.9261296391041896,0.1,3,-0.0057052535350113455,RF,Peve
gene-Peve_00017705_93047,37,36,23,23,5-fold,-2.0813672481613152,3.221754571094253,-1.6590926303072764,2.8612992634933994,76.81029504761649,0.9,1,-1.6590926303072764,ElasticNet,Peve
gene-Peve_00017996_94389,37,15,13,13,5-fold,-0.40713813675215516,0.813803803820427,-0.4790992385757648,0.7440895239000725,1376.1580391987068,0.1,0,-0.40713813675215516,RF,Peve
gene-Peve_00012697_66598,37,14,14,14,5-fold,-0.7961197339030633,0.9814995425425158,-0.247730588158727,0.32305523755456383,10.978845065459991,0.99,10,-0.247730588158727,ElasticNet,Peve
gene-Peve_00034380_179305,37,5,5,5,5-fold,-0.23117670329939916,0.17348400820783597,-0.11380138542689436,0.11771924058218018,9.24744920631045,0.1,5,-0.11380138542689436,ElasticNet,Peve
gene-Peve_00021995_115039,37,26,24,24,5-fold,-0.18740888834587285,0.3217506320090757,-0.19050592246756226,0.059991497730574925,11.800158178640535,0.7,22,-0.18740888834587285,RF,Peve
gene-Peve_00001440_7858,37,4,3,3,5-fold,-1.0854223494918742,1.1976855846893957,-2.6430026160048614,3.9074465261147724,1488.1254296627594,0.1,0,-1.0854223494918742,RF,Peve
gene-Peve_00033520_174685,37,30,20,20,5-fold,-0.6025040877564993,0.5906706287419423,-0.7535450682948597,0.3640126136021269,13.825907123396425,0.7,18,-0.6025040877564993,RF,Peve
gene-Peve_00026728_139193,37,2,2,2,5-fold,-0.24104731651260458,0.09233486789638534,-0.20946879066039736,0.3133322946470176,423.8205459092279,0.1,0,-0.20946879066039736,ElasticNet,Peve
gene-Peve_00003934_21106,37,7,7,7,5-fold,-0.42333437737452273,0.6017101627871233,-0.30800855682512485,0.42339317847392693,475.5072857492446,0.1,0,-0.30800855682512485,ElasticNet,Peve
gene-Peve_00024951_130399,37,2,2,2,5-fold,-0.3147958312341796,0.38533945639755535,-0.17902604259492136,0.28382851757658395,20.109735812870355,0.95,1,-0.17902604259492136,ElasticNet,Peve
gene-Peve_00028185_146987,37,7,7,7,5-fold,-0.3446918327609444,0.3895776558525428,-0.25764750499908484,0.4283501515536325,30.83909239375373,0.95,2,-0.25764750499908484,ElasticNet,Peve
gene-Peve_00011108_58948,37,5,4,4,5-fold,-0.27907271379629767,0.5135309447009616,-0.27529837652212713,0.41475686434860887,668.1264448223887,0.1,0,-0.27529837652212713,ElasticNet,Peve
gene-Peve_00008749_46751,37,6,6,6,5-fold,-0.14279652973671514,0.11109758646410242,-0.14748985842147916,0.13857347415913254,224.81428697245138,0.1,0,-0.14279652973671514,RF,Peve
gene-Peve_00000686_3804,37,16,16,16,5-fold,-0.30376188967319206,0.388614878836841,-0.1401369982766174,0.20017576986485777,85.30214256297275,0.7,3,-0.1401369982766174,ElasticNet,Peve
gene-Peve_00004730_25863,37,56,47,47,5-fold,-0.06198881373219063,0.14931215183103877,0.05812567060684837,0.06896321564749926,7.456942689547945,0.9,36,0.05812567060684837,ElasticNet,Peve
gene-Peve_00005936_31460,37,9,8,8,5-fold,-0.7634096233006462,1.1512118594748229,-1.289582467598614,2.1634927688338217,3.9774633967803883,0.1,8,-0.7634096233006462,RF,Peve
gene-Peve_00044526_231575,37,18,16,16,5-fold,-0.3579630398923963,0.13893162914483162,-0.17272526694040669,0.17310324246830175,60.09577750740868,0.9,4,-0.17272526694040669,ElasticNet,Peve
gene-Peve_00024251_126426,37,63,36,36,5-fold,-2.2430747004975227,4.0329245013326345,-1.1778893200034508,1.9487547875112081,71.41191533408066,0.99,2,-1.1778893200034508,ElasticNet,Peve
gene-Peve_00036448_189407,37,7,3,3,5-fold,-3.29438926735248,6.776552018951503,-2.6703439735048144,4.35596084915953,388.0100838919335,0.1,0,-2.6703439735048144,ElasticNet,Peve
gene-Peve_00023645_123013,37,7,7,7,5-fold,-0.23533110012168623,0.3008961054532146,-1.5130809109707453,2.583496164751497,527.3690470395251,0.1,0,-0.23533110012168623,RF,Peve
gene-Peve_00018524_96966,37,3,3,3,5-fold,-1.615915613531166,2.8376326389950948,-1.0200002800060344,1.8529811097571804,403.5011635705277,0.1,0,-1.0200002800060344,ElasticNet,Peve
gene-Peve_00040520_211257,37,2,2,2,5-fold,-0.8788593015495991,0.5676069930849409,-0.45002238513693554,0.6464245543432096,336.1692969854971,0.1,0,-0.45002238513693554,ElasticNet,Peve
gene-Peve_00017512_92154,37,10,10,10,5-fold,-71.75447527299391,98.85989773983096,-126.93323015060248,213.13465888884267,64.11156223956647,0.99,1,-71.75447527299391,RF,Peve
gene-Peve_00018194_95536,37,8,3,3,5-fold,-0.4364373949075425,0.8037527435874408,-0.5675204334608003,0.9509629427411268,1.4193289233796147,0.1,3,-0.4364373949075425,RF,Peve
gene-Peve_00035306_183836,37,2,2,2,5-fold,-0.27000322197075105,0.3349017574937681,-0.14466107926564462,0.29172680871281365,1.301811159831457,0.1,2,-0.14466107926564462,ElasticNet,Peve
gene-Peve_00014265_75040,37,27,16,16,5-fold,-0.6541032559278092,0.540870168276133,-0.3576723554583882,0.34649269948656164,2.8369027793413504,0.1,16,-0.3576723554583882,ElasticNet,Peve
gene-Peve_00042169_219699,37,5,5,5,5-fold,-0.6604704872663346,1.1054082265732073,-0.6332186974578413,0.9427226738801805,510.5057289772306,0.1,0,-0.6332186974578413,ElasticNet,Peve
gene-Peve_00026728_139188,37,4,3,3,5-fold,-0.3320088626173076,0.24924782052324387,-0.13010498922565597,0.1275835065016665,1.092898416060098,0.99,2,-0.13010498922565597,ElasticNet,Peve
gene-Peve_00026728_139195,37,5,5,5,5-fold,-0.1876263591876326,0.6848161735858718,-0.3713654801643546,0.5878073233351325,8.741084390381738,0.9,3,-0.1876263591876326,RF,Peve
gene-Peve_00044942_233707,37,4,4,4,5-fold,-0.07071419100800977,0.21564187224570974,-0.1285424400234781,0.0723484513747198,1.2975478142469605,0.1,4,-0.07071419100800977,RF,Peve
gene-Peve_00007614_40608,37,13,10,10,5-fold,-10.036114353564098,19.672271754297643,-6.5739367959895985,12.893557710699989,1070.526174378258,0.1,0,-6.5739367959895985,ElasticNet,Peve
gene-Peve_00006190_32530,37,12,12,12,5-fold,-0.3989058379301248,0.6147669820213206,-0.31511911918539204,0.30769687647694133,1.0898244493666238,0.1,12,-0.31511911918539204,ElasticNet,Peve
gene-Peve_00029610_154782,37,18,18,18,5-fold,0.21046417864432532,0.13560382904870555,-0.11619360527012886,0.16021111184585685,1201.7862374415006,0.1,0,0.21046417864432532,RF,Peve
gene-Peve_00032107_167093,37,17,17,17,5-fold,-18.134418337043158,35.67522928478203,-3.775004091801739,7.186322158706516,13.79668046891607,0.1,15,-3.775004091801739,ElasticNet,Peve
gene-Peve_00012777_66948,37,7,7,7,5-fold,-0.08037025951138552,0.3488520185309954,-0.064690023789906,0.03411772625966916,640.1798069922089,0.1,0,-0.064690023789906,ElasticNet,Peve
gene-Peve_00038391_199644,37,7,7,7,5-fold,-0.056981450519956935,0.5571448857237528,-0.07276023803378193,0.4064544926248238,1.5107771899513809,0.5,6,-0.056981450519956935,RF,Peve
gene-Peve_00042784_222090,37,56,42,42,5-fold,-1.7428204299971122,1.9087802356944676,-0.6065085206755711,0.8836469818986917,2.5565244103321834,0.7,42,-0.6065085206755711,ElasticNet,Peve
gene-Peve_00026671_138988,37,11,11,11,5-fold,0.1805498791669081,0.19361866427412935,0.18980231084261215,0.1746953173302632,16.876264889076353,0.99,7,0.18980231084261215,ElasticNet,Peve
gene-Peve_00025620_133763,37,12,9,9,5-fold,-5.5287991256261115,10.709649196166959,-6.906124803168154,13.503591506923646,1.599881287089447,0.1,9,-5.5287991256261115,RF,Peve
gene-Peve_00009560_50494,37,19,17,17,5-fold,-2.6180085633550276,4.468227613717677,-2.0400748763273864,3.5371991853896683,753.1437678865487,0.1,0,-2.0400748763273864,ElasticNet,Peve
gene-Peve_00003529_18944,37,11,10,10,5-fold,-0.22849119594554188,0.18832516562014978,-0.6216170908826484,1.0552315382482056,595.9751470795355,0.1,0,-0.22849119594554188,RF,Peve
gene-Peve_00040088_209229,37,8,5,5,5-fold,-869.0754924845156,1736.564882809315,-888.5327321331375,1775.698599195023,14.461045444888828,0.95,4,-869.0754924845156,RF,Peve
gene-Peve_00027273_142373,37,230,194,100,5-fold,-0.6866166037196508,1.110854716427187,-0.2224953941955614,0.5449623605445764,0.7374111138140571,0.5,95,-0.2224953941955614,ElasticNet,Peve
gene-Peve_00008658_45978,37,5,4,4,5-fold,-0.2784403394364322,0.16624694474425356,-0.04741934863366506,0.04156849778956802,497.91950446214986,0.1,0,-0.04741934863366506,ElasticNet,Peve
gene-Peve_00001445_7904,37,8,6,6,5-fold,-2.5680949614686557,3.071053529385098,-6.272657742674859,7.601926829662396,3.429833598839547,0.1,6,-2.5680949614686557,RF,Peve
gene-Peve_00026728_139187,37,3,3,3,5-fold,0.026090504502034186,0.1761350277262255,-0.162460833726295,0.15775642197453865,6.463716420678834,0.1,3,0.026090504502034186,RF,Peve
gene-Peve_00005783_30970,37,5,3,3,5-fold,-0.6361199820596914,0.5729573972079368,-0.7701858469187609,1.1953480297854395,1.7806541486856156,0.1,3,-0.6361199820596914,RF,Peve
gene-Peve_00043747_227358,37,5,4,4,5-fold,-0.5772089302348699,0.41987600912307105,-0.19276131735003693,0.2919472353939693,342.6542826406194,0.1,0,-0.19276131735003693,ElasticNet,Peve
gene-Peve_00043035_223642,37,6,5,5,5-fold,-0.9536585501100312,1.802064322300149,-0.9738126609522466,1.8349996810677802,1.0251402591728882,0.1,5,-0.9536585501100312,RF,Peve
gene-Peve_00040691_211985,37,37,32,32,5-fold,-0.7832524400604548,0.8199573417358356,-0.44770372503829403,0.5998225638438471,1403.0384039351038,0.1,0,-0.44770372503829403,ElasticNet,Peve
gene-Peve_00003024_16453,37,10,10,10,5-fold,-0.6404755983397534,0.48772648027061005,-0.22293704004842593,0.188472514141184,795.232315810914,0.1,0,-0.22293704004842593,ElasticNet,Peve
gene-Peve_00005803_31001,37,13,13,13,5-fold,-0.5424187740891615,0.28264359363469366,-0.22585625316555907,0.1340481346887588,30.664057464709646,0.99,5,-0.22585625316555907,ElasticNet,Peve
gene-Peve_00030262_158120,37,4,4,4,5-fold,-1.556636174135812,2.7148807327751046,-0.8640755180981147,1.6084183893428796,702.749585290825,0.1,0,-0.8640755180981147,ElasticNet,Peve
gene-Peve_00009653_51121,37,2,2,2,5-fold,-0.1427578515187685,0.477554207870138,-0.0034581220310139437,0.3134279795569381,1.433391057766371,0.5,2,-0.0034581220310139437,ElasticNet,Peve
gene-Peve_00030740_160369,37,5,5,5,5-fold,-1.2293268132039625,2.7706034492735023,-1.0330070300689331,1.8989603758290907,35.918858925723555,0.99,2,-1.0330070300689331,ElasticNet,Peve
gene-Peve_00018002_94433,37,2,2,2,5-fold,-4.469169142228571,8.427338876863145,-4.134681333578116,8.124006074338075,13.492312189287436,0.7,2,-4.134681333578116,ElasticNet,Peve
gene-Peve_00023277_120998,37,4,4,4,5-fold,-0.35714743456717,0.2680052640754724,-0.3184733641784704,0.2843329934822586,426.316553959052,0.1,0,-0.3184733641784704,ElasticNet,Peve
gene-Peve_00014894_78315,37,2,2,2,5-fold,-0.28046670453995637,0.5190833414777973,-0.1901183672179243,0.20448485573771558,236.21584315920774,0.1,1,-0.1901183672179243,ElasticNet,Peve
gene-Peve_00013910_73248,37,5,5,5,5-fold,-0.4075824958516467,0.695741067374135,-0.6052727133143435,0.7516387396211185,8.810844034888184,0.9,4,-0.4075824958516467,RF,Peve
gene-Peve_00037364_194340,37,16,16,16,5-fold,-1.6462835602436285,2.4413966681418398,-0.7073484252530058,1.0321548274738377,820.5655845405356,0.1,0,-0.7073484252530058,ElasticNet,Peve
gene-Peve_00027023_140801,37,18,18,18,5-fold,-0.7361619707957752,0.6401645974951348,-0.6331755875193593,0.40065440905112165,27.25925416764259,0.95,8,-0.6331755875193593,ElasticNet,Peve
gene-Peve_00002968_16301,37,3,3,3,5-fold,-0.7594974013291866,1.4400600378459296,-0.3221459597760947,0.5335761294867751,376.8096979277965,0.1,0,-0.3221459597760947,ElasticNet,Peve
gene-Peve_00009651_51112,37,5,5,5,5-fold,-1.0242923980823617,1.061854551272041,-0.40089239789111775,0.5617210929712667,80.92530517063713,0.7,1,-0.40089239789111775,ElasticNet,Peve
gene-Peve_00042523_221317,37,16,16,16,5-fold,-0.7739887957827948,0.7412401935334704,-0.2966791089759641,0.1700248017990545,800.2063876323629,0.1,0,-0.2966791089759641,ElasticNet,Peve
gene-Peve_00009651_51111,37,2,2,2,5-fold,-0.7221954078830952,0.9715381385758479,-0.4159641781663893,0.6505365783090943,9.345049156857614,0.99,2,-0.4159641781663893,ElasticNet,Peve
gene-Peve_00032189_167386,37,10,8,8,5-fold,-2.062897328628881,3.9544032946324466,-1.7234000909491631,3.26062660462302,104.44545543231513,0.7,2,-1.7234000909491631,ElasticNet,Peve
gene-Peve_00003311_17956,37,32,23,23,5-fold,-0.23278462116796952,0.28577073634919314,-0.3560573646588777,0.6178152812898148,40.032104433035606,0.99,5,-0.23278462116796952,RF,Peve
gene-Peve_00019319_101459,37,16,16,16,5-fold,-0.3238512414350997,0.30420557072245474,-0.020002914806409054,0.03010008430262078,724.375477649,0.1,0,-0.020002914806409054,ElasticNet,Peve
gene-Peve_00037339_194306,37,5,5,5,5-fold,-0.2088836287430759,0.21963084407878142,-0.14582014205952895,0.13458266568852728,36.74451984610063,0.9,4,-0.14582014205952895,ElasticNet,Peve
gene-Peve_00044102_228936,37,17,15,15,5-fold,-812.6260701556728,1414.2927870253566,-645.1209681663497,1188.2552199861677,64.37242843940726,0.95,1,-645.1209681663497,ElasticNet,Peve
gene-Peve_00010310_54736,37,15,11,11,5-fold,-1.1924071103850475,2.0318606137260202,-1.5279940471971083,1.740588261918819,819.2801965997594,0.1,0,-1.1924071103850475,RF,Peve
gene-Peve_00016797_88566,37,11,10,10,5-fold,-0.43071752946636205,0.5392704100448037,-0.23331056125302863,0.29136903088136307,98.21498381190592,0.99,0,-0.23331056125302863,ElasticNet,Peve
gene-Peve_00041741_217271,37,20,17,17,5-fold,-1.3009065773550903,1.6230703418968053,-0.6053142988077536,0.682231143392125,18.19465941163845,0.7,9,-0.6053142988077536,ElasticNet,Peve
gene-Peve_00022921_119460,37,50,34,34,5-fold,-0.16465232844969166,0.5012152913100236,-0.2569199260490096,0.34584838733064915,1004.3078788648467,0.1,0,-0.16465232844969166,RF,Peve
gene-Peve_00020842_109192,37,14,7,7,5-fold,-0.5243658958932746,0.6304377159980059,-1.5780494113393089,2.0324401592667742,1.3112950839503776,0.9,7,-0.5243658958932746,RF,Peve
gene-Peve_00007954_42558,37,5,5,5,5-fold,-1.8431837290319097,2.9436842320936636,-1.5991179475806652,2.93486342501999,253.1103880213162,0.1,0,-1.5991179475806652,ElasticNet,Peve
gene-Peve_00023800_123722,37,3,3,3,5-fold,-10.830722250702598,20.695614372167718,-13.52963593381505,26.870080790661415,163.52537311657804,0.1,0,-10.830722250702598,RF,Peve
gene-Peve_00041386_215944,37,2,2,2,5-fold,-0.2609631673704023,0.13840976072862013,-1.258490780140126,2.1621851382031556,0.3926410693470534,0.5,2,-0.2609631673704023,RF,Peve
gene-Peve_00011874_62281,37,77,70,70,5-fold,-2.0930964033164945,3.8536071198461292,-2.5652333717759968,4.811942819942781,6.561574410981686,0.1,69,-2.0930964033164945,RF,Peve
gene-Peve_00017513_92168,37,2,2,2,5-fold,-0.481499423934698,0.6601032788481078,-0.8393041501406397,1.6694565857598467,13.140223094267272,0.9,1,-0.481499423934698,RF,Peve
gene-Peve_00031707_165242,37,56,32,32,5-fold,-0.23069821989206502,0.20459614383492072,0.0050545620428988245,0.021866483411146668,54.552856201810336,0.99,3,0.0050545620428988245,ElasticNet,Peve
gene-Peve_00043041_223648,37,4,4,4,5-fold,-1.0279743366883936,1.701134127740394,-0.6056990341596612,1.142069588902189,282.8728145931282,0.1,2,-0.6056990341596612,ElasticNet,Peve
gene-Peve_00009921_52337,37,65,65,65,5-fold,-16.739356269533168,14.675205139689321,-4.180292626716579,3.583438282098045,631.5118439998332,0.1,0,-4.180292626716579,ElasticNet,Peve
gene-Peve_00038087_198026,37,4,4,4,5-fold,-6.693976220530192,6.525924045862741,-4.109417210404377,5.154083856859658,304.17853849432197,0.1,0,-4.109417210404377,ElasticNet,Peve
gene-Peve_00003108_16866,37,2,2,2,5-fold,-0.8053798716659616,0.8665462873582971,-1.3306677424187736,1.4282928561196542,10.325969927821534,0.95,1,-0.8053798716659616,RF,Peve
gene-Peve_00012433_65136,37,3,3,3,5-fold,-2.440571175308684,2.7003317308133212,-1.6339569627697998,2.124392583167832,20.75100439463328,0.99,2,-1.6339569627697998,ElasticNet,Peve
gene-Peve_00030735_160342,37,2,2,2,5-fold,-0.37479868846231634,0.4226747621301848,-0.3204776712039307,0.3772915190927655,419.57676138021606,0.1,0,-0.3204776712039307,ElasticNet,Peve
gene-Peve_00042538_221417,37,13,12,12,5-fold,-0.053577984819444625,0.17755653868659338,-0.13115097691038008,0.17633183712721437,745.1754137717396,0.1,0,-0.053577984819444625,RF,Peve
gene-Peve_00036602_190310,37,12,12,12,5-fold,-1.2101974476395987,1.1405183354497501,-1.6071191168062775,2.1893966685281843,1.0576067433267522,0.1,12,-1.2101974476395987,RF,Peve
gene-Peve_00017725_93152,37,22,13,13,5-fold,-0.24033634730777176,0.5535418185284966,-0.4424713209574168,0.6726457482603427,489.88382364249924,0.1,0,-0.24033634730777176,RF,Peve
gene-Peve_00041449_216258,37,2,2,2,5-fold,-0.485809757268704,0.7470875660389449,-1.7044807785322202,3.126260304077153,46.65603199915617,0.99,1,-0.485809757268704,RF,Peve
gene-Peve_00033063_171823,37,10,10,10,5-fold,-4.25734246849999,7.772902478117609,-4.550878084805523,8.957279826607497,538.2306983396197,0.1,0,-4.25734246849999,RF,Peve
gene-Peve_00026284_137034,37,8,3,3,5-fold,-3.514337127201865,7.191324603614555,-2.3263471988127487,4.183112482163738,16.074721044193474,0.95,2,-2.3263471988127487,ElasticNet,Peve
gene-Peve_00032504_168946,37,3,3,3,5-fold,-0.03204380925216248,0.23007134538640972,-0.006685469779612952,0.10805915316680896,1.5694832560841112,0.1,3,-0.006685469779612952,ElasticNet,Peve
gene-Peve_00032715_170114,37,3,3,3,5-fold,-0.29841963297875185,0.23501085715796413,-0.08606498812438072,0.08295995322339365,344.92685112260574,0.1,0,-0.08606498812438072,ElasticNet,Peve
gene-Peve_00034034_177370,37,3,3,3,5-fold,-0.06729704987508152,0.3163044652225164,-9.984897824189243,19.80121005012346,304.73178699552125,0.1,0,-0.06729704987508152,RF,Peve
gene-Peve_00001447_7915,37,4,2,2,5-fold,-10.088716066704732,19.187176268633163,-5.401630556473908,7.198644196289759,205.30035890811925,0.1,0,-5.401630556473908,ElasticNet,Peve
gene-Peve_00018146_95213,37,35,30,30,5-fold,-0.093702136657552,0.24871144307791987,-0.12998166357603558,0.15955167509471443,947.4173742554193,0.1,0,-0.093702136657552,RF,Peve
gene-Peve_00036958_192300,37,4,4,4,5-fold,-0.7101196480415041,0.9504694780795612,-0.37297168139818954,0.45196757450384306,529.95443033944,0.1,0,-0.37297168139818954,ElasticNet,Peve
gene-Peve_00018524_96968,37,5,5,5,5-fold,-0.4491783376315864,0.41246160200713294,-0.5160969998831059,0.8927065435790341,345.04585305993453,0.1,0,-0.4491783376315864,RF,Peve
gene-Peve_00023842_123871,37,14,11,11,5-fold,-0.7198321554293642,1.4063258603346989,-1.0151889346073995,1.3208555817084988,15.261012183662798,0.95,4,-0.7198321554293642,RF,Peve
gene-Peve_00021937_114743,37,29,20,20,5-fold,-0.18830878943375956,0.27472267719921434,-0.2614737689782307,0.4150155429857038,1013.6846986152391,0.1,0,-0.18830878943375956,RF,Peve
gene-Peve_00041063_214481,37,14,10,10,5-fold,-0.5356047685938222,0.5372764923725444,-0.5381001566967608,0.7647070506624987,813.7513100079021,0.1,0,-0.5356047685938222,RF,Peve
gene-Peve_00010405_55242,37,6,4,4,5-fold,-0.379204394129382,0.3389635498726931,-0.18085367148171824,0.27372889470385203,625.5437994617523,0.1,0,-0.18085367148171824,ElasticNet,Peve
gene-Peve_00042785_222161,37,3,2,2,5-fold,0.0923102188560807,0.15323346117282155,-104.85342358295536,209.58799412151885,1.8768684219087455,0.1,2,0.0923102188560807,RF,Peve
gene-Peve_00043077_223909,37,4,4,4,5-fold,-2121.6887770853227,4242.596078475358,-1068.7246767199351,2137.2168448452453,25.92459777781602,0.99,0,-1068.7246767199351,ElasticNet,Peve
gene-Peve_00004704_25386,37,2,2,2,5-fold,-0.21266281774970236,0.3710285049253104,-0.045418662371418964,0.039350915276202415,332.64209655309696,0.1,0,-0.045418662371418964,ElasticNet,Peve
gene-Peve_00031347_162964,37,8,8,8,5-fold,-0.3628413165438703,0.475515973127441,-0.13307328579626918,0.13536953013171418,917.572361125032,0.1,0,-0.13307328579626918,ElasticNet,Peve
gene-Peve_00025571_133409,37,2,2,2,5-fold,-0.14733983252003144,0.16200482674660793,-0.10855574462447852,0.1577622370153456,0.8878712952201147,0.1,2,-0.10855574462447852,ElasticNet,Peve
gene-Peve_00044262_229967,37,22,18,18,5-fold,0.08132492671191276,0.16254677801962325,-0.052893813240412646,0.041359942839557455,574.4465565730845,0.1,0,0.08132492671191276,RF,Peve
gene-Peve_00001455_7990,37,2,2,2,5-fold,-2.795561744937512,4.813588082643663,-2.676288792226034,4.870488146146423,486.9741611042576,0.1,0,-2.676288792226034,ElasticNet,Peve
gene-Peve_00023800_123727,37,2,2,2,5-fold,-21.959067159128814,43.760034499930924,-8.041457685971661,15.443218614315162,454.1180725631011,0.1,0,-8.041457685971661,ElasticNet,Peve
gene-Peve_00039172_204367,37,5,5,5,5-fold,-0.3795428843235743,0.1855752754834737,-0.5597534728107856,0.7065103586146229,589.1426175071435,0.1,0,-0.3795428843235743,RF,Peve
gene-Peve_00001430_7657,37,3,3,3,5-fold,-0.6948715695561761,0.9048602789607546,-0.4308136227948025,0.5879002187597376,1.0190338303536985,0.1,3,-0.4308136227948025,ElasticNet,Peve
gene-Peve_00015541_81976,37,79,66,66,5-fold,-0.2687373582777764,0.4466688063689507,-0.23955410150034923,0.26116238592652974,7.595664177601872,0.1,65,-0.23955410150034923,ElasticNet,Peve
gene-Peve_00017460_91520,37,24,24,24,5-fold,-0.8668492224074885,0.5377860317976867,-0.3631261049468454,0.3253544319781184,847.3392325994539,0.1,0,-0.3631261049468454,ElasticNet,Peve
gene-Peve_00012777_66944,37,16,16,16,5-fold,-0.946061332746936,0.9862959884060504,-0.2884710268061389,0.23971490122182826,66.99705345715283,0.99,2,-0.2884710268061389,ElasticNet,Peve
gene-Peve_00034372_179277,37,12,12,12,5-fold,-0.5142991742581633,0.6024702968298599,-0.5752095425196775,1.0314992617915517,1186.381422532004,0.1,0,-0.5142991742581633,RF,Peve
gene-Peve_00003934_21109,37,7,3,3,5-fold,-0.7550738963990478,0.709007999018025,-0.44730463654903796,0.6848385858647877,97.24132257863069,0.99,1,-0.44730463654903796,ElasticNet,Peve
gene-Peve_00003595_19530,37,3,3,3,5-fold,-0.5325196242333391,0.5197106021118831,-0.11996267415302464,0.1642642294358371,599.0677963633764,0.1,0,-0.11996267415302464,ElasticNet,Peve
gene-Peve_00010903_57662,37,49,47,47,5-fold,-5.228910991898344,10.35795800909212,-3.328893435101091,6.491738752516139,1614.4420829393741,0.1,0,-3.328893435101091,ElasticNet,Peve
gene-Peve_00042016_219036,37,63,48,48,5-fold,-0.1991861569820657,0.3155913805858195,-0.08855691508886551,0.07136195593446708,17.811195504110458,0.9,28,-0.08855691508886551,ElasticNet,Peve
gene-Peve_00041679_217425,37,3,3,3,5-fold,-0.3654330677374431,0.36573669173556494,-0.21601019141602257,0.2616080329782589,543.6758222804789,0.1,0,-0.21601019141602257,ElasticNet,Peve
gene-Peve_00031591_164338,37,6,6,6,5-fold,-2166.576128271865,4332.527076255726,-457.8649008154396,914.2569651249548,246.6375112937926,0.1,0,-457.8649008154396,ElasticNet,Peve
gene-Peve_00013360_70135,37,11,11,11,5-fold,-0.6086843793603389,0.3727033242219371,-0.4938877925142148,0.3810142306328836,775.6706601910971,0.1,0,-0.4938877925142148,ElasticNet,Peve
gene-Peve_00029867_156257,37,3,2,2,5-fold,-0.37478544125119756,0.4160487760616826,-0.5786240853210287,1.0582713378294706,94.96858181278442,0.1,0,-0.37478544125119756,RF,Peve
gene-Peve_00041031_214192,37,2,2,2,5-fold,-0.33768023557024135,0.1975615900579429,-1.7348112275996552,3.2814587120137846,715.6687714071385,0.1,0,-0.33768023557024135,RF,Peve
gene-Peve_00033394_173786,37,5,5,5,5-fold,-0.3706648072602098,0.29963811647453603,-0.15195515030406584,0.20896569603024964,752.0577095054671,0.1,0,-0.15195515030406584,ElasticNet,Peve
gene-Peve_00026728_139210,37,2,2,2,5-fold,-0.4514557725373128,0.5664004835405526,-0.4648210779590234,0.8296535820478599,0.0443841980747282,0.99,2,-0.4514557725373128,RF,Peve
gene-Peve_00012959_67964,37,4,3,3,5-fold,-0.40515110707146074,0.3003515798587012,-0.28774890687214405,0.17248041735179614,447.0576550910931,0.1,0,-0.28774890687214405,ElasticNet,Peve
gene-Peve_00007503_39689,37,5,5,5,5-fold,-0.1867151331194755,0.2136953894771604,-0.19043565472597704,0.18676913881585103,762.0756725938251,0.1,0,-0.1867151331194755,RF,Peve
gene-Peve_00004018_21508,37,23,20,20,5-fold,-0.6329133048154786,0.5621411169829479,-0.494614350748089,0.5099083396696641,34.47823468119613,0.99,7,-0.494614350748089,ElasticNet,Peve
gene-Peve_00021930_114717,37,26,13,13,5-fold,-0.4581410712276801,0.8300522967005751,-0.9039149972148841,1.1388561635748446,1.4484723747363009,0.1,13,-0.4581410712276801,RF,Peve
gene-Peve_00041569_216890,37,26,24,24,5-fold,-0.0897693319233643,0.22375062997967066,-0.07098867872241055,0.05865226805095798,908.5980521754501,0.1,0,-0.07098867872241055,ElasticNet,Peve
gene-Peve_00025103_131110,37,9,9,9,5-fold,-1563.6434287134512,2774.8753805386214,-518.2915090457856,900.6195422156155,295.3277792932461,0.1,0,-518.2915090457856,ElasticNet,Peve
gene-Peve_00014986_78941,37,15,11,11,5-fold,-0.2534234247353304,0.28844864072828597,-0.21279982512591428,0.3105412901370653,0.5133256514721377,0.5,11,-0.21279982512591428,ElasticNet,Peve
gene-Peve_00008338_44508,37,21,21,21,5-fold,-0.33095356257431885,1.0524530195615434,0.044439996038104466,0.3548089358269716,2.064277950392071,0.5,20,0.044439996038104466,ElasticNet,Peve
gene-Peve_00006495_34405,37,16,16,16,5-fold,-0.1961031864954698,0.7097845539933618,-0.4078963376904138,0.4054306981848694,21.879092779565863,0.99,6,-0.1961031864954698,RF,Peve
gene-Peve_00019416_101924,37,94,65,65,5-fold,-0.5538339830318091,0.6168166145883497,-0.5920034249015294,1.0769708529166313,2.37279384642844,0.1,64,-0.5538339830318091,RF,Peve
gene-Peve_00002219_12355,37,4,2,2,5-fold,-2.8924371350271563,5.219732557125362,-1.9819175614282596,3.676853686999854,3.382382263842316,0.95,2,-1.9819175614282596,ElasticNet,Peve
gene-Peve_00007613_40586,37,7,4,4,5-fold,-54.01798771386798,107.00345599967413,-47.560858700325,94.77589025006223,6.31876358241918,0.95,4,-47.560858700325,ElasticNet,Peve
gene-Peve_00015329_80864,37,5,5,5,5-fold,-58.84325655996222,112.87323906749155,-233.59842512714778,465.9464796439439,284.4515034381518,0.1,0,-58.84325655996222,RF,Peve
gene-Peve_00044142_229237,37,38,30,30,5-fold,0.014365164956571674,0.16855617406687687,-0.25972806558037115,0.37057501386257286,38.970975324990604,0.99,9,0.014365164956571674,RF,Peve
gene-Peve_00023842_123860,37,3,2,2,5-fold,-2.5520631332751393,4.614778396701391,-2.84751713034228,5.080552461016419,406.26240075683023,0.1,0,-2.5520631332751393,RF,Peve
gene-Peve_00017452_91939,37,3,3,3,5-fold,-0.9683180491552354,1.3989045597832697,-0.5188495372316089,0.933609045024732,859.75864682928,0.1,0,-0.5188495372316089,ElasticNet,Peve
gene-Peve_00012272_64161,37,2,2,2,5-fold,-0.54959062377516,0.5161309266463253,-0.2545381554556459,0.3414824017902997,306.9041536212259,0.1,0,-0.2545381554556459,ElasticNet,Peve
gene-Peve_00001303_7105,37,7,3,3,5-fold,-0.77229229514834,0.5675217016472908,-0.5795227379127802,0.6073938890627116,412.8820111043288,0.1,0,-0.5795227379127802,ElasticNet,Peve
gene-Peve_00041449_216266,37,3,3,3,5-fold,-0.602752006107995,0.9839689544511202,-0.36632093615211336,0.6117450239035653,540.2931705252055,0.1,0,-0.36632093615211336,ElasticNet,Peve
gene-Peve_00043077_223911,37,12,5,5,5-fold,-7.179123484307665,12.934871318103198,-1.4326938254406527,1.8110721167876591,0.30303043905365307,0.95,5,-1.4326938254406527,ElasticNet,Peve
gene-Peve_00005199_28369,37,4,4,4,5-fold,-0.11449893682546389,0.13279629994882894,-0.12062975356123129,0.10159299677151924,26.708918164479847,0.1,4,-0.11449893682546389,RF,Peve
gene-Peve_00015220_80198,37,19,19,19,5-fold,-0.2456069221263717,0.052239871779614436,-0.048937129044683655,0.03309962978616907,84.08538121794591,0.99,1,-0.048937129044683655,ElasticNet,Peve
gene-Peve_00008632_45853,37,19,16,16,5-fold,-0.02006559607587377,0.15032929352765792,-0.1931966270263789,0.24648906233078652,130.69079293102152,0.95,1,-0.02006559607587377,RF,Peve
gene-Peve_00040865_213219,37,9,7,7,5-fold,-0.16797668946357783,0.18853150046828077,-0.1528739698446549,0.18021479377122226,702.1627111102329,0.1,0,-0.1528739698446549,ElasticNet,Peve
gene-Peve_00022770_118617,37,22,12,12,5-fold,-1.5647475418753634,2.6475602796905173,-1.3665398470850652,2.6312531723490924,661.0270732090418,0.1,0,-1.3665398470850652,ElasticNet,Peve
gene-Peve_00021915_114635,37,5,5,5,5-fold,-0.2975358838767921,0.3072237282962188,-0.3274592795583601,0.3826500792342532,0.0746976972512926,0.99,5,-0.2975358838767921,RF,Peve
gene-Peve_00001619_8906,37,84,79,79,5-fold,-0.343460252384386,0.39993591193496797,-0.6858168037704421,0.8052372737446702,1273.367324097979,0.1,2,-0.343460252384386,RF,Peve
gene-Peve_00015613_82730,37,2,2,2,5-fold,-0.17072087799632416,0.1719351161750452,-0.040852057434099184,0.03160752461449214,0.18042218650906475,0.7,1,-0.040852057434099184,ElasticNet,Peve
gene-Peve_00003312_17978,37,5,5,5,5-fold,-0.36140889250794633,0.17885517619909932,-0.06501929611648909,0.0358871237337216,186.43946089316387,0.1,0,-0.06501929611648909,ElasticNet,Peve
gene-Peve_00044942_233706,37,4,4,4,5-fold,-0.2769401245316573,0.22217089935053652,-0.40272293469616827,0.6154402307303187,3.3193769589060214,0.7,4,-0.2769401245316573,RF,Peve
gene-Peve_00044986_234031,37,3,3,3,5-fold,-0.4256014292963908,0.21303405348932386,-0.11038653109898378,0.0678573030126074,386.4970259680959,0.1,0,-0.11038653109898378,ElasticNet,Peve
gene-Peve_00016490_87192,37,15,11,11,5-fold,-0.3076120399517073,0.2886628416213763,-0.46758560272373223,0.4943650085039536,2475.4376031548477,0.1,0,-0.3076120399517073,RF,Peve
gene-Peve_00039877_208049,37,11,7,7,5-fold,-0.9672061913204629,1.469811580746027,-0.7313918701784681,0.8487471289523996,609.4496800469645,0.1,0,-0.7313918701784681,ElasticNet,Peve
gene-Peve_00014139_74416,37,21,19,19,5-fold,-0.16838606157615826,0.32994736297652605,-0.29681852041512957,0.170910419278533,70.81528421100337,0.99,3,-0.16838606157615826,RF,Peve
gene-Peve_00027300_142484,37,3,2,2,5-fold,-0.8026927251259959,0.8053316287000186,-0.3374838558631572,0.4593060229088672,7.545476816623218,0.99,1,-0.3374838558631572,ElasticNet,Peve
gene-Peve_00016111_85296,37,5,5,5,5-fold,-2.8115684821256552,3.9867376185596717,-5.395331011190256,8.429893743285401,15.438553927326652,0.99,3,-2.8115684821256552,RF,Peve
gene-Peve_00004624_24851,37,17,10,10,5-fold,0.07810794607753542,0.36205947275829276,-0.15330904130586104,0.278064571561812,23.52675844309247,0.99,4,0.07810794607753542,RF,Peve
gene-Peve_00021488_112200,37,25,22,22,5-fold,0.04089771803470186,0.3012570744599634,-0.7864927492445568,1.31789929677455,118.47016864938101,0.99,2,0.04089771803470186,RF,Peve
gene-Peve_00037180_193313,37,2,2,2,5-fold,-0.34894504519209785,0.3950885939218228,-0.42775865315598616,0.3692603849850904,37.98335885210263,0.1,0,-0.34894504519209785,RF,Peve
gene-Peve_00034685_180651,37,6,6,6,5-fold,-0.3140102763283387,0.23655746537320715,-0.22735012477987104,0.3434085386276031,5.162905084223488,0.1,6,-0.22735012477987104,ElasticNet,Peve
gene-Peve_00015945_84289,37,21,21,21,5-fold,-3.0496661637653895,3.8928399218232026,-1.4904074162176526,1.6299211434418006,460.27533789781694,0.1,0,-1.4904074162176526,ElasticNet,Peve
gene-Peve_00028701_150251,37,45,30,30,5-fold,-1.1723721589711946,1.7736380139152366,-1.7496733083382086,1.6862972859361842,100.57760001688412,0.99,1,-1.1723721589711946,RF,Peve
gene-Peve_00044197_229593,37,52,33,33,5-fold,-1.6161537240418973,2.8052700791623564,-2.5198671944367375,3.874681354909263,2.9864567973481666,0.1,33,-1.6161537240418973,RF,Peve
gene-Peve_00026083_136054,37,34,27,27,5-fold,-2.766815222471266,4.874058186689917,-1.6926599407169092,3.2330498649757473,813.415507379093,0.1,0,-1.6926599407169092,ElasticNet,Peve
gene-Peve_00007464_40034,37,10,9,9,5-fold,-0.6016277165860535,0.4590192365861633,-0.43408398969349465,0.43570282347984585,179.84805225824823,0.99,1,-0.43408398969349465,ElasticNet,Peve
gene-Peve_00019897_104331,37,19,16,16,5-fold,-0.2660769736267975,0.5284619272612182,-0.5717846700212628,0.7914674970315546,526.1631868881195,0.1,0,-0.2660769736267975,RF,Peve
gene-Peve_00026728_139219,37,4,4,4,5-fold,-0.9660786514080506,1.310015275303984,-0.34781457472556265,0.5124626371950187,317.61155135583516,0.1,0,-0.34781457472556265,ElasticNet,Peve
gene-Peve_00004500_24103,37,67,50,50,5-fold,-0.3991111710630732,0.2449898937502377,-0.242345789510047,0.11197607891697373,71.5251064788782,0.99,1,-0.242345789510047,ElasticNet,Peve
gene-Peve_00007335_39061,37,29,22,22,5-fold,-0.34964879669010684,0.682244397043767,-0.20766740666976533,0.25216451821849595,510.67091912971466,0.1,0,-0.20766740666976533,ElasticNet,Peve
gene-Peve_00044110_228987,37,7,3,3,5-fold,-1.4983611593236987,2.195720778869265,-0.9106817018474475,1.4342068140434845,1.3326131576616234,0.7,3,-0.9106817018474475,ElasticNet,Peve
gene-Peve_00026925_140197,37,11,7,7,5-fold,-1.212263942219108,1.6065038745073235,-0.7179315599670704,1.0915909062269589,722.07542270456,0.1,0,-0.7179315599670704,ElasticNet,Peve
gene-Peve_00007262_38625,37,5,5,5,5-fold,-3.055060948006656,4.326268558388492,-2.924340079696281,3.830834873105796,943.578019691801,0.1,0,-2.924340079696281,ElasticNet,Peve
gene-Peve_00018146_95210,37,41,35,35,5-fold,-0.42898124248226177,0.2716515833551494,-0.37950261719816913,0.43282944274877355,1129.7389328424995,0.1,0,-0.37950261719816913,ElasticNet,Peve
gene-Peve_00023800_123724,37,4,4,4,5-fold,-17.315804198640766,34.1944627009233,-8.637663653307248,16.96147030009891,2.8215075269920833,0.1,4,-8.637663653307248,ElasticNet,Peve
gene-Peve_00039352_205291,37,6,5,5,5-fold,-0.15712264747920998,0.2912193109869037,-0.16997655494019684,0.24419278238944125,2.2993227592784695,0.1,5,-0.15712264747920998,RF,Peve
gene-Peve_00031458_163416,37,26,22,22,5-fold,-14.361178827430814,27.02308151881403,-16.868945672711114,32.80601492697854,11.817801563625931,0.1,22,-14.361178827430814,RF,Peve
gene-Peve_00017452_91937,37,4,4,4,5-fold,-1.0080785913353796,1.157519969086948,-0.8492549867858855,1.5088606619046645,71.5299395430267,0.5,2,-0.8492549867858855,ElasticNet,Peve
gene-Peve_00044110_228988,37,8,7,7,5-fold,-0.8625704294278929,1.58078808224935,-0.4393570936745334,0.532262896892855,890.0597962251979,0.1,0,-0.4393570936745334,ElasticNet,Peve
gene-Peve_00021666_113278,37,43,40,40,5-fold,-1.6217190142027178,1.9315115803506406,-2.0981442089119953,3.980682258243371,754.5604830972864,0.1,0,-1.6217190142027178,RF,Peve
gene-Peve_00031591_164343,37,8,4,4,5-fold,-1021.0902076987288,1989.3755966847968,-210.4383604880724,414.81684349969123,8.34272315260607,0.1,0,-210.4383604880724,ElasticNet,Peve
gene-Peve_00039271_204913,37,30,22,22,5-fold,-0.274003467180356,0.29618294417206203,-0.14113996530842088,0.1216403448194591,1203.0329474423722,0.1,0,-0.14113996530842088,ElasticNet,Peve
gene-Peve_00006507_34488,37,25,21,21,5-fold,-0.09537423181945921,0.17744355356819075,-0.022758452246905935,0.11068705095583438,2.8734829001107807,0.99,15,-0.022758452246905935,ElasticNet,Peve
gene-Peve_00035882_186609,37,39,38,38,5-fold,-0.3044448858045302,0.3372842746671013,-0.18408291597800033,0.15360232764637757,1229.900568324441,0.1,0,-0.18408291597800033,ElasticNet,Peve
gene-Peve_00002279_12590,37,11,6,6,5-fold,-0.9229236049865053,1.1835615272139315,-1.7408808636377244,3.3666917708180635,539.4752371810328,0.1,0,-0.9229236049865053,RF,Peve
gene-Peve_00009929_52390,37,3,3,3,5-fold,-0.2730162182301154,0.37351604120650933,-0.4155876811971389,0.49558506269437147,358.1123748350528,0.1,0,-0.2730162182301154,RF,Peve
gene-Peve_00007204_38406,37,34,17,17,5-fold,-0.09617229021643088,0.6141592698482876,-0.037647377909712086,0.1525524530482088,38.555569939832395,0.99,1,-0.037647377909712086,ElasticNet,Peve
gene-Peve_00010448_55479,37,14,11,11,5-fold,-0.46124707325341935,0.137836196833402,-0.2811293373291589,0.18345632453785965,85.4238454499361,0.99,1,-0.2811293373291589,ElasticNet,Peve
gene-Peve_00028099_146775,37,20,15,15,5-fold,-410.41416759936,655.9918862467797,-245.81792360858236,303.50522169900347,1267.7611686852306,0.1,0,-245.81792360858236,ElasticNet,Peve
gene-Peve_00019232_101038,37,19,10,10,5-fold,-0.4060042245793203,0.25092518921509965,-0.18890428271303886,0.20643943877159804,551.4938584523796,0.1,0,-0.18890428271303886,ElasticNet,Peve
gene-Peve_00002842_15638,37,45,39,39,5-fold,-1.760005361994598,3.2507450909975577,-0.2830436000416013,0.25985982949029185,990.5404955843885,0.1,0,-0.2830436000416013,ElasticNet,Peve
gene-Peve_00023353_121595,37,12,10,10,5-fold,-0.7445562652922806,0.8290588091422167,-0.26346258303458103,0.15382899335743422,56.62927269310439,0.99,3,-0.26346258303458103,ElasticNet,Peve
gene-Peve_00042749_222242,37,2,2,2,5-fold,-0.4015897109549069,0.248200352440055,-0.19766229450443623,0.2941440635759943,0.8368523167541109,0.5,2,-0.19766229450443623,ElasticNet,Peve
gene-Peve_00006666_35462,37,4,4,4,5-fold,-0.17965841454686998,0.14290169068224484,-0.06375625527468287,0.046295294590370975,1039.1036906800252,0.1,0,-0.06375625527468287,ElasticNet,Peve
gene-Peve_00044986_234032,37,6,6,6,5-fold,-0.3031213900186823,0.7654178950697886,-0.22717139724166327,0.14994223559797865,5.006397142983076,0.95,6,-0.22717139724166327,ElasticNet,Peve
gene-Peve_00031824_165791,37,3,3,3,5-fold,-1.7865726297001747,3.6334742467142,-0.8105963001076752,1.4581521962322066,423.37279282283174,0.1,0,-0.8105963001076752,ElasticNet,Peve
gene-Peve_00003934_21103,37,14,11,11,5-fold,-0.6794874684725036,0.5994141707433642,-1.726559424796679,2.2069895000857485,1.2002003689036775,0.99,11,-0.6794874684725036,RF,Peve
gene-Peve_00032959_171312,37,2,2,2,5-fold,0.004797110094832658,0.13075605042387098,-0.05272598971983977,0.10547127812106184,7.123377185522428,0.1,2,0.004797110094832658,RF,Peve
gene-Peve_00015613_82735,37,3,2,2,5-fold,-0.07674563047402017,0.11661873429675032,-0.02899051802102408,0.09028894655774787,0.2737662740457081,0.5,2,-0.02899051802102408,ElasticNet,Peve
gene-Peve_00031887_166040,37,45,23,23,5-fold,-0.8891874334216789,0.5871578387475731,-0.2516490597512643,0.24646329255870988,9.229692522931094,0.1,22,-0.2516490597512643,ElasticNet,Peve
gene-Peve_00025110_131152,37,11,10,10,5-fold,-1.9571254882535403,3.17409140063734,-1.3869487956656625,2.4046894939924646,6.136296866389068,0.99,5,-1.3869487956656625,ElasticNet,Peve
gene-Peve_00003359_18189,37,7,7,7,5-fold,-0.9239645593173862,1.0931919318932257,-0.6827641617211183,1.053650939911372,659.8613924969846,0.1,0,-0.6827641617211183,ElasticNet,Peve
gene-Peve_00008937_47504,37,5,5,5,5-fold,-0.2657923545356759,0.39527286736465417,-0.15075586859597398,0.17621187539132768,918.0746244586306,0.1,0,-0.15075586859597398,ElasticNet,Peve
gene-Peve_00039202_204593,37,9,9,9,5-fold,-1.2097520205332752,1.171561619754756,-0.4207883424928521,0.46262226379968496,667.0941289057134,0.1,0,-0.4207883424928521,ElasticNet,Peve
gene-Peve_00040662_212039,37,7,7,7,5-fold,-1.1784127507327726,0.8576217009235448,-0.5445777087695325,0.6705995100626979,59.99426054414686,0.99,1,-0.5445777087695325,ElasticNet,Peve
gene-Peve_00029370_153258,37,17,14,14,5-fold,-4.809500028092816,9.02846493295105,-3.3052481828469076,5.96908782347175,33.07363299475076,0.1,13,-3.3052481828469076,ElasticNet,Peve
gene-Peve_00024626_128539,37,37,32,32,5-fold,-0.45087816477698955,0.3818153593658683,-0.18952840152448241,0.1806106021415346,914.9743942858844,0.1,0,-0.18952840152448241,ElasticNet,Peve
gene-Peve_00007853_41900,37,10,8,8,5-fold,-2457.030778802358,2722.788689426927,-1111.141632216829,1020.3411624331209,219.44928594120094,0.1,0,-1111.141632216829,ElasticNet,Peve
gene-Peve_00015832_83749,37,9,9,9,5-fold,0.07970466339310625,0.7935687089264211,0.014924042348320543,0.4071284268896801,2.198769242267957,0.1,9,0.07970466339310625,RF,Peve
gene-Peve_00017103_89897,37,4,2,2,5-fold,-0.15110348365008597,0.10321398115849285,-0.6237413472002015,1.030465175501534,4.726478593640117,0.99,2,-0.15110348365008597,RF,Peve
gene-Peve_00032189_167382,37,5,2,2,5-fold,-2.2094861121683147,4.4979432134154,-1.4571789704672344,2.528267206380498,8.610679754807482,0.1,2,-1.4571789704672344,ElasticNet,Peve
gene-Peve_00002045_11405,37,10,10,10,5-fold,-0.9004962977599297,1.5278614169347342,-1.371177315453635,2.2774161812274296,593.0011981791996,0.1,0,-0.9004962977599297,RF,Peve
gene-Peve_00040848_213417,37,47,43,43,5-fold,-0.4270564450051575,0.33556263512689616,-0.07794990480855706,0.043713381823040416,877.1701484247335,0.1,0,-0.07794990480855706,ElasticNet,Peve
gene-Peve_00005069_27690,37,4,4,4,5-fold,-0.8048644813334567,0.737120514300396,-0.3815036478557387,0.3765125158551412,705.8373657765368,0.1,0,-0.3815036478557387,ElasticNet,Peve
gene-Peve_00043321_224934,37,21,21,21,5-fold,-1.0928050006671328,1.9434968963234556,-1.4392833382774353,2.8046371545371827,822.5830422596975,0.1,0,-1.0928050006671328,RF,Peve
gene-Peve_00042247_219954,37,42,42,42,5-fold,-1.4947195479959778,2.102386238154197,-1.030271083109813,0.9461007972963947,51.64469686344877,0.99,9,-1.030271083109813,ElasticNet,Peve
gene-Peve_00005440_29400,37,7,6,6,5-fold,-16.09913373397483,19.720540599809333,-22.5255945574257,27.02664108913845,348.94151324860775,0.1,0,-16.09913373397483,RF,Peve
gene-Peve_00034340_178986,37,12,8,8,5-fold,-0.32913696959797434,0.5281481354698072,-0.26520465907507507,0.34744121363121866,27.670788409999744,0.99,2,-0.26520465907507507,ElasticNet,Peve
gene-Peve_00002321_12980,37,4,4,4,5-fold,-0.47844277550243275,0.6187785710955787,-0.17891543227175805,0.14582692592844354,74.36350413937222,0.1,3,-0.17891543227175805,ElasticNet,Peve
gene-Peve_00016265_86089,37,9,4,4,5-fold,-194.27251668063423,366.3511916322913,-68.20269347550698,120.12353603545868,310.1207173216789,0.1,0,-68.20269347550698,ElasticNet,Peve
gene-Peve_00004552_24657,37,5,5,5,5-fold,-0.3791966506025022,0.6810856617374106,-0.17011791335546128,0.2574176681433327,397.586763716384,0.1,0,-0.17011791335546128,ElasticNet,Peve
gene-Peve_00040199_209889,37,13,13,13,5-fold,-0.4366477773860529,0.4086388658053877,-0.21293023516963866,0.2698760160488188,37.00835003621347,0.1,12,-0.21293023516963866,ElasticNet,Peve
gene-Peve_00028313_148030,37,4,4,4,5-fold,-0.5294915371785024,0.8698246623989219,-0.336060193070234,0.45398311229432364,11.187030988086343,0.99,3,-0.336060193070234,ElasticNet,Peve
gene-Peve_00042744_222203,37,51,41,41,5-fold,-0.5696394551310974,1.2784661112000588,-0.29062911794728874,0.5751898257976678,9.444477528742269,0.99,24,-0.29062911794728874,ElasticNet,Peve
gene-Peve_00037180_193340,37,6,6,6,5-fold,-0.4762955823212806,0.29193832102094297,-0.26471752620954303,0.3991348427140061,969.9753193809762,0.1,0,-0.26471752620954303,ElasticNet,Peve
gene-Peve_00038381_199562,37,4,2,2,5-fold,-0.3236021427615335,0.3900574012694853,-0.45176808053028666,0.43276011173442136,0.5288451597964567,0.1,2,-0.3236021427615335,RF,Peve
gene-Peve_00006418_33973,37,27,22,22,5-fold,-0.8737048949193411,1.0842843454525628,-0.4394988321829462,0.5664305854429679,6.008499444119678,0.99,13,-0.4394988321829462,ElasticNet,Peve
gene-Peve_00038594_200929,37,4,4,4,5-fold,-1.187585558290482,1.7838647188085235,-1.3087665051582944,2.387105575655963,397.2976959408094,0.1,0,-1.187585558290482,RF,Peve
gene-Peve_00007311_38968,37,18,14,14,5-fold,-2.1277138602151595,3.3691357965351654,-1.308075668613621,2.366992945393074,1173.0755263741246,0.1,0,-1.308075668613621,ElasticNet,Peve
gene-Peve_00026632_138830,37,2,2,2,5-fold,-0.1994433557633601,0.2039431802167448,-0.2198904798065588,0.16073062029653284,378.49990107930114,0.1,0,-0.1994433557633601,RF,Peve
gene-Peve_00009724_51476,37,25,6,6,5-fold,-1.6581404534013504,2.792754979104889,-2.836641222118697,5.359217405258192,1264.018350426595,0.1,0,-1.6581404534013504,RF,Peve
gene-Peve_00040756_212587,37,9,6,6,5-fold,-1.3927611219883365,1.5291265630570847,-0.2611351028081884,0.17403933152487283,5.5295925550481275,0.99,5,-0.2611351028081884,ElasticNet,Peve
gene-Peve_00000996_5396,37,26,22,22,5-fold,-0.3320453959497229,0.3539304992086318,-0.05325925184796661,0.036881671847397046,986.8356168113871,0.1,0,-0.05325925184796661,ElasticNet,Peve
gene-Peve_00014002_73720,37,3,3,3,5-fold,-0.7908863128385193,1.0363015500192194,-0.726762327191455,0.9981055105939709,442.8442740411701,0.1,0,-0.726762327191455,ElasticNet,Peve
gene-Peve_00020384_106809,37,3,2,2,5-fold,-0.12543221504503038,0.40091622069639044,-0.09697975257243874,0.16769835911492062,3.788614591703946,0.1,2,-0.09697975257243874,ElasticNet,Peve
gene-Peve_00026728_139184,37,9,7,7,5-fold,-0.4554687477130671,0.8067279978158046,-0.12383794006907815,0.12383626281169849,657.7309657402277,0.1,0,-0.12383794006907815,ElasticNet,Peve
gene-Peve_00026748_139425,37,3,3,3,5-fold,-0.17275583166570485,0.33204866017802104,-0.29682316439781387,0.30135127345497414,0.1163746234858677,0.99,3,-0.17275583166570485,RF,Peve
gene-Peve_00039438_205502,37,48,34,34,5-fold,-0.4534937296557787,0.38600861586969404,-0.36963465125844364,0.4507054153272303,739.2172002249873,0.1,0,-0.36963465125844364,ElasticNet,Peve
gene-Peve_00002276_12799,37,12,12,12,5-fold,-0.32501698846392235,0.24748866788228055,-0.06169750955723252,0.029552117522555092,614.5869767166575,0.1,0,-0.06169750955723252,ElasticNet,Peve
gene-Peve_00004545_24514,37,5,3,3,5-fold,-1.6843710048481881,3.0541318096645647,-0.6637294298329159,1.2434219734862237,257.40277888540703,0.1,0,-0.6637294298329159,ElasticNet,Peve
gene-Peve_00042170_219709,37,10,8,8,5-fold,-0.3877998905280988,0.42164654218076236,-0.23219077787385417,0.5215298611118885,1.2601523411100475,0.5,8,-0.23219077787385417,ElasticNet,Peve
gene-Peve_00044267_230008,37,15,7,7,5-fold,-0.6582026599370627,0.9903766521109267,-0.4446245209313835,0.47192034128693855,608.0747644027936,0.1,0,-0.4446245209313835,ElasticNet,Peve
gene-Peve_00002306_12904,37,53,36,36,5-fold,-0.35558141884846506,0.2389879076027223,-0.1746573056497704,0.17257327399536895,1210.1429379548013,0.1,0,-0.1746573056497704,ElasticNet,Peve
gene-Peve_00001303_7102,37,12,11,11,5-fold,-0.5079065856992582,0.30613017253832703,-0.1884576048219956,0.16145030234998828,23.30860175337033,0.1,11,-0.1884576048219956,ElasticNet,Peve
gene-Peve_00018061_94874,37,17,12,12,5-fold,-0.8071233173164828,0.8423424929094768,-0.41377130855855065,0.38699245188959924,6.596974155845134,0.99,7,-0.41377130855855065,ElasticNet,Peve
gene-Peve_00004545_24518,37,5,5,5,5-fold,-0.9526099283627124,1.4438003337498033,-1.760442524695519,3.478462798259841,596.9597041132083,0.1,0,-0.9526099283627124,RF,Peve
gene-Peve_00025159_131425,37,9,2,2,5-fold,-356.8898042263596,528.263581937325,-379.1818662452244,564.6008927692457,110.75075921062874,0.1,0,-356.8898042263596,RF,Peve
gene-Peve_00032137_167180,37,2,2,2,5-fold,-0.017696587125079776,0.3282832394259879,-0.07436600935731712,0.028450701377684295,461.7582545444582,0.1,0,-0.017696587125079776,RF,Peve
gene-Peve_00022444_117296,37,43,26,26,5-fold,-0.29526803745266694,0.5794206965629508,-0.2792076997990581,0.48313589783303934,91.64164010976683,0.99,2,-0.2792076997990581,ElasticNet,Peve
gene-Peve_00015257_80409,37,8,8,8,5-fold,-0.3891969827760023,0.7611964932330196,-0.24985343068063984,0.33842716812738993,24.566685895740466,0.99,4,-0.24985343068063984,ElasticNet,Peve
gene-Peve_00024407_127458,37,8,8,8,5-fold,-0.46736165534944385,0.28142627934109266,-0.0794747456181025,0.0976022111340879,638.5400767245775,0.1,0,-0.0794747456181025,ElasticNet,Peve
gene-Peve_00044940_233697,37,9,8,8,5-fold,-0.3343403420310066,0.3559217495025684,-0.0834045671322032,0.14845446643949478,0.30765393644496164,0.5,8,-0.0834045671322032,ElasticNet,Peve
gene-Peve_00025829_134727,37,12,12,12,5-fold,-0.81822074155682,0.49327861734280226,-0.3400670243749017,0.46442249643204936,7.076707919326554,0.7,11,-0.3400670243749017,ElasticNet,Peve
gene-Peve_00033407_173836,37,3,3,3,5-fold,-0.5540077894522614,1.3852783408403602,-0.5014046139096215,1.0866546094342575,29.26656422421052,0.99,1,-0.5014046139096215,ElasticNet,Peve
gene-Peve_00043599_226439,37,5,3,3,5-fold,-1.177688604764739,1.6554633448252318,-2.3538088324029127,4.455344826577701,821.5760585764872,0.1,0,-1.177688604764739,RF,Peve
gene-Peve_00032107_167094,37,12,12,12,5-fold,-30.77929538314762,60.865152350766884,-7.192466895719862,13.95301110686997,6.226937547797217,0.1,12,-7.192466895719862,ElasticNet,Peve
gene-Peve_00029733_155568,37,24,15,15,5-fold,-0.6391064401093557,0.7006511010936959,-0.19869237326340353,0.19185755824186773,21.531805913165407,0.1,15,-0.19869237326340353,ElasticNet,Peve
gene-Peve_00031673_165022,37,2,2,2,5-fold,-0.9630506844251739,2.020322174520554,-2.965859752233615,5.585616533111272,24.63631674054565,0.99,1,-0.9630506844251739,RF,Peve
gene-Peve_00036494_189710,37,18,17,17,5-fold,-0.36025461246980833,0.179873803145435,-0.24131501489062163,0.390464741408329,654.7561987745363,0.1,0,-0.24131501489062163,ElasticNet,Peve
gene-Peve_00017912_94023,37,4,3,3,5-fold,-0.2763932405700994,0.09876190451010912,-0.13347596071639517,0.1181866284450957,719.7203088959787,0.1,0,-0.13347596071639517,ElasticNet,Peve
gene-Peve_00015531_81913,37,8,8,8,5-fold,-0.47862838189916024,0.6419456465030844,-0.34506691662679045,0.573240586819426,398.30121040268403,0.1,0,-0.34506691662679045,ElasticNet,Peve
gene-Peve_00026728_139186,37,5,5,5,5-fold,-0.36740304274726415,0.4227860250170667,-0.22827972867829568,0.25798194274810116,9.429946037898663,0.99,4,-0.22827972867829568,ElasticNet,Peve
gene-Peve_00037053_192666,37,37,35,35,5-fold,-3.3498317205802897,5.936648100061952,-2.9245386680394114,5.677801523436875,900.1914064320445,0.1,0,-2.9245386680394114,ElasticNet,Peve
gene-Peve_00010435_55414,37,4,4,4,5-fold,-2.412017540965364,3.7759627317058135,-0.9010758996356923,1.4140481631749944,665.6998854000088,0.1,0,-0.9010758996356923,ElasticNet,Peve
gene-Peve_00012965_68001,37,13,13,13,5-fold,-2.0333686893238094,3.5198776088248174,-1.3675796825072566,2.3322897505922517,23.702262826499354,0.95,8,-1.3675796825072566,ElasticNet,Peve
gene-Peve_00038631_201059,37,6,6,6,5-fold,-0.7194468188003353,0.403239992217565,-0.23522763891674825,0.25918739058984563,534.0639953408522,0.1,0,-0.23522763891674825,ElasticNet,Peve
gene-Peve_00000286_1833,37,91,75,75,5-fold,-1.7045647795021721,2.366149595657682,-0.9754980527536807,1.6958110772202766,1241.2378519134104,0.1,0,-0.9754980527536807,ElasticNet,Peve
gene-Peve_00042785_222162,37,11,7,7,5-fold,-0.7361463901308098,0.7095053676343868,-0.30937970670768605,0.4463504633664247,13.171610391287958,0.1,7,-0.30937970670768605,ElasticNet,Peve
gene-Peve_00029579_154612,37,3,3,3,5-fold,-0.40806950490441185,0.4142483250545257,-0.12161822204492276,0.21896310420506776,446.6915668359393,0.1,0,-0.12161822204492276,ElasticNet,Peve
gene-Peve_00001451_7965,37,9,9,9,5-fold,-2.850166038905235,3.3739783971238393,-2.1785435395576465,3.8823260818676126,853.6480240733786,0.1,0,-2.1785435395576465,ElasticNet,Peve
gene-Peve_00007263_38665,37,16,16,16,5-fold,-0.04333625591509656,0.1445802706110647,-0.08610344557375882,0.10192225935219713,40.01545410828869,0.9,6,-0.04333625591509656,RF,Peve
gene-Peve_00002526_14369,37,18,18,18,5-fold,0.14016047450085606,0.2546523512506818,-0.28609427522162234,0.8224915393973732,1.8469792415513349,0.5,18,0.14016047450085606,RF,Peve
gene-Peve_00002284_12616,37,10,5,5,5-fold,-0.42311368780401865,0.29696885631349706,-0.2656396505398587,0.2717430258674906,136.96101695854978,0.1,0,-0.2656396505398587,ElasticNet,Peve
gene-Peve_00043549_226214,37,15,15,15,5-fold,-2.5464420030982895,4.725992861270864,-2.007689733791381,3.4633896019323833,1.4785231641181285,0.5,14,-2.007689733791381,ElasticNet,Peve
gene-Peve_00033466_174171,37,5,5,5,5-fold,-0.367689793978318,0.44282216064105423,-0.8194412177503736,0.9309884657856448,519.5500867006717,0.1,0,-0.367689793978318,RF,Peve
gene-Peve_00028755_150565,37,16,16,16,5-fold,-0.5969443334443391,0.4201260627874164,-0.706083108753605,1.1489738382832708,79.66051220701985,0.99,1,-0.5969443334443391,RF,Peve
gene-Peve_00042439_220658,37,7,7,7,5-fold,-0.7133982640602987,0.6208235063987019,-0.21848766090960786,0.3221072729765692,571.7116577222915,0.1,0,-0.21848766090960786,ElasticNet,Peve
gene-Peve_00005176_28263,37,35,29,29,5-fold,-0.019932369947627836,0.2502649739638173,-0.1293281757369404,0.17705650679712373,55.33392393403863,0.99,4,-0.019932369947627836,RF,Peve
gene-Peve_00037083_192678,37,34,30,30,5-fold,-0.2746397788798141,0.14839002383519123,-0.2134876154725343,0.2422735258203383,60.177459927286144,0.99,5,-0.2134876154725343,ElasticNet,Peve
gene-Peve_00036996_192541,37,11,9,9,5-fold,0.037277819714339654,0.2175757509486546,0.08645992029805223,0.05198805572052591,12.165997663535288,0.95,6,0.08645992029805223,ElasticNet,Peve
gene-Peve_00040522_211292,37,28,28,28,5-fold,-0.1344002206763192,0.2195383653603368,-0.18972954472694661,0.15213711104188934,7.963557422174932,0.1,28,-0.1344002206763192,RF,Peve
gene-Peve_00041492_216443,37,5,2,2,5-fold,-0.2926722652534068,0.23197032786842106,-0.15446693247773807,0.1430680798987362,408.18092103364506,0.1,0,-0.15446693247773807,ElasticNet,Peve
gene-Peve_00025241_131786,37,2,2,2,5-fold,-0.6392350722233833,0.6045985036703434,-0.6650966417838443,0.6998682234015469,1.0839658232392282,0.1,2,-0.6392350722233833,RF,Peve
gene-Peve_00018205_95612,37,5,5,5,5-fold,-1.3328700714231378,1.387088963132693,-0.4966093406819498,0.725735140631949,724.7850585589542,0.1,0,-0.4966093406819498,ElasticNet,Peve
gene-Peve_00004073_21666,37,2,2,2,5-fold,-0.12252675884340507,0.20327740974351807,-0.29023862695604596,0.21861405292770367,0.8160867018683187,0.1,2,-0.12252675884340507,RF,Peve
gene-Peve_00043384_225333,37,24,18,18,5-fold,-0.9432740916842508,0.5675204113605061,-0.559005258032681,0.4063753208139857,9.923454680949671,0.95,13,-0.559005258032681,ElasticNet,Peve
gene-Peve_00015613_82737,37,2,2,2,5-fold,-1.5623353469971317,2.9641343701203136,-1.0811962109626099,1.2809262719916092,432.9753819394079,0.1,0,-1.0811962109626099,ElasticNet,Peve
gene-Peve_00002219_12351,37,9,9,9,5-fold,-0.6481916216710855,0.5098993721186422,-0.49242926284652955,0.38289718105440185,61.039444129440874,0.99,2,-0.49242926284652955,ElasticNet,Peve
gene-Peve_00043041_223646,37,82,40,40,5-fold,-0.36923315532091244,0.34787233813037316,-0.17586481451484176,0.12450749128670544,44.416211704333975,0.99,7,-0.17586481451484176,ElasticNet,Peve
gene-Peve_00042343_220189,37,32,21,21,5-fold,-0.5798289379666868,0.5852989066955486,-0.3174049209561898,0.3611842019727668,948.5989668980247,0.1,0,-0.3174049209561898,ElasticNet,Peve
gene-Peve_00013275_69581,37,7,3,3,5-fold,-0.5315756587476532,0.6767879519615998,-0.4005555172706387,0.7220085658901031,513.7094278709862,0.1,1,-0.4005555172706387,ElasticNet,Peve
gene-Peve_00011108_58950,37,5,4,4,5-fold,-0.8482832854111002,1.1065785081477095,-0.30130242210015845,0.46501574496284614,3.3281894513993175,0.95,4,-0.30130242210015845,ElasticNet,Peve
gene-Peve_00033407_173839,37,2,2,2,5-fold,-0.3137656657314927,0.39948332849941226,-0.09370502324133292,0.09416671626974979,135.30621257953413,0.1,0,-0.09370502324133292,ElasticNet,Peve
gene-Peve_00009495_50127,37,14,10,10,5-fold,-0.23760562990383938,0.18505076420728755,-0.38860614507863495,0.7133336009547693,38.76347984463505,0.99,2,-0.23760562990383938,RF,Peve
gene-Peve_00023782_123624,37,11,9,9,5-fold,-0.08497019765140848,0.12135248808477747,-0.3583193321064075,0.30714313982126923,6.128264318872999,0.95,6,-0.08497019765140848,RF,Peve
gene-Peve_00041449_216250,37,2,2,2,5-fold,-0.4060041991448456,0.3757085147304985,-0.16384651084228447,0.16653229884301246,1445.56474099768,0.1,0,-0.16384651084228447,ElasticNet,Peve
gene-Peve_00023595_122813,37,5,3,3,5-fold,-0.6217439750453535,1.1972655717130747,-0.9595674595660395,1.814611951555705,315.99719813509296,0.1,0,-0.6217439750453535,RF,Peve
gene-Peve_00002284_12612,37,4,3,3,5-fold,-0.3525869560818729,0.3333491170670939,-0.3820458304377008,0.4135766971276912,499.906716332491,0.1,0,-0.3525869560818729,RF,Peve
gene-Peve_00022898_119263,37,5,3,3,5-fold,-43.7979313235569,87.15564791717317,-64.1687807512993,128.0074485688507,1387.224787207113,0.1,0,-43.7979313235569,RF,Peve
gene-Peve_00032189_167388,37,3,2,2,5-fold,-4.132615823571943,8.381352579390292,-3.492839872073727,6.351505842514366,8.344319544843051,0.99,2,-3.492839872073727,ElasticNet,Peve
gene-Peve_00019503_102513,37,4,4,4,5-fold,-0.2888229684056276,0.4871125898578653,-0.1548575602525363,0.16905956447816792,559.2401153040356,0.1,0,-0.1548575602525363,ElasticNet,Peve
gene-Peve_00021603_112663,37,36,26,26,5-fold,0.022255935280860294,0.034498981217665196,-0.14718309196818874,0.15763223207625832,1093.0571699751008,0.1,0,0.022255935280860294,RF,Peve
gene-Peve_00003595_19537,37,19,19,19,5-fold,-0.7726924955205005,0.834163436356632,-0.2018367511451551,0.260701974294737,98.91641987313537,0.99,1,-0.2018367511451551,ElasticNet,Peve
gene-Peve_00002321_12984,37,4,2,2,5-fold,-0.3645303698437601,0.17140779579110052,-0.1795418800930642,0.15135404088438065,544.039263493177,0.1,0,-0.1795418800930642,ElasticNet,Peve
gene-Peve_00042911_223048,37,2,2,2,5-fold,-0.19297888385733403,0.055980367574051955,-0.03957100877995519,0.031287935920226384,670.4544947988538,0.1,0,-0.03957100877995519,ElasticNet,Peve
gene-Peve_00004165_22194,37,3,3,3,5-fold,-2.2244597158765145,2.290468697151739,-1.1881777761717873,1.9827820623959573,1098.1404589628814,0.1,0,-1.1881777761717873,ElasticNet,Peve
gene-Peve_00028325_148126,37,9,7,7,5-fold,-0.9392702658317017,1.4796514722349212,-0.5581039437157262,0.812775077923643,26.00513544407448,0.99,4,-0.5581039437157262,ElasticNet,Peve
gene-Peve_00002029_11320,37,5,4,4,5-fold,-8.213326380764732,10.263665597171595,-6.5977510661898275,11.221559914750532,173.464254150348,0.1,0,-6.5977510661898275,ElasticNet,Peve
gene-Peve_00000091_821,37,5,5,5,5-fold,-0.794819341707037,0.6984110706540422,-0.6760080582869399,0.647828016141915,52.36256691950162,0.99,2,-0.6760080582869399,ElasticNet,Peve
gene-Peve_00016735_88332,37,2,2,2,5-fold,-0.16590235838084402,0.324261531033618,-0.058803762270854196,0.11621270405901508,18.277117528825173,0.99,2,-0.058803762270854196,ElasticNet,Peve
gene-Peve_00018749_98124,37,41,34,34,5-fold,-0.06158506436531432,0.8280156170957713,-0.22129285359203674,0.1625461107636389,2.598496397218542,0.1,34,-0.06158506436531432,RF,Peve
gene-Peve_00027750_144923,37,11,5,5,5-fold,-1.5726192760327993,2.2758552909332623,-0.7888786093373898,1.314864425170608,531.367290027526,0.1,0,-0.7888786093373898,ElasticNet,Peve
gene-Peve_00004259_22676,37,3,3,3,5-fold,-0.21331369978696113,0.7115456396081282,-0.06667557695683712,0.07189713586007553,842.9243717795121,0.1,0,-0.06667557695683712,ElasticNet,Peve
gene-Peve_00017616_92662,37,5,4,4,5-fold,-0.19190039802905606,0.11745064096954007,-0.12562692901669353,0.1357170838884563,12.396783075780078,0.99,1,-0.12562692901669353,ElasticNet,Peve
gene-Peve_00033567_175030,37,10,4,4,5-fold,-16.18614982011752,31.35305470495096,-14.755038989776343,28.820694425987952,291.1037514604272,0.1,0,-14.755038989776343,ElasticNet,Peve
gene-Peve_00012227_64307,37,7,7,7,5-fold,-0.597718625930294,0.6388530297350604,-0.2872123826595759,0.46097863834691194,958.0757447705265,0.1,2,-0.2872123826595759,ElasticNet,Peve
gene-Peve_00021915_114636,37,11,4,4,5-fold,-0.3660828512383457,0.23244090446606253,-0.1275749966619975,0.11782643043358026,521.6023943512633,0.1,0,-0.1275749966619975,ElasticNet,Peve
gene-Peve_00009052_47971,37,13,12,12,5-fold,-0.34760578051411084,0.4111164884388089,-0.6716203247255632,1.1077168859099538,12.292495285130103,0.95,9,-0.34760578051411084,RF,Peve
gene-Peve_00021003_110132,37,42,25,25,5-fold,-1.0629905468951475,1.5754617478943371,-0.7888392016957635,1.0675523369446025,0.9840089634776279,0.5,24,-0.7888392016957635,ElasticNet,Peve
gene-Peve_00009719_51439,37,48,35,35,5-fold,-0.14461238309682692,0.49171521623643033,-2.372438798319259,5.097128842554075,16.177505839665912,0.95,16,-0.14461238309682692,RF,Peve
gene-Peve_00001436_7776,37,11,10,10,5-fold,-2.5802871484660423,4.245420246728388,-0.846701430823025,1.341641222621869,1370.0112354635744,0.1,0,-0.846701430823025,ElasticNet,Peve
gene-Peve_00036283_188556,37,49,30,30,5-fold,-0.4866525934502615,0.41943781868807056,-0.17019750568224282,0.15653089968989944,123.912264529528,0.99,1,-0.17019750568224282,ElasticNet,Peve
gene-Peve_00004912_26891,37,11,10,10,5-fold,-0.9650075019044294,1.5068288010903932,-1.2399075440888172,1.8122275864410555,41.11693715561762,0.99,4,-0.9650075019044294,RF,Peve
gene-Peve_00044317_230326,37,2,2,2,5-fold,-0.22389530638750146,0.27159608753720443,-0.5422336325211319,0.623267832244467,0.694371510306618,0.1,2,-0.22389530638750146,RF,Peve
gene-Peve_00007040_37545,37,8,4,4,5-fold,-1.4994363971953366,1.5573830108485314,-1.2038472412628782,1.4185033018490136,218.28913452150167,0.1,0,-1.2038472412628782,ElasticNet,Peve
gene-Peve_00006630_35217,37,7,5,5,5-fold,-0.7146010192774489,1.0225609690496649,-0.39566169037465876,0.713121580005612,513.1765096230642,0.1,1,-0.39566169037465876,ElasticNet,Peve
gene-Peve_00000538_3137,37,9,6,6,5-fold,-0.7002717313602999,0.28644121071427614,-0.4233225933620502,0.42863917060961615,13.170081986437449,0.99,3,-0.4233225933620502,ElasticNet,Peve
gene-Peve_00018989_99616,37,7,7,7,5-fold,-0.20037365015063652,0.1266713162959167,-0.12509517349304367,0.1226260372825328,0.639226948939114,0.5,7,-0.12509517349304367,ElasticNet,Peve
gene-Peve_00027168_141665,37,4,4,4,5-fold,-1.3996129546751812,2.5631677731820557,-0.7503121664828922,1.4154309354157877,6.301932124727877,0.99,4,-0.7503121664828922,ElasticNet,Peve
gene-Peve_00020239_106148,37,3,3,3,5-fold,-0.627932077867338,0.645684817042242,-0.4169103203527104,0.46287616589060315,54.28868835231545,0.99,2,-0.4169103203527104,ElasticNet,Peve
gene-Peve_00043312_224911,37,49,43,43,5-fold,-1.182935519466069,1.942066289546745,-0.5812062127111877,0.9238760027904646,95.44727912007647,0.99,3,-0.5812062127111877,ElasticNet,Peve
gene-Peve_00022294_116398,37,19,5,5,5-fold,-4.001268394261516,4.884623541524946,-1.954223886264833,1.902980518492258,1.2610797567638765,0.1,5,-1.954223886264833,ElasticNet,Peve
gene-Peve_00040516_211217,37,12,12,12,5-fold,-0.2116293863829136,0.31753950147946053,-0.31376972025636557,0.2683631188544181,33.73949855624192,0.99,5,-0.2116293863829136,RF,Peve
gene-Peve_00001487_8188,37,28,20,20,5-fold,-0.4116715981134913,0.28816376998375864,-0.09417639969389842,0.07565450408869599,8.968954825731803,0.1,20,-0.09417639969389842,ElasticNet,Peve
gene-Peve_00010311_54758,37,50,42,42,5-fold,-5.956071524226486,10.830451715432414,-2.3511444689680148,4.428310016141975,61.294321091893444,0.99,5,-2.3511444689680148,ElasticNet,Peve
gene-Peve_00026210_136647,37,3,3,3,5-fold,-0.5451588416505821,0.5723519722509076,-0.33456153863781585,0.29425771234810316,659.195517322384,0.1,0,-0.33456153863781585,ElasticNet,Peve
gene-Peve_00002321_12978,37,7,6,6,5-fold,-0.3720360988887943,0.32871591898272273,0.007922015949091943,0.18036650598728846,13.572825253857086,0.99,4,0.007922015949091943,ElasticNet,Peve
gene-Peve_00033467_174174,37,6,6,6,5-fold,-0.5524571225032597,0.5386447450745042,-0.30640754490369176,0.4239653377084178,924.6590701491402,0.1,0,-0.30640754490369176,ElasticNet,Peve
gene-Peve_00036024_187235,37,19,13,13,5-fold,-0.2544781591211088,0.364118901555143,-0.1383211392106038,0.30963218293849776,1.1768145164527555,0.5,13,-0.1383211392106038,ElasticNet,Peve
gene-Peve_00001440_7857,37,3,3,3,5-fold,-2.7788700052449657,3.8019529960007454,-0.6626502977754909,0.707553787246419,4.9680468888818865,0.9,3,-0.6626502977754909,ElasticNet,Peve
gene-Peve_00037180_193334,37,2,2,2,5-fold,-0.6425305985353331,1.063066735704295,-0.48815344825803725,0.9250155855198475,0.6355468804953839,0.1,2,-0.48815344825803725,ElasticNet,Peve
gene-Peve_00031442_163582,37,62,62,62,5-fold,-0.8376956538744385,0.8810337124533081,-0.5880109882522178,0.666965870088047,1309.565792554828,0.1,0,-0.5880109882522178,ElasticNet,Peve
gene-Peve_00033958_176998,37,49,42,42,5-fold,-0.4444739490111592,0.2693720608066087,-0.36766561816909704,0.28275981857717386,49.31170029678957,0.99,13,-0.36766561816909704,ElasticNet,Peve
gene-Peve_00012673_66452,37,14,4,4,5-fold,-0.27175529389189457,0.2747548939695867,-0.22860380872226904,0.2791383644235144,666.2361534126547,0.1,0,-0.22860380872226904,ElasticNet,Peve
gene-Peve_00022927_119473,37,23,12,12,5-fold,-0.03458123430307334,0.11592044289268463,-0.17911751535704262,0.2158169909481723,1481.4874598035224,0.1,0,-0.03458123430307334,RF,Peve
gene-Peve_00037744_196404,37,6,6,6,5-fold,-0.09869492918252305,0.245486117588712,-0.09815164056176848,0.0725388953073833,1026.357197809695,0.1,0,-0.09815164056176848,ElasticNet,Peve
gene-Peve_00031822_165763,37,2,2,2,5-fold,-1.5051913407007034,1.6813906919555592,-0.9086138107519087,1.0229327722943635,335.7821509175749,0.1,0,-0.9086138107519087,ElasticNet,Peve
gene-Peve_00003338_18054,37,2,2,2,5-fold,-0.5154476383749317,0.8397166751710422,-0.2713623833896846,0.7577162387851955,0.5926466708779957,0.5,2,-0.2713623833896846,ElasticNet,Peve
gene-Peve_00021491_112216,37,72,62,62,5-fold,-0.28576483270286557,0.3364720604581884,-1.1308348674159856,1.6219073896201472,7.68553569713233,0.99,29,-0.28576483270286557,RF,Peve
gene-Peve_00039741_207236,37,24,24,24,5-fold,-0.28612332203282265,0.2970940063855506,-0.19733334422335083,0.21040937958884887,96.67334192407196,0.95,2,-0.19733334422335083,ElasticNet,Peve
gene-Peve_00016735_88331,37,3,3,3,5-fold,-0.28819095741480316,0.3291102011812266,-0.19830091077265735,0.23225735867556496,4.644703407524638,0.1,3,-0.19830091077265735,ElasticNet,Peve
gene-Peve_00009610_50837,37,11,8,8,5-fold,-0.44830873331087073,0.5021152937145595,-0.15473772621053655,0.18172621119847318,2.4062319700944443,0.99,4,-0.15473772621053655,ElasticNet,Peve
gene-Peve_00001621_8910,37,15,15,15,5-fold,-0.8344598710124627,0.773774833350835,-0.6129354867009822,0.8150251826774583,1036.8141348704878,0.1,0,-0.6129354867009822,ElasticNet,Peve
gene-Peve_00009945_52478,37,5,5,5,5-fold,-0.34899951951462294,0.19371035064782757,-0.20490888480290007,0.19961010782715,795.6685054530337,0.1,0,-0.20490888480290007,ElasticNet,Peve
gene-Peve_00040867_213252,37,33,16,16,5-fold,-0.39303264292098966,0.3802085495603867,-0.05493709358493541,0.16032940462971204,9.600034230643242,0.99,14,-0.05493709358493541,ElasticNet,Peve
gene-Peve_00015639_82798,37,2,2,2,5-fold,-1.9636965428757212,1.7718650001558278,-1.0154756067489359,0.7131497785183772,424.29260800013884,0.1,0,-1.0154756067489359,ElasticNet,Peve
gene-Peve_00037743_196385,37,8,8,8,5-fold,-0.11216126322675024,0.3828025367573192,-0.08516535574987297,0.07859143238095093,770.4578159969946,0.1,0,-0.08516535574987297,ElasticNet,Peve
gene-Peve_00001445_7905,37,6,6,6,5-fold,-5.0680125493459025,7.4147813627983306,-4.604771759563638,7.593252214445813,286.90733333811164,0.1,0,-4.604771759563638,ElasticNet,Peve
gene-Peve_00000515_3031,37,6,5,5,5-fold,-0.4498357765185662,0.34005679637528247,-0.2411252329475145,0.15095136914564475,535.4786379248977,0.1,0,-0.2411252329475145,ElasticNet,Peve
gene-Peve_00026248_136835,37,3,3,3,5-fold,-0.12659624078464352,0.2341287364061524,-0.02426575010142664,0.03083460257490906,1.2061005995276353,0.1,3,-0.02426575010142664,ElasticNet,Peve
gene-Peve_00037277_193814,37,36,32,32,5-fold,-1.4210961284988095,2.4503566159536843,-0.6880869929107487,1.2012909637168085,1424.5193762268132,0.1,0,-0.6880869929107487,ElasticNet,Peve
gene-Peve_00027335_142651,37,16,14,14,5-fold,-1.604062413675392,2.6491699591807247,-2.061070774607225,3.625038792054447,7.529058582726391,0.1,14,-1.604062413675392,RF,Peve
gene-Peve_00031591_164332,37,13,10,10,5-fold,-2608.355377223021,3329.563574803391,-655.7806443765608,824.0017402814027,245.89197182187354,0.1,0,-655.7806443765608,ElasticNet,Peve
gene-Peve_00044986_234029,37,3,3,3,5-fold,-0.5727901234742766,0.7637022620741596,-0.12229550278901584,0.11636810737457713,39.77236812937095,0.99,1,-0.12229550278901584,ElasticNet,Peve
gene-Peve_00010900_57677,37,3,3,3,5-fold,-10.379498550734136,20.65810088395449,-13.512744823074339,18.7064759406182,2.0242569770329104,0.1,3,-10.379498550734136,RF,Peve
gene-Peve_00009724_51495,37,7,7,7,5-fold,-1.703464182433964,3.4564897030278963,-1.3025817069567371,2.3206981737306096,31.458641841591447,0.99,2,-1.3025817069567371,ElasticNet,Peve
gene-Peve_00009614_50886,37,10,10,10,5-fold,-0.9348673817758189,0.900396833653528,-0.5672136855368646,0.7975762523056144,811.9202225014502,0.1,0,-0.5672136855368646,ElasticNet,Peve
gene-Peve_00019512_102568,37,4,4,4,5-fold,-0.4601479924432807,1.1550893455819324,-0.3166970405216474,0.29774716868803514,161.53747275596538,0.1,0,-0.3166970405216474,ElasticNet,Peve
gene-Peve_00007503_39688,37,7,7,7,5-fold,-0.3974336657283043,0.19198767232935826,-0.23621267446031585,0.1091789179551194,7.947693493319183,0.99,5,-0.23621267446031585,ElasticNet,Peve
gene-Peve_00028653_149798,37,48,33,33,5-fold,-0.7171092083248599,1.288728889215168,-0.09065761974415291,0.1483167648986445,39.83376052552883,0.99,6,-0.09065761974415291,ElasticNet,Peve
gene-Peve_00003523_18928,37,5,3,3,5-fold,-0.37249365929845446,0.28862849379946837,-0.23236042250747624,0.38095553669119386,1203.2985619599685,0.1,0,-0.23236042250747624,ElasticNet,Peve
gene-Peve_00036547_190065,37,12,2,2,5-fold,0.042285311663976886,0.27615620075055186,-1.2690292548655902,2.6071349868754785,3.719992898541167,0.99,2,0.042285311663976886,RF,Peve
gene-Peve_00018640_97614,37,3,3,3,5-fold,-0.482134548066017,0.38686109439139843,-0.2618097554968432,0.30092310616077167,419.7833678614197,0.1,0,-0.2618097554968432,ElasticNet,Peve
gene-Peve_00026728_139183,37,5,4,4,5-fold,-0.4664317960980605,0.6055497406106259,-0.13683130105809224,0.12670231098166987,624.928979184581,0.1,0,-0.13683130105809224,ElasticNet,Peve
gene-Peve_00030281_158208,37,3,3,3,5-fold,-0.3965204351603633,0.6829452746649294,-0.2625347463754383,0.38700186601181524,9.793337639099768,0.95,2,-0.2625347463754383,ElasticNet,Peve
gene-Peve_00024001_124805,37,9,6,6,5-fold,-1.6981249895413115,2.332343782620741,-1.2440528056446793,2.278957302152512,618.717779856349,0.1,0,-1.2440528056446793,ElasticNet,Peve
gene-Peve_00011325_59741,37,13,13,13,5-fold,-1.129393562370287,1.9447621671086082,-0.4804022572921657,0.7196309620957377,133.72638550313943,0.9,1,-0.4804022572921657,ElasticNet,Peve
gene-Peve_00041037_214536,37,4,3,3,5-fold,-0.4993497889814466,0.41603410462143037,-0.29516966219994456,0.2548719112678479,522.3948103650513,0.1,0,-0.29516966219994456,ElasticNet,Peve
gene-Peve_00000969_5253,37,10,2,2,5-fold,-14.22458689413487,27.446917351214918,-4.077171898707707,8.074182566914315,96.80216911650248,0.1,0,-4.077171898707707,ElasticNet,Peve
gene-Peve_00043397_225425,37,5,5,5,5-fold,-0.11037797702389991,0.13535717724967902,-0.1045077924092908,0.0350503292034442,1038.9219409572104,0.1,0,-0.1045077924092908,ElasticNet,Peve
gene-Peve_00042169_219705,37,2,2,2,5-fold,-0.5896442279874046,0.6739702898677002,-0.39755469725551207,0.68727647240365,414.8778693896998,0.1,0,-0.39755469725551207,ElasticNet,Peve
gene-Peve_00009964_52573,37,8,8,8,5-fold,-0.0661875550099976,0.44522594312920916,-0.5440631593358244,0.6393540783876569,94.43387496203829,0.99,1,-0.0661875550099976,RF,Peve
gene-Peve_00022450_117337,37,15,8,8,5-fold,-0.23321420869560522,0.4551884783235112,-0.09338088618842111,0.16520420850204326,792.2334250760395,0.1,0,-0.09338088618842111,ElasticNet,Peve
gene-Peve_00040996_213995,37,4,4,4,5-fold,-0.08267799657322064,0.32693512358940213,-0.14352233019605493,0.10100337128342332,493.37174701076896,0.1,0,-0.08267799657322064,RF,Peve
gene-Peve_00019232_101026,37,3,3,3,5-fold,-1.436167304767602,2.3808266592171012,-0.7418092449475118,1.3800246145187396,12.271117350290453,0.1,3,-0.7418092449475118,ElasticNet,Peve
gene-Peve_00043837_227880,37,2,2,2,5-fold,-0.24356126604031178,0.19705130609415478,-0.1525211891998862,0.22888224966510876,450.0265134043508,0.1,0,-0.1525211891998862,ElasticNet,Peve
gene-Peve_00033274_173132,37,5,2,2,5-fold,-15458.512219743683,30914.572056779532,-3088.3158894451426,6175.395897651158,413.10778770721396,0.1,0,-3088.3158894451426,ElasticNet,Peve
gene-Peve_00030203_157772,37,205,169,100,5-fold,-8.892888658669403,14.009910487541601,-6.752829977317427,8.431057082230595,7.2778609481943795,0.99,42,-6.752829977317427,ElasticNet,Peve
gene-Peve_00002968_16302,37,3,3,3,5-fold,-0.4168215844341182,0.5959267847381376,-0.3846437418162335,0.6325897793006944,18.50320914069945,0.1,3,-0.3846437418162335,ElasticNet,Peve
gene-Peve_00000097_876,37,4,4,4,5-fold,-1.067189609724504,1.5324936910943565,-0.5752213292838696,0.8715584612245703,2.0317572258294,0.1,4,-0.5752213292838696,ElasticNet,Peve
gene-Peve_00017512_92153,37,17,11,11,5-fold,-135.98619784746322,269.10964933358724,-63.25298860443128,125.99717694870208,385.6938027463218,0.1,0,-63.25298860443128,ElasticNet,Peve
gene-Peve_00006247_33039,37,41,39,39,5-fold,-0.29554405645116844,0.6481367511666912,-0.020680831685704826,0.42800415911477224,1.4662045933904155,0.5,39,-0.020680831685704826,ElasticNet,Peve
gene-Peve_00013380_70192,37,22,18,18,5-fold,-0.4004773146806844,0.5408361338209909,-0.46726683002912195,0.8150447269673281,183.40459216322947,0.99,0,-0.4004773146806844,RF,Peve
gene-Peve_00028568_149186,37,3,3,3,5-fold,-0.05546587346671796,0.3112661729608508,-0.24024696709710316,0.13906236041563186,0.06237917219247862,0.99,3,-0.05546587346671796,RF,Peve
gene-Peve_00004018_21501,37,6,6,6,5-fold,-0.2344055279826338,0.20808849498632823,-0.2568127083957006,0.24248025264155137,1168.5139962396227,0.1,0,-0.2344055279826338,RF,Peve
gene-Peve_00033461_174153,37,21,21,21,5-fold,-0.2811846014544591,0.23068428416300932,-0.17137556973700746,0.300297200116139,1887.2805678302204,0.1,0,-0.17137556973700746,ElasticNet,Peve
gene-Peve_00001060_5594,37,68,54,54,5-fold,-0.762849601655079,1.190572122542875,-0.5478238880641386,0.9232205129086914,64.08369961832389,0.1,50,-0.5478238880641386,ElasticNet,Peve
gene-Peve_00027014_140706,37,22,17,17,5-fold,-2.8696755578793804,4.563145531686693,-2.85094556245647,3.323868802363364,136.4759751599288,0.99,2,-2.85094556245647,ElasticNet,Peve
gene-Peve_00023645_123018,37,2,2,2,5-fold,-0.5513872879910692,0.7964783371542559,-0.4342355419734069,0.6304000971872518,641.3436970377945,0.1,0,-0.4342355419734069,ElasticNet,Peve
gene-Peve_00011341_59807,37,4,3,3,5-fold,-0.7108730140335858,1.0414279127126749,-9.513397011991483,18.871189779185638,100.96652757503043,0.1,0,-0.7108730140335858,RF,Peve
gene-Peve_00021508_112337,37,27,19,19,5-fold,-0.33859071489578996,0.5081773540858487,-0.08937403376503975,0.1620833926602982,67.6125787219271,0.99,2,-0.08937403376503975,ElasticNet,Peve
gene-Peve_00024001_124802,37,6,6,6,5-fold,-1.4620641213694108,1.1815367236474468,-0.8967072485119646,1.6110225326872936,1.146631235600356,0.1,6,-0.8967072485119646,ElasticNet,Peve
gene-Peve_00032198_167438,37,20,20,20,5-fold,-0.14380764404547572,0.8117326509150202,-0.08737781628013441,0.08235547598846793,13.201019322842319,0.1,20,-0.08737781628013441,ElasticNet,Peve
gene-Peve_00005850_31220,37,36,28,28,5-fold,-0.8644458012984103,0.6692194191775385,-0.21948359744253781,0.17070970844110359,66.12582727955927,0.99,1,-0.21948359744253781,ElasticNet,Peve
gene-Peve_00012894_67564,37,44,44,44,5-fold,-2.077883863674832,3.2664325830670218,-1.5228632196917655,2.755450186783259,908.2839734021874,0.1,0,-1.5228632196917655,ElasticNet,Peve
gene-Peve_00021212_111095,37,11,11,11,5-fold,-0.2831137313212118,0.267131103849133,-0.06543389635961197,0.09261412090147725,24.399571225986172,0.9,7,-0.06543389635961197,ElasticNet,Peve
gene-Peve_00038678_201405,37,51,51,51,5-fold,0.03719095911931525,0.1672004321737687,0.15181885673611656,0.099955583525662,10.267738811310153,0.99,29,0.15181885673611656,ElasticNet,Peve
gene-Peve_00008637_45874,37,39,32,32,5-fold,-0.9811386679619061,1.6830787117470274,-1.0633102602793714,1.9385804020417696,1237.1211915250929,0.1,0,-0.9811386679619061,RF,Peve
gene-Peve_00006894_36803,37,28,16,16,5-fold,-1.0539047758918416,1.7733214705504854,-2.7208178594093426,3.5750969801741883,8.529116640054216,0.99,14,-1.0539047758918416,RF,Peve
gene-Peve_00006752_35937,37,16,8,8,5-fold,-3.1002020843812312,5.505547362638538,-1.306621169278737,2.5168330548431888,523.2102481659933,0.1,0,-1.306621169278737,ElasticNet,Peve
gene-Peve_00043575_226372,37,2,2,2,5-fold,-2.4123168124044456,3.746961503426553,-1.0479739047263585,1.5379063060871994,227.61489181359497,0.1,0,-1.0479739047263585,ElasticNet,Peve
gene-Peve_00036234_188246,37,3,3,3,5-fold,-0.11913135054399752,0.07299482016829409,-0.1483039073890347,0.1250269746273999,1126.0581759235022,0.1,0,-0.11913135054399752,RF,Peve
gene-Peve_00045236_235134,37,13,13,13,5-fold,-1.0497377280207107,1.1193549903063336,-0.49497892151017575,0.4637147506325552,36.418685750492294,0.99,6,-0.49497892151017575,ElasticNet,Peve
gene-Peve_00043837_227878,37,11,9,9,5-fold,-0.3661451559585012,0.6024238205889254,-0.23556203261107472,0.29358780520087047,1095.1839789407916,0.1,0,-0.23556203261107472,ElasticNet,Peve
gene-Peve_00003532_18965,37,3,3,3,5-fold,-2.0654641327441965,2.4255346152792927,-0.4825747585220199,0.5713059002054789,0.2851745353359318,0.99,3,-0.4825747585220199,ElasticNet,Peve
gene-Peve_00017452_91940,37,9,9,9,5-fold,-0.3865598567699402,0.7825131406858189,-0.3262110493119137,0.5732580380260823,511.3818817602483,0.1,0,-0.3262110493119137,ElasticNet,Peve
gene-Peve_00011108_58949,37,2,2,2,5-fold,-0.37284324642971967,0.27403624593479975,-0.24451654739978018,0.3620349882921991,304.2803229523536,0.1,0,-0.24451654739978018,ElasticNet,Peve
gene-Peve_00023831_123906,37,100,78,78,5-fold,-0.04797035058414887,0.13874856355685175,-0.12350983554547552,0.2168996199813456,1219.6369845086867,0.1,0,-0.04797035058414887,RF,Peve
gene-Peve_00014002_73719,37,2,2,2,5-fold,-1.2492318734161676,1.2122404694877396,-1.6532243720933644,2.2217391143826952,500.311119775448,0.1,0,-1.2492318734161676,RF,Peve
gene-Peve_00014616_76970,37,8,5,5,5-fold,-0.11800053167599597,0.15241450165991607,-0.14934748551505425,0.17824138429785813,1.139595634878528,0.5,5,-0.11800053167599597,RF,Peve
gene-Peve_00016735_88338,37,3,3,3,5-fold,-0.2011377748114116,0.37501849584905084,-0.13943917189065572,0.09587938427986105,209.89561074572083,0.1,0,-0.13943917189065572,ElasticNet,Peve
gene-Peve_00042790_222460,37,3,2,2,5-fold,-0.37971161223022143,0.3572437227220683,-0.26443593119563635,0.259088370503236,0.7577044392034079,0.99,1,-0.26443593119563635,ElasticNet,Peve
gene-Peve_00004006_21371,37,10,5,5,5-fold,-0.8671068232893322,0.9438358847858315,-1.2070705562889992,2.1531266996875424,37.820162334232,0.99,2,-0.8671068232893322,RF,Peve
gene-Peve_00016036_84865,37,3,3,3,5-fold,-0.6012866460487415,0.6055024346260055,-0.44257197240472507,0.5198307701581608,6.788197039969558,0.1,3,-0.44257197240472507,ElasticNet,Peve
gene-Peve_00031822_165773,37,3,3,3,5-fold,-0.47458918928624616,0.2899164903913193,-0.5539969603046007,0.5867644229453225,5.088826993678051,0.9,3,-0.47458918928624616,RF,Peve
gene-Peve_00020219_106024,37,11,10,10,5-fold,-1.343146873675586,1.8194901058123465,-2.620819463003742,3.1505589507046574,8.973125482897517,0.95,8,-1.343146873675586,RF,Peve
gene-Peve_00043182_224362,37,22,15,15,5-fold,-0.13980892510383736,0.18451343941242038,-0.11370201647414806,0.1417806260399012,17.481743337630895,0.5,14,-0.11370201647414806,ElasticNet,Peve
gene-Peve_00007156_38066,37,21,10,10,5-fold,-29718.1585443359,58885.035152269644,-3353.4034174916123,5897.433438754132,87.43899076647845,0.7,1,-3353.4034174916123,ElasticNet,Peve
gene-Peve_00031822_165767,37,5,5,5,5-fold,-1.7571894252638771,2.1499911119428226,-1.2749300334587588,1.6028831506322445,484.9861455409549,0.1,0,-1.2749300334587588,ElasticNet,Peve
gene-Peve_00041449_216268,37,9,9,9,5-fold,-0.5070629288036307,0.623015110520725,-0.21645792363934846,0.2371719944379938,6.581783200844239,0.1,9,-0.21645792363934846,ElasticNet,Peve
gene-Peve_00019881_104257,37,8,5,5,5-fold,-0.2850491337563415,0.9617761134127424,-0.37776479052944295,0.38706755733051745,521.6023943512635,0.1,0,-0.2850491337563415,RF,Peve
gene-Peve_00016490_87193,37,11,5,5,5-fold,-0.6235021441049622,0.5489144407441198,-0.5586609751272614,0.6868513816826277,572.8281281733446,0.1,0,-0.5586609751272614,ElasticNet,Peve
gene-Peve_00001307_7215,37,25,24,24,5-fold,-1.2530345858441128,1.9043887664552743,-1.032380771527688,1.8819918672444773,17.632400315740718,0.5,22,-1.032380771527688,ElasticNet,Peve
gene-Peve_00034956_182109,37,10,10,10,5-fold,-0.5039626737844838,1.0605410115931073,-0.9931284656545237,1.2581877540097348,1.733772451687646,0.1,10,-0.5039626737844838,RF,Peve
gene-Peve_00017415_91783,37,6,6,6,5-fold,-1.9235440019320027,1.8190445403462598,-1.4445370699236952,1.6593169447176648,1390.8690729056364,0.1,0,-1.4445370699236952,ElasticNet,Peve
gene-Peve_00038258_198830,37,6,5,5,5-fold,-0.8572384006091426,1.542769865783901,-1.1697550837249089,1.802484688679666,16.068822563713564,0.99,3,-0.8572384006091426,RF,Peve
gene-Peve_00004975_27320,37,19,14,14,5-fold,-0.5834548207806793,0.8016267013159423,-1.4015925133564546,2.693009900679449,795.1835210864319,0.1,0,-0.5834548207806793,RF,Peve
gene-Peve_00043837_227879,37,4,4,4,5-fold,-0.18216066383904758,0.22081417961722485,-0.16481326467530844,0.190498998911812,66.27281181686607,0.99,1,-0.16481326467530844,ElasticNet,Peve
gene-Peve_00019503_102512,37,14,14,14,5-fold,-0.2804612188496921,0.6613478568797994,-0.34769229982211025,0.5984992262595606,0.5542598724052458,0.5,14,-0.2804612188496921,RF,Peve
gene-Peve_00012132_63553,37,10,9,9,5-fold,-0.40050585415773765,0.45742281380215777,-0.22309046788594195,0.2133871155459505,1429.825335353957,0.1,0,-0.22309046788594195,ElasticNet,Peve
gene-Peve_00037558_195336,37,14,11,11,5-fold,-0.10266589078425403,0.27172422594903095,-0.6120285505967238,0.6089188462169222,44.296057635380656,0.99,5,-0.10266589078425403,RF,Peve
gene-Peve_00016797_88568,37,23,19,19,5-fold,-1.035145953780841,1.2333536990126122,-0.1068708076266542,0.09287697352378348,38.197687956780534,0.99,6,-0.1068708076266542,ElasticNet,Peve
gene-Peve_00030735_160344,37,3,2,2,5-fold,-0.7098554808657138,0.9907651138156136,-0.44013127749610537,0.42943680723099,276.1922674463726,0.1,0,-0.44013127749610537,ElasticNet,Peve
gene-Peve_00029348_153492,37,24,18,18,5-fold,-0.4051387272213022,0.2552252443067312,-0.44025479633350423,0.6145110676855317,14.631951887283266,0.95,15,-0.4051387272213022,RF,Peve
gene-Peve_00001451_7967,37,2,2,2,5-fold,-3.861601832883392,7.3321934442679275,-2.28811561199421,4.3030981584348815,299.7458406691847,0.1,0,-2.28811561199421,ElasticNet,Peve
gene-Peve_00012555_65832,37,4,4,4,5-fold,-0.167044586116268,0.11794226179981943,-0.1837536875787079,0.3268960571772772,43.47932891390673,0.95,1,-0.167044586116268,RF,Peve
gene-Peve_00027302_142493,37,25,19,19,5-fold,-0.20133748461724416,0.5443514341237544,-0.26150708052204147,0.45692811134658845,15.437960534314053,0.99,11,-0.20133748461724416,RF,Peve
gene-Peve_00010900_57678,37,16,9,9,5-fold,-7.047239330801718,13.531034922413227,-2.553505637865817,4.891072280314197,1149.8602524778407,0.1,0,-2.553505637865817,ElasticNet,Peve
gene-Peve_00043790_227587,37,12,2,2,5-fold,-0.10872310781981351,0.13183802918162665,-4.662733555195544,9.209600180892641,196.4505024542799,0.1,0,-0.10872310781981351,RF,Peve
gene-Peve_00002411_13548,37,2,2,2,5-fold,-0.5022818056471289,0.7842798492717592,-0.4507040402082801,0.587695288242744,0.7779774916393858,0.5,2,-0.4507040402082801,ElasticNet,Peve
gene-Peve_00041449_216260,37,3,3,3,5-fold,-1.080508081243855,1.8254023535536015,-0.26568947921381403,0.7090318290981784,0.32330022782824086,0.5,3,-0.26568947921381403,ElasticNet,Peve
gene-Peve_00026728_139220,37,2,2,2,5-fold,-1.4931378269561897,2.915063309088519,-0.5593838529755553,0.7600937690795209,0.2162708820366931,0.5,2,-0.5593838529755553,ElasticNet,Peve
gene-Peve_00029737_155508,37,21,8,8,5-fold,-0.5243035068077897,0.4810196658975222,-0.11741893064758946,0.13973842619789345,10.125285264367504,0.99,6,-0.11741893064758946,ElasticNet,Peve
gene-Peve_00034683_180625,37,4,4,4,5-fold,-0.2542259148685268,0.43140733010351895,-0.49876539259139746,0.8885523065012708,0.7453089081993501,0.1,4,-0.2542259148685268,RF,Peve
gene-Peve_00031591_164331,37,14,11,11,5-fold,-4397.159655627409,5637.398211972801,-1815.4285107663022,2376.7404115407594,414.4517806569253,0.1,0,-1815.4285107663022,ElasticNet,Peve
gene-Peve_00032394_168555,37,33,15,15,5-fold,-0.5356269549614636,0.6543786309768624,-0.7507953128079823,1.083604318878181,724.0530859106876,0.1,0,-0.5356269549614636,RF,Peve
gene-Peve_00011527_60668,37,11,9,9,5-fold,-0.2006115131769585,0.35605929229712324,-10.830687297251037,21.54947339851035,623.0287644403817,0.1,0,-0.2006115131769585,RF,Peve
gene-Peve_00007262_38624,37,21,21,21,5-fold,-1.009242497797744,0.9968566248673119,-1.5632777547093855,1.7996881019073312,4.7587970898706535,0.7,21,-1.009242497797744,RF,Peve
gene-Peve_00015771_83543,37,2,2,2,5-fold,-0.09176713253136011,0.17131016573057734,-0.06599059978516228,0.05122955937809728,131.63329953049612,0.1,1,-0.06599059978516228,ElasticNet,Peve
gene-Peve_00028570_149197,37,5,5,5,5-fold,-0.2085995523870113,0.19206770265416018,-0.08585924583731334,0.08220891799849545,5.061408556228465,0.1,5,-0.08585924583731334,ElasticNet,Peve
gene-Peve_00003993_21348,37,3,3,3,5-fold,-0.8355397802020972,1.2238333194549096,-0.803292232383295,1.2049499243112907,633.8460985268233,0.1,0,-0.803292232383295,ElasticNet,Peve
gene-Peve_00002321_12982,37,4,4,4,5-fold,-0.18115301098760847,0.32256113934548797,-0.10267609091785172,0.08121668466584837,612.7626908302756,0.1,0,-0.10267609091785172,ElasticNet,Peve
gene-Peve_00002504_14069,37,2,2,2,5-fold,-0.9996931637265657,1.5167363369984725,-0.5221940290296138,0.8773024554923311,43.482754357250656,0.1,0,-0.5221940290296138,ElasticNet,Peve
gene-Peve_00004543_24597,37,3,3,3,5-fold,-1.3322500474376437,2.411832097459451,-0.8253501732048987,1.5419548127591918,15.82725979940626,0.7,3,-0.8253501732048987,ElasticNet,Peve
gene-Peve_00012272_64156,37,12,9,9,5-fold,-0.5066701694695802,1.2952587010631358,-0.3248104268055592,0.5665423521894382,518.3574646476028,0.1,2,-0.3248104268055592,ElasticNet,Peve
gene-Peve_00001961_10982,37,10,6,6,5-fold,-0.4558243795551638,0.3593054107320394,-0.24363797822003566,0.3727917146305725,29.487909057343334,0.99,1,-0.24363797822003566,ElasticNet,Peve
gene-Peve_00024659_128828,37,18,15,15,5-fold,-0.1465988428338451,0.12276408763618497,-0.03277908863403485,0.12081976542348487,1.378811478658269,0.5,15,-0.03277908863403485,ElasticNet,Peve
gene-Peve_00033274_173130,37,3,3,3,5-fold,-25016.972904087834,50032.52827854667,-7091.926329866741,14182.0372126449,250.79773152629718,0.1,0,-7091.926329866741,ElasticNet,Peve
gene-Peve_00024314_126788,37,19,11,11,5-fold,-0.47527393194175876,0.48568473933158063,-0.24650222322817655,0.3544207556314891,863.360664708695,0.1,0,-0.24650222322817655,ElasticNet,Peve
gene-Peve_00041449_216262,37,3,2,2,5-fold,-0.8782618286486545,1.4668598424102273,-0.642681621057621,1.0940826964941095,2.193944854143637,0.99,2,-0.642681621057621,ElasticNet,Peve
gene-Peve_00021850_114159,37,13,13,13,5-fold,-0.7616794544735506,1.046725210273068,-0.9289886520313532,1.528339028148326,315.401057380989,0.1,9,-0.7616794544735506,RF,Peve
gene-Peve_00024726_129243,37,37,28,28,5-fold,-4.764987818432384,9.1851674524165,-3.145808578807143,6.132237172037074,7.071721263770162,0.95,13,-3.145808578807143,ElasticNet,Peve
gene-Peve_00016647_87794,37,10,10,10,5-fold,-0.46250978242634294,0.2629749700333883,-0.26169897825332256,0.13079228749871483,1018.1118491331108,0.1,0,-0.26169897825332256,ElasticNet,Peve
gene-Peve_00025321_132106,37,10,4,4,5-fold,-0.07369452148787821,0.3125753209359553,-2.22419024507593,4.270103603864852,1.9525289272557882,0.1,4,-0.07369452148787821,RF,Peve
gene-Peve_00036481_189604,37,38,24,24,5-fold,-0.6802314964143964,1.0435753653581512,-0.6792554363220519,0.8819750494072174,3.22169054268467,0.9,22,-0.6792554363220519,ElasticNet,Peve
gene-Peve_00043568_226277,37,19,16,16,5-fold,-0.2761683302846968,0.4612091734572518,-0.24808862426569359,0.3103839414729545,1641.9501720487037,0.1,0,-0.24808862426569359,ElasticNet,Peve
gene-Peve_00000162_973,37,16,14,14,5-fold,-0.6179499081860467,1.1959668423008574,-0.8028154841219403,1.1161109067661945,3.033464494833328,0.7,14,-0.6179499081860467,RF,Peve
gene-Peve_00023842_123867,37,16,3,3,5-fold,-1.0119832404106317,1.7067440261528306,-1.613143485988272,2.910308442851818,1.0812114103212591,0.99,3,-1.0119832404106317,RF,Peve
gene-Peve_00005117_27997,37,111,111,100,5-fold,-0.7173837008953159,0.607102981083493,-0.40655659438786573,0.4238017364256774,43.30743441256511,0.99,21,-0.40655659438786573,ElasticNet,Peve
gene-Peve_00015822_83745,37,10,7,7,5-fold,-0.661052717839326,1.2106651877704862,-0.2658562836154676,0.3108180784872193,12.158565438535902,0.9,6,-0.2658562836154676,ElasticNet,Peve
gene-Peve_00036958_192302,37,4,4,4,5-fold,-0.6831372731091288,0.8728330033296902,-0.25262206043886815,0.2501307265953125,802.9032887703355,0.1,0,-0.25262206043886815,ElasticNet,Peve
gene-Peve_00029402_153681,37,21,21,21,5-fold,-0.37219933138887534,0.410557682885262,-0.20651983789606673,0.1716350853840168,25.93538735243644,0.9,13,-0.20651983789606673,ElasticNet,Peve
gene-Peve_00015945_84288,37,15,15,15,5-fold,-3.351446563384587,4.226098509878333,-1.6435273664526946,2.2996092820359166,23.034421569426538,0.1,15,-1.6435273664526946,ElasticNet,Peve
gene-Peve_00031822_165768,37,3,3,3,5-fold,-1.9838175730261738,2.278941487483337,-1.304936493780626,1.646217711876473,885.3291494265893,0.1,0,-1.304936493780626,ElasticNet,Peve
gene-Peve_00025486_133095,37,37,37,37,5-fold,-2.740764610174902,3.7957433439251416,-1.1911780311303792,1.934255871627085,900.5842900902928,0.1,0,-1.1911780311303792,ElasticNet,Peve
gene-Peve_00018194_95535,37,7,3,3,5-fold,-1.9672961040228512,3.4615569126803813,-5.036256201361563,9.904796540469082,280.9251584656394,0.1,0,-1.9672961040228512,RF,Peve
gene-Peve_00042169_219704,37,2,2,2,5-fold,-0.44169656241374533,0.8915246585443406,-0.5607486366811812,0.9953913462802136,276.00605810966687,0.1,0,-0.44169656241374533,RF,Peve
gene-Peve_00007167_38144,37,7,4,4,5-fold,-0.33730587244432025,0.11773827803904632,-0.18082782665333044,0.23194946743099162,471.91449194031725,0.1,0,-0.18082782665333044,ElasticNet,Peve
gene-Peve_00019572_102904,37,55,44,44,5-fold,-0.6001918708414001,1.1645860601700169,-0.3048129052174099,0.25737702518798244,1389.1747252606574,0.1,0,-0.3048129052174099,ElasticNet,Peve
gene-Peve_00040996_214000,37,2,2,2,5-fold,-0.283361577264876,0.4386843823771886,-0.09933366414071979,0.06070360511357919,2.74919390431943,0.1,2,-0.09933366414071979,ElasticNet,Peve
gene-Peve_00015483_81773,37,23,19,19,5-fold,-2.2584930168941257,3.544321432650511,-1.2002659948835572,2.2207335608553915,1001.9676315457458,0.1,0,-1.2002659948835572,ElasticNet,Peve
gene-Peve_00023800_123721,37,3,3,3,5-fold,-5.027386727051906,9.57952649977634,-5.94098867890518,11.627044034336816,1148.4966127023617,0.1,0,-5.027386727051906,RF,Peve
gene-Peve_00014002_73721,37,6,2,2,5-fold,-0.7467561921279172,0.8239083685776639,-0.5537302522954708,0.8205320733104551,0.3476588366008646,0.1,2,-0.5537302522954708,ElasticNet,Peve
gene-Peve_00001451_7960,37,6,4,4,5-fold,-4.799683622515732,8.98270574801489,-2.411494303084736,4.32057845613883,2.7408431829629305,0.99,4,-2.411494303084736,ElasticNet,Peve
gene-Peve_00017103_89898,37,11,6,6,5-fold,-0.3741264120401261,0.3846615239429938,-0.1370773212209377,0.12197508145402486,2.668231921287672,0.99,5,-0.1370773212209377,ElasticNet,Peve
gene-Peve_00022389_116933,37,6,6,6,5-fold,-0.30651211914520815,0.3197853165713473,-0.1533717977463823,0.21044616860326662,2.149134732717259,0.1,6,-0.1533717977463823,ElasticNet,Peve
gene-Peve_00001451_7973,37,13,13,13,5-fold,-13.320365495380283,25.315137392793268,-22.849933988168267,45.479135711497236,113.13649358697035,0.99,1,-13.320365495380283,RF,Peve
gene-Peve_00011258_59369,37,5,5,5,5-fold,-0.7543923627572656,1.3074404187909452,-0.4916817101793928,0.7486906307128806,56.62077133492333,0.99,1,-0.4916817101793928,ElasticNet,Peve
gene-Peve_00012819_67237,37,47,39,39,5-fold,-0.08041745419572414,0.5618923008194155,-0.008726093696984316,0.3270253139516738,0.4471743978877554,0.7,38,-0.008726093696984316,ElasticNet,Peve
gene-Peve_00028570_149198,37,8,8,8,5-fold,-0.2534686982342452,0.3438424550008188,-0.04888734508145685,0.060779840748991065,1.2680296461535179,0.5,8,-0.04888734508145685,ElasticNet,Peve
gene-Peve_00001209_6477,37,11,11,11,5-fold,-2.9586225203072347,5.763206709254893,-2.6227114047061337,4.817783010306539,969.4887244304559,0.1,0,-2.6227114047061337,ElasticNet,Peve
gene-Peve_00038432_200090,37,33,33,33,5-fold,-0.8156030673935286,0.9566245312288578,-0.8571029711377639,1.3691642562891118,15.79966048622044,0.9,28,-0.8156030673935286,RF,Peve
gene-Peve_00011105_58936,37,21,19,19,5-fold,-0.6764293889868089,0.8307760709887869,-0.4146314088979447,0.517679171666591,99.34129316471906,0.99,1,-0.4146314088979447,ElasticNet,Peve
gene-Peve_00001308_7217,37,9,9,9,5-fold,-0.8888363110045733,1.0888964578731846,-0.589476778934386,0.7680497762070233,849.8639361977858,0.1,0,-0.589476778934386,ElasticNet,Peve
gene-Peve_00023732_123428,37,4,4,4,5-fold,-0.7505492351965708,0.7951057018055675,-0.5505550804100869,0.577742948549186,102.01912106957006,0.99,1,-0.5505550804100869,ElasticNet,Peve
gene-Peve_00026552_138150,37,253,204,100,5-fold,-1.3703169909725461,2.0750008091755014,-4.249825687763442,8.022592903099795,0.2231256240733433,0.95,75,-1.3703169909725461,RF,Peve
gene-Peve_00041449_216229,37,4,4,4,5-fold,-0.569506811000001,0.6870414803271688,-0.1577471725191008,0.23991120754599662,462.31320194734803,0.1,0,-0.1577471725191008,ElasticNet,Peve
gene-Peve_00043580_226281,37,61,51,51,5-fold,-0.4572843051979988,0.5037691653407964,-0.017142597517499025,0.15783556912738733,1.5600179271338281,0.5,51,-0.017142597517499025,ElasticNet,Peve
gene-Peve_00039125_204050,37,2,2,2,5-fold,-0.5026395246308527,0.46465776216486115,-0.46207650686660484,0.5974173175869123,2.234440860309463,0.1,2,-0.46207650686660484,ElasticNet,Peve
gene-Peve_00021919_114659,37,2,2,2,5-fold,-0.5289797924869334,0.7407149621457924,-0.928925424483791,1.7888866512208885,0.3124209197311168,0.5,2,-0.5289797924869334,RF,Peve
gene-Peve_00030359_158510,37,8,8,8,5-fold,-2.8518078755632508,3.504737295494581,-2.2426481339407602,2.8705056646450626,758.340967728505,0.1,0,-2.2426481339407602,ElasticNet,Peve
gene-Peve_00037180_193299,37,11,11,11,5-fold,-0.308372735953749,0.2612242493695392,-0.1476450581353374,0.14597283570669986,110.3659712779263,0.95,1,-0.1476450581353374,ElasticNet,Peve
gene-Peve_00019989_104718,37,3,2,2,5-fold,-0.21338191768914577,0.2733483143701557,-0.2003872139468023,0.32387497108876595,151.5498171688967,0.1,0,-0.2003872139468023,ElasticNet,Peve
gene-Peve_00040373_210376,37,8,7,7,5-fold,-0.22345380126075548,0.22607903710256647,-0.19535579316714324,0.1746209977903277,1156.6093989975718,0.1,0,-0.19535579316714324,ElasticNet,Peve
gene-Peve_00009646_50995,37,6,6,6,5-fold,-0.5809403734092962,1.026160789270506,-0.051626941167003795,0.03435547003337911,95.71186144727076,0.7,2,-0.051626941167003795,ElasticNet,Peve
gene-Peve_00008114_43608,37,17,11,11,5-fold,-0.5004653463630208,0.22382199582496287,-0.39248854175192877,0.2696830375945298,10.941404246424785,0.9,10,-0.39248854175192877,ElasticNet,Peve
gene-Peve_00004758_25603,37,18,7,7,5-fold,-1.2647451269276164,1.3341380810639292,-8.05842562472963,15.674930469147002,92.64005605617427,0.99,3,-1.2647451269276164,RF,Peve
gene-Peve_00029771_155769,37,8,8,8,5-fold,-0.3857257971774312,0.45031158054779574,-0.2154509574836952,0.170642334359925,686.0778728267891,0.1,0,-0.2154509574836952,ElasticNet,Peve
gene-Peve_00012132_63554,37,3,3,3,5-fold,-0.49030703459251485,0.7426182095711303,-0.3500118088751164,0.5880376593529393,12.328435841383635,0.1,3,-0.3500118088751164,ElasticNet,Peve
gene-Peve_00041449_216269,37,3,3,3,5-fold,-0.4383572283771745,1.2729927857284207,-0.5452651749991746,0.7325823889123593,6.150483868283934,0.5,3,-0.4383572283771745,RF,Peve
gene-Peve_00041764_217979,37,8,5,5,5-fold,0.07583344774118972,0.22834688662412056,-0.07636865892680059,0.09205874650716696,1.72140205366666,0.1,5,0.07583344774118972,RF,Peve
gene-Peve_00042689_221820,37,97,77,77,5-fold,-1.0416482430050564,1.312964678415181,-0.3527978995776789,0.3890029403833285,97.63572772618718,0.99,9,-0.3527978995776789,ElasticNet,Peve
gene-Peve_00006733_35799,37,25,18,18,5-fold,-0.33212372587526745,0.6253500032776425,-0.17287546225342446,0.1803404374417346,730.5920507502434,0.1,0,-0.17287546225342446,ElasticNet,Peve
gene-Peve_00011611_61080,37,66,50,50,5-fold,-0.5798369654927369,0.8693604514434204,-0.13763929624377683,0.131106432419915,807.5181215264469,0.1,4,-0.13763929624377683,ElasticNet,Peve
gene-Peve_00033431_173963,37,2,2,2,5-fold,-0.49776003654008366,0.5854593993519258,-0.420771921789673,0.5406082418432923,1.1617730001235251,0.1,2,-0.420771921789673,ElasticNet,Peve
gene-Peve_00037180_193333,37,9,9,9,5-fold,-0.3189392642668176,0.4703030299847662,-0.3637608601790975,0.5678175808323134,573.1205618154859,0.1,9,-0.3189392642668176,RF,Peve
gene-Peve_00014742_77728,37,6,5,5,5-fold,-0.45195186775223456,0.46509013948509487,-0.15750381929932936,0.17981038642750474,643.9558171890135,0.1,0,-0.15750381929932936,ElasticNet,Peve
gene-Peve_00024718_129209,37,37,34,34,5-fold,-0.44783471185552254,0.4758607608070817,-0.3991566117453712,0.714932960755519,82.98147205571512,0.99,6,-0.3991566117453712,ElasticNet,Peve
gene-Peve_00025620_133762,37,3,2,2,5-fold,-16.093803747762955,31.739530040663002,-8.847595759474029,17.377818459471353,348.2327144301864,0.1,0,-8.847595759474029,ElasticNet,Peve
gene-Peve_00043985_228416,37,5,5,5,5-fold,-0.4850000394053014,0.31258024849868454,-0.10166778310173896,0.14567174221104942,633.2378221396784,0.1,0,-0.10166778310173896,ElasticNet,Peve
gene-Peve_00006710_35694,37,11,8,8,5-fold,-0.29750129433210076,0.23392910246051948,-0.2158478966115529,0.2803830349450112,15.301211899585867,0.99,6,-0.2158478966115529,ElasticNet,Peve
gene-Peve_00037670_195932,37,13,13,13,5-fold,-0.8362532630777242,2.6044896118382033,-4.298529614535968,8.604302665578516,1.2482679654478572,0.5,13,-0.8362532630777242,RF,Peve
gene-Peve_00013894_73089,37,4,3,3,5-fold,-1.5906785748855738,1.8960131541566763,-0.8537553031540124,1.3993455822681657,47.69404109375505,0.99,1,-0.8537553031540124,ElasticNet,Peve
gene-Peve_00002801_15379,37,43,26,26,5-fold,-1.0806967280808415,1.5569329355659116,-0.24756367720586975,0.3549915848360169,1030.4542556078861,0.1,0,-0.24756367720586975,ElasticNet,Peve
gene-Peve_00001303_7103,37,2,2,2,5-fold,-0.3392801124179438,0.2394908034541268,-0.43120844986697354,0.36733369504982294,463.22929485259095,0.1,0,-0.3392801124179438,RF,Peve
gene-Peve_00028811_150689,37,2,2,2,5-fold,-0.8122761007543481,0.5858589082687834,-0.9751769275006268,0.967284371130987,856.40959526553,0.1,0,-0.8122761007543481,RF,Peve
gene-Peve_00000077_707,37,9,5,5,5-fold,-0.39718349705551603,0.31420802842961354,-0.4096496615638566,0.3159635865449936,987.9709456490049,0.1,0,-0.39718349705551603,RF,Peve
gene-Peve_00041448_216218,37,6,5,5,5-fold,-0.48753801565520954,0.7336268363267285,-0.3015616632348399,0.3316129958261265,1096.8688908907518,0.1,0,-0.3015616632348399,ElasticNet,Peve
gene-Peve_00007170_38095,37,8,8,8,5-fold,-0.2474949558046223,0.7916511588315405,-1.1387052401763276,1.4748583949081373,10.741190952686429,0.99,6,-0.2474949558046223,RF,Peve
gene-Peve_00027211_141862,37,16,16,16,5-fold,-1.2391921861269153,1.8560701973810918,-2.136420312431036,4.118981864985722,71.62580729440985,0.99,2,-1.2391921861269153,RF,Peve
gene-Peve_00038412_199871,37,2,2,2,5-fold,0.15789154690509694,0.4512637577582358,-0.018881499223760524,0.4007523734068668,1.1829283032869227,0.5,2,0.15789154690509694,RF,Peve
gene-Peve_00026728_139177,37,8,7,7,5-fold,-0.360797347406014,0.2291046600305614,-0.20977557959592863,0.1709586371059108,2.2426999838199544,0.95,5,-0.20977557959592863,ElasticNet,Peve
gene-Peve_00023981_124855,37,6,5,5,5-fold,-1.1625298261710908,2.1081433320709144,-0.9038285437643381,1.7728496602778927,22.218728624656958,0.99,3,-0.9038285437643381,ElasticNet,Peve
gene-Peve_00039863_207993,37,11,9,9,5-fold,-3.1804768066183593,3.976265919391378,-1.6851948039925884,2.0955795516192572,633.0649259086222,0.1,0,-1.6851948039925884,ElasticNet,Peve
gene-Peve_00000700_3998,37,23,14,14,5-fold,-1.0999463246950292,1.1862576555372684,-1.1950508066030743,1.913571300307325,998.59549243893,0.1,0,-1.0999463246950292,RF,Peve
gene-Peve_00003993_21351,37,4,4,4,5-fold,-0.12547043238472427,0.09617964546844743,-0.22766094123557848,0.31973686587250194,719.5676585193797,0.1,0,-0.12547043238472427,RF,Peve
gene-Peve_00019456_102206,37,2,2,2,5-fold,-0.3635010108888489,0.20680860092527462,-0.33229590280854826,0.3292547259858894,621.254314705714,0.1,0,-0.33229590280854826,ElasticNet,Peve
gene-Peve_00002911_15984,37,3,2,2,5-fold,-1.976644536074512,1.789511989935894,-1.5223662804690847,2.366843353056124,131.99402419209147,0.1,0,-1.5223662804690847,ElasticNet,Peve
gene-Peve_00030739_160357,37,10,8,8,5-fold,-0.33394184233198254,0.3773178286031537,-0.12531133727217245,0.13910052267932985,31.580215674260526,0.99,2,-0.12531133727217245,ElasticNet,Peve
gene-Peve_00026529_138439,37,66,53,53,5-fold,-0.03667964989704679,0.3456554245468392,-0.09584106561552357,0.07393047084690836,4.489458967105437,0.5,52,-0.03667964989704679,RF,Peve
gene-Peve_00023645_123021,37,2,2,2,5-fold,-1.3084921378611087,2.369172677066288,-3.7312771545928953,5.160663709002052,38.943397733166805,0.99,2,-1.3084921378611087,RF,Peve
gene-Peve_00023607_122913,37,14,9,9,5-fold,-1.1452471837476812,0.9226602275169873,-0.4937417400981453,0.5468059859172903,683.2368642078768,0.1,0,-0.4937417400981453,ElasticNet,Peve
gene-Peve_00043802_227636,37,9,9,9,5-fold,-0.23241280926594543,0.1353699785732038,-0.13030497694587934,0.1029431854455165,199.73356444493643,0.99,1,-0.13030497694587934,ElasticNet,Peve
gene-Peve_00018569_97216,37,16,15,15,5-fold,-0.34601505247306436,0.32862606581645015,-0.1971394750320059,0.1572967556678875,21.1038971781072,0.95,12,-0.1971394750320059,ElasticNet,Peve
gene-Peve_00033464_174154,37,8,8,8,5-fold,-0.16188844522345877,0.5229890700181818,-0.19762396317755596,0.2621677615142348,25.456106991944772,0.99,2,-0.16188844522345877,RF,Peve
gene-Peve_00026979_140502,37,6,6,6,5-fold,0.05854971098805826,0.1305346321664514,-1.003724910071564,2.0941141007481456,1.0126010904110756,0.5,6,0.05854971098805826,RF,Peve
gene-Peve_00038144_198350,37,2,2,2,5-fold,-0.5053267453853721,0.9877743721255328,-0.7283142143562146,1.039605454455823,1.1031613799993345,0.5,2,-0.5053267453853721,RF,Peve
gene-Peve_00027676_144565,37,24,24,24,5-fold,-2.539765421726547,3.701133336872967,-1.3226068746566355,2.486999854622885,1.9731666724476358,0.1,24,-1.3226068746566355,ElasticNet,Peve
gene-Peve_00021328_111599,37,23,10,10,5-fold,-0.11879064982978751,0.24350459996229262,-0.10117397239449959,0.1060739783892701,1309.1336832510456,0.1,0,-0.10117397239449959,ElasticNet,Peve
gene-Peve_00010429_55339,37,8,6,6,5-fold,-0.7009389986760313,0.7375293230992552,-0.2543653838161736,0.2208529571653215,871.5293438729755,0.1,0,-0.2543653838161736,ElasticNet,Peve
gene-Peve_00001487_8189,37,12,11,11,5-fold,-0.4001332825077215,0.6321084723471858,-0.29036164727442937,0.19953261090202862,98.5842677976896,0.9,1,-0.29036164727442937,ElasticNet,Peve
gene-Peve_00038060_197896,37,9,5,5,5-fold,-0.3199255657069097,0.4325081037641407,-0.391903255029319,0.6698732319670605,5.377221875142695,0.99,4,-0.3199255657069097,RF,Peve
gene-Peve_00025155_131307,37,36,36,36,5-fold,-0.49535313161435734,1.0635262413907858,-0.09942422406359452,0.41619370874503453,9.190176264230015,0.1,35,-0.09942422406359452,ElasticNet,Peve
gene-Peve_00038431_199990,37,19,11,11,5-fold,-0.7723178476418202,0.6595118085258219,-0.45085177883673627,0.5885605829390644,626.9238591869359,0.1,2,-0.45085177883673627,ElasticNet,Peve
gene-Peve_00021236_111217,37,22,18,18,5-fold,-7232.405415114476,10532.743364725822,-2935.467664909943,4442.276540251839,1230.744263061737,0.1,0,-2935.467664909943,ElasticNet,Peve
gene-Peve_00033519_174464,37,9,8,8,5-fold,-0.5295746423693397,0.3835960064765427,-0.27034029224710215,0.33490358900339784,383.7670323713793,0.1,0,-0.27034029224710215,ElasticNet,Peve
gene-Peve_00023842_123866,37,5,3,3,5-fold,-0.35021014303096754,0.4760616938747529,-0.36359873400569465,0.612210851548824,389.86187040063055,0.1,0,-0.35021014303096754,RF,Peve
gene-Peve_00013035_68278,37,41,25,25,5-fold,-3.214460853421395,5.337952331430984,-0.9708051980291772,1.6127766435248208,856.8416573451489,0.1,0,-0.9708051980291772,ElasticNet,Peve
gene-Peve_00037309_193948,37,4,4,4,5-fold,-0.5937116077180498,0.675353161747856,-0.9618044335190177,1.5733804360265842,1.2231712622812565,0.1,4,-0.5937116077180498,RF,Peve
gene-Peve_00041449_216225,37,3,3,3,5-fold,-0.07754837092079911,0.27069960408491045,-0.07877905554208024,0.22532006041903105,0.9942264071052394,0.5,3,-0.07754837092079911,RF,Peve
gene-Peve_00040756_212584,37,3,2,2,5-fold,-0.1910156919236882,0.10748053396450408,-0.1647677175427184,0.12032401440707101,326.54473682691605,0.1,0,-0.1647677175427184,ElasticNet,Peve
gene-Peve_00022623_117953,37,5,5,5,5-fold,-0.351837141696189,0.7812127859880312,-0.32876344205515406,0.5648913876102796,34.43264380556251,0.99,3,-0.32876344205515406,ElasticNet,Peve
gene-Peve_00001446_7910,37,12,3,3,5-fold,-5.556072497066732,8.036306410157753,-5.178253020109279,8.248724333547354,293.06789986668997,0.1,0,-5.178253020109279,ElasticNet,Peve
gene-Peve_00015756_83476,37,2,2,2,5-fold,-0.4442009056482177,0.539842055589812,-0.45571191600827293,0.735180159197288,380.9983882876132,0.1,0,-0.4442009056482177,RF,Peve
gene-Peve_00038957_203041,37,40,30,30,5-fold,-0.618431794460706,0.5573650952718378,-0.4488591142631323,0.4278175791924729,73.05739706489038,0.99,6,-0.4488591142631323,ElasticNet,Peve
gene-Peve_00015613_82736,37,10,9,9,5-fold,-0.1321130141614908,0.42649285617770416,-0.193335485974825,0.24057896230610337,89.06130684868387,0.99,3,-0.1321130141614908,RF,Peve
gene-Peve_00017698_92981,37,41,29,29,5-fold,-0.28434896621362904,0.3614212780686044,-0.2981479432348525,0.17884270512037995,12.072661981058873,0.1,29,-0.28434896621362904,RF,Peve
gene-Peve_00008660_45983,37,2,2,2,5-fold,-1.7183242997637116,3.272867418736587,-1.5678710455962972,2.839730720883973,21.020035115609925,0.99,2,-1.5678710455962972,ElasticNet,Peve
gene-Peve_00001451_7964,37,9,9,9,5-fold,-6.273227570093539,12.289155414505734,-13.348880289605145,26.351490974248293,0.2661734275616792,0.5,9,-6.273227570093539,RF,Peve
gene-Peve_00003523_18927,37,8,2,2,5-fold,-0.2799067329695328,0.20419649126480388,-0.3673498558017701,0.36053133537884047,350.0914440040264,0.1,0,-0.2799067329695328,RF,Peve
gene-Peve_00003993_21350,37,2,2,2,5-fold,-0.10812635320449862,0.2545984215954001,-0.2518888922937853,0.43951444927061356,0.10385437795714876,0.99,2,-0.10812635320449862,RF,Peve
gene-Peve_00006803_36323,37,6,6,6,5-fold,-0.0004669182683687545,0.19169874927698802,-0.09758617421950617,0.09782643205330492,26.73185181684649,0.99,4,-0.0004669182683687545,RF,Peve
gene-Peve_00021685_112921,37,22,13,13,5-fold,-0.41862982863097387,0.4388829825846053,-0.4309364987065033,0.5095423095204541,57.32244818828008,0.99,7,-0.41862982863097387,RF,Peve
gene-Peve_00002045_11404,37,13,9,9,5-fold,-2.1248762930623912,3.989381883254069,-1.3447854611982453,2.4708383783029344,496.38407479863747,0.1,0,-1.3447854611982453,ElasticNet,Peve
gene-Peve_00001906_10605,37,5,5,5,5-fold,-0.3869738805866101,0.2828855606587435,-0.3380025265755175,0.5086569812459372,529.395566606644,0.1,4,-0.3380025265755175,ElasticNet,Peve
gene-Peve_00021919_114658,37,15,15,15,5-fold,-0.5977184168220387,0.7839318056051003,-0.1565609752666564,0.46814146099070236,2.7872907301159793,0.1,15,-0.1565609752666564,ElasticNet,Peve
gene-Peve_00026210_136648,37,7,7,7,5-fold,-0.938158529705557,1.8888349145704142,-0.5981648922706455,1.0557975165393403,1578.4271014458873,0.1,0,-0.5981648922706455,ElasticNet,Peve
gene-Peve_00000515_3033,37,4,3,3,5-fold,-0.4441126656573853,0.16329529358575592,-0.3364172084199207,0.19108898559749507,351.5905250107749,0.1,0,-0.3364172084199207,ElasticNet,Peve
gene-Peve_00038883_202727,37,68,49,49,5-fold,-0.3475596145905865,0.14011835341963924,-0.5376051199679195,0.5478016610404003,1890.5266179207795,0.1,0,-0.3475596145905865,RF,Peve
gene-Peve_00038364_199791,37,6,6,6,5-fold,-0.33593861597733116,0.23661909079893473,-0.0511505459060476,0.05556821355356767,946.3043190989117,0.1,0,-0.0511505459060476,ElasticNet,Peve
gene-Peve_00002045_11408,37,6,4,4,5-fold,-2.382055896807512,4.410492424560486,-0.9507815427296389,1.6287275695422159,439.0102548462366,0.1,0,-0.9507815427296389,ElasticNet,Peve
gene-Peve_00007167_38146,37,2,2,2,5-fold,-0.18514975249036109,0.1690441708874379,-0.14767109602877815,0.1875218101665659,0.37659751581433887,0.5,2,-0.14767109602877815,ElasticNet,Peve
gene-Peve_00028761_150626,37,5,2,2,5-fold,-56156.337647329165,112208.60445093254,-16962.852738071735,33902.72203429344,325.40937592502286,0.1,0,-16962.852738071735,ElasticNet,Peve
gene-Peve_00010702_56746,37,33,31,31,5-fold,-0.26932068353695576,0.21340844030575276,-0.6908875739406156,0.8814081279355755,38.20801139108955,0.7,21,-0.26932068353695576,RF,Peve
gene-Peve_00039898_208143,37,24,19,19,5-fold,-0.22924683956062192,0.16457443391120608,-0.15208901599188734,0.22455176278235378,1797.9559686853897,0.1,1,-0.15208901599188734,ElasticNet,Peve
gene-Peve_00028699_150249,37,43,32,32,5-fold,-1.5693659676188274,1.410965911765913,-1.1391947448674424,1.6948578607907239,1051.8564357632451,0.1,0,-1.1391947448674424,ElasticNet,Peve
gene-Peve_00008079_43312,37,19,18,18,5-fold,-0.3892819210522455,0.5602317620511713,-0.07571793636173071,0.07567249720553786,1164.4937489228696,0.1,0,-0.07571793636173071,ElasticNet,Peve
gene-Peve_00034975_182258,37,3,3,3,5-fold,-1.0094502868311066,1.7139371583154195,-0.31491417188967463,0.5203849082513466,2.1785147043945856,0.1,3,-0.31491417188967463,ElasticNet,Peve
gene-Peve_00023080_120059,37,5,5,5,5-fold,-1.408861963759317,1.5647494813369267,-4.065474911841119,5.704848692654476,56.6478865604852,0.7,5,-1.408861963759317,RF,Peve
gene-Peve_00019403_101829,37,25,25,25,5-fold,-0.1438486405818971,0.3371181429746646,-0.24130021650282427,0.3982588838907105,118.85509220387208,0.99,1,-0.1438486405818971,RF,Peve
gene-Peve_00044495_231270,37,12,11,11,5-fold,-0.43705915908524123,0.27104094168253096,-0.17822602468596765,0.28321896140891967,941.0044785515357,0.1,0,-0.17822602468596765,ElasticNet,Peve
gene-Peve_00040976_213860,37,17,14,14,5-fold,-9.327450289116062,17.528356206869876,-13.921722949892388,27.748776972099236,877.1998263598966,0.1,0,-9.327450289116062,RF,Peve
gene-Peve_00032846_170613,37,2,2,2,5-fold,-0.8765291458206264,1.4832010669547013,-0.987617806711896,1.6761563482066455,840.9761142771194,0.1,0,-0.8765291458206264,RF,Peve
gene-Peve_00026980_140504,37,9,9,9,5-fold,-0.27577593732754735,0.2420105866795547,-0.15266997311346375,0.10156575399034626,884.7278188666504,0.1,0,-0.15266997311346375,ElasticNet,Peve
gene-Peve_00006118_32238,37,5,4,4,5-fold,-0.19413099828436148,0.1914159942368895,-0.03890034111496758,0.04090544315366736,1.112077885088865,0.1,4,-0.03890034111496758,ElasticNet,Peve
gene-Peve_00030529_159473,37,7,6,6,5-fold,-0.25002726561241995,0.2397141285180238,-0.05086384480210473,0.04285433302448124,53.54751270382683,0.99,2,-0.05086384480210473,ElasticNet,Peve
gene-Peve_00029340_153453,37,18,9,9,5-fold,-0.4613274139605224,0.8268233455566518,-0.5348387126914803,0.8633453558173806,698.5040165423923,0.1,0,-0.4613274139605224,RF,Peve
gene-Peve_00006279_33397,37,14,9,9,5-fold,-0.46501985491860676,0.32155528880162115,-0.047126879788054764,0.0446350066873223,85.68222252082424,0.1,9,-0.047126879788054764,ElasticNet,Peve
gene-Peve_00005576_29935,37,9,7,7,5-fold,-0.6816355445360054,0.9649638973034879,-0.6700785745866233,0.7576472582442259,1003.1659955182821,0.1,0,-0.6700785745866233,ElasticNet,Peve
gene-Peve_00001055_5559,37,3,3,3,5-fold,-0.16999281905668323,0.7051155028144064,-0.33109676912932784,0.40534265174762507,32.715819341895866,0.99,2,-0.16999281905668323,RF,Peve
gene-Peve_00009929_52392,37,10,7,7,5-fold,-0.1965706910299477,0.08652972610639255,-0.05225981362111778,0.03757824363784129,4.294209836526422,0.1,7,-0.05225981362111778,ElasticNet,Peve
gene-Peve_00021008_110169,37,8,7,7,5-fold,-0.3941452957018742,0.2518153780784422,-0.21565255974045047,0.20753225930102273,14.570402294116587,0.1,7,-0.21565255974045047,ElasticNet,Peve
gene-Peve_00033585_174517,37,71,58,58,5-fold,-0.250544089479323,0.10362007675853398,-0.522020217925299,0.7565310348280726,48.31884117714945,0.99,16,-0.250544089479323,RF,Peve
gene-Peve_00037744_196408,37,3,3,3,5-fold,-0.12570786919281082,0.15236635301412982,-0.14973585766160644,0.15024303791279578,0.1279418335887719,0.99,3,-0.12570786919281082,RF,Peve
gene-Peve_00041764_217982,37,10,10,10,5-fold,0.09062385446905936,0.24644374620488613,0.05606883612950808,0.08940338129580987,0.4392188608458117,0.5,10,0.09062385446905936,RF,Peve
gene-Peve_00043069_223814,37,17,12,12,5-fold,-1.8941679384553443,3.6287312288006084,-0.8239838183516814,1.440231327109851,1282.2369579556848,0.1,0,-0.8239838183516814,ElasticNet,Peve
gene-Peve_00019356_101569,37,16,16,16,5-fold,-0.5043214788425041,0.2581522095543116,-0.20560380674771572,0.5431962029519032,25.846396850650073,0.99,13,-0.20560380674771572,ElasticNet,Peve
gene-Peve_00002321_12977,37,8,8,8,5-fold,-0.6139079615763201,0.4074698162860065,-0.10370209950392746,0.1339401661743474,994.4897212275685,0.1,0,-0.10370209950392746,ElasticNet,Peve
gene-Peve_00032985_171417,37,15,12,12,5-fold,-136.032432870841,268.0533723302488,-166.2964096338106,330.92738243031124,2946.0589073758633,0.1,0,-136.032432870841,RF,Peve
gene-Peve_00037023_192665,37,5,2,2,5-fold,-16171.634895142266,20730.334184309995,-16849.53784638386,29691.43797033889,17.209199462977526,0.1,0,-16171.634895142266,RF,Peve
gene-Peve_00042074_219279,37,4,4,4,5-fold,-0.18639099068906648,0.26746570267624686,-0.06057570634366092,0.09427174001862505,1.1541875393825505,0.5,4,-0.06057570634366092,ElasticNet,Peve
gene-Peve_00023347_121563,37,36,27,27,5-fold,-2.4940784774526006,4.62150485978777,-2.9643916442956355,5.623456759449199,59.729700370580446,0.99,4,-2.4940784774526006,RF,Peve
gene-Peve_00032680_169941,37,14,14,14,5-fold,-1.2020259370604829,1.672181581609241,-0.7449542164245784,1.1931934373084896,1329.5562221997188,0.1,0,-0.7449542164245784,ElasticNet,Peve
gene-Peve_00012960_67969,37,5,3,3,5-fold,-0.3622623204322912,0.3369869834634812,-0.2242830907391208,0.2382475926108176,580.9060885391747,0.1,0,-0.2242830907391208,ElasticNet,Peve
gene-Peve_00004935_26866,37,7,4,4,5-fold,-0.040821113002876455,0.14396588946966365,-0.23577251770154134,0.3351884339967402,471.68584183032834,0.1,0,-0.040821113002876455,RF,Peve
gene-Peve_00029771_155766,37,12,10,10,5-fold,-0.5434511894557978,0.4063473154090593,-0.5982683771765954,0.9477198934545829,1058.0327667245801,0.1,0,-0.5434511894557978,RF,Peve
gene-Peve_00041300_215481,37,5,5,5,5-fold,-0.7197104875493449,0.6486759837078068,-0.42006918837636265,0.49276657044166616,456.93614144559996,0.1,0,-0.42006918837636265,ElasticNet,Peve
gene-Peve_00002029_11321,37,6,3,3,5-fold,-15.879043382824111,29.524909910371882,-13.02341393619794,24.11290567796632,2.687765927475144,0.9,2,-13.02341393619794,ElasticNet,Peve
gene-Peve_00043574_226360,37,30,18,18,5-fold,-0.16277908095216448,0.21719359500915308,-0.16294618221543633,0.13428979886155973,803.6151005675077,0.1,0,-0.16277908095216448,RF,Peve
gene-Peve_00019149_100340,37,10,2,2,5-fold,-0.45186618552575497,0.19845341646406325,-0.10694258019875062,0.13056568640725116,2.968214467754498,0.99,2,-0.10694258019875062,ElasticNet,Peve
gene-Peve_00038539_200523,37,59,47,47,5-fold,-0.09950861254947616,0.24787041324424347,-0.13197669762803743,0.14448212926777085,1534.154863347142,0.1,0,-0.09950861254947616,RF,Peve
gene-Peve_00009094_48207,37,8,5,5,5-fold,-9.245728881915383,17.357168881353154,-6.189178911905895,11.527405550794407,0.4499870848937277,0.7,5,-6.189178911905895,ElasticNet,Peve
gene-Peve_00026728_139175,37,6,5,5,5-fold,-0.4189090268063878,0.5022724657316879,-1.496496275680237,1.7934134319183552,4.448292756372819,0.99,5,-0.4189090268063878,RF,Peve
gene-Peve_00030233_157952,37,14,10,10,5-fold,-1.0392550379867278,2.1830965031591867,-0.7409386494074722,1.4024153142064852,568.6034099773213,0.1,0,-0.7409386494074722,ElasticNet,Peve
gene-Peve_00029315_153051,37,36,35,35,5-fold,-0.6097255589380736,0.7294903511772134,-0.4840785012705517,0.7522155016574846,1060.665150877705,0.1,0,-0.4840785012705517,ElasticNet,Peve
gene-Peve_00030739_160356,37,24,16,16,5-fold,-0.14789507122402828,0.36003168912863415,-0.11516223845703907,0.1351356313232257,687.1457315728932,0.1,0,-0.11516223845703907,ElasticNet,Peve
gene-Peve_00004935_26877,37,5,5,5,5-fold,-0.3811700098359244,0.2241745558734259,-0.10013049481448259,0.04817679090432927,9.12233879547101,0.7,5,-0.10013049481448259,ElasticNet,Peve
gene-Peve_00002102_11698,37,10,10,10,5-fold,-0.5503432805173267,0.5831681419628261,-0.4235076325142938,0.5260759821611174,17.16868100279933,0.1,10,-0.4235076325142938,ElasticNet,Peve
gene-Peve_00033547_174905,37,15,14,14,5-fold,-0.20207253174438228,0.45606824040905486,-0.07685978926395327,0.08106054304349664,10.911506234507339,0.1,14,-0.07685978926395327,ElasticNet,Peve
gene-Peve_00003236_17560,37,3,3,3,5-fold,-1.0820367431754172,1.5834504955026887,-0.9250359894544486,1.6492929511656846,2.2354827399089614,0.1,3,-0.9250359894544486,ElasticNet,Peve
gene-Peve_00002055_11450,37,19,11,11,5-fold,-0.336533972904168,0.4895887427108447,-0.12243139367810688,0.15089795954273166,23.60659961314961,0.99,7,-0.12243139367810688,ElasticNet,Peve
gene-Peve_00032574_169302,37,15,15,15,5-fold,-0.6228832335108562,0.4199933457622196,-0.18159913924134324,0.21332658867664447,132.72246792452938,0.99,1,-0.18159913924134324,ElasticNet,Peve
gene-Peve_00035892_186592,37,20,8,8,5-fold,-0.45382062591624495,0.4697989403219254,-3.396969707054258,6.55465845841087,0.9709925205755708,0.1,8,-0.45382062591624495,RF,Peve
gene-Peve_00003993_21345,37,2,2,2,5-fold,-0.4456935067502085,0.6884723440418942,-0.30674951586840626,0.48724575627518446,1.3143453409638646,0.1,2,-0.30674951586840626,ElasticNet,Peve
gene-Peve_00003394_18315,37,4,4,4,5-fold,-0.019513772091582293,0.4840473305118452,-0.13350710957500392,0.15921487856592748,946.5824104921917,0.1,0,-0.019513772091582293,RF,Peve
gene-Peve_00008963_47455,37,25,22,22,5-fold,-0.8652534063472878,0.9428591452666422,-1.0921147035896765,1.561173634686132,2.35741482100096,0.1,22,-0.8652534063472878,RF,Peve
gene-Peve_00023535_122419,37,13,13,13,5-fold,-1081.5696076741049,2163.385407996052,-567.4366376914276,1134.4098414173977,1316.992237920864,0.1,0,-567.4366376914276,ElasticNet,Peve
gene-Peve_00004455_23883,37,17,17,17,5-fold,-0.9438126855374712,1.0800841299380888,-0.8649930863577667,1.2349494964538872,75.18190222658598,0.7,6,-0.8649930863577667,ElasticNet,Peve
gene-Peve_00027786_145134,37,41,25,25,5-fold,-0.11193342333546914,0.3175765984648078,-0.3284793722111798,0.2800317731347249,0.9600741837579254,0.5,25,-0.11193342333546914,RF,Peve
gene-Peve_00000515_3030,37,3,3,3,5-fold,-0.6539269499242428,0.4427154643968551,-0.26464318852891083,0.21807559802257823,190.90961616723106,0.1,0,-0.26464318852891083,ElasticNet,Peve
gene-Peve_00003934_21105,37,4,4,4,5-fold,-0.568596585331346,0.7211711681773533,-0.37702721857165017,0.5884623004014865,721.679099781038,0.1,0,-0.37702721857165017,ElasticNet,Peve
gene-Peve_00044548_231722,37,11,6,6,5-fold,-0.5024569228131797,0.5021444865997446,-0.19577318985652106,0.18859516361808426,31.66248002770385,0.99,3,-0.19577318985652106,ElasticNet,Peve
gene-Peve_00010002_53136,37,6,6,6,5-fold,-1.2905367537395722,1.9886394317054286,-0.3406602611701435,0.5443233318890379,1.743724290632357,0.7,6,-0.3406602611701435,ElasticNet,Peve
gene-Peve_00010316_54773,37,3,3,3,5-fold,-0.4642761962988543,0.6911085807003055,-0.40491165878974245,0.5567054900566566,821.8464756139009,0.1,0,-0.40491165878974245,ElasticNet,Peve
gene-Peve_00016555_87371,37,14,8,8,5-fold,0.03823662116826532,0.1669217320093694,-0.04203329303219019,0.14936664421659676,14.205407493054999,0.99,4,0.03823662116826532,RF,Peve
gene-Peve_00039464_205616,37,7,4,4,5-fold,-1.6979056907868526,3.1412725940410335,-1.1937186164430846,2.359677488458486,1.0496725150062869,0.1,4,-1.1937186164430846,ElasticNet,Peve
gene-Peve_00035647_185364,37,15,11,11,5-fold,-0.18972892887916562,0.2809034522502088,-0.6434605288729646,1.1806430709164866,932.3288837529958,0.1,0,-0.18972892887916562,RF,Peve
gene-Peve_00003394_18314,37,2,2,2,5-fold,0.01687342123982467,0.17155109323990414,-0.08501864693033015,0.146090743584691,617.218856368154,0.1,0,0.01687342123982467,RF,Peve
gene-Peve_00040996_213998,37,5,5,5,5-fold,-0.30413057631058865,0.48825757136040543,-0.12090943165828771,0.07402047153953771,61.99172019638848,0.5,4,-0.12090943165828771,ElasticNet,Peve
gene-Peve_00015992_84506,37,37,29,29,5-fold,-0.48368164274927433,0.3600809041948937,-0.19562481122573885,0.29565188343075094,76.27173588182471,0.99,4,-0.19562481122573885,ElasticNet,Peve
gene-Peve_00036958_192299,37,6,6,6,5-fold,-0.4663600529640511,0.42967563759414185,-0.11882728353580566,0.12640699014556572,1146.4535407472597,0.1,0,-0.11882728353580566,ElasticNet,Peve
gene-Peve_00026978_140497,37,8,8,8,5-fold,-0.4778283612310905,0.4171470153635868,-0.7714266995155015,1.1983836205170697,544.1585344150981,0.1,0,-0.4778283612310905,RF,Peve
gene-Peve_00040675_212076,37,14,9,9,5-fold,-0.26416109893319295,0.18747506110958287,0.020055433594853688,0.35509859427248375,6.433056234444954,0.99,7,0.020055433594853688,ElasticNet,Peve
gene-Peve_00033407_173835,37,15,15,15,5-fold,-0.47179028054513666,0.2679448831437704,-0.061907297410655995,0.0673266136440531,1385.7529675441913,0.1,0,-0.061907297410655995,ElasticNet,Peve
gene-Peve_00002321_12983,37,5,5,5,5-fold,-0.1696186464118439,0.2716456188059329,-0.5206858693391164,0.9152291998691869,626.918270491588,0.1,0,-0.1696186464118439,RF,Peve
gene-Peve_00016797_88567,37,38,33,33,5-fold,-0.03495400572961786,0.17908988519087027,-0.04431399336289421,0.09385698056521362,85.99737180554568,0.99,3,-0.03495400572961786,RF,Peve
gene-Peve_00033431_173964,37,2,2,2,5-fold,-0.5335985209065482,0.37056514028267623,-0.3248903751861366,0.41556533827131353,160.9170379089169,0.1,0,-0.3248903751861366,ElasticNet,Peve
gene-Peve_00036771_191052,37,25,22,22,5-fold,-0.5701021305529996,0.6795964353788466,-1.4572817988572484,1.997262159403145,1728.2643209280461,0.1,0,-0.5701021305529996,RF,Peve
gene-Peve_00035842_186337,37,31,29,29,5-fold,-0.48200912737902757,0.42187379689912485,-0.3791403489530834,0.42661717856198517,139.60820775732577,0.99,1,-0.3791403489530834,ElasticNet,Peve
gene-Peve_00025416_132744,37,3,3,3,5-fold,-0.40961853456992614,0.35789281539229056,-0.17476787577604386,0.1808264712598627,270.7993672394699,0.1,0,-0.17476787577604386,ElasticNet,Peve
gene-Peve_00004264_22701,37,8,7,7,5-fold,-0.14274852775603192,0.2823337955731906,-0.10168704076909138,0.1502240704911527,62.37751719021081,0.99,1,-0.10168704076909138,ElasticNet,Peve
gene-Peve_00042532_221359,37,46,43,43,5-fold,-0.5942668520977422,0.511099425795613,-1.8441772272733226,3.04259864375197,50.1260673806296,0.1,41,-0.5942668520977422,RF,Peve
gene-Peve_00042780_222159,37,28,20,20,5-fold,-0.6094472027274451,0.7903109454284998,-0.4935801924505718,0.6987518477494382,1650.7296411047867,0.1,0,-0.4935801924505718,ElasticNet,Peve
gene-Peve_00013121_68787,37,18,14,14,5-fold,-1.139389752990057,1.6271616907763642,-1.117090248183174,2.1800711568698947,116.98951098494791,0.7,1,-1.117090248183174,ElasticNet,Peve
gene-Peve_00002219_12353,37,15,5,5,5-fold,-2.261677407981277,4.311214995604441,-2.0237878272953322,3.791079090809661,8.29923299787983,0.95,4,-2.0237878272953322,ElasticNet,Peve
gene-Peve_00008238_44030,37,18,15,15,5-fold,-0.17239215018977022,0.5364096930406844,-0.5991277647884501,1.1113068976468659,1920.7736368667436,0.1,0,-0.17239215018977022,RF,Peve
gene-Peve_00010643_56521,37,8,8,8,5-fold,-0.3953343521530972,0.7947616502806006,-0.5977663650576176,0.8684844127975814,1088.1583871824616,0.1,0,-0.3953343521530972,RF,Peve
gene-Peve_00038432_200091,37,20,14,14,5-fold,-0.5969714007951703,0.6638099676667062,-0.4105499613526722,0.6734692699962324,1281.277293935428,0.1,0,-0.4105499613526722,ElasticNet,Peve
gene-Peve_00018218_95648,37,35,35,35,5-fold,-0.5305498284987293,0.9924747143968197,-0.3203182739885732,0.41624183793616243,1132.7834798072417,0.1,0,-0.3203182739885732,ElasticNet,Peve
gene-Peve_00001446_7906,37,8,4,4,5-fold,-1.7888881257871407,2.5567889420840944,-1.6436670928846762,1.6285976764821306,0.5088240541574897,0.5,4,-1.6436670928846762,ElasticNet,Peve
gene-Peve_00031673_165014,37,2,2,2,5-fold,-0.8575880121386537,1.579225430427777,-0.8020221822143082,1.4027830470354172,634.577821382906,0.1,0,-0.8020221822143082,ElasticNet,Peve
gene-Peve_00006270_33260,37,8,7,7,5-fold,-0.7530863882317383,1.4673281927230541,-0.16618549854161418,0.47954052523274665,11.140478057845122,0.99,4,-0.16618549854161418,ElasticNet,Peve
gene-Peve_00009783_51752,37,6,3,3,5-fold,-1.9049852138500172,1.8789833323912877,-1.266526418301955,1.408095154147277,748.0825467397462,0.1,0,-1.266526418301955,ElasticNet,Peve
gene-Peve_00035584_185024,37,5,5,5,5-fold,-0.21499228177446925,0.36016451844052183,-0.027900581823026238,0.018527931494865167,1158.1125520992966,0.1,0,-0.027900581823026238,ElasticNet,Peve
gene-Peve_00020191_105838,37,27,24,24,5-fold,-14.658643864253984,29.177519784940607,-14.526785664922176,28.74129996980719,1373.0469563071194,0.1,3,-14.526785664922176,ElasticNet,Peve
gene-Peve_00033436_173994,37,25,21,21,5-fold,-3.407721842714672,6.377818430132706,-2.188118917575567,4.2248849605771435,1337.3996386201086,0.1,0,-2.188118917575567,ElasticNet,Peve
gene-Peve_00043035_223644,37,11,8,8,5-fold,-4.920011597309611,9.498767896133725,-1.1018416266050768,2.064754734276957,751.2668561180146,0.1,0,-1.1018416266050768,ElasticNet,Peve
gene-Peve_00043575_226364,37,2,2,2,5-fold,-0.9860931119050974,1.3829772786184098,-0.7060635164649899,0.854987847766939,0.9242349435101658,0.1,2,-0.7060635164649899,ElasticNet,Peve
gene-Peve_00003595_19523,37,8,8,8,5-fold,-0.8617095231075327,2.126293674638683,-0.5321634254858637,0.9538354075135236,43.7502975389744,0.99,4,-0.5321634254858637,ElasticNet,Peve
gene-Peve_00037744_196405,37,5,5,5,5-fold,-0.14077343639362888,0.3277881295465267,-0.07710442138656241,0.09108883341685312,578.0351075885113,0.1,0,-0.07710442138656241,ElasticNet,Peve
gene-Peve_00001961_10983,37,2,2,2,5-fold,-0.02637646484528151,0.2975621777530121,-0.18616753601042121,0.24915251679899839,42.8082230577181,0.99,1,-0.02637646484528151,RF,Peve
gene-Peve_00026210_136660,37,2,2,2,5-fold,-0.2511918360146507,0.24459525717350336,-0.30464609235867557,0.314970565764262,970.2023544721926,0.1,0,-0.2511918360146507,RF,Peve
gene-Peve_00009929_52391,37,9,5,5,5-fold,-0.11092933663531242,0.29598592428593495,-0.10824000858878904,0.12156974285073642,1237.556235762275,0.1,1,-0.10824000858878904,ElasticNet,Peve
gene-Peve_00002669_14882,37,2,2,2,5-fold,-0.3283163151396432,0.43230835289466185,-0.4325165522336632,0.6720163999552409,0.10466802147063332,0.99,2,-0.3283163151396432,RF,Peve
gene-Peve_00016150_85392,37,54,53,53,5-fold,-0.8334693136865241,1.455809445743993,-0.44556768224172594,0.673320946426932,76.52547329945087,0.99,7,-0.44556768224172594,ElasticNet,Peve
gene-Peve_00029370_153254,37,6,6,6,5-fold,-1.6929511374514667,2.3310396860918967,-1.1178601610627565,1.352895790037856,1161.9887515863154,0.1,0,-1.1178601610627565,ElasticNet,Peve
gene-Peve_00003529_18945,37,2,2,2,5-fold,-0.39981273710794013,0.4968502253534426,-0.16892231171487118,0.1759523594313819,796.9208546709509,0.1,0,-0.16892231171487118,ElasticNet,Peve
gene-Peve_00020632_108366,37,32,25,25,5-fold,-0.31121483662104577,0.20533673103325206,-0.06349377277223703,0.08784991946341096,952.4055237471974,0.1,0,-0.06349377277223703,ElasticNet,Peve
gene-Peve_00022481_117026,37,3,2,2,5-fold,-2.15347203247198,3.9756301446638465,-1.3982684787375668,2.0315757131442678,1.475137365106329,0.1,2,-1.3982684787375668,ElasticNet,Peve
gene-Peve_00009873_52135,37,6,6,6,5-fold,-0.7889438410776225,1.0708123518367825,-0.7459873704628247,0.8619002410239786,585.1061153749021,0.1,0,-0.7459873704628247,ElasticNet,Peve
gene-Peve_00033826_176393,37,16,16,16,5-fold,-0.8559526953869417,0.32880973897292504,-1.143324354491552,1.3403739625344981,7.1930201224175665,0.9,15,-0.8559526953869417,RF,Peve
gene-Peve_00043274_224712,37,7,6,6,5-fold,-21.678903488783995,43.11143586951494,-11.212570757687901,22.389820730406633,502.73457037987566,0.1,0,-11.212570757687901,ElasticNet,Peve
gene-Peve_00044641_232223,37,3,2,2,5-fold,-40.79829765692044,82.04453421728827,-21.691350407813182,43.35246651070812,1.0099590936585825,0.5,2,-21.691350407813182,ElasticNet,Peve
gene-Peve_00032504_168949,37,3,3,3,5-fold,-0.237972124087149,0.20901198328056772,-0.21657657145877018,0.13756136984987505,5.488124521972979,0.1,3,-0.21657657145877018,ElasticNet,Peve
gene-Peve_00037180_193332,37,11,11,11,5-fold,-0.059439061310123595,0.3649517020387258,-0.9319428585365481,1.5828513906673398,10.008162181895544,0.1,11,-0.059439061310123595,RF,Peve
gene-Peve_00002140_11914,37,16,9,9,5-fold,-0.33581883137956187,0.3888180763935348,-0.23836504142591625,0.23940881424996285,92.05078218102622,0.99,2,-0.23836504142591625,ElasticNet,Peve
gene-Peve_00025487_132965,37,78,70,70,5-fold,0.02096931530302675,0.23718602401452252,-0.09278967594975088,0.2697648079086059,62.49903950136344,0.99,13,0.02096931530302675,RF,Peve
gene-Peve_00002501_14116,37,27,23,23,5-fold,-0.4073258580753766,0.47745657006684383,-0.33753589973035397,0.2597186927748256,115.98259417500147,0.99,3,-0.33753589973035397,ElasticNet,Peve
gene-Peve_00024484_127911,37,2,2,2,5-fold,-0.42528118228050005,0.5995808564449361,-0.17246233854200876,0.27036026325803153,984.2939031256843,0.1,0,-0.17246233854200876,ElasticNet,Peve
gene-Peve_00011047_58438,37,27,18,18,5-fold,-3.0066098769897605,5.913554996201609,-1.8421661126144957,2.7931895640639484,153.96940214439235,0.99,2,-1.8421661126144957,ElasticNet,Peve
gene-Peve_00028472_148730,37,3,3,3,5-fold,-0.8123694567306302,1.014821286650362,-0.4734274336737679,0.8474226541189562,851.7406454209678,0.1,0,-0.4734274336737679,ElasticNet,Peve
gene-Peve_00041764_217980,37,2,2,2,5-fold,-0.4250317826786728,0.5330912645856346,-0.10930949223739783,0.1616863517398979,0.28726681897052553,0.5,2,-0.10930949223739783,ElasticNet,Peve
gene-Peve_00041449_216241,37,2,2,2,5-fold,-0.2118933713537511,0.29236997626089334,-0.07859156814752906,0.1195507070397491,38.69545685170125,0.99,1,-0.07859156814752906,ElasticNet,Peve
gene-Peve_00038115_198418,37,13,12,12,5-fold,-0.9904679463316615,1.2602468883234603,-0.4781213812463479,0.7368176315645514,5.579510693018125,0.95,12,-0.4781213812463479,ElasticNet,Peve
gene-Peve_00042420_220602,37,13,13,13,5-fold,-0.215915919222926,0.27847556866400763,-0.08528179064435862,0.09991307771043056,67.31066846222109,0.99,4,-0.08528179064435862,ElasticNet,Peve
gene-Peve_00002340_13117,37,13,13,13,5-fold,-2.435104634613737,4.113997563316802,-1.370695326476044,2.313837117323333,13.171946775665722,0.1,13,-1.370695326476044,ElasticNet,Peve
gene-Peve_00004624_24852,37,7,5,5,5-fold,0.15653522585360774,0.3546179242980661,-8.081460494076184,16.228590940637524,0.5911263236882396,0.5,5,0.15653522585360774,RF,Peve
gene-Peve_00021076_110503,37,31,27,27,5-fold,-0.06295298215393477,0.40552081971885245,-0.453422667569792,0.6454900730730638,70.1796960486051,0.99,7,-0.06295298215393477,RF,Peve
gene-Peve_00003352_18128,37,10,7,7,5-fold,-0.8474839933308399,0.6665325626333926,-0.1235562398802053,0.12992001484234256,561.9275955815073,0.1,0,-0.1235562398802053,ElasticNet,Peve
gene-Peve_00006131_32373,37,37,32,32,5-fold,-0.6117872590977571,0.25776279121915746,-0.5856883114077883,0.8756711007834517,48.62389641743082,0.99,12,-0.5856883114077883,ElasticNet,Peve
gene-Peve_00036234_188245,37,7,6,6,5-fold,-0.32045195645254043,0.15841187160355116,-0.2051706823605433,0.17761064218867703,914.465369844708,0.1,0,-0.2051706823605433,ElasticNet,Peve
gene-Peve_00040140_209473,37,28,19,19,5-fold,-0.7267720555653078,0.6337254409287164,-0.521531214591595,0.5108275143091829,54.318715744362024,0.5,10,-0.521531214591595,ElasticNet,Peve
gene-Peve_00040794_212823,37,3,2,2,5-fold,-0.2285911961776473,0.2815118495867753,-0.22194028169466923,0.3099381065409051,386.0008420601226,0.1,0,-0.22194028169466923,ElasticNet,Peve
gene-Peve_00027341_142664,37,14,14,14,5-fold,-3.2895683505600957,4.70630003992196,-2.3904792283693306,3.3854013549433817,0.9796399433434346,0.1,14,-2.3904792283693306,ElasticNet,Peve
gene-Peve_00044110_228986,37,9,7,7,5-fold,-0.8663586310628826,1.0507277958828416,-16.03950019724567,31.80829516772337,3.6742379416295985,0.1,7,-0.8663586310628826,RF,Peve
gene-Peve_00024798_129658,37,21,20,20,5-fold,-0.9303640702625244,1.1059640020942314,-0.39940228947837114,0.7207333379368542,1277.5889757369164,0.1,0,-0.39940228947837114,ElasticNet,Peve
gene-Peve_00014871_78210,37,7,6,6,5-fold,-1.0750120097152533,1.55585886676205,-2.849219803505071,3.4733311094740458,1482.6830667448287,0.1,0,-1.0750120097152533,RF,Peve
gene-Peve_00023595_122817,37,11,11,11,5-fold,-0.9715453582627159,1.8839988536065668,-0.7501277259977355,1.2103678016951653,3.3244549912168027,0.1,11,-0.7501277259977355,ElasticNet,Peve
gene-Peve_00043739_227339,37,9,9,9,5-fold,-0.13251043747073604,0.20569098789461052,-0.09385249188445913,0.11934915190823601,137.30481033476232,0.99,1,-0.09385249188445913,ElasticNet,Peve
gene-Peve_00031591_164329,37,12,4,4,5-fold,-21295.383638961466,22789.90341995572,-5305.9843150409715,4713.617026012177,236.88520643890135,0.1,0,-5305.9843150409715,ElasticNet,Peve
gene-Peve_00008660_45988,37,3,3,3,5-fold,-2.608511598406659,4.540666736021639,-1.4866281680210134,2.8553756220659587,1068.4769303244693,0.1,0,-1.4866281680210134,ElasticNet,Peve
gene-Peve_00033527_174472,37,7,7,7,5-fold,0.08496452532299462,0.31218255662347366,0.1938708994273853,0.21257317184560157,40.11931986020469,0.99,4,0.1938708994273853,ElasticNet,Peve
gene-Peve_00021623_112781,37,7,5,5,5-fold,-1.9250604801473998,3.295042733411276,-1.6653241319359324,3.1668082912966566,584.5631663964566,0.1,0,-1.6653241319359324,ElasticNet,Peve
gene-Peve_00040520_211254,37,4,4,4,5-fold,-0.3896029435581447,0.4946173063629953,-0.31550026179953183,0.2190072185343629,1008.5460382876882,0.1,0,-0.31550026179953183,ElasticNet,Peve
gene-Peve_00031996_166678,37,26,15,15,5-fold,-0.7308244959384359,0.8310130317436148,-0.14298888408698854,0.11692946633047362,134.06359666462436,0.99,1,-0.14298888408698854,ElasticNet,Peve
gene-Peve_00002462_13923,37,10,8,8,5-fold,-0.4680354478493977,0.5050454951943237,-0.447929342391328,0.7016606016820103,1044.4304962001124,0.1,0,-0.447929342391328,ElasticNet,Peve
gene-Peve_00038841_202532,37,32,28,28,5-fold,-0.5788155647412073,0.8035167454468575,-0.3197761823135482,0.43503112811982847,60.50510968918242,0.99,7,-0.3197761823135482,ElasticNet,Peve
gene-Peve_00041449_216283,37,16,13,13,5-fold,-0.07642996968446573,0.16746543545171497,-0.48111243393673353,0.5281477927229195,196.81022360237446,0.99,0,-0.07642996968446573,RF,Peve
gene-Peve_00031591_164336,37,5,3,3,5-fold,-131.63721167095144,248.76518866757164,-448.5574814752916,893.6240401265887,348.95044002043426,0.1,0,-131.63721167095144,RF,Peve
gene-Peve_00025620_133764,37,13,12,12,5-fold,-5.774621624089498,11.038074522742043,-8.018909979996803,15.748949052863637,672.6409623979906,0.1,0,-5.774621624089498,RF,Peve
gene-Peve_00013225_69288,37,5,2,2,5-fold,-0.303410141189246,0.21430765286051057,-0.23392520344071416,0.2858889337730312,4.92842217660188,0.99,2,-0.23392520344071416,ElasticNet,Peve
gene-Peve_00001451_7971,37,8,8,8,5-fold,-5.720784834254045,10.459288420173454,-2.3682014671080234,4.42042044730631,754.1780220654352,0.1,0,-2.3682014671080234,ElasticNet,Peve
gene-Peve_00013275_69579,37,3,3,3,5-fold,-0.40612425196991886,0.5400273852764095,-0.36074972201612404,0.46789746372617447,1670.1496068231427,0.1,0,-0.36074972201612404,ElasticNet,Peve
gene-Peve_00038371_199452,37,15,8,8,5-fold,-10.08402656075152,20.120599456848865,-4.039723513794383,7.826546696883992,0.49862290190026126,0.7,8,-4.039723513794383,ElasticNet,Peve
gene-Peve_00013232_69316,37,19,18,18,5-fold,-0.00877983638276576,0.5434381125731073,0.1543437168779005,0.3770845738116983,20.682763720886477,0.99,10,0.1543437168779005,ElasticNet,Peve
gene-Peve_00017726_93153,37,5,4,4,5-fold,-0.7390076528022252,0.7388273172143925,-1.80623649428959,2.728000015535483,476.23918617293265,0.1,0,-0.7390076528022252,RF,Peve
gene-Peve_00009707_51326,37,30,16,16,5-fold,-0.4510932838766089,0.3410702694532307,-0.2084010104002741,0.32178396125757197,19.252272405478553,0.99,11,-0.2084010104002741,ElasticNet,Peve
gene-Peve_00020342_106686,37,15,15,15,5-fold,-0.37333758972652287,0.5135580327319618,-0.25458890114456123,0.3753890930515172,1.3789345947407277,0.1,15,-0.25458890114456123,ElasticNet,Peve
gene-Peve_00044383_230617,37,3,3,3,5-fold,-0.527144375667573,0.5407464303211735,-0.4905531625845988,0.4619922270692039,905.8500258705153,0.1,0,-0.4905531625845988,ElasticNet,Peve
gene-Peve_00014333_75331,37,7,3,3,5-fold,0.018396235723451525,0.19358722618937182,-0.024670642634592222,0.014091830407097947,555.0719083085602,0.1,0,0.018396235723451525,RF,Peve
gene-Peve_00027618_144100,37,35,24,24,5-fold,-1.1179220292234764,1.1619148377545276,-0.7363836316198643,1.4228216464618202,3.2152541890770725,0.95,22,-0.7363836316198643,ElasticNet,Peve
gene-Peve_00027749_144919,37,9,8,8,5-fold,-4.35928898798884,7.805615444105309,-3.481818860105782,6.677219323542715,21.55596074985605,0.99,4,-3.481818860105782,ElasticNet,Peve
gene-Peve_00000114_194,37,2,2,2,5-fold,-0.8692486768130525,1.2701623833118634,-0.5252534202442108,0.7041365187779579,73.47497603709223,0.99,1,-0.5252534202442108,ElasticNet,Peve
gene-Peve_00004915_26895,37,42,33,33,5-fold,-0.44602117193146623,0.43202398582208174,-0.0744305457774593,0.09182502891008656,41.754978899542614,0.99,8,-0.0744305457774593,ElasticNet,Peve
gene-Peve_00032574_169299,37,6,6,6,5-fold,-0.6036391111786373,0.9232030561790967,-0.15670689139118985,0.31467218579244677,3.8566524777688573,0.1,6,-0.15670689139118985,ElasticNet,Peve
gene-Peve_00037744_196409,37,3,3,3,5-fold,-0.26073386743243054,0.515416283660699,-0.15577028943849153,0.25210868627467836,1.0382533581322204,0.5,3,-0.15577028943849153,ElasticNet,Peve
gene-Peve_00032914_170968,37,8,8,8,5-fold,-0.19240837911731204,0.46831675842754267,-0.0828677098791222,0.18899976770358617,1.6170413167390651,0.95,8,-0.0828677098791222,ElasticNet,Peve
gene-Peve_00038990_203221,37,18,14,14,5-fold,-3776.827168483838,7474.34293758911,-1238.7361437241834,2432.9777593085073,7.06790800519245,0.1,14,-1238.7361437241834,ElasticNet,Peve
gene-Peve_00008081_43376,37,15,10,10,5-fold,-0.8367019583145684,0.8532918148495388,-1.2403920759247855,1.460555247524254,2.5716871473959095,0.99,10,-0.8367019583145684,RF,Peve
gene-Peve_00006949_37027,37,45,30,30,5-fold,-0.7880187303846531,0.9354518796375333,-0.6915943441251212,0.9291581520498529,3.128026316335626,0.1,30,-0.6915943441251212,ElasticNet,Peve
gene-Peve_00019711_103473,37,2,2,2,5-fold,-1.548454050601824,1.8835480482145948,-1.807717924103602,2.4961980028690074,2.8937782967564214,0.1,2,-1.548454050601824,RF,Peve
gene-Peve_00024484_127910,37,2,2,2,5-fold,-0.12309040784744807,0.3406126798377594,-0.2870582016080222,0.43642999427024803,943.7610910435393,0.1,0,-0.12309040784744807,RF,Peve
gene-Peve_00004135_21995,37,13,8,8,5-fold,-0.03392440849053489,0.4212622340167353,-0.16301737593230872,0.27715220169134486,460.4541432303742,0.1,0,-0.03392440849053489,RF,Peve
gene-Peve_00001446_7907,37,5,3,3,5-fold,-2.695323453104441,2.3774603817948416,-1.6424198082717116,1.4361617663906976,1.4457495992789906,0.9,3,-1.6424198082717116,ElasticNet,Peve
gene-Peve_00006716_35852,37,19,5,5,5-fold,-0.9291315234391794,1.4703141372729351,-57.437846276271365,114.65730035724997,28.563495101964914,0.99,3,-0.9291315234391794,RF,Peve
gene-Peve_00006805_36342,37,58,31,31,5-fold,-0.34288393264452904,0.277321632185386,-0.2645043323839938,0.28945630531884814,218.23910836388123,0.99,2,-0.2645043323839938,ElasticNet,Peve
gene-Peve_00021623_112780,37,2,2,2,5-fold,-2.49665350904962,4.602655028347357,-1.8820090510562455,3.5685111321093856,479.385707307442,0.1,0,-1.8820090510562455,ElasticNet,Peve
gene-Peve_00029771_155764,37,14,14,14,5-fold,-0.9179429921453494,1.2266405844931147,-0.20590216766076982,0.24628907887875692,56.62671413321511,0.99,3,-0.20590216766076982,ElasticNet,Peve
gene-Peve_00007932_42476,37,9,8,8,5-fold,-1.882357313563357,2.610677743685283,-0.3515037141711535,0.597661634588406,2665.9208064232553,0.1,0,-0.3515037141711535,ElasticNet,Peve
gene-Peve_00008079_43311,37,14,9,9,5-fold,-0.02107315499248328,0.1488775932778202,-0.08027094363383776,0.09342824182270903,112.29575909258887,0.99,1,-0.02107315499248328,RF,Peve
gene-Peve_00026210_136659,37,2,2,2,5-fold,-0.34688378959127747,0.4245623557081016,-5.098923697583068,9.606457645079152,373.73795353838216,0.1,0,-0.34688378959127747,RF,Peve
gene-Peve_00006230_32579,37,13,8,8,5-fold,-1.0374956537429765,1.258116663606475,-1.691337427680939,3.0280464573090473,1.1421944110356352,0.95,8,-1.0374956537429765,RF,Peve
gene-Peve_00037180_193294,37,4,4,4,5-fold,-0.495567426718429,0.42802966523279745,-0.40989534068878786,0.7839118192419234,1.2258922817019846,0.5,4,-0.40989534068878786,ElasticNet,Peve
gene-Peve_00001303_7101,37,20,18,18,5-fold,-0.18709200016257574,0.3923535364089115,-0.2296329246271745,0.1879043273712174,11.0237900091153,0.1,18,-0.18709200016257574,RF,Peve
gene-Peve_00003523_18931,37,8,7,7,5-fold,-0.20185392759534304,0.5630310130758728,0.07515933324880257,0.6099543224624687,16.51820532082642,0.95,7,0.07515933324880257,ElasticNet,Peve
gene-Peve_00020101_105330,37,2,2,2,5-fold,-1.013158275890475,1.9406554730111436,-0.862463065208461,1.4109103563150087,361.2407087206116,0.1,0,-0.862463065208461,ElasticNet,Peve
gene-Peve_00017994_94422,37,20,20,20,5-fold,-0.1526963790885375,0.13083152626933447,-0.11213085222344824,0.1087552352281869,35.69452105346034,0.9,10,-0.11213085222344824,ElasticNet,Peve
gene-Peve_00003823_20665,37,20,20,20,5-fold,-8.255982056963473,15.991238310254845,-11.8456961194153,17.882759065816543,477.8767099686634,0.1,0,-8.255982056963473,RF,Peve
gene-Peve_00003529_18942,37,2,2,2,5-fold,-0.6897841941739038,1.094443462283421,-0.35350626907579275,0.4432658424914631,892.6477023673224,0.1,0,-0.35350626907579275,ElasticNet,Peve
gene-Peve_00009433_49765,37,7,7,7,5-fold,-0.8125767909881325,1.1059126764742728,-0.3297133786199769,0.4606112269342397,22.03088791416805,0.9,5,-0.3297133786199769,ElasticNet,Peve
gene-Peve_00029658_155061,37,18,9,9,5-fold,-0.1660453492538096,0.4713105448185865,-0.37949979373374326,0.5979967363787496,0.7020538111279953,0.5,9,-0.1660453492538096,RF,Peve
gene-Peve_00023917_124352,37,40,36,36,5-fold,-0.32327533504134376,0.7246936355397412,-0.17960509020927043,0.16321512380986275,3.277367583808462,0.5,33,-0.17960509020927043,ElasticNet,Peve
gene-Peve_00007167_38145,37,4,4,4,5-fold,-0.3759601575704114,0.17299656728072907,-0.15368150214083146,0.1885060264882245,774.7448426931647,0.1,0,-0.15368150214083146,ElasticNet,Peve
gene-Peve_00030280_158224,37,3,3,3,5-fold,-0.6099738122282764,0.6372514421494089,-0.331483351550291,0.37289320268520637,1.6729221907481169,0.1,3,-0.331483351550291,ElasticNet,Peve
gene-Peve_00018640_97615,37,2,2,2,5-fold,-0.6705446369176785,0.5149140599798888,-0.25492978113012005,0.26869979026669233,521.4337791199696,0.1,0,-0.25492978113012005,ElasticNet,Peve
gene-Peve_00020216_105975,37,2,2,2,5-fold,-1.0421333950723122,1.369822028393133,-0.2069350574125126,0.19085528750995373,765.8501961787099,0.1,0,-0.2069350574125126,ElasticNet,Peve
gene-Peve_00019093_100195,37,23,11,11,5-fold,-0.38395945221057654,0.4962127019046138,-0.6018281847168775,0.6705582889154424,74.59279710750918,0.99,1,-0.38395945221057654,RF,Peve
gene-Peve_00033530_174737,37,11,11,11,5-fold,-0.21444724549108402,0.2424628973372423,-0.20019689907634444,0.13340934018976808,1415.4462535823443,0.1,0,-0.20019689907634444,ElasticNet,Peve
gene-Peve_00042556_221270,37,10,7,7,5-fold,-0.41997259021080247,0.2628069987750262,-0.17644231016196937,0.2154481339682911,1071.9999888390541,0.1,0,-0.17644231016196937,ElasticNet,Peve
gene-Peve_00003934_21097,37,18,13,13,5-fold,-0.4815360191627061,0.8580519455343706,-0.5695564500478751,1.0640912689208812,17.306872655937617,0.1,13,-0.4815360191627061,RF,Peve
gene-Peve_00000178_997,37,14,6,6,5-fold,-0.927841174766114,0.738194074059044,-0.8823206762956334,1.0186260316974503,459.33108434444654,0.1,0,-0.8823206762956334,ElasticNet,Peve
gene-Peve_00021447_112031,37,11,10,10,5-fold,-20.577883403307304,27.586393714973884,-17.160560829938028,29.71979246266493,5.014334376139815,0.1,10,-17.160560829938028,ElasticNet,Peve
gene-Peve_00006918_36935,37,37,21,21,5-fold,-0.2832652233150389,0.3846525416450254,-0.0402008986533859,0.044925294827626736,131.00569374884083,0.99,2,-0.0402008986533859,ElasticNet,Peve
gene-Peve_00027073_141238,37,7,7,7,5-fold,-0.43760250748683305,0.5292936080494747,-0.38278483711536104,0.6377382466177879,8.345415597297345,0.95,3,-0.38278483711536104,ElasticNet,Peve
gene-Peve_00010798_57336,37,8,6,6,5-fold,-0.4661085540718063,0.2830387102291634,-0.2140877138207168,0.21175189444341985,2.313004448553812,0.1,6,-0.2140877138207168,ElasticNet,Peve
gene-Peve_00024481_127876,37,42,35,35,5-fold,-0.266808209354929,0.3178881346075215,-0.15662519042884354,0.3173243906273532,3.4039512300587043,0.1,35,-0.15662519042884354,ElasticNet,Peve
gene-Peve_00013894_73097,37,2,2,2,5-fold,-2.2295987449689862,2.174284416095283,-1.4911385213723496,1.5601598751726578,124.64922090459612,0.99,1,-1.4911385213723496,ElasticNet,Peve
gene-Peve_00030740_160360,37,13,13,13,5-fold,-0.5708945320644971,0.8756342422774349,-0.5706357783815789,0.6119037134166835,2045.4823094757817,0.1,0,-0.5706357783815789,ElasticNet,Peve
gene-Peve_00032336_168259,37,22,22,22,5-fold,-0.7785589824632341,1.1305161130920276,-0.5645499978699817,0.4436291584283144,118.80473268951604,0.99,2,-0.5645499978699817,ElasticNet,Peve
gene-Peve_00027796_145193,37,11,10,10,5-fold,-0.48541517665100564,0.3238278231455784,-0.13534022226567552,0.1562236341594287,897.8163719400902,0.1,0,-0.13534022226567552,ElasticNet,Peve
gene-Peve_00041449_216256,37,7,7,7,5-fold,-0.5820488253304044,0.7288494005898928,-0.31676224553746035,0.551098000747153,1416.3788097747483,0.1,0,-0.31676224553746035,ElasticNet,Peve
gene-Peve_00010585_56269,37,3,3,3,5-fold,-1.4936741554628643,1.8268035118110884,-1.4696887363526316,2.508802278643033,1.2130502481414833,0.1,3,-1.4696887363526316,ElasticNet,Peve
gene-Peve_00006348_33626,37,31,21,21,5-fold,-3.7035778177863037,6.205334505727024,-2.822631525635079,5.255948293584391,1264.0027761116735,0.1,0,-2.822631525635079,ElasticNet,Peve
gene-Peve_00045147_234836,37,4,2,2,5-fold,-1502.4180650558303,2934.914928194718,-1084.3960328184178,2127.0160870945233,0.8222461020859606,0.1,2,-1084.3960328184178,ElasticNet,Peve
gene-Peve_00033402_173760,37,6,5,5,5-fold,-0.24071475518231006,0.3967636026759314,-0.11719463062528199,0.26730159565261424,0.6455789997243876,0.5,5,-0.11719463062528199,ElasticNet,Peve
gene-Peve_00045291_235465,37,23,23,23,5-fold,-0.9840382589586145,1.3470164166609118,-0.9784636228087293,1.5202769089109216,1520.3866676559894,0.1,0,-0.9784636228087293,ElasticNet,Peve
gene-Peve_00003553_19249,37,6,6,6,5-fold,-0.5362304016561588,0.5302401695026289,-0.21346235977471495,0.3172091023384677,601.9721424790617,0.1,0,-0.21346235977471495,ElasticNet,Peve
gene-Peve_00041492_216444,37,2,2,2,5-fold,-0.437077670454745,0.5256545868093655,-7.127217407628443,14.069912532552369,13.317724482414343,0.1,2,-0.437077670454745,RF,Peve
gene-Peve_00024250_126424,37,5,5,5,5-fold,-0.7557171825504095,1.1988676254818293,-0.46776636259571164,0.7998742707451755,36.26834955367482,0.99,3,-0.46776636259571164,ElasticNet,Peve
gene-Peve_00041449_216271,37,8,8,8,5-fold,-0.5722227131446674,0.764856697372862,-0.23618362772664758,0.3894094654156808,676.6280254799732,0.1,0,-0.23618362772664758,ElasticNet,Peve
gene-Peve_00018401_96234,37,27,23,23,5-fold,-0.9999454092726356,1.4991835528544772,-1.4775842957567853,2.8343074007844975,1567.3309458456808,0.1,0,-0.9999454092726356,RF,Peve
gene-Peve_00006423_33956,37,14,7,7,5-fold,-0.2485983100978471,0.937681185270559,-0.09426594011433972,0.1447598064754779,1.6737331971190101,0.1,7,-0.09426594011433972,ElasticNet,Peve
gene-Peve_00032229_167562,37,12,12,12,5-fold,-0.20939925795995454,0.2300434581753165,-0.1256813297417984,0.15313324493419742,1.5151922955569543,0.5,12,-0.1256813297417984,ElasticNet,Peve
gene-Peve_00035492_184710,37,15,10,10,5-fold,-1.1946142399583353,2.1749715633007147,-0.7672005199499712,1.436014221731842,16.381350696852113,0.95,7,-0.7672005199499712,ElasticNet,Peve
gene-Peve_00004931_26826,37,12,12,12,5-fold,-0.48593055309060773,1.3743137719099938,-0.15170516212917184,0.4061950439167743,26.292890863136876,0.95,6,-0.15170516212917184,ElasticNet,Peve
gene-Peve_00023800_123723,37,19,18,18,5-fold,-20.088083030887166,39.415295762832024,-15.983877187963538,31.71601288750005,2394.214995764989,0.1,0,-15.983877187963538,ElasticNet,Peve
gene-Peve_00004896_26642,37,8,8,8,5-fold,-0.7958947062011312,2.113378644641895,-0.9237275321947319,1.7042039541945053,967.8731968474482,0.1,0,-0.7958947062011312,RF,Peve
gene-Peve_00020223_106035,37,2,2,2,5-fold,-1.158226870612392,2.060290539524971,-1.4701809377563937,2.806889517965298,1082.9405210109235,0.1,0,-1.158226870612392,RF,Peve
gene-Peve_00013499_71092,37,2,2,2,5-fold,-0.21632348058224332,0.246565297594227,-0.3506065099323899,0.5462540283768461,18.986079603365962,0.1,2,-0.21632348058224332,RF,Peve
gene-Peve_00002952_16275,37,75,73,73,5-fold,-0.06937344132375986,0.10673907196911635,-0.3806866847783445,0.5064208289143253,30.217417605276832,0.1,67,-0.06937344132375986,RF,Peve
gene-Peve_00041449_216252,37,2,2,2,5-fold,-0.5117103850428469,0.4171535954924553,-0.23383362395403817,0.3288464919899052,659.2444125218426,0.1,0,-0.23383362395403817,ElasticNet,Peve
gene-Peve_00033468_174176,37,6,6,6,5-fold,-0.6560307608184162,0.19507262725481503,-0.3924113875901883,0.40491192909270535,1129.1629834497082,0.1,0,-0.3924113875901883,ElasticNet,Peve
gene-Peve_00032112_167114,37,17,13,13,5-fold,-0.293978677733996,0.18426817496556208,-0.05869512839777391,0.05755990021810721,124.78478587529702,0.99,1,-0.05869512839777391,ElasticNet,Peve
gene-Peve_00031591_164326,37,10,3,3,5-fold,-45949.19070765221,90354.93443172991,-13568.916348982446,26399.98628743867,318.7895248456617,0.1,0,-13568.916348982446,ElasticNet,Peve
gene-Peve_00043035_223643,37,2,2,2,5-fold,-3.628873601028551,6.832159572953113,-1.055484056131077,2.107124393706568,5.333142529320921,0.99,2,-1.055484056131077,ElasticNet,Peve
gene-Peve_00009929_52393,37,12,7,7,5-fold,-0.27043062835605447,0.1983021998451934,-0.28401381236174644,0.4986817787561124,1824.0321518554197,0.1,0,-0.27043062835605447,RF,Peve
gene-Peve_00029908_156401,37,2,2,2,5-fold,-0.5756038109057033,0.3782572137203438,-0.31246219627040017,0.17176014877057347,5.461701591277636,0.1,2,-0.31246219627040017,ElasticNet,Peve
gene-Peve_00025110_131151,37,24,15,15,5-fold,-4.819203576720954,8.84643955915617,-3.6407305036927085,7.018211165225166,888.1308428523381,0.1,0,-3.6407305036927085,ElasticNet,Peve
gene-Peve_00044962_233905,37,12,5,5,5-fold,-0.4943110624361219,0.3245383125953391,-0.11404659141656,0.08190384602248679,1108.6499272461626,0.1,0,-0.11404659141656,ElasticNet,Peve
gene-Peve_00024725_129242,37,45,33,33,5-fold,-9.28004993495992,17.412278535665063,-12.009600148873643,23.17284705397148,3.8105750937240894,0.1,33,-9.28004993495992,RF,Peve
gene-Peve_00026728_139159,37,11,9,9,5-fold,-0.2891329678649776,0.24296054266398026,-0.40886721519767033,0.30476149284327486,1035.8250634801038,0.1,0,-0.2891329678649776,RF,Peve
gene-Peve_00012897_67543,37,19,16,16,5-fold,-1.5113668810495624,1.9235128817101497,-0.683403744052473,1.1405780366562153,124.10487856420718,0.99,1,-0.683403744052473,ElasticNet,Peve
gene-Peve_00034384_179344,37,3,3,3,5-fold,-0.6920848699869462,0.28895577909684217,-0.3583126316677851,0.29661476486725097,2.934316252219533,0.1,3,-0.3583126316677851,ElasticNet,Peve
gene-Peve_00041710_217756,37,32,23,23,5-fold,-0.3740495439455037,0.5745929151957876,-1.6389399867482919,2.9061336092281267,26.473211579336315,0.9,15,-0.3740495439455037,RF,Peve
gene-Peve_00027831_145433,37,5,5,5,5-fold,-0.34777871004774197,0.4647269116891981,-0.7318090030904478,1.3517552605559138,1676.2255582250496,0.1,0,-0.34777871004774197,RF,Peve
gene-Peve_00040218_209923,37,40,39,39,5-fold,-0.2720461825802153,0.2022730554186764,-0.0635236446292291,0.07664846419945953,110.447225137527,0.95,5,-0.0635236446292291,ElasticNet,Peve
gene-Peve_00041679_217431,37,2,2,2,5-fold,-0.49917218333034813,0.562107632028267,-0.14979589494795512,0.08481726023007756,543.8821883647821,0.1,0,-0.14979589494795512,ElasticNet,Peve
gene-Peve_00040530_211348,37,22,22,22,5-fold,-0.3322356016508634,0.24121253840894868,-0.1414507149193013,0.10818449190586256,1662.9079740920363,0.1,0,-0.1414507149193013,ElasticNet,Peve
gene-Peve_00006804_36341,37,26,15,15,5-fold,-0.35977409230677065,0.592720460678611,-0.9605626217565557,1.5559483237654719,2371.54062227003,0.1,0,-0.35977409230677065,RF,Peve
gene-Peve_00038569_200759,37,12,12,12,5-fold,-0.1119498351223196,0.4632438906003982,-0.2204097781275951,0.3507015274775657,1.1153563331867602,0.5,12,-0.1119498351223196,RF,Peve
gene-Peve_00033567_175031,37,9,8,8,5-fold,-162.56580821289452,322.9856124718119,-51.341560028478966,101.83094528365686,0.9287595466200941,0.1,8,-51.341560028478966,ElasticNet,Peve
gene-Peve_00011453_60318,37,15,14,14,5-fold,-0.4800646458567387,0.20261688347689272,-0.20276888121629288,0.16472229283943038,1221.1655457486931,0.1,0,-0.20276888121629288,ElasticNet,Peve
gene-Peve_00018766_98186,37,3,3,3,5-fold,-0.6849256029579311,0.9351326425428069,-0.4072831047462143,0.6266987234428915,79.33259336234576,0.99,2,-0.4072831047462143,ElasticNet,Peve
gene-Peve_00035993_187053,37,9,9,9,5-fold,-0.9341415509739581,1.3819570649870632,-0.6650033079202067,1.2405833270523474,2.207306999244641,0.1,9,-0.6650033079202067,ElasticNet,Peve
gene-Peve_00029658_155064,37,8,5,5,5-fold,-0.6243715886277871,0.691405410105317,-0.3714253204185739,0.6564322769482337,1412.3016359283558,0.1,0,-0.3714253204185739,ElasticNet,Peve
gene-Peve_00012657_66374,37,13,6,6,5-fold,-1.2500227250040168,1.7345273090466051,-0.581580942828561,1.004927724242712,5.437478838403082,0.99,4,-0.581580942828561,ElasticNet,Peve
gene-Peve_00031291_162668,37,20,20,20,5-fold,-93.34167686056557,183.2676951857888,-77.20676170023938,153.91825349656426,113.09452315926468,0.5,9,-77.20676170023938,ElasticNet,Peve
gene-Peve_00037358_194409,37,60,47,47,5-fold,-1.0041225197484784,0.5431758464219371,-0.46640236867685053,0.3754762208424122,61.364349997141126,0.99,15,-0.46640236867685053,ElasticNet,Peve
gene-Peve_00036998_192559,37,9,8,8,5-fold,-1.000917123709149,2.0245585001557744,-0.3684236830345073,0.678159367164227,57.56898912734992,0.99,2,-0.3684236830345073,ElasticNet,Peve
gene-Peve_00003523_18926,37,7,5,5,5-fold,-0.48361961444945684,0.8881759389239283,-0.13990206933676985,0.11596890567772655,341.0958991170182,0.1,0,-0.13990206933676985,ElasticNet,Peve
gene-Peve_00038109_198407,37,4,4,4,5-fold,-1.3391350627964311,1.5319059249907412,-13.77315023937243,26.970627548681158,0.7972567989167524,0.5,4,-1.3391350627964311,RF,Peve
gene-Peve_00026210_136645,37,5,5,5,5-fold,-0.7564920197770209,0.9914317716000159,-0.21091323157191963,0.2760917596489593,1278.3611693871758,0.1,0,-0.21091323157191963,ElasticNet,Peve
gene-Peve_00026728_139182,37,5,5,5,5-fold,-0.3087817676744641,0.28391831722100275,-0.15098630198993077,0.1408436351551496,16.83002538831532,0.99,2,-0.15098630198993077,ElasticNet,Peve
gene-Peve_00037305_194010,37,10,10,10,5-fold,-0.014462995489390073,0.31783329560037815,-0.14073809501352086,0.15052219021032484,1635.6008451759021,0.1,0,-0.014462995489390073,RF,Peve
gene-Peve_00024180_126031,37,10,2,2,5-fold,-0.06051253943562966,0.1292354473569796,-0.033607076675183346,0.03481366951762197,631.3997493669468,0.1,0,-0.033607076675183346,ElasticNet,Peve
gene-Peve_00026210_136651,37,3,3,3,5-fold,-0.04891760612787517,0.15669505037520487,-0.11119448041939325,0.0910364354663337,1085.17146698405,0.1,0,-0.04891760612787517,RF,Peve
gene-Peve_00027398_143126,37,2,2,2,5-fold,-0.4427706802188623,0.7897009701567749,-0.26150326200478086,0.4126320579965302,2.4335793756619424,0.1,2,-0.26150326200478086,ElasticNet,Peve
gene-Peve_00000078_732,37,57,41,41,5-fold,-0.7881461691099348,0.48898815354188246,-0.3011666849781892,0.3365968629678645,1579.0699724768276,0.1,0,-0.3011666849781892,ElasticNet,Peve
gene-Peve_00033274_173131,37,5,3,3,5-fold,-948.4032297975084,1895.220158598707,-321.10722353754977,641.1709707766228,334.1133289593589,0.99,3,-321.10722353754977,ElasticNet,Peve
gene-Peve_00031591_164330,37,20,19,19,5-fold,-29517.91961146181,41766.402242878205,-6356.560056952058,9107.770812920447,384.22414041251767,0.1,0,-6356.560056952058,ElasticNet,Peve
gene-Peve_00006190_32531,37,27,20,20,5-fold,-1.5105343913175342,1.8010681999542284,-0.7998983268118401,0.9078249564550266,5.193409571518005,0.7,19,-0.7998983268118401,ElasticNet,Peve
gene-Peve_00030280_158223,37,5,5,5,5-fold,-1.1254217491482845,1.644165380071882,-0.3778602046623602,0.5205958583330372,937.4097602963477,0.1,0,-0.3778602046623602,ElasticNet,Peve
gene-Peve_00018554_97164,37,6,3,3,5-fold,-1.5674471389995634,2.951013114715575,-5.808079389872061,9.297941180702644,608.7467490037252,0.1,0,-1.5674471389995634,RF,Peve
gene-Peve_00033650_175455,37,22,17,17,5-fold,-0.8961655167627823,1.2717219522519694,-0.28710993310958066,0.429335335344483,12.719303173608825,0.99,10,-0.28710993310958066,ElasticNet,Peve
gene-Peve_00007040_37547,37,12,12,12,5-fold,-4.020953316100699,7.067411105625574,-2.649069377378635,4.40977932771618,1303.5939527181422,0.1,0,-2.649069377378635,ElasticNet,Peve
gene-Peve_00019232_101037,37,3,3,3,5-fold,-0.28609258303603274,0.2550023412155749,-0.2623762543903098,0.28600614138666447,792.2992472377919,0.1,0,-0.2623762543903098,ElasticNet,Peve
gene-Peve_00041449_216281,37,6,6,6,5-fold,-0.48219563766878554,0.3867795286726857,-0.6984503080816074,1.2597514458846506,2.5598354509071477,0.1,6,-0.48219563766878554,RF,Peve
gene-Peve_00019232_101036,37,6,6,6,5-fold,-0.5026167842608574,0.712240340190658,-0.2509937240533962,0.4061100097983638,1068.442798289632,0.1,0,-0.2509937240533962,ElasticNet,Peve
gene-Peve_00012584_65966,37,3,3,3,5-fold,-2.389983626368391,4.958615984988823,-1.269409722188924,2.4833629681280827,558.4542671505474,0.1,0,-1.269409722188924,ElasticNet,Peve
gene-Peve_00017153_90195,37,5,5,5,5-fold,-1.6324373879885825,2.5772064941831214,-0.6266938802062572,1.0764596564562137,693.8718541496336,0.1,0,-0.6266938802062572,ElasticNet,Peve
gene-Peve_00025174_131494,37,38,35,35,5-fold,-1.2061755967187822,1.8172695262996867,-1.4994519534739372,2.4716951735103776,15.10772409991242,0.1,35,-1.2061755967187822,RF,Peve
gene-Peve_00042520_221107,37,40,37,37,5-fold,-0.5389830106079824,1.1899184852728384,-0.3764035771920488,0.35329869296356775,172.70390889986535,0.99,2,-0.3764035771920488,ElasticNet,Peve
gene-Peve_00019232_101030,37,3,3,3,5-fold,-0.5059684665487497,0.4514335677540787,-0.32516048733497926,0.3497146523694613,0.12218359408982023,0.99,3,-0.32516048733497926,ElasticNet,Peve
gene-Peve_00017604_92503,37,18,8,8,5-fold,-1.1559292108883032,1.4917424865602062,-1.3938233662369275,2.442095474671894,40.65145222676039,0.99,5,-1.1559292108883032,RF,Peve
gene-Peve_00005280_28663,37,21,20,20,5-fold,-0.7386938470045223,1.0948073776774192,-1.1128643485120906,1.5620831503131027,1.012579439418415,0.5,20,-0.7386938470045223,RF,Peve
gene-Peve_00026210_136649,37,2,2,2,5-fold,-0.47949484517617175,0.2943349532611735,-0.22787134638509804,0.1807181914316161,2.937897775299867,0.1,2,-0.22787134638509804,ElasticNet,Peve
gene-Peve_00000096_864,37,5,5,5,5-fold,-0.42254169239482825,0.9091111970488289,-0.2594049452252226,0.4688661561808714,2.9089478535979008,0.1,5,-0.2594049452252226,ElasticNet,Peve
gene-Peve_00027831_145437,37,6,6,6,5-fold,-0.9011355890899161,0.7106852615793989,-0.41363154137314034,0.6291737024001892,1015.9049206795186,0.1,0,-0.41363154137314034,ElasticNet,Peve
gene-Peve_00006710_35698,37,6,4,4,5-fold,-0.3001057033922989,0.1955955641908761,-0.06295951759770255,0.0491502757594034,583.3761672793403,0.1,0,-0.06295951759770255,ElasticNet,Peve
gene-Peve_00003172_17138,37,32,28,28,5-fold,-0.44572137590602967,0.8721161675559138,-0.5522356777840497,0.8989196488229003,1710.9934245543802,0.1,0,-0.44572137590602967,RF,Peve
gene-Peve_00035638_185244,37,11,5,5,5-fold,-0.5222576067319226,0.685072089727755,-0.415119069722793,0.5640765420985426,519.8557726284361,0.1,0,-0.415119069722793,ElasticNet,Peve
gene-Peve_00030897_161159,37,13,9,9,5-fold,-0.6350735160690402,0.5310414066192323,-0.35302361784401126,0.2617267272887945,947.6361789630176,0.1,0,-0.35302361784401126,ElasticNet,Peve
gene-Peve_00009956_52536,37,8,6,6,5-fold,0.24286308981401938,0.33160785077395255,-13.3854167607663,26.043299713646796,1308.4044466452815,0.1,0,0.24286308981401938,RF,Peve
gene-Peve_00012607_66127,37,4,4,4,5-fold,-0.5222019257653541,0.5827999596085985,-0.23893456591342654,0.1982295505415604,640.1708257593716,0.1,0,-0.23893456591342654,ElasticNet,Peve
gene-Peve_00041449_216253,37,5,5,5,5-fold,-0.45764503491873915,0.2980380560663844,-0.05258407216858074,0.06584164230912701,0.5031324637164307,0.5,5,-0.05258407216858074,ElasticNet,Peve
gene-Peve_00035887_186682,37,21,21,21,5-fold,-0.5171699688966465,0.4808703195065208,-0.07700174963409774,0.07146571249461767,1139.7901391142432,0.1,0,-0.07700174963409774,ElasticNet,Peve
gene-Peve_00014539_76571,37,3,3,3,5-fold,-0.3719544692672911,0.5811801122573064,-0.6185640208097096,0.8774094274387297,1.3712131985263567,0.1,3,-0.3719544692672911,RF,Peve
gene-Peve_00029447_153914,37,3,3,3,5-fold,-0.22160251160518246,0.17463421806325402,-0.13011583121444334,0.14288447915762975,719.6640529775354,0.1,0,-0.13011583121444334,ElasticNet,Peve
gene-Peve_00000526_3207,37,3,3,3,5-fold,-0.12817672171331362,0.17477498491200963,-0.24080071404650774,0.16158843334882983,4.266489402711854,0.1,3,-0.12817672171331362,RF,Peve
gene-Peve_00010061_53210,37,8,8,8,5-fold,-24.30599126221255,45.01745428238059,-17.433500610883385,33.45234545578723,44.61677889482978,0.9,4,-17.433500610883385,ElasticNet,Peve
gene-Peve_00041449_216255,37,3,3,3,5-fold,-0.4068104917950949,0.44075043919347745,-0.16657154187333875,0.24105384204594935,8.36577463732951,0.95,2,-0.16657154187333875,ElasticNet,Peve
gene-Peve_00016197_85719,37,7,7,7,5-fold,-0.3373115152045451,0.4511238609219427,-1.3246658272765102,2.1405215164928078,1376.4069394789765,0.1,0,-0.3373115152045451,RF,Peve
gene-Peve_00027169_141684,37,3,2,2,5-fold,-0.4076312779934776,0.7446638408901438,-0.1780772320637407,0.34258185401301205,664.3476521421554,0.1,0,-0.1780772320637407,ElasticNet,Peve
gene-Peve_00026529_138429,37,9,6,6,5-fold,-0.39277503340707687,0.5707877164170496,-0.310542472832334,0.4359592998271435,144.9774522668358,0.95,1,-0.310542472832334,ElasticNet,Peve
gene-Peve_00021772_113673,37,46,32,32,5-fold,-0.6089288734606776,1.3458156613432735,-2.186175719513542,3.2136865755020243,3.232947971331072,0.1,32,-0.6089288734606776,RF,Peve
gene-Peve_00025946_135442,37,11,10,10,5-fold,-1.4715094541528368,1.9290794861247194,-1.1836888335156794,2.0607900281585385,14.148098050957396,0.1,10,-1.1836888335156794,ElasticNet,Peve
gene-Peve_00013910_73243,37,2,2,2,5-fold,-0.7290256361663957,1.344763326885536,-0.45676658305787166,0.8229121861435544,1185.4584139579106,0.1,0,-0.45676658305787166,ElasticNet,Peve
gene-Peve_00029403_153699,37,44,27,27,5-fold,-0.20459716848182313,0.35894584491956155,-0.20373761657964332,0.15973001784989457,11.249757966800686,0.99,22,-0.20373761657964332,ElasticNet,Peve
gene-Peve_00018766_98188,37,4,4,4,5-fold,-0.6251864897831058,0.42032502349442685,-0.3124821020768217,0.3886738224340788,1124.290386631157,0.1,0,-0.3124821020768217,ElasticNet,Peve
gene-Peve_00031591_164327,37,5,2,2,5-fold,-5000.273407066098,9973.806424606619,-1221.9112712422898,2438.5959293539713,8.824034103717969,0.1,0,-1221.9112712422898,ElasticNet,Peve
gene-Peve_00032112_167113,37,10,5,5,5-fold,-0.10871491298181676,0.1778757532194963,-0.127876131715498,0.19914097011431578,867.5747605957042,0.1,0,-0.10871491298181676,RF,Peve
gene-Peve_00007853_41902,37,18,15,15,5-fold,-28318.14001450128,42621.026950813015,-8486.687705794617,10900.708169966163,577.138109825346,0.1,0,-8486.687705794617,ElasticNet,Peve
gene-Peve_00028842_151057,37,2,2,2,5-fold,-0.2750425977699005,0.09631259197723965,-0.17773484555605848,0.0973530435235055,58.35975151968642,0.1,0,-0.17773484555605848,ElasticNet,Peve
gene-Peve_00018524_96962,37,9,9,9,5-fold,-1.35120261529582,2.031819281846693,-0.7271587558266159,1.3201552669677055,35.46451531026071,0.7,8,-0.7271587558266159,ElasticNet,Peve
gene-Peve_00008766_46837,37,31,29,29,5-fold,-0.2733309540654498,0.6154121530748906,-0.30441653556844434,0.38155261987426387,161.74945798989052,0.99,2,-0.2733309540654498,RF,Peve
gene-Peve_00008987_47590,37,34,18,18,5-fold,-1.0346951651370877,1.9185606205090326,-0.28398494571826005,0.5026549437698229,11.269075932156634,0.9,18,-0.28398494571826005,ElasticNet,Peve
gene-Peve_00044939_233685,37,10,5,5,5-fold,-0.18665864802902526,0.2887839597458113,-9.427536157796279,18.65816622600991,530.1817786286932,0.1,0,-0.18665864802902526,RF,Peve
gene-Peve_00028185_146999,37,7,3,3,5-fold,-0.4291361514327113,0.4899758042257943,-0.08705023697378662,0.07840758549103684,284.5349905989786,0.1,0,-0.08705023697378662,ElasticNet,Peve
gene-Peve_00018442_96691,37,5,5,5,5-fold,-0.6204460838375431,0.37621745453222977,-0.15244745383137745,0.09096685487156367,641.4590873264073,0.1,0,-0.15244745383137745,ElasticNet,Peve
gene-Peve_00039352_205286,37,19,17,17,5-fold,-0.27258016758664966,0.2667947053983724,-0.23259283967423833,0.20813311403386975,5.384018799913677,0.1,17,-0.23259283967423833,ElasticNet,Peve
gene-Peve_00025335_132217,37,43,25,25,5-fold,-0.350038401103459,0.29670939134092744,-0.24287481517450935,0.21808363223413357,20.913412259280257,0.95,19,-0.24287481517450935,ElasticNet,Peve
gene-Peve_00001455_7993,37,2,2,2,5-fold,-1.5795275086969638,2.7777033045781083,-2.0450659643433484,3.842822266140086,2.628470793539626,0.1,2,-1.5795275086969638,RF,Peve
gene-Peve_00012607_66126,37,10,10,10,5-fold,-0.732979758243497,0.6006883420635835,-0.445649954274414,0.5000577877106552,1.9049108951771931,0.1,10,-0.445649954274414,ElasticNet,Peve
gene-Peve_00006863_36561,37,45,31,31,5-fold,-3.854839511496859,7.179789169505166,-1.5719262778096317,2.5805117906004535,2.4003488452570285,0.1,31,-1.5719262778096317,ElasticNet,Peve
gene-Peve_00025416_132743,37,5,2,2,5-fold,-0.27763337756827433,0.3397396766228559,-0.15013343605952315,0.17677478153368065,402.6937851111882,0.1,0,-0.15013343605952315,ElasticNet,Peve
gene-Peve_00030024_156799,37,13,12,12,5-fold,0.13445087927460922,0.4064835720144711,-0.015744015874832228,0.014283865526775808,1441.5298056139984,0.1,0,0.13445087927460922,RF,Peve
gene-Peve_00035833_186363,37,8,7,7,5-fold,-2.0392242753156475,3.586658812632309,-3.574402658262138,6.879511775981791,70.82419405294333,0.99,2,-2.0392242753156475,RF,Peve
gene-Peve_00026210_136650,37,2,2,2,5-fold,0.09783142146362056,0.7111364777487736,-0.12060478092319964,0.2768084036480453,5.026799222021586,0.95,2,0.09783142146362056,RF,Peve
gene-Peve_00043964_228374,37,27,25,25,5-fold,-0.3949003189649165,0.33828770591626106,-0.30258035720256365,0.5210507721132815,1455.3013539491185,0.1,2,-0.30258035720256365,ElasticNet,Peve
gene-Peve_00014335_75336,37,68,40,40,5-fold,-0.15149516829067528,0.38715566617631203,0.006245406477435078,0.0761308183889061,1.6071702045035647,0.5,39,0.006245406477435078,ElasticNet,Peve
gene-Peve_00044110_228983,37,4,2,2,5-fold,-0.22159436235807015,0.16617418769117986,-0.0970569981619068,0.09045909941673298,0.752127767295832,0.1,2,-0.0970569981619068,ElasticNet,Peve
gene-Peve_00013961_73586,37,5,4,4,5-fold,-0.4125177292499457,0.29023879946934206,-0.09947156043897673,0.36581458275924494,3.578988254591262,0.7,4,-0.09947156043897673,ElasticNet,Peve
gene-Peve_00019431_102051,37,11,10,10,5-fold,-0.7721544196188532,1.340142327904883,-0.4540121725701697,0.5936800541667059,1122.2357993250637,0.1,0,-0.4540121725701697,ElasticNet,Peve
gene-Peve_00020409_106966,37,7,6,6,5-fold,-0.09074142374304994,0.25814422639765566,-0.077316730722122,0.04044093805130754,3.9169973592486067,0.95,6,-0.077316730722122,ElasticNet,Peve
gene-Peve_00005294_28726,37,15,12,12,5-fold,-2.118649578672881,3.3048463591864445,-1.2678501548327137,2.2500932838685657,18.48352386782511,0.7,9,-1.2678501548327137,ElasticNet,Peve
gene-Peve_00009610_50832,37,2,2,2,5-fold,-0.9162597951732483,1.325838140865714,-0.557294412615398,0.8177759581328938,0.11476431753421514,0.99,2,-0.557294412615398,ElasticNet,Peve
gene-Peve_00007448_39890,37,16,16,16,5-fold,-0.5815005032321636,0.3176511358689377,-0.12953774426493778,0.10485356466761851,1427.7036713018854,0.1,0,-0.12953774426493778,ElasticNet,Peve
gene-Peve_00042174_219766,37,7,7,7,5-fold,-2.0268033569433968,3.7793881556416875,-1.4511647652892772,2.5669176406211855,6.856920228114732,0.1,7,-1.4511647652892772,ElasticNet,Peve
gene-Peve_00028313_148029,37,4,4,4,5-fold,-0.5920406923567701,0.6105870277946419,-0.3953769706112043,0.5513971491861853,1220.003474719122,0.1,0,-0.3953769706112043,ElasticNet,Peve
gene-Peve_00038594_200930,37,7,5,5,5-fold,-3.3486665324492906,5.676498525356402,-3.510485052064233,6.2489817126039,1053.8043652017611,0.1,0,-3.3486665324492906,RF,Peve
gene-Peve_00002045_11407,37,5,4,4,5-fold,-3.531908127200267,6.292487997856406,-22.270352638792822,42.188744510451464,574.0678197605318,0.1,0,-3.531908127200267,RF,Peve
gene-Peve_00004237_22543,37,10,7,7,5-fold,-0.18899981052323855,0.13496298323931694,-0.04067040120113412,0.026846508865410998,2.473021443541242,0.1,7,-0.04067040120113412,ElasticNet,Peve
gene-Peve_00000162_975,37,6,6,6,5-fold,-0.7603103567513904,0.8628556196504684,-0.5482493551710274,0.7216715050585709,860.7520379179884,0.1,0,-0.5482493551710274,ElasticNet,Peve
gene-Peve_00043575_226374,37,2,2,2,5-fold,-0.7782857733045143,0.9187762611271434,-0.8143978264481803,1.1832783538271103,0.3421029233318231,0.5,2,-0.7782857733045143,RF,Peve
gene-Peve_00002321_12974,37,7,7,7,5-fold,-0.31623658807600724,0.1635654355811825,-0.3872514972668467,0.6191932775155388,999.1454726896906,0.1,0,-0.31623658807600724,RF,Peve
gene-Peve_00041449_216245,37,2,2,2,5-fold,-0.4905084175283646,0.45373927712010365,-0.19046829762408984,0.42322533484958696,0.47745080293615394,0.5,2,-0.19046829762408984,ElasticNet,Peve
gene-Peve_00000294_1897,37,17,15,15,5-fold,-0.2714099534912886,0.1592282474053315,-0.04441488530256923,0.3907084545858143,6.26703332873002,0.99,6,-0.04441488530256923,ElasticNet,Peve
gene-Peve_00028567_149174,37,71,62,62,5-fold,0.04516720859812644,0.2662005885538647,-0.14190453691267998,0.4722222961463319,21.396326339307194,0.99,35,0.04516720859812644,RF,Peve
gene-Peve_00014404_75712,37,7,2,2,5-fold,-0.513297933617482,0.6040313770235634,-1.9679597888482079,3.0837598587820576,407.87177644015924,0.1,0,-0.513297933617482,RF,Peve
gene-Peve_00038081_197994,37,22,19,19,5-fold,-0.360644026433474,0.6366606308145929,-0.36772831314295,0.6351052674623219,2.314659995356544,0.5,19,-0.360644026433474,RF,Peve
gene-Peve_00000956_5220,37,4,4,4,5-fold,-0.35734557102296793,0.28766580410684256,-0.4107932523611759,0.4483508218133155,849.4652272233673,0.1,0,-0.35734557102296793,RF,Peve
gene-Peve_00037075_192857,37,24,11,11,5-fold,-11.871676370826593,23.19492329658107,-5.365797920766502,10.600117125338336,7.855431512985534,0.99,9,-5.365797920766502,ElasticNet,Peve
gene-Peve_00003108_16867,37,7,7,7,5-fold,-0.9585432536529913,1.4830064018936262,-0.5438650581326087,0.34140970630179696,538.0816722552767,0.1,5,-0.5438650581326087,ElasticNet,Peve
gene-Peve_00015170_79986,37,7,3,3,5-fold,-0.5206434764463322,0.388375123467721,-0.254136431696894,0.31878939102825615,949.1049763042646,0.1,0,-0.254136431696894,ElasticNet,Peve
gene-Peve_00031591_164334,37,4,2,2,5-fold,-28615.549169776943,43675.26055088229,-8367.65889096136,10768.28513821706,266.1689516940524,0.1,0,-8367.65889096136,ElasticNet,Peve
gene-Peve_00033645_175207,37,13,13,13,5-fold,-0.5094601823112406,0.5565662828210497,-0.1794223419924453,0.26920478882623017,8.676946540875678,0.1,13,-0.1794223419924453,ElasticNet,Peve
gene-Peve_00005321_28792,37,12,11,11,5-fold,-0.8555056666713231,0.7194939350437143,-0.5490985446894889,0.7409187327370375,4.939008424051134,0.1,11,-0.5490985446894889,ElasticNet,Peve
gene-Peve_00002045_11406,37,11,9,9,5-fold,-0.7038391327920314,1.1539371182167288,-1.2998871887892673,2.0075779671823004,198.0903111182897,0.95,1,-0.7038391327920314,RF,Peve
gene-Peve_00015613_82729,37,6,6,6,5-fold,-0.13421943019409316,0.1624897016952562,-0.08417074482013968,0.07965883021720163,868.0591364048158,0.1,0,-0.08417074482013968,ElasticNet,Peve
gene-Peve_00017452_91938,37,6,6,6,5-fold,-0.5037605891903338,0.6278489484739599,-0.7797988046417142,0.7431868444048736,16.35207604885865,0.99,6,-0.5037605891903338,RF,Peve
gene-Peve_00004505_24151,37,5,5,5,5-fold,-2.759170107611105,5.200243073632516,-1.3073432834427074,2.501581682936344,23.76591435372245,0.1,5,-1.3073432834427074,ElasticNet,Peve
gene-Peve_00041764_217978,37,9,5,5,5-fold,0.029027649421714163,0.08607409656618539,-0.05528557354009371,0.043076251317535355,1205.9947808181225,0.1,0,0.029027649421714163,RF,Peve
gene-Peve_00009929_52394,37,29,21,21,5-fold,-0.17846852437897326,0.11282241000219642,-0.20319852704357594,0.39200752320451315,78.1736778454951,0.95,16,-0.17846852437897326,RF,Peve
gene-Peve_00003236_17558,37,4,4,4,5-fold,-0.5472460792034339,0.7036430681641455,-1.46501688320968,1.8711560812569907,12.037813499725134,0.99,4,-0.5472460792034339,RF,Peve
gene-Peve_00039581_206251,37,52,44,44,5-fold,-0.9818045923398575,0.9571139252364234,-0.4790690685136353,0.6306721445993761,2122.010307029594,0.1,0,-0.4790690685136353,ElasticNet,Peve
gene-Peve_00032107_167101,37,2,2,2,5-fold,-3.3279857541381554,6.430897984726783,-18.693386946046804,37.198227966266536,19.556491892525084,0.99,1,-3.3279857541381554,RF,Peve
gene-Peve_00012897_67540,37,13,13,13,5-fold,-0.3899755114065341,0.8016089147755606,-0.44314240816055417,0.6646866312568772,47.386420322308474,0.99,7,-0.3899755114065341,RF,Peve
gene-Peve_00025294_131952,37,2,2,2,5-fold,-0.8664182397757813,0.5889177642648884,-0.5492514300842857,0.4408978112944455,379.8716327401123,0.1,0,-0.5492514300842857,ElasticNet,Peve
gene-Peve_00033813_176340,37,25,25,25,5-fold,-0.46210535452443313,0.5852694465321393,-0.2643682713310277,0.23228133143069185,179.64168124042803,0.99,1,-0.2643682713310277,ElasticNet,Peve
gene-Peve_00021626_112809,37,31,31,31,5-fold,-3.411670141359412,6.572726008156258,-2.8151504986343605,5.110472613811881,1.8348828250114755,0.1,30,-2.8151504986343605,ElasticNet,Peve
gene-Peve_00009956_52537,37,6,4,4,5-fold,0.12205336698088776,0.34909567314777484,-0.13166378493859804,0.1815777040315682,21.67341635076266,0.99,2,0.12205336698088776,RF,Peve
gene-Peve_00014539_76572,37,2,2,2,5-fold,-0.5391963390457283,0.6573147320098555,-0.27784411393453684,0.6327249961153412,0.2563638142879404,0.99,2,-0.27784411393453684,ElasticNet,Peve
gene-Peve_00026868_139900,37,12,7,7,5-fold,-0.08925890624672699,0.1808424755561522,-0.6358361598662985,1.0714541799120847,98.2083940958391,0.99,1,-0.08925890624672699,RF,Peve
gene-Peve_00029370_153253,37,6,6,6,5-fold,-1.3416799862657218,2.7678495094530717,-1.0569252706603285,1.3171297775914392,7.377313222173821,0.1,6,-1.0569252706603285,ElasticNet,Peve
gene-Peve_00012282_64236,37,5,5,5,5-fold,-2.1174554629042133,2.7497066106616743,-1.4733768059720675,2.3941730917743205,43.39145433408975,0.99,2,-1.4733768059720675,ElasticNet,Peve
gene-Peve_00012603_66098,37,10,6,6,5-fold,-2.437573677464694,4.311266533430886,-1.3861014141568766,2.527487953636994,15.586028225999815,0.1,6,-1.3861014141568766,ElasticNet,Peve
gene-Peve_00042912_223021,37,25,21,21,5-fold,-0.17899490484646297,0.3224561904247827,-0.4180146697049668,0.5383003683338048,71.46991536974673,0.99,6,-0.17899490484646297,RF,Peve
gene-Peve_00043603_226726,37,135,123,100,5-fold,-1.5491515828629616,1.9188000953672881,-1.0047703385830578,1.3431796104753857,264.8018849228983,0.99,4,-1.0047703385830578,ElasticNet,Peve
gene-Peve_00003550_19181,37,26,20,20,5-fold,-0.4194393982568213,0.7640797988508042,-0.19494893498056473,0.2913638194780188,215.08944799939317,0.99,1,-0.19494893498056473,ElasticNet,Peve
gene-Peve_00041449_216273,37,5,5,5,5-fold,-0.7729907567808738,1.0230711577141165,-0.2531307316049399,0.41387774501517227,1270.3127757443565,0.1,0,-0.2531307316049399,ElasticNet,Peve
gene-Peve_00041683_217445,37,2,2,2,5-fold,-0.6493322126469885,1.2327737332238684,-0.4793231379406756,0.9678126178376273,1.4379723951774208,0.1,2,-0.4793231379406756,ElasticNet,Peve
gene-Peve_00033645_175206,37,4,4,4,5-fold,-0.17824675834620007,0.1793623737039999,-0.10624800237592731,0.11516000688829843,1167.3542395871102,0.1,0,-0.10624800237592731,ElasticNet,Peve
gene-Peve_00024001_124835,37,20,16,16,5-fold,-0.6320755636014688,0.5446919480767294,-0.17498445154902123,0.1701903461281339,1021.4256779393664,0.1,0,-0.17498445154902123,ElasticNet,Peve
gene-Peve_00000996_5397,37,21,14,14,5-fold,-0.25891012018098103,0.28133990427509076,-0.034450609529014596,0.03834011521943946,1318.8982536163517,0.1,0,-0.034450609529014596,ElasticNet,Peve
gene-Peve_00014894_78312,37,8,5,5,5-fold,-0.05572198216542947,0.2461933551437458,-0.10169044765733715,0.13576685826707888,10.319047042003033,0.99,5,-0.05572198216542947,RF,Peve
gene-Peve_00014381_75567,37,3,2,2,5-fold,-0.518507108786055,0.8002536144280997,-0.404354360890734,0.6428496570588226,342.04239999304673,0.1,0,-0.404354360890734,ElasticNet,Peve
gene-Peve_00017057_89637,37,8,3,3,5-fold,-0.17337278452566135,0.24677564594247975,-0.2759835477440095,0.48201980135288514,1.4422474802504932,0.95,3,-0.17337278452566135,RF,Peve
gene-Peve_00010232_54301,37,26,26,26,5-fold,-1.2401506129764646,1.5147647865210871,-0.27032487774371294,0.3013838371427813,178.6173094124815,0.99,0,-0.27032487774371294,ElasticNet,Peve
gene-Peve_00001101_5899,37,10,8,8,5-fold,-1.3940079351067545,1.8958745056264106,-0.9267834236728472,1.545408300970282,692.7268771426365,0.1,0,-0.9267834236728472,ElasticNet,Peve
gene-Peve_00043890_228233,37,3,3,3,5-fold,-0.22784955164124368,0.43684893787749973,-0.17917527147374043,0.42460078554416386,4.881009671013561,0.1,3,-0.17917527147374043,ElasticNet,Peve
gene-Peve_00025741_134312,37,17,17,17,5-fold,-3.06512626437804,5.843924113038215,-2.044072237305169,3.7774613443342258,1373.7943451923234,0.1,0,-2.044072237305169,ElasticNet,Peve
gene-Peve_00036061_187328,37,13,13,13,5-fold,-0.3791719010027676,0.2329863240424468,-0.1801534502236744,0.18883509622882697,1319.5058524077092,0.1,0,-0.1801534502236744,ElasticNet,Peve
gene-Peve_00031673_165013,37,4,4,4,5-fold,-3.843016250041476,6.807043751026899,-2.7890479218912354,4.724542964964429,2.273380738866132,0.5,4,-2.7890479218912354,ElasticNet,Peve
gene-Peve_00043837_227881,37,4,4,4,5-fold,-0.3566976999089646,0.22883027092682515,-0.1886729783004873,0.2570616940111264,116.74900011007995,0.99,1,-0.1886729783004873,ElasticNet,Peve
gene-Peve_00033531_174765,37,37,24,24,5-fold,-0.4207032882321286,0.3875577254845219,-0.26083290299917616,0.4459308929594088,2124.1854146179603,0.1,0,-0.26083290299917616,ElasticNet,Peve
gene-Peve_00028185_146986,37,15,15,15,5-fold,-1.8062105975035245,3.211555738448679,-0.9001432125551405,1.8044173327955606,1.015455901112374,0.5,15,-0.9001432125551405,ElasticNet,Peve
gene-Peve_00041492_216447,37,2,2,2,5-fold,-0.8624718417820947,1.9212388265583815,-0.9148327621318362,1.7525238701153434,9.551923201632276,0.1,2,-0.8624718417820947,RF,Peve
gene-Peve_00023770_123573,37,16,11,11,5-fold,-0.40235095809085825,0.23116669591452843,-0.20869119659900237,0.2776357980232559,2439.2183427801892,0.1,0,-0.20869119659900237,ElasticNet,Peve
gene-Peve_00007555_40272,37,4,4,4,5-fold,-0.1388963578455419,0.10790066837174384,-0.05463428100896443,0.052106548338807686,1.1914610625617235,0.1,4,-0.05463428100896443,ElasticNet,Peve
gene-Peve_00028095_146765,37,3,3,3,5-fold,-1.2322428466991293,2.255110902076567,-1.1799823157424527,2.056045137529664,1045.412864872698,0.1,0,-1.1799823157424527,ElasticNet,Peve
gene-Peve_00020934_109744,37,5,2,2,5-fold,-26.633974255082432,52.611122186437456,-14.032173508730423,27.503745467406265,498.56277060083255,0.1,0,-14.032173508730423,ElasticNet,Peve
gene-Peve_00041300_215482,37,9,9,9,5-fold,-0.5837938741259461,0.9689058010493131,-0.6338580556862817,0.7445860728251328,19.532217692475086,0.99,3,-0.5837938741259461,RF,Peve
gene-Peve_00031408_163243,37,18,18,18,5-fold,-0.5882158124071373,0.7155269462596419,-0.3669832459947332,0.5470668005769678,2011.326178890121,0.1,0,-0.3669832459947332,ElasticNet,Peve
gene-Peve_00019185_100529,37,2,2,2,5-fold,-1.163904011882125,1.9707635173792595,-0.22656656054968766,0.35742810460398877,832.6897117174382,0.1,0,-0.22656656054968766,ElasticNet,Peve
gene-Peve_00026728_139158,37,7,7,7,5-fold,-0.2843859723387223,0.20174854539299278,-0.11345314067164373,0.20025843725818507,1.4367634857912803,0.5,7,-0.11345314067164373,ElasticNet,Peve
gene-Peve_00004935_26875,37,2,2,2,5-fold,-0.39797156869367145,0.16595724770955,-0.11712040469873744,0.06593954600444918,524.831274474873,0.1,0,-0.11712040469873744,ElasticNet,Peve
gene-Peve_00003523_18923,37,5,4,4,5-fold,-0.27571228915845225,0.40094539881664676,-0.20636683690986088,0.13981526917090736,11.888013493710359,0.95,4,-0.20636683690986088,ElasticNet,Peve
gene-Peve_00040431_210821,37,5,4,4,5-fold,-0.2838135433918981,0.3487591381531195,-0.06422225032981561,0.18234207536019992,18.44154975543299,0.99,1,-0.06422225032981561,ElasticNet,Peve
gene-Peve_00011609_61051,37,8,8,8,5-fold,-0.37594120540696957,0.4649121003082634,-0.33464297662437387,0.25615863407430595,927.8441208321418,0.1,0,-0.33464297662437387,ElasticNet,Peve
gene-Peve_00019091_100218,37,3,3,3,5-fold,-0.2802858211612339,0.2999099537265264,-0.08849028745520707,0.11459577175290146,650.1097733367162,0.1,0,-0.08849028745520707,ElasticNet,Peve
gene-Peve_00000294_1895,37,17,14,14,5-fold,-0.31087475646893137,0.15987840825606284,-0.09700920842508509,0.10255622470216948,1429.395996416676,0.1,0,-0.09700920842508509,ElasticNet,Peve
gene-Peve_00011087_58818,37,3,2,2,5-fold,-0.5342449715309281,0.6122298533646868,-0.5738031271801285,0.6261976699929747,354.96559847739917,0.1,0,-0.5342449715309281,RF,Peve
gene-Peve_00031591_164342,37,5,3,3,5-fold,-95818.34278474606,120547.96215807105,-14726.314181600053,17916.182917992046,465.97891617343635,0.1,0,-14726.314181600053,ElasticNet,Peve
gene-Peve_00001451_7961,37,7,6,6,5-fold,-2.2698308755486223,3.9771225158439596,-1.5846787918892504,2.7882799491270838,3166.0463486426243,0.1,0,-1.5846787918892504,ElasticNet,Peve
gene-Peve_00036587_190258,37,8,7,7,5-fold,-2.373567988996107,4.626025343652652,-1.5349128714374636,2.9892443535068005,1032.252723542856,0.1,0,-1.5349128714374636,ElasticNet,Peve
gene-Peve_00010900_57680,37,6,6,6,5-fold,-4.440974978865027,8.455551167881897,-1.8337334932836256,3.49520511438996,5.673456098701761,0.1,6,-1.8337334932836256,ElasticNet,Peve
gene-Peve_00005778_30892,37,6,6,6,5-fold,-0.45575335245203236,0.5402779746010331,-0.3364552546781626,0.43534693776988054,1.6721890085894844,0.5,6,-0.3364552546781626,ElasticNet,Peve
gene-Peve_00034386_179172,37,63,47,47,5-fold,-0.16266370546333025,0.2503281724568106,-0.13458973773683142,0.082518689106781,3.463490123923436,0.99,37,-0.13458973773683142,ElasticNet,Peve
gene-Peve_00044693_232470,37,15,11,11,5-fold,-0.28243282059641767,0.6608243634342084,-0.12385633554264674,0.3566642013681694,27.202085627864136,0.99,3,-0.12385633554264674,ElasticNet,Peve
gene-Peve_00029370_153252,37,8,8,8,5-fold,-1.2537913673085,1.9953840464411856,-2.377805165309647,3.0584667651106012,18.194660790280174,0.99,4,-1.2537913673085,RF,Peve
gene-Peve_00022436_117198,37,28,28,28,5-fold,-0.08510830943779488,0.12259307989382001,-0.206101041969566,0.24529888028597355,34.628331972023915,0.99,21,-0.08510830943779488,RF,Peve
gene-Peve_00040373_210378,37,32,23,23,5-fold,-0.629203863344776,0.716787370587361,-1.552432464466709,2.9377747288826095,87.18234008074117,0.9,6,-0.629203863344776,RF,Peve
gene-Peve_00012812_67195,37,5,4,4,5-fold,-4.932180937353188,9.70993465323621,-3.5447312489250855,7.014906216262503,5.25951269214397,0.99,3,-3.5447312489250855,ElasticNet,Peve
gene-Peve_00001451_7949,37,4,4,4,5-fold,-7.478865256953637,14.510487571434954,-29.51411532530235,58.74996334234381,122.4666285116894,0.99,1,-7.478865256953637,RF,Peve
gene-Peve_00030033_156845,37,5,5,5,5-fold,-1.1663606651096035,2.2849786529798775,-0.6324412474792283,1.1023585518807673,52.45847607407967,0.99,2,-0.6324412474792283,ElasticNet,Peve
gene-Peve_00019209_100682,37,2,2,2,5-fold,-316.7634505326374,574.7943648382752,-203.38271700096777,357.9077307182763,18.972113470542304,0.1,2,-203.38271700096777,ElasticNet,Peve
gene-Peve_00009956_52535,37,15,12,12,5-fold,-0.18949354596362078,0.29962885323267846,-0.3134753453963467,0.3230414721986028,2435.3454850351163,0.1,0,-0.18949354596362078,RF,Peve
gene-Peve_00003955_21066,37,9,7,7,5-fold,-0.6739306755051144,1.079838148346382,-0.5984392046484264,1.0978289544098088,89.92247050325527,0.99,5,-0.5984392046484264,ElasticNet,Peve
gene-Peve_00010245_54353,37,38,36,36,5-fold,-1.0335681609719185,1.6773052049878934,-0.5554193310493463,0.9095607142420292,191.03190097667195,0.99,2,-0.5554193310493463,ElasticNet,Peve
gene-Peve_00026233_136876,37,44,30,30,5-fold,-0.45487330294959827,0.6413932874238932,-0.35550179134526094,0.31694330612741933,1628.3197361372638,0.1,0,-0.35550179134526094,ElasticNet,Peve
gene-Peve_00018055_94837,37,8,7,7,5-fold,-0.5394207534598975,0.5888278589860905,-2.0908123836088035,3.9839342678376286,3008.739682305477,0.1,0,-0.5394207534598975,RF,Peve
gene-Peve_00027621_144128,37,24,24,24,5-fold,-0.3842689042895805,0.46887263945313445,-0.2737149111586504,0.5255633095289609,3.1005342787118786,0.1,24,-0.2737149111586504,ElasticNet,Peve
gene-Peve_00034317_178912,37,4,3,3,5-fold,-0.0854840415459838,0.682351342619148,-0.4512085170632106,1.028504012474373,28.639892737858354,0.99,3,-0.0854840415459838,RF,Peve
gene-Peve_00044380_230652,37,47,43,43,5-fold,-0.10272872579768696,0.23394167929485252,-0.12282604956153383,0.12819658428950123,4.832791074336127,0.1,43,-0.10272872579768696,RF,Peve
gene-Peve_00025829_134724,37,27,19,19,5-fold,-1.1059082125056925,0.512594594857154,-0.43846931329312444,0.45010234346426564,114.0962688747363,0.99,1,-0.43846931329312444,ElasticNet,Peve
gene-Peve_00022780_118668,37,10,8,8,5-fold,-1391.9455650546852,2781.175145884523,-831.7300675469544,1662.785283753245,327.1350811341961,0.1,0,-831.7300675469544,ElasticNet,Peve
gene-Peve_00023842_123862,37,10,6,6,5-fold,-0.8460979260353103,1.3746246768696913,-0.759531737967803,1.4220387508818075,0.4459938516473716,0.5,6,-0.759531737967803,ElasticNet,Peve
gene-Peve_00041449_216275,37,3,2,2,5-fold,-0.19092272939209837,0.23335342327585268,-0.1589999130454973,0.32256535968133226,0.167367814764988,0.99,2,-0.1589999130454973,ElasticNet,Peve
gene-Peve_00015756_83474,37,27,15,15,5-fold,-0.6205972850556961,0.8852716279914594,-0.37120285495415245,0.5640098053814153,124.75004835927598,0.99,4,-0.37120285495415245,ElasticNet,Peve
gene-Peve_00000575_3312,37,5,5,5,5-fold,-0.20610232799085243,0.2634680948237999,-0.16612939033524216,0.07824179590455194,834.5017200507929,0.1,0,-0.16612939033524216,ElasticNet,Peve
gene-Peve_00022570_117786,37,15,15,15,5-fold,-0.5884515546339516,0.7133872245076032,-0.38454548026163765,0.38355029279749775,1248.1694654562596,0.1,0,-0.38454548026163765,ElasticNet,Peve
gene-Peve_00028570_149193,37,5,5,5,5-fold,-0.6470170144330447,0.7807348584669581,-0.3215008804214988,0.5796835449706201,1178.1090621089736,0.1,0,-0.3215008804214988,ElasticNet,Peve
gene-Peve_00032309_168178,37,148,98,98,5-fold,-5.992758215098012,5.456570622265288,-1.4410824791852974,2.1697099094838044,148.1384010661261,0.99,1,-1.4410824791852974,ElasticNet,Peve
gene-Peve_00024250_126423,37,10,10,10,5-fold,-1.161389197441154,0.7987518920868978,-0.46133750106144167,0.4734186914707545,1227.3427700680495,0.1,0,-0.46133750106144167,ElasticNet,Peve
gene-Peve_00021565_112556,37,42,30,30,5-fold,-0.1457157417218911,0.4003350909779517,-0.6534195487918426,1.2593723638106864,2935.4476716908257,0.1,0,-0.1457157417218911,RF,Peve
gene-Peve_00011464_60369,37,23,20,20,5-fold,-0.23835495889578723,0.22230412209023875,-0.10267137283079406,0.052938235291212346,32.469741397835634,0.99,15,-0.10267137283079406,ElasticNet,Peve
gene-Peve_00037085_192693,37,22,16,16,5-fold,-0.3072462303062668,0.444228208200215,-0.058166887786586054,0.04273110289098035,8.35076991582044,0.7,14,-0.058166887786586054,ElasticNet,Peve
gene-Peve_00041449_216279,37,4,4,4,5-fold,-0.3814691542076693,0.332072961110313,-0.15805390138553346,0.22844698655883783,1614.3583142531952,0.1,0,-0.15805390138553346,ElasticNet,Peve
gene-Peve_00042174_219764,37,3,3,3,5-fold,-2.4773076541021894,4.3045069657524575,-1.9442890899134717,3.660246279255676,321.8219823686756,0.1,0,-1.9442890899134717,ElasticNet,Peve
gene-Peve_00001303_7104,37,4,2,2,5-fold,-0.34910700520313154,0.2605347451037119,-0.2760826595249408,0.2242097275600321,22.104475086364793,0.9,1,-0.2760826595249408,ElasticNet,Peve
gene-Peve_00001717_9717,37,11,3,3,5-fold,-0.32912083154732497,0.5612382883688309,0.008871555497273965,0.17915080642438252,19.281545516823094,0.99,2,0.008871555497273965,ElasticNet,Peve
gene-Peve_00019232_101024,37,4,4,4,5-fold,-0.019020496624055493,0.07523750476029079,-0.10236025165983893,0.18513678072565135,11.954199193139447,0.99,4,-0.019020496624055493,RF,Peve
gene-Peve_00044380_230680,37,3,3,3,5-fold,-0.0678254352013163,0.22501005462045617,-0.07934736587568839,0.03366426882023167,1142.7465869748205,0.1,0,-0.0678254352013163,RF,Peve
gene-Peve_00018677_97777,37,3,3,3,5-fold,-0.5205307190435893,0.5015162196850361,-0.48561658759511805,0.6777491362457309,1.350874827697159,0.99,3,-0.48561658759511805,ElasticNet,Peve
gene-Peve_00031591_164333,37,7,2,2,5-fold,-27495.12467395907,35604.913919911705,-12255.417663844175,16948.34767040554,338.94196727979755,0.1,0,-12255.417663844175,ElasticNet,Peve
gene-Peve_00040431_210823,37,11,11,11,5-fold,-0.3362318324120009,0.6904414643950518,-0.26588934573781164,0.29831511140277434,1529.5329006339737,0.1,0,-0.26588934573781164,ElasticNet,Peve
gene-Peve_00031585_164234,37,16,12,12,5-fold,-0.26209773816441284,0.29218315617519014,-0.16984940274001725,0.2797773985493985,1201.622700355882,0.1,0,-0.16984940274001725,ElasticNet,Peve
gene-Peve_00040431_210822,37,6,4,4,5-fold,-0.42088493162449475,0.3754779823665695,-0.22610890254981375,0.22235342025695023,1.1918470388435083,0.1,4,-0.22610890254981375,ElasticNet,Peve
gene-Peve_00000514_3019,37,3,3,3,5-fold,-0.24645069295966335,0.25454144400607126,-0.2588738643849483,0.3884711123483394,2111.160902972809,0.1,0,-0.24645069295966335,RF,Peve
gene-Peve_00023763_123524,37,27,19,19,5-fold,-0.2552590579142488,0.23499898703864341,-0.17530863483708453,0.12200528672534044,1793.963338343211,0.1,0,-0.17530863483708453,ElasticNet,Peve
gene-Peve_00018106_95053,37,51,42,42,5-fold,-1.424760423236636,1.3877502535079786,-0.8443792296106227,1.2872161266325606,278.39366038546325,0.99,2,-0.8443792296106227,ElasticNet,Peve
gene-Peve_00011817_62091,37,107,102,100,5-fold,-4.297501902719187,4.928358175050365,-2.5180192086708635,3.0013319601986828,222.72315397320867,0.99,1,-2.5180192086708635,ElasticNet,Peve
gene-Peve_00044317_230327,37,2,2,2,5-fold,-0.2841524997733137,0.27423732403311274,-0.23062745198602969,0.38372522210915827,428.2694781198016,0.1,0,-0.23062745198602969,ElasticNet,Peve
gene-Peve_00032330_168275,37,3,2,2,5-fold,-0.4578136853063374,0.5996065057291874,-0.4552645615156199,0.8225321184856486,0.7168837808474026,0.7,2,-0.4552645615156199,ElasticNet,Peve
gene-Peve_00039202_204597,37,11,10,10,5-fold,-0.4567423668043581,0.6657383003727267,-0.29649163580776383,0.2711935985851067,19.188154863920516,0.7,9,-0.29649163580776383,ElasticNet,Peve
gene-Peve_00020374_106792,37,6,6,6,5-fold,-1.1397837068978756,2.0973029959296583,-0.5799285775940406,0.8560494336626342,2.0378345323846423,0.1,6,-0.5799285775940406,ElasticNet,Peve
gene-Peve_00026084_136055,37,8,6,6,5-fold,-0.416374010886738,0.4575081237759714,-0.0694214378706401,0.06522224340406312,8.564979550360688,0.9,5,-0.0694214378706401,ElasticNet,Peve
gene-Peve_00019253_100713,37,24,15,15,5-fold,-1.438215863270425,2.224011954480171,-0.9441353711264654,1.5616010194591632,1091.1317615821808,0.1,0,-0.9441353711264654,ElasticNet,Peve
gene-Peve_00013725_72205,37,33,16,16,5-fold,-4.048071057708322,5.740196009785677,-0.9877059224816497,1.282503426746117,1019.2690545481139,0.1,0,-0.9877059224816497,ElasticNet,Peve
gene-Peve_00022076_115439,37,7,7,7,5-fold,-1.5026644166675367,1.9299353449070586,-0.7698169849280567,1.1402248188517194,18.83742503064893,0.99,3,-0.7698169849280567,ElasticNet,Peve
gene-Peve_00036487_189533,37,41,18,18,5-fold,-0.7755818889863201,1.1002428321541873,-0.3126163714987983,0.3941637398747342,2.466076876513618,0.1,18,-0.3126163714987983,ElasticNet,Peve
gene-Peve_00017865_93812,37,19,18,18,5-fold,-0.486799131222317,0.4321272000503044,-0.37135944519991193,0.54267027691061,4.069678234067163,0.1,18,-0.37135944519991193,ElasticNet,Peve
gene-Peve_00039040_203435,37,18,18,18,5-fold,-0.6792254836944733,0.9535215290054231,-0.5279051256176133,0.9044275393464123,84.08495348446785,0.99,6,-0.5279051256176133,ElasticNet,Peve
gene-Peve_00005581_30002,37,11,10,10,5-fold,-0.4269895332502764,0.43781621697762774,-0.08935289561124615,0.06128276192538628,1713.9178464924498,0.1,0,-0.08935289561124615,ElasticNet,Peve
gene-Peve_00003523_18924,37,7,7,7,5-fold,-0.6218917067364623,0.5745151479045354,-0.2690165282567669,0.18384759983516244,21.182189156580897,0.9,6,-0.2690165282567669,ElasticNet,Peve
gene-Peve_00030024_156800,37,12,11,11,5-fold,0.23888916133777321,0.3450724618562403,-0.039591456562333115,0.038684095502655,145.4727209335558,0.99,1,0.23888916133777321,RF,Peve
gene-Peve_00031591_164328,37,10,7,7,5-fold,-33771.77090989104,63475.70031778946,-13729.162985377436,16808.774707125125,310.6069289740079,0.1,0,-13729.162985377436,ElasticNet,Peve
gene-Peve_00035833_186368,37,5,5,5,5-fold,-4.529989817997833,8.47031980146399,-3.5282070331946493,6.7606768925704905,1.8449493188105053,0.1,5,-3.5282070331946493,ElasticNet,Peve
gene-Peve_00017770_93353,37,38,26,26,5-fold,-0.6394260490257982,0.9970719194607497,-0.20019276005177825,0.26400668174314845,56.52222864659741,0.99,5,-0.20019276005177825,ElasticNet,Peve
gene-Peve_00025343_132257,37,88,71,71,5-fold,-0.5244147486601534,0.7203103194290552,-0.495627625733092,0.8354450439255258,3461.6788880029285,0.1,0,-0.495627625733092,ElasticNet,Peve
gene-Peve_00024386_127213,37,14,14,14,5-fold,-0.16784057198191307,0.15894351250750247,-0.11969164864862307,0.14118493668156434,1849.6330496094843,0.1,0,-0.11969164864862307,ElasticNet,Peve
gene-Peve_00013184_69135,37,2,2,2,5-fold,-1.4405394979163173,2.8236905910508225,-1.1381300250124629,2.1682204634545785,2.4693397315731223,0.1,2,-1.1381300250124629,ElasticNet,Peve
gene-Peve_00011155_58780,37,10,6,6,5-fold,-194.3338963696677,384.1712891799574,-125.78328302184077,249.43120648566628,439.6450824992008,0.1,0,-125.78328302184077,ElasticNet,Peve
gene-Peve_00041564_216822,37,17,15,15,5-fold,-6.052565168783366,9.928905739147533,-4.155017184740256,7.803169141515403,2.2670007430335604,0.5,15,-4.155017184740256,ElasticNet,Peve
gene-Peve_00001451_7946,37,3,2,2,5-fold,-9.794622551067542,19.373923459401205,-5.920266482622381,11.485405013871514,276.3527044300765,0.1,0,-5.920266482622381,ElasticNet,Peve
gene-Peve_00000096_865,37,3,3,3,5-fold,-0.5301473481554511,1.1495740960992658,-0.22614092977691333,0.3362416250287065,0.979734789900759,0.1,3,-0.22614092977691333,ElasticNet,Peve
gene-Peve_00042452_220718,37,12,6,6,5-fold,0.2217873047556546,0.3551454025452118,-0.04121062126191779,0.036576744988418355,22.56794846864933,0.99,5,0.2217873047556546,RF,Peve
gene-Peve_00019598_103111,37,2,2,2,5-fold,-0.7970221386602004,0.866234072899016,-0.3856058273721224,0.27663801923447706,0.36491055696946256,0.5,2,-0.3856058273721224,ElasticNet,Peve
gene-Peve_00041679_217432,37,5,5,5,5-fold,-0.9003104878713817,1.4170637789611034,-0.2496019902753382,0.3361852854541316,2.2341330183094406,0.99,5,-0.2496019902753382,ElasticNet,Peve
gene-Peve_00037612_195498,37,7,3,3,5-fold,-0.2776914827700507,0.26621998363548766,-0.055137300125349585,0.06787976547734258,2012.2006496151055,0.1,0,-0.055137300125349585,ElasticNet,Peve
gene-Peve_00038144_198349,37,4,4,4,5-fold,-1.0754968555066529,1.6897318497522609,-0.5613753587557279,0.9026742984432581,0.8902201987912639,0.5,4,-0.5613753587557279,ElasticNet,Peve
gene-Peve_00041449_216278,37,5,5,5,5-fold,-0.13258452083732047,0.15170310834999995,-1.1760210299819713,2.3419666778096597,0.7595212341252514,0.5,5,-0.13258452083732047,RF,Peve
gene-Peve_00020919_109686,37,5,5,5,5-fold,-0.13461071712792277,0.2056399940749007,-0.07955306003921984,0.06281131880979263,9.5328978916906,0.5,4,-0.07955306003921984,ElasticNet,Peve
gene-Peve_00001130_6266,37,2,2,2,5-fold,-2.607351297152637,4.562468566435887,-3.9494045180017268,4.951650198194504,2.4416128739490883,0.5,2,-2.607351297152637,RF,Peve
gene-Peve_00002400_13451,37,11,11,11,5-fold,-1.03576642589546,1.5261202053353313,-0.7717411704861845,1.0236212145981718,85.32994701568695,0.99,2,-0.7717411704861845,ElasticNet,Peve
gene-Peve_00032735_170161,37,16,9,9,5-fold,-0.34384202787418394,0.4239650457435992,-0.07007468652032674,0.07702828770836631,112.17780057257691,0.9,2,-0.07007468652032674,ElasticNet,Peve
gene-Peve_00044936_233661,37,21,12,12,5-fold,-0.06077732154356667,0.04176293299807857,-0.0421819590557825,0.01693725309443233,0.5525285795423102,0.5,12,-0.0421819590557825,ElasticNet,Peve
gene-Peve_00037744_196407,37,6,6,6,5-fold,-0.11790594805785944,0.2663681218329561,-0.0982323143664455,0.09234120095552821,5.700827886647188,0.1,6,-0.0982323143664455,ElasticNet,Peve
gene-Peve_00030106_157266,37,2,2,2,5-fold,-0.7770934940693124,0.9302938696633821,-0.6159921537549398,0.7771739106229141,17.57930474655703,0.99,2,-0.6159921537549398,ElasticNet,Peve
gene-Peve_00012138_63606,37,85,80,80,5-fold,-0.28937073712433004,0.31135544721669495,-0.1503923855456953,0.19990208819090566,54.99171501960207,0.99,27,-0.1503923855456953,ElasticNet,Peve
gene-Peve_00022208_116133,37,9,8,8,5-fold,-0.1426563274708341,0.23626193859590047,-0.11952037267225599,0.14987062937114173,2.2732990365816206,0.5,7,-0.11952037267225599,ElasticNet,Peve
gene-Peve_00043041_223650,37,6,5,5,5-fold,-0.790337247956008,1.231151242659679,-0.7143029441824454,1.2329415529178274,36.40968195959395,0.99,3,-0.7143029441824454,ElasticNet,Peve
gene-Peve_00024574_128414,37,4,4,4,5-fold,-0.33321089756808914,0.3674895474983901,-0.2186629400135534,0.15308114427832079,41.19983826577992,0.99,2,-0.2186629400135534,ElasticNet,Peve
gene-Peve_00017604_92501,37,4,4,4,5-fold,-1.3782915799199027,2.395956696766418,-1.0154625799596066,1.6811488939612662,5.948059889663747,0.99,4,-1.0154625799596066,ElasticNet,Peve
gene-Peve_00010900_57679,37,4,4,4,5-fold,-0.628345810248933,0.8121703926379603,-1.3752506077912052,1.9411234275227915,1076.6430302541937,0.1,0,-0.628345810248933,RF,Peve
gene-Peve_00007464_40035,37,15,10,10,5-fold,-0.13773108828959274,0.1469655452837955,-0.7763771590858962,0.8872568937349521,2.4239454544564802,0.99,10,-0.13773108828959274,RF,Peve
gene-Peve_00028761_150627,37,18,10,10,5-fold,-40172.95046123226,80270.59568299772,-4553.444145514611,9084.3097905494,315.79710606582734,0.1,0,-4553.444145514611,ElasticNet,Peve
gene-Peve_00004894_26635,37,10,5,5,5-fold,-0.3666297196650342,0.6227019295644977,-0.08271793979471269,0.10610032974789547,24.47236672628212,0.99,1,-0.08271793979471269,ElasticNet,Peve
gene-Peve_00037587_195674,37,9,7,7,5-fold,-0.443038778103762,0.39482459177146223,-0.05119705101529561,0.05038974335942803,1264.4913317112128,0.1,3,-0.05119705101529561,ElasticNet,Peve
gene-Peve_00019202_100653,37,10,10,10,5-fold,-0.3118274567767153,0.2768197372760678,-0.6301313424409263,0.6178503953145983,948.9018974618286,0.1,0,-0.3118274567767153,RF,Peve
gene-Peve_00029724_155522,37,5,5,5,5-fold,-0.6960457619615183,0.9087921547461668,-0.6739062112709062,1.028348157628033,5.433686006924173,0.99,2,-0.6739062112709062,ElasticNet,Peve
gene-Peve_00006118_32240,37,20,11,11,5-fold,-0.08779282514454416,0.16671388027110948,-1.3825471982735635,2.6704245124584562,134.76058744804823,0.99,1,-0.08779282514454416,RF,Peve
gene-Peve_00033467_174175,37,10,10,10,5-fold,-1.010222889802978,1.101739453169963,-0.39063516478578464,0.5056481038371404,1189.9476331919352,0.1,0,-0.39063516478578464,ElasticNet,Peve
gene-Peve_00008118_43647,37,5,5,5,5-fold,-0.03692547238613575,0.16949993492402088,-0.474504547935268,0.45149713204178227,34.97015657774258,0.99,3,-0.03692547238613575,RF,Peve
gene-Peve_00041755_218202,37,35,28,28,5-fold,-0.14275164031445914,0.23653038501677587,-0.15417580305838988,0.13513707684736376,135.53460396901,0.99,3,-0.14275164031445914,RF,Peve
gene-Peve_00006163_32526,37,5,5,5,5-fold,-0.451876500064779,0.6272886415039837,-0.2982445062929591,0.46947714706804483,1004.0245006543869,0.1,0,-0.2982445062929591,ElasticNet,Peve
gene-Peve_00033002_171531,37,3,3,3,5-fold,-0.4275595233934587,0.5898457645369951,-0.4044177017521067,0.6526009792760817,96.57668686754691,0.99,1,-0.4044177017521067,ElasticNet,Peve
gene-Peve_00017415_91785,37,9,9,9,5-fold,-1.1446899160728037,1.6795231087975186,-0.565435460748197,0.6845546657305877,181.74909704705863,0.99,1,-0.565435460748197,ElasticNet,Peve
gene-Peve_00003553_19246,37,7,4,4,5-fold,-0.3267933326209895,0.6432672066292541,-0.19858576101153796,0.2268483386596927,3.2624620722848197,0.5,4,-0.19858576101153796,ElasticNet,Peve
gene-Peve_00030262_158121,37,21,12,12,5-fold,-1.7794097616568352,2.9922728085839,-0.8127466207170796,1.5036347287247507,1071.9461055568888,0.1,0,-0.8127466207170796,ElasticNet,Peve
gene-Peve_00037295_193959,37,11,10,10,5-fold,-0.6899133677622291,1.3315831472572832,-0.5679386152280366,0.9733731503742676,1138.1399623959146,0.1,0,-0.5679386152280366,ElasticNet,Peve
gene-Peve_00008132_43730,37,30,27,27,5-fold,-0.21692266834491028,0.2779786784032103,-0.4844843840990404,0.53008299137428,221.2040656586468,0.99,1,-0.21692266834491028,RF,Peve
gene-Peve_00007463_40007,37,21,21,21,5-fold,-0.277999502972547,0.5580994761992191,-0.23861884990144486,0.3629168391220683,3.70683178383579,0.1,21,-0.23861884990144486,ElasticNet,Peve
gene-Peve_00026469_137950,37,5,4,4,5-fold,-0.6117049375501812,0.3569399553237575,-0.43985997831142604,0.4151496136676081,917.4382622316388,0.1,0,-0.43985997831142604,ElasticNet,Peve
gene-Peve_00040373_210377,37,9,8,8,5-fold,-0.6074050357061763,0.7137141902175157,-0.15579826073466013,0.13566830177989392,2.1459846892588104,0.1,8,-0.15579826073466013,ElasticNet,Peve
gene-Peve_00026748_139420,37,2,2,2,5-fold,-0.13549871075293957,0.16319084231417536,-0.16503322400204912,0.20714378277667256,17.071963264634714,0.99,1,-0.13549871075293957,RF,Peve
gene-Peve_00001445_7903,37,4,3,3,5-fold,-2.76579122327651,2.5576915453148876,-2.3812127167917874,2.951648084864396,59.042779793127586,0.99,1,-2.3812127167917874,ElasticNet,Peve
gene-Peve_00033431_173956,37,4,4,4,5-fold,-0.47935158845186326,0.5231321472211704,-0.549149058761196,0.44159615300887334,1234.868483655835,0.1,0,-0.47935158845186326,RF,Peve
gene-Peve_00001436_7771,37,14,10,10,5-fold,-2.4615267459623684,2.9784781620986,-3.6741802449727046,6.626532744273535,38.28110165934405,0.99,7,-2.4615267459623684,RF,Peve
gene-Peve_00037744_196412,37,5,5,5,5-fold,-0.8301943269070963,1.469822294736524,-0.19448393488386162,0.12704627605009103,1358.9902985618883,0.1,0,-0.19448393488386162,ElasticNet,Peve
gene-Peve_00036226_188157,37,6,6,6,5-fold,-0.04331689160114314,0.19498042049822428,-0.07196588945822238,0.04250207036510684,2053.4875986216666,0.1,1,-0.04331689160114314,RF,Peve
gene-Peve_00015000_79038,37,5,5,5,5-fold,-1.635420511263875,2.2822190356025374,-1.1979007520245715,1.7165831777835026,8.487509253926042,0.1,5,-1.1979007520245715,ElasticNet,Peve
gene-Peve_00023607_122917,37,175,166,100,5-fold,-0.08670944299472645,0.41093884818374454,0.27124440851346465,0.2622625724363455,0.8184989494165396,0.5,98,0.27124440851346465,ElasticNet,Peve
gene-Peve_00028748_150096,37,10,9,9,5-fold,-0.28321209151206894,0.16167852174889383,-0.16873982711274588,0.09003661936890345,2035.5597859320278,0.1,0,-0.16873982711274588,ElasticNet,Peve
gene-Peve_00018766_98187,37,2,2,2,5-fold,-0.650581468787644,0.7821225292576144,-0.5155295566684573,0.7474213847096061,15.39579215593522,0.1,2,-0.5155295566684573,ElasticNet,Peve
gene-Peve_00010551_56038,37,16,6,6,5-fold,-3.425341762156406,6.5637672958544115,-1.1612039376318233,2.220681736903542,33.641444971771,0.99,6,-1.1612039376318233,ElasticNet,Peve
gene-Peve_00027676_144566,37,25,25,25,5-fold,-1.0520489560314297,1.3716382250464214,-1.3896393442368855,1.6640207839502816,1809.629104180529,0.1,0,-1.0520489560314297,RF,Peve
gene-Peve_00010945_57920,37,7,6,6,5-fold,-0.33517100786135506,0.5677964542552154,-0.42400436745171505,0.7391541563853224,1285.4694797421814,0.1,0,-0.33517100786135506,RF,Peve
gene-Peve_00038425_200046,37,5,5,5,5-fold,-1.885514876732571,3.28570930306575,-0.7137662531247374,1.329326191832427,1278.6291998186427,0.1,0,-0.7137662531247374,ElasticNet,Peve
gene-Peve_00032846_170612,37,5,5,5,5-fold,-0.8783319078969832,0.7917948221505952,-0.45590186698054963,0.46974325858200333,1488.4785412418264,0.1,0,-0.45590186698054963,ElasticNet,Peve
gene-Peve_00022941_119526,37,35,34,34,5-fold,-1.023692090101782,0.7983736031959278,-0.7351852020312535,0.8407015071537556,2789.7936152365187,0.1,0,-0.7351852020312535,ElasticNet,Peve
gene-Peve_00027014_140707,37,18,14,14,5-fold,-4.5924903047655175,7.013470206013488,-2.4504091453205694,4.087310840954173,823.609940040389,0.1,0,-2.4504091453205694,ElasticNet,Peve
gene-Peve_00034769_181144,37,25,14,14,5-fold,0.006653069269525936,0.12078445928178107,-0.1757965512666574,0.0824868798591285,225.76629851354244,0.99,4,0.006653069269525936,RF,Peve
gene-Peve_00027202_141882,37,8,8,8,5-fold,-0.3000467779900206,0.2854734455162106,-0.3427520670583169,0.3747560635087901,70.59868446335243,0.99,3,-0.3000467779900206,RF,Peve
gene-Peve_00003254_17639,37,16,16,16,5-fold,-0.25626771783181607,0.19544089339144488,-0.1456091582879277,0.25437794966472327,1386.5413482326442,0.1,0,-0.1456091582879277,ElasticNet,Peve
gene-Peve_00041488_216417,37,12,7,7,5-fold,-0.3750760291109523,0.3376159103709575,-0.6074620214132146,0.7069844743813578,0.33720852707722365,0.5,7,-0.3750760291109523,RF,Peve
gene-Peve_00016319_86316,37,26,24,24,5-fold,-0.4161290588479609,0.2886018883017633,-0.39504672555275844,0.38266841240472804,48.152562050478856,0.99,11,-0.39504672555275844,ElasticNet,Peve
gene-Peve_00034004_177483,37,6,3,3,5-fold,-0.9066049983918744,0.8116285618730891,-15.016078934793503,28.492890267793126,7.589606852332073,0.99,3,-0.9066049983918744,RF,Peve
gene-Peve_00026979_140503,37,4,4,4,5-fold,-0.19597392438763714,0.16422841857759343,-0.13978166447750023,0.14708563788314422,1217.3139092651911,0.1,0,-0.13978166447750023,ElasticNet,Peve
gene-Peve_00014321_75232,37,3,2,2,5-fold,-0.8838430041013889,1.4543831069465691,-2.1725450497564496,2.5655736620927594,1204.5182568362827,0.1,0,-0.8838430041013889,RF,Peve
gene-Peve_00004444_23899,37,27,22,22,5-fold,-0.20597262925984855,0.43243131176473215,-0.1103562227404292,0.07564078879203694,1605.1196026507116,0.1,0,-0.1103562227404292,ElasticNet,Peve
gene-Peve_00041764_217981,37,8,8,8,5-fold,-0.2690493391795102,0.3102288583030821,-0.3293239743833777,0.6397301951814042,1426.1639843383066,0.1,0,-0.2690493391795102,RF,Peve
gene-Peve_00028570_149195,37,4,4,4,5-fold,-0.3185180356186602,0.4393242309040951,-0.11285372405640404,0.08941087928677968,1554.4622686547004,0.1,0,-0.11285372405640404,ElasticNet,Peve
gene-Peve_00037069_192815,37,8,4,4,5-fold,-0.9636534586819572,1.4095309141531576,-0.6699604354521682,1.1094655432040974,0.2709875275436862,0.7,4,-0.6699604354521682,ElasticNet,Peve
gene-Peve_00003363_18203,37,11,8,8,5-fold,-53.43400944603193,105.60232302050055,-50.457952525301835,100.5177751931214,1123.4930262741198,0.1,0,-50.457952525301835,ElasticNet,Peve
gene-Peve_00001451_7963,37,11,7,7,5-fold,-2.740927004206731,4.616742348055162,-1.9923286218742036,3.590349207875722,10.420065364378882,0.7,7,-1.9923286218742036,ElasticNet,Peve
gene-Peve_00007908_42242,37,2,2,2,5-fold,-0.28832638670147004,0.25990419584051855,-2.78996837281552,5.005492885634766,0.4365613022125068,0.5,2,-0.28832638670147004,RF,Peve
gene-Peve_00033591_174545,37,3,3,3,5-fold,-1.022085749810876,1.2983642644121882,-0.22776488886637156,0.19978146772970734,1202.9180813930104,0.1,0,-0.22776488886637156,ElasticNet,Peve
gene-Peve_00042606_221562,37,2,2,2,5-fold,-0.5601253737933238,1.1060733508586134,-0.19202450576769178,0.34636978782262856,1101.889593546568,0.1,0,-0.19202450576769178,ElasticNet,Peve
gene-Peve_00001130_6268,37,3,3,3,5-fold,-5.463296198459188,9.949202764030092,-6.151878381238506,11.661784522181069,804.1632197005132,0.1,0,-5.463296198459188,RF,Peve
gene-Peve_00041449_216277,37,3,2,2,5-fold,-0.22708874469097115,0.4927278925251819,-0.18624496013704775,0.31604542819880044,0.4177388755614839,0.5,2,-0.18624496013704775,ElasticNet,Peve
gene-Peve_00033464_174155,37,6,6,6,5-fold,-0.6092319871151053,0.42913461419701254,-0.3712758242001727,0.38937262705205306,209.99536421825758,0.1,0,-0.3712758242001727,ElasticNet,Peve
gene-Peve_00030379_158805,37,23,22,22,5-fold,-0.7428082170468346,1.1195149717759878,-2.420383158798648,4.726528761546452,116.08589149708587,0.99,4,-0.7428082170468346,RF,Peve
gene-Peve_00038391_199643,37,22,22,22,5-fold,-0.3009086203952006,0.7788810930348926,-0.14236093638374694,0.9086142902021416,1.5077563422771316,0.9,21,-0.14236093638374694,ElasticNet,Peve
gene-Peve_00010945_57921,37,3,3,3,5-fold,-0.5312120416877185,0.6982641772453457,-0.6131649065716425,0.6241561206392454,899.9362927348224,0.1,0,-0.5312120416877185,RF,Peve
gene-Peve_00043179_224348,37,42,29,29,5-fold,-0.19816110012382002,0.2640071540155552,-0.17801952281765282,0.1877749158391574,2400.6194595815286,0.1,0,-0.17801952281765282,ElasticNet,Peve
gene-Peve_00031438_163570,37,42,25,25,5-fold,0.16796970916109488,0.19184336334419985,-0.1340121795060465,0.1419791656033964,27.896162353016056,0.99,18,0.16796970916109488,RF,Peve
gene-Peve_00010504_55860,37,23,23,23,5-fold,-0.20058708977940035,0.5020576522389429,-1.046312693318676,1.109653258148449,8.180575305219524,0.95,22,-0.20058708977940035,RF,Peve
gene-Peve_00041564_216823,37,15,8,8,5-fold,-17.65946743977176,33.76829622880669,-14.147830926564136,27.25536479454721,2017.9656768424995,0.1,1,-14.147830926564136,ElasticNet,Peve
gene-Peve_00033466_174172,37,5,5,5,5-fold,-0.43268690595952464,0.8098409892995846,-0.40157362566727545,0.377917847752498,1220.5659365795366,0.1,0,-0.40157362566727545,ElasticNet,Peve
gene-Peve_00029935_156585,37,2,2,2,5-fold,-0.7887551541434445,0.9310166212315633,-0.9806660798366295,1.2623515775265441,648.0293795914316,0.1,0,-0.7887551541434445,RF,Peve
gene-Peve_00033591_174543,37,2,2,2,5-fold,-0.38160815102979895,0.6233186485044351,-0.3169818763191595,0.42638406836373116,1055.5148616616734,0.1,0,-0.3169818763191595,ElasticNet,Peve
gene-Peve_00037295_193958,37,17,17,17,5-fold,-1.1089802630737258,1.8538334205666231,-0.5111440393068125,0.830936262000295,1303.2770516291957,0.1,0,-0.5111440393068125,ElasticNet,Peve
gene-Peve_00008480_45101,37,10,9,9,5-fold,-0.6808259420702122,0.7958457297909859,-0.15881426449981245,0.07621262476045947,832.722812869052,0.1,0,-0.15881426449981245,ElasticNet,Peve
gene-Peve_00012657_66373,37,4,4,4,5-fold,-0.5648940620639391,0.39342780491738494,-0.3289730012944769,0.5102234960526876,2951.9522239722855,0.1,0,-0.3289730012944769,ElasticNet,Peve
gene-Peve_00017429_91821,37,3,2,2,5-fold,-48.743595016957265,89.26450944195847,-78.76736800493302,123.50617617571054,299.1353328043133,0.1,0,-48.743595016957265,RF,Peve
gene-Peve_00008292_44311,37,4,4,4,5-fold,-0.3053681202060991,0.2662530093715121,-0.708189108165875,0.6064354981744863,899.8930700787495,0.1,0,-0.3053681202060991,RF,Peve
gene-Peve_00001451_7957,37,5,5,5,5-fold,-6.612687698739026,12.140095616731433,-2.4139770420667057,4.3140731956383425,115.382375916995,0.99,1,-2.4139770420667057,ElasticNet,Peve
gene-Peve_00038115_198419,37,7,7,7,5-fold,-0.7537819512291783,1.0227283575494945,-0.34097698264318826,0.5465499350887505,1396.1305833410952,0.1,0,-0.34097698264318826,ElasticNet,Peve
gene-Peve_00001867_10264,37,4,4,4,5-fold,0.6943161707404661,0.3588389077389831,-7.027804776496988,15.513773266215205,1.1498491508798052,0.99,4,0.6943161707404661,RF,Peve
gene-Peve_00026403_137699,37,13,10,10,5-fold,-0.5412441205661103,0.791559580608275,-0.3980325124234557,0.5746573891340557,2101.4655174557897,0.1,0,-0.3980325124234557,ElasticNet,Peve
gene-Peve_00019454_102203,37,30,27,27,5-fold,-0.7808585185552782,0.8152492338427607,-0.5968657145551626,1.0639832934916609,2226.302027008218,0.1,0,-0.5968657145551626,ElasticNet,Peve
gene-Peve_00044050_228679,37,6,2,2,5-fold,-0.7013520572013372,0.5935962500513348,-13.510821565499862,26.35977977177461,21.225565622169608,0.99,2,-0.7013520572013372,RF,Peve
gene-Peve_00010077_53420,37,49,46,46,5-fold,-0.32033287150726253,0.3139164466741793,-0.306440885292034,0.21378008162548456,1.5448384501196855,0.5,46,-0.306440885292034,ElasticNet,Peve
gene-Peve_00003394_18313,37,3,3,3,5-fold,-0.28064110687798227,0.42418458790091146,-0.03389649124124237,0.6166014036448735,0.4745971345751786,0.99,3,-0.03389649124124237,ElasticNet,Peve
gene-Peve_00003553_19248,37,5,5,5,5-fold,-1.019552469471208,1.109366634569873,-0.40678990442800966,0.6488343868934852,2001.7263701621573,0.1,0,-0.40678990442800966,ElasticNet,Peve
gene-Peve_00003422_18459,37,3,3,3,5-fold,-519.6213587352547,1030.0962662319512,-241.06888203381118,477.0769169020272,0.6176514724651043,0.5,3,-241.06888203381118,ElasticNet,Peve
gene-Peve_00044936_233660,37,2,2,2,5-fold,-0.2501602522868753,0.3891614933617228,-0.2037949472008609,0.22777110512607077,1366.1957335353493,0.1,0,-0.2037949472008609,ElasticNet,Peve
gene-Peve_00009258_48973,37,25,25,25,5-fold,-0.4602848872444266,0.40744818535976607,-0.1361629259733995,0.14363747664554774,2227.577030348539,0.1,0,-0.1361629259733995,ElasticNet,Peve
gene-Peve_00017459_91519,37,17,17,17,5-fold,0.04706149984480912,0.17259074322049708,-0.2416509982028927,0.5831670644983445,100.83061223715113,0.99,4,0.04706149984480912,RF,Peve
gene-Peve_00033826_176394,37,24,17,17,5-fold,-1.1527569335469683,1.1185078447123218,-0.37247797701570595,0.4106363260565739,26.71346755696406,0.99,13,-0.37247797701570595,ElasticNet,Peve
gene-Peve_00026471_137956,37,8,7,7,5-fold,-0.30056539763947887,0.24751256155417545,-0.08730678108750325,0.08018015944464314,29.653058091870264,0.99,4,-0.08730678108750325,ElasticNet,Peve
gene-Peve_00007503_39687,37,12,8,8,5-fold,-0.5622427388594881,0.5261692883599542,-0.38309986324559225,0.4403367476993412,1163.0796736639077,0.1,0,-0.38309986324559225,ElasticNet,Peve
gene-Peve_00018055_94838,37,33,24,24,5-fold,-0.3570970733065779,0.21033715281546445,-0.542405155339394,0.676428574963708,2467.55899386352,0.1,4,-0.3570970733065779,RF,Peve
gene-Peve_00041387_215947,37,11,7,7,5-fold,-0.2010752709001923,0.5383913607382981,-0.22709740217694735,0.23544804822294535,858.7401055944158,0.1,0,-0.2010752709001923,RF,Peve
gene-Peve_00002669_14884,37,4,4,4,5-fold,-0.2899267587732764,0.32530326157853157,-0.1419269547318728,0.09353995353090358,1938.2847783535963,0.1,0,-0.1419269547318728,ElasticNet,Peve
gene-Peve_00018060_94872,37,6,3,3,5-fold,-0.5356899085333409,0.675834889481914,-0.3992113972465692,0.49998124099668045,1674.3330109424262,0.1,0,-0.3992113972465692,ElasticNet,Peve
gene-Peve_00014169_74586,37,12,10,10,5-fold,-0.6248899937844323,0.5767810493598473,-0.47390209448485204,0.8373300411506297,4.374800977802581,0.1,10,-0.47390209448485204,ElasticNet,Peve
gene-Peve_00030298_158343,37,3,3,3,5-fold,-0.9491216862467612,1.2451983825515347,-0.7736349054141296,1.2450634008701762,19.002128480355463,0.1,3,-0.7736349054141296,ElasticNet,Peve
gene-Peve_00012281_64233,37,30,25,25,5-fold,-1.656807076672337,2.5437964272063067,-0.9198419352056911,1.6549608562143956,3220.4581066398237,0.1,0,-0.9198419352056911,ElasticNet,Peve
gene-Peve_00031673_165012,37,2,2,2,5-fold,-5.440624264065054,10.479771282468263,-3.3776746629793037,6.286622071702354,0.17223030434601622,0.9,2,-3.3776746629793037,ElasticNet,Peve
gene-Peve_00041387_215946,37,8,7,7,5-fold,-0.7117429805127886,0.6498547371973747,-0.16231858351972803,0.2772978793102564,60.08699543342678,0.99,6,-0.16231858351972803,ElasticNet,Peve
gene-Peve_00008973_47549,37,10,7,7,5-fold,0.04281402445026117,0.3349812037654606,0.013756461031636035,0.047575206582741066,12.994389739763248,0.99,6,0.04281402445026117,RF,Peve
gene-Peve_00020985_109964,37,6,6,6,5-fold,-0.6496904771571085,0.5725947455527719,-0.21106230902133208,0.45271618982136325,78.93401281569832,0.99,3,-0.21106230902133208,ElasticNet,Peve
gene-Peve_00004456_23919,37,4,3,3,5-fold,-0.07946410317229549,0.1671630983702478,-0.048498722592775635,0.030254928573270636,933.8765291551929,0.1,0,-0.048498722592775635,ElasticNet,Peve
gene-Peve_00028313_148027,37,3,3,3,5-fold,-0.47835656839013774,0.44123745263394737,-0.4431320088811706,0.5829572940449245,1888.4069277486424,0.1,1,-0.4431320088811706,ElasticNet,Peve
gene-Peve_00027341_142665,37,19,12,12,5-fold,-1.1194403189980044,0.9126927640124555,-1.3579587950120553,2.0155173055552913,968.2277705230318,0.1,0,-1.1194403189980044,RF,Peve
gene-Peve_00035833_186369,37,4,4,4,5-fold,-3.9041945994410603,7.054463754109741,-12.857267810779305,18.240661138869395,1865.5198908744883,0.1,0,-3.9041945994410603,RF,Peve
gene-Peve_00034385_179349,37,10,10,10,5-fold,-3.179654715665005,5.907350145638556,-1.627507832397144,2.8949680640289515,1696.2401547202453,0.1,0,-1.627507832397144,ElasticNet,Peve
gene-Peve_00018554_97163,37,38,30,30,5-fold,-4.368914124413235,8.403277161117153,-4.673231074648845,9.186960317377618,3725.847969595573,0.1,0,-4.368914124413235,RF,Peve
gene-Peve_00001431_7661,37,9,4,4,5-fold,-3.0295083953003195,5.8053577184600185,-1.7570659620084772,3.2214911590512,1.109408945928086,0.9,4,-1.7570659620084772,ElasticNet,Peve
gene-Peve_00018798_98378,37,13,13,13,5-fold,-0.5710194327307353,1.0432941807248577,-0.2024299873400423,0.3155981202075759,2670.813242012104,0.1,0,-0.2024299873400423,ElasticNet,Peve
gene-Peve_00013240_69368,37,4,4,4,5-fold,-0.5141364080469802,0.3477429238578896,-0.5022481323961572,0.8149713953942096,1397.1371053173561,0.1,0,-0.5022481323961572,ElasticNet,Peve
gene-Peve_00021331_111629,37,28,27,27,5-fold,-0.8500908958716383,0.7000217802272112,-0.27980314444292953,0.5726376052029784,26.911261706441586,0.95,21,-0.27980314444292953,ElasticNet,Peve
gene-Peve_00031472_163546,37,3,3,3,5-fold,-1.1583877160481495,1.7520742346431446,-0.7393358277901211,1.3749600352638274,40.17167621277208,0.9,3,-0.7393358277901211,ElasticNet,Peve
gene-Peve_00037281_193872,37,6,6,6,5-fold,-0.14941734724718786,0.31093722396693235,-0.24731912683133225,0.3594507660728136,1351.6397022489982,0.1,0,-0.14941734724718786,RF,Peve
gene-Peve_00029447_153910,37,8,8,8,5-fold,-0.5028741212852155,0.5176718534533314,-0.15372467235476095,0.12054970939512437,1700.0881766487794,0.1,0,-0.15372467235476095,ElasticNet,Peve
gene-Peve_00044500_231343,37,12,7,7,5-fold,-1.1130839238929178,1.623936268514141,-0.9937994648798973,1.7221185206034513,4257.90048370799,0.1,0,-0.9937994648798973,ElasticNet,Peve
gene-Peve_00001451_7959,37,9,8,8,5-fold,-7.186929939063691,13.790292983021114,-3.323675231285855,6.442512741561699,1.822797884081801,0.1,8,-3.323675231285855,ElasticNet,Peve
gene-Peve_00033394_173784,37,18,18,18,5-fold,-0.03984506630605693,0.2550588385490492,-0.28067168262763814,0.17899768014270703,34.66863984674621,0.9,14,-0.03984506630605693,RF,Peve
gene-Peve_00003595_19528,37,7,5,5,5-fold,-1.1744601641354273,1.6393763529521377,-0.30309954954865737,0.4360285332368351,19.189165259862758,0.99,5,-0.30309954954865737,ElasticNet,Peve
gene-Peve_00041134_214822,37,20,17,17,5-fold,-0.3067046599071852,0.18335950054345862,-0.30881222612888387,0.6826549259495261,1.4129645898935137,0.5,17,-0.3067046599071852,RF,Peve
gene-Peve_00037612_195499,37,7,2,2,5-fold,-0.07286537687000735,0.16874317322663798,-0.05141091524906236,0.07925488641237452,351.2974113389834,0.1,0,-0.05141091524906236,ElasticNet,Peve
gene-Peve_00044936_233658,37,3,3,3,5-fold,-0.12846371359809478,0.19334845866220907,-0.0009166535133640297,0.11596295326459764,0.7004878258791354,0.5,3,-0.0009166535133640297,ElasticNet,Peve
gene-Peve_00037246_193627,37,120,101,100,5-fold,-0.31235311520466885,0.28923944952687186,-0.09035748763582312,0.05646053898130649,73.56916836675943,0.99,24,-0.09035748763582312,ElasticNet,Peve
gene-Peve_00041492_216445,37,8,8,8,5-fold,-0.44019896748061543,0.2977431138349805,-0.10002878912738664,0.06207768818362225,2360.8217069603434,0.1,0,-0.10002878912738664,ElasticNet,Peve
gene-Peve_00037069_192817,37,2,2,2,5-fold,-2.234612280504446,4.246747110771099,-2.243737832347367,4.267698932298175,389.7831352987483,0.1,0,-2.234612280504446,RF,Peve
gene-Peve_00007167_38149,37,3,3,3,5-fold,-0.661456111689486,0.3749659430178955,-0.16101664456428208,0.2508661562766213,1516.8159069333765,0.1,0,-0.16101664456428208,ElasticNet,Peve
gene-Peve_00009534_50385,37,19,16,16,5-fold,-0.4662713900007157,0.5401149666829316,-0.2797704102159603,0.416465621276358,2658.4787102918117,0.1,0,-0.2797704102159603,ElasticNet,Peve
gene-Peve_00003363_18199,37,22,21,21,5-fold,-299.0431766782559,594.3945469074841,-125.94154005145356,250.47602461291896,39.26132850743131,0.99,10,-125.94154005145356,ElasticNet,Peve
gene-Peve_00008247_44126,37,91,66,66,5-fold,-0.3050262282373489,0.1030171036647826,-0.4210769396918412,0.7169863266487126,45.176061417228354,0.95,27,-0.3050262282373489,RF,Peve
gene-Peve_00001451_7962,37,6,5,5,5-fold,-3.058479339951293,4.994796586163831,-2.0370289849993464,3.701459592343253,102.37868536482448,0.1,5,-2.0370289849993464,ElasticNet,Peve
gene-Peve_00038365_199832,37,6,6,6,5-fold,-1.0717171302915338,1.4653278558706697,-0.8702991389972021,1.5310728440781003,1512.44825190375,0.1,0,-0.8702991389972021,ElasticNet,Peve
gene-Peve_00016403_86506,37,21,15,15,5-fold,-0.779949677404671,1.7267535353087855,-0.800598346947973,1.549502817282179,1.8841057732978979,0.1,15,-0.779949677404671,RF,Peve
gene-Peve_00027945_145891,37,23,13,13,5-fold,0.015804343333756042,0.15635806095011173,0.13041234418834644,0.08900121705277524,0.983267921454317,0.5,13,0.13041234418834644,ElasticNet,Peve
gene-Peve_00009136_48439,37,2,2,2,5-fold,-0.22851420313695892,0.23495173136262804,-1.2011494566751202,1.9709409240316977,2364.8217677616067,0.1,0,-0.22851420313695892,RF,Peve
gene-Peve_00026210_136656,37,3,3,3,5-fold,-0.9521470489127919,2.099951800965901,-0.39643827166183204,0.7076201708484103,0.7022481148330675,0.5,3,-0.39643827166183204,ElasticNet,Peve
gene-Peve_00032454_168728,37,24,21,21,5-fold,-0.8925789114106202,1.1923392947242704,-0.04880040715584329,0.06986349238598243,256.06330792240817,0.99,3,-0.04880040715584329,ElasticNet,Peve
gene-Peve_00025984_135548,37,12,12,12,5-fold,-0.20667808729502105,0.13086833668826886,-0.08824821804138908,0.07612256547594591,118.74369086111878,0.99,4,-0.08824821804138908,ElasticNet,Peve
gene-Peve_00003523_18921,37,7,3,3,5-fold,-0.2612124792873383,0.232843061601201,-0.20560736374268704,0.2155355724122825,0.5398345998588302,0.5,3,-0.20560736374268704,ElasticNet,Peve
gene-Peve_00018766_98184,37,4,4,4,5-fold,-0.6585426409613266,0.5531434074706538,-0.4391299426797362,0.6566775498786377,3.7191843994190537,0.99,4,-0.4391299426797362,ElasticNet,Peve
gene-Peve_00029729_155547,37,20,20,20,5-fold,-0.4496682581313827,0.42104348369808964,-0.3732592951922697,0.5048390068780287,219.27053387461822,0.7,2,-0.3732592951922697,ElasticNet,Peve
gene-Peve_00008338_44509,37,33,33,33,5-fold,-1.4174738551388513,3.1390679231581666,-0.6691787697359759,1.871404120611483,16.7177719762675,0.95,24,-0.6691787697359759,ElasticNet,Peve
gene-Peve_00000648_3729,37,10,10,10,5-fold,-0.5749929690006643,0.8555808532625445,-0.8207736453281687,1.4689733780356429,4.2504073401807165,0.1,10,-0.5749929690006643,RF,Peve
gene-Peve_00020107_105387,37,3,3,3,5-fold,-0.20542888017904032,0.35908031727802636,-0.06883030023682235,0.2046867921491136,5.456727476062291,0.99,3,-0.06883030023682235,ElasticNet,Peve
gene-Peve_00023995_125034,37,4,4,4,5-fold,-0.3282881871536125,0.5624589154159504,-0.06041980408128962,0.13018639539787147,2.6249924609593154,0.5,4,-0.06041980408128962,ElasticNet,Peve
gene-Peve_00044936_233659,37,7,7,7,5-fold,-0.5542520444562495,0.22574491474656608,-0.07788166219601478,0.08239437733521103,1853.9018674786118,0.1,0,-0.07788166219601478,ElasticNet,Peve
gene-Peve_00000969_5251,37,10,9,9,5-fold,-2.519916427563082,4.740026199385103,-3.6883074694973494,6.4400176055896745,18.188012271604673,0.95,5,-2.519916427563082,RF,Peve
gene-Peve_00027845_145533,37,4,4,4,5-fold,-1.4302399687632898,2.325888188600752,-0.9747117695124038,1.806541718576486,1.9190761476443228,0.1,4,-0.9747117695124038,ElasticNet,Peve
gene-Peve_00027226_142041,37,12,10,10,5-fold,-6356.507733895187,12707.620242317274,-14868.129471916496,29735.460349448695,52.36963181822262,0.5,4,-6356.507733895187,RF,Peve
gene-Peve_00036547_190064,37,14,14,14,5-fold,-0.10992266197083511,0.2096862379948919,-0.07435589767401289,0.06173261041951524,11.041725233049345,0.99,10,-0.07435589767401289,ElasticNet,Peve
gene-Peve_00008660_45989,37,9,5,5,5-fold,-1.4696076589717282,2.6449254598129164,-1.358307878058949,2.6203141410213906,805.7086729171768,0.1,0,-1.358307878058949,ElasticNet,Peve
gene-Peve_00018060_94870,37,5,5,5,5-fold,-1.012937096278791,1.2091140218876408,-0.6342879232485252,1.0613087898232474,129.46180527979627,0.99,2,-0.6342879232485252,ElasticNet,Peve
gene-Peve_00041387_215945,37,3,3,3,5-fold,-0.5635150626346557,0.7501180828807437,-2.289487831550173,4.01169309694748,424.99495017322783,0.1,0,-0.5635150626346557,RF,Peve
gene-Peve_00002414_13568,37,3,2,2,5-fold,-0.23471537372154921,0.23343444349872006,-0.14863815503286312,0.23212088904992756,424.75691435624253,0.1,0,-0.14863815503286312,ElasticNet,Peve
gene-Peve_00033465_174170,37,13,13,13,5-fold,-0.5388123883380078,0.5700725543942655,-0.49987630481123235,0.5229318343842461,1198.6760773482035,0.1,0,-0.49987630481123235,ElasticNet,Peve
gene-Peve_00026471_137955,37,3,3,3,5-fold,-0.1359512773450131,0.279493172128563,-0.14319104176359848,0.10637332642895313,17.555902339329034,0.1,3,-0.1359512773450131,RF,Peve
gene-Peve_00007700_41043,37,3,3,3,5-fold,0.04475274017500552,0.14682916275099928,-0.06130525125530935,0.0383756859695968,42.88814977021357,0.9,1,0.04475274017500552,RF,Peve
gene-Peve_00026256_136924,37,65,54,54,5-fold,-0.5075884285550112,0.759342708057021,-0.15262231400535847,0.11191405598014362,4255.769794797312,0.1,0,-0.15262231400535847,ElasticNet,Peve
gene-Peve_00009311_49240,37,79,56,56,5-fold,-0.25917840494393934,0.35600994196841246,-0.23832748701493628,0.2760914758002234,3.534766452750089,0.1,54,-0.23832748701493628,ElasticNet,Peve
gene-Peve_00026553_138153,37,10,6,6,5-fold,-1.127158247107032,1.6690646513590606,-1.1025332323546184,2.1104245888525184,1644.4219378072755,0.1,0,-1.1025332323546184,ElasticNet,Peve
gene-Peve_00004441_23893,37,6,6,6,5-fold,-0.24197410306796313,0.47353894221043463,-0.18205675112667696,0.3885127934132399,35.31586541680721,0.99,4,-0.18205675112667696,ElasticNet,Peve
gene-Peve_00026400_137687,37,15,15,15,5-fold,-0.8042692347450549,1.535552652261241,-0.42501711133033365,0.7631064472876907,2.8913348091804427,0.5,15,-0.42501711133033365,ElasticNet,Peve
gene-Peve_00015390_81148,37,16,16,16,5-fold,-0.10239083681050838,0.2248388189515723,-0.2855224068652029,0.3524501629981086,2290.3533723311493,0.1,0,-0.10239083681050838,RF,Peve
gene-Peve_00039247_204943,37,3,3,3,5-fold,-1.8092854284776874,2.4876011333345045,-1.2432965783780823,1.8498089972843714,916.4007583969035,0.1,0,-1.2432965783780823,ElasticNet,Peve
gene-Peve_00017149_90165,37,15,12,12,5-fold,-0.7740428670089021,1.2891675999875942,-0.31367092373989575,0.5118981825366633,1488.2753998285064,0.1,0,-0.31367092373989575,ElasticNet,Peve
gene-Peve_00028070_146588,37,7,5,5,5-fold,-0.12219759907286878,0.14040027697153046,-0.17432859752459628,0.2309153782299924,10.013962688527384,0.7,5,-0.12219759907286878,RF,Peve
gene-Peve_00019185_100528,37,7,7,7,5-fold,0.050468223446312056,0.26239047434737994,-0.1836236161122607,0.3189575805284356,1006.7930829102253,0.1,0,0.050468223446312056,RF,Peve
gene-Peve_00000964_5223,37,7,3,3,5-fold,-1.196028579592248,2.4181119480416324,-42.66694022999231,85.27363580414152,1.2594046175321862,0.5,3,-1.196028579592248,RF,Peve
gene-Peve_00040431_210824,37,6,2,2,5-fold,-0.4400201545030075,0.36609356099172796,-0.17930199534888824,0.13392738846902766,28.787101758370987,0.99,2,-0.17930199534888824,ElasticNet,Peve
gene-Peve_00045255_235215,37,15,15,15,5-fold,-1.9364686512663596,3.876554039318175,-0.5797017436014494,1.032063219859249,1940.3357554493282,0.1,0,-0.5797017436014494,ElasticNet,Peve
gene-Peve_00018766_98185,37,4,4,4,5-fold,-0.34692287505078906,0.5333992333360271,-0.27311395015697837,0.5808541587421863,3.180219590297475,0.1,4,-0.27311395015697837,ElasticNet,Peve
gene-Peve_00015772_83546,37,5,5,5,5-fold,0.004883127498916795,0.15245474725629615,-0.05939068967697123,0.046983620390005434,1524.9216564927287,0.1,0,0.004883127498916795,RF,Peve
gene-Peve_00020212_105990,37,3,3,3,5-fold,-0.18834022183876475,0.46545753847939403,-0.14818174077914695,0.1300351253633686,1153.5681086737775,0.1,0,-0.14818174077914695,ElasticNet,Peve
gene-Peve_00043947_228261,37,5,2,2,5-fold,-3.7783075726618107,6.264306732509293,-3.526364463120784,6.5450649157025405,516.9980856999913,0.1,0,-3.526364463120784,ElasticNet,Peve
gene-Peve_00033462_174167,37,27,27,27,5-fold,-0.7396133580474601,0.508466506743918,-0.383732829677625,0.3653620212832565,3143.7787292626062,0.1,0,-0.383732829677625,ElasticNet,Peve
gene-Peve_00000294_1896,37,18,18,18,5-fold,-0.14891668110018078,0.21033721917712872,-0.014353023268117627,0.012607897820195831,1541.4088745661609,0.1,0,-0.014353023268117627,ElasticNet,Peve
gene-Peve_00040526_211204,37,7,7,7,5-fold,-0.7277807674601087,0.4527080918441515,-0.38982444501962465,0.5454531878456934,129.9864247752515,0.99,2,-0.38982444501962465,ElasticNet,Peve
gene-Peve_00029771_155773,37,10,8,8,5-fold,-0.5175073154169957,0.4645516634582312,-0.47058739476700656,0.6346926289567255,1488.576711558008,0.1,0,-0.47058739476700656,ElasticNet,Peve
gene-Peve_00017537_92357,37,7,5,5,5-fold,-0.9670033381995824,1.4718667880676333,-0.6908990398984562,1.110336702779046,2.318757437981197,0.5,5,-0.6908990398984562,ElasticNet,Peve
gene-Peve_00010945_57919,37,8,3,3,5-fold,0.04866880982667343,0.2557469448923584,-1.4684121119730364,2.9241219652793005,9.818978881327796,0.99,3,0.04866880982667343,RF,Peve
gene-Peve_00002321_12985,37,9,7,7,5-fold,-0.12737806638134447,0.25018608297262407,-0.3598478136988578,0.5936596186534353,60.55565241013448,0.99,5,-0.12737806638134447,RF,Peve
gene-Peve_00021504_112313,37,7,6,6,5-fold,-0.25423122731536896,0.19853042802290077,-0.23162298339320753,0.2202865945139055,217.72663377118624,0.99,2,-0.23162298339320753,ElasticNet,Peve
gene-Peve_00003045_16609,37,12,10,10,5-fold,-0.4029725673148038,0.31012675402039164,-0.9884853548596293,1.3857236713699799,2105.3857613366945,0.1,0,-0.4029725673148038,RF,Peve
gene-Peve_00044933_233559,37,5,5,5,5-fold,-0.6227662465480442,1.0900878336697337,-0.579314197203811,1.022481587020912,1040.0183886296174,0.1,0,-0.579314197203811,ElasticNet,Peve
gene-Peve_00039184_204454,37,30,28,28,5-fold,-0.5864447473845796,0.417436035852263,-0.4555093321781847,0.39193258063364667,64.31873993082088,0.1,27,-0.4555093321781847,ElasticNet,Peve
gene-Peve_00018766_98183,37,2,2,2,5-fold,-0.1633948111475511,0.3042204939839782,-2.7725700973474363,4.737588070215027,53.94807972444964,0.99,1,-0.1633948111475511,RF,Peve
gene-Peve_00005466_29467,37,2,2,2,5-fold,-0.5779009082657903,1.0551693177460695,-0.229595222793287,0.6685176150079326,0.5092877169501948,0.7,2,-0.229595222793287,ElasticNet,Peve
gene-Peve_00031926_166297,37,4,4,4,5-fold,-0.7037181421779437,0.9615611304378923,-0.652401137737727,0.9655514243034519,2013.6753200026326,0.1,0,-0.652401137737727,ElasticNet,Peve
gene-Peve_00027480_143544,37,2,2,2,5-fold,-0.2682185228918289,0.3441314951333678,-0.06692510918850396,0.04558659546961952,0.4696487131123162,0.5,2,-0.06692510918850396,ElasticNet,Peve
gene-Peve_00013184_69134,37,4,4,4,5-fold,-0.8270226251332253,1.1159663907394641,-0.4585717515505756,0.8446659403302855,1259.6219587298651,0.1,0,-0.4585717515505756,ElasticNet,Peve
gene-Peve_00012492_65397,37,17,10,10,5-fold,-1.2637550567065865,2.1592201907111948,-0.5123657699379942,1.103347267312226,0.8765382323694108,0.5,10,-0.5123657699379942,ElasticNet,Peve
gene-Peve_00036573_190213,37,31,24,24,5-fold,-6828.12104173608,9916.263058953029,-1704.507041531176,2596.7424175991355,9.131279861903868,0.1,24,-1704.507041531176,ElasticNet,Peve
gene-Peve_00001451_7956,37,10,9,9,5-fold,-1.6963203854659081,2.937292977238253,-1.661518725706787,3.0496328970347624,821.4744975906331,0.1,0,-1.661518725706787,ElasticNet,Peve
gene-Peve_00030262_158118,37,23,23,23,5-fold,-0.7110514859568586,0.9502031565486926,-1.1685883539977522,2.157912299657508,170.27140347317652,0.99,2,-0.7110514859568586,RF,Peve
gene-Peve_00036007_187141,37,4,3,3,5-fold,-1.3757890299996507,2.532342757159926,-1.2742710740497258,2.348863482549734,1554.6418274732794,0.1,0,-1.2742710740497258,ElasticNet,Peve
gene-Peve_00035492_184709,37,20,16,16,5-fold,-0.8641884821279922,1.3416137590145938,-0.9616619908668198,1.7756937938816768,56.65797610547198,0.99,6,-0.8641884821279922,RF,Peve
gene-Peve_00033118_172133,37,10,9,9,5-fold,-17436.831450607653,34870.296512518784,-12189.285548853391,24377.628711191806,954.3532126977965,0.1,0,-12189.285548853391,ElasticNet,Peve
gene-Peve_00002273_12758,37,36,25,25,5-fold,-0.5957688162742054,0.22509674845519978,-0.29711472356107677,0.41846048350529147,259.25303747968087,0.99,2,-0.29711472356107677,ElasticNet,Peve
gene-Peve_00006851_36473,37,3,2,2,5-fold,-0.22096156213685295,0.16884242067117722,-0.05308944135540239,0.03607940169036582,0.3199240943031755,0.9,2,-0.05308944135540239,ElasticNet,Peve
gene-Peve_00033264_173079,37,2,2,2,5-fold,-0.5988402424049999,0.6245479081059143,-0.32707399942044396,0.5130111824345379,999.3544721185027,0.1,0,-0.32707399942044396,ElasticNet,Peve
gene-Peve_00028570_149194,37,8,8,8,5-fold,-0.650361438588779,0.445140134852016,-0.23778941608722187,0.3962902975719468,1476.4355471814272,0.1,0,-0.23778941608722187,ElasticNet,Peve
gene-Peve_00036998_192558,37,2,2,2,5-fold,-0.2986897555750965,0.5928729394606077,-0.6584512964269724,1.2393082791367822,10.466908286900438,0.99,2,-0.2986897555750965,RF,Peve
gene-Peve_00019209_100680,37,5,5,5,5-fold,-85.73236855535842,163.609528411519,-387.3679176519852,722.8172946811982,1.8072891906240223,0.5,5,-85.73236855535842,RF,Peve
gene-Peve_00010310_54737,37,17,12,12,5-fold,-1.796018730452424,3.370007026949592,-1.4261336580184056,2.5016430190087076,5878.203624567444,0.1,0,-1.4261336580184056,ElasticNet,Peve
gene-Peve_00038241_198753,37,3,3,3,5-fold,-1.867246856589451,2.9363772849659093,-0.7203778590883129,1.239941120186696,1978.889929307178,0.1,0,-0.7203778590883129,ElasticNet,Peve
gene-Peve_00009703_51355,37,2,2,2,5-fold,-0.32128147071659197,0.5840448671966098,-0.23245608903954612,0.35462492726197065,1354.8400113543678,0.1,0,-0.23245608903954612,ElasticNet,Peve
gene-Peve_00029935_156586,37,2,2,2,5-fold,-0.6365332159117523,0.7577524990539661,-0.8162539885617448,0.9787316320423648,781.1098534325663,0.1,0,-0.6365332159117523,RF,Peve
gene-Peve_00017854_93730,37,12,10,10,5-fold,-0.9008607329799752,1.0824491603550142,-0.9241001780243812,1.3237313628366578,1610.668148732212,0.1,0,-0.9008607329799752,RF,Peve
gene-Peve_00000006_283,37,31,31,31,5-fold,-0.9687250603856462,1.780708240729489,-0.711535673593404,1.2755195621526043,2959.1974829046126,0.1,0,-0.711535673593404,ElasticNet,Peve
gene-Peve_00028081_146683,37,4,3,3,5-fold,-0.06088607307301406,0.3871386706097315,-0.08980917579253216,0.11972771693348844,261.64564289194357,0.99,1,-0.06088607307301406,RF,Peve
gene-Peve_00041487_216410,37,6,5,5,5-fold,0.08534376353262903,0.20780075481367183,-0.10069603263710399,0.08133764411601672,921.188022141437,0.1,0,0.08534376353262903,RF,Peve
gene-Peve_00000946_5169,37,8,8,8,5-fold,-1.0959179188313577,1.9259102204115992,-0.554898692143667,0.9530492535269209,21.427020629005888,0.1,8,-0.554898692143667,ElasticNet,Peve
gene-Peve_00031895_166069,37,13,7,7,5-fold,-1.2593629884364923,2.5466684566450795,-1.062270798371849,2.0838371435553484,1.7548077915093414,0.1,7,-1.062270798371849,ElasticNet,Peve
gene-Peve_00031591_164325,37,4,2,2,5-fold,-13810.932249484147,21200.27511071007,-4457.092704656921,7250.843343301427,394.01715099237214,0.1,0,-4457.092704656921,ElasticNet,Peve
gene-Peve_00004545_24517,37,8,7,7,5-fold,-0.8110513397235936,1.688328097430552,-1.4982189801979857,2.9638760340714736,1759.5033109311223,0.1,0,-0.8110513397235936,RF,Peve
gene-Peve_00045180_234940,37,6,4,4,5-fold,-123.16581771142016,244.72566680296396,-90.21274110541239,178.1424701847483,1.3576360500595313,0.1,4,-90.21274110541239,ElasticNet,Peve
gene-Peve_00019209_100683,37,5,5,5,5-fold,-909.2891173957247,1781.2207492483092,-211.47926510600888,396.18344567435446,1019.9813023694455,0.1,0,-211.47926510600888,ElasticNet,Peve
gene-Peve_00013755_72552,37,26,16,16,5-fold,-3.0971887783770287,3.7423024459077245,-1.7766940279660037,2.094186968790152,12.591173169712526,0.1,16,-1.7766940279660037,ElasticNet,Peve
gene-Peve_00023842_123861,37,6,5,5,5-fold,-1.1252526714096005,1.7439049347182274,-6.2311132643541445,12.320749418649639,2018.1370251317142,0.1,0,-1.1252526714096005,RF,Peve
gene-Peve_00008079_43314,37,8,3,3,5-fold,-0.4175729619345292,0.4113270345747532,-0.06848736352545845,0.08524385203840545,876.7078974503065,0.1,0,-0.06848736352545845,ElasticNet,Peve
gene-Peve_00008075_43340,37,9,3,3,5-fold,-4.673349404936539,8.98198353890611,-5.36857282767694,10.482361100262386,537.2565873985382,0.1,0,-4.673349404936539,RF,Peve
gene-Peve_00002504_14076,37,5,5,5,5-fold,-0.7824855955455259,1.1673141347410536,-1.1688655736903244,1.7067117621483838,52.35310719006107,0.99,2,-0.7824855955455259,RF,Peve
gene-Peve_00004505_24149,37,4,4,4,5-fold,-1.4404718015925375,2.685870725671599,-0.6666263742812493,1.2147090907247402,1804.3167757771653,0.1,0,-0.6666263742812493,ElasticNet,Peve
gene-Peve_00002029_11319,37,11,2,2,5-fold,-2.8270832763336395,4.510554867127716,-2.5794707069227836,3.8449115312009297,124.2223285081128,0.1,2,-2.5794707069227836,ElasticNet,Peve
gene-Peve_00043575_226366,37,6,6,6,5-fold,-1.504463379846601,2.144570343664365,-0.8670767820792605,1.4793810473087894,1.2134615544980858,0.5,6,-0.8670767820792605,ElasticNet,Peve
gene-Peve_00038594_200928,37,7,5,5,5-fold,-2.828955233942783,4.672287153161152,-118.5534696726804,232.35012579857136,559.9491078598155,0.1,0,-2.828955233942783,RF,Peve
gene-Peve_00033591_174542,37,6,6,6,5-fold,-0.5762250640348163,0.5131943463477325,-0.42446672133244184,0.6373063051391189,1617.0114788635344,0.1,0,-0.42446672133244184,ElasticNet,Peve
gene-Peve_00018766_98189,37,7,7,7,5-fold,-0.6042422002193153,0.42666175349367874,-0.2721342096190796,0.3767670292659094,1681.3739445701708,0.1,0,-0.2721342096190796,ElasticNet,Peve
gene-Peve_00004456_23918,37,3,3,3,5-fold,-0.1713140875866174,0.05757289446011816,-0.03289503899298798,0.02107798795434181,986.0090232198344,0.1,0,-0.03289503899298798,ElasticNet,Peve
gene-Peve_00020919_109684,37,3,3,3,5-fold,-0.09309717615923159,0.3476518807271697,-0.044510157549053894,0.05108105890797119,20.615688469725786,0.9,3,-0.044510157549053894,ElasticNet,Peve
gene-Peve_00014404_75713,37,3,3,3,5-fold,-1.2003215146692994,1.8386276082345843,-0.5978524897855443,1.0337226637959642,2.673055464976036,0.1,3,-0.5978524897855443,ElasticNet,Peve
gene-Peve_00003307_17904,37,41,33,33,5-fold,-0.5079035801722886,0.4433095138917245,-0.20879382171612967,0.17407496887449803,2438.321278332831,0.1,0,-0.20879382171612967,ElasticNet,Peve
gene-Peve_00008534_45417,37,18,14,14,5-fold,-0.42204994684642616,0.3183405634348299,-0.11784773159119939,0.1650537352653119,2433.6951587926346,0.1,0,-0.11784773159119939,ElasticNet,Peve
gene-Peve_00027786_145131,37,129,94,94,5-fold,-0.2977630864487025,0.3225871693839376,-0.3891677760819885,0.34978223934770036,3514.596600966944,0.1,0,-0.2977630864487025,RF,Peve
gene-Peve_00026925_140204,37,17,11,11,5-fold,-1.3219185463499987,1.4515606582352676,-0.76210578975146,0.9436069022877733,2820.600437642458,0.1,0,-0.76210578975146,ElasticNet,Peve
gene-Peve_00027251_142223,37,2,2,2,5-fold,-0.8575054006226926,1.0034363548686998,-0.4153108884176547,0.7512852411273597,1432.2157249230459,0.1,0,-0.4153108884176547,ElasticNet,Peve
gene-Peve_00018978_99757,37,3,3,3,5-fold,-0.8626065090030469,1.5767250291626682,-1.1238996659732798,2.0783109344036848,1034.756510314664,0.1,0,-0.8626065090030469,RF,Peve
gene-Peve_00043710_227393,37,11,10,10,5-fold,-1.144246406692613,0.9427727596762835,-4.03800249866016,6.761670402543312,248.6146282559873,0.9,1,-1.144246406692613,RF,Peve
gene-Peve_00001451_7947,37,13,8,8,5-fold,-11.297313202663315,21.844650492823934,-9.698937572274419,19.075116289882995,739.3331943500981,0.1,0,-9.698937572274419,ElasticNet,Peve
gene-Peve_00001451_7944,37,6,4,4,5-fold,-5.231842703879442,9.374737507036363,-5.244609264513419,9.90572269695426,1.7437543836946954,0.5,4,-5.231842703879442,RF,Peve
gene-Peve_00018395_96592,37,20,20,20,5-fold,-0.03464570381847607,0.7301441497358121,-0.37291636798848493,1.0506893453392985,2.788543300668908,0.5,20,-0.03464570381847607,RF,Peve
gene-Peve_00018389_96549,37,5,4,4,5-fold,-0.8133686059278041,0.9788794324821545,-0.4928254102359741,0.9274866480985634,1101.8183686758641,0.1,0,-0.4928254102359741,ElasticNet,Peve
gene-Peve_00024001_124796,37,28,26,26,5-fold,-2.571419544596549,3.6601194147886367,-1.1225588827663429,2.04588108215355,212.71038720765438,0.99,1,-1.1225588827663429,ElasticNet,Peve
gene-Peve_00017394_91631,37,36,30,30,5-fold,-1.201628463769822,1.774499274208905,-0.5861391065310583,1.0775690814019037,169.75838061519283,0.99,1,-0.5861391065310583,ElasticNet,Peve
gene-Peve_00028862_151101,37,3,3,3,5-fold,-575.1725737547465,974.2399514018196,-68.12890131872228,67.18463226180148,53.860137846232284,0.1,0,-68.12890131872228,ElasticNet,Peve
gene-Peve_00040530_211347,37,36,35,35,5-fold,-0.5646614884038358,0.317272182695583,-1.229067705686879,1.0994129986141195,4.617528815016909,0.5,33,-0.5646614884038358,RF,Peve
gene-Peve_00014556_76706,37,16,16,16,5-fold,-0.8425563311954983,1.5596392402167278,-0.3731124925190712,0.6067366003809137,98.54900132748121,0.99,4,-0.3731124925190712,ElasticNet,Peve
gene-Peve_00033274_173133,37,3,2,2,5-fold,-2842.761526816457,5681.595172800537,-1896.0493173367377,3790.0431129315584,1.1585232096333646,0.5,2,-1896.0493173367377,ElasticNet,Peve
gene-Peve_00004758_25612,37,20,16,16,5-fold,-1.8239626510785019,2.906459022691491,-0.7027805695665619,1.4199072882452117,20.71254088092679,0.95,11,-0.7027805695665619,ElasticNet,Peve
gene-Peve_00005721_30544,37,12,6,6,5-fold,-2.5990595086764494,4.2400303181296195,-1.6283541589791148,3.051840065728879,1395.6512040578166,0.1,0,-1.6283541589791148,ElasticNet,Peve
gene-Peve_00042606_221565,37,6,6,6,5-fold,-0.06771514392229754,0.12816444385907785,-0.23736919785048277,0.27486686949762873,3.444930079392535,0.1,6,-0.06771514392229754,RF,Peve
gene-Peve_00000494_2858,37,11,7,7,5-fold,-0.6319780497412889,0.34225566210347735,-0.22874599320187222,0.19342143849450674,1199.3347483589516,0.1,0,-0.22874599320187222,ElasticNet,Peve
gene-Peve_00007167_38148,37,2,2,2,5-fold,-0.5696889280417308,0.6111093344847247,-0.3710869596987535,0.38983656602046063,1029.498292781128,0.1,0,-0.3710869596987535,ElasticNet,Peve
gene-Peve_00027749_144918,37,6,6,6,5-fold,-1.4494180521903628,2.2098467296839925,-1.2636351194358952,2.3751341633452494,1170.011929839519,0.1,0,-1.2636351194358952,ElasticNet,Peve
gene-Peve_00028842_151058,37,13,5,5,5-fold,-1.1783854893463275,1.5649550944049138,-0.4318349525442352,0.49660516878433947,1508.4748252696781,0.1,0,-0.4318349525442352,ElasticNet,Peve
gene-Peve_00006793_36314,37,6,5,5,5-fold,-528.3790303833059,1046.6799288663447,-1024.9969493021167,2048.8331445640215,323.0030323943153,0.1,0,-528.3790303833059,RF,Peve
gene-Peve_00007954_42563,37,5,5,5,5-fold,-5.730515933234339,10.717734114876766,-4.44488229049335,7.514460869592338,1528.018206742998,0.1,0,-4.44488229049335,ElasticNet,Peve
gene-Peve_00003595_19522,37,20,15,15,5-fold,-0.16578364296794862,0.655066164040242,-0.8088222865103841,1.4420785156230647,1.6549942091538008,0.5,15,-0.16578364296794862,RF,Peve
gene-Peve_00001451_7953,37,11,5,5,5-fold,-8.152274983554225,14.913134558156507,-3.5265662365511132,6.681103324818953,1094.641281524382,0.1,0,-3.5265662365511132,ElasticNet,Peve
gene-Peve_00028070_146586,37,3,2,2,5-fold,-0.21869942945631876,0.20321216029599035,0.032082911273004375,0.05399834604255703,0.44870006378057103,0.5,2,0.032082911273004375,ElasticNet,Peve
gene-Peve_00027480_143542,37,5,2,2,5-fold,0.012844674611749807,0.2615547715151051,-0.49838062133560757,1.006444722261433,16.417058085996562,0.99,1,0.012844674611749807,RF,Peve
gene-Peve_00003338_18055,37,3,3,3,5-fold,-0.3832788525349891,0.39347850424840575,-0.32584441543752696,0.4815488393802371,2200.5581603744,0.1,0,-0.32584441543752696,ElasticNet,Peve
gene-Peve_00045183_234957,37,13,5,5,5-fold,-8540.35408458541,16967.770897849146,-6998.378238480573,13917.74038433529,1067.0052019669745,0.1,0,-6998.378238480573,ElasticNet,Peve
gene-Peve_00028133_147060,37,30,26,26,5-fold,-0.2280933878251302,0.9307908108782733,-0.3752185807016659,0.5810760009095592,9.58968712910733,0.9,24,-0.2280933878251302,RF,Peve
gene-Peve_00012392_64986,37,45,29,29,5-fold,-0.014049182373607926,0.19691225129939752,-0.37152025635878483,0.6065094503273524,246.09367099433277,0.95,3,-0.014049182373607926,RF,Peve
gene-Peve_00029155_152393,37,2,2,2,5-fold,-0.34533049296622964,0.5556763441728365,-0.5297117621689426,0.5718447670169882,69.16727014184372,0.7,1,-0.34533049296622964,RF,Peve
gene-Peve_00041694_217510,37,3,3,3,5-fold,-0.463136784021034,0.4382653282063188,-0.3753678112677708,0.42193526801010706,2613.3850431465453,0.1,0,-0.3753678112677708,ElasticNet,Peve
gene-Peve_00009978_52955,37,7,7,7,5-fold,0.007231560848521568,0.42798802827510835,0.08146793568324662,0.21427249085507982,0.5130300011154644,0.99,7,0.08146793568324662,ElasticNet,Peve
gene-Peve_00037262_193749,37,100,72,72,5-fold,-1.1848562307446133,1.16271837096283,-2.4678359640128975,3.908641742002295,165.0692069024102,0.99,6,-1.1848562307446133,RF,Peve
gene-Peve_00038365_199835,37,2,2,2,5-fold,-0.6987482472321437,0.7323856950428143,-0.31717482291714105,0.3996352249072708,16.948407814276248,0.95,2,-0.31717482291714105,ElasticNet,Peve
gene-Peve_00033469_174161,37,8,8,8,5-fold,-0.7662153601176017,0.42465047445915166,-0.27295269542137746,0.3289986142419684,735.5891848965124,0.1,0,-0.27295269542137746,ElasticNet,Peve
gene-Peve_00045186_234962,37,9,7,7,5-fold,-1.4674134798476497,2.4134241919976196,-9.09255075069695,13.7653673459729,4458.418803231697,0.1,0,-1.4674134798476497,RF,Peve
gene-Peve_00044113_228993,37,12,10,10,5-fold,-0.16706020964914473,0.11273835331042496,-0.4262588804651547,0.6512972070191021,23.163645171608696,0.99,8,-0.16706020964914473,RF,Peve
gene-Peve_00001622_8917,37,70,66,66,5-fold,-0.23671926091778817,0.17472738467376986,-0.3114649522936257,0.47076452456077184,283.38138966411316,0.99,1,-0.23671926091778817,RF,Peve
gene-Peve_00007674_40796,37,4,4,4,5-fold,-0.5354723305574236,0.5434236234042916,-0.6310784745407277,1.1158630545744879,1957.8973643535655,0.1,1,-0.5354723305574236,RF,Peve
gene-Peve_00000494_2862,37,18,11,11,5-fold,-0.6901939873407912,0.8019295829454965,-0.4641065140737844,0.41725728022335634,2539.694506235348,0.1,0,-0.4641065140737844,ElasticNet,Peve
gene-Peve_00039548_206087,37,42,42,42,5-fold,-0.5301187228673869,0.4427555223354083,-0.19582002797698267,0.11119518119271926,2667.1288057624943,0.1,0,-0.19582002797698267,ElasticNet,Peve
gene-Peve_00035585_185026,37,20,16,16,5-fold,-0.40639602993140284,0.3584130707432872,-0.12860238651097905,0.09044157986017187,1964.390271987504,0.1,0,-0.12860238651097905,ElasticNet,Peve
gene-Peve_00031591_164324,37,18,5,5,5-fold,-31734.273225073593,56927.15010414173,-5806.305576805777,11394.762414404438,72.7876660713536,0.99,1,-5806.305576805777,ElasticNet,Peve
gene-Peve_00010961_58023,37,6,6,6,5-fold,-0.8602906564853668,0.9944498501194545,-0.47486535676630554,0.624201958221953,1649.944479691909,0.1,0,-0.47486535676630554,ElasticNet,Peve
gene-Peve_00016197_85720,37,3,2,2,5-fold,-0.14431165659635944,0.12523520820857492,-0.1336847077845215,0.1506120031835565,1600.4345204746194,0.1,1,-0.1336847077845215,ElasticNet,Peve
gene-Peve_00010507_55867,37,9,8,8,5-fold,-3.2169235275374923,5.923712528682578,-1.561721901394494,2.98118634622793,2.3672906217179066,0.1,8,-1.561721901394494,ElasticNet,Peve
gene-Peve_00021889_114445,37,3,2,2,5-fold,-0.1517917420548827,0.22481377099817468,-0.09137880024358266,0.17912219544244573,4.364874549450968,0.9,2,-0.09137880024358266,ElasticNet,Peve
gene-Peve_00042468_220854,37,2,2,2,5-fold,-0.8021867384627184,1.4529134550589844,-0.4932056672075989,0.9006552041365122,0.6789490001856824,0.5,2,-0.4932056672075989,ElasticNet,Peve
gene-Peve_00035460_184453,37,19,14,14,5-fold,-0.37762637598656673,0.4155583156656025,-0.13287933700401328,0.12774799097395093,3674.820383114735,0.1,0,-0.13287933700401328,ElasticNet,Peve
gene-Peve_00002520_14269,37,66,51,51,5-fold,-1.9786776150128347,2.746958602313486,-1.0171955465382039,1.7545881740114921,2470.7875012494615,0.1,0,-1.0171955465382039,ElasticNet,Peve
gene-Peve_00035378_184020,37,28,16,16,5-fold,-0.7060629658129848,1.1897413189971497,-1.047606122805095,1.8448498618992792,1798.2579318458709,0.1,0,-0.7060629658129848,RF,Peve
gene-Peve_00005440_29401,37,18,16,16,5-fold,-1949.0571243360712,3052.102778633682,-1291.5618370222678,1645.041972072977,60.58911544085248,0.99,3,-1291.5618370222678,ElasticNet,Peve
gene-Peve_00042560_221279,37,13,10,10,5-fold,-3.5716122828425156,4.807804703070594,-1.6633333243776813,2.9495709152720404,1330.8952948512838,0.1,0,-1.6633333243776813,ElasticNet,Peve
gene-Peve_00023800_123712,37,13,10,10,5-fold,-34.95064965110528,69.05374749312116,-19.73829160259445,39.294749892225106,980.186350501204,0.1,0,-19.73829160259445,ElasticNet,Peve
gene-Peve_00014570_76222,37,50,26,26,5-fold,-3.449095385980184,6.748096937384758,-3.674685593865857,7.024848657127048,271.70725993215984,0.7,4,-3.449095385980184,RF,Peve
gene-Peve_00021819_113949,37,9,9,9,5-fold,-0.7790150796115822,0.911031975946913,-0.6313355974342987,1.2066870357900965,3.3933304502284156,0.5,9,-0.6313355974342987,ElasticNet,Peve
gene-Peve_00000474_2781,37,9,3,3,5-fold,-1.0618396015206626,1.7867091082906161,-0.7536785664239748,1.4224007710534565,6.898072637779348,0.99,3,-0.7536785664239748,ElasticNet,Peve
gene-Peve_00037001_192564,37,17,9,9,5-fold,-0.13934295482165018,0.4294844090340188,-0.03222812395189485,0.04885131192809303,1164.0530621632035,0.1,0,-0.03222812395189485,ElasticNet,Peve
gene-Peve_00031302_162729,37,18,10,10,5-fold,-0.07571513204629014,0.27914584803805337,-0.3198389463537773,0.42272503944594186,38.511303620204366,0.99,6,-0.07571513204629014,RF,Peve
gene-Peve_00026469_137949,37,3,3,3,5-fold,-0.45934151120354494,0.515083654128958,-0.569279427287453,0.614437621702467,0.4463498363086189,0.9,3,-0.45934151120354494,RF,Peve
gene-Peve_00006851_36474,37,5,4,4,5-fold,-0.20010393772082624,0.25805648637922834,-1.4709744560694262,2.7771361600901967,0.1943810174634213,0.95,4,-0.20010393772082624,RF,Peve
gene-Peve_00003236_17557,37,13,11,11,5-fold,-2.4089762125991445,4.09078843195035,-2.03192560875278,3.6284091786769226,1858.1559441347526,0.1,0,-2.03192560875278,ElasticNet,Peve
gene-Peve_00031591_164323,37,6,6,6,5-fold,-95823.89192795724,181532.65825399055,-21489.909904977787,40130.88602028469,22.895859324785583,0.1,0,-21489.909904977787,ElasticNet,Peve
gene-Peve_00039925_208315,37,5,5,5,5-fold,-1.0450691403260535,1.5718067713813444,-0.8835671362053408,1.5078363511657724,46.78975428835684,0.99,3,-0.8835671362053408,ElasticNet,Peve
gene-Peve_00008990_47595,37,8,8,8,5-fold,-3121.3069503347374,6228.435585509312,-3621.066969789561,7238.439763350278,81.73876553564621,0.9,2,-3121.3069503347374,RF,Peve
gene-Peve_00041449_216282,37,3,3,3,5-fold,-0.29631338951849695,0.1780754998735277,-0.15472758339840606,0.3761492483418138,22.715571913807942,0.99,2,-0.15472758339840606,ElasticNet,Peve
gene-Peve_00032107_167102,37,2,2,2,5-fold,-1.5850096465327017,2.576931232733999,-5.086526834622689,10.021580378956354,1509.2290353208195,0.1,0,-1.5850096465327017,RF,Peve
gene-Peve_00013910_73242,37,11,11,11,5-fold,-0.2122923275128598,0.2776485932713093,-0.46728739167493333,0.7493748846016702,3120.608968541837,0.1,0,-0.2122923275128598,RF,Peve
gene-Peve_00023800_123711,37,10,9,9,5-fold,-29.373644640504057,58.484368942161765,-21.41584193898877,42.64946330922832,947.6210442474583,0.1,0,-21.41584193898877,ElasticNet,Peve
gene-Peve_00026978_140500,37,6,6,6,5-fold,-0.2217127129780359,0.2293259532151553,-0.16261006103796638,0.17246504712538038,2233.670242598742,0.1,0,-0.16261006103796638,ElasticNet,Peve
gene-Peve_00036480_189602,37,33,22,22,5-fold,-0.6542876153282187,1.09172633644693,-0.2836172057846583,0.1727387453229954,14.949576839951483,0.9,17,-0.2836172057846583,ElasticNet,Peve
gene-Peve_00027051_141099,37,2,2,2,5-fold,-0.6160939657183931,0.802077264897224,-0.7143781186558014,1.0484160969653193,2.1831753351296825,0.5,2,-0.6160939657183931,RF,Peve
gene-Peve_00010316_54772,37,8,8,8,5-fold,-8.218684139261615,16.650476678919542,-3.914899524394791,7.935930687542864,1.139297666757367,0.5,8,-3.914899524394791,ElasticNet,Peve
gene-Peve_00032107_167099,37,10,10,10,5-fold,-26.142514644700213,51.48292529175078,-7.033562262900807,13.941065855884682,169.0385885800195,0.99,1,-7.033562262900807,ElasticNet,Peve
gene-Peve_00027202_141883,37,4,4,4,5-fold,-0.1381424812783943,0.14639449448181252,-0.11803305791777566,0.31430670954593326,0.7559352461938984,0.7,4,-0.11803305791777566,ElasticNet,Peve
gene-Peve_00020589_108107,37,98,90,90,5-fold,-0.18520293114218328,0.24750239650113873,-0.1714036889447435,0.21588040080166593,35.080414815094855,0.1,89,-0.1714036889447435,ElasticNet,Peve
gene-Peve_00027202_141884,37,3,3,3,5-fold,-0.6064578018078132,0.7693011585923935,-0.39112541139257184,0.6824431608768938,1805.5537311288138,0.1,0,-0.39112541139257184,ElasticNet,Peve
gene-Peve_00040867_213251,37,22,13,13,5-fold,-0.6861724614608082,0.6253924111577064,-0.23975392385393413,0.2788598789274349,2424.6727659842904,0.1,0,-0.23975392385393413,ElasticNet,Peve
gene-Peve_00027833_145470,37,77,63,63,5-fold,-0.7244064050412623,1.1790052486906908,-0.9499705730904114,0.9472995641965263,76.70386876778696,0.95,40,-0.7244064050412623,RF,Peve
gene-Peve_00044350_230491,37,29,27,27,5-fold,-0.30753431157833855,0.40773104378574465,-0.09442862358114297,0.19784469704544733,13.487859234898263,0.7,26,-0.09442862358114297,ElasticNet,Peve
gene-Peve_00015772_83545,37,10,10,10,5-fold,-0.2855354524798401,0.3622104869791367,-0.09619846012548225,0.11423425875816899,1763.762590418689,0.1,0,-0.09619846012548225,ElasticNet,Peve
gene-Peve_00012476_65331,37,2,2,2,5-fold,-4873.250567004291,9746.49827742878,-1691.4412398758207,3382.5059127209624,1491.627932457987,0.1,0,-1691.4412398758207,ElasticNet,Peve
gene-Peve_00036007_187143,37,6,6,6,5-fold,-0.7786025077965354,1.4392427546147495,-1.425604702151564,2.71169800791476,33.35886639947254,0.99,5,-0.7786025077965354,RF,Peve
gene-Peve_00014547_76614,37,19,15,15,5-fold,-0.8287707747305264,1.7143627582274774,-0.3878410650662637,0.5098933085910075,64.38677083039529,0.99,6,-0.3878410650662637,ElasticNet,Peve
gene-Peve_00007812_41635,37,15,15,15,5-fold,-0.2518472118192684,0.2425252577520325,-0.1297386681139332,0.10788639157360062,9.3457795649402,0.1,15,-0.1297386681139332,ElasticNet,Peve
gene-Peve_00032107_167098,37,12,12,12,5-fold,-13.994096017661672,26.99088099085419,-10.159604704673864,20.137711267072145,2496.378267646545,0.1,2,-10.159604704673864,ElasticNet,Peve
gene-Peve_00011121_58986,37,19,16,16,5-fold,-1.2486804285334328,2.0083668524721987,-2.0215259351663137,2.4902926469730424,12.326190699340792,0.1,15,-1.2486804285334328,RF,Peve
gene-Peve_00004804_26232,37,2,2,2,5-fold,-1.7548188292466171,3.1744114460078614,-1.5398070605561507,3.0600214135712918,9.528476011513003,0.99,1,-1.5398070605561507,ElasticNet,Peve
gene-Peve_00014404_75716,37,10,10,10,5-fold,-1.7765906949063321,2.672003058978466,-0.6195512852102489,1.1124594064170394,2139.1315251585693,0.1,0,-0.6195512852102489,ElasticNet,Peve
gene-Peve_00020691_108645,37,11,8,8,5-fold,-0.2822015429964339,0.38563661295649315,-0.3047544462535882,0.5240815491062034,1899.2072527342002,0.1,0,-0.2822015429964339,RF,Peve
gene-Peve_00007865_41969,37,11,8,8,5-fold,-2.182776218747868,4.18412553220129,-1.1602791358146411,1.9262937584567636,42.38071277576913,0.99,4,-1.1602791358146411,ElasticNet,Peve
gene-Peve_00010961_58024,37,11,11,11,5-fold,-0.8227110377690933,1.5024648852397133,-0.9372076742564275,0.8734971395459538,3469.792202119792,0.1,0,-0.8227110377690933,RF,Peve
gene-Peve_00003338_18057,37,9,9,9,5-fold,-0.6954679690611051,1.093117434593316,-0.5033394922208619,0.7730265276819852,158.39398413345168,0.95,3,-0.5033394922208619,ElasticNet,Peve
gene-Peve_00043720_227153,37,22,10,10,5-fold,-0.47000608176996944,0.34601581330088954,-0.334634968011957,0.320481972709191,1643.9313724355604,0.1,0,-0.334634968011957,ElasticNet,Peve
gene-Peve_00009703_51353,37,9,9,9,5-fold,-0.2929024535773456,0.3740808189143614,-0.5025800442851411,0.5570193841948229,9.355522504185103,0.5,9,-0.2929024535773456,RF,Peve
gene-Peve_00031917_166262,37,6,5,5,5-fold,-1124.054506601899,2228.688425871256,-1829.6825007729744,3651.9807740871142,4.729249630232367,0.1,5,-1124.054506601899,RF,Peve
gene-Peve_00007908_42243,37,4,4,4,5-fold,-0.5388922487604099,0.44050037322338365,-0.3810042388773029,0.4224859034616429,0.6496748306792846,0.5,4,-0.3810042388773029,ElasticNet,Peve
gene-Peve_00034034_177369,37,20,15,15,5-fold,-0.19459761924094243,0.16738996199808892,-0.275676500785571,0.21075335742272042,2295.8851959681997,0.1,0,-0.19459761924094243,RF,Peve
gene-Peve_00044317_230330,37,2,2,2,5-fold,-1.4396750334032475,2.0476221178929173,-0.7946309912177869,1.3026719856208901,1512.4342951968358,0.1,0,-0.7946309912177869,ElasticNet,Peve
gene-Peve_00001451_7951,37,11,11,11,5-fold,-7.551354250188697,15.077358210191537,-3.9375446048115976,7.6308679608385255,17.35084957120457,0.9,11,-3.9375446048115976,ElasticNet,Peve
gene-Peve_00000455_2688,37,31,23,23,5-fold,-1.7494452042161157,2.3574915300679016,-1.309601765758705,2.22234126629386,21.374336733196976,0.1,23,-1.309601765758705,ElasticNet,Peve
gene-Peve_00001451_7952,37,14,14,14,5-fold,-6.047104561036268,11.020902993534861,-3.2409252019065895,6.145892701311865,1889.4848648865293,0.1,0,-3.2409252019065895,ElasticNet,Peve
gene-Peve_00045183_234955,37,12,10,10,5-fold,-9578.677233046665,19048.00223804418,-6662.358269337291,13233.135133602626,752.8293009591515,0.1,0,-6662.358269337291,ElasticNet,Peve
gene-Peve_00043575_226365,37,13,13,13,5-fold,-2.4246365913098344,3.9638616502402564,-1.5917985623169497,2.7984544055932816,3828.2100880817015,0.1,0,-1.5917985623169497,ElasticNet,Peve
gene-Peve_00027789_145143,37,89,86,86,5-fold,0.06854145365590361,0.12917863278312286,0.008290273765091194,0.08650818044121372,30.69316864312463,0.95,64,0.06854145365590361,RF,Peve
gene-Peve_00028081_146676,37,3,3,3,5-fold,-0.21965443198801965,0.23022858043613884,-0.05262489100398193,0.09311546436666593,471.36385812224376,0.1,0,-0.05262489100398193,ElasticNet,Peve
gene-Peve_00003955_21067,37,6,6,6,5-fold,-0.6065914739231817,0.6820110921993345,-0.5497800675722836,0.9513153927099277,48.917581876592,0.99,4,-0.5497800675722836,ElasticNet,Peve
gene-Peve_00027202_141887,37,2,2,2,5-fold,-0.5930660819592501,0.496017514891926,-0.3210122288584982,0.5704800339302384,604.5745097715184,0.1,0,-0.3210122288584982,ElasticNet,Peve
gene-Peve_00021644_113028,37,2,2,2,5-fold,-0.1730303405491684,0.41330037893696636,-7.467902235147527,14.890043371723149,1.2713015373418135,0.1,2,-0.1730303405491684,RF,Peve
gene-Peve_00033264_173076,37,2,2,2,5-fold,-0.49347948122362484,0.5653684780016788,-0.24344774598018448,0.11444412958524146,1308.3912700318276,0.1,0,-0.24344774598018448,ElasticNet,Peve
gene-Peve_00007267_38696,37,2,2,2,5-fold,-0.3691505614543774,0.41660515142081384,-0.32320480642712696,0.4769446899262865,1.2477125684161527,0.5,2,-0.32320480642712696,ElasticNet,Peve
gene-Peve_00033468_174178,37,16,16,16,5-fold,-0.40581544745560166,0.6786970655009998,-0.5310179067780363,0.4264964124181464,3860.8863340924213,0.1,0,-0.40581544745560166,RF,Peve
gene-Peve_00031074_161724,37,26,15,15,5-fold,-1.1336123571546974,1.6077918235677835,-0.4639784217218468,0.7403812593551542,2305.3428035684724,0.1,0,-0.4639784217218468,ElasticNet,Peve
gene-Peve_00019569_102830,37,38,29,29,5-fold,-0.15190836560712911,0.32287636390743846,-0.042886676536315525,0.06727602201888408,2652.1641849911675,0.1,0,-0.042886676536315525,ElasticNet,Peve
gene-Peve_00020217_105977,37,7,7,7,5-fold,-0.35853000675046204,0.3460583431065135,-0.2678129797191219,0.4719889862169345,2312.858299566173,0.1,0,-0.2678129797191219,ElasticNet,Peve
gene-Peve_00007267_38693,37,2,2,2,5-fold,-1.7838535460371638,3.689679512680051,-2.198919695445275,4.176332796937829,2.821953058123079,0.5,2,-1.7838535460371638,RF,Peve
gene-Peve_00032107_167100,37,6,6,6,5-fold,-4.532595379253017,8.370302962431202,-3.279972908665273,6.287134976939317,12.55144217448008,0.9,6,-3.279972908665273,ElasticNet,Peve
gene-Peve_00004807_26241,37,15,9,9,5-fold,-0.2257648062453112,0.5724736489755637,-0.42980958117317414,0.5832238222509614,168.5711557078023,0.99,7,-0.2257648062453112,RF,Peve
gene-Peve_00004341_23214,37,11,11,11,5-fold,-0.42067431135725625,0.42581119649768473,-0.21848446424794896,0.25305147198177985,3053.476974539599,0.1,0,-0.21848446424794896,ElasticNet,Peve
gene-Peve_00033002_171533,37,8,8,8,5-fold,-1.6710582718754072,2.307859182564333,-0.9870311168766353,1.7398802748213273,2901.5614880292965,0.1,0,-0.9870311168766353,ElasticNet,Peve
gene-Peve_00031926_166290,37,14,11,11,5-fold,-0.8269164432727623,1.1535214394279334,-0.4324307500859774,0.6922351425102891,174.84345349682985,0.99,1,-0.4324307500859774,ElasticNet,Peve
gene-Peve_00044113_228995,37,9,9,9,5-fold,-0.12391652951309262,0.031802018717138024,-0.07503070959294655,0.09180443388121266,3646.551543368404,0.1,2,-0.07503070959294655,ElasticNet,Peve
gene-Peve_00018433_96667,37,32,25,25,5-fold,-0.4065453725888274,0.4813833413714634,-0.3122801969861976,0.30100097904219314,114.59533250439641,0.99,11,-0.3122801969861976,ElasticNet,Peve
gene-Peve_00023982_124859,37,20,13,13,5-fold,-2.425463020086382,4.396876588056915,-1.1796081328157026,1.9333384121582893,115.29695854000646,0.99,5,-1.1796081328157026,ElasticNet,Peve
gene-Peve_00038109_198405,37,2,2,2,5-fold,-0.21920954099743623,0.09650882753278002,-0.026789088206241884,0.10882321675343451,5.192434765777776,0.99,2,-0.026789088206241884,ElasticNet,Peve
gene-Peve_00033464_174157,37,4,4,4,5-fold,-0.6362491414440097,0.5449146287775477,-0.4905024524817129,0.5567760223639945,1574.0508517877406,0.1,0,-0.4905024524817129,ElasticNet,Peve
gene-Peve_00018389_96552,37,4,4,4,5-fold,-0.7409099466366525,0.6589702013522988,-0.2429917889867165,0.3420057607385767,881.1498633303574,0.1,0,-0.2429917889867165,ElasticNet,Peve
gene-Peve_00031926_166295,37,4,4,4,5-fold,-0.5682096552821374,0.6704250120801224,-0.5689241451821125,0.9132535459172584,10.898438765022584,0.1,4,-0.5682096552821374,RF,Peve
gene-Peve_00016555_87373,37,12,6,6,5-fold,-2.0351486344335292,3.462156390328467,-0.7932606997449708,1.5068701099505593,18.491918711643724,0.99,5,-0.7932606997449708,ElasticNet,Peve
gene-Peve_00010317_54781,37,6,6,6,5-fold,-0.6514599360921901,0.790016720771047,-0.4682995276146418,0.866688966449902,1566.6171654343987,0.1,0,-0.4682995276146418,ElasticNet,Peve
gene-Peve_00036554_190050,37,3,3,3,5-fold,-0.21454629511584988,0.10913408328349544,-0.08972277107849047,0.054305006206419745,1782.3268636927316,0.1,0,-0.08972277107849047,ElasticNet,Peve
gene-Peve_00007218_38320,37,6,6,6,5-fold,-0.34277412945615204,0.2614338969492084,-0.13228700385287467,0.09634320939454714,219.15502746879594,0.95,3,-0.13228700385287467,ElasticNet,Peve
gene-Peve_00024805_129661,37,6,2,2,5-fold,-1.9438059723875416,3.523330522980187,-1.6705881997058132,3.3088578725652,945.3099057574644,0.1,0,-1.6705881997058132,ElasticNet,Peve
gene-Peve_00021646_113032,37,7,7,7,5-fold,-0.1280319475830996,0.47364839060840147,-0.596783496963836,0.8121062859358328,1171.883925134296,0.1,0,-0.1280319475830996,RF,Peve
gene-Peve_00032896_170953,37,10,10,10,5-fold,-0.6970116635066977,0.6069528306614963,-1.6658562185447958,2.7767322982989717,3443.98801816939,0.1,0,-0.6970116635066977,RF,Peve
gene-Peve_00000096_870,37,2,2,2,5-fold,-0.8454131070717775,0.9550179279755111,-0.2985412643697125,0.34456551015217446,1207.8490571135947,0.1,0,-0.2985412643697125,ElasticNet,Peve
gene-Peve_00044834_233317,37,36,36,36,5-fold,-1.5100941378668389,1.5337427724161192,-0.7998089346408487,1.317111667965438,3343.457581383152,0.1,0,-0.7998089346408487,ElasticNet,Peve
gene-Peve_00044050_228678,37,16,5,5,5-fold,-0.47817411464396586,0.19666846376411662,-0.24859645666397343,0.18115427112960467,5757.281160216718,0.1,0,-0.24859645666397343,ElasticNet,Peve
gene-Peve_00034957_182114,37,4,4,4,5-fold,-0.28394950420140985,0.24333803991874084,-0.2587218410282094,0.3054223110669572,7.629834669237733,0.1,4,-0.2587218410282094,ElasticNet,Peve
gene-Peve_00014404_75714,37,2,2,2,5-fold,-1.1410732373205288,1.6019559426784342,-0.8548605673112153,1.4131286235538285,1497.7045234976035,0.1,0,-0.8548605673112153,ElasticNet,Peve
gene-Peve_00010317_54780,37,2,2,2,5-fold,-1.949302425134766,3.6917986029591368,-0.815561194629726,1.5063363949765627,5.665067545248715,0.1,2,-0.815561194629726,ElasticNet,Peve
gene-Peve_00031687_165106,37,6,6,6,5-fold,-0.9431012855560883,1.1411992486286628,-0.6024065811369479,1.044170523246426,1658.2230261224986,0.1,0,-0.6024065811369479,ElasticNet,Peve
gene-Peve_00030298_158345,37,10,3,3,5-fold,-0.6546129616254912,0.9607420654266977,-0.5537688792923134,0.7139563933567277,1426.959559177146,0.1,0,-0.5537688792923134,ElasticNet,Peve
gene-Peve_00033264_173075,37,12,12,12,5-fold,-0.6395583255856206,0.9169074960856921,-0.22075189852088645,0.163069108187539,210.6900030455358,0.99,3,-0.22075189852088645,ElasticNet,Peve
gene-Peve_00032330_168273,37,2,2,2,5-fold,-0.24627940940819865,0.3010447923346807,-0.16237932452953802,0.27185161243948835,688.8595496975679,0.1,0,-0.16237932452953802,ElasticNet,Peve
gene-Peve_00018081_94971,37,9,8,8,5-fold,-12.586689652079928,14.718760092400071,-13.970985075139646,21.97833548981275,9.503508982129869,0.1,7,-12.586689652079928,RF,Peve
gene-Peve_00022623_117954,37,16,16,16,5-fold,-1.2065874193454804,1.8623746273489634,-0.5451129278713024,0.9699250816987834,4.468676980011571,0.1,16,-0.5451129278713024,ElasticNet,Peve
gene-Peve_00044937_233696,37,11,11,11,5-fold,-0.3719848981534219,0.5566382600291074,-0.2654565328062946,0.3105843722473144,0.9290084089323786,0.7,11,-0.2654565328062946,ElasticNet,Peve
gene-Peve_00032666_169873,37,16,16,16,5-fold,-2.207579170533351,4.240634343444674,-1.6511561809279034,2.4828756646781973,107.96444956521455,0.99,7,-1.6511561809279034,ElasticNet,Peve
gene-Peve_00035833_186373,37,3,3,3,5-fold,-5.864762514905117,11.178443606102617,-4.767593086092104,9.3414036891992,683.7138988009858,0.1,0,-4.767593086092104,ElasticNet,Peve
gene-Peve_00026588_138621,37,29,24,24,5-fold,0.10819994503143988,0.5269331090410504,-0.11457216710883353,0.12750618122593524,164.79304750361857,0.99,10,0.10819994503143988,RF,Peve
gene-Peve_00043575_226363,37,6,3,3,5-fold,-5.0087975050618505,9.719871865467834,-1.3287437121789343,2.169799857512327,22.31068547442372,0.99,1,-1.3287437121789343,ElasticNet,Peve
gene-Peve_00036234_188243,37,10,10,10,5-fold,-0.631482060376353,0.14342574813156397,-0.18746930681950374,0.14142843296547092,1095.0039671606596,0.1,7,-0.18746930681950374,ElasticNet,Peve
gene-Peve_00004758_25611,37,16,16,16,5-fold,-0.3388812278195843,0.5991586229985137,0.02644507087301997,0.46413693775585807,2.0828049601306584,0.9,15,0.02644507087301997,ElasticNet,Peve
gene-Peve_00009794_51818,37,34,28,28,5-fold,-0.8966611184603824,1.0637526890804423,-0.5151373300848083,0.6198277514304675,150.53609015187104,0.99,8,-0.5151373300848083,ElasticNet,Peve
gene-Peve_00016727_88300,37,29,27,27,5-fold,-0.5086080059315922,0.25240577026073785,-0.3118800566197332,0.23640755458278712,2070.7637564422084,0.1,0,-0.3118800566197332,ElasticNet,Peve
gene-Peve_00037744_196413,37,9,9,9,5-fold,-0.43271272945946493,0.5655188756389978,-0.10805253665439776,0.07010611997598724,3242.9090386966327,0.1,1,-0.10805253665439776,ElasticNet,Peve
gene-Peve_00014552_76660,37,3,2,2,5-fold,-0.19188089244881223,0.21696270592640038,-63.3413517454734,126.44065791635579,526.4285190014119,0.1,0,-0.19188089244881223,RF,Peve
gene-Peve_00010504_55861,37,6,6,6,5-fold,-0.18780411876380096,0.1823949168994897,-0.211058238794181,0.7875152297913375,1.3662035504278784,0.9,6,-0.18780411876380096,RF,Peve
gene-Peve_00006220_32541,37,19,15,15,5-fold,-1.723216866277858,2.2020421247926136,-1.057239993767108,1.3065066683691802,289.0907828856939,0.99,4,-1.057239993767108,ElasticNet,Peve
gene-Peve_00039784_207550,37,23,16,16,5-fold,-1.0469874185361117,1.5831763363027986,-0.539497210295494,0.599807219112308,2590.546685115735,0.1,0,-0.539497210295494,ElasticNet,Peve
gene-Peve_00008480_45100,37,12,10,10,5-fold,-0.3291498662298573,0.541374695096596,-0.126576383112223,0.19726126304208058,135.69479470789253,0.99,5,-0.126576383112223,ElasticNet,Peve
gene-Peve_00044086_229050,37,10,10,10,5-fold,-1.8074223028266156,3.3174819259590325,-0.5467403513388058,0.8495279623155935,3174.528170893402,0.1,0,-0.5467403513388058,ElasticNet,Peve
gene-Peve_00001431_7660,37,32,29,29,5-fold,-3.0099224891880136,5.116087410187065,-1.8547241290956602,3.528564723432314,1865.535003197909,0.1,0,-1.8547241290956602,ElasticNet,Peve
gene-Peve_00038365_199834,37,6,6,6,5-fold,-1.19085097011797,2.070872409637366,-0.7645396154273876,1.3542823191103126,3657.309834639323,0.1,0,-0.7645396154273876,ElasticNet,Peve
gene-Peve_00041488_216416,37,10,8,8,5-fold,-0.7109953127903568,0.9087656152067557,-0.8113557954905455,1.2997543131906246,31.249686087977516,0.99,7,-0.7109953127903568,RF,Peve
gene-Peve_00030230_157910,37,6,4,4,5-fold,-0.4427287642969587,0.24258049095273107,-0.2584656957623913,0.1668800805299413,1.3447833448327426,0.5,4,-0.2584656957623913,ElasticNet,Peve
gene-Peve_00040431_210825,37,11,7,7,5-fold,-0.30681494349682625,0.3897904723580789,-0.32459295182550246,0.3373520861762989,2141.29601124202,0.1,1,-0.30681494349682625,RF,Peve
gene-Peve_00002772_15199,37,11,10,10,5-fold,-3.517115859455444,4.602946489787115,-1.009162230322347,1.5737993091717408,1910.964912897905,0.1,0,-1.009162230322347,ElasticNet,Peve
gene-Peve_00018695_97838,37,5,3,3,5-fold,-0.12247860313709183,0.25837591515251346,-0.22603260638634395,0.3999859956539396,5.499580167026525,0.99,3,-0.12247860313709183,RF,Peve
gene-Peve_00018060_94871,37,4,4,4,5-fold,-0.5511882483703721,0.3968430005235934,-0.4136001361644165,0.6096933679279991,2390.463202528851,0.1,0,-0.4136001361644165,ElasticNet,Peve
gene-Peve_00012670_66459,37,3,3,3,5-fold,-0.3897063740597656,0.4676935586895821,-0.767877236577714,1.150114363932667,1.3832598062504875,0.5,3,-0.3897063740597656,RF,Peve
gene-Peve_00034957_182113,37,4,3,3,5-fold,-0.058482154380683896,0.24074018551287013,-0.10390309538821171,0.1297417450056456,33.82688642836598,0.95,3,-0.058482154380683896,RF,Peve
gene-Peve_00001480_8126,37,6,6,6,5-fold,-0.08220491076068204,0.39644343066543125,0.030705328096840366,0.1993708594152784,1.3974068378476767,0.5,6,0.030705328096840366,ElasticNet,Peve
gene-Peve_00041776_218063,37,16,16,16,5-fold,-0.4175231005395418,0.3862392190022127,-0.1822645821531868,0.19219179177380155,170.69586330131642,0.99,5,-0.1822645821531868,ElasticNet,Peve
gene-Peve_00030262_158119,37,5,5,5,5-fold,-1.8196325073613895,3.057761810068929,-1.0620682194439013,1.8793956700625751,102.22862927304365,0.99,2,-1.0620682194439013,ElasticNet,Peve
gene-Peve_00044317_230329,37,3,3,3,5-fold,-0.7020016390586188,0.9695804550295642,-0.5255707505416135,0.8947591339219517,1200.440070457265,0.1,0,-0.5255707505416135,ElasticNet,Peve
gene-Peve_00027087_141023,37,36,24,24,5-fold,-0.5054948634906603,0.631611673979433,-0.10450839050892917,0.346708910691251,10.50006259306735,0.9,24,-0.10450839050892917,ElasticNet,Peve
gene-Peve_00034004_177484,37,11,5,5,5-fold,-0.6272196760237294,0.7045693873826638,-0.5668686726425929,0.9871097529147012,101.01482658294852,0.99,3,-0.5668686726425929,ElasticNet,Peve
gene-Peve_00033469_174162,37,9,9,9,5-fold,-0.7401856658543284,0.4762176271721988,-0.28671908872387564,0.3254108130707702,268.1059158204937,0.99,2,-0.28671908872387564,ElasticNet,Peve
gene-Peve_00014552_76662,37,5,5,5,5-fold,-1.5843077968658106,2.7498752550708137,-1.3828291575217073,2.1370158770086327,1.0188154799732718,0.7,5,-1.3828291575217073,ElasticNet,Peve
gene-Peve_00000575_3317,37,5,3,3,5-fold,-0.2407058360805124,0.45766685548993347,-0.39557693422355394,0.2996803692677008,5071.548175365824,0.1,1,-0.2407058360805124,RF,Peve
gene-Peve_00044113_228994,37,16,15,15,5-fold,-0.20027774898804354,0.13700559724507125,-0.06749140323747385,0.10934641635844339,24.317800776223383,0.99,11,-0.06749140323747385,ElasticNet,Peve
gene-Peve_00027202_141885,37,5,5,5,5-fold,-0.5774271843550782,0.6235261817439248,-0.24103211965046295,0.3963823017494659,3095.8582102809464,0.1,0,-0.24103211965046295,ElasticNet,Peve
gene-Peve_00004552_24654,37,3,3,3,5-fold,-0.6589919294547755,0.5122082026377672,-0.2614239193144342,0.2597659907999165,2797.2319564861077,0.1,1,-0.2614239193144342,ElasticNet,Peve
gene-Peve_00045186_234963,37,7,5,5,5-fold,-1.7595637746075474,2.606115961731729,-1.9083592944695789,3.4849099660026996,1114.681199193704,0.1,0,-1.7595637746075474,RF,Peve
gene-Peve_00000575_3313,37,6,6,6,5-fold,-0.48539818720154493,0.49761686417708423,-0.15786033156526344,0.12320700208986216,2300.722610337244,0.1,0,-0.15786033156526344,ElasticNet,Peve
gene-Peve_00019431_102052,37,6,5,5,5-fold,-0.8717914117189143,1.4100727689372867,-0.7236258789224018,1.2266247413519458,59.19476342694567,0.99,3,-0.7236258789224018,ElasticNet,Peve
gene-Peve_00014552_76661,37,2,2,2,5-fold,-0.46903395082932287,0.6997309249892739,-0.38396724220489914,0.5283342999222608,3722.330403394384,0.1,0,-0.38396724220489914,ElasticNet,Peve
gene-Peve_00039045_203476,37,37,26,26,5-fold,0.0067260942933514475,0.06989910400111,-0.10876567047768275,0.09690625637657918,5.405480003966338,0.5,26,0.0067260942933514475,RF,Peve
gene-Peve_00043720_227152,37,2,2,2,5-fold,-0.5106726002015299,0.5786281093220852,-0.3159640134860351,0.30043180481460835,29.041192664029676,0.1,2,-0.3159640134860351,ElasticNet,Peve
gene-Peve_00037015_192627,37,42,36,36,5-fold,-0.1577961572322401,0.3017798325560488,-0.5783668459996019,0.4419327693111269,2.4734937489072015,0.5,36,-0.1577961572322401,RF,Peve
gene-Peve_00026085_136059,37,40,28,28,5-fold,-0.25835560551024905,0.7014384759915978,-0.9796064066187331,1.3007122273446718,361.1059417988388,0.99,4,-0.25835560551024905,RF,Peve
gene-Peve_00009993_52663,37,19,12,12,5-fold,-1.9391473575019849,3.2161090121391385,-1.020890085786436,1.8324614457719866,3482.5253867700762,0.1,0,-1.020890085786436,ElasticNet,Peve
gene-Peve_00038978_203122,37,49,39,39,5-fold,-0.6397957431992982,0.29934941709646185,-0.47698206314047187,0.8983261796393744,82.54023076251458,0.99,20,-0.47698206314047187,ElasticNet,Peve
gene-Peve_00028630_149638,37,3,3,3,5-fold,0.05071740618128151,0.46616891783260406,-0.20140929022877518,0.7616819732181468,2.69436503513491,0.9,3,0.05071740618128151,RF,Peve
gene-Peve_00043342_225121,37,40,33,33,5-fold,-1.6457072953267005,2.715774251507643,-0.500410289132442,0.7657323420426997,538.746002087773,0.99,1,-0.500410289132442,ElasticNet,Peve
gene-Peve_00001826_9599,37,15,15,15,5-fold,-0.2993542977587901,0.5259411085650315,-0.9527340006343618,2.115954671370134,43.31769090359608,0.95,13,-0.2993542977587901,RF,Peve
gene-Peve_00013035_68281,37,36,17,17,5-fold,-5.837367786743383,7.57486916633561,-1.276002400041665,1.5567940163404028,2151.694145775187,0.1,0,-1.276002400041665,ElasticNet,Peve
gene-Peve_00002968_16303,37,19,17,17,5-fold,-0.5440409334128538,0.9233238623471282,-0.6674059346059812,1.2270760124040536,7.280390864569055,0.1,17,-0.5440409334128538,RF,Peve
gene-Peve_00041694_217507,37,5,5,5,5-fold,-1.8136976574156969,2.798434724981877,-1.1032515754745424,1.8952375213250776,2194.042396523783,0.1,0,-1.1032515754745424,ElasticNet,Peve
gene-Peve_00014207_74754,37,36,34,34,5-fold,-0.5801661273382064,0.24958739123384066,-0.11761738863518971,0.09797270960252918,248.50794239475186,0.99,10,-0.11761738863518971,ElasticNet,Peve
gene-Peve_00031873_166166,37,2,2,2,5-fold,-1.070059746354595,1.5671563063032365,-0.25821144728559975,0.47232364284739853,1709.412367075531,0.1,0,-0.25821144728559975,ElasticNet,Peve
gene-Peve_00015392_81155,37,34,28,28,5-fold,-0.2820189995388703,0.2584249195609696,-0.266716650252642,0.3595145495333721,73.81642147259747,0.99,15,-0.266716650252642,ElasticNet,Peve
gene-Peve_00027828_145427,37,10,9,9,5-fold,-0.36061395585926137,0.7448283961157053,-0.10476274892333648,0.10596636717837282,3475.9060003963923,0.1,0,-0.10476274892333648,ElasticNet,Peve
gene-Peve_00041694_217509,37,3,3,3,5-fold,-1.4011027918361882,2.33549069746011,-0.8816370462108584,1.3666288638508695,16.9531832068772,0.99,3,-0.8816370462108584,ElasticNet,Peve
gene-Peve_00038594_200927,37,4,2,2,5-fold,-1.0945152994267988,1.5423836879784962,-30.974146499459188,61.55269529965323,672.8238404971944,0.1,0,-1.0945152994267988,RF,Peve
gene-Peve_00044962_233907,37,3,3,3,5-fold,-0.13224569636376365,0.13793305291777763,-0.04735023257314301,0.0492777224961869,13.098411605556382,0.99,3,-0.04735023257314301,ElasticNet,Peve
gene-Peve_00000970_5256,37,9,7,7,5-fold,-369.2648747646742,640.3015981443987,-489.0720410990116,977.3787286178268,3.036618429077092,0.99,6,-369.2648747646742,RF,Peve
gene-Peve_00010642_56516,37,5,5,5,5-fold,-0.8157175475627682,0.7721046474348501,-0.3154889873507623,0.41918919070640814,1.2388059139753624,0.7,5,-0.3154889873507623,ElasticNet,Peve
gene-Peve_00000096_868,37,5,5,5,5-fold,-0.5876714251963947,0.7350163712886105,-0.38185971920236816,0.607245077537485,585.7986873401971,0.1,0,-0.38185971920236816,ElasticNet,Peve
gene-Peve_00040978_213864,37,24,16,16,5-fold,-1.1663887507876225,2.008515315545264,-0.8746196166472323,1.5111154498213573,4.470454534410704,0.5,16,-0.8746196166472323,ElasticNet,Peve
gene-Peve_00018989_99620,37,17,15,15,5-fold,-0.18523666880613288,0.2055476985599164,-0.2918747767847844,0.24620689815082256,2477.775812763189,0.1,0,-0.18523666880613288,RF,Peve
gene-Peve_00015939_84274,37,15,12,12,5-fold,-33562.38135631054,67077.26323405693,-9255.914936475248,18492.270027075727,818.1205429130322,0.1,0,-9255.914936475248,ElasticNet,Peve
gene-Peve_00039924_208313,37,8,8,8,5-fold,-0.6665589401803566,0.8250964210278768,-1.652933556956791,3.11166686835934,534.4281608000932,0.99,1,-0.6665589401803566,RF,Peve
gene-Peve_00001451_7954,37,9,8,8,5-fold,-3.2339602235173226,6.0443055271873165,-1.8678408355257894,2.94251740450085,116.07020779226809,0.99,5,-1.8678408355257894,ElasticNet,Peve
gene-Peve_00007803_41605,37,6,6,6,5-fold,-3.962685648974767,7.128807231562489,-4.045002261984354,6.862367258434999,6133.251535072224,0.1,0,-3.962685648974767,RF,Peve
gene-Peve_00022780_118667,37,12,9,9,5-fold,-1394.7755014205336,2786.3765947180955,-1629.0622883671235,3256.988751187311,25.661739977627676,0.99,5,-1394.7755014205336,RF,Peve
gene-Peve_00000969_5249,37,10,9,9,5-fold,-4.77104320517339,9.686200983293265,-3.1754655627929314,6.303350483735569,5.834269965566509,0.1,9,-3.1754655627929314,ElasticNet,Peve
gene-Peve_00016315_86301,37,8,8,8,5-fold,-1.6987661360557045,2.44782532531219,-0.41213931229202966,0.7280167468150703,2022.0018261385778,0.1,0,-0.41213931229202966,ElasticNet,Peve
gene-Peve_00023995_125036,37,2,2,2,5-fold,-0.6886836078793094,0.6603673600640589,-0.33196427903926207,0.49986061714334207,53.19412025628585,0.99,2,-0.33196427903926207,ElasticNet,Peve
gene-Peve_00034957_182112,37,11,5,5,5-fold,0.07594456138195578,0.224987003188935,-0.10089631837331928,0.09415248034409954,44.88429291825927,0.95,3,0.07594456138195578,RF,Peve
gene-Peve_00024180_126034,37,6,6,6,5-fold,0.07881628197467486,0.12537401803404524,-0.07492823579644695,0.1464162584768283,0.6993186791521402,0.5,6,0.07881628197467486,RF,Peve
gene-Peve_00038118_198440,37,17,13,13,5-fold,-0.45821978982862727,0.8616163282353938,-3.5067007739281295,6.938873140131165,3102.369953883535,0.1,0,-0.45821978982862727,RF,Peve
gene-Peve_00012299_64475,37,47,37,37,5-fold,-0.851883793159033,0.7863118334573027,-0.41664710939007454,0.4898069902847475,24.982616782480402,0.1,37,-0.41664710939007454,ElasticNet,Peve
gene-Peve_00036753_191030,37,28,19,19,5-fold,-0.9778251203908812,1.8539816014422419,-0.5877704796312047,0.7145928075812845,184.80057418903186,0.99,4,-0.5877704796312047,ElasticNet,Peve
gene-Peve_00013362_70144,37,7,4,4,5-fold,-1.010497233305755,1.3185096286640154,-0.6448199942367905,1.1386816791653367,191.1427157172589,0.99,1,-0.6448199942367905,ElasticNet,Peve
gene-Peve_00005778_30891,37,19,19,19,5-fold,-0.15376260620095675,0.243620060112447,-0.10731784486042453,0.06594455551149495,3517.338705003431,0.1,0,-0.10731784486042453,ElasticNet,Peve
gene-Peve_00002925_16094,37,9,5,5,5-fold,-0.23930158225700016,0.1937333455791766,-0.2247385161730306,0.40098851631317606,113.315855584952,0.99,2,-0.2247385161730306,ElasticNet,Peve
gene-Peve_00034957_182118,37,7,7,7,5-fold,-0.18299393707379724,0.417510519826357,-0.21884938684140912,0.4113315904444209,4.142714750307984,0.99,6,-0.18299393707379724,RF,Peve
gene-Peve_00032107_167096,37,9,9,9,5-fold,-9.527147465007328,18.72727215733598,-3.536784625026474,6.055691538631446,2450.2345118597527,0.1,0,-3.536784625026474,ElasticNet,Peve
gene-Peve_00007267_38692,37,3,3,3,5-fold,-0.9741442418051924,1.9518222080644572,-0.2163278543187866,0.38373481177641516,1.6451105431218096,0.7,3,-0.2163278543187866,ElasticNet,Peve
gene-Peve_00044938_233665,37,5,5,5,5-fold,-0.13272185402817338,0.17141886699224304,-0.37665225740678704,0.6011628883604698,234.14130102567697,0.99,1,-0.13272185402817338,RF,Peve
gene-Peve_00000127_1076,37,4,3,3,5-fold,-19.139904006448262,27.531925019906986,-60.76695370434214,74.16533280731397,1030.7383930636465,0.1,0,-19.139904006448262,RF,Peve
gene-Peve_00044050_228680,37,7,4,4,5-fold,-0.5262793644286137,0.4231143447116398,-0.2640319520638399,0.18565072325160517,2751.654707506672,0.1,0,-0.2640319520638399,ElasticNet,Peve
gene-Peve_00007850_41856,37,15,6,6,5-fold,-11.047198278885626,21.66252729942421,-6.956433435398322,11.047007983368617,1323.843852104183,0.1,2,-6.956433435398322,ElasticNet,Peve
gene-Peve_00031873_166163,37,8,5,5,5-fold,-0.7104959940975648,1.146266243666682,-0.3534639547201202,0.6440333297674077,4698.2126965705575,0.1,1,-0.3534639547201202,ElasticNet,Peve
gene-Peve_00015771_83542,37,2,2,2,5-fold,-0.42798962352295666,0.36403398744595605,-0.19785721239554896,0.30474200121667216,1769.8374921991071,0.1,0,-0.19785721239554896,ElasticNet,Peve
gene-Peve_00026562_138450,37,4,4,4,5-fold,-0.5639148490646828,0.8107757909600849,-0.2742964505007356,0.3452764257397412,3022.204202522829,0.1,0,-0.2742964505007356,ElasticNet,Peve
gene-Peve_00023732_123426,37,5,5,5,5-fold,-0.2649320961350992,0.16720698315628538,-0.17038198585075173,0.17421646519501036,3.5134438950788085,0.1,5,-0.17038198585075173,ElasticNet,Peve
gene-Peve_00043575_226376,37,3,3,3,5-fold,-1.3245649285777636,1.6300994849225519,-0.5781326163587487,0.7846192902866486,129.0842008385113,0.99,1,-0.5781326163587487,ElasticNet,Peve
gene-Peve_00026681_139037,37,7,7,7,5-fold,-2.027987820355395,3.7631743423490276,-0.9414442468717569,1.5898081158746151,309.7762559943364,0.99,1,-0.9414442468717569,ElasticNet,Peve
gene-Peve_00044317_230328,37,5,5,5,5-fold,-0.45940010946619114,0.461923758057801,-0.35690156410903773,0.6019193765160469,4223.816554068136,0.1,0,-0.35690156410903773,ElasticNet,Peve
gene-Peve_00018081_94972,37,3,2,2,5-fold,-21.538359417380896,19.39988158302895,-20.752873899031577,34.731837890659996,163.72423376260994,0.1,0,-20.752873899031577,ElasticNet,Peve
gene-Peve_00016315_86303,37,6,6,6,5-fold,-0.022167257763705782,0.21979553697287627,-0.21151068778358476,0.36285265694771074,34.4547953839546,0.99,3,-0.022167257763705782,RF,Peve
gene-Peve_00037744_196411,37,5,5,5,5-fold,-0.2356461401109006,0.22157483363620376,-0.2327822807082201,0.3292138921754925,3317.6734405083207,0.1,0,-0.2327822807082201,ElasticNet,Peve
gene-Peve_00028469_148726,37,2,2,2,5-fold,-0.3647934787015463,0.4444965066744333,-0.23707770732029312,0.326715396471049,2.4055439983893914,0.5,2,-0.23707770732029312,ElasticNet,Peve
gene-Peve_00028481_148785,37,45,27,27,5-fold,-0.14056784907602676,0.4124305357517649,-0.26057555749968053,0.33508379624221724,6.892460911078265,0.1,27,-0.14056784907602676,RF,Peve
gene-Peve_00043393_225387,37,4,4,4,5-fold,-0.7013094905328219,0.9530207079255216,-0.4641276278523131,0.7117563416062311,2870.9615277292573,0.1,0,-0.4641276278523131,ElasticNet,Peve
gene-Peve_00028441_148621,37,54,45,45,5-fold,-1.0118331785049235,0.9944935120237157,-0.8411475091547158,1.1302188843694292,2137.1006555601175,0.1,20,-0.8411475091547158,ElasticNet,Peve
gene-Peve_00024180_126032,37,10,10,10,5-fold,0.02636260921462801,0.1894512246626152,-0.4468398139753635,0.7645310733326923,22.775533927708707,0.99,6,0.02636260921462801,RF,Peve
gene-Peve_00044939_233679,37,4,4,4,5-fold,-0.08343780203597514,0.17559772893183206,-0.397030313034555,0.6370360215032163,3182.299038303521,0.1,0,-0.08343780203597514,RF,Peve
gene-Peve_00039185_204459,37,2,2,2,5-fold,-0.2730557733094085,0.42588384638304944,-0.2240118062415549,0.3458014899623531,2092.081183743787,0.1,0,-0.2240118062415549,ElasticNet,Peve
gene-Peve_00020239_106145,37,2,2,2,5-fold,-0.7139158967667528,0.8633588516748213,-0.6473608596235346,0.993884930434269,69.48729292828297,0.99,1,-0.6473608596235346,ElasticNet,Peve
gene-Peve_00007613_40585,37,24,15,15,5-fold,-71.48191443162825,141.49755030769956,-47.82755643553032,94.81677195684021,2.4120480933423907,0.7,15,-47.82755643553032,ElasticNet,Peve
gene-Peve_00007849_41833,37,3,3,3,5-fold,-0.4205734732212994,0.6240306095626077,-0.14441335133989083,0.2151569993976924,0.6988181866826876,0.7,3,-0.14441335133989083,ElasticNet,Peve
gene-Peve_00031660_164770,37,20,20,20,5-fold,-0.22847067202937438,0.3612454352052195,-0.24847747315362442,0.2924548651601214,3.122797847389468,0.5,20,-0.22847067202937438,RF,Peve
gene-Peve_00018839_98680,37,27,27,27,5-fold,-0.29756374702052163,0.35146584388354435,-0.09104438225388449,0.10324339078551022,331.36694545581094,0.99,6,-0.09104438225388449,ElasticNet,Peve
gene-Peve_00000127_1078,37,9,4,4,5-fold,-14.779897029154066,24.352697756737975,-14.855825140161688,25.775164974595565,958.4182058502078,0.1,0,-14.779897029154066,RF,Peve
gene-Peve_00023004_119790,37,3,3,3,5-fold,-0.48259307830886894,0.21348241447953015,-0.09014892255410353,0.08028177054407892,0.25668165458222697,0.99,3,-0.09014892255410353,ElasticNet,Peve
gene-Peve_00029254_152683,37,16,16,16,5-fold,-0.4950776262578339,0.788529502587677,-0.8025592581058486,0.5720046412144226,125.20000745880446,0.99,8,-0.4950776262578339,RF,Peve
gene-Peve_00044113_228996,37,11,8,8,5-fold,-0.1427913553268886,0.24841909491300054,-0.10301436151026185,0.15754513154017338,2775.1765517616004,0.1,0,-0.10301436151026185,ElasticNet,Peve
gene-Peve_00041078_214567,37,13,7,7,5-fold,-0.46196793060733443,0.6104874662564311,-0.07711856772955719,0.13290628648222177,1.7342199941031107,0.9,7,-0.07711856772955719,ElasticNet,Peve
gene-Peve_00009500_50103,37,2,2,2,5-fold,-0.9695144717435922,1.0783664712348955,-0.7121350076681013,1.2409409941475595,1208.9408064085333,0.1,0,-0.7121350076681013,ElasticNet,Peve
gene-Peve_00045186_234964,37,8,5,5,5-fold,-2.1568612191729843,2.813374287262195,-2.0163445102754682,3.0894481170812087,21.99717444124151,0.99,5,-2.0163445102754682,ElasticNet,Peve
gene-Peve_00032107_167097,37,12,12,12,5-fold,-6.292967273608542,11.268425259232698,-3.435763474935777,6.560272904704295,3.761398091550156,0.5,12,-3.435763474935777,ElasticNet,Peve
gene-Peve_00043041_223649,37,11,6,6,5-fold,-1.401818271461631,2.0843118694218794,-0.7168388547489657,1.158286701249386,4.793882170563258,0.99,6,-0.7168388547489657,ElasticNet,Peve
gene-Peve_00040431_210818,37,23,17,17,5-fold,-0.9336246472814708,0.8967082693656656,-0.319883139320879,0.49885941058949823,610.4898389197626,0.99,0,-0.319883139320879,ElasticNet,Peve
gene-Peve_00031472_163543,37,12,5,5,5-fold,-0.6187856112663421,0.9718645755145832,-1.4735022788033152,1.8867309273243027,2558.5537687114147,0.1,0,-0.6187856112663421,RF,Peve
gene-Peve_00040431_210826,37,6,5,5,5-fold,-0.6407963964213463,0.4400778221627866,-0.7964734970053472,1.1287913582606912,2.486820554600499,0.7,5,-0.6407963964213463,RF,Peve
gene-Peve_00001453_7978,37,5,5,5,5-fold,-3.6490067243710627,7.23462153970794,-3.710304396350317,7.531628423694594,6.764414150494094,0.95,4,-3.6490067243710627,RF,Peve
gene-Peve_00002669_14886,37,11,11,11,5-fold,-0.6192805031150087,0.3376797266547643,-0.24143201659144026,0.31389740246036407,4070.338290371222,0.1,0,-0.24143201659144026,ElasticNet,Peve
gene-Peve_00007218_38318,37,3,3,3,5-fold,-0.39830542909142125,0.47441086336440874,-0.17327594350438608,0.18600447807710918,0.9136407951911044,0.5,3,-0.17327594350438608,ElasticNet,Peve
gene-Peve_00013452_70014,37,33,30,30,5-fold,-0.12881211180549532,0.08388033270577759,-0.3310064495316164,0.5204772793744574,271.94514630879144,0.99,7,-0.12881211180549532,RF,Peve
gene-Peve_00008658_45975,37,11,11,11,5-fold,-0.4755508324200225,0.6193858272942441,-0.29815683188649256,0.5670662102146333,145.73884614005965,0.99,4,-0.29815683188649256,ElasticNet,Peve
gene-Peve_00018389_96551,37,3,3,3,5-fold,-0.4751372238976718,1.0281930987312706,-0.6105659777976646,1.0524365075730904,1604.4429495459583,0.1,0,-0.4751372238976718,RF,Peve
gene-Peve_00006851_36475,37,7,7,7,5-fold,-0.310203228749277,0.14931847044546456,-0.1307005327293913,0.059407577948970884,8.05796132229465,0.1,7,-0.1307005327293913,ElasticNet,Peve
gene-Peve_00006710_35696,37,8,8,8,5-fold,-0.3479604096077404,0.29606479767491956,-0.09905480540944507,0.07249445406743782,3783.151030267235,0.1,1,-0.09905480540944507,ElasticNet,Peve
gene-Peve_00026681_139035,37,5,5,5,5-fold,-0.4603656310921652,0.4323858812956278,-0.340860375603157,0.591482604817287,81.47973122582798,0.95,4,-0.340860375603157,ElasticNet,Peve
gene-Peve_00009703_51351,37,6,6,6,5-fold,-0.7184285790678867,0.662602155786324,-0.2973756338384732,0.35652334373592376,3.8657476877103987,0.5,6,-0.2973756338384732,ElasticNet,Peve
gene-Peve_00015756_83477,37,31,22,22,5-fold,-0.7388959184922929,1.1629429555315691,-0.3905286642345878,0.6373286934852985,5139.621874081285,0.1,0,-0.3905286642345878,ElasticNet,Peve
gene-Peve_00024180_126037,37,9,8,8,5-fold,-0.151947408400889,0.1598819188821399,-0.19879606619225934,0.3134975551358279,3.9124293401004033,0.1,8,-0.151947408400889,RF,Peve
gene-Peve_00038072_197946,37,13,13,13,5-fold,-0.922316594775612,1.0581037440734942,-0.29052138758014023,0.37336911250291904,4878.287204357075,0.1,1,-0.29052138758014023,ElasticNet,Peve
gene-Peve_00001172_6315,37,36,25,25,5-fold,-1.1708699138676275,1.063684220971858,-0.317998704385214,0.26767202189365474,35.395807836694836,0.95,19,-0.317998704385214,ElasticNet,Peve
gene-Peve_00022450_117329,37,18,18,18,5-fold,-0.8554061367972814,0.7760077013670056,-0.6035854261705325,1.1378298887647669,339.64762340614624,0.99,1,-0.6035854261705325,ElasticNet,Peve
gene-Peve_00026925_140206,37,90,66,66,5-fold,-1.96626446876146,2.5089533491001568,-9.155038098628241,17.90377258976451,8.771026210926134,0.5,65,-1.96626446876146,RF,Peve
gene-Peve_00008079_43306,37,3,2,2,5-fold,-0.24319168874939456,0.5707493468135125,-0.05775139135796283,0.35119707299053604,35.820992576755685,0.99,2,-0.05775139135796283,ElasticNet,Peve
gene-Peve_00018060_94869,37,5,5,5,5-fold,-1.270168815860289,2.45664616374765,-1.161729949068452,2.1158295626647456,1428.8161452955467,0.1,0,-1.161729949068452,ElasticNet,Peve
gene-Peve_00003915_21001,37,11,11,11,5-fold,-0.6588486765083432,0.47583748074127424,-0.15760291467914964,0.10581693852962973,1707.1911858274486,0.1,0,-0.15760291467914964,ElasticNet,Peve
gene-Peve_00035492_184708,37,55,37,37,5-fold,-0.5446883422789248,0.7758449628961017,-0.29480364917393576,0.28336456647550434,6.56385286590481,0.5,37,-0.29480364917393576,ElasticNet,Peve
gene-Peve_00021008_110168,37,3,3,3,5-fold,-0.10834588481052539,0.4676296698197109,-14.161965853400357,27.68182902863692,2.7194544615836134,0.5,3,-0.10834588481052539,RF,Peve
gene-Peve_00000946_5168,37,21,20,20,5-fold,-0.5613304168925531,0.7389844057708418,-0.4941942803189255,0.893900429021319,87.47906442454668,0.1,20,-0.4941942803189255,ElasticNet,Peve
gene-Peve_00040516_211219,37,20,20,20,5-fold,-0.6109052652982049,0.3362296543800939,-0.16579391259363302,0.08826765820742906,4775.1787235483625,0.1,0,-0.16579391259363302,ElasticNet,Peve
gene-Peve_00024369_127272,37,33,31,31,5-fold,-3.679252945649778,6.5209003274274,-2.56926448061282,4.99362452884913,4.948420924874508,0.5,31,-2.56926448061282,ElasticNet,Peve
gene-Peve_00035460_184454,37,4,4,4,5-fold,-0.4452685466538611,0.7809221276435324,-0.10768943404648038,0.128073643088252,1887.588733285387,0.1,0,-0.10768943404648038,ElasticNet,Peve
gene-Peve_00000338_1994,37,32,24,24,5-fold,-2.2450831198683794,4.47014076667299,-0.8782701487138495,1.3527045245329257,131.12225266967977,0.95,10,-0.8782701487138495,ElasticNet,Peve
gene-Peve_00027251_142222,37,9,9,9,5-fold,-0.9654791987670792,1.3975327602265322,-0.5414129481970148,1.0023392086277634,3287.4281475793277,0.1,0,-0.5414129481970148,ElasticNet,Peve
gene-Peve_00002023_11328,37,3,3,3,5-fold,-1.9781092415872898,3.04942394322219,-1.5307106167596687,2.298910429625503,3572.7099967437466,0.1,0,-1.5307106167596687,ElasticNet,Peve
gene-Peve_00043035_223645,37,32,26,26,5-fold,-4.213468705306696,7.623152675951804,-3.1920323049720034,6.129092793157243,12.157198810464706,0.1,26,-3.1920323049720034,ElasticNet,Peve
gene-Peve_00004168_22154,37,46,46,46,5-fold,-2.761508553070834,4.998574944710425,-1.7344533657488512,3.3464888829268262,550.6695424955711,0.99,3,-1.7344533657488512,ElasticNet,Peve
gene-Peve_00007849_41834,37,8,8,8,5-fold,-0.141284398481293,0.4395256962925584,-0.23145574351717868,0.3940928122064847,2.0943218705338245,0.9,8,-0.141284398481293,RF,Peve
gene-Peve_00002925_16095,37,2,2,2,5-fold,-0.2760470390873583,0.11852747582172844,-0.09308383292077753,0.11471106111655403,20.214015921195582,0.1,2,-0.09308383292077753,ElasticNet,Peve
gene-Peve_00013500_70673,37,5,4,4,5-fold,-293.4258197241741,574.4328525409531,-71.31345638532639,141.7332465916295,175.14205805965318,0.1,0,-71.31345638532639,ElasticNet,Peve
gene-Peve_00018442_96690,37,8,4,4,5-fold,-0.47071423728772716,0.3437398575894526,-0.22492465271378598,0.23626092903555632,4.773297221310447,0.5,4,-0.22492465271378598,ElasticNet,Peve
gene-Peve_00009433_49766,37,53,29,29,5-fold,-0.007709106552225631,0.3270063384910929,-0.33327604858400905,0.39444574880379707,3708.709196021441,0.1,0,-0.007709106552225631,RF,Peve
gene-Peve_00031485_163667,37,21,11,11,5-fold,-6.748506344798733,12.975713056481288,-8.224189703841319,16.319772274099584,30.618889050174523,0.99,10,-6.748506344798733,RF,Peve
gene-Peve_00020409_106967,37,44,28,28,5-fold,-0.10603235106402087,0.26714889988684865,-0.4042575095738843,0.739960686666621,5751.191237980492,0.1,0,-0.10603235106402087,RF,Peve
gene-Peve_00032330_168274,37,5,5,5,5-fold,-0.22870069386454875,0.43076265738173797,-0.28992647286158524,0.47934176544802654,3882.1479462221337,0.1,0,-0.22870069386454875,RF,Peve
gene-Peve_00001271_6903,37,2,2,2,5-fold,-0.3775510162959173,0.34976602399782397,-0.3541142091399481,0.42857217274499626,1.181583075631767,0.99,2,-0.3541142091399481,ElasticNet,Peve
gene-Peve_00000947_5172,37,3,2,2,5-fold,-4.715156661278793,9.007114874209261,-3.888671159024077,7.47156459395383,21.833451281199594,0.99,1,-3.888671159024077,ElasticNet,Peve
gene-Peve_00007267_38695,37,4,4,4,5-fold,-0.8606512735698008,1.0130944593128821,-0.48549285943702447,0.7747782527048612,3863.1896431982177,0.1,0,-0.48549285943702447,ElasticNet,Peve
gene-Peve_00033467_174173,37,20,20,20,5-fold,-0.5069094173055795,0.6821867820846798,-0.40400390227234534,0.3950346606123223,13.656916741741712,0.7,19,-0.40400390227234534,ElasticNet,Peve
gene-Peve_00026978_140499,37,7,6,6,5-fold,-0.1668186443472505,0.30058498112161747,-0.12114412486496892,0.16718218332513654,4.071605631186107,0.5,5,-0.12114412486496892,ElasticNet,Peve
gene-Peve_00001160_6217,37,5,4,4,5-fold,-0.8089239812371932,1.0008695312070701,-1.2099714945329096,2.195109485855494,41.89910931994024,0.99,3,-0.8089239812371932,RF,Peve
gene-Peve_00003363_18202,37,26,16,16,5-fold,-104.99862643482386,208.2428399017956,-60.730296637389266,121.09667071599046,6099.2988788144485,0.1,0,-60.730296637389266,ElasticNet,Peve
gene-Peve_00044350_230492,37,5,5,5,5-fold,-0.11336874428290353,0.16899409131385396,-0.06077356566431265,0.09139065003965816,2415.4590081550173,0.1,0,-0.06077356566431265,ElasticNet,Peve
gene-Peve_00021921_114667,37,9,9,9,5-fold,-1.2933066351888616,2.8539468530044503,-0.6168076863639118,1.0507917003021714,4711.34283340866,0.1,0,-0.6168076863639118,ElasticNet,Peve
gene-Peve_00038109_198404,37,15,9,9,5-fold,-0.20768783638834032,0.3854803388469801,-0.3105421441987219,0.32760869008330745,3500.388829302852,0.1,0,-0.20768783638834032,RF,Peve
gene-Peve_00016315_86302,37,2,2,2,5-fold,-0.5687285770381015,1.0722085118325166,-0.3985080199709189,0.8809843489231088,1.4195097357426585,0.5,2,-0.3985080199709189,ElasticNet,Peve
gene-Peve_00001453_7979,37,6,5,5,5-fold,-3.08908448420925,5.947851387009948,-2.504068797778774,4.938477195202615,45.3467503679855,0.1,5,-2.504068797778774,ElasticNet,Peve
gene-Peve_00044114_229003,37,2,2,2,5-fold,-0.3918070750600166,0.6587653830113918,-9.631964073670744,18.573204366511487,1.1552907056652513,0.9,2,-0.3918070750600166,RF,Peve
gene-Peve_00003363_18204,37,3,3,3,5-fold,-73.51068049129314,142.6251489583647,-35.58200703852471,51.9574923170325,7.963854613098527,0.5,3,-35.58200703852471,ElasticNet,Peve
gene-Peve_00033469_174163,37,11,11,11,5-fold,-0.4977299871343238,0.31110475170047946,-0.48435791417420687,0.3620413931902303,65.63506482456705,0.99,9,-0.48435791417420687,ElasticNet,Peve
gene-Peve_00041683_217446,37,9,9,9,5-fold,-3.340115130367188,6.665992294464557,-0.9250505233638083,1.7209478191132501,3051.7130317245546,0.1,0,-0.9250505233638083,ElasticNet,Peve
gene-Peve_00024180_126035,37,15,14,14,5-fold,-0.3534239560419693,0.46761227486086676,-0.08270214249858272,0.11968471624554698,3591.7044207084914,0.1,0,-0.08270214249858272,ElasticNet,Peve
gene-Peve_00044938_233664,37,8,8,8,5-fold,0.04595741331057064,0.32934588165111,-0.14877503214022356,0.1339464029639226,23.917445620989557,0.1,8,0.04595741331057064,RF,Peve
gene-Peve_00024180_126036,37,6,5,5,5-fold,-0.21006944753999185,0.21116565774944585,-0.11187416847514849,0.18339529391889578,3295.29979511123,0.1,0,-0.11187416847514849,ElasticNet,Peve
gene-Peve_00009703_51352,37,9,9,9,5-fold,-0.20678191110851776,0.5206351322560917,-0.26135504900398454,0.15192860082521858,6.014550928717424,0.5,9,-0.20678191110851776,RF,Peve
gene-Peve_00007954_42559,37,4,4,4,5-fold,-3.5410187160961697,6.281729196873368,-1.7060885647096757,3.0459825055336873,1749.2731735708019,0.1,0,-1.7060885647096757,ElasticNet,Peve
gene-Peve_00000294_1894,37,14,14,14,5-fold,-0.3713808968249294,0.32746733570352854,-0.05833185707046011,0.05428452309831645,522.2193999868833,0.99,1,-0.05833185707046011,ElasticNet,Peve
gene-Peve_00036499_189567,37,15,15,15,5-fold,-1.138770905410775,1.4223007335838416,-0.7567066324873932,1.2796763626469374,5978.477143619068,0.1,0,-0.7567066324873932,ElasticNet,Peve
gene-Peve_00034385_179362,37,4,3,3,5-fold,-0.8590397705598516,1.0929983843207822,-0.41925190526041856,0.5515618182717525,2091.859192891071,0.1,0,-0.41925190526041856,ElasticNet,Peve
gene-Peve_00010514_55878,37,29,23,23,5-fold,-0.26071569688802704,0.40165235655450343,-0.3175275946824422,0.23768236699611914,168.77950764083937,0.7,20,-0.26071569688802704,RF,Peve
gene-Peve_00024484_127912,37,7,7,7,5-fold,-0.574841619870277,0.48700877406706494,-0.3130356769090285,0.3598025296640654,4558.714606457584,0.1,0,-0.3130356769090285,ElasticNet,Peve
gene-Peve_00028630_149639,37,5,5,5,5-fold,-1.018910804150559,1.9384596449589135,-1.2636236167167874,2.183860840153948,121.85606383407288,0.99,5,-1.018910804150559,RF,Peve
gene-Peve_00000033_395,37,7,5,5,5-fold,-0.0628141733887699,0.25168095244703564,-0.4300991150347985,1.0880525803396222,1.3369236860990446,0.7,5,-0.0628141733887699,RF,Peve
gene-Peve_00000494_2861,37,6,6,6,5-fold,-1.216740094929418,1.0246303076283683,-0.4817629767929093,0.46181287359825524,5283.957678465028,0.1,0,-0.4817629767929093,ElasticNet,Peve
gene-Peve_00023232_120748,37,15,7,7,5-fold,-0.7381821428156409,0.4192385015512184,-0.23136903762929828,0.20713146078636938,40.127856895608204,0.99,5,-0.23136903762929828,ElasticNet,Peve
gene-Peve_00044939_233683,37,3,3,3,5-fold,-0.236759988400095,0.24448285905409783,-0.050522909982062325,0.06727519736652081,2.5433885778899197,0.5,3,-0.050522909982062325,ElasticNet,Peve
gene-Peve_00043078_223920,37,12,9,9,5-fold,-0.3937498947155032,0.21052699559754104,-0.20449176169008138,0.3436419196415529,10.344314588537248,0.1,9,-0.20449176169008138,ElasticNet,Peve
gene-Peve_00002219_12352,37,12,11,11,5-fold,-1.139217400336059,1.9791266441263728,-1.2693549693366175,2.058752266543926,617.2737488822964,0.99,0,-1.139217400336059,RF,Peve
gene-Peve_00001961_10984,37,13,13,13,5-fold,-0.25366939075558637,0.3188707447052538,-0.23807859244530372,0.2962709579276018,5568.913874762687,0.1,0,-0.23807859244530372,ElasticNet,Peve
gene-Peve_00023800_123710,37,7,5,5,5-fold,-14.208749851103766,24.388521698261446,-15.053330067227558,29.764077309858248,989.5284399639122,0.1,0,-14.208749851103766,RF,Peve
gene-Peve_00044380_230681,37,3,3,3,5-fold,-0.37684973490886164,0.7113155923183141,-0.15675683672949975,0.24802284379604075,6.69760250360753,0.1,3,-0.15675683672949975,ElasticNet,Peve
gene-Peve_00015290_80555,37,4,4,4,5-fold,-13.971123101938492,27.280849887916354,-11.047088451913648,21.335477968367083,384.25173917434216,0.99,1,-11.047088451913648,ElasticNet,Peve
gene-Peve_00024180_126033,37,25,25,25,5-fold,-0.16887276801691717,0.3772965440734229,-0.04251083165338736,0.04112362088200233,26.47794261136455,0.7,24,-0.04251083165338736,ElasticNet,Peve
gene-Peve_00031917_166261,37,13,12,12,5-fold,-1949.446187686283,3890.8632318192867,-2047.3565438705477,4089.565302148881,5623.750817849353,0.1,0,-1949.446187686283,RF,Peve
gene-Peve_00026978_140498,37,2,2,2,5-fold,-0.1348974096302976,0.16316930804896873,-0.324570723828678,0.5994285726877031,1.9821834934251017,0.7,2,-0.1348974096302976,RF,Peve
gene-Peve_00030106_157268,37,12,12,12,5-fold,-0.712912360952913,0.899366034500048,-0.30719661732940834,0.39764838001372055,1.072693854388015,0.7,12,-0.30719661732940834,ElasticNet,Peve
gene-Peve_00012555_65830,37,8,8,8,5-fold,-0.4130370920990294,0.4380144581774119,-0.17267049711049437,0.16028337239468604,4554.224859754476,0.1,0,-0.17267049711049437,ElasticNet,Peve
gene-Peve_00027845_145532,37,7,2,2,5-fold,-1.5269676897759148,2.869694735190132,-1.092932042510963,1.956230643882035,1339.7452834595506,0.1,0,-1.092932042510963,ElasticNet,Peve
gene-Peve_00001453_7981,37,2,2,2,5-fold,-1.3746142189685622,2.6471167853534032,-1.9324065114056979,3.7734632322856916,1737.3984744746729,0.1,0,-1.3746142189685622,RF,Peve
gene-Peve_00043041_223647,37,11,9,9,5-fold,-2.9561095068502263,5.545744675269968,-1.0040411740233328,1.8031978654458807,53.77964918052162,0.95,9,-1.0040411740233328,ElasticNet,Peve
gene-Peve_00007849_41832,37,8,8,8,5-fold,-0.09933632601249645,0.11915260191480767,-0.22735347275828754,0.3215645250384759,1.0883824422915054,0.95,8,-0.09933632601249645,RF,Peve
gene-Peve_00035460_184458,37,7,5,5,5-fold,-0.39827948230677857,0.461659876022663,-0.26056034793776056,0.27660829167622686,0.4496455713509116,0.95,5,-0.26056034793776056,ElasticNet,Peve
gene-Peve_00001917_10628,37,25,21,21,5-fold,-0.09155380657230631,0.2215115997505515,-0.12522289597759412,0.13621083954458624,12.767303720862033,0.1,21,-0.09155380657230631,RF,Peve
gene-Peve_00000426_2583,37,8,7,7,5-fold,-0.11530168652624936,0.2940520738670791,-2.878905952605227,5.278072084496853,3012.6569733367537,0.1,0,-0.11530168652624936,RF,Peve
gene-Peve_00004338_23201,37,34,34,34,5-fold,-0.2947639543967722,0.5366661176582829,-1.406226418711992,1.791481416841451,6.311944404914707,0.95,34,-0.2947639543967722,RF,Peve
gene-Peve_00034957_182115,37,2,2,2,5-fold,-0.08101721521135241,0.2663407827354938,-0.11617889859974677,0.07759061977624145,4143.627316707261,0.1,0,-0.08101721521135241,RF,Peve
gene-Peve_00030033_156844,37,22,22,22,5-fold,-0.40392108266556637,0.7308471068836387,-0.33451002287913745,0.5693673033931637,661.9338266535037,0.99,1,-0.33451002287913745,ElasticNet,Peve
gene-Peve_00016197_85713,37,117,101,100,5-fold,-0.4409654497749639,0.4346752620783829,-1.1488340006164797,1.6265600263020166,52.22762521224253,0.99,62,-0.4409654497749639,RF,Peve
gene-Peve_00013362_70145,37,9,9,9,5-fold,-1.646413049867904,2.9500777690271205,-1.9375678026034844,3.3456419533503268,66.07320463408298,0.95,9,-1.646413049867904,RF,Peve
gene-Peve_00003028_16459,37,13,7,7,5-fold,-0.4220199526046466,0.7567872376077797,-0.12804941582690715,0.33406478586399135,1.335193420023551,0.99,6,-0.12804941582690715,ElasticNet,Peve
gene-Peve_00007218_38319,37,7,7,7,5-fold,-0.4055263344628326,0.3824126569323132,-0.12764657016377545,0.15255754068006191,3210.991846855686,0.1,0,-0.12764657016377545,ElasticNet,Peve
gene-Peve_00036939_192156,37,15,15,15,5-fold,-0.33080215291105686,0.334044711908384,-0.16724360441348268,0.2372299637199229,107.91485918782391,0.99,9,-0.16724360441348268,ElasticNet,Peve
gene-Peve_00044939_233681,37,5,5,5,5-fold,-0.12952273255046873,0.3956413358133265,-0.04214828643174506,0.03272524510342075,5750.14610358919,0.1,0,-0.04214828643174506,ElasticNet,Peve
gene-Peve_00041679_217430,37,3,3,3,5-fold,-0.49930956240694774,0.8585554516093888,-0.27562144601730537,0.28340900876619163,2147.3530506984753,0.1,0,-0.27562144601730537,ElasticNet,Peve
gene-Peve_00019450_102161,37,13,12,12,5-fold,-110.8725686402634,221.42695382805775,-111.09137087092532,221.8897715741898,5065.828835671279,0.1,0,-110.8725686402634,RF,Peve
gene-Peve_00006655_35363,37,16,14,14,5-fold,-12.29993818940377,23.123699868252178,-16.70751842683127,32.92076226688207,3521.900053991003,0.1,0,-12.29993818940377,RF,Peve
gene-Peve_00000779_4489,37,4,4,4,5-fold,-4.116587815336909,7.3187994941827546,-3.083191696699393,5.9159288707657645,1.7147433157141188,0.7,4,-3.083191696699393,ElasticNet,Peve
gene-Peve_00003034_16483,37,7,4,4,5-fold,-0.5278705163306888,0.78622095728067,-0.6974766307314322,0.870611558056352,521.985343441802,0.99,0,-0.5278705163306888,RF,Peve
gene-Peve_00029921_156527,37,3,3,3,5-fold,-0.060247589433929806,0.15066486896180903,-0.008208714968602492,0.009065144043212046,2573.984021146148,0.1,0,-0.008208714968602492,ElasticNet,Peve
gene-Peve_00007880_42049,37,9,9,9,5-fold,-8696.167212495993,17386.847659172083,-597213.2525197885,1194422.9743492405,3.0955202881035677,0.1,9,-8696.167212495993,RF,Peve
gene-Peve_00021921_114669,37,2,2,2,5-fold,-0.5608353193746057,0.9862026637147195,-0.3570395354954107,0.638221788047667,3115.0755614869436,0.1,0,-0.3570395354954107,ElasticNet,Peve
gene-Peve_00024484_127914,37,13,13,13,5-fold,-0.6226353371947436,0.9013566069944796,-0.49661594039601364,0.7652382884286076,4548.120829266813,0.1,0,-0.49661594039601364,ElasticNet,Peve
gene-Peve_00032502_168931,37,2,2,2,5-fold,-0.33650629983702285,0.24323861561434323,-0.2110294170675376,0.27102934369604686,1742.3870345200849,0.1,0,-0.2110294170675376,ElasticNet,Peve
gene-Peve_00013500_70675,37,2,2,2,5-fold,-201.42091678401374,396.5285050245486,-69.42668953254443,138.02483103869878,823.1483893488814,0.1,0,-69.42668953254443,ElasticNet,Peve
gene-Peve_00044114_229004,37,5,5,5,5-fold,-1.0744646745377566,1.1073545162515213,-0.7513668452001747,1.2229029447077033,3385.8846807010145,0.1,0,-0.7513668452001747,ElasticNet,Peve
gene-Peve_00044201_229674,37,2,2,2,5-fold,-0.4129714939177175,0.29555118369984473,-0.360943262062399,0.39432459201762843,58.00809604745885,0.99,2,-0.360943262062399,ElasticNet,Peve
gene-Peve_00033264_173077,37,12,12,12,5-fold,-1.6793586217798246,2.5669335871316763,-0.46715249704301715,0.7158801856801803,6004.879349034386,0.1,0,-0.46715249704301715,ElasticNet,Peve
gene-Peve_00033464_174158,37,6,6,6,5-fold,-0.9860745284756272,0.6064850880009396,-0.5015934862496986,0.49460388617839846,4074.099989273722,0.1,0,-0.5015934862496986,ElasticNet,Peve
gene-Peve_00007865_41968,37,13,10,10,5-fold,-1.222754406733761,2.0259015277032892,-1.24577988912653,2.2385871122357797,4705.332097021186,0.1,0,-1.222754406733761,RF,Peve
gene-Peve_00027480_143543,37,3,3,3,5-fold,-0.5404641213448776,0.9115840044784502,-4.3903125311604905,8.65730410227191,3375.766096815462,0.1,0,-0.5404641213448776,RF,Peve
gene-Peve_00043723_227171,37,6,4,4,5-fold,-0.2495309147877492,0.49934023813241896,-0.5612621765178188,0.9487367273179076,3148.9603308244327,0.1,0,-0.2495309147877492,RF,Peve
gene-Peve_00032108_167106,37,8,4,4,5-fold,-0.32392787060835804,0.6451735703746845,-0.5038134326215069,0.45218033354426074,9946.968046370142,0.1,0,-0.32392787060835804,RF,Peve
gene-Peve_00028081_146679,37,2,2,2,5-fold,-0.18371922832023568,0.25209719109522755,-0.10966328877252392,0.20011273280303724,200.9436119546068,0.1,0,-0.10966328877252392,ElasticNet,Peve
gene-Peve_00001450_7936,37,6,6,6,5-fold,-4.116955378911893,6.005525434791016,-2.1628084872515396,3.5709522896242927,4266.821581606901,0.1,0,-2.1628084872515396,ElasticNet,Peve
gene-Peve_00044939_233682,37,6,6,6,5-fold,-0.3431270592423481,0.3949500181218901,-0.3264581930486448,0.36393727579712565,3.9863554131720043,0.5,6,-0.3264581930486448,ElasticNet,Peve
gene-Peve_00038112_198408,37,11,6,6,5-fold,-0.3812905014217637,0.37882862079699553,-0.49061624354363964,0.44944204525464687,6688.598785012368,0.1,0,-0.3812905014217637,RF,Peve
gene-Peve_00000996_5398,37,49,28,28,5-fold,-0.4222896976061987,0.7228710947984911,-0.17847123043559926,0.3007335429363119,10251.018129112721,0.1,0,-0.17847123043559926,ElasticNet,Peve
gene-Peve_00029921_156528,37,2,2,2,5-fold,-0.13285610190324387,0.12677252004922165,-0.03679926312377859,0.03845354708058586,1.0028267826432744,0.5,2,-0.03679926312377859,ElasticNet,Peve
gene-Peve_00006406_33875,37,2,2,2,5-fold,-0.21281422527484223,0.16543598580069335,-0.15556372995272363,0.23100307302207693,5.79046321702818,0.5,2,-0.15556372995272363,ElasticNet,Peve
gene-Peve_00003028_16460,37,9,9,9,5-fold,-0.5581723795759297,0.7919669627314109,-0.30287960645848455,0.5043923588440515,25.65063907203628,0.1,9,-0.30287960645848455,ElasticNet,Peve
gene-Peve_00042556_221271,37,16,16,16,5-fold,-0.28893020519840873,0.2396809882989661,-0.283824237852623,0.2695624276794746,10.518431660356832,0.5,15,-0.283824237852623,ElasticNet,Peve
gene-Peve_00039169_204405,37,7,7,7,5-fold,-6966509.629361424,13933019.600199921,-11066881.771030473,22133763.0365083,155.41539407943193,0.99,6,-6966509.629361424,RF,Peve
gene-Peve_00038118_198441,37,38,26,26,5-fold,-0.1552859999324246,0.44234489795202564,-0.03262363603194447,0.33978639107494635,3.054596033153791,0.7,26,-0.03262363603194447,ElasticNet,Peve
gene-Peve_00032108_167107,37,8,5,5,5-fold,-0.47337307753233093,0.6558174472959596,-0.27403113549166513,0.4387728123294875,2.3702541082123787,0.5,5,-0.27403113549166513,ElasticNet,Peve
gene-Peve_00034957_182116,37,8,8,8,5-fold,-0.273207828667298,0.5360147660431516,-0.11882207071516411,0.12034607640245366,206.25380945326083,0.99,4,-0.11882207071516411,ElasticNet,Peve
gene-Peve_00014381_75572,37,22,21,21,5-fold,-0.7005554967407991,0.9511167026450799,-0.6616692068138621,1.1043651573548243,5818.241114613458,0.1,0,-0.6616692068138621,ElasticNet,Peve
gene-Peve_00009703_51350,37,6,6,6,5-fold,-0.7846524398945693,0.8646869321141275,-0.29238189362521316,0.33061291712706203,10.517672452514397,0.5,6,-0.29238189362521316,ElasticNet,Peve
gene-Peve_00032502_168932,37,2,2,2,5-fold,-0.6969929224322337,0.9460912118715031,-0.23444816331328933,0.30694268365825317,59.53649621415667,0.99,2,-0.23444816331328933,ElasticNet,Peve
gene-Peve_00034385_179365,37,24,17,17,5-fold,-1.410871822363858,2.546757898995387,-0.7786881145977056,1.3473286782435503,527.8911590955694,0.99,3,-0.7786881145977056,ElasticNet,Peve
gene-Peve_00006406_33877,37,5,5,5,5-fold,-0.44072897584560733,0.4270678512469123,-0.2814096487991008,0.3967892380279655,4726.533065114357,0.1,0,-0.2814096487991008,ElasticNet,Peve
gene-Peve_00010427_55297,37,9,8,8,5-fold,-0.9615740456649433,1.574613133048989,-0.9533343969880365,1.7407558047570597,5074.975625414178,0.1,0,-0.9533343969880365,ElasticNet,Peve
gene-Peve_00029921_156526,37,4,4,4,5-fold,-0.1658529553887775,0.31702800489189126,-0.03610192838764341,0.06025978011210907,4709.054869259374,0.1,0,-0.03610192838764341,ElasticNet,Peve
gene-Peve_00034004_177482,37,6,6,6,5-fold,-1.6086865968086799,2.4331449163968313,-1.0743679119237641,1.9802192636621625,544.7772490899613,0.99,1,-1.0743679119237641,ElasticNet,Peve
gene-Peve_00004932_26833,37,12,12,12,5-fold,-1.3065206296264709,1.8730166792665375,-1.7655707445377373,3.255521864140148,1.524222670592639,0.5,12,-1.3065206296264709,RF,Peve
gene-Peve_00032502_168928,37,4,2,2,5-fold,-0.3910991549060761,0.5138573231197648,-0.5199944140870683,0.5570284063976825,0.8234563700369276,0.5,2,-0.3910991549060761,RF,Peve
gene-Peve_00001480_8125,37,4,4,4,5-fold,-0.41409352404566135,0.47544720676578195,-0.21961017632617405,0.3558782717897474,61.05502271322379,0.99,4,-0.21961017632617405,ElasticNet,Peve
gene-Peve_00033463_174164,37,17,17,17,5-fold,-0.7438457639965925,0.5677403384643687,-0.5162891527703017,0.4708342434022855,3428.156236239002,0.1,0,-0.5162891527703017,ElasticNet,Peve
gene-Peve_00000096_871,37,3,3,3,5-fold,-0.3150496680685017,0.4069213180199628,-0.29540323625320397,0.3674865636506543,5633.285302947734,0.1,0,-0.29540323625320397,ElasticNet,Peve
gene-Peve_00042783_222160,37,22,17,17,5-fold,-0.20399055247106546,0.4569780228130616,-0.10926440467913082,0.14734259879803505,6863.093070396285,0.1,0,-0.10926440467913082,ElasticNet,Peve
gene-Peve_00008079_43307,37,7,7,7,5-fold,-0.4342478276756376,0.5380587038433917,-0.05594345394119897,0.09766739098887042,5.396536944504231,0.1,7,-0.05594345394119897,ElasticNet,Peve
gene-Peve_00032032_166852,37,5,3,3,5-fold,-0.28934225950466697,0.24870610397982934,-0.32369588083609446,0.5120905652616218,15.090033108436199,0.9,3,-0.28934225950466697,RF,Peve
gene-Peve_00006406_33876,37,7,7,7,5-fold,-0.6942696114655542,0.8535448296149268,-0.3431383324640882,0.5068531364660055,9403.951642821326,0.1,0,-0.3431383324640882,ElasticNet,Peve
gene-Peve_00036234_188247,37,15,15,15,5-fold,-0.08893989747799398,0.3264418687148823,-0.14576279727697253,0.07953250286008633,15.322259837865627,0.5,15,-0.08893989747799398,RF,Peve
gene-Peve_00001450_7940,37,4,4,4,5-fold,-2.2443814084140996,1.9805242323014587,-48.18671295271708,87.62078282572124,2.743201913920367,0.7,4,-2.2443814084140996,RF,Peve
gene-Peve_00028469_148727,37,3,3,3,5-fold,-0.4885231011250754,0.3637675735684926,-0.21250699358275144,0.19778235149568454,4543.93360831302,0.1,0,-0.21250699358275144,ElasticNet,Peve
gene-Peve_00029921_156522,37,24,22,22,5-fold,-0.32369754858807587,0.35093542889903245,-0.1087518436655344,0.1062830770216253,4934.191987855863,0.1,0,-0.1087518436655344,ElasticNet,Peve
gene-Peve_00038062_197926,37,4,3,3,5-fold,-9.146058803246532,17.230921011311267,-7.534446910254348,14.557174153302109,307.73540199924633,0.99,1,-7.534446910254348,ElasticNet,Peve
gene-Peve_00001518_8299,37,15,6,6,5-fold,-0.7355422322926708,1.0873422381793936,-0.5614142908865698,1.0776002148504427,3451.0527726943683,0.1,0,-0.5614142908865698,ElasticNet,Peve
gene-Peve_00007040_37546,37,12,9,9,5-fold,-4.124986047162327,6.949744490398749,-2.67112129876012,4.315590859171343,124.73649156811881,0.99,4,-2.67112129876012,ElasticNet,Peve
gene-Peve_00013500_70677,37,15,13,13,5-fold,-15.560462789521225,29.741774241746448,-29.57071765669944,58.597093940460944,753.6624586262856,0.7,1,-15.560462789521225,RF,Peve
gene-Peve_00032107_167103,37,24,15,15,5-fold,-2.754250081917542,5.030561121332087,-1.2452637383657037,2.3017195564974915,2.424664332954801,0.95,15,-1.2452637383657037,ElasticNet,Peve
gene-Peve_00031789_165553,37,6,5,5,5-fold,-1.9619869866345236,3.6128485751581176,-1.194899083526675,2.1260792467170178,2888.4685231970957,0.1,0,-1.194899083526675,ElasticNet,Peve
gene-Peve_00040431_210828,37,32,29,29,5-fold,-0.636167033056162,1.0909173136898065,-10.283105791407205,20.389640488147084,572.3544492972915,0.99,3,-0.636167033056162,RF,Peve
gene-Peve_00010478_55791,37,5,5,5,5-fold,-6.486188291625791,12.636864436577232,-5.097326173838394,9.737033911170625,16.152432732796417,0.5,5,-5.097326173838394,ElasticNet,Peve
gene-Peve_00016197_85714,37,239,200,100,5-fold,-0.45920248436821015,0.8475335878140473,-0.13740777786143346,0.16121830506449655,8.721243482733792,0.5,100,-0.13740777786143346,ElasticNet,Peve
gene-Peve_00013500_70674,37,11,8,8,5-fold,-76.5532516544268,129.59762991664942,-79.74114232309913,158.43427432554515,1976.8731219741596,0.1,0,-76.5532516544268,RF,Peve
gene-Peve_00026747_139418,37,4,2,2,5-fold,-0.23495387782225707,0.5023999770717058,-0.1685917323337433,0.33048806599014213,2.2922468079809026,0.7,2,-0.1685917323337433,ElasticNet,Peve
gene-Peve_00007446_39880,37,6,6,6,5-fold,-7.632001769048581,15.04138539737399,-7.054754599921182,12.756216237569705,64.27157947516585,0.99,4,-7.054754599921182,ElasticNet,Peve
gene-Peve_00020212_105993,37,21,21,21,5-fold,-0.6449639765917836,0.4690917083883534,-0.1829674151085115,0.19501979625704544,10.26228737437655,0.5,21,-0.1829674151085115,ElasticNet,Peve
gene-Peve_00034555_180112,37,30,20,20,5-fold,-515.0474571189268,1028.779441888397,-207.21385033146413,413.8468753593601,19666.02948355881,0.1,0,-207.21385033146413,ElasticNet,Peve
gene-Peve_00033464_174159,37,12,12,12,5-fold,-0.6426041340865518,1.0069006310567914,-0.37124387901055345,0.4779661751878411,9777.790217942884,0.1,0,-0.37124387901055345,ElasticNet,Peve
gene-Peve_00003359_18190,37,57,54,54,5-fold,-1.065550604711074,1.5409647839167375,-1.1305660394331887,1.9405405093880885,4.4735440599930625,0.5,53,-1.065550604711074,RF,Peve
gene-Peve_00019450_102159,37,23,21,21,5-fold,-122.02480594976569,243.40988956204916,-94.44215306614527,188.28849161788136,7323.86251676213,0.1,0,-94.44215306614527,ElasticNet,Peve
gene-Peve_00024180_126038,37,17,13,13,5-fold,-0.30578711182837726,0.28434442554634515,-0.23916082771886832,0.2711336990352314,4.411040309847452,0.5,13,-0.23916082771886832,ElasticNet,Peve
gene-Peve_00028570_149192,37,7,7,7,5-fold,-1.084309357593401,1.3011163642778063,-0.7612125953850486,1.1893475435072334,61.50913025201674,0.9,6,-0.7612125953850486,ElasticNet,Peve
gene-Peve_00034915_181912,37,11,10,10,5-fold,-9.520111940076653,18.762367087454503,-20.43894581807223,40.561109742375564,6413.367456752724,0.1,0,-9.520111940076653,RF,Peve
gene-Peve_00007908_42244,37,18,17,17,5-fold,-0.5354502699650336,0.5499443304533013,-0.34408298447169644,0.5241556954812587,64.21712196463825,0.99,12,-0.34408298447169644,ElasticNet,Peve
gene-Peve_00036234_188244,37,5,5,5,5-fold,-0.28084188098722435,0.37080213013384244,-0.11443989338164613,0.10459379518385235,4529.686546021358,0.1,0,-0.11443989338164613,ElasticNet,Peve
gene-Peve_00043377_225314,37,7,6,6,5-fold,-4.030677258669729,7.55936137331341,-3.8971277613851902,7.428810148525876,6706.4545002129435,0.1,0,-3.8971277613851902,ElasticNet,Peve
gene-Peve_00019086_100173,37,45,43,43,5-fold,-0.7508264721098039,0.4639467548214837,-0.260800997956121,0.11056936161318955,327.729091400866,0.99,20,-0.260800997956121,ElasticNet,Peve
gene-Peve_00044201_229675,37,7,7,7,5-fold,-0.08062530780890387,0.30955625325082664,-0.12502734452791214,0.1043582220798778,13.898766661329416,0.95,7,-0.08062530780890387,RF,Peve
gene-Peve_00008524_45399,37,59,44,44,5-fold,-7.358624674190992,14.03845054603958,-4.7784602460750945,8.7625933663433,1464.9521494482099,0.99,2,-4.7784602460750945,ElasticNet,Peve
gene-Peve_00010427_55295,37,8,2,2,5-fold,-0.8855957041183992,1.3423135551908179,-0.5780701014673342,0.9984983702315247,4040.023741939006,0.1,0,-0.5780701014673342,ElasticNet,Peve
gene-Peve_00014570_76220,37,9,9,9,5-fold,-5.480177849725578,10.312495282750344,-4.002015121820092,7.3437977719372345,12.757295422110849,0.9,9,-4.002015121820092,ElasticNet,Peve
gene-Peve_00018682_97785,37,16,11,11,5-fold,-0.42263280406765436,0.12053326249197781,-0.1558878661887527,0.11709784537225537,14804.500658017467,0.1,0,-0.1558878661887527,ElasticNet,Peve
gene-Peve_00007167_38152,37,6,6,6,5-fold,-0.24924442474259695,0.49214561680690305,-0.3255337272405264,0.598245314853608,1.2765610927809437,0.99,6,-0.24924442474259695,RF,Peve
gene-Peve_00031457_163411,37,53,53,53,5-fold,-0.46166189412510994,0.4381350022509459,-0.09723029173911986,0.05062960546812971,12398.718971852802,0.1,0,-0.09723029173911986,ElasticNet,Peve
gene-Peve_00035833_186374,37,9,7,7,5-fold,-2.884515459618709,5.847640740250574,-2.3109156777761806,4.427542470503775,2.088234486529973,0.7,7,-2.3109156777761806,ElasticNet,Peve
gene-Peve_00000340_1998,37,34,23,23,5-fold,-0.6284355455036347,1.0963873525068462,-0.44776934770377624,0.602117625074031,276.60051316311336,0.99,9,-0.44776934770377624,ElasticNet,Peve
gene-Peve_00042558_221277,37,9,7,7,5-fold,-8.03035439793591,15.402554887792585,-6.5685707096324295,12.802836082178118,5.254269327958081,0.5,7,-6.5685707096324295,ElasticNet,Peve
gene-Peve_00033469_174160,37,17,17,17,5-fold,-1.049181930387779,1.7435884081469397,-0.6542551478198344,0.9382903405285836,11377.91658338372,0.1,0,-0.6542551478198344,ElasticNet,Peve
gene-Peve_00004552_24655,37,10,10,10,5-fold,-0.9611305902261632,1.2710967196406588,-0.5338881585752164,0.4127566830735545,8955.739378461516,0.1,0,-0.5338881585752164,ElasticNet,Peve
gene-Peve_00021375_111722,37,6,2,2,5-fold,-0.5495087287811955,0.4908483314387809,-0.36139771640886054,0.4193660952226964,5780.837798272466,0.1,0,-0.36139771640886054,ElasticNet,Peve
gene-Peve_00023645_123020,37,19,16,16,5-fold,-0.6591197758480261,0.7092050955203953,-0.9406362961961554,1.1245851659021708,13113.958610978249,0.1,0,-0.6591197758480261,RF,Peve
gene-Peve_00037281_193871,37,6,6,6,5-fold,-0.4940686923242703,0.5386190761692543,-0.17751930878351385,0.10564266950294607,64.94768220035643,0.1,6,-0.17751930878351385,ElasticNet,Peve
gene-Peve_00037084_192669,37,25,12,12,5-fold,-5.024760104407165,9.630766946904922,-4.762727940029016,9.058449848306136,5249.59458503746,0.1,0,-4.762727940029016,ElasticNet,Peve
gene-Peve_00009990_53038,37,11,11,11,5-fold,-0.8789358984151463,1.4717912512627236,-0.24896237677488137,0.39986613961028405,26.317862043969907,0.7,11,-0.24896237677488137,ElasticNet,Peve
gene-Peve_00041753_218199,37,12,11,11,5-fold,-0.21579464832716613,0.44864174545804214,-0.3361145716947025,0.6470634155959809,74.38440221266607,0.99,8,-0.21579464832716613,RF,Peve
gene-Peve_00006710_35695,37,27,27,27,5-fold,-0.2209635953937376,0.47829827357373733,-0.0583326618682086,0.18844703293052711,35.44576514655984,0.95,25,-0.0583326618682086,ElasticNet,Peve
gene-Peve_00006118_32237,37,75,61,61,5-fold,-0.368035734308805,0.10295201342064515,0.02182365317951167,0.13614361706922853,162.63607555876956,0.99,38,0.02182365317951167,ElasticNet,Peve
gene-Peve_00003034_16482,37,20,18,18,5-fold,-1.0899470047262365,1.2742241920521669,-0.9873582825597946,1.1988602703055078,17153.461506710984,0.1,0,-0.9873582825597946,ElasticNet,Peve
gene-Peve_00004938_27022,37,3,2,2,5-fold,-0.8634523301900867,0.8620833609619133,-16.05776750547537,31.438254949626238,1716.114196189442,0.1,0,-0.8634523301900867,RF,Peve
gene-Peve_00033291_173343,37,6,5,5,5-fold,-0.4027055474518539,0.34455662983602137,-0.12422836255801739,0.11390075863101622,20.54390865683656,0.99,5,-0.12422836255801739,ElasticNet,Peve
gene-Peve_00008079_43308,37,12,12,12,5-fold,-0.4862717273206315,0.7294143512920885,-0.23605955201920029,0.4220248032661463,7574.945338381069,0.1,0,-0.23605955201920029,ElasticNet,Peve
gene-Peve_00008593_45654,37,8,8,8,5-fold,-6730.105558998915,13433.234283417223,-4060.1266410242847,8088.969385035459,10847.709899412639,0.1,0,-4060.1266410242847,ElasticNet,Peve
gene-Peve_00009100_48192,37,8,8,8,5-fold,-0.7483953187352883,0.6322430652889439,-0.37628608965677296,0.6034757437251593,14703.070487185572,0.1,0,-0.37628608965677296,ElasticNet,Peve
gene-Peve_00004938_27021,37,3,3,3,5-fold,-0.65707677352435,0.5141244383309582,-0.4248977047957482,0.44407455686251246,15.684104201893025,0.99,3,-0.4248977047957482,ElasticNet,Peve
gene-Peve_00001518_8300,37,14,14,14,5-fold,-1.460785227872858,2.498402014818725,-0.8606598456772805,1.567326215618227,3.465051311552164,0.7,14,-0.8606598456772805,ElasticNet,Peve
gene-Peve_00015650_82863,37,61,58,58,5-fold,-0.1834397720026142,0.23437744007026365,-0.09171446162254444,0.09049373076490992,2741.1085906668595,0.99,1,-0.09171446162254444,ElasticNet,Peve
gene-Peve_00019588_103015,37,4,4,4,5-fold,-0.1842514977907689,0.17690212452589898,-0.17084623723871414,0.19692336890139264,12209.219944387129,0.1,0,-0.17084623723871414,ElasticNet,Peve
gene-Peve_00002928_16113,37,11,11,11,5-fold,-0.5559037674000831,0.6704301370477411,-0.3979386777607915,0.5925847895197393,1.5538302861334732,0.99,11,-0.3979386777607915,ElasticNet,Peve
gene-Peve_00021926_114680,37,6,6,6,5-fold,-0.00865307665313455,0.16621765441710268,0.06741108008741863,0.1349432645490373,2.6345965878594098,0.99,6,0.06741108008741863,ElasticNet,Peve
gene-Peve_00007046_37539,37,3,2,2,5-fold,-0.6683805779326568,0.9442790036083045,-0.362924557937474,0.5779205097974263,2794.6965529245213,0.1,0,-0.362924557937474,ElasticNet,Peve
gene-Peve_00001450_7935,37,9,5,5,5-fold,-0.9113538849968098,0.8960371299992945,-56.3812075010592,111.5916934701145,6650.598991145981,0.1,0,-0.9113538849968098,RF,Peve
gene-Peve_00009100_48193,37,7,7,7,5-fold,-1.0121432139667785,1.34264311863787,-0.467752885912613,0.7105727080223248,14533.83270428235,0.1,0,-0.467752885912613,ElasticNet,Peve
gene-Peve_00019113_100286,37,4,4,4,5-fold,-2465.443035613045,4928.895821812771,-1853.875845185336,3705.8899427628257,4715.138482540285,0.1,0,-1853.875845185336,ElasticNet,Peve
gene-Peve_00033291_173344,37,10,8,8,5-fold,-0.2850591689835182,0.27238177866040864,-0.08674918548622754,0.11190139383311386,8931.116350974838,0.1,0,-0.08674918548622754,ElasticNet,Peve
gene-Peve_00037084_192667,37,45,39,39,5-fold,-2.7895689281717884,5.7817415213929735,-3.655447277997955,7.2726886237792465,15.653896445383321,0.99,37,-2.7895689281717884,RF,Peve
gene-Peve_00004938_27018,37,2,2,2,5-fold,-0.8017688978148764,0.876588826562664,-0.4757805839881888,0.5514305926504943,2621.558258580812,0.1,0,-0.4757805839881888,ElasticNet,Peve
gene-Peve_00022673_118151,37,15,15,15,5-fold,-0.755622891160793,1.2715662900265867,-0.22747992372127773,0.4091442375034396,1669.968867702728,0.99,2,-0.22747992372127773,ElasticNet,Peve
gene-Peve_00040431_210827,37,15,9,9,5-fold,-0.46523442595594855,0.6116766070055052,-0.16720001928884765,0.20629120471060583,3.0511015716072962,0.7,9,-0.16720001928884765,ElasticNet,Peve
gene-Peve_00041694_217506,37,17,17,17,5-fold,-3.199504434947832,5.384233571474058,-1.726676259654883,3.0442592472715533,18717.303649319947,0.1,0,-1.726676259654883,ElasticNet,Peve
gene-Peve_00026747_139417,37,4,4,4,5-fold,-0.6715234548758318,0.6037289397055522,-0.19401119791260038,0.2782368970532572,5000.8075140193805,0.1,0,-0.19401119791260038,ElasticNet,Peve
gene-Peve_00034764_181021,37,6,6,6,5-fold,-0.6034283457477285,0.9788344666709795,-0.5820229779815429,0.9956094964364787,8.962179324499576,0.5,6,-0.5820229779815429,ElasticNet,Peve
gene-Peve_00003034_16484,37,33,22,22,5-fold,-0.5667075849629521,1.1613352909132975,-0.5504539829457084,0.8817805780407374,26392.16252595915,0.1,0,-0.5504539829457084,ElasticNet,Peve
gene-Peve_00004938_27023,37,8,7,7,5-fold,-1.031457461232213,1.3468420184416194,-0.35461673036950503,0.25080246454214544,7.301391095373043,0.99,7,-0.35461673036950503,ElasticNet,Peve
gene-Peve_00042912_223020,37,19,13,13,5-fold,-0.6533410799078618,1.2670041790369504,-0.988032476452878,1.066382480201784,74.56955448413953,0.95,13,-0.6533410799078618,RF,Peve
gene-Peve_00008595_45656,37,2,2,2,5-fold,-1374792.2510613238,2746646.842489059,-1188559.197095892,2374879.1772442483,1.1671428568820335,0.5,2,-1188559.197095892,ElasticNet,Peve
gene-Peve_00009100_48191,37,3,3,3,5-fold,-0.3297598705854444,0.19773134986303526,-0.15965911553373316,0.14590847673471516,23.17033253315542,0.5,3,-0.15965911553373316,ElasticNet,Peve
gene-Peve_00011609_61052,37,11,10,10,5-fold,-0.14415681856421117,0.4306184401724587,-0.17258325585486975,0.33399001231100317,153.93454484346893,0.99,8,-0.14415681856421117,RF,Peve
gene-Peve_00004938_27020,37,5,5,5,5-fold,-0.6043177443149725,0.6148964274574209,-0.45589543075951705,0.387056318904075,25137.18653948835,0.1,0,-0.45589543075951705,ElasticNet,Peve
gene-Peve_00019202_100652,37,9,5,5,5-fold,-0.28963079585273216,0.3997674867193462,-0.30246573621473305,0.30754956464604677,4.107890541925711,0.7,5,-0.28963079585273216,RF,Peve
gene-Peve_00037084_192668,37,41,33,33,5-fold,-9.790424288278652,19.366818122178206,-6.356863398649416,12.626367855001982,9.188959535019876,0.95,33,-6.356863398649416,ElasticNet,Peve
gene-Peve_00026747_139416,37,2,2,2,5-fold,-0.3916418340150699,0.2907685187469425,-0.1330486297120536,0.1850296691012497,9307.563692537346,0.1,0,-0.1330486297120536,ElasticNet,Peve
gene-Peve_00026747_139414,37,12,12,12,5-fold,-0.06035201982618561,0.09065497457888455,-0.10932553475268729,0.10539192424080764,196.6731960082916,0.99,10,-0.06035201982618561,RF,Peve
gene-Peve_00019450_102162,37,27,24,24,5-fold,-36.40646329198281,72.15584645765607,-32.85808426691126,65.36972935444027,65615.7930180154,0.1,0,-32.85808426691126,ElasticNet,Peve
gene-Peve_00041488_216420,37,19,19,19,5-fold,-0.6651370096714315,0.4726194487972851,-0.39286835905718065,0.4687717790259095,34671.64908727242,0.1,0,-0.39286835905718065,ElasticNet,Peve
gene-Peve_00011608_61049,37,10,10,10,5-fold,-0.4002402412661887,0.2842639147174807,-0.271318059090326,0.22668272056464447,21616.32793415563,0.1,4,-0.271318059090326,ElasticNet,Peve
gene-Peve_00011608_61048,37,8,8,8,5-fold,-0.3051942088711727,0.44574433891734866,-0.35714526258703694,0.40466124748797594,10.098320463320471,0.7,8,-0.3051942088711727,RF,Peve
gene-Peve_00008595_45657,37,9,9,9,5-fold,-51737389.40055246,103470268.69245706,-38619344.80826604,77229097.75028332,16635.12750377979,0.1,0,-38619344.80826604,ElasticNet,Peve
gene-Peve_00008593_45652,37,6,6,6,5-fold,-4012249.6660524406,8001424.854582343,-10595194.582256867,21169410.553905863,38299.57858730063,0.1,0,-4012249.6660524406,RF,Peve
gene-Peve_00002573_14509,37,6,6,6,5-fold,-176.13406745584072,351.3134630683951,-82.49761969125446,164.6973796313821,31966.106381112437,0.1,0,-82.49761969125446,ElasticNet,Peve
gene-Peve_00033462_174166,37,12,12,12,5-fold,-0.1393128074938043,0.3416045845828203,-0.423170533629542,0.5002716109040952,55.52221295502889,0.5,12,-0.1393128074938043,RF,Peve
gene-Peve_00008524_45400,37,3,3,3,5-fold,-7.574078407109172,14.240785966099136,-4.253669436407143,7.970092035285051,47823.899591305,0.1,0,-4.253669436407143,ElasticNet,Peve
gene-Peve_00009616_50887,37,9,9,9,5-fold,-0.11256531733848227,0.19822033808008854,-0.1357763164416903,0.03807499680543268,291234.37739958725,0.1,0,-0.11256531733848227,RF,Peve
gene-Peve_00009617_50890,37,20,20,20,5-fold,-0.3039066837474059,0.4417393354065888,-0.23232752631740805,0.28775157317017336,454.72866077620057,0.99,20,-0.23232752631740805,ElasticNet,Peve
gene-Peve_00009619_50892,37,12,12,12,5-fold,-0.6930650876200918,0.3644924365885609,-0.06401029781768715,0.09636956274041675,58.804385848830115,0.9,12,-0.06401029781768715,ElasticNet,Peve
gene-Peve_00009617_50889,37,16,16,16,5-fold,-0.14101954092451982,0.29572091374393344,-0.07161590255832243,0.08384612269983725,274.98738292517066,0.99,16,-0.07161590255832243,ElasticNet,Peve
gene-Peve_00009619_50893,37,12,12,12,5-fold,-0.0888107697874884,0.27698665008143214,0.013770901825474802,0.25040957945835496,128.7372573121565,0.99,12,0.013770901825474802,ElasticNet,Peve
gene-Peve_00009616_50888,37,15,15,15,5-fold,-0.5144235903255377,0.37845851022890714,-0.1617289178558182,0.12551439264863512,827485.3229878161,0.1,0,-0.1617289178558182,ElasticNet,Peve
gene-Peve_00009618_50891,37,18,18,18,5-fold,-0.39663263540698807,0.4550098652795971,-0.1350021986240194,0.1521345329951362,284.72929720035137,0.99,18,-0.1350021986240194,ElasticNet,Peve
