gene_id_exon,group_id,species,TP1_exon,TP2_exon,TP3_exon,TP4_exon,mean_cv_baseline,mean_cv_stress,cv_ratio,cv_diff,high_var_T2T3,gene_id_cpg,TP1_cpg,TP2_cpg,TP3_cpg,TP4_cpg,delta_meth_T1_T2,delta_meth_T1_T3,delta_meth_T4_T2,delta_meth_T4_T3,abs_delta_T2,abs_delta_T3,var_category
gene-Peve_00000077,OG_08920,peve,0.2652599392101489,0.2820953555505971,0.27071669139884225,0.26216074812144274,0.2637103436657958,0.27640602347471965,1.048142517401643,0.012695679808923832,False,gene-Peve_00000077,31.811425280702693,30.810392448072722,31.265614716534024,31.9680765633505,-1.0010328326299707,-0.5458105641686686,-1.1576841152777781,-0.702461846816476,1.0010328326299707,0.5458105641686686,Medium Variability
gene-Peve_00000084,OG_08914,peve,0.6871635733826907,0.6560598722089864,0.9642838065779512,0.859906667471751,0.773535120427221,0.8101718393934688,1.0473627092018958,0.03663671896624787,False,gene-Peve_00000084,0.48025536504794974,0.50809697974041,0.6663523668518518,0.549402212452877,0.02784161469246027,0.1860970018039021,-0.041305232712467,0.11695015439897483,0.02784161469246027,0.1860970018039021,Medium Variability
gene-Peve_00000174,OG_15682,peve,0.503999227316755,0.4316050634602363,0.4246930328616346,0.6299640252755238,0.5669816262961394,0.42814904816093546,0.7551374300395928,-0.1388325781352039,False,gene-Peve_00000174,0.9713046676062209,0.775699304324996,0.7975154212025012,0.8839930361896746,-0.1956053632812249,-0.17378924640371973,-0.10829373186467861,-0.08647761498717343,0.1956053632812249,0.17378924640371973,Medium Variability
gene-Peve_00000231,OG_11019,peve,0.5204412605613512,0.6254338760294516,0.7027192998936095,0.6309771885316392,0.5757092245464952,0.6640765879615305,1.153493047613828,0.08836736341503526,False,gene-Peve_00000231,1.0076002926560417,0.9854594746246828,0.9393440909461437,0.9489983119219684,-0.022140818031358922,-0.06825620170989799,0.03646116270271438,-0.00965422097582469,0.022140818031358922,0.06825620170989799,Medium Variability
gene-Peve_00000338,OG_09598,peve,0.30472528129772847,0.2999330086081345,0.3346004703895305,0.3000404538273936,0.30238286756256105,0.3172667394988325,1.049221941891903,0.014883871936271442,False,gene-Peve_00000338,0.6967255018358185,0.6302563252785794,0.974473005988456,0.7371752037518037,-0.06646917655723905,0.2777475041526375,-0.10691887847322423,0.2372978022366523,0.06646917655723905,0.2777475041526375,Medium Variability
gene-Peve_00000340,OG_09597,peve,0.34142631255764433,0.366044454450776,0.3581122961719051,0.3480693511096222,0.3447478318336333,0.3620783753113406,1.0502702029640918,0.017330543477707294,False,gene-Peve_00000340,0.660958754902862,0.5327963937136115,0.5416307380906417,0.609452353097996,-0.1281623611892505,-0.11932801681222038,-0.07665595938438441,-0.06782161500735429,0.1281623611892505,0.11932801681222038,Medium Variability
gene-Peve_00000415,OG_13197,peve,0.306782638941926,0.32331960662259807,0.3309379875209318,0.3099502383064608,0.3083664386241934,0.3271287970717649,1.0608443594941188,0.018762358447571514,False,gene-Peve_00000415,1.4924774594104309,1.2454368448621056,1.5151644302626608,1.4089448490221088,-0.24704061454832527,0.022686970852229926,-0.16350800416000322,0.10621958124055197,0.24704061454832527,0.022686970852229926,Medium Variability
gene-Peve_00000442,OG_11291,peve,0.8517945564272984,0.8640671774165183,0.9304977417552864,0.8664151128740586,0.8591048346506784,0.8972824595859024,1.0444388430787348,0.03817762493522392,False,gene-Peve_00000442,0.7992096132350719,0.7399592435427969,0.8106837719836247,0.651469263590014,-0.05925036969227504,0.011474158748552843,0.08848997995278285,0.15921450839361073,0.05925036969227504,0.011474158748552843,Medium Variability
gene-Peve_00000455,OG_05749,peve,0.3824264685512579,0.3748118019285374,0.36048889362672626,0.39263105834199646,0.3875287634466272,0.36765034777763184,0.9487046703522095,-0.019878415668995342,False,gene-Peve_00000455,0.3829461302380952,0.6147350454621848,0.6675332902100841,0.5581746258403362,0.23178891522408962,0.2845871599719889,0.05656041962184866,0.10935866436974795,0.23178891522408962,0.2845871599719889,Medium Variability
gene-Peve_00000656,OG_10814,peve,0.9834921411336333,0.8629382194661885,0.9013035034954402,0.7962777817632898,0.8898849614484615,0.8821208614808144,0.9912751644268608,-0.007764099967647153,False,gene-Peve_00000656,0.09803921773399014,0.309034274178982,0.3818916563218391,0.8847500222085386,0.21099505644499184,0.2838524385878489,-0.5757157480295566,-0.5028583658866995,0.21099505644499184,0.2838524385878489,Medium Variability
gene-Peve_00000682,OG_07153,peve,0.42171471957495577,0.4444741894270963,0.5618321003761618,0.6102327536683275,0.5159737366216417,0.5031531449016291,0.9751526273334067,-0.012820591720012597,False,gene-Peve_00000682,1.4148562546792813,1.357790841880051,1.4172151675591604,1.409880514563056,-0.057065412799230275,0.002358912879879105,-0.052089672683004906,0.007334652996104474,0.057065412799230275,0.002358912879879105,Medium Variability
gene-Peve_00000776,OG_05637,peve,0.4358156441994368,0.4246185893543191,0.43287669045740723,0.7509897769557698,0.5934027105776033,0.4287476399058632,0.7225238986329048,-0.16465507067174012,False,gene-Peve_00000776,0.25379610737942615,0.3351331958409646,0.664054219345238,0.4485620149496337,0.08133708846153848,0.41025811196581186,-0.11342881910866909,0.2154922043956043,0.08133708846153848,0.41025811196581186,Medium Variability
gene-Peve_00000861,OG_06234,peve,0.5451614457340529,0.6022743859640799,0.7451211870543637,0.4933157518348868,0.5192385987844699,0.6736977865092217,1.2974724685074235,0.15445918772475187,False,gene-Peve_00000861,0.48807352151472433,0.30359375245927317,0.5178494558114035,0.5826061545373851,-0.18447976905545116,0.029775934296679185,-0.2790124020781119,-0.06475669872598155,0.18447976905545116,0.029775934296679185,Medium Variability
gene-Peve_00001191,OG_03298,peve,0.11950183753215675,0.13408300951524507,0.15618749577470287,0.10840438491044228,0.11395311122129952,0.14513525264497396,1.273640105912668,0.03118214142367444,False,gene-Peve_00001191,5.812814606433637,4.950632065433974,5.357809999459642,5.47488328529776,-0.8621825409996626,-0.45500460697399525,-0.5242512198637854,-0.11707328583811805,0.8621825409996626,0.45500460697399525,Medium Variability
gene-Peve_00001222,OG_11983,peve,0.513360144094458,0.7268542931279813,0.7520702625447542,0.5970659154002116,0.5552130297473348,0.7394622778363678,1.3318532495047546,0.18424924808903298,False,gene-Peve_00001222,0.9545037504167717,1.083906648596414,1.035407544175695,1.2565593214453683,0.12940289817964223,0.0809037937589232,-0.17265267284895436,-0.2211517772696734,0.12940289817964223,0.0809037937589232,Medium Variability
gene-Peve_00001250,OG_15754,peve,0.35200346772002833,0.6174892539444023,1.600289342676992,0.7426837872434481,0.5473436274817383,1.108889298310697,2.0259472160342167,0.5615456708289588,True,gene-Peve_00001250,6.427882713772327,7.436845022456203,7.3110512474793445,7.212148265532758,1.0089623086838762,0.8831685337070176,0.22469675692344548,0.09890298194658698,1.0089623086838762,0.8831685337070176,High Variability
gene-Peve_00001297,OG_06236,peve,0.4016375882277191,0.32279860757949796,0.36359000537815367,0.320521510020204,0.36107954912396156,0.3431943064788258,0.9504673064743536,-0.017885242645135746,False,gene-Peve_00001297,0.8571221690183887,1.0141833490353955,0.8386819496448058,1.1500041860287344,0.15706118001700686,-0.018440219373582867,-0.1358208369933389,-0.31132223638392864,0.15706118001700686,0.018440219373582867,Medium Variability
gene-Peve_00001303,OG_15759,peve,0.448112432142413,0.45053782178890767,0.4380812178296631,0.43335005575588015,0.44073124394914653,0.44430951980928535,1.0081189521034994,0.003578275860138813,False,gene-Peve_00001303,0.5445370528190764,0.6821257742985228,0.5732962855856018,0.5723785612918671,0.13758872147944645,0.028759232766525367,0.10974721300665569,0.0009177242937346008,0.13758872147944645,0.028759232766525367,Medium Variability
gene-Peve_00001368,OG_15761,peve,1.3640998070337718,1.7266908103792549,1.6636240424795516,1.8548646951994328,1.6094822511166023,1.6951574264294034,1.0532315129622354,0.08567517531280111,False,gene-Peve_00001368,0.6506621243293091,0.31899743789403084,0.5168673257042253,0.49453443608875475,-0.3316646864352783,-0.1337947986250838,-0.1755369981947239,0.022332889615470586,0.3316646864352783,0.1337947986250838,Medium Variability
gene-Peve_00001435,OG_10002,peve,0.15462249684815227,0.14752442725842344,0.15408496052483392,0.16219151466806514,0.1584070057581087,0.15080469389162868,0.9520077295186746,-0.007602311866480027,False,gene-Peve_00001435,4.16327782101923,4.4090757956033215,4.238778065300559,4.42811775694665,0.24579797458409125,0.0755002442813284,-0.01904196134332814,-0.189339691646091,0.24579797458409125,0.0755002442813284,Medium Variability
gene-Peve_00001436,OG_10007,peve,0.24839910460966272,0.2601355714010446,0.17827036369284233,0.2639435898745641,0.25617134724211343,0.21920296754694346,0.855688857894672,-0.03696837969516997,False,gene-Peve_00001436,2.0679916508870213,2.256673187204882,2.134556277256458,2.1567939572295587,0.18868153631786067,0.06656462636943683,0.09987922997532328,-0.022237679973100555,0.18868153631786067,0.06656462636943683,Medium Variability
gene-Peve_00001438,OG_10004,peve,0.13373546604169448,0.1515683375578931,0.19187467375806097,0.21472698699774526,0.17423122651971987,0.17172150565797703,0.9855954589089759,-0.002509720861742837,False,gene-Peve_00001438,44.83476226738946,44.15897489422478,44.323428855598074,44.1969243511763,-0.6757873731646811,-0.5113334117913837,-0.037949456951523075,0.1265045044217743,0.6757873731646811,0.5113334117913837,Medium Variability
gene-Peve_00001453,OG_10008,peve,0.032275883634973516,0.026629425886575662,0.03462100565320893,0.0270737432607501,0.029674813447861808,0.030625215769892293,1.0320272383076756,0.0009504023220304851,False,gene-Peve_00001453,0.857939816483061,0.9751896050373136,0.9758696633528784,0.9364793299307037,0.11724978855425261,0.11792984686981745,0.03871027510660985,0.039390333422174684,0.11724978855425261,0.11792984686981745,Medium Variability
gene-Peve_00001484,OG_11360,peve,0.33639207332977983,0.34592839466472214,0.39772744081954203,0.4555239771642933,0.3959580252470366,0.3718279177421321,0.9390589255266393,-0.02413010750490452,False,gene-Peve_00001484,0.6640051638412017,0.3365957549100756,0.4275271175097078,0.38695478756216367,-0.3274094089311261,-0.23647804633149389,-0.050359032652088076,0.04057232994754412,0.3274094089311261,0.23647804633149389,Medium Variability
gene-Peve_00001489,OG_03484,peve,1.306485293737987,1.6243679313985004,1.8503549467276754,1.448616866378271,1.377551080058129,1.737361439063088,1.2611956567082623,0.35981035900495906,True,gene-Peve_00001489,0.6664165822258298,0.6706943907010582,0.5846439881758057,0.5552822169252044,0.004277808475228406,-0.08177259405002413,0.11541217377585378,0.029361771250601243,0.004277808475228406,0.08177259405002413,Medium Variability
gene-Peve_00001492,OG_11359,peve,1.1561833304207152,0.7068217632563348,0.947853982967852,1.6305799285136955,1.3933816294672052,0.8273378731120934,0.5937625813456769,-0.5660437563551118,False,gene-Peve_00001492,0.5137973326563959,0.6757184528338002,0.4518588405392157,0.42043143703197944,0.16192112017740423,-0.06193849211718022,0.2552870158018207,0.03142740350723627,0.16192112017740423,0.06193849211718022,Low Variability
gene-Peve_00001588,OG_04331,peve,0.28590036030311666,0.3491337504735392,0.451289453006591,0.3326851404296011,0.3092927503663589,0.4002116017400651,1.2939572662663847,0.0909188513737062,False,gene-Peve_00001588,2.00815389354944,1.949238361002886,1.7759224949254449,2.008354606502096,-0.058915532546553795,-0.232231398623995,-0.059116245499209796,-0.232432111576651,0.058915532546553795,0.232231398623995,Medium Variability
gene-Peve_00001593,OG_04327,peve,0.05965525618275722,0.058972990423014834,0.05316870192356694,0.09134463084986873,0.07549994351631298,0.05607084617329089,0.7426607698213162,-0.01942909734302209,False,gene-Peve_00001593,40.57440124282555,39.24178183341033,39.51127561340322,39.86191635045408,-1.3326194094152228,-1.0631256294223306,-0.620134517043752,-0.35064073705085974,1.3326194094152228,1.0631256294223306,Medium Variability
gene-Peve_00001749,OG_13681,peve,1.414213562373095,0.3452751365615324,0.367069436655796,0.4353438593832137,0.9247787108781543,0.3561722866086642,0.385143259051075,-0.5686064242694902,False,gene-Peve_00001749,90.66120878043597,87.88677210769733,89.08631556881932,91.0027890605512,-2.774436672738645,-1.5748932116166543,-3.116016952853869,-1.9164734917318782,2.774436672738645,1.5748932116166543,Low Variability
gene-Peve_00001974,OG_15796,peve,0.415543812602052,0.3949978546873502,0.4195201923640645,0.4362411841382858,0.42589249837016885,0.40725902352570736,0.956248407953253,-0.018633474844461484,False,gene-Peve_00001974,0.0877193,0.78333335,0.37412587999999997,0.7575899107142857,0.6956140500000001,0.28640657999999997,0.02574343928571432,-0.38346403071428575,0.6956140500000001,0.28640657999999997,Medium Variability
gene-Peve_00002115,OG_02102,peve,0.19892728516350464,0.22157129685264496,0.2554556191161681,0.21648540977765282,0.20770634747057873,0.23851345798440654,1.1483205057957682,0.030807110513827812,False,gene-Peve_00002115,67.60718093022552,65.76601172875412,66.54537128190712,67.71982268692832,-1.841169201471402,-1.0618096483184019,-1.953810958174202,-1.1744514050212018,1.841169201471402,1.0618096483184019,Medium Variability
gene-Peve_00002188,OG_09596,peve,0.2696442533674222,0.29912581720649395,0.2545134456920781,0.30383576389496997,0.2867400086311961,0.276819631449286,0.9654028845529204,-0.009920377181910078,False,gene-Peve_00002188,0.8246101668452381,0.47036586673115083,0.8533664330059525,0.7185200262698412,-0.3542443001140873,0.02875626616071436,-0.2481541595386904,0.13484640673611126,0.3542443001140873,0.02875626616071436,Medium Variability
gene-Peve_00002251,OG_15815,peve,0.9239957147425498,0.9000658646753688,0.7353493640561745,0.8095033762926487,0.8667495455175993,0.8177076143657716,0.9434185672141988,-0.049041931151827756,False,gene-Peve_00002251,22.304020327335415,21.612254086586,21.741176382588474,21.61784330743885,-0.6917662407494163,-0.5628439447469411,-0.005589220852851184,0.123333075149624,0.6917662407494163,0.5628439447469411,Medium Variability
gene-Peve_00002255,OG_15816,peve,0.025515667651665144,0.039896034851088204,0.015596764193891293,0.06319211562437704,0.044353891638021094,0.027746399522489747,0.625568546474622,-0.016607492115531346,False,gene-Peve_00002255,3.062140706914894,2.531720689614995,1.9336174768237084,1.9476056496960488,-0.5304200172998992,-1.1285232300911856,0.5841150399189461,-0.013988172872340332,0.5304200172998992,1.1285232300911856,Low Variability
gene-Peve_00002488,OG_15831,peve,0.2281219391290155,0.25587859662713686,0.2053723432330245,0.22004904940856287,0.22408549426878918,0.23062546993008068,1.0291851807839325,0.006539975661291497,False,gene-Peve_00002488,0.7384724892484287,0.4088475739773091,0.5457530439144561,0.4067932477948226,-0.3296249152711196,-0.19271944533397256,0.0020543261824864656,0.1389597961196335,0.3296249152711196,0.19271944533397256,Medium Variability
gene-Peve_00002583,OG_05303,peve,,0.8660254037844387,,,,,,,False,gene-Peve_00002583,0.7718228700702076,2.119929375686813,1.6775114332722831,1.54042677257326,1.3481065056166055,0.9056885632020756,0.5795026031135531,0.13708466069902303,1.3481065056166055,0.9056885632020756,Medium Variability
gene-Peve_00002765,OG_09174,peve,0.15709898668802566,0.21157661221728652,0.13221574780399725,0.16895729160249454,0.1630281391452601,0.17189618001064189,1.0543957681899334,0.008868040865381788,False,gene-Peve_00002765,13.745579171805048,13.677271693250576,13.362881903815628,14.167782614494302,-0.0683074785544715,-0.3826972679894194,-0.4905109212437253,-0.8049007106786732,0.0683074785544715,0.3826972679894194,Medium Variability
gene-Peve_00002807,OG_09024,peve,0.3162392308866895,0.33450898713082255,0.324602314019675,0.37605663437255227,0.34614793262962085,0.32955565057524877,0.9520659218492983,-0.016592282054372076,False,gene-Peve_00002807,0.8739637656259601,0.8369823840284177,0.7265543370647721,0.8508921208179724,-0.036981381597542384,-0.147409428561188,-0.01390973678955465,-0.12433778375320026,0.036981381597542384,0.147409428561188,Medium Variability
gene-Peve_00002926,OG_04694,peve,0.16191045459929088,0.1367082479871622,0.1512843757325862,0.18860273262267807,0.17525659361098447,0.14399631185987422,0.8216313514543229,-0.03126028175111026,False,gene-Peve_00002926,68.9258239710226,66.7690225568315,67.61540649876069,69.73995229887973,-2.1568014141910936,-1.3104174722619035,-2.9709297420482272,-2.124545800119037,2.1568014141910936,1.3104174722619035,Medium Variability
gene-Peve_00003034,OG_13066,peve,0.07570396602969005,0.07637862684790911,0.06981437072973366,0.0841812093953238,0.07994258771250692,0.07309649878882138,0.9143624303443146,-0.006846088923685545,False,gene-Peve_00003034,0.5322213216463414,0.5696343916739257,0.6779409620596206,0.7531051052361595,0.037413070027584316,0.14571964041327923,-0.18347071356223377,-0.07516414317653886,0.037413070027584316,0.14571964041327923,Medium Variability
gene-Peve_00003079,OG_10205,peve,0.2095145994757491,0.1454803274755206,0.15135065683746926,0.18721059949162544,0.19836259948368729,0.1484154921564949,0.7482030006805801,-0.049947107327192375,False,gene-Peve_00003079,0.4389176388038549,0.6506009717018951,0.454783507920311,0.5769711076469873,0.2116833328980402,0.0158658691164561,0.07362986405490779,-0.12218759972667631,0.2116833328980402,0.0158658691164561,Medium Variability
gene-Peve_00003118,OG_06384,peve,0.37803213958599147,0.3859087020236167,0.3530302972513428,0.45277202531744193,0.4154020824517167,0.36946949963747977,0.8894262095578787,-0.045932582814236955,False,gene-Peve_00003118,0.28523431979166664,0.23281059151785713,0.6699587518849207,0.15248914248511905,-0.052423728273809506,0.3847244320932541,0.08032144903273808,0.5174696093998017,0.052423728273809506,0.3847244320932541,Medium Variability
gene-Peve_00003124,OG_11644,peve,0.5553832767171741,0.38611192717035314,0.7507927391154862,0.6876975204577976,0.6215403985874859,0.5684523331429197,0.914586299514538,-0.053088065444566235,False,gene-Peve_00003124,0.5277946483007733,0.6733392127085877,0.6116097905168906,0.7096132068477818,0.14554456440781438,0.0838151422161173,-0.03627399413919419,-0.09800341633089127,0.14554456440781438,0.0838151422161173,Medium Variability
gene-Peve_00003157,OG_00302,peve,0.230408723875237,0.6027397756651947,0.8571998374902453,1.4747140910782885,0.8525614074767628,0.72996980657772,0.8562078932685162,-0.12259160089904275,False,gene-Peve_00003157,0.3823748568364997,0.4011493926186364,0.4735066924541492,0.44408485182375196,0.018774535782136725,0.09113183561764954,-0.042935459205115545,0.029421840630397267,0.018774535782136725,0.09113183561764954,Medium Variability
gene-Peve_00003176,OG_00297,peve,0.258706064933655,0.2683321118084416,0.3438817888117381,0.2833403009926806,0.2710231829631678,0.30610695031008983,1.1294493222437356,0.035083767346922035,False,gene-Peve_00003176,0.4227869150365541,0.46649383634163205,0.5062695597395113,0.4722038879750379,0.04370692130507797,0.08348264470295719,-0.0057100516334058216,0.03406567176447339,0.04370692130507797,0.08348264470295719,Medium Variability
gene-Peve_00003177,OG_00298,peve,0.48880473465610075,0.420842248447709,0.5557695257913773,0.5336113353527954,0.5112080350044481,0.48830588711954315,0.9551999453907142,-0.022902147884904966,False,gene-Peve_00003177,0.7104563896221532,0.3709400897026685,0.5319505710748793,0.30075874124971247,-0.3395162999194847,-0.17850581854727388,0.07018134845295604,0.23119182982516684,0.3395162999194847,0.17850581854727388,Medium Variability
gene-Peve_00003205,OG_15877,peve,0.8069023417864335,0.7424970182528088,0.9521090298110365,0.810472769432286,0.8086875556093598,0.8473030240319226,1.0477507884902042,0.038615468422562804,False,gene-Peve_00003205,0.6799525758210181,1.0304302906814449,1.1714108574986315,0.7816247903188287,0.3504777148604268,0.4914582816776134,0.24880550036261617,0.3897860671798028,0.3504777148604268,0.4914582816776134,Medium Variability
gene-Peve_00003236,OG_07000,peve,0.47381113074576237,0.4734974801790396,0.44558990876624327,0.4692243950865152,0.4715177629161388,0.45954369447264143,0.9746052654104846,-0.011974068443497354,False,gene-Peve_00003236,0.39370189748015877,0.5763439330952381,0.6453789909523809,0.3474513621825397,0.18264203561507936,0.25167709347222217,0.22889257091269843,0.29792762876984125,0.18264203561507936,0.25167709347222217,Medium Variability
gene-Peve_00003257,OG_12972,peve,0.3030051454025633,0.3005670457692375,0.24298956235991404,0.23922546307213413,0.2711153042373487,0.27177830406457576,1.0024454533435214,0.0006629998272270621,False,gene-Peve_00003257,82.51090499848485,81.86941013149865,81.83832788238507,82.28988876177077,-0.6414948669861928,-0.6725771160997738,-0.42047863027211463,-0.45156087938569556,0.6414948669861928,0.6725771160997738,Medium Variability
gene-Peve_00003282,OG_04243,peve,0.26232002734484233,0.2661108836163551,0.23759976608772979,0.2474957992066074,0.2549079132757249,0.25185532485204243,0.988024740446639,-0.003052588423682445,False,gene-Peve_00003282,63.05330505868348,60.69977751834734,63.28003959033613,63.3530730894958,-2.353527540336138,0.226734531652653,-2.653295571148462,-0.07303349915967061,2.353527540336138,0.226734531652653,Medium Variability
gene-Peve_00003352,OG_01354,peve,0.09098671412007386,0.10387533860887874,0.07914461945487622,0.09717526437980532,0.0940809892499396,0.09150997903187748,0.9726723726168327,-0.0025710102180621225,False,gene-Peve_00003352,3.6967494695850913,3.8929649864309157,3.1237791033102273,3.423513538426763,0.1962155168458244,-0.572970366274864,0.4694514480041527,-0.29973443511653564,0.1962155168458244,0.572970366274864,Medium Variability
gene-Peve_00003353,OG_01353,peve,0.5828242217513646,0.6815582340877259,0.6164033011447313,0.6233808721030336,0.6031025469271991,0.6489807676162286,1.0760703481070981,0.04587822068902947,False,gene-Peve_00003353,0.5181040004254933,0.6978782455534432,0.6867019798433822,0.6715806412834209,0.17977424512794993,0.1685979794178889,0.026297604270022368,0.01512133855996134,0.17977424512794993,0.1685979794178889,Medium Variability
gene-Peve_00003523,OG_03671,peve,0.284634243363964,0.24542551929725154,0.25536012437662,0.316871550078484,0.30075289672122396,0.2503928218369358,0.832553317247121,-0.050360074884288175,False,gene-Peve_00003523,0.5732244754319333,0.5034152380228946,0.5724505439731478,0.3419509635963232,-0.06980923740903877,-0.0007739314587855706,0.16146427442657135,0.23049958037682455,0.06980923740903877,0.0007739314587855706,Medium Variability
gene-Peve_00003739,OG_15906,peve,0.38131402557016775,0.40340233960125116,0.9851937116020864,0.6366711285449403,0.5089925770575541,0.6942980256016688,1.364063164958811,0.18530544854411468,False,gene-Peve_00003739,0.7709629965380406,0.46289761551724135,0.6102951477832512,0.8029724595648605,-0.3080653810207992,-0.16066784875478934,-0.3400748440476192,-0.1926773117816093,0.3080653810207992,0.16066784875478934,Medium Variability
gene-Peve_00003740,OG_12102,peve,0.7906960633126698,0.8977935594666429,1.052095532136077,0.6256050051020273,0.7081505342073486,0.9749445458013599,1.3767475963181202,0.2667940115940113,True,gene-Peve_00003740,0.48618948859572403,0.5073908543019112,0.5389992682896015,0.5539349530482669,0.021201365706187192,0.05280977969387751,-0.04654409874635568,-0.014935684758665357,0.021201365706187192,0.05280977969387751,Medium Variability
gene-Peve_00003748,OG_11831,peve,0.4280496424272988,0.4079350534195423,0.4338349121263955,0.4331750878069156,0.4306123651171072,0.42088498277296893,0.9774103506259212,-0.00972738234413828,False,gene-Peve_00003748,8.168817263240507,7.865997051296762,8.079858124347105,8.4730535907774,-0.30282021194374575,-0.08895913889340257,-0.6070565394806389,-0.3931954664302957,0.30282021194374575,0.08895913889340257,Medium Variability
gene-Peve_00003753,OG_15907,peve,0.6602937672608272,0.8424379324403777,0.6218768226214704,0.5969410568652312,0.6286174120630292,0.732157377530924,1.1647106228382889,0.10353996546789479,False,gene-Peve_00003753,1.0282439632812501,1.2457816042658731,0.8929423019097222,1.0968805245535713,0.21753764098462303,-0.13530166137152788,0.14890107971230182,-0.2039382226438491,0.21753764098462303,0.13530166137152788,Medium Variability
gene-Peve_00003920,OG_15920,peve,1.7320508075688774,1.7320508075688774,,1.7320508075688774,1.7320508075688774,,,,False,gene-Peve_00003920,44.71835815984341,41.286882350377525,46.17039505401759,41.89482698802874,-3.431475809465887,1.452036894174178,-0.6079446376512152,4.27556806598885,3.431475809465887,1.452036894174178,Medium Variability
gene-Peve_00003934,OG_00843,peve,0.06200319218801697,0.06163869838656512,0.06954621824288887,0.07539556959824038,0.06869938089312867,0.06559245831472699,0.9547751007649555,-0.0031069225784016857,False,gene-Peve_00003934,10.576750394595019,10.560610930552418,10.266324591421984,10.529375291734896,-0.016139464042600693,-0.31042580317303425,0.031235638817522116,-0.26305070031291145,0.016139464042600693,0.31042580317303425,Medium Variability
gene-Peve_00003956,OG_00842,peve,0.4282000478573587,0.21921789649259724,0.45801764730267325,0.4867014623957327,0.4574507551265457,0.33861777189763526,0.7402278127269953,-0.11883298322891045,False,gene-Peve_00003956,0.9159611215122557,0.6672606737474355,0.7368801863999568,0.8030725736772487,-0.24870044776482025,-0.17908093511229894,-0.13581189992981324,-0.06619238727729193,0.24870044776482025,0.17908093511229894,Medium Variability
gene-Peve_00004122,OG_13032,peve,1.1456439237389602,0.45719810717856946,1.4522890174407088,0.8796500740102629,1.0126469988746116,0.9547435623096392,0.9428197223422156,-0.05790343656497243,False,gene-Peve_00004122,0.3001725995046924,0.6889621895898506,0.5282189157021203,0.506936798951454,0.3887895900851582,0.22804631619742793,0.1820253906383965,0.02128211675066627,0.3887895900851582,0.22804631619742793,Medium Variability
gene-Peve_00004180,OG_06004,peve,0.24652984314798398,0.25600258655837754,0.2716896384846106,0.24050486120735895,0.24351735217767145,0.26384611252149404,1.083479719872244,0.020328760343822583,False,gene-Peve_00004180,9.41619240621106,9.455280310922898,9.797084374278668,9.558316395196373,0.039087904711838206,0.3808919680676084,-0.10303608427347477,0.2387679790822954,0.039087904711838206,0.3808919680676084,Medium Variability
gene-Peve_00004260,OG_06198,peve,0.1168306355943175,0.12299855246159812,0.14395999514973196,0.11318083386143797,0.11500573472787773,0.13347927380566504,1.1606314600006575,0.018473539077787315,False,gene-Peve_00004260,1.0417246317781448,0.7951509198871456,0.8781543671460684,0.8044217078378751,-0.2465737118909992,-0.16357026463207636,-0.009270787950729553,0.07373265930819328,0.2465737118909992,0.16357026463207636,Medium Variability
gene-Peve_00004283,OG_05087,peve,0.36860799793346516,0.3362084919148589,0.38926748991723,0.3191770779264562,0.34389253792996066,0.3627379909160444,1.054800412650774,0.018845452986083755,False,gene-Peve_00004283,0.147186145,0.16579911904761904,0.11965812499999999,0.6860066095238095,0.018612974047619052,-0.02752802,-0.5202074904761905,-0.5663484845238096,0.018612974047619052,0.02752802,Medium Variability
gene-Peve_00004413,OG_12990,peve,0.2603180755069609,0.23426956487066442,0.17114967980426157,0.2360170395863908,0.24816755754667585,0.20270962233746298,0.8168256332189471,-0.045457935209212874,False,gene-Peve_00004413,1.1717152201342842,1.3929469500946403,1.286784359512187,1.3130745794896062,0.22123172996035612,0.11506913937790286,0.07987237060503416,-0.026290219977419094,0.22123172996035612,0.11506913937790286,Medium Variability
gene-Peve_00004526,OG_00171,peve,0.21264051256171598,0.2524207800449828,0.23217886809952107,0.2940988114556003,0.2533696620086581,0.24229982407225192,0.9563095366325747,-0.011069837936406202,False,gene-Peve_00004526,22.39283174653098,21.189198860675884,21.419355111136714,22.87139453936252,-1.2036328858550966,-0.9734766353942668,-1.6821956786866359,-1.452039428225806,1.2036328858550966,0.9734766353942668,Medium Variability
gene-Peve_00004712,OG_13201,peve,0.34373149121476365,0.37395206434170836,0.36049545900699154,0.37029674437060833,0.357014117792686,0.36722376167434995,1.0285973113466413,0.010209643881663955,False,gene-Peve_00004712,2.384066382798735,2.382023143047309,2.552026187773444,2.4629561520598053,-0.0020432397514262846,0.16795980497470886,-0.08093300901249645,0.0890700357136387,0.0020432397514262846,0.16795980497470886,Medium Variability
gene-Peve_00004859,OG_05952,peve,0.31555189662681493,0.3097631065913696,0.22944243476320528,0.24757676070343568,0.2815643286651253,0.26960277067728744,0.9575174950443947,-0.011961557987837879,False,gene-Peve_00004859,0.6697461063103506,0.7131565238004299,0.6113087157200727,0.6384474817030423,0.043410417490079345,-0.05843739059027786,0.0747090420973876,-0.027138765982969604,0.043410417490079345,0.05843739059027786,Medium Variability
gene-Peve_00004945,OG_13190,peve,0.11671747321621934,0.16109168834141882,0.15049468351437945,0.16656168949519412,0.14163958135570673,0.15579318592789915,1.0999269020475833,0.014153604572192419,False,gene-Peve_00004945,18.275606405501676,17.98626247652617,17.803443104106055,18.32016969480708,-0.2893439289755051,-0.47216330139562146,-0.33390721828090975,-0.5167265907010261,0.2893439289755051,0.47216330139562146,Medium Variability
gene-Peve_00004974,OG_01414,peve,0.4274459415585499,0.5623944422194177,0.61461364543573,0.7097261131772237,0.5685860273678868,0.5885040438275739,1.0350307877805092,0.01991801645968716,False,gene-Peve_00004974,2.03378254834544,2.1116766320285176,1.8102508134606763,2.1383232787440587,0.07789408368307749,-0.22353173488476386,-0.026646646715541067,-0.3280724652833824,0.07789408368307749,0.22353173488476386,Medium Variability
gene-Peve_00005199,OG_16000,peve,0.1761684072890688,0.18406382716117553,0.16649541671832407,0.17822182077284104,0.17719511403095492,0.1752796219397498,0.9891899271507537,-0.0019154920912051177,False,gene-Peve_00005199,2.745920200387597,2.4159689313630492,4.749898371200166,3.2591050143595424,-0.32995126902454786,2.0039781708125686,-0.8431360829964931,1.4907933568406233,0.32995126902454786,2.0039781708125686,Medium Variability
gene-Peve_00005547,OG_10265,peve,0.17102636619310183,0.19636429843343975,0.1457781235387325,0.17848995516443342,0.17475816067876762,0.17107121098608613,0.9789025606680614,-0.0036869496926814904,False,gene-Peve_00005547,7.66154665803792,6.76466449171164,7.050569704967373,7.1100156440070545,-0.8968821663262796,-0.6109769530705469,-0.34535115229541447,-0.05944593903968176,0.8968821663262796,0.6109769530705469,Medium Variability
gene-Peve_00005899,OG_12805,peve,1.1949873628940708,0.9757953765413873,0.8862227678895681,0.8354373170572262,1.0152123399756485,0.9310090722154777,0.9170584670373583,-0.08420326776017084,False,gene-Peve_00005899,0.43780775561151813,0.5122295470015518,0.5458162662672975,0.48437545711551183,0.07442179139003363,0.10800851065577938,0.027854089886039934,0.06144080915178568,0.07442179139003363,0.10800851065577938,Medium Variability
gene-Peve_00006192,OG_08497,peve,0.1701859420802313,0.15156733072377818,0.17878616065446928,0.18571977075473192,0.1779528564174816,0.16517674568912372,0.9282050820337223,-0.012776110728357881,False,gene-Peve_00006192,42.95024606429989,44.12730783395692,43.69964643927155,43.34914531107804,1.1770617696570298,0.7494003749716569,0.7781625228788798,0.3505011281935069,1.1770617696570298,0.7494003749716569,Medium Variability
gene-Peve_00006268,OG_03673,peve,0.14974475478437901,0.15081930693190226,0.16062035113378353,0.15441286354511533,0.15207880916474717,0.1557198290328429,1.0239416647729758,0.0036410198680957295,False,gene-Peve_00006268,10.295820199991278,9.294556919570905,10.217525623007152,10.11845311777865,-1.001263280420373,-0.0782945769841259,-0.8238961982077448,0.0990725052285022,1.001263280420373,0.0782945769841259,Medium Variability
gene-Peve_00006347,OG_08842,peve,0.4666232022618738,0.44237899952191956,0.5963474546276013,0.5249567843068192,0.49578999328434653,0.5193632270747605,1.0475468123796805,0.023573233790413928,False,gene-Peve_00006347,0.4258142670208365,0.6037341062061596,0.5840740432983472,0.5027950933478965,0.17791983918532311,0.1582597762775107,0.10093901285826312,0.08127894995045071,0.17791983918532311,0.1582597762775107,Medium Variability
gene-Peve_00006527,OG_08331,peve,0.49012279641693435,0.3580519812428707,0.4379619364647005,0.38074717688252524,0.4354349866497298,0.39800695885378556,0.9140445096432918,-0.03742802779594423,False,gene-Peve_00006527,0.7603026527047508,0.6917671595644566,0.6003187562741127,0.6877293920076885,-0.06853549314029428,-0.15998389643063815,0.0040377675567681015,-0.08741063573357577,0.06853549314029428,0.15998389643063815,Medium Variability
gene-Peve_00006537,OG_01999,peve,0.44472755329743335,0.8823287859149807,0.6881425745103158,0.6941580759931661,0.5694428146452998,0.7852356802126482,1.3789544094989832,0.21579286556734845,True,gene-Peve_00006537,0.7521660523116476,0.6540694658091014,0.7975292795434841,0.8121062585784314,-0.09809658650254616,0.0453632272318365,-0.15803679276933003,-0.014576979034947368,0.09809658650254616,0.0453632272318365,Medium Variability
gene-Peve_00006728,OG_08145,peve,0.6333164697969662,0.8267158779028645,0.5624345210616285,0.8825065413471285,0.7579115055720473,0.6945751994822464,0.9164331117496406,-0.0633363060898009,False,gene-Peve_00006728,1.2014550107604964,1.2356797352763842,1.0924637944873543,1.3342122260778835,0.03422472451588776,-0.10899121627314212,-0.09853249080149928,-0.24174843159052917,0.03422472451588776,0.10899121627314212,Medium Variability
gene-Peve_00006733,OG_08143,peve,0.7138425054519475,0.6486018687563512,0.7061722162047112,0.7366626413961882,0.7252525734240678,0.6773870424805312,0.9340015703528586,-0.04786553094353663,False,gene-Peve_00006733,1.0352480319746884,0.8285827121819415,0.9123631077417511,1.1234248667457658,-0.20666531979274694,-0.12288492423293729,-0.29484215456382434,-0.2110617590040147,0.20666531979274694,0.12288492423293729,Medium Variability
gene-Peve_00006734,OG_08144,peve,0.2912893833176614,0.2996980154400653,0.3344124632171164,0.40976084685574327,0.35052511508670237,0.3170552393285908,0.9045150423819623,-0.033469875758111556,False,gene-Peve_00006734,0.6279034214636618,0.4908348894494698,0.5698599733030949,0.6788752647457892,-0.13706853201419206,-0.058043448160566946,-0.1880403752963194,-0.10901529144269428,0.13706853201419206,0.058043448160566946,Medium Variability
gene-Peve_00006922,OG_16092,peve,0.8935357464257753,1.112032297562305,0.960796768412858,0.9398097073395921,0.9166727268826838,1.0364145329875813,1.1306265612506023,0.1197418061048976,False,gene-Peve_00006922,0.7470636944721679,0.6697160603506197,0.5447102421488367,0.6103211892857143,-0.07734763412154821,-0.20235345232333124,0.059394871064905375,-0.06561094713687765,0.07734763412154821,0.20235345232333124,Medium Variability
gene-Peve_00006948,OG_02358,peve,0.5349531339298792,0.5718360875897237,0.6106874058657269,0.5602824321558151,0.5476177830428471,0.5912617467277252,1.0796978568562359,0.043643963684878107,False,gene-Peve_00006948,0.33826729724015786,0.6667367131400771,0.6741979449825128,0.6568237296879204,0.32846941589991924,0.335930647742355,0.009912983452156743,0.017374215294592488,0.32846941589991924,0.335930647742355,Medium Variability
gene-Peve_00006965,OG_08347,peve,0.23893737129681772,0.26883516847224503,0.28126166139547065,0.2801421939627447,0.2595397826297812,0.27504841493385784,1.059754354985335,0.01550863230407662,False,gene-Peve_00006965,30.45000897793105,28.936005606455236,29.28464953144369,30.808246416946965,-1.5140033714758125,-1.1653594464873578,-1.8722408104917285,-1.5235968855032738,1.5140033714758125,1.1653594464873578,Medium Variability
gene-Peve_00007257,OG_10523,peve,0.8531703743028548,0.8933902664113395,1.1090708424363163,0.8013248665846657,0.8272476204437602,1.0012305544238278,1.210315423919549,0.1739829339800676,False,gene-Peve_00007257,0.33659254735812133,0.482530582469015,0.3164306417808219,0.4733905583007175,0.14593803511089365,-0.02016190557729941,0.009140024168297456,-0.1569599165198956,0.14593803511089365,0.02016190557729941,Medium Variability
gene-Peve_00007258,OG_10525,peve,0.5037261187104989,0.7237232104776211,0.7925033046411482,0.6963373450491028,0.6000317318798009,0.7581132575593846,1.263455276247375,0.15808152567958378,False,gene-Peve_00007258,0.15342507724867727,0.4586368710222978,0.4666485901769967,0.4269003332703452,0.3052117937736205,0.31322351292831946,0.031736537751952565,0.03974825690665151,0.3052117937736205,0.31322351292831946,Medium Variability
gene-Peve_00007495,OG_10039,peve,0.19173945057714115,0.2193284669106366,0.26883028036219125,0.32101231878767844,0.2563758846824098,0.2440793736364139,0.9520371775167996,-0.012296511045995884,False,gene-Peve_00007495,0.2959046950561447,0.3167040881039024,0.42831288409579266,0.46644085829174464,0.020799393047757686,0.13240818903964796,-0.14973677018784226,-0.038127974195951986,0.020799393047757686,0.13240818903964796,Medium Variability
gene-Peve_00007506,OG_16122,peve,0.9335219958801239,1.012398663032347,1.5862363990882475,1.069785616333959,1.0016538061070415,1.2993175310602973,1.2971722596553945,0.2976637249532559,True,gene-Peve_00007506,0.3792467107858287,0.559540708460203,0.43707113731971153,0.4461371551482372,0.18029399767437426,0.05782442653388281,0.11340355331196578,-0.009066017828525674,0.18029399767437426,0.05782442653388281,Medium Variability
gene-Peve_00007613,OG_10183,peve,0.21898213397361002,0.24282421492976197,0.18095834600714575,0.20337899411832333,0.2111805640459667,0.21189128046845385,1.0033654442855473,0.0007107164224871565,False,gene-Peve_00007613,0.6194948511395467,0.3927795780960869,0.4287515734084543,0.4578665799995756,-0.22671527304345984,-0.1907432777310924,-0.0650870019034887,-0.029115006591121262,0.22671527304345984,0.1907432777310924,Medium Variability
gene-Peve_00007681,OG_08639,peve,0.08005885430195119,0.09464266755213897,0.08260342868944325,0.08581476833991397,0.08293681132093259,0.08862304812079111,1.0685610732953674,0.005686236799858524,False,gene-Peve_00007681,7.990287488272118,9.585090975518899,9.738351774965121,8.664969944887181,1.5948034872467804,1.748064286693003,0.9201210306317176,1.07338183007794,1.5948034872467804,1.748064286693003,Medium Variability
gene-Peve_00007746,OG_16139,peve,,1.4142135623730951,,,,,,,False,gene-Peve_00007746,0.4829595001984127,0.33409427152777776,0.39579793731575963,0.21788254610733182,-0.14886522867063495,-0.08716156288265309,0.11621172542044594,0.1779153912084278,0.14886522867063495,0.08716156288265309,Medium Variability
gene-Peve_00007775,OG_01147,peve,0.11344775054777897,0.13416970945217316,0.14406425691444602,0.11245312512827631,0.11295043783802763,0.1391169831833096,1.231663956741851,0.026166545345281955,False,gene-Peve_00007775,27.163562070082815,26.769328909547966,25.79605138895445,26.719136645172533,-0.39423316053484925,-1.3675106811283655,0.05019226437543267,-0.9230852562180836,0.39423316053484925,1.3675106811283655,Medium Variability
gene-Peve_00007777,OG_10675,peve,0.06109848751819585,0.07381447807313898,0.07796327471088843,0.068827038784692,0.06496276315144392,0.07588887639201371,1.1681904018629623,0.010926113240569787,False,gene-Peve_00007777,10.318059730964928,10.759407966749796,10.217628143115157,10.668730526038333,0.4413482357848686,-0.10043158784977102,0.09067744071146322,-0.4511023829231764,0.4413482357848686,0.10043158784977102,Medium Variability
gene-Peve_00007857,OG_16145,peve,0.6341004114915801,0.6335050216567507,0.5765450982693897,0.5942023781859843,0.6141513948387822,0.6050250599630702,0.9851399264865177,-0.009126334875712017,False,gene-Peve_00007857,24.02901354197279,22.934526357006803,25.163956796462585,28.8712916422449,-1.0944871849659883,1.1349432544897944,-5.936765285238096,-3.707334845782313,1.0944871849659883,1.1349432544897944,Medium Variability
gene-Peve_00007908,OG_06998,peve,0.09033154362084327,0.08718900922298743,0.08105062255973818,0.09032836052277604,0.09032995207180966,0.0841198158913628,0.9312505316563217,-0.006210136180446857,False,gene-Peve_00007908,5.799210855120679,5.111230196439443,4.7974692217873445,5.521074751228529,-0.6879806586812354,-1.0017416333333342,-0.40984455478908544,-0.7236055294411843,0.6879806586812354,1.0017416333333342,Medium Variability
gene-Peve_00007969,OG_12645,peve,1.7486209934071402,1.3779323950503797,1.5400684402588107,1.535680936084823,1.6421509647459815,1.4590004176545952,0.8884691170158541,-0.18315054709138634,False,gene-Peve_00007969,0.9458458181830381,1.01564967729852,1.2506734007169695,1.0419586258875853,0.06980385911548181,0.3048275825339314,-0.026308948589065295,0.20871477482938428,0.06980385911548181,0.3048275825339314,Medium Variability
gene-Peve_00008004,OG_12007,peve,0.4653623158853143,0.5513762206862124,0.3633469709744014,0.5164614406492513,0.4909118782672828,0.4573615958303069,0.9316572201198419,-0.03355028243697589,False,gene-Peve_00008004,0.41744036724109224,0.580026279037629,0.5168881135114886,0.6717987503163504,0.1625859117965368,0.09944774627039632,-0.09177247127872135,-0.15491063680486183,0.1625859117965368,0.09944774627039632,Medium Variability
gene-Peve_00008042,OG_02619,peve,0.6614658325516573,0.6114856859159377,0.7755447295550386,0.8400518989712236,0.7507588657614404,0.6935152077354881,0.9237522716859372,-0.057243658025952215,False,gene-Peve_00008042,0.5275972196768858,0.5170688256345018,0.42139270308455834,0.43831469021862046,-0.010528394042383926,-0.10620451659232744,0.07875413541588139,-0.016921987134062122,0.010528394042383926,0.10620451659232744,Medium Variability
gene-Peve_00008075,OG_12568,peve,0.1680144213593943,0.2219539504502108,0.30681417719740506,0.18193089716247143,0.17497265926093286,0.2643840638238079,1.511002147081378,0.08941140456287505,True,gene-Peve_00008075,0.48280888300612645,0.6967916230599648,0.5808506942703981,0.5914856504153904,0.21398274005383833,0.0980418112642717,0.10530597264457442,-0.010634956144992214,0.21398274005383833,0.0980418112642717,High Variability
gene-Peve_00008076,OG_16158,peve,0.3394588566839991,0.17913737360369986,0.26029754037454156,0.39883758062490215,0.36914821865445063,0.2197174569891207,0.595201184472712,-0.14943076166532993,False,gene-Peve_00008076,0.9644725255511465,1.0319976210912698,0.839746786600529,0.9772822912147267,0.06752509554012331,-0.12472573895061745,0.05471532987654315,-0.1375355046141976,0.06752509554012331,0.12472573895061745,Low Variability
gene-Peve_00008079,OG_16159,peve,0.47266167404776765,0.46964230254692485,0.466415353660958,0.46091831700212854,0.4667899955249481,0.4680288281039414,1.002653939867756,0.0012388325789933208,False,gene-Peve_00008079,1.0410927405555557,1.0699043309621656,1.0339423994411827,0.763306685783866,0.028811590406609966,-0.00715034111437296,0.3065976451782997,0.27063571365731676,0.028811590406609966,0.00715034111437296,Medium Variability
gene-Peve_00008198,OG_10450,peve,0.5196651977386957,0.7504833955833371,1.1588213790858748,0.6504745957534837,0.5850698967460897,0.954652387334606,1.6316894658979675,0.36958249058851633,True,gene-Peve_00008198,0.5418253490519285,0.8013411492458522,0.5670487399123753,0.4594296062773827,0.25951580019392373,0.02522339086044678,0.3419115429684695,0.10761913363499254,0.25951580019392373,0.02522339086044678,High Variability
gene-Peve_00008285,OG_10758,peve,0.2902672326269408,0.20710008623264092,0.2528596472946144,0.27685010375972613,0.2835586681933335,0.22997986676362767,0.8110486208336428,-0.05357880142970581,False,gene-Peve_00008285,0.5539830082314932,0.8125487418984408,0.5128525709474645,0.24250182589549094,0.2585657336669477,-0.041130437284028654,0.5700469160029499,0.27035074505197354,0.2585657336669477,0.041130437284028654,Medium Variability
gene-Peve_00008464,OG_12318,peve,0.2673553360016705,0.039155340772959984,0.28820262136131936,0.14768624083436768,0.20752078841801908,0.16367898106713968,0.7887353470218765,-0.04384180735087939,False,gene-Peve_00008464,5.8122627314285715,4.6131212207142855,6.34295159547619,5.64569009952381,-1.199141510714286,0.5306888640476188,-1.0325688788095242,0.6972614959523806,1.199141510714286,0.5306888640476188,Medium Variability
gene-Peve_00008766,OG_00466,peve,0.21606471310529826,0.2476140806226775,0.2805401824049685,0.22695663170980668,0.22151067240755246,0.264077131513823,1.1921643713308472,0.04256645910627055,False,gene-Peve_00008766,27.3004899850722,26.554199550727514,27.014774528695437,27.80446006556713,-0.7462904343446866,-0.28571545637676365,-1.250260514839617,-0.7896855368716942,0.7462904343446866,0.28571545637676365,Medium Variability
gene-Peve_00008841,OG_16192,peve,1.060194304213928,0.9635374356660599,0.9540361392576119,1.0361861831841965,1.0481902436990622,0.9587867874618359,0.9147068418403499,-0.08940345623722634,False,gene-Peve_00008841,1.2090235573002188,0.8971914107484948,0.8038655383210181,1.442844965373563,-0.311832146551724,-0.4051580189792007,-0.5456535546250683,-0.638979427052545,0.311832146551724,0.4051580189792007,Medium Variability
gene-Peve_00008846,OG_11215,peve,1.4286920788476831,1.0567048937410035,0.8635104378434881,1.302453381626597,1.36557273023714,0.9601076657922458,0.7030805789637563,-0.4054650644448943,False,gene-Peve_00008846,0.4673574847869336,0.42984465118619775,0.5803415843141659,0.49933395392012153,-0.03751283360073587,0.11298409952723232,-0.06948930273392379,0.0810076303940444,0.03751283360073587,0.11298409952723232,Medium Variability
gene-Peve_00008925,OG_12371,peve,0.9024832151960563,0.7137582096696352,0.8783994459948478,0.7326603452490084,0.8175717802225324,0.7960788278322415,0.9737112350129785,-0.02149295239029092,False,gene-Peve_00008925,41.85889286553885,41.28425872190894,42.493160388700915,45.50137106004595,-0.5746341436299076,0.634267523162066,-4.217112338137007,-3.008210671345033,0.5746341436299076,0.634267523162066,Medium Variability
gene-Peve_00009023,OG_11839,peve,0.4804887075067597,0.43545610120689365,0.31169989598458725,0.3948802053860278,0.43768445644639375,0.3735779985957405,0.8535327062534037,-0.06410645785065328,False,gene-Peve_00009023,0.41974261481804104,0.3719712049651568,0.4631952830332946,0.4873437578171377,-0.04777140985288425,0.043452668215253565,-0.11537255285198089,-0.024148474783843077,0.04777140985288425,0.043452668215253565,Medium Variability
gene-Peve_00009060,OG_12019,peve,0.7895598502170695,0.7172263691531158,2.0,1.1293086246982167,0.9594342374576431,1.3586131845765579,1.416056600373861,0.3991789471189148,True,gene-Peve_00009060,0.583311891966231,0.6678821501789605,0.589154669265484,0.8477325201991908,0.08457025821272945,0.005842777299252977,-0.1798503700202303,-0.2585778509337068,0.08457025821272945,0.005842777299252977,Medium Variability
gene-Peve_00009080,OG_11234,peve,1.1504359779429436,0.6513483128040721,1.6776901367666412,0.7098987030323981,0.9301673404876709,1.1645192247853566,1.2519459392917611,0.23435188429768572,True,gene-Peve_00009080,0.35457834074259076,0.5656965766011766,0.37920111357808856,0.536240933030858,0.2111182358585858,0.024622772835497797,0.0294556435703186,-0.1570398194527694,0.2111182358585858,0.024622772835497797,Medium Variability
gene-Peve_00009143,OG_16209,peve,1.104748412053791,0.7814341963480851,1.1278802368437126,0.7561107073515079,0.9304295597026494,0.9546572165958989,1.0260392166613796,0.02422765689324946,False,gene-Peve_00009143,0.4573902474413029,0.7540140315083499,0.49019060593998015,0.40744083740699405,0.296623784067047,0.03280035849867724,0.34657319410135584,0.0827497685329861,0.296623784067047,0.03280035849867724,Medium Variability
gene-Peve_00009294,OG_07772,peve,0.9758631824232451,1.0868325462541206,0.7154746101451531,0.6820646609650671,0.8289639216941561,0.9011535781996369,1.0870841958452746,0.07218965650548081,False,gene-Peve_00009294,0.512717943761108,0.3611514468315254,0.4831535302016302,0.5430799958249065,-0.15156649692958263,-0.02956441355947781,-0.18192854899338112,-0.059926465623276304,0.15156649692958263,0.02956441355947781,Medium Variability
gene-Peve_00009371,OG_10815,peve,0.3993213660624184,0.519227965697734,0.39294220970105875,0.36933331404978825,0.38432734005610336,0.4560850876993964,1.186709973932164,0.07175774764329301,False,gene-Peve_00009371,3.2942974826504243,3.626526208942414,3.0367913813584346,3.603680364055002,0.33222872629198985,-0.2575061012919897,0.02284584488741226,-0.5668889826965673,0.33222872629198985,0.2575061012919897,Medium Variability
gene-Peve_00009537,OG_05718,peve,0.22901185320818412,0.22607836466908302,0.26674382651215117,0.23838602054450986,0.233698936876347,0.24641109559061708,1.0543954494794996,0.012712158714270089,False,gene-Peve_00009537,19.533416013095238,20.877568357142856,19.130241241666667,22.191161020000003,1.3441523440476182,-0.4031747714285707,-1.3135926628571468,-3.0609197783333357,1.3441523440476182,0.4031747714285707,Medium Variability
gene-Peve_00009794,OG_02124,peve,0.12393348602145016,0.12075528895806603,0.11347398277122601,0.13605617625648425,0.1299948311389672,0.11711463586464602,0.9009176352515741,-0.012880195274321188,False,gene-Peve_00009794,19.11332806263021,18.892016983773562,19.08702039905134,20.153655539775546,-0.22131107885664747,-0.026307663578869267,-1.2616385560019836,-1.0666351407242054,0.22131107885664747,0.026307663578869267,Medium Variability
gene-Peve_00009908,OG_10811,peve,0.5713836710814351,0.5879027337728298,0.8174287339709416,0.6877283956443383,0.6295560333628867,0.7026657338718857,1.1161289807969441,0.07310970050899901,False,gene-Peve_00009908,0.45544450728242136,0.5537102445447764,0.468395649671992,0.47675945087340177,0.09826573726235499,0.012951142389570625,0.07695079367137458,-0.008363801201409782,0.09826573726235499,0.012951142389570625,Medium Variability
gene-Peve_00010012,OG_13647,peve,0.44965516701657704,0.591018578426515,0.3463444731705932,0.7888538109885945,0.6192544890025857,0.46868152579855404,0.7568480069534014,-0.15057296320403168,False,gene-Peve_00010012,0.40005734554029304,0.638580986031746,0.2667202005952381,0.4218936721245421,0.23852364049145292,-0.13333714494505494,0.21668731390720386,-0.155173471529304,0.23852364049145292,0.13333714494505494,Medium Variability
gene-Peve_00010254,OG_12927,peve,0.32811179621514863,0.183379572976364,0.2673771111976675,0.27809114984419175,0.30310147302967017,0.22537834208701574,0.7435738923807664,-0.07772313094265443,False,gene-Peve_00010254,0.6123581715854559,0.7402361963732004,0.7379309156515319,0.1461246018826135,0.12787802478774446,0.125572744066076,0.5941115944905868,0.5918063137689185,0.12787802478774446,0.125572744066076,Medium Variability
gene-Peve_00010264,OG_16270,peve,0.7109385320023835,0.783524294244162,1.1085945165957471,0.9921344081133777,0.8515364700578807,0.9460594054199546,1.1110028033862707,0.0945229353620739,False,gene-Peve_00010264,0.5247708436495689,0.5488359682902215,0.6017820426690182,0.602770554675436,0.02406512464065258,0.0770111990194493,-0.053934586385214534,-0.0009885120064178077,0.02406512464065258,0.0770111990194493,Medium Variability
gene-Peve_00010355,OG_02439,peve,0.24611793255686495,0.3362245153187369,0.18583366971812926,0.2989333364233962,0.27252563449013056,0.2610290925184331,0.957814823573546,-0.011496541971697471,False,gene-Peve_00010355,0.7386264830215419,0.3623549615457294,0.6238207814909297,0.4241562077097506,-0.3762715214758125,-0.1148057015306122,-0.06180124616402122,0.19966457378117908,0.3762715214758125,0.1148057015306122,Medium Variability
gene-Peve_00010372,OG_16279,peve,2.0696015008400455,1.9001671389313215,2.555180014401884,2.075603953959647,2.072602727399846,2.2276735766666027,1.0748193791394354,0.15507084926675674,False,gene-Peve_00010372,0.7851115096124031,0.9834877999132521,1.0343955309357697,0.7964892647840531,0.19837629030084902,0.2492840213233667,0.18699853512919895,0.23790626615171662,0.19837629030084902,0.2492840213233667,Medium Variability
gene-Peve_00010406,OG_08874,peve,0.5316413138554208,0.5019073347758984,0.5003399643621065,0.5289319675868241,0.5302866407211224,0.5011236495690025,0.9450052312981863,-0.029162991152119955,False,gene-Peve_00010406,0.7617686256828058,0.8135290990090449,0.6178782201383347,0.7144873854460406,0.05176047332623912,-0.14389040554447108,0.09904171356300429,-0.09660916530770591,0.05176047332623912,0.14389040554447108,Medium Variability
gene-Peve_00010574,OG_16289,peve,1.0129338063042956,0.8597581767972452,0.8371928497722103,1.082944206556076,1.0479390064301857,0.8484755132847277,0.8096611616501114,-0.19946349314545797,False,gene-Peve_00010574,0.6755304386953155,0.66723945581446,0.6578454200130662,0.6039935669981611,-0.008290982880855502,-0.017685018682249254,0.06324588881629889,0.05385185301490514,0.008290982880855502,0.017685018682249254,Medium Variability
gene-Peve_00010577,OG_02163,peve,0.5743027018254613,0.6533216690374276,0.6317395470681053,1.0824838978293367,0.8283932998273991,0.6425306080527664,0.7756347234902089,-0.18586269177463266,False,gene-Peve_00010577,0.4241677366367591,0.35017137248634095,0.4574257229401331,0.5515094674143556,-0.07399636415041816,0.03325798630337401,-0.20133809492801463,-0.09408374447422246,0.07399636415041816,0.03325798630337401,Medium Variability
gene-Peve_00010684,OG_12369,peve,0.23891305474339414,0.23023776608832489,0.26344898430060715,0.25081313776294656,0.24486309625317035,0.24684337519446603,1.0080872902924016,0.0019802789412956823,False,gene-Peve_00010684,11.70044778268909,11.729259461784041,11.661600823823868,12.018899162770127,0.02881167909495197,-0.03884695886522138,-0.28963970098608627,-0.3572983389462596,0.02881167909495197,0.03884695886522138,Medium Variability
gene-Peve_00010985,OG_13702,peve,1.4142135623730951,0.4563322750331733,0.49787071100762814,1.414213562373095,1.414213562373095,0.4771014930204007,0.33736170102895163,-0.9371120693526942,False,gene-Peve_00010985,68.10764383333333,65.63859531333334,57.98099867809524,65.70611854285714,-2.469048519999987,-10.126645155238087,-0.06752322952380041,-7.725119864761901,2.469048519999987,10.126645155238087,Low Variability
gene-Peve_00011002,OG_16307,peve,1.1128328979052027,1.1711872526852911,1.0766540270863436,0.6787186930823044,0.8957757954937535,1.1239206398858173,1.254689672951377,0.22814484439206373,True,gene-Peve_00011002,2.344612850089855,1.989708304877126,2.2749520677397723,2.4108468938356635,-0.3549045452127291,-0.06966078235008277,-0.4211385889585375,-0.1358948260958912,0.3549045452127291,0.06966078235008277,Medium Variability
gene-Peve_00011003,OG_10936,peve,0.6712664827707753,0.6513389231940429,0.7637049387184204,0.6460321155234382,0.6586492991471067,0.7075219309562316,1.0742012963080818,0.04887263180912493,False,gene-Peve_00011003,0.6062905965551593,0.6005516267914933,0.6484998117225854,0.6479313504001276,-0.0057389697636659465,0.04220921516742615,-0.047379723608634294,0.0005684613224578028,0.0057389697636659465,0.04220921516742615,Medium Variability
gene-Peve_00011006,OG_02148,peve,0.3121237126154521,0.3740334657068411,0.46627992730622136,0.28633299282162794,0.29922835271854,0.4201566965065312,1.4041339755719564,0.12092834378799122,False,gene-Peve_00011006,0.9778364477122823,0.6605518838349514,0.8754529621559562,0.7953638747834797,-0.31728456387733084,-0.10238348555632604,-0.13481199094852825,0.08008908737247655,0.31728456387733084,0.10238348555632604,Medium Variability
gene-Peve_00011012,OG_10937,peve,0.7770985259303016,0.9978125391012871,0.7136873019635792,0.6605052622490839,0.7188018940896928,0.8557499205324332,1.1905226287921438,0.1369480264427404,False,gene-Peve_00011012,0.45492614957642236,0.3379907804931336,0.42360524098671304,0.39727913630283573,-0.11693536908328878,-0.03132090858970932,-0.05928835580970215,0.026326104683877305,0.11693536908328878,0.03132090858970932,Medium Variability
gene-Peve_00011023,OG_11171,peve,0.916859662412005,0.924829329852129,1.5531219390697082,1.0291566488055186,0.9730081556087617,1.2389756344609186,1.273345580218446,0.2659674788521569,True,gene-Peve_00011023,1.3616152855998167,1.3536989152065526,1.5629526587250713,1.5743793902065526,-0.007916370393264094,0.20133737312525457,-0.220680475,-0.011426731481481323,0.007916370393264094,0.20133737312525457,Medium Variability
gene-Peve_00011097,OG_08192,peve,0.9100209547741135,1.1134843923540234,1.041348356005509,1.055018806504156,0.9825198806391346,1.0774163741797662,1.0965848075042521,0.09489649354063157,False,gene-Peve_00011097,0.5339741133852258,0.5386501061401099,0.48193247457875454,0.5672833740079365,0.004675992754884062,-0.05204163880647128,-0.028633267867826606,-0.08535089942918195,0.004675992754884062,0.05204163880647128,Medium Variability
gene-Peve_00011271,OG_03850,peve,0.28641471249044687,0.2062156383909629,0.38742846427745475,0.2054131508133551,0.24591393165190098,0.2968220513342088,1.2070160049100833,0.05090811968230782,False,gene-Peve_00011271,0.695862752910053,0.5699026511192511,0.6931449767043142,0.8396233380714965,-0.12596010179080186,-0.0027177762057387644,-0.2697206869522454,-0.14647836136718229,0.12596010179080186,0.0027177762057387644,Medium Variability
gene-Peve_00011299,OG_06152,peve,0.3636934758924686,0.3573991329422029,0.31700152309162705,0.3669474207199776,0.3653204483062231,0.33720032801691496,0.9230261530125546,-0.02812012028930816,False,gene-Peve_00011299,6.24527318149198,5.873220285960639,5.664068068999328,5.9765186398666055,-0.3720528955313407,-0.5812051124926514,-0.10329835390596642,-0.3124505708672771,0.3720528955313407,0.5812051124926514,Medium Variability
gene-Peve_00011388,OG_09969,peve,0.25169408732127196,0.2450132433355953,0.21146765883205162,0.23759893701854995,0.24464651216991096,0.22824045108382346,0.9329397303048685,-0.016406061086087498,False,gene-Peve_00011388,0.688431775968254,0.7829453264092479,0.7709432309710145,0.7371481594534162,0.09451355044099385,0.08251145500276047,0.04579716695583169,0.03379507151759831,0.09451355044099385,0.08251145500276047,Medium Variability
gene-Peve_00011446,OG_07892,peve,0.29712403356035455,0.30976503553093887,0.313852830459173,0.31720723469720946,0.307165634128782,0.31180893299505597,1.0151165962281028,0.004643298866273959,False,gene-Peve_00011446,0.0,1.3541666666666667,2.8611111166666667,0.5555555833333333,1.3541666666666667,2.8611111166666667,0.7986110833333334,2.3055555333333335,1.3541666666666667,2.8611111166666667,Medium Variability
gene-Peve_00011686,OG_13481,peve,0.15428046696645084,0.1805614018323895,0.12690000159090747,0.1676967004296522,0.16098858369805152,0.1537307017116485,0.9549167908699921,-0.007257881986403036,False,gene-Peve_00011686,0.513712027660282,0.7544389728252195,0.38458871769752595,0.4380636199654163,0.24072694516493753,-0.12912330996275606,0.3163753528598032,-0.05347490226789037,0.24072694516493753,0.12912330996275606,Medium Variability
gene-Peve_00011732,OG_13191,peve,0.6453413802685022,0.7140149324605835,0.5762003796105476,0.6342701284845752,0.6398057543765387,0.6451076560355655,1.0082867364395514,0.005301901659026775,False,gene-Peve_00011732,1.0739791693899783,0.6095300951914099,0.8120134051587301,0.3488374325396825,-0.4644490741985684,-0.2619657642312482,0.26069266265172736,0.4631759726190476,0.4644490741985684,0.2619657642312482,Medium Variability
gene-Peve_00011812,OG_11429,peve,0.4854204388352648,0.5430906955828231,0.5094605879648539,0.5084704524028918,0.4969454456190783,0.5262756417738386,1.0590209577597027,0.02933019615476029,False,gene-Peve_00011812,0.5955137171019901,0.5919509592646884,0.4724347205534826,0.616806819009121,-0.0035627578373016444,-0.12307899654850746,-0.024855859744432607,-0.14437209845563842,0.0035627578373016444,0.12307899654850746,Medium Variability
gene-Peve_00011874,OG_01312,peve,0.3736999996684371,0.3942972450086559,0.3499084214462592,0.41838797829369045,0.39604398898106374,0.3721028332274576,0.9395492510435479,-0.02394115575360617,False,gene-Peve_00011874,0.8343791190151408,0.8314985693780117,0.7321703013897747,0.814674321008716,-0.0028805496371291373,-0.10220881762536616,0.016824248369295747,-0.08250401961894127,0.0028805496371291373,0.10220881762536616,Medium Variability
gene-Peve_00012086,OG_16380,peve,0.38034691929875214,0.3422888412696655,0.3524160706524405,0.4056760416782245,0.39301148048848833,0.347352455961053,0.8838226698347742,-0.04565902452743531,False,gene-Peve_00012086,1.4121770090228174,1.4321402193154762,1.4482774574900794,1.5773371562599208,0.019963210292658795,0.036100448467262014,-0.14519693694444458,-0.12905969876984136,0.019963210292658795,0.036100448467262014,Medium Variability
gene-Peve_00012112,OG_16383,peve,0.19906499009898276,0.3404991251611683,0.3914216049352397,0.8229896458153181,0.5110273179571504,0.365960365048204,0.716126813946353,-0.1450669529089464,False,gene-Peve_00012112,0.4166058190902312,0.45697268546793435,0.5273327847555129,0.5237308354492916,0.04036686637770315,0.11072696566528173,-0.0667581499813572,0.0036019493062213748,0.04036686637770315,0.11072696566528173,Medium Variability
gene-Peve_00012117,OG_00510,peve,0.06218663682204018,0.06507630322463392,0.05303399578579101,0.07136220568356362,0.0667744212528019,0.05905514950521247,0.8843977738367066,-0.007719271747589435,False,gene-Peve_00012117,0.8854692617503487,0.8741878627050265,0.7195326388095238,0.7471312143088624,-0.011281399045322216,-0.1659366229408249,0.12705664839616404,-0.02759857549933864,0.011281399045322216,0.1659366229408249,Medium Variability
gene-Peve_00012118,OG_00514,peve,0.5244850760948833,0.6264445222435335,0.5904023279352837,0.4831009410845685,0.5037930085897259,0.6084234250894086,1.2076853285292228,0.10463041649968274,False,gene-Peve_00012118,24.260207616608238,24.818250094821796,25.194107230290193,25.724626620381727,0.558042478213558,0.9338996136819553,-0.9063765255599314,-0.5305193900915341,0.558042478213558,0.9338996136819553,Medium Variability
gene-Peve_00012295,OG_11852,peve,0.2893017725106795,0.4803005662910816,1.4234646374805136,0.5898407634045442,0.4395712679576118,0.9518826018857975,2.1654795735593626,0.5123113339281857,True,gene-Peve_00012295,0.1957738096061297,0.5230305745715129,0.40896690761355964,0.4987651679880108,0.32725676496538325,0.21319309800742994,0.024265406583502125,-0.08979826037445116,0.32725676496538325,0.21319309800742994,High Variability
gene-Peve_00012296,OG_16389,peve,0.2927843600396835,0.34305612246947603,0.4652409593064352,0.6013262773364121,0.4470553186880478,0.4041485408879556,0.9040235603817247,-0.04290677780009222,False,gene-Peve_00012296,0.36040780530784033,0.3580486203559404,0.36889324575757576,0.45569604791967294,-0.002359184951899962,0.008485440449735426,-0.09764742756373257,-0.08680280216209718,0.002359184951899962,0.008485440449735426,Medium Variability
gene-Peve_00012378,OG_11957,peve,0.6397663733808283,0.6354551870049796,0.6930629522536528,0.6339395282820597,0.636852950831444,0.6642590696293162,1.043033668544822,0.027406118797872248,False,gene-Peve_00012378,0.0,0.0,1.2477718333333334,0.0,0.0,1.2477718333333334,0.0,1.2477718333333334,0.0,1.2477718333333334,Medium Variability
gene-Peve_00012381,OG_05367,peve,0.1734385351818709,0.18109793885985598,0.1428159310111869,0.17938937499307525,0.1764139550874731,0.16195693493552143,0.9180505865038665,-0.01445702015195166,False,gene-Peve_00012381,0.7026122753804614,0.6162344857838324,0.5870208457729914,0.5204773959059482,-0.086377789596629,-0.11559142960747004,0.09575708987788423,0.06654344986704319,0.086377789596629,0.11559142960747004,Medium Variability
gene-Peve_00012542,OG_10472,peve,0.2866627785837464,1.2732611693300695,0.6687966242142136,0.5732762514772296,0.42996951503048797,0.9710288967721415,2.2583668442244993,0.5410593817416536,True,gene-Peve_00012542,1.3782267304347826,1.111706139288179,1.0173185637730455,1.1109904179089027,-0.26652059114660354,-0.3609081666617371,0.0007157213792763351,-0.09367185413585721,0.26652059114660354,0.3609081666617371,High Variability
gene-Peve_00012654,OG_08717,peve,0.6961596684612963,1.008662427031431,0.7054630761078311,1.0225441130505162,0.8593518907559062,0.8570627515696311,0.9973362027699019,-0.0022891391862751576,False,gene-Peve_00012654,0.7416172481981983,0.2286871131274131,0.6233559414414415,0.43704301158301156,-0.5129301350707852,-0.11826130675675683,-0.20835589845559846,0.1863129298584299,0.5129301350707852,0.11826130675675683,Medium Variability
gene-Peve_00013346,OG_12248,peve,0.6256043930716989,0.6047797663364322,0.7885979747824573,0.6958558497730358,0.6607301214223673,0.6966888705594447,1.0544227483676214,0.03595874913707742,False,gene-Peve_00013346,0.6490935848353361,0.9271159133622608,0.8863008256564308,0.9070175680054888,0.27802232852692477,0.23720724082109468,0.02009834535677202,-0.02071674234905807,0.27802232852692477,0.23720724082109468,Medium Variability
gene-Peve_00013516,OG_16469,peve,1.0954451150103321,0.8544472210685065,0.9626342948375658,1.1523016864345557,1.1238734007224438,0.9085407579530361,0.8084013353897437,-0.21533264276940767,False,gene-Peve_00013516,1.142011462797619,0.9071247285037878,0.8710205938446969,1.28744016584145,-0.23488673429383122,-0.2709908689529221,-0.38031543733766227,-0.41641957199675317,0.23488673429383122,0.2709908689529221,Medium Variability
gene-Peve_00013611,OG_06616,peve,0.14995647360200465,0.1769890956868783,0.1599651070669162,0.0788346583708789,0.11439556598644177,0.16847710137689725,1.4727590175729823,0.05408153539045549,False,gene-Peve_00013611,0.0,0.0,0.0,0.0,0.0,0.0,0.0,0.0,0.0,0.0,Medium Variability
gene-Peve_00013687,OG_09455,peve,0.2284418860163369,0.2303523105597872,0.21290590539738283,0.2357626618084354,0.23210227391238614,0.221629107978585,0.9548769352524545,-0.010473165933801126,False,gene-Peve_00013687,8.2143812492043,8.044851381886732,7.987604699344657,8.011346217450074,-0.1695298673175678,-0.22677654985964235,0.033505164436657964,-0.02374151810541658,0.1695298673175678,0.22677654985964235,Medium Variability
gene-Peve_00013805,OG_03267,peve,0.24781835143087233,0.17710057453624678,0.14903358247850998,0.22866182038356664,0.23824008590721948,0.1630670785073784,0.6844653278495015,-0.07517300739984109,False,gene-Peve_00013805,5.226389213155556,4.245859311873016,4.4274955873333335,5.03649798315873,-0.9805299012825399,-0.7988936258222221,-0.7906386712857145,-0.6090023958253967,0.9805299012825399,0.7988936258222221,Medium Variability
gene-Peve_00013808,OG_16485,peve,0.6228116943527919,0.11888480405721102,0.40129843591508174,1.0352734744005276,0.8290425843766598,0.2600916199861464,0.313725283703857,-0.5689509643905134,False,gene-Peve_00013808,0.34455967498064266,0.5641560622854562,0.6221344787714543,0.5936542838140405,0.21959638730481357,0.2775748037908117,-0.02949822152858428,0.02848019495741383,0.21959638730481357,0.2775748037908117,Low Variability
gene-Peve_00013809,OG_11292,peve,1.2057185475979462,1.2546877456243686,1.3913480599131245,1.2023968388713875,1.2040576932346667,1.3230179027687465,1.098799426474737,0.11896020953407982,False,gene-Peve_00013809,0.4767023705668088,0.40187441215351816,0.4233242361273987,0.6042325351738332,-0.07482795841329065,-0.053378134439410085,-0.20235812302031508,-0.18090829904643452,0.07482795841329065,0.053378134439410085,Medium Variability
gene-Peve_00013849,OG_16489,peve,0.5006196392158795,0.5015232293957379,0.5987185362635221,0.5501926978717392,0.5254061685438094,0.55012088282963,1.0470392541342228,0.024714714285820616,False,gene-Peve_00013849,14.954569314583333,14.943807225446427,14.969680346428571,18.9698982609127,-0.010762089136905573,0.015111031845238543,-4.026091035466273,-4.000217914484129,0.010762089136905573,0.015111031845238543,Medium Variability
gene-Peve_00014253,OG_12683,peve,0.22935562812424024,0.41115718939836715,0.3741818075297612,0.2814582780170628,0.25540695307065153,0.3926694984640642,1.5374268152967732,0.13726254539341265,True,gene-Peve_00014253,0.9632288115528601,1.0180248923292903,1.338366554604672,1.0446058002096437,0.05479608077643017,0.3751377430518118,-0.026580907880353388,0.29376075439502825,0.05479608077643017,0.3751377430518118,High Variability
gene-Peve_00014381,OG_12331,peve,0.15666174908612243,0.16241132204394287,0.1616473742340062,0.14202889546214445,0.14934532227413344,0.16202934813897454,1.084930854690974,0.012684025864841103,False,gene-Peve_00014381,21.351830644265387,20.553257468062814,20.557076063504162,20.8254597521777,-0.7985731762025736,-0.7947545807612251,-0.27220228411488634,-0.2683836886735378,0.7985731762025736,0.7947545807612251,Medium Variability
gene-Peve_00014611,OG_02186,peve,1.3536180448472026,0.8689663544276418,1.0397757884071326,0.6997776243525113,1.026697834599857,0.9543710714173872,0.9295539926694613,-0.07232676318246978,False,gene-Peve_00014611,1.1069302116105304,1.2659364951858303,1.357091782042199,1.4561474351567945,0.1590062835752999,0.25016157043166865,-0.19021093997096417,-0.09905565311459541,0.1590062835752999,0.25016157043166865,Medium Variability
gene-Peve_00014648,OG_12785,peve,0.4093212778113226,0.36914671335603555,0.4568150249860278,0.47762200066905386,0.44347163924018823,0.41298086917103166,0.9312452761998553,-0.03049077006915657,False,gene-Peve_00014648,2.8797301650028344,2.825643933452381,2.8326818478911564,3.146039349362245,-0.054086231550453334,-0.047048317111678006,-0.32039541590986387,-0.31335750147108854,0.054086231550453334,0.047048317111678006,Medium Variability
gene-Peve_00014651,OG_16539,peve,0.368994048849149,0.27567646545922514,0.25627803985769915,0.393119549787676,0.3810567993184125,0.26597725265846217,0.6979989679601821,-0.11507954665995035,False,gene-Peve_00014651,0.5681818125,0.3364527625,1.0035103916666668,0.0,-0.23172905,0.4353285791666668,0.3364527625,1.0035103916666668,0.23172905,0.4353285791666668,Medium Variability
gene-Peve_00014717,OG_12613,peve,0.7373917567255003,0.7746069224880339,0.799376347442311,0.8316930951821884,0.7845424259538443,0.7869916349651724,1.003121831185038,0.0024492090113281684,False,gene-Peve_00014717,0.8431109161788565,0.975953360866658,0.8281277342541437,1.0396894043694642,0.1328424446878015,-0.014983181924712818,-0.06373604350280626,-0.21156167011532057,0.1328424446878015,0.014983181924712818,Medium Variability
gene-Peve_00014736,OG_16544,peve,0.794158456709589,0.7854195063352046,0.856976783726537,0.620518662946821,0.7073385598282049,0.8211981450308707,1.16096900645473,0.11385958520266581,False,gene-Peve_00014736,0.41624739302380953,0.3629949936031746,0.2399687046111111,0.34581089190476194,-0.05325239942063492,-0.17627868841269842,0.017184101698412668,-0.10584218729365083,0.05325239942063492,0.17627868841269842,Medium Variability
gene-Peve_00014803,OG_02408,peve,0.8722874444685722,0.5803196309750799,0.7349012139895525,0.8055429230323039,0.838915183750438,0.6576104224823163,0.7838818932116782,-0.18130476126812178,False,gene-Peve_00014803,0.7634301911300505,0.49110462418154766,0.434197370116342,0.7005992979595058,-0.27232556694850285,-0.3292328210137085,-0.20949467377795816,-0.2664019278431638,0.27232556694850285,0.3292328210137085,Medium Variability
gene-Peve_00014853,OG_16548,peve,0.3599562217722106,0.26617487985926935,0.46141260636748355,0.3603188749986782,0.36013754838544443,0.3637937431133764,1.0101522175188988,0.003656194727931994,False,gene-Peve_00014853,1.7168930682405166,1.4596330625453995,1.5942089555723702,1.8000847305202448,-0.2572600056951171,-0.12268411266814638,-0.3404516679748453,-0.20587577494787457,0.2572600056951171,0.12268411266814638,Medium Variability
gene-Peve_00014958,OG_09942,peve,0.22870663378672923,0.22958344943054304,0.254138446195587,0.2084910972277986,0.21859886550726393,0.24186094781306502,1.1064144694979128,0.023262082305801096,False,gene-Peve_00014958,0.5760515975185855,0.8682816096443641,0.8411516149186257,0.6041459839511754,0.2922300121257786,0.2651000174000402,0.2641356256931887,0.2370056309674503,0.2922300121257786,0.2651000174000402,Medium Variability
gene-Peve_00015019,OG_12165,peve,0.6231702941837237,0.6058109124738145,0.6061212248039767,0.595192368869036,0.6091813315263799,0.6059660686388956,0.9947219937298012,-0.0032152628874843048,False,gene-Peve_00015019,1.6593541784264347,1.8632442290852664,2.0028324593584657,1.737472191094322,0.2038900506588317,0.3434782809320309,0.12577203799094439,0.2653602682641436,0.2038900506588317,0.3434782809320309,Medium Variability
gene-Peve_00015035,OG_10520,peve,1.1688452758303054,1.0263492648364132,0.9208431143157092,1.1705295161682152,1.1696873959992602,0.9735961895760612,0.8323558866292827,-0.196091206423199,False,gene-Peve_00015035,0.3975725885714286,0.4043524230555556,0.6935034268055555,0.937381248611111,0.006779834484127001,0.29593083823412697,-0.5330288255555555,-0.2438778218055555,0.006779834484127001,0.29593083823412697,Medium Variability
gene-Peve_00015112,OG_12518,peve,0.8317540951397598,0.5697237763130284,0.886666232756619,0.6756878867576361,0.7537209909486979,0.7281950045348238,0.9661333746566552,-0.025525986413874158,False,gene-Peve_00015112,3.7558165595238093,4.05796783888889,3.6278248290816326,4.920930365079365,0.30215127936508024,-0.1279917304421767,-0.8629625261904756,-1.2931055359977326,0.30215127936508024,0.1279917304421767,Medium Variability
gene-Peve_00015212,OG_05121,peve,0.06766402452046398,0.07059442661897332,0.07811828581792112,0.07000374474519588,0.06883388463282994,0.07435635621844722,1.080228968843978,0.005522471585617278,False,gene-Peve_00015212,8.864056858756614,5.230660794179895,10.021141701322751,11.883684073015873,-3.6333960645767194,1.157084842566137,-6.653023278835978,-1.862542371693122,3.6333960645767194,1.157084842566137,Medium Variability
gene-Peve_00015353,OG_16573,peve,0.45506239844096397,0.4495803703773441,0.582401586793554,0.532250959489042,0.493656678965003,0.5159909785854491,1.0452425756039034,0.022334299620446085,False,gene-Peve_00015353,85.6944445,86.813187,79.96108066666666,79.612054625,1.1187424999999962,-5.7333638333333425,7.201132375,0.3490260416666615,1.1187424999999962,5.7333638333333425,Medium Variability
gene-Peve_00015389,OG_02220,peve,0.5168126829941747,0.5416296640999342,0.5423161813553441,0.5545992775112943,0.5357059802527345,0.5419729227276391,1.0116984739874435,0.006266942474904558,False,gene-Peve_00015389,1.6165872897907647,1.370226853210678,1.2772724477994226,1.7205186172077922,-0.24636043658008666,-0.3393148419913421,-0.35029176399711415,-0.4432461694083696,0.24636043658008666,0.3393148419913421,Medium Variability
gene-Peve_00015471,OG_11017,peve,0.8745112617782722,0.6738215460512802,0.911869302332597,0.9695486430635554,0.9220299524209138,0.7928454241919386,0.8598911804439934,-0.1291845282289752,False,gene-Peve_00015471,0.0,0.0,0.0,0.0,0.0,0.0,0.0,0.0,0.0,0.0,Medium Variability
gene-Peve_00015570,OG_07252,peve,0.34320696531617156,0.31091474099733235,0.40963618707810323,0.3478689025260925,0.345537933921132,0.3602754640377178,1.042650975970556,0.014737530116585795,False,gene-Peve_00015570,0.4524910674315736,0.4606411647112836,0.5230276895979049,0.4837602758687043,0.00815009727971,0.07053662216633133,-0.023119111157420713,0.03926741372920062,0.00815009727971,0.07053662216633133,Medium Variability
gene-Peve_00015572,OG_16585,peve,0.5610797094683205,0.9306881378428155,0.5974623184470411,0.8744317189812376,0.717755714224779,0.7640752281449283,1.0645338142242131,0.046319513920149324,False,gene-Peve_00015572,1.1430178609737485,0.8864491753479854,1.1164037324430198,0.9193713401628002,-0.25656868562576307,-0.026614128530728642,-0.0329221648148148,0.19703239228021963,0.25656868562576307,0.026614128530728642,Medium Variability
gene-Peve_00015573,OG_16586,peve,0.7358250799459962,0.5651208790902748,0.7266257509621907,0.8908178606549505,0.8133214703004734,0.6458733150262328,0.7941181176338815,-0.16744815527424062,False,gene-Peve_00015573,0.0,0.078125,1.1122862733630952,0.0520833359375,0.078125,1.1122862733630952,0.026041664062499997,1.0602029374255952,0.078125,1.1122862733630952,Medium Variability
gene-Peve_00015587,OG_08271,peve,0.2753094299867224,0.3140901895993278,0.29009765030674656,0.3362463464749781,0.3057778882308503,0.30209391995303714,0.9879521429782657,-0.0036839682778131433,False,gene-Peve_00015587,0.6371864815083499,0.4826897216641865,0.7515907990720073,0.5186214807395007,-0.1544967598441634,0.11440431756365743,-0.03593175907531415,0.23296931833250667,0.1544967598441634,0.11440431756365743,Medium Variability
gene-Peve_00015650,OG_16592,peve,0.28843784921469623,0.30865455306064005,0.32335457005673335,0.2995489441725913,0.29399339669364377,0.3160045615586867,1.0748695892921014,0.022011164865042954,False,gene-Peve_00015650,0.9482708579491727,0.5289524477668017,0.38353161726190477,0.5672373589116853,-0.4193184101823709,-0.5647392406872679,-0.03828491114488353,-0.18370574164978049,0.4193184101823709,0.5647392406872679,Medium Variability
gene-Peve_00015953,OG_07183,peve,0.42354803565923077,0.3997091225245486,0.5208915194467012,0.3863136511639762,0.40493084341160346,0.4603003209856249,1.1367381084323567,0.05536947757402144,False,gene-Peve_00015953,1.2937352006581906,1.1028574994221862,1.1118192162378029,1.1085135941976931,-0.19087770123600434,-0.1819159844203877,-0.005656094775506881,0.003305622040109757,0.19087770123600434,0.1819159844203877,Medium Variability
gene-Peve_00015967,OG_12616,peve,0.4991134163015019,0.5775800029123734,0.7022020883060704,1.1862380707559828,0.8426757435287423,0.6398910456092219,0.7593561942695177,-0.20278469791952036,False,gene-Peve_00015967,0.7768712269252233,0.5807368504495287,0.5137520619512649,0.5611695975074404,-0.19613437647569454,-0.2631191649739584,0.019567252942088276,-0.04741753555617556,0.19613437647569454,0.2631191649739584,Medium Variability
gene-Peve_00016030,OG_01384,peve,0.3621511177056898,0.4217942146603442,0.4480463327528487,0.5420892540950492,0.4521201859003695,0.43492027370659647,0.9619572124179316,-0.017199912193773037,False,gene-Peve_00016030,0.49890875460674655,0.4214551612433862,0.43258780228551336,0.37626560339673615,-0.07745359336336033,-0.0663209523212332,0.045189557846650075,0.05632219888877721,0.07745359336336033,0.0663209523212332,Medium Variability
gene-Peve_00016058,OG_04247,peve,0.1537518736074505,0.13995936865428998,0.11160323419687311,0.1279023762181491,0.1408271249127998,0.12578130142558155,0.8931610405556839,-0.015045823487218252,False,gene-Peve_00016058,3.142195811666667,0.9828311863265307,1.8318844323129253,2.0491465268707483,-2.159364625340136,-1.3103113793537415,-1.0663153405442176,-0.21726209455782297,2.159364625340136,1.3103113793537415,Medium Variability
gene-Peve_00016070,OG_13518,peve,0.8683493493093126,0.14921667520628257,0.2845457388947119,1.7320508075688772,1.300200078439095,0.21688120705049724,0.16680602520103335,-1.0833188713885977,False,gene-Peve_00016070,40.58009136975999,38.53390933214764,39.568128070008605,40.65233753430388,-2.046182037612354,-1.011963299751386,-2.1184282021562453,-1.0842094642952773,2.046182037612354,1.011963299751386,Low Variability
gene-Peve_00016079,OG_02935,peve,1.054920875764963,0.809259246889551,0.732304344228914,0.8957830471108129,0.975351961437888,0.7707817955592324,0.7902601584180206,-0.20457016587865562,False,gene-Peve_00016079,0.4773964736961452,0.3038999685941043,0.5199468660997733,0.44769349452947843,-0.1734965051020409,0.04255039240362807,-0.14379352593537414,0.07225337157029482,0.1734965051020409,0.04255039240362807,Medium Variability
gene-Peve_00016086,OG_12560,peve,0.33527466261302535,0.3116046759664208,0.22046585637000396,0.2257409538507452,0.28050780823188526,0.2660352661682124,0.9484059208372946,-0.014472542063672877,False,gene-Peve_00016086,2.283930010170488,1.7569264833872231,1.3938528802763082,1.4429464258769353,-0.5270035267832647,-0.8900771298941796,0.3139800575102878,-0.049093545600627175,0.5270035267832647,0.8900771298941796,Medium Variability
gene-Peve_00016142,OG_16627,peve,0.4188254517309415,0.55690597721067,0.30257989887668757,0.4486342243796356,0.43372983805528853,0.4297429380436788,0.9908078724085809,-0.003986900011609729,False,gene-Peve_00016142,1.9953239771545583,2.484090308221408,1.7111904238680302,2.1675830053749494,0.48876633106684975,-0.2841335532865281,0.31650730284645867,-0.4563925815069192,0.48876633106684975,0.2841335532865281,Medium Variability
gene-Peve_00016197,OG_09806,peve,0.2522268181045832,0.26029331044488646,0.2305095182101905,0.2542009178802323,0.25321386799240775,0.24540141432753848,0.9691468175625219,-0.007812453664869268,False,gene-Peve_00016197,0.9121396020403439,1.0749528988045771,0.9729475504182605,1.0698455505930395,0.16281329676423317,0.06080794837791659,0.005107348211537577,-0.09689800017477901,0.16281329676423317,0.06080794837791659,Medium Variability
gene-Peve_00016213,OG_12837,peve,0.5490670097336579,0.5030035596000374,0.43015421603214005,0.573563205047613,0.5613151073906355,0.4665788878160887,0.8312245326605523,-0.09473621957454681,False,gene-Peve_00016213,0.713923947010582,0.7581486145679013,0.6727515202910053,0.7980015203042328,0.04422466755731924,-0.04117242671957677,-0.03985290573633149,-0.1252500000132275,0.04422466755731924,0.04117242671957677,Medium Variability
gene-Peve_00016284,OG_06430,peve,0.05407800884234733,0.04190836401361185,0.054575279801670935,0.04834854603302448,0.0512132774376859,0.0482418219076414,0.9419788055224537,-0.002971455530044506,False,gene-Peve_00016284,1.850589027173913,1.4420034184782609,1.3968570813664596,3.7556993792443065,-0.4085856086956521,-0.45373194580745335,-2.3136959607660454,-2.358842297877847,0.4085856086956521,0.45373194580745335,Medium Variability
gene-Peve_00016379,OG_02924,peve,1.3794886000903248,1.0458250331675945,1.8852656924289022,1.370000965722288,1.3747447829063064,1.4655453627982484,1.0660490448997983,0.09080057989194201,False,gene-Peve_00016379,5.568064649226625,5.141525978163017,4.900322056612791,4.987490140510949,-0.4265386710636081,-0.6677425926138341,0.15403583765206807,-0.08716808389815789,0.4265386710636081,0.6677425926138341,Medium Variability
gene-Peve_00016555,OG_04799,peve,0.13863613868815067,0.18011785614732317,0.219485649404133,0.1512935895355772,0.14496486411186393,0.1998017527757281,1.3782771018330937,0.05483688866386416,False,gene-Peve_00016555,0.8321213703042328,0.5250795836023524,0.592206820604533,0.506548286700093,-0.3070417867018804,-0.23991454969969983,0.01853129690225941,0.08565853390444,0.3070417867018804,0.23991454969969983,Medium Variability
gene-Peve_00016632,OG_16654,peve,1.1202379188966634,1.3447521192781708,1.150750438001078,1.049970019735842,1.0851039693162527,1.2477512786396243,1.1498909910226014,0.16264730932337157,False,gene-Peve_00016632,2.08333325,21.6666666,20.4807692,8.035714285714286,19.58333335,18.397435950000002,13.630952314285713,12.445054914285715,19.58333335,18.397435950000002,Medium Variability
gene-Peve_00016734,OG_01277,peve,0.40902306740781835,0.493442098198046,0.5040787844513017,0.4711631450243704,0.4400931062160944,0.4987604413246739,1.1333066441621849,0.05866733510857952,False,gene-Peve_00016734,26.052239138339914,24.865257038401598,25.155780613481785,25.872726020011925,-1.1869820999383158,-0.8964585248581294,-1.0074689816103266,-0.7169454065301402,1.1869820999383158,0.8964585248581294,Medium Variability
gene-Peve_00016783,OG_16665,peve,0.43886161874678736,0.47370057614774147,0.58206684694004,0.4581349047675207,0.448498261757154,0.5278837115438907,1.1770028037025506,0.07938544978673667,False,gene-Peve_00016783,1.1215529239130435,0.9407887313750862,1.4425677035196685,1.321380739889579,-0.18076419253795728,0.32101477960662494,-0.3805920085144927,0.12118696363008952,0.18076419253795728,0.32101477960662494,Medium Variability
gene-Peve_00016980,OG_08768,peve,0.7415716581991847,0.874493963023036,0.8523186413920935,0.751711482152407,0.7466415701757958,0.8634063022075646,1.1563865939104847,0.11676473203176885,False,gene-Peve_00016980,0.46261621999244146,0.30507905383597883,0.3031723850836168,0.375351127534486,-0.15753716615646263,-0.15944383490882463,-0.07027207369850719,-0.0721787424508692,0.15753716615646263,0.15944383490882463,Medium Variability
gene-Peve_00017132,OG_04515,peve,0.607485497396575,0.6081665384045477,1.0430918890745406,0.768370689306221,0.687928093351398,0.8256292137395442,1.2001678979518104,0.1377011203881462,False,gene-Peve_00017132,0.7514001885645272,1.259440492188866,0.5977311216229584,1.0819780840579711,0.5080403036243388,-0.1536690669415688,0.17746240813089487,-0.48424696243501275,0.5080403036243388,0.1536690669415688,Medium Variability
gene-Peve_00017133,OG_04514,peve,0.3971249762684305,0.42241891893027217,0.4044848849338273,0.4052697035643526,0.40119733991639156,0.4134519019320497,1.0305449732498526,0.012254562015658166,False,gene-Peve_00017133,2.3533194841170304,2.479330400692785,2.379750703895259,2.3127689578376334,0.1260109165757548,0.0264312197782286,0.16656144285515184,0.06698174605762564,0.1260109165757548,0.0264312197782286,Medium Variability
gene-Peve_00017181,OG_11420,peve,0.8281403297219762,0.850109664458874,0.7345920577580048,0.5305796676645913,0.6793599986932837,0.7923508611084394,1.16631956934834,0.11299086241515577,False,gene-Peve_00017181,5.529364833467742,5.663070751683308,6.211513647148617,6.300283801545699,0.13370591821556577,0.6821488136808753,-0.6372130498623907,-0.08877015439708114,0.13370591821556577,0.6821488136808753,Medium Variability
gene-Peve_00017421,OG_05250,peve,1.341307120345027,1.5100525207207771,1.4596681637691078,1.2419921764397703,1.2916496483923987,1.4848603422449425,1.1495844435006164,0.19321069385254375,False,gene-Peve_00017421,1.1547773514283521,0.8642549197974218,0.9192540089779007,1.0623619050830921,-0.2905224316309304,-0.23552334245045148,-0.1981069852856704,-0.14310789610519148,0.2905224316309304,0.23552334245045148,Medium Variability
gene-Peve_00017468,OG_11907,peve,1.272768619149509,0.9873370763359314,0.5801250322194267,0.9918456515243746,1.1323071353369418,0.783731054277679,0.692154124812137,-0.34857608105926285,False,gene-Peve_00017468,0.5270641001221001,0.37721077119454616,0.4018422379273504,0.3725634090862841,-0.14985332892755399,-0.12522186219474973,0.004647362108262054,0.029278828841066307,0.14985332892755399,0.12522186219474973,Medium Variability
gene-Peve_00017517,OG_11423,peve,0.2708794669189639,0.49030128641087173,0.3766487294868175,0.2800318472212447,0.27545565707010433,0.43347500794884464,1.5736652953855432,0.1580193508787403,True,gene-Peve_00017517,0.48453108466279915,0.57868389755291,0.653767767572551,0.5086921407227032,0.0941528128901109,0.1692366829097518,0.06999175683020686,0.14507562684984776,0.0941528128901109,0.1692366829097518,High Variability
gene-Peve_00017518,OG_03856,peve,0.41707337712385606,0.34351970399736026,0.8275763407595171,1.129635315972414,0.773354346548135,0.5855480223784387,0.7571535932939807,-0.18780632416969623,False,gene-Peve_00017518,0.2926230876110612,0.18105161011904763,0.46669514800595235,0.599490026939484,-0.11157147749201357,0.17407206039489115,-0.4184384168204364,-0.1327948789335317,0.11157147749201357,0.17407206039489115,Medium Variability
gene-Peve_00017519,OG_03857,peve,0.27067525793226827,0.2664596059183949,0.2709802897888381,0.1921075631285828,0.23139141053042553,0.2687199478536165,1.161322052696864,0.037328537323191,False,gene-Peve_00017519,0.3407299422106591,0.5081823783191423,0.36372100029959004,0.37772098147272154,0.16745243610848315,0.022991058088930927,0.13046139684642072,-0.013999981173131504,0.16745243610848315,0.022991058088930927,Medium Variability
gene-Peve_00017692,OG_13529,peve,1.4142135623730951,,,,,,,,False,gene-Peve_00017692,3.8637823005362506,3.055479934309309,2.744679488309738,1.6768854174174173,-0.8083023662269415,-1.1191028122265125,1.3785945168918918,1.0677940708923208,0.8083023662269415,1.1191028122265125,Medium Variability
gene-Peve_00017706,OG_08077,peve,0.2738553354583188,0.24780020743379935,0.3407192247944272,0.5404425653033965,0.40714895038085763,0.2942597161141133,0.7227323460833073,-0.11288923426674435,False,gene-Peve_00017706,0.4355260977422003,0.0,0.0391849525862069,0.27098260948275865,-0.4355260977422003,-0.3963411451559934,-0.27098260948275865,-0.23179765689655174,0.4355260977422003,0.3963411451559934,Medium Variability
gene-Peve_00017715,OG_12647,peve,0.7093941236964777,0.6494948810353499,0.5292246969399111,0.7292404894928535,0.7193173065946656,0.5893597889876305,0.8193321411627511,-0.1299575176070351,False,gene-Peve_00017715,0.7654732728934366,0.7229401119676199,0.6831884428330928,0.7230637137347501,-0.042533160925816715,-0.08228483006034382,-0.00012360176713022142,-0.03987527090165732,0.042533160925816715,0.08228483006034382,Medium Variability
gene-Peve_00017902,OG_16731,peve,1.3512370615416727,2.049905390328176,2.0033711502751474,2.5941805970616136,1.9727088293016433,2.0266382703016617,1.0273377602406282,0.0539294410000184,False,gene-Peve_00017902,2.038111425,3.186951529265873,3.271438753968254,4.652017891666667,1.1488401042658731,1.233327328968254,-1.4650663624007936,-1.3805791376984127,1.1488401042658731,1.233327328968254,Medium Variability
gene-Peve_00017912,OG_02317,peve,0.06033884425473263,0.0816219936654205,0.05537997483901845,0.07851720848624837,0.0694280263704905,0.06850098425221948,0.9866474366803397,-0.0009270421182710209,False,gene-Peve_00017912,0.8459610193877551,0.822781300781503,0.9059840970359573,0.7686319836613217,-0.02317971860625212,0.06002307764820214,0.05414931712018134,0.1373521133746356,0.02317971860625212,0.06002307764820214,Medium Variability
gene-Peve_00018146,OG_16747,peve,0.1123136248069499,0.11595780262880512,0.12050518172591312,0.12294164854881155,0.11762763667788073,0.11823149217735912,1.0051336192457223,0.0006038554994783896,False,gene-Peve_00018146,0.46663383104095807,0.6270204112634638,0.7377798673339475,0.6456422003413171,0.16038658022250568,0.27114603629298945,-0.01862178907785339,0.09213766699263037,0.16038658022250568,0.27114603629298945,Medium Variability
gene-Peve_00018458,OG_04467,peve,0.9934610503266246,0.5720984425590472,1.762093975571294,1.2362641837135693,1.1148626170200968,1.1670962090651706,1.0468520436936781,0.05223359204507383,False,gene-Peve_00018458,0.13141619897959184,0.40363820765306124,0.5085663331207483,0.5156882896258503,0.2722220086734694,0.37715013414115645,-0.1120500819727891,-0.007121956505102056,0.2722220086734694,0.37715013414115645,Medium Variability
gene-Peve_00018609,OG_11543,peve,1.097956372116065,0.8862932430830425,1.2692154640521056,0.7884662721320705,0.9432113221240678,1.077754353567574,1.1426435712630354,0.1345430314435062,False,gene-Peve_00018609,0.18518518699186992,0.22035602360627177,0.9249650273519163,0.3492787442895858,0.035170836614401846,0.7397798403600464,-0.128922720683314,0.5756862830623306,0.035170836614401846,0.7397798403600464,Medium Variability
gene-Peve_00018677,OG_04789,peve,0.1774520901160097,0.1708564528289278,0.19597747529921147,0.17703800682344,0.17724504846972486,0.18341696406406965,1.034821371020692,0.006171915594344796,False,gene-Peve_00018677,17.86918210558608,17.69114889381868,18.336654551923075,18.201723999771062,-0.17803321176739928,0.4674724463369948,-0.5105751059523804,0.13493055215201366,0.17803321176739928,0.4674724463369948,Medium Variability
gene-Peve_00018796,OG_05010,peve,0.5874515890277752,0.6109536903245193,0.5220830924249626,0.5902765771783618,0.5888640831030685,0.5665183913747409,0.9620528872968868,-0.022345691728327566,False,gene-Peve_00018796,0.5506304640070074,0.6881856074573978,0.5004567721983331,0.5309892645723842,0.13755514345039033,-0.05017369180867437,0.1571963428850136,-0.03053249237405109,0.13755514345039033,0.05017369180867437,Medium Variability
gene-Peve_00018829,OG_06955,peve,0.5869802972508666,0.6092274342539342,0.6243118755970143,0.5719542278925763,0.5794672625717214,0.6167696549254742,1.0643735975492417,0.03730239235375277,False,gene-Peve_00018829,10.873326387974194,10.712819703713686,10.761566140781506,10.882077369526389,-0.16050668426050763,-0.11176024719268796,-0.16925766581270274,-0.12051122874488307,0.16050668426050763,0.11176024719268796,Medium Variability
gene-Peve_00018981,OG_13684,peve,0.3640170990311944,2.23606797749979,0.979358621716336,1.4123050467113072,0.8881610728712508,1.607713299608063,1.8101596081109936,0.7195522267368122,True,gene-Peve_00018981,1.118294693642857,0.1570045830714286,0.6901293151428571,0.7909656414285715,-0.9612901105714284,-0.4281653784999999,-0.6339610583571429,-0.10083632628571437,0.9612901105714284,0.4281653784999999,High Variability
gene-Peve_00018993,OG_16789,peve,0.5555698040066495,0.5824513512274686,0.5516804563553837,0.5921515375402212,0.5738606707734353,0.5670659037914261,0.9881595527833413,-0.006794766982009204,False,gene-Peve_00018993,0.7251132209431841,0.6461608231384972,0.7311090033934532,0.5416035534641324,-0.07895239780468688,0.005995782450269105,0.10455726967436485,0.18950544992932083,0.07895239780468688,0.005995782450269105,Medium Variability
gene-Peve_00019201,OG_02176,peve,0.4321943146724604,0.3478317447254673,0.3761354583473092,0.3425490933731338,0.3873717040227971,0.36198360153638826,0.9344606169661924,-0.025388102486408826,False,gene-Peve_00019201,0.5687837177330819,0.7568421408968083,0.5042405595900887,0.5662498463427483,0.18805842316372645,-0.06454315814299316,0.19059229455406002,-0.0620092867526596,0.18805842316372645,0.06454315814299316,Medium Variability
gene-Peve_00019319,OG_01155,peve,0.43181628097714203,0.5619863470971588,0.4594372104583291,0.5667349579888276,0.4992756194829848,0.510711778777744,1.022905503190005,0.011436159294759163,False,gene-Peve_00019319,2.2235158713044676,2.145140963011736,2.1143587798021235,2.116331047423316,-0.07837490829273142,-0.1091570915023441,0.028809915588420054,-0.001972267621192625,0.07837490829273142,0.1091570915023441,Medium Variability
gene-Peve_00019358,OG_00460,peve,0.6563260950580327,0.6511775941439887,0.7214609881593019,0.7212984883524685,0.6888122917052506,0.6863192911516454,0.9963807258034936,-0.00249300055360524,False,gene-Peve_00019358,0.4796937743116678,0.6209690905100428,0.4133332393158053,0.40438076611374413,0.14127531619837497,-0.06636053499586253,0.21658832439629866,0.008952473202061162,0.14127531619837497,0.06636053499586253,Medium Variability
gene-Peve_00019493,OG_06607,peve,0.16284616230834545,0.10681755435106108,0.12524145314672158,0.1586060005768771,0.16072608144261127,0.11602950374889133,0.7219083717306997,-0.044696577693719944,False,gene-Peve_00019493,2.199429026266234,2.6062671706998555,2.5973051915692644,2.19523098523088,0.40683814443362154,0.3978761653030305,0.41103618546897547,0.4020742063383844,0.40683814443362154,0.3978761653030305,Medium Variability
gene-Peve_00019501,OG_06610,peve,0.43092793881159736,0.46023015570360093,0.4610287949728679,0.472984859636902,0.4519563992242497,0.4606294753382344,1.0191900726018515,0.008673076113984712,False,gene-Peve_00019501,0.0,0.7789854833333334,0.5952380833333334,0.0,0.7789854833333334,0.5952380833333334,0.7789854833333334,0.5952380833333334,0.7789854833333334,0.5952380833333334,Medium Variability
gene-Peve_00019641,OG_13526,peve,0.7077179938365836,0.9869343308030759,0.6168920954754405,1.414213562373095,1.0609657781048392,0.8019132131392582,0.7558332508817427,-0.25905256496558093,False,gene-Peve_00019641,71.57627240000001,64.44203455357143,72.0223292875,71.18735434821428,-7.134237846428576,0.44605688749999217,-6.745319794642853,0.8349749392857149,7.134237846428576,0.44605688749999217,Medium Variability
gene-Peve_00019886,OG_01753,peve,,1.4142135623730951,,0.13383882313687945,,,,,False,gene-Peve_00019886,1.3674921216666664,0.8817180891729324,1.148946946065163,1.2272464584837093,-0.4857740324937341,-0.21854517560150355,-0.3455283693107769,-0.07829951241854638,0.4857740324937341,0.21854517560150355,Medium Variability
gene-Peve_00019894,OG_01748,peve,0.28989995765366916,0.22849699156462758,0.4061939916726348,0.38302515818140703,0.3364625579175381,0.3173454916186312,0.9431821881839458,-0.019117066298906915,False,gene-Peve_00019894,0.39701150926491807,0.4516619137488329,0.36191278772493846,0.5774544008604957,0.05465040448391484,-0.035098721539979616,-0.1257924871116628,-0.21554161313555725,0.05465040448391484,0.035098721539979616,Medium Variability
gene-Peve_00019897,OG_01747,peve,0.18493992659647607,0.1622645205803728,0.1343128277806521,0.17372872292091024,0.17933432475869315,0.14828867418051245,0.8268839463947865,-0.031045650578180706,False,gene-Peve_00019897,0.6591121956330663,0.5616650318857241,0.49254961942157444,0.6193964467357711,-0.09744716374734219,-0.1665625762114919,-0.05773141485004696,-0.12684682731419666,0.09744716374734219,0.1665625762114919,Medium Variability
gene-Peve_00020005,OG_16844,peve,1.7480147469502525,3.162277660168379,2.3074231063411905,2.1081851067789192,1.928099926864586,2.734850383254785,1.418417347124799,0.806750456390199,True,gene-Peve_00020005,1.6062246975396826,1.62347610013468,1.4282949191750842,1.6759431504689757,0.017251402594997467,-0.17792977836459833,-0.05246705033429566,-0.24764823129389146,0.017251402594997467,0.17792977836459833,Medium Variability
gene-Peve_00020199,OG_12109,peve,0.6624197019859812,0.6097447488543777,0.6463582883793897,0.6636788682888306,0.6630492851374059,0.6280515186168837,0.9472169455498779,-0.03499776652052222,False,gene-Peve_00020199,1.0605440820918683,0.7106759973308504,0.7600303998381662,0.8711053913784695,-0.34986808476101794,-0.3005136822537021,-0.16042939404761913,-0.11107499154030331,0.34986808476101794,0.3005136822537021,Medium Variability
gene-Peve_00020287,OG_16856,peve,0.5187510350683262,0.5794106526401842,0.5342672100426482,0.4488945902315787,0.4838228126499524,0.5568389313414162,1.1509149977685966,0.07301611869146374,False,gene-Peve_00020287,1.3668313472190219,1.4011449634771291,1.37686361015745,1.4215497842795273,0.03431361625810725,0.010032262938428183,-0.020404820802398138,-0.044686174122077205,0.03431361625810725,0.010032262938428183,Medium Variability
gene-Peve_00020388,OG_16862,peve,0.15434999086508716,0.1433288545044925,0.32328727211224,0.19647881529942532,0.17541440308225625,0.23330806330836626,1.330039376521221,0.057893660226110005,False,gene-Peve_00020388,0.2226628,0.26476129424345496,0.5873282957534528,0.3205342401618223,0.042098494243454965,0.3646654957534528,-0.055772945918367345,0.2667940555916305,0.042098494243454965,0.3646654957534528,Medium Variability
gene-Peve_00020429,OG_13013,peve,0.4492238779713223,0.41953151029573676,0.45926198930166406,0.49570311264145916,0.47246349530639076,0.4393967497987004,0.930012062654181,-0.03306674550769034,False,gene-Peve_00020429,4.765948279890873,4.187400282064594,4.754337267530864,5.00249211980269,-0.5785479978262789,-0.011611012360009276,-0.8150918377380956,-0.248154852271826,0.5785479978262789,0.011611012360009276,Medium Variability
gene-Peve_00020542,OG_16879,peve,1.2272527194363088,0.7980227036312089,0.7708411013915016,1.067363664959862,1.1473081921980852,0.7844319025113553,0.6837150713693514,-0.3628762896867299,False,gene-Peve_00020542,0.16467845787878788,0.3724687954040404,0.5135594169047619,0.5010760064718615,0.2077903375252525,0.34888095902597405,-0.12860721106782108,0.012483410432900466,0.2077903375252525,0.34888095902597405,Medium Variability
gene-Peve_00020593,OG_04723,peve,0.25798322886161273,0.31460806796943447,0.27613827113837286,0.26581009978256587,0.2618966643220893,0.2953731695539037,1.1278233356597618,0.03347650523181439,False,gene-Peve_00020593,0.0,1.1191172857142857,0.2801120476190476,0.9247076249999999,1.1191172857142857,0.2801120476190476,0.19440966071428578,-0.6445955773809523,1.1191172857142857,0.2801120476190476,Medium Variability
gene-Peve_00020608,OG_16883,peve,0.21771936208388598,0.22060823705344768,0.19134183556761605,0.19010045062835318,0.20390990635611958,0.20597503631053188,1.0101276587847854,0.002065129954412298,False,gene-Peve_00020608,0.6985563105759558,0.8819984567069081,0.8769499398851442,0.8077144241448692,0.18344214613095233,0.17839362930918845,0.07428403256203897,0.06923551574027509,0.18344214613095233,0.17839362930918845,Medium Variability
gene-Peve_00020879,OG_05304,peve,0.7283277885249685,0.9187380457371334,0.9010688291015613,1.2204121848941127,0.9743699867095406,0.9099034374193473,0.9338377103466645,-0.06446654929019324,False,gene-Peve_00020879,1.3758570511230053,1.4184658444351168,1.3903466842290555,1.3877297629369343,0.04260879331211154,0.014489633106050226,0.03073608149818252,0.0026169212921212104,0.04260879331211154,0.014489633106050226,Medium Variability
gene-Peve_00020888,OG_05308,peve,0.2570080748596432,0.18340615336857052,0.22755265223353627,0.3004010703083243,0.27870457258398373,0.2054794028010534,0.7372659906365011,-0.07322516978293034,False,gene-Peve_00020888,24.140372129007936,23.80495185282242,24.01910255909557,24.481941242450397,-0.3354202761855163,-0.12126956991236781,-0.6769893896279768,-0.46283868335482836,0.3354202761855163,0.12126956991236781,Medium Variability
gene-Peve_00020940,OG_10584,peve,0.4534260725232823,0.28405303765420903,0.8879506020867244,0.3083683903111936,0.38089723141723797,0.5860018198704667,1.5384774987470453,0.20510458845322876,True,gene-Peve_00020940,0.4511015100014257,0.49122124665668665,0.41692195476428096,0.5055774449672085,0.040119736655260974,-0.03417955523714472,-0.014356198310521817,-0.08865549020292751,0.040119736655260974,0.03417955523714472,High Variability
gene-Peve_00021073,OG_10988,peve,0.2339897299360575,0.458048836323035,0.22147428522605273,0.789384842789434,0.5116872863627457,0.3397615607745439,0.6640023503215983,-0.17192572558820185,False,gene-Peve_00021073,0.2376463438839797,0.3685530855015545,0.48223212009491084,0.45876943519473085,0.13090674161757482,0.24458577621093114,-0.09021634969317632,0.023462684900179998,0.13090674161757482,0.24458577621093114,Low Variability
gene-Peve_00021149,OG_12424,peve,0.28089350708534666,0.33765583553067546,0.29034417753817177,0.3358723180256388,0.30838291255549277,0.3140000065344236,1.0182146732203265,0.005617093978930843,False,gene-Peve_00021149,0.8347556744827785,0.634670306958892,0.8169105689320388,0.8111246457784328,-0.2000853675238865,-0.017845105550739704,-0.17645433881954076,0.005785923153606043,0.2000853675238865,0.017845105550739704,Medium Variability
gene-Peve_00021291,OG_07641,peve,0.2154386524224052,0.22374104980299148,0.19721407688595946,0.19336877115207285,0.20440371178723904,0.21047756334447548,1.029714976817831,0.006073851557236443,False,gene-Peve_00021291,26.500488911765963,26.361234808356468,26.330391154500322,26.68828197091608,-0.1392541034094954,-0.17009775726564058,-0.3270471625596123,-0.3578908164157575,0.1392541034094954,0.17009775726564058,Medium Variability
gene-Peve_00021321,OG_00176,peve,0.5022851542733409,0.8353507528447286,0.792006000837195,0.9123867447475217,0.7073359495104312,0.8136783768409618,1.1503421781462309,0.10634242733053056,False,gene-Peve_00021321,0.7404680962184874,0.5357858841619981,0.5711874277310924,0.11374246470588234,-0.2046822120564893,-0.16928066848739498,0.4220434194561158,0.4574449630252101,0.2046822120564893,0.16928066848739498,Medium Variability
gene-Peve_00021335,OG_09424,peve,0.16075428267030423,0.15115863542212576,0.13995100265928917,0.16552367692015324,0.16313897979522873,0.14555481904070747,0.8922136157980587,-0.017584160754521266,False,gene-Peve_00021335,41.72417149855276,40.59345650788982,40.1304379247549,42.80096551134064,-1.1307149906629377,-1.5937335737978557,-2.2075090034508236,-2.6705275865857416,1.1307149906629377,1.5937335737978557,Medium Variability
gene-Peve_00021513,OG_06754,peve,0.1574600473309897,0.1995670841440739,0.2257527260536422,0.19314129978437866,0.1753006735576842,0.21265990509885804,1.2131151625545835,0.03735923154117385,False,gene-Peve_00021513,28.71745544475821,28.477668702791618,28.507436522748247,28.867784492732557,-0.23978674196659355,-0.21001892200996508,-0.3901157899409391,-0.3603479699843106,0.23978674196659355,0.21001892200996508,Medium Variability
gene-Peve_00021613,OG_12888,peve,0.19152810071854076,0.20887371800719134,0.21880173018129864,0.18789551930330972,0.18971181001092524,0.213837724094245,1.1271713873898013,0.024125914083319766,False,gene-Peve_00021613,18.543901818976032,18.476875126481485,18.71566201370309,19.038022560310694,-0.06702669249454729,0.17176019472705661,-0.5611474338292091,-0.32236054660760516,0.06702669249454729,0.17176019472705661,Medium Variability
gene-Peve_00021641,OG_01724,peve,0.2464213541407973,0.22434443297058493,0.20105303750445064,0.23630674864508022,0.24136405139293876,0.21269873523751778,0.8812361824804056,-0.028665316155420978,False,gene-Peve_00021641,0.5408774739340181,0.583604732421413,0.7235344170915033,0.8118032992678182,0.04272725848739489,0.18265694315748526,-0.22819856684640527,-0.0882688821763149,0.04272725848739489,0.18265694315748526,Medium Variability
gene-Peve_00021723,OG_13466,peve,0.07895339183151392,0.08759750319273875,0.019213031765263084,0.05157875469482551,0.06526607326316972,0.053405267479000915,0.8182699649120461,-0.011860805784168801,False,gene-Peve_00021723,36.52850016285714,28.924979811428575,30.244128739285713,32.62475633571429,-7.603520351428568,-6.284371423571429,-3.6997765242857135,-2.3806275964285746,7.603520351428568,6.284371423571429,Medium Variability
gene-Peve_00021731,OG_10109,peve,0.8366471360799548,0.8277193096059956,0.8743736742497416,0.8709586706520507,0.8538029033660027,0.8510464919278686,0.9967716068576632,-0.0027564114381340987,False,gene-Peve_00021731,11.843498845678408,11.548179500130464,12.138935739921722,11.800824915688192,-0.29531934554794326,0.29543689424331454,-0.252645415557728,0.3381108242335298,0.29531934554794326,0.29543689424331454,Medium Variability
gene-Peve_00021733,OG_13465,peve,0.8424105690481418,0.8467580363876438,0.8946141838291304,0.8371386187133021,0.839774593880722,0.8706861101083871,1.0368093015112765,0.030911516227665192,False,gene-Peve_00021733,62.794140295046894,60.25343718184343,61.64131885691559,63.306750942871574,-2.540703113203463,-1.1528214381313049,-3.053313761028143,-1.6654320859559846,2.540703113203463,1.1528214381313049,Medium Variability
gene-Peve_00021856,OG_10332,peve,0.17711404528091432,0.15758598487792877,0.17175915475528172,0.1763790406521992,0.17674654296655676,0.16467256981660525,0.9316876418214523,-0.012073973149951511,False,gene-Peve_00021856,0.8417933798633157,0.7494226445255733,0.9502006305414462,0.7866516570493827,-0.09237073533774243,0.1084072506781305,-0.03722901252380939,0.16354897349206354,0.09237073533774243,0.1084072506781305,Medium Variability
gene-Peve_00021937,OG_11813,peve,0.5132955438941779,0.37734048851493646,0.32811783862259136,0.4786153302394637,0.49595543706682077,0.35272916356876394,0.711211405715954,-0.14322627349805683,False,gene-Peve_00021937,0.2053387330521185,0.9271946127671541,0.5980379300337457,0.3320195199506312,0.7218558797150356,0.39269919698162725,0.5951750928165229,0.2660184100831145,0.7218558797150356,0.39269919698162725,Medium Variability
gene-Peve_00022132,OG_16944,peve,0.14784330016008643,0.18282558893486084,0.18546569477248287,0.20451309037509804,0.17617819526759224,0.18414564185367185,1.045223794999024,0.007967446586079618,False,gene-Peve_00022132,2.4790706741988147,2.197595899994977,2.029267382318666,2.2012933344836245,-0.2814747742038377,-0.44980329188014867,-0.0036974344886475663,-0.17202595216495853,0.2814747742038377,0.44980329188014867,Medium Variability
gene-Peve_00022340,OG_02000,peve,0.32588772167913266,0.3576960507591959,0.416198873899589,0.391618349115567,0.3587530353973498,0.3869474623293925,1.0785900721392223,0.02819442693204266,False,gene-Peve_00022340,0.6935702990644889,0.7544253383898218,0.7326888277969481,0.7075888439262071,0.06085503932533298,0.039118528732459246,0.04683649446361471,0.02509998387074097,0.06085503932533298,0.039118528732459246,Medium Variability
gene-Peve_00022425,OG_03289,peve,0.4190129573697343,0.48269083362843485,0.49112990682815916,0.3369359654111784,0.3779744613904563,0.486910370228297,1.2882097071772989,0.10893590883784066,False,gene-Peve_00022425,1.3910157065254374,1.2819203908850223,1.2525097166361416,1.2854377341929182,-0.10909531564041508,-0.13850598988929574,-0.0035173433078958816,-0.032928017556776545,0.10909531564041508,0.13850598988929574,Medium Variability
gene-Peve_00022430,OG_03288,peve,0.4474261292506346,0.542248897039586,0.47599416819489665,0.6231579880517474,0.535292058651191,0.5091215326172414,0.9511098182553032,-0.026170526033949648,False,gene-Peve_00022430,1.4550042930733034,1.6816609549989987,1.4776960379045616,1.502728529174858,0.22665666192569534,0.022691744831258243,0.1789324258241407,-0.025032491270296386,0.22665666192569534,0.022691744831258243,Medium Variability
gene-Peve_00022433,OG_11296,peve,0.30869346035735845,0.4662057833395498,0.6448384330669026,0.4286891716202046,0.3686913159887815,0.5555221082032262,1.5067404197285992,0.1868307922144447,True,gene-Peve_00022433,1.074333465129319,1.080791644579713,1.2209441573314475,1.1130120889764488,0.006458179450393953,0.1466106922021284,-0.03222044439673577,0.10793206835499869,0.006458179450393953,0.1466106922021284,High Variability
gene-Peve_00022956,OG_07508,peve,0.2576323579616281,0.2685866485748309,0.3061087753777343,0.2589850134435959,0.258308685702612,0.2873477119762826,1.112419859962057,0.02903902627367061,False,gene-Peve_00022956,56.34463540248756,53.99207203791755,54.997437000746274,56.191915095427625,-2.3525633645700097,-1.347198401741288,-2.1998430575100727,-1.194478094681351,2.3525633645700097,1.347198401741288,Medium Variability
gene-Peve_00023182,OG_17006,peve,4.795831523312719,2.6567318264575674,2.8505279014478666,3.5744279420632616,4.18512973268799,2.753629863952717,0.6579556763666053,-1.4314998687352731,False,gene-Peve_00023182,1.302890800987901,1.7495411025474525,1.4963505889110889,1.6942035286657786,0.44665030155955154,0.19345978792318785,0.05533757388167393,-0.19785293975468976,0.44665030155955154,0.19345978792318785,Low Variability
gene-Peve_00023301,OG_07042,peve,0.06230837197968309,0.06966794961410899,0.06275682571593173,0.048244194226368296,0.055276283103025695,0.06621238766502036,1.197844427086597,0.010936104561994661,False,gene-Peve_00023301,19.88411528201058,20.32845102623016,22.099629027552908,20.935608808333335,0.444335744219579,2.215513745542328,-0.607157782103176,1.164020219219573,0.444335744219579,2.215513745542328,Medium Variability
gene-Peve_00023311,OG_17014,peve,0.04495176170988685,0.04681005459687287,0.046485804756752694,0.04527584161414176,0.045113801662014306,0.04664792967681278,1.0340057356791148,0.0015341280147984707,False,gene-Peve_00023311,36.71671181820277,36.410575607808504,38.31691082553763,38.74969098013313,-0.3061362103942642,1.600199007334865,-2.3391153723246276,-0.43278015459549835,0.3061362103942642,1.600199007334865,Medium Variability
gene-Peve_00023327,OG_17015,peve,0.47597778069759933,0.5001799169135566,0.5169195494549782,0.4805203590951397,0.4782490698963695,0.5085497331842674,1.0633574954875786,0.030300663287897933,False,gene-Peve_00023327,0.0,0.4763850041666667,0.7089363452380953,0.27701465416666665,0.4763850041666667,0.7089363452380953,0.19937035000000003,0.4319216910714287,0.4763850041666667,0.7089363452380953,Medium Variability
gene-Peve_00023411,OG_01317,peve,0.4596595295660692,0.4655577273499972,0.4295188322692006,0.4667151193042947,0.46318732443518196,0.4475382798095989,0.9662144367947337,-0.01564904462558303,False,gene-Peve_00023411,1.3901750845976126,1.5540880244427333,1.5108603642322338,1.3096596811459804,0.16391293984512068,0.12068527963462117,0.2444283432967529,0.20120068308625338,0.16391293984512068,0.12068527963462117,Medium Variability
gene-Peve_00023430,OG_01579,peve,0.194315655627207,0.19831739983918706,0.2481556639030239,0.2207651175531232,0.2075403865901651,0.22323653187110548,1.0756293535866632,0.015696145280940377,False,gene-Peve_00023430,37.98265679646278,36.57188326913999,36.43438933014163,37.41651846397783,-1.4107735273227888,-1.5482674663211498,-0.8446351948378421,-0.982129133836203,1.4107735273227888,1.5482674663211498,Medium Variability
gene-Peve_00023433,OG_01475,peve,0.31779461561652556,0.32009126276599803,0.29694966305730314,0.3694622665305001,0.34362844107351287,0.3085204629116506,0.8978315704829811,-0.035107978161862285,False,gene-Peve_00023433,0.26909722222222227,0.8456820833333333,0.8922241055555554,0.6990740527777778,0.5765848611111111,0.6231268833333332,0.1466080305555555,0.19315005277777764,0.5765848611111111,0.6231268833333332,Medium Variability
gene-Peve_00023470,OG_17027,peve,1.5473773398044528,1.344459473585921,2.1117510851533114,2.4144528628937914,1.980915101349122,1.728105279369616,0.8723772554374858,-0.25280982197950586,False,gene-Peve_00023470,0.45491627617874736,0.43199022936116976,0.4565861927984987,0.40970571760497304,-0.022926046817577594,0.0016699166197513549,0.022284511756196723,0.04688047519352567,0.022926046817577594,0.0016699166197513549,Medium Variability
gene-Peve_00023607,OG_01489,peve,0.30990969248520983,0.3610251036301499,0.2984773448780862,0.36160125965322104,0.3357554760692154,0.32975122425411807,0.982117188719032,-0.006004251815097339,False,gene-Peve_00023607,22.208843665895692,21.19812358776392,21.646997948162007,21.935396449805996,-1.0107200781317722,-0.5618457177336857,-0.7372728620420759,-0.2883985016439894,1.0107200781317722,0.5618457177336857,Medium Variability
gene-Peve_00023612,OG_11653,peve,0.6807269786117311,0.6125255186976358,0.8965580190791058,0.8411085586897221,0.7609177686507267,0.7545417688883709,0.9916206454559974,-0.006375999762355811,False,gene-Peve_00023612,0.6217196757634575,0.9128302187859443,0.8397246566540142,0.793650221970612,0.29111054302248673,0.21800498089055664,0.11917999681533231,0.04607443468340222,0.29111054302248673,0.21800498089055664,Medium Variability
gene-Peve_00023694,OG_11615,peve,0.5979493554811184,0.5755384740876783,0.749155771554866,0.7050330913951873,0.6514912234381529,0.6623471228212722,1.0166631552238399,0.01085589938311926,False,gene-Peve_00023694,15.570162368618696,13.106929431818978,11.296076822391457,11.980873959229108,-2.4632329367997183,-4.274085546227239,1.1260554725898704,-0.6847971368376502,2.4632329367997183,4.274085546227239,Medium Variability
gene-Peve_00023719,OG_17045,peve,0.5890334650730018,0.45179563781878485,0.6790578112643947,0.4156530017430411,0.5023432334080215,0.5654267245415898,1.1255784629676293,0.06308349113356837,False,gene-Peve_00023719,0.6281333786422902,0.6564168265306123,0.8718982576247165,0.6487399133527022,0.028283447888322044,0.24376487898242627,0.007676913177910083,0.2231583442720143,0.028283447888322044,0.24376487898242627,Medium Variability
gene-Peve_00023800,OG_04238,peve,0.13813590959046224,0.14987448271481557,0.10668101199978823,0.14813314444579384,0.14313452701812804,0.1282777473573019,0.896204081780041,-0.01485677966082613,False,gene-Peve_00023800,0.7814967971953188,0.6714154415348399,0.8437718458205542,0.6033481263411353,-0.11008135566047894,0.06227504862523536,0.06806731519370457,0.24042371947941887,0.11008135566047894,0.06227504862523536,Medium Variability
gene-Peve_00023831,OG_01177,peve,0.3076943439427864,0.3460473489969849,0.32853698377616614,0.3392658233751575,0.32348008365897196,0.33729216638657555,1.0426984022366117,0.013812082727603592,False,gene-Peve_00023831,0.6159137938316255,0.8329512715189873,0.740601025388932,0.7326783998780103,0.2170374776873618,0.12468723155730654,0.10027287164097698,0.00792262551092171,0.2170374776873618,0.12468723155730654,Medium Variability
gene-Peve_00023981,OG_17058,peve,0.10611397154444646,0.09483695308087953,0.0855999797887164,0.1101660581228037,0.10814001483362508,0.09021846643479797,0.8342745890464353,-0.017921548398827106,False,gene-Peve_00023981,0.63573523011874,0.7473108996400886,0.6855363975298387,0.4726072308170296,0.11157566952134856,0.049801167411098746,0.27470366882305897,0.21292916671280915,0.11157566952134856,0.049801167411098746,Medium Variability
gene-Peve_00024136,OG_09487,peve,0.0924339703346862,0.08715600725511645,0.09604549844871971,0.09029966179859113,0.09136681606663866,0.09160075285191807,1.0025604130181005,0.00023393678527941497,False,gene-Peve_00024136,28.207035643228746,27.797270173430164,27.847498082131214,28.273746006117317,-0.4097654697985824,-0.35953756109753243,-0.47647583268715366,-0.42624792398610367,0.4097654697985824,0.35953756109753243,Medium Variability
gene-Peve_00024151,OG_09486,peve,0.22502636668077722,0.23312161387949568,0.23041491009947898,0.20235608919625792,0.21369122793851758,0.23176826198948733,1.0845941792995397,0.018077034050969748,False,gene-Peve_00024151,19.228547726589145,18.598467777769176,19.036567273999335,19.88972842053172,-0.6300799488199686,-0.1919804525898101,-1.2912606427625448,-0.8531611465323863,0.6300799488199686,0.1919804525898101,Medium Variability
gene-Peve_00024180,OG_01486,peve,0.07692972350368658,0.0737137734233396,0.07274970275251794,0.07662193772696965,0.07677583061532811,0.07323173808792877,0.9538384345829302,-0.003544092527399345,False,gene-Peve_00024180,0.7442339463435375,0.7092579672532782,0.7137219562654048,0.7177760419895495,-0.03497597909025929,-0.030511990078132656,-0.008518074736271308,-0.004054085724144674,0.03497597909025929,0.030511990078132656,Medium Variability
gene-Peve_00024202,OG_04115,peve,0.06757173226724753,0.06822404536757193,0.08442927603802187,0.060860953132823095,0.06421634270003532,0.0763266607027969,1.188586230444963,0.012110318002761578,False,gene-Peve_00024202,35.621280779826904,35.60436764720854,34.82674051850027,35.468370876467574,-0.016913132618363136,-0.794540261326631,0.1359967707409666,-0.6416303579673013,0.016913132618363136,0.794540261326631,Medium Variability
gene-Peve_00024296,OG_07265,peve,1.2739681925479482,0.9086107786566079,1.078381404339561,0.82999243167058,1.0519803121092641,0.9934960914980844,0.9444055939659969,-0.05848422061117975,False,gene-Peve_00024296,0.6329638833741031,0.5276934261279627,0.5610975726394325,0.6715496211540553,-0.10527045724614048,-0.07186631073467065,-0.1438561950260926,-0.11045204851462276,0.10527045724614048,0.07186631073467065,Medium Variability
gene-Peve_00024319,OG_01023,peve,0.3123018860926365,0.31614779454645897,0.2953803088678902,0.30000606145289144,0.306153973772764,0.3057640517071746,0.9987263857437996,-0.0003899220655894098,False,gene-Peve_00024319,0.6395618704718907,0.5894725017145007,0.7151133894415781,0.6618010047556343,-0.05008936875739001,0.07555151896968737,-0.07232850304113358,0.05331238468594379,0.05008936875739001,0.07555151896968737,Medium Variability
gene-Peve_00024333,OG_06119,peve,0.21947660186160878,0.22059663344012326,0.20924911592707804,0.23135363866472572,0.22541512026316723,0.21492287468360066,0.9534536744149323,-0.010492245579566573,False,gene-Peve_00024333,52.22357641036908,52.862284305374885,50.608859283514,53.8173412463092,0.6387078950058083,-1.6147171268550764,-0.9550569409343126,-3.2084819627951973,0.6387078950058083,1.6147171268550764,Medium Variability
gene-Peve_00024501,OG_12108,peve,0.09610307937021322,0.10364834930915634,0.09930484321389989,0.11009009407263093,0.10309658672142208,0.10147659626152811,0.9842866722225115,-0.0016199904598939718,False,gene-Peve_00024501,0.9167327800191434,0.9772244590266145,1.1409845107501795,0.8454155618894738,0.0604916790074711,0.2242517307310361,0.13180889713714072,0.2955689488607057,0.0604916790074711,0.2242517307310361,Medium Variability
gene-Peve_00024531,OG_08658,peve,0.06810334736902222,0.06630075173168229,0.06962456881205023,0.06724233801276042,0.06767284269089133,0.06796266027186626,1.0042826275570944,0.0002898175809749326,False,gene-Peve_00024531,57.91484865858865,57.30901121385505,58.464796189959394,59.13899738339486,-0.6058374447336021,0.5499475313707407,-1.8299861695398079,-0.674201193435465,0.6058374447336021,0.5499475313707407,Medium Variability
gene-Peve_00024570,OG_12320,peve,0.8901445454288439,1.5607463727699442,2.1751308092240325,3.114762452742304,2.002453499085574,1.8679385909969883,0.9328249529140067,-0.13451490808858546,False,gene-Peve_00024570,1.81070263118251,1.5398059556086623,1.7008306903360477,1.8497561599648906,-0.2708966755738478,-0.10987194084646235,-0.30995020435622833,-0.1489254696288429,0.2708966755738478,0.10987194084646235,Medium Variability
gene-Peve_00024627,OG_17098,peve,0.3676914363848282,0.46346683288796203,0.6129995304068699,0.41898239689689587,0.393336916640862,0.538233181647416,1.368376978809879,0.14489626500655395,False,gene-Peve_00024627,0.9327442079983086,0.5776318212919593,0.7107080549554385,0.7426481097140905,-0.35511238670634926,-0.22203615304287005,-0.16501628842213112,-0.031940054758651915,0.35511238670634926,0.22203615304287005,Medium Variability
gene-Peve_00024679,OG_17100,peve,1.6104619228500234,1.0439716676346356,2.02956511982687,1.2050826081354555,1.4077722654927394,1.5367683937307528,1.0916313891102714,0.12899612823801343,False,gene-Peve_00024679,0.5437357753307979,0.5374866203978819,0.6510286495774238,0.41105225687610597,-0.006249154932916001,0.10729287424662592,0.1264343635217759,0.23997639270131782,0.006249154932916001,0.10729287424662592,Medium Variability
gene-Peve_00024738,OG_06954,peve,0.5517196260095951,0.5043457239760396,0.5410469226643256,0.5045994959860576,0.5281595609978263,0.5226963233201827,0.989656084863214,-0.005463237677643673,False,gene-Peve_00024738,29.573699564041515,27.626124302933796,28.496883991320715,29.810122155776014,-1.947575261107719,-1.0768155727208004,-2.183997852842218,-1.3132381644552993,1.947575261107719,1.0768155727208004,Medium Variability
gene-Peve_00024779,OG_10812,peve,0.2090344569942476,0.21868806742409974,0.17524015684531735,0.23129686681943598,0.22016566190684178,0.19696411213470855,0.8946177638638743,-0.023201549772133234,False,gene-Peve_00024779,1.077548404630492,1.0819656308395935,1.0166569241096004,0.9318162712624947,0.004417226209101566,-0.06089148052089155,0.15014935957709885,0.08484065284710574,0.004417226209101566,0.06089148052089155,Medium Variability
gene-Peve_00024781,OG_17106,peve,0.30329691002825854,0.40097261637205395,0.335843899583738,0.3679362842994517,0.3356165971638551,0.368408257977896,1.0977057186418921,0.03279166081404089,False,gene-Peve_00024781,3.695937189197083,3.2679899794396103,3.0914468741922487,2.9894847797739907,-0.4279472097574728,-0.6044903150048344,0.2785051996656196,0.10196209441825799,0.4279472097574728,0.6044903150048344,Medium Variability
gene-Peve_00024794,OG_03780,peve,0.4508699713352917,0.5776674103866201,0.5034843481986043,0.5384843537415022,0.49467716253839694,0.5405758792926122,1.092785194527052,0.04589871675421525,False,gene-Peve_00024794,0.5500333339707735,0.5593529056072059,0.5043254359259259,0.6024299338863695,0.009319571636432378,-0.04570789804484754,-0.0430770282791636,-0.09810449796044352,0.009319571636432378,0.04570789804484754,Medium Variability
gene-Peve_00024907,OG_10121,peve,0.22159777050975676,0.22376066319071075,0.23735557890999226,0.2116416327593324,0.21661970163454458,0.2305581210503515,1.0643451140899556,0.013938419415806924,False,gene-Peve_00024907,3.6489921880269667,3.6200595199280308,3.91564801565398,3.7587519275644308,-0.02893266809893591,0.26665582762701323,-0.1386924076364,0.15689608808954913,0.02893266809893591,0.26665582762701323,Medium Variability
gene-Peve_00025081,OG_06670,peve,0.09683790598530755,0.10172270411332915,0.1201959387138594,0.13525721791406714,0.11604756194968735,0.11095932141359427,0.9561538351120284,-0.0050882405360930805,False,gene-Peve_00025081,0.846795828042328,0.5138290266313933,0.5608498891269842,0.9572559252645503,-0.3329668014109347,-0.2859459389153438,-0.443426898633157,-0.3964060361375661,0.3329668014109347,0.2859459389153438,Medium Variability
gene-Peve_00025114,OG_17124,peve,0.5142350931547859,0.5251375946221019,0.5432899108824528,0.6346102421852229,0.5744226676700044,0.5342137527522773,0.9300011695554703,-0.040208914917727046,False,gene-Peve_00025114,1.607837225158538,1.6841941089300125,1.6039309163861024,1.725348612302548,0.07635688377147454,-0.003906308772435585,-0.04115450337253557,-0.12141769591644569,0.07635688377147454,0.003906308772435585,Medium Variability
gene-Peve_00025343,OG_12162,peve,0.2891978079022522,0.35557577947797836,0.3545742753781751,0.3759364182505889,0.3325671130764205,0.35507502742807673,1.067679314840984,0.022507914351656222,False,gene-Peve_00025343,0.35785727575757575,0.5232545943181818,0.5658604543831168,0.5902303890692641,0.16539731856060602,0.20800317862554107,-0.06697579475108228,-0.024369934686147232,0.16539731856060602,0.20800317862554107,Medium Variability
gene-Peve_00025623,OG_11541,peve,0.8185790890377971,0.5956068232398825,1.481567074299011,0.7500756838256918,0.7843273864317444,1.0385869487694468,1.324175295592371,0.2542595623377024,True,gene-Peve_00025623,1.12827988707483,0.41294642857142855,1.2365020285714288,0.08354219047619048,-0.7153334585034015,0.1082221414965987,0.32940423809523806,1.1529598380952384,0.7153334585034015,0.1082221414965987,Medium Variability
gene-Peve_00025689,OG_04372,peve,0.7559296348939436,0.6771215006509556,0.7634435868701144,0.8178797953000175,0.7869047150969806,0.7202825437605349,0.9153364186815999,-0.06662217133644566,False,gene-Peve_00025689,1.0403122027380953,0.8697340636337869,0.9261103323015872,0.7647300096371882,-0.1705781391043084,-0.11420187043650809,0.10500405399659873,0.16138032266439906,0.1705781391043084,0.11420187043650809,Medium Variability
gene-Peve_00025727,OG_17150,peve,0.22298453457844805,0.2830922105309202,0.5654268749479212,1.1795121257737404,0.7012483301760942,0.4242595427394207,0.6050061361755865,-0.27698878743667354,False,gene-Peve_00025727,0.5106744748993964,0.9747220514028616,0.5717413034317013,0.5876282526156942,0.4640475765034652,0.06106682853230483,0.38709379878716743,-0.015886949183992916,0.4640475765034652,0.06106682853230483,Low Variability
gene-Peve_00025819,OG_17157,peve,0.6174941491527297,0.6956334128933378,,,,,,,False,gene-Peve_00025819,0.0,0.0,0.0,0.0,0.0,0.0,0.0,0.0,0.0,0.0,Medium Variability
gene-Peve_00025843,OG_09986,peve,0.6421868911562385,0.6521484066692368,0.5644537546024574,0.5811190071569582,0.6116529491565983,0.6083010806358471,0.9945199830633155,-0.0033518685207512,False,gene-Peve_00025843,10.75497191054894,9.730605241655795,9.756927867014568,10.299115457371167,-1.0243666688931459,-0.9980440435343727,-0.5685102157153725,-0.5421875903565994,1.0243666688931459,0.9980440435343727,Medium Variability
gene-Peve_00026081,OG_05568,peve,0.1608741303749036,0.1815857774346044,0.2111826867954006,0.157325230049271,0.1590996802120873,0.1963842321150025,1.2343471203286716,0.037284551902915186,False,gene-Peve_00026081,0.6782324576381648,0.6413693510113048,0.60638090724796,0.5355323543588726,-0.03686310662685999,-0.07185155039020474,0.10583699665243218,0.07084855288908742,0.03686310662685999,0.07185155039020474,Medium Variability
gene-Peve_00026118,OG_17176,peve,0.18798490181339586,0.20829433459099048,0.19648672092961092,0.20457908262366709,0.1962819922185315,0.2023905277603007,1.0311212224449415,0.006108535541769211,False,gene-Peve_00026118,0.2650270491194703,0.46063650077017004,0.3778268565394008,0.45475097167981593,0.19560945165069976,0.11279980741993051,0.0058855290903541135,-0.07692411514041514,0.19560945165069976,0.11279980741993051,Medium Variability
gene-Peve_00026217,OG_10350,peve,1.3837589510771955,1.2921107352833165,1.387181099193966,1.2779381944174084,1.330848572747302,1.3396459172386412,1.0066103271788305,0.008797344491339176,False,gene-Peve_00026217,2.881213326269841,3.119030167777778,3.524095832222222,3.5105020089285714,0.2378168415079367,0.6428825059523806,-0.3914718411507936,0.013593823293650331,0.2378168415079367,0.6428825059523806,Medium Variability
gene-Peve_00026233,OG_06279,peve,0.42026568708791984,0.4272185594031486,0.4259922246709504,0.4365827751200363,0.4284242311039781,0.4266053920370495,0.9957545840433868,-0.0018188390669285903,False,gene-Peve_00026233,2.280867291338598,2.55077044453743,2.6894036709230447,2.329244049157237,0.26990315319883207,0.4085363795844468,0.22152639538019292,0.3601596217658076,0.26990315319883207,0.4085363795844468,Medium Variability
gene-Peve_00026516,OG_06712,peve,0.4752079616743408,0.5007352501261112,0.4974884095376084,0.5080586693994524,0.4916333155368966,0.4991118298318598,1.015211569392518,0.007478514294963212,False,gene-Peve_00026516,0.41183338057301316,0.33840748248932395,0.5434862408642871,0.45754597171460804,-0.07342589808368921,0.13165286029127393,-0.11913848922528408,0.08594026914967906,0.07342589808368921,0.13165286029127393,Medium Variability
gene-Peve_00026517,OG_06711,peve,1.040726362750758,1.197328026269435,1.1443431100455008,1.6254660455797671,1.3330962041652625,1.170835568157468,0.8782828759838857,-0.1622606360077945,False,gene-Peve_00026517,0.4530673155831363,0.5376289527145831,0.4729721742156425,0.4555470709573994,0.08456163713144682,0.01990485863250624,0.08208188175718373,0.017425103258243146,0.08456163713144682,0.01990485863250624,Medium Variability
gene-Peve_00026526,OG_10579,peve,0.3891218239860184,0.3730368308846601,0.41562523221679604,0.40758397448417344,0.3983528992350959,0.3943310315507281,0.9899037569650164,-0.0040218676843678525,False,gene-Peve_00026526,0.36344944451931716,0.27789663173854445,0.31463781255615453,0.20509338653039833,-0.0855528127807727,-0.04881163196316263,0.07280324520814613,0.1095444260257562,0.0855528127807727,0.04881163196316263,Medium Variability
gene-Peve_00026552,OG_06719,peve,0.8418390702243191,0.8284201798083614,0.786269823353711,0.7570774384936394,0.7994582543589792,0.8073450015810362,1.0098651145060484,0.007886747222056956,False,gene-Peve_00026552,1.9997892069295102,2.0285274078537476,1.7308533074388848,1.759169921759613,0.0287382009242374,-0.26893589949062546,0.26935748609413457,-0.028316614320728295,0.0287382009242374,0.26893589949062546,Medium Variability
gene-Peve_00026558,OG_06717,peve,0.15563711067388625,0.17037692017374828,0.15041331828944488,0.1769687800644647,0.16630294536917548,0.16039511923159658,0.9644755171084666,-0.005907826137578898,False,gene-Peve_00026558,7.064901024026268,6.978004226173223,6.44813082153209,7.59315280661771,-0.08689679785304527,-0.6167702024941777,-0.6151485804444876,-1.14502198508562,0.08689679785304527,0.6167702024941777,Medium Variability
gene-Peve_00026728,OG_05874,peve,0.15494161126874562,0.1575265469029217,0.17238430456088694,0.16789368741815622,0.16141764934345093,0.1649554257319043,1.02191691182992,0.003537776388453373,False,gene-Peve_00026728,9.837939871416063,9.707979506980829,9.850128724124483,10.208590502986992,-0.1299603644352345,0.012188852708419518,-0.5006109960061629,-0.35846177886250885,0.1299603644352345,0.012188852708419518,Medium Variability
gene-Peve_00026729,OG_05875,peve,0.08693982297686888,0.08067266934896772,0.08332660775634375,0.08790222035825306,0.08742102166756097,0.08199963855265574,0.9379853608263546,-0.005421383114905226,False,gene-Peve_00026729,1.2778652531424282,1.884442928013728,1.805262241147203,1.2113787412842967,0.6065776748712999,0.5273969880047749,0.6730641867294314,0.5938834998629063,0.6065776748712999,0.5273969880047749,Medium Variability
gene-Peve_00026747,OG_02088,peve,0.07445049681441146,0.0698749831700065,0.0653657830850293,0.08147118075602808,0.07796083878521977,0.06762038312751789,0.867363463261477,-0.010340455657701877,False,gene-Peve_00026747,0.6617648455106971,0.6986730029537612,0.5844710542028986,0.6802840499309869,0.03690815744306408,-0.07729379130779856,0.018388953022774324,-0.09581299572808832,0.03690815744306408,0.07729379130779856,Medium Variability
gene-Peve_00026782,OG_17222,peve,0.32239580319642447,0.29869089344176136,0.37247272648355884,0.26024264394156377,0.2913192235689941,0.33558180996266007,1.1519384332121945,0.04426258639366598,False,gene-Peve_00026782,0.44836125661764703,0.5058587723214286,0.44766928647875814,0.3675306571545285,0.05749751570378159,-0.0006919701388888866,0.13832811516690013,0.08013862932422966,0.05749751570378159,0.0006919701388888866,Medium Variability
gene-Peve_00027003,OG_13153,peve,0.7287554514104784,1.012097825462407,0.8979848711216899,0.8774915582860091,0.8031235048482437,0.9550413482920483,1.1891587564387256,0.15191784344380466,False,gene-Peve_00027003,2.4377508685172824,2.707313639118825,3.113824871283934,2.4099699705533304,0.26956277060154266,0.6760740027666516,0.29734366856549466,0.7038549007306036,0.26956277060154266,0.6760740027666516,Medium Variability
gene-Peve_00027101,OG_17245,peve,0.6748274273270646,0.7752610840017036,0.6567658661432233,0.7005023517984535,0.6876648895627591,0.7160134750724634,1.041224418957509,0.028348585509704316,False,gene-Peve_00027101,0.4527880845982143,0.45707031182272584,0.5967291876192384,0.5505393614535637,0.004282227224511548,0.14394110302102414,-0.09346904963083791,0.046189826165674686,0.004282227224511548,0.14394110302102414,Medium Variability
gene-Peve_00027191,OG_06247,peve,0.4871821814483943,0.4540037689636214,0.482316295561059,0.4768765657944033,0.4820293736213988,0.46816003226234015,0.9712271863126083,-0.013869341359058651,False,gene-Peve_00027191,0.8089895831932774,1.054963714869281,1.1128064838585434,0.47133715947712423,0.24597413167600357,0.303816900665266,0.5836265553921567,0.6414693243814191,0.24597413167600357,0.303816900665266,Medium Variability
gene-Peve_00027208,OG_08259,peve,0.5288531155912497,0.5915820113316947,0.5235400370727592,0.5869193971879808,0.5578862563896152,0.557561024202227,0.999417027783597,-0.0003252321873882247,False,gene-Peve_00027208,0.6516799369440516,0.6349575035815317,0.6876886109584428,0.7353082687624886,-0.016722433362519884,0.03600867401439123,-0.10035076518095687,-0.047619657804045756,0.016722433362519884,0.03600867401439123,Medium Variability
gene-Peve_00027542,OG_12722,peve,0.2150544043389862,0.185881313039351,0.22786006608708878,0.23361878672979608,0.22433659553439114,0.20687068956321988,0.9221441961817874,-0.01746590597117126,False,gene-Peve_00027542,12.87356601382653,12.799814786660997,11.783399909916854,13.650888078350341,-0.07375122716553228,-1.0901661039096755,-0.8510732916893442,-1.8674881684334874,0.07375122716553228,1.0901661039096755,Medium Variability
gene-Peve_00027617,OG_07330,peve,0.25423704690015264,0.2706655151456259,0.31584273747331587,0.09986768300218923,0.17705236495117094,0.2932541263094709,1.6563129579791103,0.11620176135829996,True,gene-Peve_00027617,27.989689464754097,26.727529378155086,26.483164169704658,27.61907847519516,-1.2621600865990104,-1.506525295049439,-0.8915490970400732,-1.1359143054905019,1.2621600865990104,1.506525295049439,High Variability
gene-Peve_00027618,OG_07331,peve,0.37273208204609315,0.3247743258228566,0.3160115045723594,0.4786338811701942,0.42568298160814366,0.320392915197608,0.7526561526778185,-0.10529006641053568,False,gene-Peve_00027618,1.2452385513710542,1.398604552053237,1.1427722831014804,1.1505378280363832,0.15336600068218287,-0.10246626826957383,0.24806672401685392,-0.007765544934902779,0.15336600068218287,0.10246626826957383,Medium Variability
gene-Peve_00027752,OG_05856,peve,0.19462759054679207,0.19617394888926262,0.1908928171297872,0.26592378476107587,0.23027568765393397,0.1935333830095249,0.8404421021657023,-0.03674230464440906,False,gene-Peve_00027752,1.5049534905850894,1.760901320297391,1.468143883309387,1.5872879406956988,0.2559478297123017,-0.03680960727570248,0.17361337960169232,-0.11914405738631184,0.2559478297123017,0.03680960727570248,Medium Variability
gene-Peve_00027793,OG_17285,peve,0.5863251486727308,0.738549464453649,0.7519833536364028,0.7492368528759799,0.6677810007743553,0.7452664090450258,1.1160341611708313,0.07748540827067052,False,gene-Peve_00027793,0.7499231656697638,0.863511032441686,0.8111944129307008,0.7184574680470868,0.11358786677192223,0.06127124726093702,0.14505356439459927,0.09273694488361406,0.11358786677192223,0.06127124726093702,Medium Variability
gene-Peve_00027794,OG_10480,peve,0.38175810808254623,0.3382660897350329,0.4071639001658346,0.48811776086062525,0.43493793447158574,0.37271499495043375,0.8569383477742685,-0.06222293952115199,False,gene-Peve_00027794,0.5055748390353157,0.7780482621438969,0.6120919207544882,0.5633371236171761,0.27247342310858114,0.1065170817191724,0.21471113852672075,0.04875479713731201,0.27247342310858114,0.1065170817191724,Medium Variability
gene-Peve_00027827,OG_05228,peve,1.1143109661591066,1.3304969565461318,0.9280899386167312,0.912747189710787,1.0135290779349468,1.1292934475814316,1.1142190906671896,0.11576436964648473,False,gene-Peve_00027827,2.965016144855832,2.825733061256735,2.934927084207077,3.8051065890782003,-0.13928308359909725,-0.03008906064875516,-0.9793735278214655,-0.8701795048711234,0.13928308359909725,0.03008906064875516,Medium Variability
gene-Peve_00027836,OG_17286,peve,1.8278406185187712,,1.0451043701853893,,,,,,False,gene-Peve_00027836,0.3365718464965986,0.23009762503401363,0.3341975771825397,0.6479910779591836,-0.10647422146258498,-0.00237426931405893,-0.41789345292517,-0.313793500776644,0.10647422146258498,0.00237426931405893,Medium Variability
gene-Peve_00028117,OG_11365,peve,0.36385836545763106,0.26624807352913404,0.5474040491645741,0.4058940285921049,0.38487619702486797,0.40682606134685406,1.0570309738343415,0.02194986432198609,False,gene-Peve_00028117,0.5645822748024316,0.443185745,0.5326233072391084,0.5241560990357987,-0.1213965298024316,-0.03195896756332317,-0.08097035403579872,0.008467208203309706,0.1213965298024316,0.03195896756332317,Medium Variability
gene-Peve_00028164,OG_12447,peve,0.10478157703454002,0.10644814038200141,0.10271857413695214,0.1096967168839382,0.10723914695923911,0.10458335725947678,0.9752348859994961,-0.002655789699762337,False,gene-Peve_00028164,1.6079390295919547,1.3809922962115964,1.7985559808591558,1.454983221952447,-0.2269467333803583,0.19061695126720113,-0.07399092574085064,0.3435727589067088,0.2269467333803583,0.19061695126720113,Medium Variability
gene-Peve_00028245,OG_01781,peve,0.1645146483128718,0.15356284764152592,0.08281659854574852,0.15457734293883124,0.15954599562585153,0.11818972309363722,0.7407877748984802,-0.041356272532214314,False,gene-Peve_00028245,0.5484024967052943,0.7300476649324829,0.6563700999853929,0.5705276089086896,0.18164516822718857,0.10796760328009858,0.15952005602379327,0.08584249107670328,0.18164516822718857,0.10796760328009858,Medium Variability
gene-Peve_00028559,OG_13016,peve,0.3763497847313539,0.4090404151391023,0.43639838577298395,0.45368490886480634,0.4150173467980801,0.4227194004560431,1.0185583897092145,0.007702053657963004,False,gene-Peve_00028559,0.3574498489898304,0.5616802986850444,0.5185866279882612,0.5024616813627859,0.20423044969521403,0.16113677899843076,0.05921861732225853,0.016124946625475256,0.20423044969521403,0.16113677899843076,Medium Variability
gene-Peve_00028563,OG_08545,peve,0.21465385329792255,0.20218732909632411,0.21431820586002287,0.22926292429646405,0.22195838879719332,0.2082527674781735,0.938251393005277,-0.013705621319019812,False,gene-Peve_00028563,0.7547007126322751,0.6259013185044091,0.7726668948747796,0.727175496324515,-0.128799394127866,0.017966182242504458,-0.10127417782010584,0.04549139855026463,0.128799394127866,0.017966182242504458,Medium Variability
gene-Peve_00028658,OG_01223,peve,0.4728230006291671,0.4792662182758636,0.3536132189372769,0.6135305038384782,0.5431767522338227,0.41643971860657025,0.7666744147166747,-0.12673703362725242,False,gene-Peve_00028658,0.6008952571971917,0.6442513327896032,0.7435590280417185,0.7450727668659937,0.0433560755924115,0.14266377084452675,-0.10082143407639044,-0.0015137388242751904,0.0433560755924115,0.14266377084452675,Medium Variability
gene-Peve_00028682,OG_11964,peve,0.5576789574006644,0.6693608511157099,0.37445308265107735,0.5265654808721948,0.5421222191364297,0.5219069668833936,0.9627108951829388,-0.02021525225303611,False,gene-Peve_00028682,0.35714285,1.0722222399999999,0.0,0.1851852,0.7150793899999999,-0.35714285,0.8870370399999998,-0.1851852,0.7150793899999999,0.35714285,Medium Variability
gene-Peve_00028733,OG_08663,peve,0.9350474027333705,1.314411979594388,1.9186513147686828,1.5288693307768877,1.231958366755129,1.6165316471815354,1.3121641857422008,0.38457328042640637,True,gene-Peve_00028733,0.677552739178039,0.520851887470359,0.4886456064780536,0.5858971650823896,-0.15670085170768,-0.18890713269998544,-0.0650452776120306,-0.09725155860433604,0.15670085170768,0.18890713269998544,Medium Variability
gene-Peve_00028736,OG_07389,peve,0.2807895722796659,0.2485482838048342,0.22952856210203895,0.27375299903888567,0.2772712856592758,0.23903842295343658,0.8621102700377652,-0.0382328627058392,False,gene-Peve_00028736,0.3992658329861111,0.5257298886363636,0.49148007539908006,0.3510632268060065,0.12646405565025248,0.09221424241296894,0.17466666183035712,0.14041684859307357,0.12646405565025248,0.09221424241296894,Medium Variability
gene-Peve_00028791,OG_06922,peve,0.1481316832936836,0.17589006464541518,0.16485518057104945,0.14240229795162238,0.14526699062265297,0.17037262260823233,1.1728240660728906,0.025105631985579357,False,gene-Peve_00028791,0.5690478681815189,0.5196749370430745,0.9149542122703023,0.76834642605875,-0.04937293113844432,0.3459063440887834,-0.24867148901567548,0.14660778621155224,0.04937293113844432,0.3459063440887834,Medium Variability
gene-Peve_00028802,OG_10938,peve,0.5022076792133103,0.5730005033290746,0.6620987917246179,0.5736846881384031,0.5379461836758568,0.6175496475268463,1.147976630872346,0.07960346385098949,False,gene-Peve_00028802,0.46783728928644513,0.5817669679366538,0.5693734959033613,0.5071243908328956,0.1139296786502087,0.10153620661691615,0.07464257710375821,0.06224910507046566,0.1139296786502087,0.10153620661691615,Medium Variability
gene-Peve_00028805,OG_02149,peve,0.4830317184689183,0.584910497448787,0.578323642231482,0.4657334180668941,0.4743825682679062,0.5816170698401345,1.2260506788092347,0.1072345015722283,False,gene-Peve_00028805,0.5935353594205752,0.5390000817848192,0.7482597790708915,0.6797222569363885,-0.05453527763575605,0.15472441965031625,-0.14072217515156937,0.06853752213450293,0.05453527763575605,0.15472441965031625,Medium Variability
gene-Peve_00028852,OG_17347,peve,2.0,2.0,2.0,2.0,2.0,2.0,1.0,0.0,False,gene-Peve_00028852,5.2928863066666665,5.214221890476191,5.186654716666666,7.743181238095238,-0.0786644161904757,-0.10623159000000015,-2.528959347619047,-2.5565265214285713,0.0786644161904757,0.10623159000000015,Medium Variability
gene-Peve_00028869,OG_13059,peve,0.8902308925312984,0.8674626665730281,0.962835802109856,1.046129109892589,0.9681800012119437,0.915149234341442,0.9452263351813516,-0.05303076687050168,False,gene-Peve_00028869,0.5398418836190476,0.773808509387755,0.49800038370068034,0.4238938514829932,0.23396662576870741,-0.041841499918367275,0.34991465790476184,0.07410653221768715,0.23396662576870741,0.041841499918367275,Medium Variability
gene-Peve_00029011,OG_10838,peve,2.0,1.2123906399317728,,0.33054818769775646,1.1652740938488781,,,,False,gene-Peve_00029011,0.2222222222222222,0.06901311111111112,0.11695906666666667,1.9987155608465608,-0.15320911111111107,-0.10526315555555554,-1.9297024497354496,-1.881756494179894,0.15320911111111107,0.10526315555555554,Medium Variability
gene-Peve_00029039,OG_01608,peve,0.14024022762634075,0.1740410153991659,0.176699211615201,0.17059623571346785,0.15541823166990432,0.17537011350718346,1.1283754268910697,0.01995188183727914,False,gene-Peve_00029039,11.578017240253255,11.334092765418227,11.272821568459069,11.758305668421913,-0.243924474835028,-0.30519567179418594,-0.42421290300368675,-0.4854840999628447,0.243924474835028,0.30519567179418594,Medium Variability
gene-Peve_00029042,OG_01611,peve,0.2479865354316322,0.25574074961962195,0.21425859554740323,0.24574736023274704,0.24686694783218963,0.2349996725835126,0.9519284563896179,-0.011867275248677034,False,gene-Peve_00029042,0.3724195244897959,0.5261083433916424,1.041767223339812,0.4479854608843537,0.1536888189018465,0.6693476988500162,0.07812288250728866,0.5937817624554584,0.1536888189018465,0.6693476988500162,Medium Variability
gene-Peve_00029291,OG_06373,peve,0.43897294603782594,0.45035740530261303,0.5631023110266732,0.6079957135139077,0.5234843297758668,0.5067298581646431,0.9679943206353527,-0.016754471611223676,False,gene-Peve_00029291,1.4384430342699843,1.016245231874732,1.5514197191870442,1.1987490347776348,-0.4221978023952524,0.11297668491705992,-0.1825038029029029,0.3526706844094094,0.4221978023952524,0.11297668491705992,Medium Variability
gene-Peve_00029327,OG_00572,peve,0.12418094024958833,0.16006430006663117,0.13287499481577084,0.18233700987136253,0.15325897506047542,0.146469647441201,0.9557002934634309,-0.006789327619274421,False,gene-Peve_00029327,15.601528354277503,15.016120178541323,15.741794266527094,16.09019495638478,-0.5854081757361804,0.14026591224959084,-1.0740747778434585,-0.34840068985768724,0.5854081757361804,0.14026591224959084,Medium Variability
gene-Peve_00029366,OG_00305,peve,0.1542257299660381,0.20606919092551562,0.1635285957493192,0.20674698025202015,0.1804863551090291,0.1847988933374174,1.0238939848155455,0.004312538228388285,False,gene-Peve_00029366,22.122872741996336,21.99301636208791,21.096288320109892,22.75000611540293,-0.1298563799084249,-1.0265844218864437,-0.7569897533150183,-1.653717795293037,0.1298563799084249,1.0265844218864437,Medium Variability
gene-Peve_00029370,OG_00314,peve,0.11104211778277834,0.11238664840891464,0.10364537388939565,0.11913535577653599,0.11508873677965717,0.10801601114915516,0.9385454578058052,-0.007072725630502014,False,gene-Peve_00029370,0.411422606010453,0.47861932940379404,0.577366053372048,0.5498948490398761,0.06719672339334104,0.16594344736159505,-0.07127551963608203,0.027471204332171983,0.06719672339334104,0.16594344736159505,Medium Variability
gene-Peve_00029455,OG_08856,peve,0.17523889524904046,0.20800099825753515,0.18564132540492695,0.1932473516639615,0.18424312345650098,0.19682116183123105,1.0682686991989674,0.012578038374730066,False,gene-Peve_00029455,12.012899672910915,11.156546685652462,11.696496356561997,11.04735909220152,-0.8563529872584539,-0.31640331634891794,0.10918759345094209,0.649137264360478,0.8563529872584539,0.31640331634891794,Medium Variability
gene-Peve_00029478,OG_05666,peve,0.4861890659910775,0.5500850190780345,0.48531484745814857,0.6822480980230934,0.5842185820070854,0.5176999332680916,0.8861408199128676,-0.06651864873899382,False,gene-Peve_00029478,0.6857345448095904,0.6744790994991847,0.6987644184211841,0.7535653085712622,-0.011255445310405676,0.01302987361159369,-0.07908620907207753,-0.05480089015007816,0.011255445310405676,0.01302987361159369,Medium Variability
gene-Peve_00029553,OG_06931,peve,0.3909975241773387,0.3599562268372168,0.3573572534037036,0.36016080946397905,0.37557916682065884,0.3586567401204602,0.9549431166711141,-0.01692242670019861,False,gene-Peve_00029553,44.33258635503848,42.01077540795254,43.43153774977152,43.18806813439554,-2.321810947085936,-0.9010486052669577,-1.1772927264429995,0.24346961537597878,2.321810947085936,0.9010486052669577,Medium Variability
gene-Peve_00029676,OG_12031,peve,0.15949711814803383,0.17449278324265763,0.30882137851420305,0.21440101115340404,0.18694906465071892,0.24165708087843035,1.2926359451432594,0.05470801622771143,False,gene-Peve_00029676,29.306522750046295,26.920056551578487,26.080067698333334,26.92547578175926,-2.386466198467808,-3.2264550517129607,-0.0054192301807738374,-0.8454080834259265,2.386466198467808,3.2264550517129607,Medium Variability
gene-Peve_00029697,OG_17389,peve,0.22134847598416377,0.2104539282286189,0.2613396341013051,0.31827459447539447,0.26981153522977913,0.235896781164962,0.8743020603773134,-0.03391475406481714,False,gene-Peve_00029697,1.0334090787317785,0.8757899839666343,1.3757342478117913,0.8869611650194363,-0.15761909476514413,0.34232516908001287,-0.011171181052802015,0.488773082792355,0.15761909476514413,0.34232516908001287,Medium Variability
gene-Peve_00030203,OG_12166,peve,0.9677814460498992,0.9509852551022294,0.9934813791567867,0.9984087898660096,0.9830951179579543,0.9722333171295081,0.9889514243026576,-0.010861800828446233,False,gene-Peve_00030203,0.5815604077129594,0.41444208397616905,0.5419094779617508,0.7138746964927479,-0.1671183237367903,-0.03965092975120854,-0.2994326125165789,-0.1719652185309971,0.1671183237367903,0.03965092975120854,Medium Variability
gene-Peve_00030448,OG_09657,peve,0.30778695633880765,0.301335329957338,0.302085730391309,0.31921741528478015,0.3135021858117939,0.3017105301743235,0.9623873256036902,-0.011791655637470422,False,gene-Peve_00030448,25.3922935636612,24.62867956494763,24.66183595038219,25.058150895486925,-0.7636139987135699,-0.730457613279011,-0.4294713305392932,-0.3963149451047343,0.7636139987135699,0.730457613279011,Medium Variability
gene-Peve_00030488,OG_10475,peve,0.6039935485028013,0.33611265979817095,0.6581986668616555,0.6873224657104366,0.6456580071066189,0.49715566332991323,0.7699984478746142,-0.14850234377670568,False,gene-Peve_00030488,0.35816762180205414,0.7133227015756303,0.44067942862686743,0.5850025673552754,0.35515507977357613,0.0825118068248133,0.12832013422035482,-0.14432313872840802,0.35515507977357613,0.0825118068248133,Medium Variability
gene-Peve_00030489,OG_00643,peve,0.1390589403630125,0.24714410804589598,0.24014627221428397,0.3364299508965633,0.23774444562978791,0.24364519013008998,1.0248196944608776,0.005900744500302063,False,gene-Peve_00030489,0.5143957888649425,0.4024340691245895,0.4220348084770115,0.560428171242132,-0.11196171974035302,-0.092360980387931,-0.15799410211754245,-0.13839336276512043,0.11196171974035302,0.092360980387931,Medium Variability
gene-Peve_00030497,OG_11419,peve,1.0690881023084382,0.656723652409499,0.50511771267845,0.44171147473422795,0.755399788521333,0.5809206825439746,0.76902415299997,-0.1744791059773585,False,gene-Peve_00030497,1.0980089259643782,1.0488363498385014,1.0387113710286697,0.8454506337055494,-0.04917257612587678,-0.05929755493570843,0.20338571613295198,0.19326073732312032,0.04917257612587678,0.05929755493570843,Medium Variability
gene-Peve_00030921,OG_17453,peve,0.022523717909503766,0.12592312905118383,0.06237013882804542,0.1043453973055143,0.06343455760750903,0.09414663393961463,1.4841537088054046,0.030712076332105598,False,gene-Peve_00030921,0.0,0.3205128333333333,0.09920635714285715,0.0771605,0.3205128333333333,0.09920635714285715,0.24335233333333328,0.022045857142857145,0.3205128333333333,0.09920635714285715,Medium Variability
gene-Peve_00031055,OG_12475,peve,,,,1.4265442826578492,,,,,False,gene-Peve_00031055,0.7300699304761905,0.16031746476190475,0.4855959742857143,0.5159451306462585,-0.5697524657142857,-0.24447395619047618,-0.3556276658843537,-0.03034915636054414,0.5697524657142857,0.24447395619047618,Medium Variability
gene-Peve_00031062,OG_09897,peve,0.1843465288829949,0.11216760210258066,0.2647211816552125,0.14561560712611696,0.16498106800455592,0.18844439187889658,1.1422182809102237,0.023463323874340664,False,gene-Peve_00031062,0.37080276827586206,0.41166242848932677,0.18997125183908045,0.34385313750136837,0.04085966021346471,-0.1808315164367816,0.0678092909879584,-0.15388188566228791,0.04085966021346471,0.1808315164367816,Medium Variability
gene-Peve_00031067,OG_09896,peve,0.04557508493310413,0.06610545317523737,0.07563554006214046,0.0719514136658731,0.05876324929948862,0.07087049661868891,1.2060343405705045,0.012107247319200293,False,gene-Peve_00031067,52.32912759085412,47.32593800413832,48.7466922659486,51.43519860403754,-5.0031895867157985,-3.582435324905518,-4.1092605998992155,-2.688506338088935,5.0031895867157985,3.582435324905518,Medium Variability
gene-Peve_00031460,OG_02537,peve,0.41239565818594814,0.35106864182410075,0.4499105545191077,0.555834708877516,0.48411518353173205,0.40048959817160423,0.8272609738243286,-0.08362558536012782,False,gene-Peve_00031460,1.05971600509161,1.091502883495238,1.1715411385723355,1.1588899636775511,0.03178687840362815,0.11182513348072565,-0.0673870801823131,0.0126511748947844,0.03178687840362815,0.11182513348072565,Medium Variability
gene-Peve_00031620,OG_17479,peve,0.8431565554374633,0.7497078423618319,0.8554024244705557,0.8142804859407021,0.8287185206890827,0.8025551334161938,0.9684291027415027,-0.026163387272888916,False,gene-Peve_00031620,0.6026165130754496,0.5717182693251858,0.6516352767316257,0.5766595760363897,-0.030898243750263843,0.04901876365617608,-0.004941306711203963,0.07497570069523596,0.030898243750263843,0.04901876365617608,Medium Variability
gene-Peve_00031656,OG_17483,peve,0.1936564783774486,0.16907371974839522,0.19348144876298864,0.21680234282514546,0.205229410601297,0.18127758425569193,0.8832924273600495,-0.02395182634560508,False,gene-Peve_00031656,70.44080919458311,68.9048840620413,70.61091658285117,72.10226980161504,-1.5359251325418057,0.1701073882680646,-3.1973857395737326,-1.4913532187638623,1.5359251325418057,0.1701073882680646,Medium Variability
gene-Peve_00031660,OG_06181,peve,0.16210467792124242,0.1486525226216712,0.13490680524808316,0.15216437927101106,0.15713452859612675,0.14177966393487718,0.9022820458467454,-0.015354864661249579,False,gene-Peve_00031660,35.58795393174745,36.62760283364624,38.16253561462707,36.30684618535729,1.0396489018987936,2.574581682879618,0.3207566482889561,1.8556894292697805,1.0396489018987936,2.574581682879618,Medium Variability
gene-Peve_00031834,OG_17497,peve,1.0192007668859233,0.9013401232631579,1.6788695887151242,1.5890971803477465,1.3041489736168348,1.290104855989141,0.989231201410415,-0.014044117627693753,False,gene-Peve_00031834,0.7579919748385795,0.5257229422215497,0.48853851540220605,0.5835984366895346,-0.2322690326170298,-0.26945345943637344,-0.0578754944679849,-0.09505992128732854,0.2322690326170298,0.26945345943637344,Medium Variability
gene-Peve_00031835,OG_06875,peve,0.8183522782768038,0.8620355018752478,0.6052420881227817,0.6417986395922576,0.7300754589345306,0.7336387949990147,1.0048807777619102,0.0035633360644841128,False,gene-Peve_00031835,0.7145624934811166,0.5861025991461412,0.8268835986754242,0.7402017098617953,-0.1284598943349754,0.1123211051943076,-0.1540991107156542,0.08668188881362882,0.1284598943349754,0.1123211051943076,Medium Variability
gene-Peve_00031943,OG_08432,peve,0.27891423516780606,0.295346265152485,0.3555107962286496,0.2834508853010553,0.28118256023443067,0.3254285306905673,1.1573567379827803,0.04424597045613665,False,gene-Peve_00031943,10.053968769186046,9.933698900396825,11.267175237440016,10.184315697065339,-0.12026986878922052,1.2132064682539703,-0.25061679666851333,1.0828595403746775,0.12026986878922052,1.2132064682539703,Medium Variability
gene-Peve_00031976,OG_12844,peve,1.0917301843869376,0.7223537110528392,0.5170488304297906,0.774266611205346,0.9329983977961418,0.6197012707413149,0.6642040031420486,-0.31329712705482693,False,gene-Peve_00031976,0.7055070890967499,0.4526879622138538,0.5070996821077638,0.7210578583549292,-0.25281912688289604,-0.19840740698898607,-0.26836989614107537,-0.2139581762471654,0.25281912688289604,0.19840740698898607,Low Variability
gene-Peve_00032297,OG_04209,peve,0.27690503683761936,0.222123198253826,0.23889082274400486,0.2925923505293017,0.28474869368346056,0.23050701049891542,0.8095103352964188,-0.05424168318454514,False,gene-Peve_00032297,15.72254006529069,14.091072658084439,15.035198486348268,14.704532425025828,-1.6314674072062516,-0.6873415789424229,-0.6134597669413893,0.3306660613224395,1.6314674072062516,0.6873415789424229,Medium Variability
gene-Peve_00032354,OG_17533,peve,0.9774097945770089,1.0066564604492365,0.6315624639518839,0.5650957455098985,0.7712527700434537,0.8191094622005601,1.062050593548481,0.04785669215710642,False,gene-Peve_00032354,0.35266832518315017,0.3870223956166057,0.49256556563797316,0.4027420517643468,0.03435407043345551,0.139897240454823,-0.015719656147741123,0.08982351387362636,0.03435407043345551,0.139897240454823,Medium Variability
gene-Peve_00032405,OG_12476,peve,1.663211795641848,0.7337927788941313,1.1757692710865897,1.2665988922098166,1.4649053439258322,0.9547810249903605,0.6517697740330592,-0.5101243189354716,False,gene-Peve_00032405,0.4602290744680851,0.38644485059945965,0.5493010658645728,0.6467619634667342,-0.07378422386862543,0.08907199139648775,-0.26031711286727455,-0.09746089760216137,0.07378422386862543,0.08907199139648775,Low Variability
gene-Peve_00032517,OG_08096,peve,0.2923701577649226,0.382348842750172,0.40740717635019447,0.37396013639115094,0.3331651470780368,0.39487800955018326,1.1852320478699159,0.06171286247214647,False,gene-Peve_00032517,1.7002755565067693,2.473269774048786,1.834372202221055,2.0777923441946777,0.7729942175420168,0.1340966457142856,0.3954774298541084,-0.24342014197362283,0.7729942175420168,0.1340966457142856,Medium Variability
gene-Peve_00032677,OG_06775,peve,0.12776484813017225,0.1554120755685689,0.1383785804408566,0.13364844811271048,0.13070664812144137,0.14689532800471275,1.1238550610542033,0.016188679883271384,False,gene-Peve_00032677,0.4561487680390212,0.7904762521728946,0.5433743252824625,0.6182765750854277,0.3343274841338734,0.08722555724344133,0.17219967708746697,-0.07490224980296512,0.3343274841338734,0.08722555724344133,Medium Variability
gene-Peve_00032707,OG_17556,peve,0.09554344795769773,0.12046491248129386,0.1369353583795734,0.13766241595769238,0.11660293195769506,0.12870013543043363,1.1037469922036574,0.012097203472738571,False,gene-Peve_00032707,0.9317597241071428,0.722321047606647,0.7568028299727182,0.633478148416832,-0.20943867650049586,-0.1749568941344246,0.08884289918981492,0.12332468155588616,0.20943867650049586,0.1749568941344246,Medium Variability
gene-Peve_00032727,OG_11074,peve,0.7142475070211916,0.7797119339376619,0.6749918575686843,0.6559398344137636,0.6850936707174775,0.727351895753173,1.0616824046724003,0.04225822503569554,False,gene-Peve_00032727,0.4190904699141049,0.6045479493269038,0.8197804968454891,0.4865890579189271,0.1854574794127989,0.4006900269313842,0.11795889140797672,0.33319143892656206,0.1854574794127989,0.4006900269313842,Medium Variability
gene-Peve_00033117,OG_09511,peve,0.15723726971102994,0.15442225832478293,0.14615544957039128,0.17738476074673304,0.16731101522888148,0.15028885394758712,0.8982603670295823,-0.017022161281294357,False,gene-Peve_00033117,16.547916214055974,16.168680180351924,16.447591323142927,16.01711758286863,-0.3792360337040499,-0.10032489091304697,0.15156259748329504,0.43047374027429797,0.3792360337040499,0.10032489091304697,Medium Variability
gene-Peve_00033139,OG_05717,peve,0.4179893606671109,0.39751283657337816,0.7711846698408048,0.41271058473805033,0.4153499727025806,0.5843487532070915,1.4068828496722345,0.16899878050451084,False,gene-Peve_00033139,0.4298795771285413,0.6871413832617541,0.36931395051863575,0.38412309129746836,0.2572618061332128,-0.060565626609905554,0.30301829196428576,-0.014809140778832608,0.2572618061332128,0.060565626609905554,Medium Variability
gene-Peve_00033140,OG_17591,peve,0.2905864920588233,0.21146884604787045,0.29119816140626337,0.3315748673310217,0.3110806796949225,0.2513335037270669,0.8079367190966351,-0.05974717596785556,False,gene-Peve_00033140,1.0979546110972684,1.2537459008567122,1.49093241127261,1.3621748664605635,0.15579128975944379,0.39297780017534145,-0.10842896560385129,0.12875754481204638,0.15579128975944379,0.39297780017534145,Medium Variability
gene-Peve_00033182,OG_17596,peve,0.6051377757933152,0.8192292395003726,0.49773159535407846,0.4828415244183777,0.5439896501058464,0.6584804174272255,1.2104649735506956,0.11449076732137908,False,gene-Peve_00033182,0.8379051665180796,1.0777940970140223,0.882124990470852,0.9168821084899281,0.23988893049594273,0.044219823952772463,0.16091198852409416,-0.034757118019076105,0.23988893049594273,0.044219823952772463,Medium Variability
gene-Peve_00033288,OG_13026,peve,0.3355190341987112,0.43343473570001,0.4834652481441495,0.48099155285373485,0.40825529352622303,0.45844999192207975,1.122949289799307,0.05019469839585672,False,gene-Peve_00033288,0.9402218065790915,0.9121294265993432,1.01600039127422,0.8404747977394637,-0.02809237997974834,0.07577858469512844,0.0716546288598795,0.17552559353475627,0.02809237997974834,0.07577858469512844,Medium Variability
gene-Peve_00033297,OG_17600,peve,0.538271322710154,0.4634905451072501,0.46133028049919417,0.48920912313510345,0.5137402229226287,0.46241041280322215,0.9000860593951644,-0.051329810119406516,False,gene-Peve_00033297,0.9957165336564924,1.1168995126416572,1.1411311598787053,1.0546444509687822,0.12118297898516484,0.1454146262222129,0.06225506167287498,0.08648670890992305,0.12118297898516484,0.1454146262222129,Medium Variability
gene-Peve_00033366,OG_00030,peve,0.4574612683039521,0.4619826961050165,0.45208394998189577,0.49986961175805245,0.4786654400310023,0.4570333230434561,0.9548074392290675,-0.02163211698754619,False,gene-Peve_00033366,17.09190466597673,16.681072538983585,15.607064415539321,16.870014226848845,-0.41083212699314586,-1.4848402504374096,-0.18894168786525967,-1.2629498113095234,0.41083212699314586,1.4848402504374096,Medium Variability
gene-Peve_00033369,OG_06158,peve,0.36193153482824203,0.5044786196645596,0.3446473383473973,0.4393986862945659,0.40066511056140397,0.4245629790059785,1.0596454939914517,0.023897868444574533,False,gene-Peve_00033369,1.28007668340983,1.0839485844807801,1.0997734956588259,1.5386051964285714,-0.19612809892904992,-0.18030318775100418,-0.4546566119477913,-0.43883170076974554,0.19612809892904992,0.18030318775100418,Medium Variability
gene-Peve_00033650,OG_01981,peve,0.39933360771197385,0.3602546123295046,0.3602944458812965,0.3768220767129819,0.3880778422124779,0.3602745291054006,0.9283563499823455,-0.027803313107077288,False,gene-Peve_00033650,1.1893529699242815,1.4558513810502678,1.7077754846600834,1.4073560098894455,0.26649841112598627,0.5184225147358019,0.048495371160822254,0.3004194747706379,0.26649841112598627,0.5184225147358019,Medium Variability
gene-Peve_00033654,OG_10907,peve,0.6162479518348685,0.6936115810785674,0.8988508814344548,0.4914059562310755,0.553826954032972,0.7962312312565111,1.4376895625219202,0.24240427722353908,True,gene-Peve_00033654,0.6387428283291192,0.40138451236424394,0.38834633040065436,0.4392111850459482,-0.23735831596487528,-0.25039649792846486,-0.037826672681704254,-0.05086485464529383,0.23735831596487528,0.25039649792846486,Medium Variability
gene-Peve_00033792,OG_01758,peve,0.329385392437076,0.2984285835367029,0.2561053461216803,0.4027066540646906,0.3660460232508833,0.27726696482919155,0.7574647645855076,-0.08877905842169176,False,gene-Peve_00033792,1.1230550455708181,1.220748549551718,1.1304957124049364,1.171289189744462,0.09769350398089993,0.007440666834118259,0.04945935980725613,-0.04079347733952554,0.09769350398089993,0.007440666834118259,Medium Variability
gene-Peve_00033908,OG_11084,peve,0.31525515104533425,0.5291602397431006,0.32617750788530336,0.36741735886257426,0.34133625495395425,0.42766887381420193,1.2529254294182546,0.08633261886024768,False,gene-Peve_00033908,0.924336084375,0.234375,0.7032941090029762,0.39278719878472224,-0.689961084375,-0.22104197537202386,-0.15841219878472224,0.31050691021825394,0.689961084375,0.22104197537202386,Medium Variability
gene-Peve_00034068,OG_17640,peve,0.2967731034906986,0.1715955734992716,0.10979894648567284,0.15467602180030382,0.2257245626455012,0.14069725999247223,0.6233139111822592,-0.08502730265302896,False,gene-Peve_00034068,0.29337206643990926,0.3033552533887629,0.38059867303476946,0.5073261633471907,0.00998318694885364,0.0872266065948602,-0.20397090995842782,-0.12672749031242125,0.00998318694885364,0.0872266065948602,Low Variability
gene-Peve_00034212,OG_17646,peve,0.3555751187569534,0.17736312944137045,0.6448921126557321,0.35688271320175663,0.356228915979355,0.4111276210485513,1.1541107490341347,0.05489870506919625,False,gene-Peve_00034212,0.39331028284766645,0.46230463084774537,0.5108330826877517,0.4487559143824528,0.06899434800007892,0.11752279984008529,0.013548716465292543,0.06207716830529891,0.06899434800007892,0.11752279984008529,Medium Variability
gene-Peve_00034268,OG_10367,peve,0.4751367740606225,0.5473584189074119,0.5733818766186456,0.5197239463014133,0.4974303601810179,0.5603701477630287,1.1265298474325265,0.06293978758201085,False,gene-Peve_00034268,1.00702414913123,1.1435315194428113,0.7901998778071723,0.7789362843474428,0.13650737031158133,-0.21682427132405768,0.3645952350953685,0.011263593459729493,0.13650737031158133,0.21682427132405768,Medium Variability
gene-Peve_00034555,OG_17666,peve,1.0815485893396075,0.6100934933112216,0.46452977100097065,0.5474716649775154,0.8145101271585615,0.5373116321560961,0.6596745875100668,-0.2771984950024654,False,gene-Peve_00034555,5.485640063048908,5.465392974858996,5.850538717315285,4.348914885311418,-0.02024708818991261,0.36489865426637635,1.116478089547578,1.501623832003867,0.02024708818991261,0.36489865426637635,Low Variability
gene-Peve_00034565,OG_11984,peve,0.8402447188791913,0.8749935357206912,0.901244302375609,0.9697044136899317,0.9049745662845614,0.8881189190481501,0.9813744519853045,-0.01685564723641131,False,gene-Peve_00034565,3.0741069989583334,1.054024104017857,3.7298283226190474,2.289959298214286,-2.0200828949404763,0.655721323660714,-1.2359351941964287,1.4398690244047616,2.0200828949404763,0.655721323660714,Medium Variability
gene-Peve_00034577,OG_00378,peve,0.35317692005456264,0.38852030748638045,0.31134610491544545,0.3538834232322786,0.3535301716434206,0.34993320620091295,0.989825577189673,-0.003596965442507649,False,gene-Peve_00034577,0.39498300800865804,0.36975658136466705,0.2914192703823954,0.6178224297773655,-0.025226426643990996,-0.10356373762626264,-0.2480658484126984,-0.32640315939497005,0.025226426643990996,0.10356373762626264,Medium Variability
gene-Peve_00034622,OG_05366,peve,0.37006082720809985,0.391865133479828,0.36335558217549896,0.3830586634923344,0.37655974535021713,0.3776103578276635,1.0027900286486258,0.0010506124774463665,False,gene-Peve_00034622,0.45812807438750863,0.3753026824447895,0.3895757002242926,0.26090909792960665,-0.08282539194271915,-0.06855237416321602,0.11439358451518283,0.12866660229468596,0.08282539194271915,0.06855237416321602,Medium Variability
gene-Peve_00034882,OG_12032,peve,0.11160245163838378,0.1585807523941866,0.13172882402711011,0.11794314795947858,0.11477279979893118,0.14515478821064837,1.2647141872023944,0.030381988411717187,False,gene-Peve_00034882,2.6724674213322057,2.8362885535023366,2.5730530693230786,2.7554518183376064,0.16382113217013083,-0.09941435200912707,0.08083673516473011,-0.1823987490145278,0.16382113217013083,0.09941435200912707,Medium Variability
gene-Peve_00034973,OG_13685,peve,0.13553446479621292,0.19830794744220842,0.12964519609625258,0.1755854983521777,0.15555998157419532,0.1639765717692305,1.0541051118022975,0.008416590195035184,False,gene-Peve_00034973,0.8034405250848177,0.638709737477281,0.9111490743396341,0.8385367549588029,-0.16473078760753668,0.10770854925481643,-0.19982701748152187,0.07261231938083124,0.16473078760753668,0.10770854925481643,Medium Variability
gene-Peve_00034984,OG_06101,peve,0.57189252584295,0.5448930161262011,0.6957101264758585,0.5802458965570642,0.5760692112000071,0.6203015713010298,1.0767830657168476,0.044232360101022716,False,gene-Peve_00034984,7.450451627120077,7.038681827142121,6.471630166704634,6.4129926405374285,-0.4117697999779555,-0.9788214604154426,0.625689186604693,0.058637526167205856,0.4117697999779555,0.9788214604154426,Medium Variability
gene-Peve_00034989,OG_02260,peve,0.5642143328452363,0.5873722992508073,0.5423804235916951,0.5566101880900594,0.5604122604676478,0.5648763614212512,1.0079657446285673,0.004464100953603389,False,gene-Peve_00034989,12.89939443422619,11.873974204301948,12.738109251424964,14.45898543536556,-1.0254202299242419,-0.16128518280122606,-2.5850112310636124,-1.7208761839405966,1.0254202299242419,0.16128518280122606,Medium Variability
gene-Peve_00035114,OG_01117,peve,0.3098537164583829,0.2593530877008547,0.1938032412440109,0.27599014004419353,0.2929219282512882,0.22657816447243279,0.7735104224701769,-0.06634376377885542,False,gene-Peve_00035114,0.5298571228859267,0.6296691616364857,0.7000626102448021,0.694891536643472,0.099812038750559,0.17020548735887542,-0.06522237500698636,0.005171073601330067,0.099812038750559,0.17020548735887542,Medium Variability
gene-Peve_00035122,OG_01121,peve,0.3689708821080451,0.3809040733324938,0.39122202867588673,0.3946793936140291,0.3818251378610371,0.38606305100419025,1.0110990941217064,0.004237913143153138,False,gene-Peve_00035122,8.185142008405522,7.705426689518652,7.9730918711108485,8.113292325773111,-0.47971531888687036,-0.21205013729467392,-0.40786563625445904,-0.1402004546622626,0.47971531888687036,0.21205013729467392,Medium Variability
gene-Peve_00035269,OG_07531,peve,0.2131286619229126,0.15307002096076092,0.09264450777245557,0.24099679043767927,0.22706272618029594,0.12285726436660824,0.5410719162644738,-0.1042054618136877,False,gene-Peve_00035269,0.4854886977453102,0.43327379998196247,0.6563201093479437,0.6849915663840789,-0.052214897763347756,0.1708314116026335,-0.2517177664021164,-0.02867145703613516,0.052214897763347756,0.1708314116026335,Low Variability
gene-Peve_00035416,OG_10515,peve,0.40790047811418173,0.21895678069312724,1.042161467874388,0.7952963615461975,0.6015984198301896,0.6305591242837576,1.0481395952830836,0.02896070445356802,False,gene-Peve_00035416,0.9099447363553114,1.320036339617674,1.557163599931319,0.8319765478289072,0.4100916032623626,0.6472188635760076,0.4880597917887668,0.7251870521024117,0.4100916032623626,0.6472188635760076,Medium Variability
gene-Peve_00035474,OG_02967,peve,0.8547035300996164,0.7348319111964166,0.6759025013134472,0.781821727589248,0.8182626288444321,0.7053672062549319,0.8620303327931113,-0.11289542258950025,False,gene-Peve_00035474,0.337700762868801,0.4843180246569815,0.713141318220339,0.5249652757555376,0.14661726178818046,0.375440555351538,-0.04064725109855616,0.18817604246480135,0.14661726178818046,0.375440555351538,Medium Variability
gene-Peve_00035796,OG_04443,peve,0.3612363710896316,0.39763522351983094,0.3680015695535116,0.3404284963968079,0.3508324337432197,0.38281839653667127,1.091171624163069,0.03198596279345156,False,gene-Peve_00035796,2.1392251336291572,2.014973085396921,2.0225652674397345,2.1062895121086793,-0.12425204823223623,-0.1166598661894227,-0.09131642671175833,-0.08372424466894479,0.12425204823223623,0.1166598661894227,Medium Variability
gene-Peve_00035837,OG_02666,peve,0.35273760834951573,0.35202387889749204,0.37434348218838026,0.315768316628845,0.33425296248918035,0.36318368054293615,1.0865533631723376,0.0289307180537558,False,gene-Peve_00035837,0.985905003449801,1.3558054402476778,1.0555651544031648,1.0377510591392698,0.36990043679787676,0.06966015095336375,0.318054381108408,0.01781409526389499,0.36990043679787676,0.06966015095336375,Medium Variability
gene-Peve_00036018,OG_17739,peve,0.41908138553911206,0.2966228272089908,0.2173823692830589,0.3533264313530636,0.3862039084460878,0.25700259824602484,0.6654583048630673,-0.12920131020006298,False,gene-Peve_00036018,0.7460017341962711,0.615928628212396,0.7544890988725119,0.5215066503044428,-0.13007310598387511,0.008487364676240783,0.09442197790795326,0.23298244856806916,0.13007310598387511,0.008487364676240783,Low Variability
gene-Peve_00036019,OG_08528,peve,0.2920188770223601,0.2126352941893353,0.15789384232783826,0.21253002497572002,0.25227445099904006,0.18526456825858678,0.7343770545329291,-0.06700988274045327,False,gene-Peve_00036019,0.3883619394588745,0.2102628682900433,0.2078624435930736,0.2342688528030303,-0.1780990711688312,-0.18049949586580089,-0.024005984512987022,-0.02640640920995671,0.1780990711688312,0.18049949586580089,Medium Variability
gene-Peve_00036161,OG_07620,peve,0.19289673710424265,0.23656786474690492,0.2598943972163583,0.22382606648121142,0.20836140179272705,0.24823113098163163,1.1913489199336738,0.03986972918890458,False,gene-Peve_00036161,54.117636784723736,52.390350418623534,54.43515200999031,55.18275176077486,-1.727286366100202,0.3175152252665754,-2.7924013421513294,-0.747599750784552,1.727286366100202,0.3175152252665754,Medium Variability
gene-Peve_00036268,OG_17751,peve,0.5034565456581884,0.5248854784938974,0.5686771603561394,0.6991059846357476,0.601281265146968,0.5467813194250184,0.9093603129167371,-0.054499945721949605,False,gene-Peve_00036268,0.0,6.6363636,0.0,0.0,6.6363636,0.0,6.6363636,0.0,6.6363636,0.0,Medium Variability
gene-Peve_00036290,OG_05819,peve,0.6806773998602232,0.9686185172132261,1.0606697884668939,0.7446887434606093,0.7126830716604162,1.01464415284006,1.4236961605894916,0.3019610811796438,True,gene-Peve_00036290,0.7702497831179345,0.6843254229056838,0.6488281103721948,0.6571341184685853,-0.0859243602122507,-0.12142167274573967,0.027191304437098496,-0.008306008096390483,0.0859243602122507,0.12142167274573967,Medium Variability
gene-Peve_00036514,OG_13428,peve,0.3586952589700132,0.33988180763365855,0.35959558948650744,0.4129977905291943,0.38584652474960374,0.349738698560083,0.906419200709523,-0.03610782618952074,False,gene-Peve_00036514,0.66023349631791,0.639924633522236,0.6026256635577687,0.6632737854467095,-0.0203088627956739,-0.05760783276014125,-0.0233491519244734,-0.060648121888940754,0.0203088627956739,0.05760783276014125,Medium Variability
gene-Peve_00036602,OG_04547,peve,0.1295296203781674,0.12101305534550445,0.10891124663755612,0.1258830850820917,0.12770635273012954,0.11496215099153029,0.9002069868401109,-0.012744201738599248,False,gene-Peve_00036602,70.15737698089912,68.27461921774396,69.61427994815969,71.05312089126186,-1.8827577631551549,-0.5430970327394249,-2.7785016735178942,-1.4388409431021643,1.8827577631551549,0.5430970327394249,Medium Variability
gene-Peve_00036861,OG_17800,peve,0.6729558150687284,0.6699300209341796,0.7252270244977822,0.608442023366786,0.6406989192177572,0.697578522715981,1.0887774300722548,0.05687960349822374,False,gene-Peve_00036861,0.7910866623524166,0.7387059717959693,0.788884599134118,0.9172269204761906,-0.05238069055644734,-0.0022020632182986333,-0.17852094868022128,-0.12834232134207257,0.05238069055644734,0.0022020632182986333,Medium Variability
gene-Peve_00036941,OG_00430,peve,0.12795688203112437,0.13897755079281124,0.10891762924375085,0.12671426184601048,0.12733557193856743,0.12394759001828104,0.9733932799082969,-0.003387981920286387,False,gene-Peve_00036941,0.7609582409217365,0.8284851648950743,0.8884110101953059,0.8454833796115065,0.06752692397333782,0.1274527692735694,-0.01699821471643226,0.04292763058379934,0.06752692397333782,0.1274527692735694,Medium Variability
gene-Peve_00036953,OG_17806,peve,0.37239581742963,0.3900828063779926,0.5580955420366678,0.7155470566607244,0.5439714370451771,0.4740891742073302,0.8715332128145487,-0.06988226283784693,False,gene-Peve_00036953,0.4008646134495465,0.34106752320365646,0.4534681155311083,0.29931560083971087,-0.05979709024589003,0.05260350208156178,0.04175192236394559,0.1541525146913974,0.05979709024589003,0.05260350208156178,Medium Variability
gene-Peve_00037183,OG_01727,peve,0.21098861795715043,0.23542239338023005,0.20599147026217376,0.29621597404524896,0.2536022960011997,0.2207069318212019,0.8702875932170496,-0.032895364179997805,False,gene-Peve_00037183,0.4949765982741245,0.43095437499372113,0.39134889844911597,0.3329011344497187,-0.06402222328040336,-0.10362769982500852,0.09805324054400244,0.05844776399939727,0.06402222328040336,0.10362769982500852,Medium Variability
gene-Peve_00037214,OG_13752,peve,,,,1.414213562373095,,,,,False,gene-Peve_00037214,50.252904173529416,37.71779188466387,44.74702632408963,46.940965632493,-12.535112288865548,-5.505877849439784,-9.22317374782913,-2.1939393084033654,12.535112288865548,5.505877849439784,Medium Variability
gene-Peve_00037303,OG_03429,peve,0.17159306030941487,0.20263221589871785,0.38623119956134827,0.30746242557453635,0.2395277429419756,0.2944317077300331,1.229217559994116,0.05490396478805748,False,gene-Peve_00037303,0.7400246775,0.4129335519444444,0.5806028614136904,0.5679241244742064,-0.3270911255555556,-0.15942181608630956,-0.15499057252976195,0.01267873693948407,0.3270911255555556,0.15942181608630956,Medium Variability
gene-Peve_00037483,OG_09003,peve,0.39151645886212183,0.41996478713143626,0.6062238376246492,0.4438622412081321,0.41768935003512697,0.5130943123780427,1.2284112878025075,0.09540496234291573,False,gene-Peve_00037483,0.806185891161073,0.4525748102505259,0.5019034796985561,0.6477853578193727,-0.35361108091054705,-0.3042824114625169,-0.19521054756884682,-0.14588187812081665,0.35361108091054705,0.3042824114625169,Medium Variability
gene-Peve_00037603,OG_04651,peve,0.7846654261413799,0.7251287611141157,0.9497803387042645,0.8753455159453504,0.8300054710433651,0.8374545499091901,1.00897473465622,0.007449078865825021,False,gene-Peve_00037603,0.27331671746430564,0.49139110324838475,0.42592330527438776,0.45039993095636915,0.21807438578407912,0.15260658781008213,0.0409911722920156,-0.02447662568198139,0.21807438578407912,0.15260658781008213,Medium Variability
gene-Peve_00037626,OG_11794,peve,0.12293791655244617,0.17694977327717276,0.1282236324307682,0.16213818808735717,0.14253805231990166,0.15258670285397047,1.0704980204971257,0.01004865053406881,False,gene-Peve_00037626,0.4926266261904762,0.6434478090621962,0.45466006226514416,0.4351858763929381,0.15082118287172003,-0.03796656392533204,0.20826193266925813,0.019474185872206062,0.15082118287172003,0.03796656392533204,Medium Variability
gene-Peve_00037785,OG_11156,peve,0.3935790095294229,1.4142135623730951,0.0,1.414213562373095,0.9038962859512589,0.7071067811865476,0.7822875170267899,-0.19678950476471135,False,gene-Peve_00037785,0.653963010550082,0.4421856851600985,0.4577731778735632,0.5181142853379858,-0.2117773253899835,-0.1961898326765188,-0.07592860017788727,-0.06034110746442256,0.2117773253899835,0.1961898326765188,Medium Variability
gene-Peve_00037791,OG_12889,peve,0.716364904154411,1.1517013544810895,1.336643688062212,0.6837624024894389,0.7000636533219249,1.2441725212716506,1.7772277068918427,0.5441088679497257,True,gene-Peve_00037791,0.6014738148788855,0.515160172389633,0.6091606630084325,0.5540021731295469,-0.08631364248925255,0.007686848129547008,-0.03884200073991395,0.05515848987888561,0.08631364248925255,0.007686848129547008,High Variability
gene-Peve_00037792,OG_08083,peve,0.34228677544957853,0.4901681595121259,0.5086089541333055,0.3083421522866192,0.32531446386809887,0.4993885568227157,1.5350948460293374,0.17407409295461684,True,gene-Peve_00037792,2.890656042440225,3.5944498638738196,3.2851916894364077,3.002276794528163,0.7037938214335946,0.3945356469961827,0.5921730693456566,0.28291489490824473,0.7037938214335946,0.3945356469961827,High Variability
gene-Peve_00037895,OG_06592,peve,0.20067246192697066,0.20705537948598757,0.17559209317528374,0.1915157795824804,0.19609412075472554,0.19132373633063565,0.9756729859838241,-0.004770384424089891,False,gene-Peve_00037895,1.9425520680666344,2.1295432615250585,2.094428722032874,2.19592606269942,0.18699119345842408,0.15187665396623973,-0.06638280117436146,-0.10149734066654581,0.18699119345842408,0.15187665396623973,Medium Variability
gene-Peve_00037965,OG_07822,peve,0.812767093649742,1.112607585587866,0.9016120270066557,0.8209211040414063,0.8168440988455741,1.0071098062972608,1.232927810484993,0.1902657074516867,False,gene-Peve_00037965,0.6724661910010241,0.854616725531234,0.8287100780849975,0.9176345380984382,0.1821505345302099,0.1562438870839734,-0.06301781256720418,-0.08892446001344068,0.1821505345302099,0.1562438870839734,Medium Variability
gene-Peve_00037966,OG_07821,peve,0.449470545189063,0.549409054273959,0.8287583982917914,0.70729624240534,0.5783833937972015,0.6890837262828753,1.191396111425164,0.11070033248567379,False,gene-Peve_00037966,0.5452192341928083,0.5863874487925976,0.5903579750131648,0.5949295517979387,0.041168214599789366,0.045138740820356515,-0.008542103005341084,-0.004571576784773934,0.041168214599789366,0.045138740820356515,Medium Variability
gene-Peve_00038127,OG_09310,peve,0.16474335189320105,0.1890207258781163,0.17955629800954812,0.1928430446130857,0.17879319825314338,0.18428851194383222,1.0307355858297715,0.005495313690688841,False,gene-Peve_00038127,0.4935891071266602,0.6484976639590757,0.6984321198075262,0.5582748581497678,0.1549085568324155,0.20484301268086597,0.09022280580930786,0.14015726165775833,0.1549085568324155,0.20484301268086597,Medium Variability
gene-Peve_00038139,OG_13215,peve,,1.6253915929593499,,1.236519680067783,,,,,False,gene-Peve_00038139,0.9567357093633378,0.8672142742635718,1.021351909321043,0.837056678372394,-0.08952143509976607,0.06461619995770518,0.030157595891177835,0.18429523094864908,0.08952143509976607,0.06461619995770518,Medium Variability
gene-Peve_00038140,OG_13214,peve,0.4357676396336761,0.45631401972958424,0.5334446104770413,0.5689530057149114,0.5023603226742938,0.49487931510331273,0.9851082833708757,-0.007481007570981024,False,gene-Peve_00038140,0.5051494096579126,0.6123500121001835,0.590575734809464,0.545251879049015,0.10720060244227092,0.08542632515155146,0.06709813305116852,0.04532385576044906,0.10720060244227092,0.08542632515155146,Medium Variability
gene-Peve_00038389,OG_01452,peve,0.2079037899566846,0.21176322996299107,0.23662745844293137,0.26187188823212654,0.23488783909440558,0.22419534420296122,0.9544782951187742,-0.01069249489144436,False,gene-Peve_00038389,35.90717388351346,35.450723921790654,35.46985189804513,36.86550725514959,-0.4564499617228037,-0.4373219854683299,-1.4147833333589332,-1.3956553571044594,0.4564499617228037,0.4373219854683299,Medium Variability
gene-Peve_00038506,OG_12125,peve,0.6366743077511189,0.5174962072894481,0.5799196043992741,0.6776639853935376,0.6571691465723282,0.5487079058443611,0.8349568885062839,-0.10846124072796703,False,gene-Peve_00038506,2.11572614567391,1.5261788941126015,1.9524277671059473,2.1034863010509808,-0.5895472515613083,-0.16329837856796248,-0.5773074069383792,-0.15105853394503344,0.5895472515613083,0.16329837856796248,Medium Variability
gene-Peve_00038575,OG_03330,peve,0.11369828437979683,0.11466816026789131,0.12496972315721039,0.1254550578189026,0.11957667109934972,0.11981894171255085,1.0020260692238192,0.00024227061320113152,False,gene-Peve_00038575,0.6602652045575312,0.5953212435366851,0.9553711475083452,0.7575797167433067,-0.0649439610208461,0.29510594295081394,-0.16225847320662157,0.19779143076503847,0.0649439610208461,0.29510594295081394,Medium Variability
gene-Peve_00038653,OG_11900,peve,0.6933696650437574,0.6066968333007675,0.23083538416533111,0.24538178122133109,0.4693757231325443,0.4187661087330493,0.8921767532804341,-0.05060961439949496,False,gene-Peve_00038653,0.5243861410005669,0.6039545220521542,0.4138382729024943,0.39967944953703705,0.07956838105158726,-0.1105478680980726,0.20427507251511712,0.014158823365457263,0.07956838105158726,0.1105478680980726,Medium Variability
gene-Peve_00038670,OG_11899,peve,0.5289633320136491,0.42571812991992963,0.520864170467616,0.3577676008963087,0.4433654664549789,0.4732911501937728,1.06749665006179,0.02992568373879395,False,gene-Peve_00038670,0.7999946684414134,0.7792394183905639,0.7994757287788147,0.7261837558546702,-0.02075525005084955,-0.0005189396625987497,0.053055662535893666,0.07329197292414447,0.02075525005084955,0.0005189396625987497,Medium Variability
gene-Peve_00038681,OG_04537,peve,0.34586465332380917,0.30108865333567436,0.3804885165217025,0.26972575441556645,0.30779520386968784,0.34078858492868846,1.1071926418742026,0.032993381059000626,False,gene-Peve_00038681,0.27286039260531136,0.5654326222794567,0.4464178136904762,0.5796425151556777,0.2925722296741453,0.1735574210851648,-0.014209892876220986,-0.1332247014652015,0.2925722296741453,0.1735574210851648,Medium Variability
gene-Peve_00038682,OG_04538,peve,0.26474027342997575,0.21933213622554756,0.2914663017294542,0.25764567464747906,0.26119297403872743,0.2553992189775009,0.9778181052436445,-0.005793755061226535,False,gene-Peve_00038682,0.49278908901406204,0.5562513896678918,0.6882904105624801,0.5642135387197721,0.06346230065382974,0.19550132154841804,-0.007962149051880307,0.12407687184270799,0.06346230065382974,0.19550132154841804,Medium Variability
gene-Peve_00038685,OG_11762,peve,0.7798293006938385,1.851640199545103,1.242968041862692,0.9148353400901933,0.8473323203920159,1.5473041207038976,1.826088871469038,0.6999718003118817,True,gene-Peve_00038685,0.4440171512275338,0.5372582685766785,0.5935439263958372,0.3428011228938917,0.09324111734914464,0.14952677516830337,0.19445714568278677,0.2507428035019455,0.09324111734914464,0.14952677516830337,High Variability
gene-Peve_00038759,OG_06599,peve,0.11023170729280198,0.11584864676787518,0.1061715134612634,0.11485270998769177,0.11254220864024687,0.11101008011456928,0.9863861875096551,-0.0015321285256775924,False,gene-Peve_00038759,48.456108041941,46.19214569888199,48.571501266714975,48.31009179394583,-2.2639623430590134,0.11539322477397462,-2.117946095063843,0.26140947276914517,2.2639623430590134,0.11539322477397462,Medium Variability
gene-Peve_00038815,OG_03628,peve,0.5256078060358658,0.4918236526390882,0.5094018763245837,0.5653001090345777,0.5454539575352217,0.5006127644818359,0.9177910574597118,-0.04484119305338585,False,gene-Peve_00038815,13.775930199565225,13.382033033002507,14.147780301351352,14.1445415000297,-0.3938971665627182,0.37185010178612643,-0.7625084670271924,0.0032388013216522182,0.3938971665627182,0.37185010178612643,Medium Variability
gene-Peve_00038822,OG_11380,peve,0.5955547558729952,0.8972605852550765,1.1536694693182175,1.127366023868219,0.8614603898706071,1.025465027286647,1.1903797775782514,0.16400463741603988,False,gene-Peve_00038822,0.894205746425322,0.7937082079210735,0.8587647617219866,0.8533415472636513,-0.10049753850424847,-0.035440984703335454,-0.05963333934257775,0.005423214458335268,0.10049753850424847,0.035440984703335454,Medium Variability
gene-Peve_00038824,OG_11381,peve,0.4103734982779895,0.47118493666230504,0.9239834459397586,0.674641736708414,0.5425076174932018,0.6975841913010318,1.2858514218185577,0.15507657380783002,False,gene-Peve_00038824,0.35704503666666665,0.5039137946825397,0.8184972514814814,0.5507566050264551,0.14686875801587307,0.4614522148148148,-0.04684281034391535,0.2677406464550264,0.14686875801587307,0.4614522148148148,Medium Variability
gene-Peve_00038834,OG_11379,peve,0.33868016672994294,0.30931499688943237,0.3257981802373037,0.4318435589080896,0.3852618628190163,0.31755658856336805,0.8242616755257345,-0.06770527425564826,False,gene-Peve_00038834,0.6572155293809523,0.4943816463444759,0.6239485371281405,0.715258833396405,-0.1628338830364764,-0.03326699225281182,-0.22087718705192905,-0.09131029626826448,0.1628338830364764,0.03326699225281182,Medium Variability
gene-Peve_00038835,OG_03626,peve,0.5699367242735339,0.6691125294275417,0.4842260435381025,0.6454752454949013,0.6077059848842177,0.5766692864828221,0.9489281014612538,-0.031036698401395557,False,gene-Peve_00038835,1.6666665999999999,0.0,0.0,1.1904761666666668,-1.6666665999999999,-1.6666665999999999,-1.1904761666666668,-1.1904761666666668,1.6666665999999999,1.6666665999999999,Medium Variability
gene-Peve_00038842,OG_08849,peve,1.7972894690735577,0.8561554095499592,1.2433952685892309,1.5947618079213712,1.6960256384974643,1.049775339069595,0.6189619515419633,-0.6462502994278694,False,gene-Peve_00038842,0.369254353338561,0.4334404841174794,0.40129401348414284,0.32226826678310044,0.06418613077891838,0.03203966014558185,0.11117221733437893,0.0790257467010424,0.06418613077891838,0.03203966014558185,Low Variability
gene-Peve_00038937,OG_11870,peve,0.6245416612130628,0.719378442490962,0.5134930779962813,0.7223252426247955,0.6734334519189291,0.6164357602436217,0.9153625476832281,-0.05699769167530744,False,gene-Peve_00038937,0.6184771115151142,0.6921698990207539,0.5950169294101965,0.450414146920758,0.07369278750563968,-0.023460182104917737,0.2417557520999959,0.14460278248943848,0.07369278750563968,0.023460182104917737,Medium Variability
gene-Peve_00039121,OG_13334,peve,0.40353094177221893,0.3081111475096087,0.2708779280226897,0.43609709456170115,0.41981401816696007,0.2894945377661492,0.6895780637106244,-0.13031948040081087,False,gene-Peve_00039121,0.4443392011949349,0.5183629716559658,0.4882798625468165,0.5200029449349027,0.07402377046103087,0.04394066135188157,-0.0016399732789369459,-0.03172308238808624,0.07402377046103087,0.04394066135188157,Medium Variability
gene-Peve_00039185,OG_17961,peve,0.060023800951090694,0.059742019302726775,0.06420772834377542,0.06863136059589231,0.0643275807734915,0.06197487382325109,0.9634261552828375,-0.00235270695024041,False,gene-Peve_00039185,51.36007221849297,51.1328552182224,50.956231300793654,51.204302499711396,-0.22721700027056357,-0.40384091769931274,-0.07144728148899304,-0.2480711989177422,0.22721700027056357,0.40384091769931274,Medium Variability
gene-Peve_00039206,OG_11642,peve,0.3890731543411041,0.5932597388735661,0.6842319025092038,0.3802590983066675,0.3846661263238858,0.638745820691385,1.6605200639724802,0.25407969436749916,True,gene-Peve_00039206,0.549466298947265,0.693021416561721,0.5511503025088548,0.3787000789977699,0.14355511761445605,0.0016840035615898197,0.3143213375639511,0.17245022351108485,0.14355511761445605,0.0016840035615898197,High Variability
gene-Peve_00039446,OG_05210,peve,0.24984107019659765,0.28517599096248225,0.2988740304178094,0.27984311159275543,0.26484209089467653,0.29202501069014586,1.102638216242899,0.02718291979546933,False,gene-Peve_00039446,0.5486843140882419,0.3200017012901527,0.430988901040021,0.5087008770819228,-0.2286826127980892,-0.1176954130482209,-0.1886991757917701,-0.07771197604190178,0.2286826127980892,0.1176954130482209,Medium Variability
gene-Peve_00039513,OG_05498,peve,0.336083458778425,0.36755689883839626,0.43724165453196895,0.42244725921008314,0.37926535899425406,0.4023992766851826,1.060996653510027,0.02313391769092854,False,gene-Peve_00039513,9.601289927692267,8.94933647622655,9.337171729704451,9.48456041595051,-0.651953451465717,-0.2641181979878162,-0.5352239397239593,-0.1473886862460585,0.651953451465717,0.2641181979878162,Medium Variability
gene-Peve_00039581,OG_01630,peve,0.2815600199411166,0.2710870000675267,0.2937937266264177,0.26992259097655247,0.2757413054588346,0.2824403633469722,1.0242947202886066,0.006699057888137627,False,gene-Peve_00039581,8.918400408636161,8.925271001088241,9.083608161942555,9.246623235356223,0.006870592452079549,0.1652077533063938,-0.321352234267982,-0.16301507341366772,0.006870592452079549,0.1652077533063938,Medium Variability
gene-Peve_00039749,OG_12952,peve,1.8519948128484591,1.8096649828016034,1.8425244732875468,1.8564275944927735,1.8542112036706162,1.8260947280445752,0.9848364223178129,-0.028116475626041026,False,gene-Peve_00039749,0.7340042627619048,0.554993511068783,0.4125061629523809,0.9142559667037037,-0.17901075169312175,-0.3214980998095239,-0.35926245563492065,-0.5017498037513228,0.17901075169312175,0.3214980998095239,Medium Variability
gene-Peve_00039839,OG_12050,peve,0.28871739544607233,0.1837599015194982,0.25360386658059664,0.1868470786376179,0.23778223704184512,0.2186818840500474,0.9196729190985093,-0.019100352991797714,False,gene-Peve_00039839,0.5181679921972789,0.4306542003129251,0.6650227668639456,0.6627566486961451,-0.08751379188435382,0.14685477466666663,-0.23210244838322003,0.002266118167800424,0.08751379188435382,0.14685477466666663,Medium Variability
gene-Peve_00039888,OG_07404,peve,0.20849739385775215,0.24527431210617576,0.22138642878175072,0.2302820897724103,0.21938974181508122,0.23333037044396324,1.0635427550693426,0.013940628628882012,False,gene-Peve_00039888,11.87702913958949,11.025909152504104,11.64901311149699,11.703823332066229,-0.8511199870853865,-0.228016028092501,-0.6779141795621246,-0.05481022056923912,0.8511199870853865,0.228016028092501,Medium Variability
gene-Peve_00039971,OG_07958,peve,1.3131345221820907,1.6066933891579975,1.9600878038407248,2.0227835307583373,1.667959026470214,1.7833905964993613,1.0692052791449123,0.11543157002914728,False,gene-Peve_00039971,1.3841251197420636,1.2408544560952381,2.5993302691428575,1.8589208094285714,-0.1432706636468255,1.2152051494007938,-0.6180663533333333,0.7404094597142861,0.1432706636468255,1.2152051494007938,Medium Variability
gene-Peve_00040090,OG_10516,peve,0.5490892064144536,0.5163433519577124,0.32005466655073844,0.40048228935888175,0.47478574788666766,0.41819900925422543,0.8808162652642437,-0.056586738632442235,False,gene-Peve_00040090,0.5936736333333333,0.5033544319258879,0.43267099768756423,0.3293634871217312,-0.09031920140744543,-0.1610026356457691,0.17399094480415672,0.10330751056583304,0.09031920140744543,0.1610026356457691,Medium Variability
gene-Peve_00040315,OG_02219,peve,0.1602686733391006,0.1811857993896648,0.19093009021717736,0.21220090836029487,0.18623479084969774,0.18605794480342108,0.9990504134835935,-0.00017684604627665745,False,gene-Peve_00040315,12.454481468656544,12.676026863800706,13.555086904675639,12.46925357359865,0.22154539514416172,1.1006054360190944,0.20677329020205626,1.085833331076989,0.22154539514416172,1.1006054360190944,Medium Variability
gene-Peve_00040405,OG_02690,peve,0.679876905765703,0.7449287181655873,0.986658053069068,0.73911498509486,0.7094959454302815,0.8657933856173277,1.2202936340844879,0.15629744018704617,False,gene-Peve_00040405,0.46883197000141724,0.537628833840506,0.43884895035579885,0.3458240035933566,0.06879686383908873,-0.02998301964561839,0.1918048302471494,0.09302494676244227,0.06879686383908873,0.02998301964561839,Medium Variability
gene-Peve_00040431,OG_09247,peve,0.0941262247656971,0.09477239404061578,0.07695867795491039,0.0929878487602712,0.09355703676298416,0.08586553599776309,0.9177881105329726,-0.007691500765221071,False,gene-Peve_00040431,0.5450133580778871,0.4968792423992674,0.5090890123610308,0.5561117369449264,-0.04813411567861969,-0.03592434571685632,-0.05923249454565904,-0.04702272458389567,0.04813411567861969,0.03592434571685632,Medium Variability
gene-Peve_00040489,OG_02090,peve,0.315020756029358,0.2865786967729732,0.31217477570886465,0.27255420418017423,0.2937874801047661,0.29937673624091893,1.019024827518721,0.005589256136152854,False,gene-Peve_00040489,3.432372065190342,3.8708734776684826,3.310119466806228,4.289088145231369,0.43850141247814056,-0.12225259838411384,-0.41821466756288617,-0.9789686784251406,0.43850141247814056,0.12225259838411384,Medium Variability
gene-Peve_00040703,OG_08622,peve,0.2019683964194402,0.21949119880250306,0.19709287670206027,0.21161178384503257,0.20679009013223637,0.20829203775228167,1.0072631508554633,0.0015019476200452964,False,gene-Peve_00040703,0.9690460166741337,0.8002662040983957,1.0279850763622205,1.0631415809449138,-0.16877981257573804,0.05893905968808677,-0.2628753768465182,-0.03515650458269337,0.16877981257573804,0.05893905968808677,Medium Variability
gene-Peve_00040879,OG_18057,peve,0.27033858147066503,0.21658677063239193,0.2322590239010768,0.21264553174896098,0.241492056609813,0.22442289726673437,0.9293179263007485,-0.01706915934307862,False,gene-Peve_00040879,0.8502307348611111,0.9246406694246031,0.7170456652579364,0.6649950277579365,0.07440993456349199,-0.13318506960317467,0.2596456416666666,0.05205063749999994,0.07440993456349199,0.13318506960317467,Medium Variability
gene-Peve_00040880,OG_13211,peve,0.33912809480450895,0.4050782346852535,0.37188067064847197,0.329695505481318,0.3344118001429135,0.38847945266686273,1.1616798584883756,0.05406765252394924,False,gene-Peve_00040880,0.6743922052112898,0.4706207792606516,0.628928270240706,0.3331699347039474,-0.20377142595063824,-0.045463934970583875,0.1374508445567042,0.29575833553675857,0.20377142595063824,0.045463934970583875,Medium Variability
gene-Peve_00040882,OG_18058,peve,0.33005656570466924,0.26492768705907616,0.47813471410150565,0.5111554402517439,0.42060600297820655,0.3715312005802909,0.8833235806183716,-0.04907480239791567,False,gene-Peve_00040882,0.5316749031964197,0.521205824473647,0.6304656243464746,0.5179978462554755,-0.010469078722772696,0.09879072115005483,0.0032079782181715366,0.11246777809099906,0.010469078722772696,0.09879072115005483,Medium Variability
gene-Peve_00040986,OG_00355,peve,0.5614135132839635,0.529886194654341,0.5646199382494537,0.5173513452130551,0.5393824292485093,0.5472530664518973,1.0145919421482708,0.007870637203387987,False,gene-Peve_00040986,17.599870470784122,16.447017672330674,16.46288259847288,16.961590182005565,-1.1528527984534485,-1.1369878723112414,-0.5145725096748919,-0.49870758353268485,1.1528527984534485,1.1369878723112414,Medium Variability
gene-Peve_00041033,OG_00246,peve,0.33328987434410695,0.3191388103576413,0.29936410021367904,0.3481603843210008,0.3407251293325539,0.30925145528566017,0.9076273766230643,-0.03147367404689372,False,gene-Peve_00041033,0.5380746157411802,0.6241807767520962,0.5402290749604494,0.602173599649317,0.08610616101091595,0.002154459219269156,0.022007177102779107,-0.061944524688867686,0.08610616101091595,0.002154459219269156,Medium Variability
gene-Peve_00041052,OG_12611,peve,0.2682059477884489,0.30792867023622367,0.27597281253486206,0.25685252584672486,0.2625292368175869,0.2919507413855429,1.1120694400540194,0.029421504567956003,False,gene-Peve_00041052,1.7474004893019115,1.5865732756235826,1.299654899408811,1.0073129443148687,-0.16082721367832886,-0.4477455898931004,0.5792603313087139,0.29234195509394234,0.16082721367832886,0.4477455898931004,Medium Variability
gene-Peve_00041053,OG_12612,peve,0.10409225854066641,0.08620474180498003,0.15301354466968314,0.1527654630167735,0.12842886077871996,0.11960914323733159,0.9313260470589664,-0.00881971754138837,False,gene-Peve_00041053,0.47193067659698024,0.6362976415795587,0.38925686353077815,0.9008798307200928,0.16436696498257847,-0.08267381306620208,-0.2645821891405341,-0.5116229671893147,0.16436696498257847,0.08267381306620208,Medium Variability
gene-Peve_00041095,OG_05713,peve,0.5206982478184328,0.506441636093507,0.500748551430186,0.5079180454172654,0.5143081466178491,0.5035950937618465,0.9791699724640707,-0.010713052856002547,False,gene-Peve_00041095,0.6357153972679094,0.7438418068774395,0.8799139513778298,0.7830818468345043,0.10812640960953013,0.24419855410992042,-0.03924003995706482,0.09683210454332547,0.10812640960953013,0.24419855410992042,Medium Variability
gene-Peve_00041134,OG_05514,peve,0.22584187470207856,0.2189846344260913,0.232985803453485,0.2141613054108861,0.22000159005648234,0.22598521893978815,1.0271981165307469,0.005983628883305808,False,gene-Peve_00041134,12.385246472055934,12.391754881681784,12.068002458492064,13.201089582309145,0.006508409625849865,-0.31724401356387055,-0.8093347006273603,-1.1330871238170808,0.006508409625849865,0.31724401356387055,Medium Variability
gene-Peve_00041156,OG_18078,peve,0.2187219164048718,0.18495879865853432,0.2197967369535959,0.27690749085722893,0.24781470363105035,0.2023777678060651,0.8166495564660589,-0.04543693582498526,False,gene-Peve_00041156,0.561068160956079,0.5838008865221597,0.5889761259131251,0.5263249286567674,0.022732725566080636,0.02790796495704606,0.05747595786539228,0.0626511972563577,0.022732725566080636,0.02790796495704606,Medium Variability
gene-Peve_00041449,OG_04560,peve,0.052606362622677816,0.05243949430713271,0.05750104590333895,0.06601577173483816,0.05931106717875799,0.054970270105235836,0.9268130337220304,-0.004340797073522154,False,gene-Peve_00041449,22.29692512136735,21.499219410861865,22.53607954846681,22.1638493551396,-0.7977057105054861,0.23915442709945722,-0.6646299442777348,0.3722301933272085,0.7977057105054861,0.23915442709945722,Medium Variability
gene-Peve_00041522,OG_12242,peve,0.25547696912251455,0.20934344472643537,0.18227950576592716,0.2670703661986571,0.2612736676605858,0.19581147524618125,0.7494497130133877,-0.06546219241440454,False,gene-Peve_00041522,3.622866145820449,3.2281143676535766,3.8493918410327765,4.112992082632447,-0.39475177816687257,0.22652569521232735,-0.8848777149788702,-0.2636002415996703,0.39475177816687257,0.22652569521232735,Medium Variability
gene-Peve_00041591,OG_12646,peve,0.7332909060297547,0.4604317321802221,1.2569305809590086,0.8271232938713343,0.7802070999505445,0.8586811565696153,1.100581059341866,0.07847405661907081,False,gene-Peve_00041591,0.29715141625344355,0.33050685677882724,0.4512218673652106,0.5003065466942149,0.033355440525383695,0.15407045111176704,-0.16979968991538769,-0.049084679329004344,0.033355440525383695,0.15407045111176704,Medium Variability
gene-Peve_00041687,OG_13091,peve,0.9343608346560134,0.7911547645548314,0.867718407842492,0.820879690640188,0.8776202626481007,0.8294365861986617,0.9450973518956237,-0.048183676449438995,False,gene-Peve_00041687,35.089355,45.443322144444444,32.77668500555556,37.11554737777778,10.353967144444447,-2.312669994444441,8.327774766666664,-4.3388623722222235,10.353967144444447,2.312669994444441,Medium Variability
gene-Peve_00041700,OG_08878,peve,0.26994572634648273,0.3211160121144394,0.2601859722208926,0.27181285440501657,0.27087929037574965,0.290650992167666,1.0729908209833614,0.01977170179191634,False,gene-Peve_00041700,1.134096588705407,1.204034030424611,1.235085786997541,1.1280289811120692,0.06993744171920402,0.10098919829213382,0.07600504931254193,0.10705680588547173,0.06993744171920402,0.10098919829213382,Medium Variability
gene-Peve_00041906,OG_18118,peve,0.2653326635670275,0.26751216320443905,0.22017525204116756,0.29998914960570994,0.2826609065863687,0.2438437076228033,0.8626722052499163,-0.03881719896356542,False,gene-Peve_00041906,1.1471051829666243,1.1479664001784828,1.1428300008025085,1.0638822401515555,0.0008612172118585004,-0.0042751821641158205,0.08408416002692731,0.07894776065095299,0.0008612172118585004,0.0042751821641158205,Medium Variability
gene-Peve_00041953,OG_13566,peve,,1.4142135623730951,1.414213562373095,0.10534073402035753,,1.414213562373095,,,False,gene-Peve_00041953,51.28571420000001,55.0,56.9035595,33.734668166666665,3.714285799999992,5.617845299999992,21.265331833333335,23.168891333333335,3.714285799999992,5.617845299999992,Medium Variability
gene-Peve_00041996,OG_03291,peve,0.17245682075213628,0.17644790231202545,0.1956853833849264,0.188750208912909,0.18060351483252263,0.1860666428484759,1.0302492895612765,0.005463128015953278,False,gene-Peve_00041996,0.6944353437961953,1.128145712386405,0.932085955773658,0.6174701482400339,0.4337103685902096,0.23765061197746273,0.510675564146371,0.31461580753362417,0.4337103685902096,0.23765061197746273,Medium Variability
gene-Peve_00042384,OG_03268,peve,0.4889973058430431,0.495206368268948,0.5202672056515117,0.6247537945396695,0.5568755501913563,0.5077367869602298,0.9117598838479422,-0.049138763231126426,False,gene-Peve_00042384,1.1118159073951344,1.23475933858752,0.7285419690271642,1.0967772468281243,0.1229434311923856,-0.3832739383679702,0.1379820917593957,-0.3682352778009601,0.1229434311923856,0.3832739383679702,Medium Variability
gene-Peve_00042385,OG_03270,peve,0.6322488668120884,0.6494596425433654,0.65728634816992,0.6571797887510172,0.6447143277815528,0.6533729953566427,1.0134302391027732,0.008658667575089929,False,gene-Peve_00042385,0.8408091950917138,0.9144155150550838,0.8310264565434565,0.775740970319264,0.07360631996336997,-0.009782738548257286,0.13867454473581975,0.05528548622419249,0.07360631996336997,0.009782738548257286,Medium Variability
gene-Peve_00042391,OG_03269,peve,0.8698986391511704,0.9192662640949657,0.983906839253908,0.9300095689734648,0.8999541040623176,0.9515865516744368,1.0573723119646377,0.05163244761211927,False,gene-Peve_00042391,0.9508057629111112,0.9362055714900793,0.8354832080678571,0.877898924509127,-0.01460019142103186,-0.11532255484325404,0.05830664698095234,-0.042415716441269846,0.01460019142103186,0.11532255484325404,Medium Variability
gene-Peve_00042404,OG_07150,peve,0.26021877012266953,0.3231222771661207,0.362521102515216,0.3720249575927964,0.316121863857733,0.34282168984066835,1.0844605484008891,0.026699825982935355,False,gene-Peve_00042404,1.1784354140002784,1.1477894950837744,1.1404894691880163,1.1483785136359417,-0.030645918916504034,-0.0379459448122621,-0.0005890185521673086,-0.007889044447925375,0.030645918916504034,0.0379459448122621,Medium Variability
gene-Peve_00042745,OG_04165,peve,0.14775187873951998,0.14276284397861067,0.17193358461631822,0.16039630711105038,0.15407409292528518,0.15734821429746443,1.021250304382885,0.0032741213721792506,False,gene-Peve_00042745,12.39193328357343,12.057952040056023,12.25933677630719,12.544872753884889,-0.33398124351740677,-0.13259650726623917,-0.4869207138288658,-0.2855359775776982,0.33398124351740677,0.13259650726623917,Medium Variability
gene-Peve_00043033,OG_04698,peve,0.3949146920677613,0.39969970454257403,0.3902095953566924,0.3686565870003935,0.3817856395340774,0.39495464994963325,1.034493205222771,0.013169010415555849,False,gene-Peve_00043033,0.8971895260041752,1.0976101494380142,1.1157359879197277,0.9976447631161584,0.20042062343383893,0.2185464619155525,0.09996538632185581,0.11809122480356937,0.20042062343383893,0.2185464619155525,Medium Variability
gene-Peve_00043034,OG_18179,peve,0.4924692530396498,0.4752509283936332,0.4717069752451294,0.45954869411783644,0.4760089735787431,0.47347895181938127,0.9946849284366626,-0.0025300217593618446,False,gene-Peve_00043034,1.335123245608387,1.696284664305172,1.552460246953348,1.3778083087956086,0.3611614186967851,0.21733700134496092,0.31847635550956355,0.17465193815773938,0.3611614186967851,0.21733700134496092,Medium Variability
gene-Peve_00043039,OG_13451,peve,0.18972923107288286,0.21174931625757107,0.2148756482058847,0.22840871883478425,0.20906897495383356,0.21331248223172788,1.020297164028433,0.004243507277894326,False,gene-Peve_00043039,1.0518014482779554,1.0404305343577567,0.9687368893312032,1.023004587568973,-0.011370913920198733,-0.08306455894675224,0.01742594678878362,-0.05426769823776989,0.011370913920198733,0.08306455894675224,Medium Variability
gene-Peve_00043040,OG_10055,peve,0.2940396256770217,0.27466788796027514,0.3337803493360316,0.3482716167886999,0.3211556212328608,0.30422411864815335,0.947279445025093,-0.016931502584707436,False,gene-Peve_00043040,0.722259008626113,0.6574728206700058,0.8071862078227835,0.7206513727497097,-0.06478618795610724,0.08492719919667047,-0.06317855207970391,0.0865348350730738,0.06478618795610724,0.08492719919667047,Medium Variability
gene-Peve_00043673,OG_06908,peve,0.977300436670312,0.7420597829442869,0.6679252868688644,1.148242740816698,1.062771588743505,0.7049925349065757,0.6633528242320396,-0.3577790538369293,False,gene-Peve_00043673,0.8525555932663691,0.5842935184275794,0.8175691593998016,0.4391321236731151,-0.2682620748387897,-0.03498643386656752,0.14516139475446427,0.37843703572668647,0.2682620748387897,0.03498643386656752,Low Variability
gene-Peve_00043691,OG_18223,peve,0.312404956177538,0.3121575992010473,0.36260022900133493,0.2434886850384629,0.27794682060800047,0.33737891410119114,1.2138254122252046,0.059432093493190674,False,gene-Peve_00043691,9.533076183023883,10.612607930715741,8.703724012337993,9.401326369735694,1.079531747691858,-0.8293521706858904,1.2112815609800478,-0.6976023573977006,1.079531747691858,0.8293521706858904,Medium Variability
gene-Peve_00043693,OG_18224,peve,0.9531467833036511,0.339912119883456,0.8162374567592982,0.9212652928238994,0.9372060380637752,0.578074788321377,0.6168065130221024,-0.3591312497423982,False,gene-Peve_00043693,0.26023543276137273,0.31770581344329163,0.37293399287044426,0.4347955577591558,0.0574703806819189,0.11269856010907153,-0.11708974431586416,-0.06186156488871153,0.0574703806819189,0.11269856010907153,Low Variability
gene-Peve_00043713,OG_18229,peve,0.5354797429933001,0.5545089996168382,0.3125809514219108,0.47008629876636737,0.5027830208798337,0.4335449755193745,0.8622904066265052,-0.06923804536045924,False,gene-Peve_00043713,0.43762807845744683,0.5508833295212766,0.3359825330167173,0.5367466235646741,0.11325525106382978,-0.10164554544072951,0.014136705956602547,-0.20076409054795674,0.11325525106382978,0.10164554544072951,Medium Variability
gene-Peve_00043735,OG_10681,peve,0.16505840690068216,0.17504791805358574,0.34192266370447433,0.2549155051029519,0.20998695600181705,0.25848529087903005,1.2309587976349985,0.048498334877213,False,gene-Peve_00043735,0.3792212475638904,0.4151694122295765,0.42920088726021943,0.44059010990531344,0.035948164665686066,0.049979639696329015,-0.02542069767573696,-0.01138922264509401,0.035948164665686066,0.049979639696329015,Medium Variability
gene-Peve_00043845,OG_12046,peve,0.8204432014834184,0.8385118008298211,0.7927127778054404,0.7259067521036664,0.7731749767935424,0.8156122893176307,1.0548870744628613,0.04243731252408833,False,gene-Peve_00043845,1.988005443880128,2.049051817632962,2.184764682048375,2.051155238531574,0.06104637375283417,0.19675923816824703,-0.0021034208986119296,0.13360944351680093,0.06104637375283417,0.19675923816824703,Medium Variability
gene-Peve_00043963,OG_09106,peve,0.1662989015130515,0.17850806525601007,0.2291191131948254,0.16212336193562038,0.16421113172433593,0.20381358922541773,1.2411679225715533,0.039602457501081795,False,gene-Peve_00043963,3.767865217742121,3.974432539001994,4.099153072406257,3.8176716635994175,0.2065673212598731,0.33128785466413646,0.15676087540257644,0.2814814088068398,0.2065673212598731,0.33128785466413646,Medium Variability
gene-Peve_00044033,OG_10355,peve,0.5101711759916636,0.2998581658579072,0.4851829745408238,0.905398383084267,0.7077847795379653,0.3925205701993655,0.5545761671444799,-0.3152642093385998,False,gene-Peve_00044033,0.6071184836016272,0.724830719683286,0.6897841406553217,0.8298188645817784,0.11771223608165882,0.08266565705369444,-0.1049881448984924,-0.14003472392645677,0.11771223608165882,0.08266565705369444,Low Variability
gene-Peve_00044110,OG_12878,peve,0.4694996148534832,0.5272823877965742,0.5279755248324658,0.5308231880249883,0.5001614014392357,0.52762895631452,1.0549173822614966,0.027467554875284295,False,gene-Peve_00044110,0.8090589147854704,0.7700191861517417,0.4056916418359608,0.592784210987865,-0.03903972863372873,-0.40336727294950964,0.17723497516387665,-0.18709256915190425,0.03903972863372873,0.40336727294950964,Medium Variability
gene-Peve_00044114,OG_12880,peve,0.41104228540283855,0.433142265998861,0.41450669042313204,0.43807638203510857,0.4245593337189736,0.42382447821099656,0.9982691335471535,-0.000734855507977028,False,gene-Peve_00044114,0.665188179340829,0.5351856035714285,0.5194733600440917,0.5718026775705467,-0.13000257576940044,-0.14571481929673724,-0.03661707399911818,-0.05232931752645498,0.13000257576940044,0.14571481929673724,Medium Variability
gene-Peve_00044240,OG_18262,peve,0.4714045207910317,0.26676629733212764,0.13383882313687945,0.3200285891067085,0.3957165549488701,0.20030256023450355,0.5061768524199962,-0.19541399471436655,False,gene-Peve_00044240,0.2793243072954823,0.22200653766788767,0.4998614675010175,0.6867478072903948,-0.057317769627594634,0.2205371602055352,-0.46474126962250706,-0.18688633978937724,0.057317769627594634,0.2205371602055352,Low Variability
gene-Peve_00044241,OG_18263,peve,0.7139924152483669,1.3644701617978934,1.808571394303544,1.290681791190087,1.002337103219227,1.5865207780507187,1.582821560685778,0.5841836748314917,True,gene-Peve_00044241,0.7324777161517164,0.5807298429731521,0.562992487514271,0.6490598960842264,-0.1517478731785643,-0.16948522863744542,-0.06833005311107432,-0.08606740856995543,0.1517478731785643,0.16948522863744542,High Variability
gene-Peve_00044262,OG_00752,peve,0.30326260239402325,0.3080440345888309,0.28880051981717125,0.2884955393767349,0.29587907088537907,0.2984222772030011,1.0085954248470896,0.0025432063176220043,False,gene-Peve_00044262,0.4503108204584617,0.5655359849462099,0.5351208229589479,0.44687762198709696,0.11522516448774822,0.0848100025004862,0.11865836295911297,0.08824320097185095,0.11522516448774822,0.0848100025004862,Medium Variability
gene-Peve_00044275,OG_13031,peve,1.7320508075688774,,,1.7320508075688774,1.7320508075688774,,,,False,gene-Peve_00044275,11.323919566269842,16.299691129629633,14.522055486265433,17.377426750771605,4.975771563359791,3.1981359199955914,-1.0777356211419722,-2.8553712645061715,4.975771563359791,3.1981359199955914,Medium Variability
gene-Peve_00044332,OG_11812,peve,0.3708493089657487,0.403949276573341,0.4073509054629848,0.39103019569172903,0.3809397523287389,0.4056500910181629,1.0648667894026973,0.024710338689424016,False,gene-Peve_00044332,0.5934628658459156,0.7443002747619047,0.5276850670605884,0.6418988967605498,0.15083740891598918,-0.06577779878532719,0.10240137800135496,-0.11421382969996141,0.15083740891598918,0.06577779878532719,Medium Variability
gene-Peve_00044337,OG_04756,peve,0.9628753934219312,0.9610732172998467,1.0687152013021093,0.9360728319195651,0.9494741126707482,1.014894209300978,1.068901401056856,0.06542009663022985,False,gene-Peve_00044337,0.5606101800063654,0.4714452650631128,0.5920493742916735,0.5275092708942792,-0.08916491494325263,0.03143919428530806,-0.05606400583116644,0.06454010339739424,0.08916491494325263,0.03143919428530806,Medium Variability
gene-Peve_00044380,OG_03451,peve,0.33469619554421276,0.3469038968478217,0.3634609507574753,0.3702775405920061,0.35248686806810947,0.35518242380264853,1.0076472515112767,0.002695555734539057,False,gene-Peve_00044380,40.3944422703621,39.460485367859214,40.471669546447174,41.380930138698744,-0.9339569025028851,0.0772272760850754,-1.9204447708395307,-0.9092605922515702,0.9339569025028851,0.0772272760850754,Medium Variability
gene-Peve_00044432,OG_10818,peve,0.5865320730574763,0.6915305194636577,0.5432027986042726,0.7730444792032394,0.6797882761303579,0.6173666590339651,0.9081749137367844,-0.06242161709639271,False,gene-Peve_00044432,0.6893846087283982,0.5519500257528063,0.5884844597343699,0.6414160504401347,-0.13743458297559197,-0.10090014899402833,-0.08946602468732845,-0.05293159070576481,0.13743458297559197,0.10090014899402833,Medium Variability
gene-Peve_00044434,OG_18275,peve,0.26348784227547734,0.2623355030626589,0.19943128833866158,0.2596929574350917,0.26159039985528454,0.23088339570066024,0.8826141778459308,-0.030707004154624296,False,gene-Peve_00044434,1.1785353495421762,1.2104477950483965,1.2698137160429404,1.2293412566059363,0.0319124455062203,0.09127836650076415,-0.018893461557539792,0.04047245943700406,0.0319124455062203,0.09127836650076415,Medium Variability
gene-Peve_00044540,OG_10759,peve,0.5068012402980674,0.5253123227934614,0.5178978164765167,0.5316698147242916,0.5192355275111795,0.521605069634989,1.0045635207882775,0.002369542123809465,False,gene-Peve_00044540,9.105772120846785,9.115721389173057,9.295577364131018,8.937079331323984,0.009949268326272076,0.18980524328423343,0.17864205784907305,0.3584980328070344,0.009949268326272076,0.18980524328423343,Medium Variability
gene-Peve_00044637,OG_18285,peve,0.26900043885870595,0.2660001537191874,0.17856930417980085,0.3685049736758277,0.3187527062672668,0.22228472894949414,0.6973579347844454,-0.09646797731777268,False,gene-Peve_00044637,0.726080964499655,0.8772503124672189,0.8061938635731539,0.7927444984920634,0.15116934796756387,0.08011289907349894,0.08450581397515544,0.013449365081090514,0.15116934796756387,0.08011289907349894,Medium Variability
gene-Peve_00044642,OG_13484,peve,0.14524662172181524,0.1382078532012959,0.12141462351389358,0.13065591263916962,0.13795126718049244,0.12981123835759473,0.9409934465317562,-0.008140028822897716,False,gene-Peve_00044642,0.0,0.0,0.0,0.0,0.0,0.0,0.0,0.0,0.0,0.0,Medium Variability
gene-Peve_00044664,OG_05950,peve,0.6460703996122931,0.7751694777335434,0.5796479080649916,0.6893400819572466,0.6677052407847699,0.6774086928992675,1.0145325384942208,0.009703452114497635,False,gene-Peve_00044664,0.3879452448540706,0.4835616553059396,0.5569140113671275,0.6139483348310292,0.09561641045186897,0.16896876651305687,-0.1303866795250896,-0.05703432346390169,0.09561641045186897,0.16896876651305687,Medium Variability
gene-Peve_00044933,OG_00807,peve,0.1628732239731743,0.17636093405362507,0.1758388991764442,0.17614893381227859,0.16951107889272643,0.17609991661503466,1.038869658345328,0.006588837722308227,False,gene-Peve_00044933,20.93125764982804,21.30130876133892,21.482486472211935,21.22284904339212,0.3700511115108789,0.5512288223838944,0.0784597179467994,0.2596374288198149,0.3700511115108789,0.5512288223838944,Medium Variability
gene-Peve_00045068,OG_12107,peve,0.5480048639612666,0.4492842839826696,0.4079034929684737,0.6183890573186455,0.5831969606399561,0.42859388847557167,0.7349041874382631,-0.1546030721643844,False,gene-Peve_00045068,0.6967518366683857,0.7457215144623994,0.7734094960919145,0.716390171888908,0.04896967779401373,0.07665765942352876,0.02933134257349146,0.05701932420300648,0.04896967779401373,0.07665765942352876,Medium Variability
gene-Peve_00045329,OG_18325,peve,0.8687461970734424,0.8365054933439313,0.9063061018106292,0.8981228845316863,0.8834345408025643,0.8714057975772802,0.9863841148724426,-0.012028743225284133,False,gene-Peve_00045329,63.036356878209624,60.10562312829131,60.86068357181372,64.09557869631186,-2.9307337499183106,-2.1756733063959004,-3.989955568020548,-3.234895124498138,2.9307337499183106,2.1756733063959004,Medium Variability
gene-Pocillopora_meandrina_HIv1___RNAseq.11571_t,OG_16159,ptua,0.1711788904344834,0.14266610451622824,0.18032022458833538,0.16647855587093022,0.1688287231527068,0.1614931645522818,0.9565502927260194,-0.007335558600425007,False,gene-Pocillopora_meandrina_HIv1___RNAseq.11571_t,0.279135140018315,0.2631395175976801,0.5181331786263736,0.35671791465201463,-0.015995622420634903,0.23899803860805863,-0.09357839705433452,0.161415263974359,0.015995622420634903,0.23899803860805863,Medium Variability
gene-Pocillopora_meandrina_HIv1___RNAseq.17828_t,OG_15137,ptua,0.07019028632641836,0.09758689674838435,0.0729083691818473,0.09453693422738389,0.08236361027690112,0.08524763296511582,1.0350157390930146,0.0028840226882147074,False,gene-Pocillopora_meandrina_HIv1___RNAseq.17828_t,5.37262484025015,4.890353922732068,5.595495108800482,5.886045913954189,-0.4822709175180826,0.22287026855033165,-0.9956919912221212,-0.2905508051537069,0.4822709175180826,0.22287026855033165,Medium Variability
gene-Pocillopora_meandrina_HIv1___RNAseq.2731_t,OG_15920,ptua,0.40170332885972515,0.4250231955123042,0.7349732010976948,0.5542339286880666,0.4779686287738959,0.5799981983049995,1.2134649920285228,0.10202956953110365,False,gene-Pocillopora_meandrina_HIv1___RNAseq.2731_t,42.2919004385873,45.637762252777776,41.5289689312381,47.589736233714284,3.345861814190478,-0.7629315073492009,-1.9519739809365078,-6.060767302476187,3.345861814190478,0.7629315073492009,Medium Variability
gene-Pocillopora_meandrina_HIv1___RNAseq.27597_t,OG_17533,ptua,0.19819376477690429,0.16378822103814777,0.18018422703439657,0.22715924565773007,0.21267650521731718,0.17198622403627217,0.8086752406455671,-0.04069028118104501,False,gene-Pocillopora_meandrina_HIv1___RNAseq.27597_t,0.3963136216931217,0.35114472175925926,0.47457206768707483,0.3948541082426304,-0.045168899933862416,0.07825844599395315,-0.04370938648337114,0.07971795944444443,0.045168899933862416,0.07825844599395315,Medium Variability
gene-Pocillopora_meandrina_HIv1___RNAseq.30927_t,OG_16862,ptua,0.25616917658657723,0.2845165737366393,0.25309117818182164,0.308471007240191,0.28232009191338414,0.2688038759592305,0.9521244986052908,-0.013516215954153643,False,gene-Pocillopora_meandrina_HIv1___RNAseq.30927_t,0.6595028885765488,0.6747701405401946,0.5344957092626728,0.5660990306605224,0.015267251963645756,-0.12500717931387606,0.10867110987967221,-0.031603321397849604,0.015267251963645756,0.12500717931387606,Medium Variability
gene-Pocillopora_meandrina_HIv1___RNAseq.3492_t,OG_01611,ptua,0.14215085000770725,0.12914870015315796,0.24467180416282247,0.1595223285735413,0.15083658929062427,0.18691025215799023,1.2391572431929037,0.03607366286736596,False,gene-Pocillopora_meandrina_HIv1___RNAseq.3492_t,0.5019754151330581,0.41159015039934227,0.3830050695862277,0.5089952240008054,-0.09038526473371583,-0.11897034554683039,-0.09740507360146317,-0.12599015441457773,0.09038526473371583,0.11897034554683039,Medium Variability
gene-Pocillopora_meandrina_HIv1___RNAseq.7251_t,OG_15759,ptua,0.30100186151391056,0.28685896911408504,0.2671176142697418,0.2880918309930047,0.2945468462534576,0.2769882916919134,0.9403879050654134,-0.017558554561544204,False,gene-Pocillopora_meandrina_HIv1___RNAseq.7251_t,0.43719553442205944,0.4883612379070004,0.38117929450549454,0.49011267024420024,0.05116570348494098,-0.0560162399165649,-0.0017514323371998208,-0.1089333757387057,0.05116570348494098,0.0560162399165649,Medium Variability
gene-Pocillopora_meandrina_HIv1___RNAseq.g10045.t1,OG_04209,ptua,0.30681396750415185,0.3193916274793946,0.2874905391178916,0.2808099803749853,0.2938119739395686,0.30344108329864306,1.0327730324600555,0.009629109359074461,False,gene-Pocillopora_meandrina_HIv1___RNAseq.g10045.t1,2.6561504583700764,2.415396273325565,2.540636898324515,2.456124666622575,-0.24075418504451118,-0.11551356004556146,-0.040728393297009724,0.08451223170194,0.24075418504451118,0.11551356004556146,Medium Variability
gene-Pocillopora_meandrina_HIv1___RNAseq.g1036.t1,OG_09003,ptua,0.2896382983215779,0.3391272260465163,0.35654256424813746,0.426330324469328,0.35798431139545295,0.3478348951473269,0.9716484328361689,-0.010149416248126042,False,gene-Pocillopora_meandrina_HIv1___RNAseq.g1036.t1,0.5086830165321381,0.50153892298748,0.6531202253914172,0.49374633967307535,-0.007144093544658059,0.14443720885927913,0.0077925833144046885,0.15937388571834188,0.007144093544658059,0.14443720885927913,Medium Variability
gene-Pocillopora_meandrina_HIv1___RNAseq.g10480.t1,OG_14792,ptua,0.13822352266677884,0.14420587542360402,0.15784113567207847,0.16018036541153177,0.14920194403915532,0.15102350554784125,1.0122086982204996,0.001821561508685926,False,gene-Pocillopora_meandrina_HIv1___RNAseq.g10480.t1,1.8332450846121766,1.7436135284277903,2.0891995321299497,1.551017496695659,-0.08963155618438634,0.2559544475177731,0.19259603173213136,0.5381820354342908,0.08963155618438634,0.2559544475177731,Medium Variability
gene-Pocillopora_meandrina_HIv1___RNAseq.g10481.t2,OG_14793,ptua,0.9598818055574516,1.245162002612935,1.188719381328445,1.0361602134273478,0.9980210094923997,1.21694069197069,1.219353781529744,0.2189196824782903,True,gene-Pocillopora_meandrina_HIv1___RNAseq.g10481.t2,0.40240972003686415,0.4379843442539232,0.5267916560448231,0.45826716035579,0.03557462421705904,0.124381936007959,-0.02028281610186683,0.06852449568903313,0.03557462421705904,0.124381936007959,Medium Variability
gene-Pocillopora_meandrina_HIv1___RNAseq.g10495.t1,OG_05874,ptua,0.08994718199223206,0.09525865099048443,0.09709532537706869,0.11941224848263488,0.10467971523743347,0.09617698818377657,0.9187738805520143,-0.0085027270536569,False,gene-Pocillopora_meandrina_HIv1___RNAseq.g10495.t1,6.458583082409036,5.584100226943427,6.461777456454212,6.749422282979244,-0.874482855465609,0.003194374045175863,-1.1653220560358166,-0.28764482652503176,0.874482855465609,0.003194374045175863,Medium Variability
gene-Pocillopora_meandrina_HIv1___RNAseq.g10496.t1,OG_05875,ptua,0.12951009711992947,0.12473380837088649,0.12658441242072802,0.15281659071311376,0.14116334391652163,0.12565911039580724,0.8901681336630636,-0.015504233520714394,False,gene-Pocillopora_meandrina_HIv1___RNAseq.g10496.t1,5.990948290705871,5.231956201702521,6.286505407133761,6.101031470507572,-0.7589920890033506,0.29555711642789007,-0.8690752688050516,0.18547393662618905,0.7589920890033506,0.29555711642789007,Medium Variability
gene-Pocillopora_meandrina_HIv1___RNAseq.g10617.t1,OG_08331,ptua,0.6535540317895321,0.7241165804796937,0.8157583881418593,0.8415888234557065,0.7475714276226193,0.7699374843107765,1.0299182872187669,0.022366056688157165,False,gene-Pocillopora_meandrina_HIv1___RNAseq.g10617.t1,0.42426428176484854,0.43657101079540706,0.5164436723669025,0.4346281796138793,0.012306729030558516,0.09217939060205393,0.001942831181527771,0.08181549275302319,0.012306729030558516,0.09217939060205393,Medium Variability
gene-Pocillopora_meandrina_HIv1___RNAseq.g10676.t2,OG_16380,ptua,0.18487338329285005,0.2396531130928327,0.2454997085755739,0.24998117528216224,0.21742727928750616,0.24257641083420328,1.1156668640159093,0.025149131546697123,False,gene-Pocillopora_meandrina_HIv1___RNAseq.g10676.t2,0.5099752323373794,0.47283918977677486,0.5220906368502957,0.5987883587301587,-0.03713604256060454,0.012115404512916261,-0.12594916895338382,-0.07669772187986301,0.03713604256060454,0.012115404512916261,Medium Variability
gene-Pocillopora_meandrina_HIv1___RNAseq.g1090.t1,OG_08920,ptua,0.20554761549747524,0.18559250849463158,0.21505312859999373,0.18160148769401038,0.19357455159574283,0.20032281854731265,1.034861333248302,0.006748266951569826,False,gene-Pocillopora_meandrina_HIv1___RNAseq.g1090.t1,7.309404312652625,7.357510948124407,7.195701355291005,7.382583497008547,0.04810663547178162,-0.11370295736162017,-0.025072548884139678,-0.18688214171754147,0.04810663547178162,0.11370295736162017,Medium Variability
gene-Pocillopora_meandrina_HIv1___RNAseq.g1098.t1b,OG_08914,ptua,1.442980195526017,1.5703175495705592,1.7455654739493793,2.1657012546632775,1.8043407250946473,1.6579415117599692,0.9188627672708553,-0.1463992133346781,False,gene-Pocillopora_meandrina_HIv1___RNAseq.g1098.t1b,0.4938181474734562,0.4961137995898583,0.5578700728720571,0.5331702763662513,0.0022956521164020915,0.06405192539860094,-0.037056476776392955,0.024699796505805893,0.0022956521164020915,0.06405192539860094,Medium Variability
gene-Pocillopora_meandrina_HIv1___RNAseq.g10998.t1,OG_08497,ptua,0.23791126961201448,0.2361962410316873,0.22897119464155008,0.24320113378195743,0.24055620169698594,0.2325837178366187,0.9668581237809462,-0.007972483860367252,False,gene-Pocillopora_meandrina_HIv1___RNAseq.g10998.t1,4.389435241216627,4.3847307948519125,4.45338608155446,4.316169663747491,-0.004704446364714343,0.06395084033783327,0.06856113110442141,0.13721641780696903,0.004704446364714343,0.06395084033783327,Medium Variability
gene-Pocillopora_meandrina_HIv1___RNAseq.g11082.t1,OG_08432,ptua,0.7689778756077142,0.662064053648307,0.7346940199911809,0.6465537326742059,0.70776580414096,0.698379036819744,0.9867374670176259,-0.009386767321216016,False,gene-Pocillopora_meandrina_HIv1___RNAseq.g11082.t1,34.03277007753876,34.095383384909034,33.1290584096352,33.23608791597048,0.06261330737027748,-0.9037116679035577,0.859295468938555,-0.10702950633528019,0.06261330737027748,0.9037116679035577,Medium Variability
gene-Pocillopora_meandrina_HIv1___RNAseq.g11141.t1,OG_10274,ptua,0.757327723439293,0.6820848394960181,0.7743809613203345,0.5780490277839528,0.667688375611623,0.7282329004081762,1.0906778176886673,0.060544524796553256,False,gene-Pocillopora_meandrina_HIv1___RNAseq.g11141.t1,33.50866756934524,28.63240161892361,29.938097275,22.29730626860119,-4.876265950421633,-3.5705702943452415,6.335095350322419,7.6407910063988105,4.876265950421633,3.5705702943452415,Medium Variability
gene-Pocillopora_meandrina_HIv1___RNAseq.g11234.t1,OG_16844,ptua,0.9550026191557764,1.0224011109195832,0.8808970352554065,0.9674245436246179,0.9612135813901972,0.9516490730874949,0.9900495493531529,-0.00956450830270228,False,gene-Pocillopora_meandrina_HIv1___RNAseq.g11234.t1,0.47107085109640123,0.4849281651785714,0.4988252630541872,0.623872857707307,0.013857314082170169,0.02775441195778594,-0.13894469252873565,-0.12504759465311988,0.013857314082170169,0.02775441195778594,Medium Variability
gene-Pocillopora_meandrina_HIv1___RNAseq.g11511.t1,OG_09806,ptua,0.5780359864960474,0.5415660728326653,0.6258681959781864,0.7345277560984161,0.6562818712972318,0.5837171344054259,0.8894305327246482,-0.07256473689180587,False,gene-Pocillopora_meandrina_HIv1___RNAseq.g11511.t1,2.3510961733955384,1.8252558451458603,2.109782618858859,2.0010923516688117,-0.5258403282496782,-0.24131355453667958,-0.17583650652295146,0.10869026719004715,0.5258403282496782,0.24131355453667958,Medium Variability
gene-Pocillopora_meandrina_HIv1___RNAseq.g11690.t1,OG_00807,ptua,0.13788058386102975,0.10284564852548508,0.08883600704038855,0.11436714595623934,0.12612386490863453,0.09584082778293682,0.7598944724090475,-0.030283037125697715,False,gene-Pocillopora_meandrina_HIv1___RNAseq.g11690.t1,45.78034789197531,45.77393239228395,45.10050958063492,45.250143411058204,-0.00641549969135724,-0.6798383113403901,0.5237889812257492,-0.1496338304232836,0.00641549969135724,0.6798383113403901,Medium Variability
gene-Pocillopora_meandrina_HIv1___RNAseq.g11929.t1,OG_08083,ptua,0.4593617303914274,0.5316665024672846,0.5555455097126251,0.5722396178465847,0.5158006741190061,0.5436060060899548,1.05390712607819,0.0278053319709487,False,gene-Pocillopora_meandrina_HIv1___RNAseq.g11929.t1,1.2586954609566376,1.225792692482287,1.2635061830346845,1.1721299894463668,-0.032902768474350585,0.004810722078046892,0.053662703035920245,0.09137619358831772,0.032902768474350585,0.004810722078046892,Medium Variability
gene-Pocillopora_meandrina_HIv1___RNAseq.g11959.t1,OG_08096,ptua,0.24663338974320945,0.27369173359770343,0.3488292340867426,0.33608566489311853,0.291359527318164,0.31126048384222305,1.0683037781782478,0.019900956524059044,False,gene-Pocillopora_meandrina_HIv1___RNAseq.g11959.t1,0.7019204670523139,0.7185906048317684,0.761084862850436,0.8357532703554662,0.016670137779454475,0.05916439579812205,-0.1171626655236978,-0.07466840750503023,0.016670137779454475,0.05916439579812205,Medium Variability
gene-Pocillopora_meandrina_HIv1___RNAseq.g12033.t1,OG_15208,ptua,0.4259405750670363,0.4233998842630193,0.44757021323811796,0.3981207373789443,0.4120306562229903,0.4354850487505686,1.0569239015916447,0.023454392527578305,False,gene-Pocillopora_meandrina_HIv1___RNAseq.g12033.t1,0.47092047214140237,0.45155763699366375,0.41350956337891576,0.42734848525846186,-0.019362835147738622,-0.05741090876248661,0.024209151735201884,-0.013838921879546107,0.019362835147738622,0.05741090876248661,Medium Variability
gene-Pocillopora_meandrina_HIv1___RNAseq.g12035.t1,OG_08144,ptua,0.49743096540822346,0.4814919621931063,0.4979039062876262,0.5866069214027296,0.5420189434054765,0.48969793424036623,0.9034701465665016,-0.05232100916511029,False,gene-Pocillopora_meandrina_HIv1___RNAseq.g12035.t1,0.44112737190359474,0.29332774558823527,0.4257222479411765,0.4420146554901961,-0.14779962631535948,-0.015405123962418221,-0.14868690990196082,-0.01629240754901956,0.14779962631535948,0.015405123962418221,Medium Variability
gene-Pocillopora_meandrina_HIv1___RNAseq.g12145.t1,OG_16539,ptua,0.3612169506470844,0.30673146950775004,0.24357914132551262,0.30727359229157813,0.33424527146933125,0.27515530541663136,0.8232137561948376,-0.059089966052699894,False,gene-Pocillopora_meandrina_HIv1___RNAseq.g12145.t1,0.5893304955875385,0.5445402789524599,0.6289133696280502,0.824982195984364,-0.04479021663507854,0.03958287404051175,-0.280441917031904,-0.19606882635631373,0.04479021663507854,0.03958287404051175,Medium Variability
gene-Pocillopora_meandrina_HIv1___RNAseq.g12158.t1,OG_07772,ptua,1.0535053880578469,1.4230582872496247,1.2857101647297149,1.3355773931986044,1.1945413906282256,1.3543842259896697,1.1338110480017611,0.15984283536144406,False,gene-Pocillopora_meandrina_HIv1___RNAseq.g12158.t1,0.49255497893720984,0.4683820000431919,0.37855547910592807,0.6009778856818918,-0.024172978894017927,-0.11399949983128177,-0.1325958856386999,-0.22242240657596374,0.024172978894017927,0.11399949983128177,Medium Variability
gene-Pocillopora_meandrina_HIv1___RNAseq.g12637.t1,OG_00842,ptua,0.2254794362038418,0.19185577278999807,0.3005048985197078,0.23259966094426204,0.22903954857405193,0.24618033565485292,1.0748376740502488,0.017140787080800995,False,gene-Pocillopora_meandrina_HIv1___RNAseq.g12637.t1,0.35601166281179136,0.37522479683462534,0.45784022868217056,0.291861714491378,0.019213134022833978,0.1018285658703792,0.08336308234324735,0.16597851419079257,0.019213134022833978,0.1018285658703792,Medium Variability
gene-Pocillopora_meandrina_HIv1___RNAseq.g12638.t1,OG_00843,ptua,0.09138985942978563,0.09434620515883495,0.10785899950165856,0.13224877837143695,0.11181931890061128,0.10110260233024676,0.9041604199012346,-0.01071671657036452,False,gene-Pocillopora_meandrina_HIv1___RNAseq.g12638.t1,0.5957354226738935,0.5787499230045813,0.7518298487320945,0.6088156231836366,-0.016985499669312176,0.156094426058201,-0.0300657001790553,0.14301422554845789,0.016985499669312176,0.156094426058201,Medium Variability
gene-Pocillopora_meandrina_HIv1___RNAseq.g12666.t1,OG_14455,ptua,0.3200922706404304,0.3100970964042413,0.36731973483915015,0.3656009500617135,0.34284661035107195,0.33870841562169574,0.9879298945813152,-0.00413819472937621,False,gene-Pocillopora_meandrina_HIv1___RNAseq.g12666.t1,0.8395404578531565,0.8307672464394433,0.7405425731680799,0.6574113344422701,-0.008773211413713122,-0.09899788468507653,0.17335591199717326,0.08313123872580985,0.008773211413713122,0.09899788468507653,Medium Variability
gene-Pocillopora_meandrina_HIv1___RNAseq.g12667.t1,OG_06101,ptua,0.23033254687304042,0.23249850699625826,0.2954467587938332,0.326290317899399,0.2783114323862197,0.26397263289504574,0.9484793011618882,-0.014338799491173948,False,gene-Pocillopora_meandrina_HIv1___RNAseq.g12667.t1,0.6830185060072611,0.7142462175139311,0.7952847142882472,0.6811815970339412,0.03122771150667003,0.1122662082809861,0.033064620479989926,0.114103117254306,0.03122771150667003,0.1122662082809861,Medium Variability
gene-Pocillopora_meandrina_HIv1___RNAseq.g12744.t1,OG_02220,ptua,0.2366494588126698,0.29404306296233335,0.3034658821771964,0.3130942558158487,0.2748718573142592,0.29875447256976484,1.0868863603893824,0.023882615255505613,False,gene-Pocillopora_meandrina_HIv1___RNAseq.g12744.t1,2.580689275172835,2.5589575952112757,2.6400843599827164,2.4978088542374395,-0.021731679961559447,0.059395084809881205,0.06114874097383627,0.14227550574527692,0.021731679961559447,0.059395084809881205,Medium Variability
gene-Pocillopora_meandrina_HIv1___RNAseq.g12930.t1,OG_17453,ptua,0.8024301721456646,0.8603911027958675,0.9391227564175307,0.4262696067995622,0.6143498894726134,0.8997569296066992,1.4645675778978207,0.2854070401340858,True,gene-Pocillopora_meandrina_HIv1___RNAseq.g12930.t1,3.43601748859127,2.289172781415344,5.748978313690476,6.691200831349207,-1.146844707175926,2.312960825099206,-4.402028049933863,-0.9422225176587302,1.146844707175926,2.312960825099206,Medium Variability
gene-Pocillopora_meandrina_HIv1___RNAseq.g12990.t1a,OG_03289,ptua,0.25705583635807905,0.3356111714982706,0.2725426427483318,0.2635599076002565,0.26030787197916777,0.30407690712330115,1.1681433404658472,0.043769035144133384,False,gene-Pocillopora_meandrina_HIv1___RNAseq.g12990.t1a,0.5922619575285136,0.603335186895564,0.7639249155313781,0.6440170210737938,0.011073229367050352,0.17166295800286446,-0.04068183417822979,0.11990789445758432,0.011073229367050352,0.17166295800286446,Medium Variability
gene-Pocillopora_meandrina_HIv1___RNAseq.g12994.t1,OG_03288,ptua,0.2233806292776616,0.22498363220798182,0.28899987957100387,0.24659995368788312,0.23499029148277237,0.25699175588949286,1.0936271207967478,0.02200146440672049,False,gene-Pocillopora_meandrina_HIv1___RNAseq.g12994.t1,0.6818056076474935,0.7332557241557338,0.9045845471665452,0.8917844554664722,0.05145011650824027,0.2227789395190517,-0.1585287313107384,0.012800091700073013,0.05145011650824027,0.2227789395190517,Medium Variability
gene-Pocillopora_meandrina_HIv1___RNAseq.g13115.t1,OG_05749,ptua,0.27734958882044247,0.2307826033142417,0.3440943339058084,0.2821451311701326,0.27974735999528755,0.28743846861002503,1.0274930516408343,0.007691108614737485,False,gene-Pocillopora_meandrina_HIv1___RNAseq.g13115.t1,0.4852443707360348,0.5489026157232524,0.6030210896634616,0.41086587304258243,0.06365824498721756,0.11777671892742675,0.13803674268066995,0.19215521662087914,0.06365824498721756,0.11777671892742675,Medium Variability
gene-Pocillopora_meandrina_HIv1___RNAseq.g1314.t1,OG_08545,ptua,0.14391327037531715,0.13361754180421012,0.14776051819135877,0.15808086511424807,0.1509970677447826,0.14068902999778443,0.9317335236971557,-0.010308037746998178,False,gene-Pocillopora_meandrina_HIv1___RNAseq.g1314.t1,1.2019082085320565,0.9353659746814218,1.2516016436545199,1.1319195303226768,-0.2665422338506347,0.04969343512246338,-0.19655355564125498,0.11968211333184309,0.2665422338506347,0.04969343512246338,Medium Variability
gene-Pocillopora_meandrina_HIv1___RNAseq.g13168.t1,OG_15089,ptua,0.4851980512935983,0.48480488893759544,0.7063040932281969,0.7624033550438937,0.623800703168746,0.5955544910828962,0.9547191724177827,-0.028246212085849876,False,gene-Pocillopora_meandrina_HIv1___RNAseq.g13168.t1,0.5551770686829569,0.5530723632343225,0.6729834676576435,0.5654156198951651,-0.002104705448634392,0.11780639897468659,-0.012343256660842572,0.10756784776247841,0.002104705448634392,0.11780639897468659,Medium Variability
gene-Pocillopora_meandrina_HIv1___RNAseq.g13186.t1,OG_14763,ptua,,1.908397696586098,,2.9953667926019043,,,,,False,gene-Pocillopora_meandrina_HIv1___RNAseq.g13186.t1,0.5392288159375515,0.5359056885813149,0.44223652415554454,0.5950077922227714,-0.0033231273562365216,-0.09699229178200691,-0.059102103641456516,-0.1527712680672269,0.0033231273562365216,0.09699229178200691,Medium Variability
gene-Pocillopora_meandrina_HIv1___RNAseq.g13294.t1,OG_05666,ptua,0.8729305115640505,0.8493356555346598,0.8733641134602759,1.0715337266118294,0.9722321190879399,0.8613498844974679,0.8859508625424845,-0.11088223459047208,False,gene-Pocillopora_meandrina_HIv1___RNAseq.g13294.t1,0.6290505566298812,0.5856666039398144,0.6425248772174912,0.6466411126463177,-0.043383952690066785,0.01347432058761,-0.06097450870650334,-0.0041162354288265535,0.043383952690066785,0.01347432058761,Medium Variability
gene-Pocillopora_meandrina_HIv1___RNAseq.g13342.t1,OG_03298,ptua,0.11493974482320471,0.18990680460648354,0.16102535243626115,0.16110425573258486,0.1380220002778948,0.17546607852137236,1.2712906505346053,0.03744407824347756,False,gene-Pocillopora_meandrina_HIv1___RNAseq.g13342.t1,19.257561714962122,19.358143076884918,19.995169403535353,19.44671798852814,0.10058136192279576,0.737607688573231,-0.08857491164322084,0.5484514150072144,0.10058136192279576,0.737607688573231,Medium Variability
gene-Pocillopora_meandrina_HIv1___RNAseq.g13629.t2,OG_05856,ptua,0.4405158851549779,0.4426367533676298,0.45190031031757966,0.47669451868030627,0.4586052019176421,0.44726853184260473,0.9752801101521887,-0.011336670075037358,False,gene-Pocillopora_meandrina_HIv1___RNAseq.g13629.t2,0.6411031636560367,0.5860782261329056,0.6306797108530718,0.5759838752251418,-0.05502493752313109,-0.010423452802964861,0.010094350907763783,0.05469583562793001,0.05502493752313109,0.010423452802964861,Medium Variability
gene-Pocillopora_meandrina_HIv1___RNAseq.g13702.t1,OG_14295,ptua,3.0032975849921226,3.9999999999999996,3.329036707344576,2.8215505944825003,2.9124240897373115,3.664518353672288,1.2582365207681043,0.7520942639349766,True,gene-Pocillopora_meandrina_HIv1___RNAseq.g13702.t1,0.4873839821493839,0.4223664191925125,0.46146371380795737,0.40535524858239347,-0.06501756295687139,-0.025920268341426522,0.01701117061011903,0.0561084652255639,0.06501756295687139,0.025920268341426522,Medium Variability
gene-Pocillopora_meandrina_HIv1___RNAseq.g13771.t1,OG_15754,ptua,1.3082442338926927,1.3317570831511851,1.357787807864674,1.2223247114948192,1.265284472693756,1.3447724455079295,1.0628222147110884,0.07948797281417352,False,gene-Pocillopora_meandrina_HIv1___RNAseq.g13771.t1,0.3939289545191659,0.3192554803845829,0.5092119805217832,0.3574728543566363,-0.07467347413458297,0.1152830260026173,-0.03821737397205338,0.1517391261651469,0.07467347413458297,0.1152830260026173,Medium Variability
gene-Pocillopora_meandrina_HIv1___RNAseq.g1383.t1,OG_08528,ptua,0.6986363011495449,0.857872797176714,0.696759945598714,0.6482068054142035,0.6734215532818741,0.777316371387714,1.1542790212156346,0.10389481810583989,False,gene-Pocillopora_meandrina_HIv1___RNAseq.g1383.t1,0.42286317797525014,0.49943293098811403,0.365262302595351,0.4500526663281426,0.0765697530128639,-0.057600875379899164,0.04938026465997142,-0.08479036373279164,0.0765697530128639,0.057600875379899164,Medium Variability
gene-Pocillopora_meandrina_HIv1___RNAseq.g13864.t1,OG_06152,ptua,0.618550739435073,0.5154447985206192,0.7181120373777713,0.7761451276704603,0.6973479335527666,0.6167784179491953,0.8844629607015609,-0.08056951560357128,False,gene-Pocillopora_meandrina_HIv1___RNAseq.g13864.t1,10.939888000969193,10.708086933126884,10.270023941551699,9.941983060952875,-0.23180106784230858,-0.6698640594174936,0.7661038721740088,0.32804088059882375,0.23180106784230858,0.6698640594174936,Medium Variability
gene-Pocillopora_meandrina_HIv1___RNAseq.g13989.t1,OG_16879,ptua,0.3793956431394572,0.598466051012454,0.7229197669208474,0.37917994231025864,0.3792877927248579,0.6606929089666507,1.7419303274174422,0.28140511624179276,True,gene-Pocillopora_meandrina_HIv1___RNAseq.g13989.t1,0.4450060286281179,0.44406504885487524,0.7197116698095238,0.4906528282993198,-0.000940979773242645,0.27470564118140595,-0.04658777944444453,0.22905884151020406,0.000940979773242645,0.27470564118140595,High Variability
gene-Pocillopora_meandrina_HIv1___RNAseq.g14073.t1,OG_06158,ptua,0.3839406368804626,0.2823313451788207,0.3799490475254558,0.3428843248858745,0.3634124808831686,0.3311401963521382,0.9111965432430885,-0.03227228453103037,False,gene-Pocillopora_meandrina_HIv1___RNAseq.g14073.t1,8.301745205482721,8.120830822985734,8.661331932489452,8.951401325497288,-0.18091438249698655,0.35958672700673056,-0.830570502511554,-0.29006939300783685,0.18091438249698655,0.35958672700673056,Medium Variability
gene-Pocillopora_meandrina_HIv1___RNAseq.g1409.t1,OG_08658,ptua,0.06226254319555585,0.07951484694804802,0.06324628315753955,0.061807147017997145,0.062034845106776496,0.07138056505279378,1.1506527489499023,0.00934571994601728,False,gene-Pocillopora_meandrina_HIv1___RNAseq.g1409.t1,14.324884064148577,14.260421022058823,13.44375236092437,13.477751061729693,-0.06446304208975384,-0.8811317032242076,0.7826699603291303,-0.03399870080532352,0.06446304208975384,0.8811317032242076,Medium Variability
gene-Pocillopora_meandrina_HIv1___RNAseq.g14450.t1,OG_15816,ptua,0.23693698897221271,0.3260320383165118,0.18128582645067237,0.242693725377934,0.23981535717507335,0.25365893238359205,1.057725974564725,0.0138435752085187,False,gene-Pocillopora_meandrina_HIv1___RNAseq.g14450.t1,0.4993991843451221,0.5730805692587951,0.7063860115845169,0.5446756639933166,0.07368138491367304,0.20698682723939477,0.028404905265478564,0.1617103475912003,0.07368138491367304,0.20698682723939477,Medium Variability
gene-Pocillopora_meandrina_HIv1___RNAseq.g1463.t1,OG_08639,ptua,0.4113371945400447,0.3491934251546329,0.496290733831192,0.5592504087467549,0.4852938016433998,0.4227420794929124,0.8711054583045114,-0.06255172215048738,False,gene-Pocillopora_meandrina_HIv1___RNAseq.g1463.t1,4.251543261483228,3.9791431610871455,4.427653287744114,4.319590719870252,-0.2724001003960823,0.17611002626088634,-0.3404475587831066,0.10806256787386204,0.2724001003960823,0.17611002626088634,Medium Variability
gene-Pocillopora_meandrina_HIv1___RNAseq.g14661.t1,OG_02186,ptua,1.1035408148081591,1.2642769626612738,1.337368635382847,1.199512683858487,1.151526749333323,1.3008227990220602,1.1296505268116197,0.14929604968873722,False,gene-Pocillopora_meandrina_HIv1___RNAseq.g14661.t1,0.4540568771778333,0.494550085073222,0.5678929442215088,0.39043979084477737,0.04049320789538874,0.11383606704367555,0.10411029422844464,0.17745315337673145,0.04049320789538874,0.11383606704367555,Medium Variability
gene-Pocillopora_meandrina_HIv1___RNAseq.g14737.t1,OG_02184,ptua,0.23630693285213605,0.26114581080839727,0.2376077778710215,0.29761984123695784,0.2669633870445469,0.24937679433970938,0.9341235781448077,-0.017586592704837534,False,gene-Pocillopora_meandrina_HIv1___RNAseq.g14737.t1,6.953711638051704,6.931500817829516,6.511655451331124,6.977694238748242,-0.022210820222188232,-0.44205618672058034,-0.04619342091872625,-0.46603878741711835,0.022210820222188232,0.44205618672058034,Medium Variability
gene-Pocillopora_meandrina_HIv1___RNAseq.g14965.t1,OG_00752,ptua,0.3734863785794861,0.3695421583309509,0.4875007237566168,0.5209328272680277,0.4472096029237569,0.42852144104378387,0.9582116265889776,-0.01868816187997302,False,gene-Pocillopora_meandrina_HIv1___RNAseq.g14965.t1,0.38068369701639704,0.3933476826982748,0.5270012164494643,0.4509763268172603,0.012663985681877765,0.14631751943306726,-0.057628644118985495,0.076024889632204,0.012663985681877765,0.14631751943306726,Medium Variability
gene-Pocillopora_meandrina_HIv1___RNAseq.g14970.t1a,OG_18262,ptua,0.24310591826123956,0.2166173810250356,0.2331379787126255,0.2029242105064778,0.22301506438385868,0.22487767986883056,1.0083519716038818,0.0018626154849718801,False,gene-Pocillopora_meandrina_HIv1___RNAseq.g14970.t1a,0.4864293964645044,0.42597728880764907,0.532116074943757,0.32702292625609297,-0.060452107656855325,0.04568667847925262,0.0989543625515561,0.20509314868766404,0.060452107656855325,0.04568667847925262,Medium Variability
gene-Pocillopora_meandrina_HIv1___RNAseq.g14971.t1,OG_18263,ptua,0.8520138970397656,1.1186749120859056,1.1400307411983508,0.967118010220526,0.9095659536301458,1.1293528266421282,1.241639291944467,0.2197868730119824,True,gene-Pocillopora_meandrina_HIv1___RNAseq.g14971.t1,0.4549754232819137,0.44186322770791414,0.484187022739772,0.42680346587525153,-0.013112195573999563,0.029211599457858284,0.01505976183266261,0.05738355686452046,0.013112195573999563,0.029211599457858284,Medium Variability
gene-Pocillopora_meandrina_HIv1___RNAseq.g14996.t1,OG_14752,ptua,0.8136940651447319,0.6264085142722481,1.189281504067974,0.8675204439114506,0.8406072545280912,0.9078450091701111,1.0799871215479417,0.06723775464201998,False,gene-Pocillopora_meandrina_HIv1___RNAseq.g14996.t1,0.4377169390178153,0.4045055053328645,0.442078828450874,0.48186646209563994,-0.033211433684950775,0.004361889433058708,-0.07736095676277543,-0.03978763364476595,0.033211433684950775,0.004361889433058708,Medium Variability
gene-Pocillopora_meandrina_HIv1___RNAseq.g15123.t1,OG_09657,ptua,0.19344017591419332,0.21086819042190028,0.18909691182693425,0.226389289694978,0.20991473280458567,0.19998255112441726,0.9526846851220562,-0.009932181680168406,False,gene-Pocillopora_meandrina_HIv1___RNAseq.g15123.t1,1.9947573165720263,1.985436709051438,2.089655369117354,1.8702215804243874,-0.009320607520588275,0.0948980525453278,0.11521512862705063,0.2194337886929667,0.009320607520588275,0.0948980525453278,Medium Variability
gene-Pocillopora_meandrina_HIv1___RNAseq.g1513.t1,OG_08622,ptua,0.3076866364414392,0.28491242943684103,0.36905235609206777,0.3472404827979982,0.3274635596197187,0.3269823927644544,0.9985306247332587,-0.00048116685526428116,False,gene-Pocillopora_meandrina_HIv1___RNAseq.g1513.t1,0.4988513580831608,0.42940325526390877,0.5787391667243987,0.50504201996337,-0.06944810281925201,0.07988780864123796,-0.07563876469946118,0.07369714676102879,0.06944810281925201,0.07988780864123796,Medium Variability
gene-Pocillopora_meandrina_HIv1___RNAseq.g15308.t1,OG_17150,ptua,0.9671833052969508,0.8770113884636234,0.7158437832432539,0.7295589260998933,0.848371115698422,0.7964275858534386,0.9387726327737822,-0.051943529844983405,False,gene-Pocillopora_meandrina_HIv1___RNAseq.g15308.t1,0.27732119395069854,0.26587225642783996,0.4348935892692561,0.4662519529076147,-0.011448937522858582,0.15757239531855755,-0.20037969647977472,-0.03135836363835859,0.011448937522858582,0.15757239531855755,Medium Variability
gene-Pocillopora_meandrina_HIv1___RNAseq.g15484.t1,OG_17014,ptua,0.022110017528011817,0.02209016595060788,0.02157737073879056,0.021363437399518674,0.021736727463765246,0.021833768344699217,1.004464373999984,9.704088093397123e-05,False,gene-Pocillopora_meandrina_HIv1___RNAseq.g15484.t1,16.414574212659833,16.686425003306876,15.857365244510582,16.099210713558204,0.27185079064704354,-0.5572089681492507,0.5872142897486725,-0.24184546904762172,0.27185079064704354,0.5572089681492507,Medium Variability
gene-Pocillopora_meandrina_HIv1___RNAseq.g15521.t1,OG_06247,ptua,0.24662706921990052,0.3233492299320675,0.2764054151384523,0.31920550371584466,0.2829162864678726,0.2998773225352599,1.059950723513096,0.016961036067387303,False,gene-Pocillopora_meandrina_HIv1___RNAseq.g15521.t1,0.4450742968433566,0.5063651587079229,0.5409354926980706,0.455347203704844,0.06129086186456628,0.09586119585471403,0.051017955003078874,0.08558828899322662,0.06129086186456628,0.09586119585471403,Medium Variability
gene-Pocillopora_meandrina_HIv1___RNAseq.g15556.t1,OG_06198,ptua,0.083183367825177,0.09297171664224224,0.08643907678251764,0.09804573031270424,0.09061454906894062,0.08970539671237994,0.9899668169636977,-0.0009091523565606802,False,gene-Pocillopora_meandrina_HIv1___RNAseq.g15556.t1,0.6067062413850486,0.6275860918399044,0.6493427582078853,0.6540757304147465,0.020879850454855853,0.042636516822836756,-0.0264896385748421,-0.004732972206861197,0.020879850454855853,0.042636516822836756,Medium Variability
gene-Pocillopora_meandrina_HIv1___RNAseq.g15591.t1,OG_09487,ptua,0.24774616846127098,0.27920971210801476,0.3013348678334961,0.30367163726141017,0.2757089028613406,0.29027228997075544,1.0528216062603502,0.01456338710941485,False,gene-Pocillopora_meandrina_HIv1___RNAseq.g15591.t1,5.747411778026054,5.340417040732257,6.078282592701321,6.336781575355273,-0.40699473729379676,0.3308708146752668,-0.9963645346230159,-0.2584989826539523,0.40699473729379676,0.3308708146752668,Medium Variability
gene-Pocillopora_meandrina_HIv1___RNAseq.g15592.t1,OG_09486,ptua,0.3931285177958798,0.4466648710286359,0.41151414737115116,0.4721622801470774,0.4326453989714786,0.4290895091998935,0.9917810526125127,-0.0035558897715850524,False,gene-Pocillopora_meandrina_HIv1___RNAseq.g15592.t1,3.197771716490707,2.8849217150257522,3.19223157882712,3.2619915911250414,-0.3128500014649549,-0.005540137663587075,-0.3770698760992892,-0.06976001229792139,0.3128500014649549,0.005540137663587075,Medium Variability
gene-Pocillopora_meandrina_HIv1___RNAseq.g15689.t1,OG_09455,ptua,0.20084228131375081,0.19291186873012228,0.2642154814342776,0.22599448642839887,0.21341838387107484,0.22856367508219994,1.0709652605197981,0.015145291211125095,False,gene-Pocillopora_meandrina_HIv1___RNAseq.g15689.t1,3.762864099449445,3.6283355359861056,3.9853812087897356,4.043902152950658,-0.13452856346333952,0.22251710934029045,-0.415566616964552,-0.05852094416092202,0.13452856346333952,0.22251710934029045,Medium Variability
gene-Pocillopora_meandrina_HIv1___RNAseq.g15788.t1,OG_09596,ptua,0.4851549684767693,0.4867497797135841,0.47838790242860973,0.5272935321748645,0.506224250325817,0.4825688410710969,0.9532708888610236,-0.023655409254720094,False,gene-Pocillopora_meandrina_HIv1___RNAseq.g15788.t1,0.5100874618870408,0.47169452861636413,0.6610094709614946,0.5012611503987241,-0.038392933270676666,0.15092200907445386,-0.02956662178235997,0.15974832056277055,0.038392933270676666,0.15092200907445386,Medium Variability
gene-Pocillopora_meandrina_HIv1___RNAseq.g15789.t1,OG_09597,ptua,0.41935999244652267,0.41360116719656004,0.47101866891954336,0.4185198187186193,0.418939905582571,0.4423099180580517,1.0557836867867307,0.023370012475480706,False,gene-Pocillopora_meandrina_HIv1___RNAseq.g15789.t1,0.6247472899229866,0.5664632823133451,0.6541896865925926,0.5238579907724868,-0.058284007609641475,0.02944239666960602,0.04260529154085824,0.13033169582010573,0.058284007609641475,0.02944239666960602,Medium Variability
gene-Pocillopora_meandrina_HIv1___RNAseq.g15815.t1,OG_15462,ptua,0.7840699651638452,0.9953950731016524,0.96044313017073,0.7533597290898474,0.7687148471268463,0.9779191016361912,1.272148060221899,0.20920425450934488,True,gene-Pocillopora_meandrina_HIv1___RNAseq.g15815.t1,0.3968697338289393,0.4565681657546495,0.5014158275751073,0.45629534945841,0.05969843192571017,0.10454609374616797,0.00027281629623948644,0.04512047811669728,0.05969843192571017,0.10454609374616797,Medium Variability
gene-Pocillopora_meandrina_HIv1___RNAseq.g15818.t1,OG_09638,ptua,1.414213562373095,0.7359214770795031,1.4142135623730951,1.4142135623730951,1.414213562373095,1.075067519726299,0.7601875334318686,-0.3391460426467958,False,gene-Pocillopora_meandrina_HIv1___RNAseq.g15818.t1,0.3882127886141636,0.3217891755698006,0.4547693196947497,0.3218321661050061,-0.066423613044363,0.06655653108058612,-4.299053520551155e-05,0.13293715358974362,0.066423613044363,0.06655653108058612,Medium Variability
gene-Pocillopora_meandrina_HIv1___RNAseq.g15976.t1,OG_09511,ptua,0.15129541240756894,0.18869545622307757,0.1865451624925986,0.18880205434936273,0.17004873337846582,0.18762030935783808,1.1033325896069124,0.017571575979372256,False,gene-Pocillopora_meandrina_HIv1___RNAseq.g15976.t1,2.120535944329047,2.0908690255999485,2.1794826432209975,2.1473312720361735,-0.029666918729098324,0.0589466988919507,-0.056462246436224994,0.03215137118482403,0.029666918729098324,0.0589466988919507,Medium Variability
gene-Pocillopora_meandrina_HIv1___RNAseq.g16038.t1,OG_14685,ptua,0.489130979838372,0.5080936889037184,0.49012575035076256,0.4946171075847143,0.49187404371154314,0.4991097196272405,1.0147104243620968,0.007235675915697348,False,gene-Pocillopora_meandrina_HIv1___RNAseq.g16038.t1,0.41298226002186594,0.43796738631762233,0.5848136436426952,0.5226477478134111,0.024985126295756388,0.17183138362082923,-0.08468036149578873,0.06216589582928411,0.024985126295756388,0.17183138362082923,Medium Variability
gene-Pocillopora_meandrina_HIv1___RNAseq.g16088.t1,OG_14889,ptua,1.2981806680845185,1.4720036485720016,1.7320508075688772,1.7320508075688774,1.515115737826698,1.6020272280704395,1.0573629380738983,0.08691149024374156,False,gene-Pocillopora_meandrina_HIv1___RNAseq.g16088.t1,0.654151477220213,0.5095242838389927,0.6508821113924051,0.46613143218806513,-0.14462719338122032,-0.003269365827807902,0.0433928516509276,0.18475067920434002,0.14462719338122032,0.003269365827807902,Medium Variability
gene-Pocillopora_meandrina_HIv1___RNAseq.g1609.t1,OG_17600,ptua,1.0003953204891067,0.6621073352678625,1.0435510113804753,1.1755694398201324,1.0879823801546196,0.8528291733241689,0.7838630375640535,-0.2351532068304507,False,gene-Pocillopora_meandrina_HIv1___RNAseq.g1609.t1,0.946621936080371,0.8318247105745584,1.1490260934272298,0.9495375708752517,-0.11479722550581262,0.2024041573468588,-0.11771286030069328,0.19948852255197813,0.11479722550581262,0.2024041573468588,Medium Variability
gene-Pocillopora_meandrina_HIv1___RNAseq.g16095.t1,OG_09424,ptua,0.06922544780056344,0.07504737417939926,0.06846986593601662,0.07249115346673754,0.07085830063365049,0.07175862005770794,1.0127059132946508,0.0009003194240574525,False,gene-Pocillopora_meandrina_HIv1___RNAseq.g16095.t1,2.391227221797575,2.350396170173666,2.3926502458443157,2.413324048480056,-0.04083105162390899,0.0014230240467405508,-0.06292787830639002,-0.02067380263574048,0.04083105162390899,0.0014230240467405508,Medium Variability
gene-Pocillopora_meandrina_HIv1___RNAseq.g16195.t1,OG_06279,ptua,0.1665596121867108,0.15219525642664075,0.14955958071874784,0.1828271747276348,0.1746933934571728,0.1508774185726943,0.8636698594425258,-0.023815974884478508,False,gene-Pocillopora_meandrina_HIv1___RNAseq.g16195.t1,0.5591526833298828,0.5497175368944099,0.6229765161283644,0.5764285273250517,-0.00943514643547283,0.06382383279848158,-0.026710990430641735,0.04654798880331268,0.00943514643547283,0.06382383279848158,Medium Variability
gene-Pocillopora_meandrina_HIv1___RNAseq.g16542.t1,OG_06234,ptua,0.37640722130788357,0.30084278362017197,0.2655822676592116,0.32155845935152494,0.3489828403297043,0.2832125256396918,0.8115371098823212,-0.06577031469001249,False,gene-Pocillopora_meandrina_HIv1___RNAseq.g16542.t1,0.407853177259887,0.30165053471213343,0.3219171878369653,0.3466258834543987,-0.10620264254775358,-0.08593598942292169,-0.044975348742265275,-0.024708695617433385,0.10620264254775358,0.08593598942292169,Medium Variability
gene-Pocillopora_meandrina_HIv1___RNAseq.g16566.t1,OG_17483,ptua,0.24037769233837594,0.2407002564484177,0.26565555644841854,0.2702516990241993,0.2553146956812876,0.2531779064484181,0.9916307628624053,-0.0021367892328695293,False,gene-Pocillopora_meandrina_HIv1___RNAseq.g16566.t1,4.165748822170462,4.120404550227744,4.358583813175983,4.443598446853002,-0.04534427194271817,0.1928349910055207,-0.3231938966252583,-0.08501463367701945,0.04534427194271817,0.1928349910055207,Medium Variability
gene-Pocillopora_meandrina_HIv1___RNAseq.g17098.t1,OG_16548,ptua,0.5092050144554614,0.5539203320013567,0.5837064644980955,0.5930368627703658,0.5511209386129137,0.5688133982497261,1.0321026809130889,0.01769245963681243,False,gene-Pocillopora_meandrina_HIv1___RNAseq.g17098.t1,0.6694049423252721,0.5615498611318873,0.6384693197893294,0.6606292059149838,-0.10785508119338483,-0.03093562253594273,-0.09907934478309643,-0.022159886125654338,0.10785508119338483,0.03093562253594273,Medium Variability
gene-Pocillopora_meandrina_HIv1___RNAseq.g17112.t1,OG_15761,ptua,1.4475800103202439,1.3232504902019284,1.3701226732498821,1.249074686142406,1.348327348231325,1.3466865817259053,0.9987831096746855,-0.0016407665054196663,False,gene-Pocillopora_meandrina_HIv1___RNAseq.g17112.t1,0.816792293357869,0.8624803308196886,0.9279966240949377,0.8888560453920685,0.0456880374618196,0.1112043307370687,-0.02637571457237997,0.03914057870286913,0.0456880374618196,0.1112043307370687,Medium Variability
gene-Pocillopora_meandrina_HIv1___RNAseq.g17204.t1,OG_06592,ptua,0.19728894391088855,0.18811936100657034,0.24695345195165502,0.20795715128090522,0.2026230475958969,0.21753640647911268,1.0736014933155995,0.014913358883215794,False,gene-Pocillopora_meandrina_HIv1___RNAseq.g17204.t1,0.891801159539072,0.7811109418353175,0.862727497014652,0.9064591866758241,-0.11069021770375453,-0.029073662524420008,-0.12534824484050666,-0.043731689661172135,0.11069021770375453,0.029073662524420008,Medium Variability
gene-Pocillopora_meandrina_HIv1___RNAseq.g17212.t1,OG_06599,ptua,0.14328095390753745,0.13896072159779413,0.14834649878129527,0.1563259228609882,0.14980343838426283,0.1436536101895447,0.9589473495331722,-0.006149828194718127,False,gene-Pocillopora_meandrina_HIv1___RNAseq.g17212.t1,20.880247165503505,21.001614241954247,20.40574228264893,20.933338351098904,0.12136707645074196,-0.4745048828545748,0.06827589085534314,-0.5275960684499736,0.12136707645074196,0.4745048828545748,Medium Variability
gene-Pocillopora_meandrina_HIv1___RNAseq.g17234.t1,OG_06610,ptua,0.16957334762126505,0.18236052426525393,0.16561307180632462,0.1846999599647711,0.17713665379301807,0.17398679803578926,0.982217933500599,-0.0031498557572288144,False,gene-Pocillopora_meandrina_HIv1___RNAseq.g17234.t1,19.20983318320106,18.997594069444443,18.770102297989418,18.516544582716048,-0.21223911375661686,-0.4397308852116417,0.481049486728395,0.2535577152733701,0.21223911375661686,0.4397308852116417,Medium Variability
gene-Pocillopora_meandrina_HIv1___RNAseq.g17304.t1,OG_17015,ptua,0.40022005656170273,0.36077361270581054,0.3345725574741914,0.37045751229519885,0.3853387844284508,0.34767308509000094,0.9022530280871751,-0.037665699338449876,False,gene-Pocillopora_meandrina_HIv1___RNAseq.g17304.t1,0.528814356649945,0.5217449518243985,0.801166186687631,0.5098287512279126,-0.007069404825546521,0.2723518300376859,0.011916200596485904,0.29133743545971835,0.007069404825546521,0.2723518300376859,Medium Variability
gene-Pocillopora_meandrina_HIv1___RNAseq.g17316.t1,OG_06607,ptua,0.4315825924096282,0.544839368480825,0.4901798470897393,0.4828145835591196,0.4571985879843739,0.5175096077852821,1.1319142739849615,0.060311019800908194,False,gene-Pocillopora_meandrina_HIv1___RNAseq.g17316.t1,0.4845342627535863,0.49524395066738813,0.4594629914947797,0.4806648273363891,0.010709687913801835,-0.025071271258806593,0.014579123330999033,-0.021201835841609395,0.010709687913801835,0.025071271258806593,Medium Variability
gene-Pocillopora_meandrina_HIv1___RNAseq.g17328.t1a,OG_06616,ptua,0.47807449617215325,0.43080256357874375,0.5265267349975986,0.4498548712463375,0.4639646837092454,0.4786646492881712,1.0316833718062428,0.014699965578925833,False,gene-Pocillopora_meandrina_HIv1___RNAseq.g17328.t1a,0.3347908997792099,0.24835660263605444,0.39114004358216975,0.4023320175796634,-0.08643429714315545,0.056349143802959856,-0.15397541494360897,-0.011191973997493665,0.08643429714315545,0.056349143802959856,Medium Variability
gene-Pocillopora_meandrina_HIv1___RNAseq.g17598.t1,OG_16707,ptua,0.31115844708223667,0.37923215901692114,0.4263896711833649,0.32178056425630874,0.3164695056692727,0.402810915100143,1.2728269482024017,0.08634140943087032,False,gene-Pocillopora_meandrina_HIv1___RNAseq.g17598.t1,0.48611530021296806,0.6485157859058038,0.4808904980694981,0.49527773296561867,0.16240048569283577,-0.0052248021434699865,0.15323805294018517,-0.014387234896120593,0.16240048569283577,0.0052248021434699865,Medium Variability
gene-Pocillopora_meandrina_HIv1___RNAseq.g17817.t2,OG_05228,ptua,0.7440355030703273,0.8347156709875782,0.7682245928329804,0.3419323911212019,0.5429839470957646,0.8014701319102793,1.4760475630947634,0.2584861848145147,True,gene-Pocillopora_meandrina_HIv1___RNAseq.g17817.t2,1.4445695771517106,1.3935866009849491,1.5559996475052171,1.6294534505786378,-0.05098297616676151,0.1114300703535065,-0.23586684959368864,-0.07345380307342064,0.05098297616676151,0.1114300703535065,Medium Variability
gene-Pocillopora_meandrina_HIv1___RNAseq.g17837.t1,OG_05087,ptua,0.3032716767091514,0.323456015079429,0.30330127130124607,0.24771001458081485,0.2754908456449831,0.31337864319033754,1.1375283358568629,0.03788779754535443,False,gene-Pocillopora_meandrina_HIv1___RNAseq.g17837.t1,0.47207669570594774,0.4639685159201099,0.5409696130998704,0.6242378460440985,-0.008108179785837832,0.06889291739392261,-0.16026933012398858,-0.08326823294422814,0.008108179785837832,0.06889291739392261,Medium Variability
gene-Pocillopora_meandrina_HIv1___RNAseq.g17893.t1,OG_02000,ptua,0.8882080416650178,0.9839516160558586,1.004430995078117,1.081716611512965,0.9849623265889914,0.9941913055669878,1.0093698801759832,0.00922897897799635,False,gene-Pocillopora_meandrina_HIv1___RNAseq.g17893.t1,0.40928383990069245,0.3896673254651563,0.5092443094782556,0.48926307534924685,-0.019616514435536136,0.09996046957756316,-0.09959574988409053,0.019981234129008763,0.019616514435536136,0.09996046957756316,Medium Variability
gene-Pocillopora_meandrina_HIv1___RNAseq.g17894.t1,OG_01999,ptua,0.46847707139059896,0.42142799199257425,0.43625710743817786,0.49805223839835966,0.48326465489447934,0.42884254971537605,0.8873865393880578,-0.054422105179103286,False,gene-Pocillopora_meandrina_HIv1___RNAseq.g17894.t1,0.40877091705058716,0.3791589452574526,0.4449346387533875,0.42919055795586525,-0.029611971793134573,0.036163721702800355,-0.050031612698412664,0.015744080797522264,0.029611971793134573,0.036163721702800355,Medium Variability
gene-Pocillopora_meandrina_HIv1___RNAseq.g17924.t1,OG_02070,ptua,1.6781785231396864,1.7090746973312367,1.547704260920498,1.4020764269775667,1.5401274750586267,1.6283894791258673,1.0573082459059961,0.08826200406724061,False,gene-Pocillopora_meandrina_HIv1___RNAseq.g17924.t1,0.3315020224192277,0.45755288223291685,0.40007623856805136,0.44445475700776765,0.12605085981368913,0.06857421614882364,0.013098125225149193,-0.0443785184397163,0.12605085981368913,0.06857421614882364,Medium Variability
gene-Pocillopora_meandrina_HIv1___RNAseq.g18045.t1,OG_02124,ptua,0.09820835313592001,0.11802579043434981,0.0879704039208799,0.1048213403987718,0.1015148467673459,0.10299809717761485,1.0146111673070668,0.0014832504102689492,False,gene-Pocillopora_meandrina_HIv1___RNAseq.g18045.t1,12.830956774991984,12.585540449635243,12.394558507792208,12.396905697210197,-0.24541632535674118,-0.4363982671997757,0.18863475242504535,-0.0023471894179891706,0.24541632535674118,0.4363982671997757,Medium Variability
gene-Pocillopora_meandrina_HIv1___RNAseq.g18078.t1,OG_16307,ptua,0.7982744735511363,1.1695667671007468,1.002183018557066,1.1672161862303074,0.9827453298907218,1.0858748928289064,1.1049402727252362,0.10312956293818454,False,gene-Pocillopora_meandrina_HIv1___RNAseq.g18078.t1,0.4287377948629908,0.4606092567627402,0.5706473033433583,0.4188233831879699,0.03187146189974943,0.14190950848036754,0.041785873574770316,0.15182392015538843,0.03187146189974943,0.14190950848036754,Medium Variability
gene-Pocillopora_meandrina_HIv1___RNAseq.g18228.t1,OG_14140,ptua,0.2627218850348604,0.46475490841014405,0.5046957213025524,0.4659288801389255,0.36432538258689295,0.4847253148563482,1.3304736316052297,0.12039993226945522,False,gene-Pocillopora_meandrina_HIv1___RNAseq.g18228.t1,0.4752934418847175,0.41405661283113926,0.6061770605395742,0.5031612094100438,-0.061236829053578246,0.1308836186548567,-0.08910459657890457,0.10301585112953038,0.061236829053578246,0.1308836186548567,Medium Variability
gene-Pocillopora_meandrina_HIv1___RNAseq.g18312.t1,OG_18224,ptua,0.3393058256477315,0.3332367279118493,0.316932146877723,0.3440556881112323,0.3416807568794819,0.3250844373947861,0.951427409502755,-0.01659631948469581,False,gene-Pocillopora_meandrina_HIv1___RNAseq.g18312.t1,0.49221925637337843,0.4386526658105713,0.428472544041576,0.47871814515349287,-0.05356659056280716,-0.06374671233180246,-0.040065479342921595,-0.05024560111191689,0.05356659056280716,0.06374671233180246,Medium Variability
gene-Pocillopora_meandrina_HIv1___RNAseq.g1836.t1,OG_00176,ptua,0.5525623392026751,0.6257217753981879,0.549872408988573,0.889048308767377,0.7208053239850261,0.5877970921933804,0.815472739496013,-0.13300823179164567,False,gene-Pocillopora_meandrina_HIv1___RNAseq.g1836.t1,0.8851879007057758,0.7488651376678876,0.9427498217671217,0.7536100021145522,-0.13632276303788815,0.057561921061345944,-0.004744864446664554,0.18913981965256954,0.13632276303788815,0.057561921061345944,Medium Variability
gene-Pocillopora_meandrina_HIv1___RNAseq.g18435.t2,OG_02102,ptua,0.2625935699247785,0.2826163571072368,0.32629064500163524,0.36164632128664337,0.31211994560571094,0.304453501054436,0.9754375051668129,-0.007666444551274909,False,gene-Pocillopora_meandrina_HIv1___RNAseq.g18435.t2,34.641656790852664,33.17210864888584,33.489959235134314,33.172793339926734,-1.4695481419668255,-1.15169755571835,-0.0006846910408953022,0.3171658952075802,1.4695481419668255,1.15169755571835,Medium Variability
gene-Pocillopora_meandrina_HIv1___RNAseq.g18558.t1,OG_16573,ptua,0.5941757267980897,0.6042139327280907,0.6160080095782151,0.576998902749209,0.5855873147736493,0.6101109711531529,1.0418787356911632,0.0245236563795036,False,gene-Pocillopora_meandrina_HIv1___RNAseq.g18558.t1,13.476574123819569,13.057872305756481,12.160410478239903,13.24514673477999,-0.4187018180630879,-1.3161636455796657,-0.18727442902350866,-1.0847362565400864,0.4187018180630879,1.3161636455796657,Medium Variability
gene-Pocillopora_meandrina_HIv1___RNAseq.g1863.t1,OG_00171,ptua,0.10408350279473719,0.1063509011680835,0.07701150749076131,0.11110071405111627,0.10759210842292673,0.09168120432942241,0.8521182982030504,-0.01591090409350432,False,gene-Pocillopora_meandrina_HIv1___RNAseq.g1863.t1,23.52244161108105,23.780804434072873,22.950393618145743,23.20492654148629,0.258362822991824,-0.5720479929353068,0.5758778925865826,-0.2545329233405482,0.258362822991824,0.5720479929353068,Medium Variability
gene-Pocillopora_meandrina_HIv1___RNAseq.g18656.t1,OG_05498,ptua,0.2537910845317144,0.250820582603853,0.26772897548174945,0.2912467677241668,0.2725189261279406,0.2592747790428012,0.9514010007550022,-0.01324414708513938,False,gene-Pocillopora_meandrina_HIv1___RNAseq.g18656.t1,11.628552225417478,11.540158741957278,11.29546241189591,11.431924426447159,-0.08839348346019982,-0.33308981352156763,0.10823431551011886,-0.13646201455124896,0.08839348346019982,0.33308981352156763,Medium Variability
gene-Pocillopora_meandrina_HIv1___RNAseq.g18778.t2,OG_05568,ptua,0.4198636624576164,0.43340413888696916,0.4303029393342168,0.4273452425351001,0.42360445249635825,0.431853539110593,1.0194735597457056,0.008249086614234735,False,gene-Pocillopora_meandrina_HIv1___RNAseq.g18778.t2,0.40294614548135044,0.4504065941815323,0.5236204876603273,0.49571976730060446,0.047460448700181845,0.12067434217897688,-0.04531317311907218,0.027900720359722853,0.047460448700181845,0.12067434217897688,Medium Variability
gene-Pocillopora_meandrina_HIv1___RNAseq.g18825.t1,OG_16980,ptua,0.7590095417196372,0.7611963202989741,0.7600693112933102,0.7346847952635577,0.7468471684915974,0.7606328157961422,1.0184584582845613,0.01378564730454479,False,gene-Pocillopora_meandrina_HIv1___RNAseq.g18825.t1,0.5065444678226363,0.5874878753771073,0.5410779913191364,0.380898748136646,0.08094340755447105,0.034533523496500074,0.20658912724046136,0.16017924318249038,0.08094340755447105,0.034533523496500074,Medium Variability
gene-Pocillopora_meandrina_HIv1___RNAseq.g18918.t1,OG_14711,ptua,0.7299060328962285,0.9494902394945611,0.6560258522835305,0.8751541786518758,0.8025301057740521,0.8027580458890458,1.0002840268712085,0.00022794011499360778,False,gene-Pocillopora_meandrina_HIv1___RNAseq.g18918.t1,0.42046383966284506,0.3722001759000855,0.45825871101724747,0.38746082701262136,-0.04826366376275959,0.037794871354402404,-0.015260651112535883,0.07079788400462611,0.04826366376275959,0.037794871354402404,Medium Variability
gene-Pocillopora_meandrina_HIv1___RNAseq.g18919.t1b,OG_14710,ptua,0.53039897678596,0.5112771010325999,0.5373404004614006,0.6150733288354363,0.5727361528106982,0.5243087507470003,0.9154455296281878,-0.04842740206369789,False,gene-Pocillopora_meandrina_HIv1___RNAseq.g18919.t1b,4.201558033886363,3.854309260605275,4.041420336838957,4.172479612403286,-0.3472487732810885,-0.1601376970474062,-0.31817035179801145,-0.13105927556432917,0.3472487732810885,0.1601376970474062,Medium Variability
gene-Pocillopora_meandrina_HIv1___RNAseq.g1894.t1,OG_00510,ptua,0.19090096561281064,0.2232854144061218,0.16875383354181556,0.18804423269822496,0.18947259915551778,0.19601962397396866,1.0345539399767094,0.006547024818450875,False,gene-Pocillopora_meandrina_HIv1___RNAseq.g1894.t1,0.3370577597745572,0.4090635236657465,0.36578858864044167,0.3097673513457557,0.07200576389118929,0.02873082886588446,0.09929617231999077,0.056021237294685944,0.07200576389118929,0.02873082886588446,Medium Variability
gene-Pocillopora_meandrina_HIv1___RNAseq.g19046.t1,OG_15682,ptua,0.5353146368830148,0.4668002352475388,0.5287082237155696,0.6846853839732137,0.6100000104281142,0.4977542294815542,0.8159905261841176,-0.11224578094656007,False,gene-Pocillopora_meandrina_HIv1___RNAseq.g19046.t1,0.3937548927524756,0.40313361113750545,0.49204984981432937,0.4263794731542158,0.00937871838502985,0.09829495706185376,-0.02324586201671036,0.06567037666011355,0.00937871838502985,0.09829495706185376,Medium Variability
gene-Pocillopora_meandrina_HIv1___RNAseq.g19049.t1a,OG_01758,ptua,0.7506278269705626,0.5520664984027663,0.8853559091942564,0.7723713430761573,0.7614995850233599,0.7187112037985114,0.9438103682964766,-0.042788381224848515,False,gene-Pocillopora_meandrina_HIv1___RNAseq.g19049.t1a,0.4912406199139774,0.5283102601610954,0.5945881063886261,0.5138190191448544,0.03706964024711801,0.10334748647464875,0.014491241016240997,0.08076908724377174,0.03706964024711801,0.10334748647464875,Medium Variability
gene-Pocillopora_meandrina_HIv1___RNAseq.g19079.t1,OG_17640,ptua,0.5111479450419655,0.4048614273256537,0.37156492729140217,0.5199203165448797,0.5155341307934226,0.38821317730852795,0.7530309908115224,-0.12732095348489464,False,gene-Pocillopora_meandrina_HIv1___RNAseq.g19079.t1,0.611598681756509,0.547895985504741,0.6383577924721043,0.6052391872858714,-0.06370269625176805,0.026759110715595336,-0.057343201781130504,0.033118605186232886,0.06370269625176805,0.026759110715595336,Medium Variability
gene-Pocillopora_meandrina_HIv1___RNAseq.g19147.t1,OG_05514,ptua,0.19538514303846408,0.1935643083392064,0.15399290215827494,0.207295954716869,0.20134054887766656,0.17377860524874067,0.8631078350458239,-0.02756194362892589,False,gene-Pocillopora_meandrina_HIv1___RNAseq.g19147.t1,0.6915752138805951,0.6924984634378349,0.8675022084098913,0.7251284824835401,0.0009232495572398802,0.17592699452929628,-0.03263001904570517,0.14237372592635122,0.0009232495572398802,0.17592699452929628,Medium Variability
gene-Pocillopora_meandrina_HIv1___RNAseq.g19273.t1,OG_17222,ptua,0.7345352702695461,1.5049792202754624,0.4792474280243024,1.0972412676600005,0.9158882689647734,0.9921133241498824,1.083225277326967,0.07622505518510903,False,gene-Pocillopora_meandrina_HIv1___RNAseq.g19273.t1,0.45823884043053803,0.46309822713864307,0.6327659975558364,0.7298242034134007,0.00485938670810504,0.17452715712529837,-0.26672597627475764,-0.0970582058575643,0.00485938670810504,0.17452715712529837,Medium Variability
gene-Pocillopora_meandrina_HIv1___RNAseq.g19411.t1,OG_05308,ptua,0.15263629465321132,0.17167610948382214,0.15311442334672043,0.20045105209859151,0.17654367337590143,0.1623952664152713,0.9198588842631309,-0.014148406960630133,False,gene-Pocillopora_meandrina_HIv1___RNAseq.g19411.t1,7.05245610468254,7.269434086299081,6.843269409072683,7.261460044924812,0.21697798161654092,-0.2091866956098576,0.00797404137426927,-0.41819063585212923,0.21697798161654092,0.2091866956098576,Medium Variability
gene-Pocillopora_meandrina_HIv1___RNAseq.g19436.t1,OG_05304,ptua,0.38360344221432763,0.3532557164814056,0.42269155028463906,0.416532748004224,0.4000680951092758,0.3879736333830223,0.969768992143825,-0.012094461726253503,False,gene-Pocillopora_meandrina_HIv1___RNAseq.g19436.t1,0.39657867666473096,0.35705878013704995,0.4882423368919861,0.5076315892706156,-0.03951989652768101,0.09166366022725514,-0.15057280913356563,-0.019389252378629485,0.03951989652768101,0.09166366022725514,Medium Variability
gene-Pocillopora_meandrina_HIv1___RNAseq.g19437.t1,OG_05303,ptua,0.410036363771116,0.48478663446054027,0.48695884525620386,0.5646570842335745,0.48734672400234524,0.4858727398583721,0.9969754918390176,-0.0014739841439731505,False,gene-Pocillopora_meandrina_HIv1___RNAseq.g19437.t1,0.370247014619883,0.32585790243838764,0.34136991946533,0.3037377261487051,-0.04438911218149538,-0.028877095154553,0.022120176289682547,0.03763219331662493,0.04438911218149538,0.028877095154553,Medium Variability
gene-Pocillopora_meandrina_HIv1___RNAseq.g19573.t1,OG_01452,ptua,0.3556731225471023,0.3482386309754224,0.3528044533198742,0.3483753670379259,0.3520242447925141,0.3505215421476483,0.9957312524148685,-0.0015027026448657943,False,gene-Pocillopora_meandrina_HIv1___RNAseq.g19573.t1,25.418884963315698,26.22787343554488,24.914468728167645,26.20244410384294,0.8089884722291814,-0.504416235148053,0.025429331701939617,-1.2879753756752947,0.8089884722291814,0.504416235148053,Medium Variability
gene-Pocillopora_meandrina_HIv1___RNAseq.g19574.t1,OG_14038,ptua,0.13496679950063126,0.10955847900925877,0.12121247632789034,0.13157018720575533,0.1332684933531933,0.11538547766857456,0.8658121268226205,-0.01788301568461874,False,gene-Pocillopora_meandrina_HIv1___RNAseq.g19574.t1,16.433040527327215,16.667571263072503,16.050781167286704,16.598973402628967,0.23453073574528815,-0.38225936004051064,0.06859786044353555,-0.5481922353422632,0.23453073574528815,0.38225936004051064,Medium Variability
gene-Pocillopora_meandrina_HIv1___RNAseq.g19575.t1,OG_14037,ptua,0.13419709863016216,0.12172166747015743,0.14795692536553887,0.15850940374947148,0.14635325118981682,0.13483929641784814,0.9213276461003566,-0.011513954771968676,False,gene-Pocillopora_meandrina_HIv1___RNAseq.g19575.t1,0.33296415094783655,0.462130265791054,0.43192495473755965,0.46200666266432955,0.12916611484321744,0.0989608037897231,0.0001236031267244364,-0.030081707926769896,0.12916611484321744,0.0989608037897231,Medium Variability
gene-Pocillopora_meandrina_HIv1___RNAseq.g19691.t1,OG_16627,ptua,0.4844170667516492,0.5379981489896509,0.7542711117614509,0.8745733340784059,0.6794952004150275,0.6461346303755509,0.9509038915667095,-0.03336057003947668,False,gene-Pocillopora_meandrina_HIv1___RNAseq.g19691.t1,0.8215488333333333,0.2197802285714286,1.3109501033333335,0.84974746,-0.6017686047619046,0.4894012700000002,-0.6299672314285714,0.4612026433333335,0.6017686047619046,0.4894012700000002,Medium Variability
gene-Pocillopora_meandrina_HIv1___RNAseq.g19717.t1,OG_01781,ptua,0.16154897548232816,0.14289688486713037,0.1609883255684531,0.19539445925657115,0.17847171736944967,0.15194260521779174,0.8513539705748407,-0.02652911215165793,False,gene-Pocillopora_meandrina_HIv1___RNAseq.g19717.t1,0.6122941605326367,0.638339354821954,0.6944730417642467,0.657574557115835,0.026045194289317286,0.08217888123160999,-0.019235202293880982,0.03689848464841172,0.026045194289317286,0.08217888123160999,Medium Variability
gene-Pocillopora_meandrina_HIv1___RNAseq.g19724.t1,OG_15906,ptua,0.26330760835355244,0.2800209546960458,0.30939500566921124,0.2503966092353948,0.2568521087944736,0.29470798018262856,1.147383922856737,0.03785587138815494,False,gene-Pocillopora_meandrina_HIv1___RNAseq.g19724.t1,4.0814581450617275,3.1287825485008818,3.6028552174603172,3.3894727624338628,-0.9526755965608458,-0.4786029276014103,-0.260690213932981,0.21338245502645448,0.9526755965608458,0.4786029276014103,Medium Variability
gene-Pocillopora_meandrina_HIv1___RNAseq.g19748.t1,OG_05210,ptua,0.19400648068161616,0.12181360908623433,0.12832986242080843,0.1187662284970352,0.15638635458932568,0.12507173575352137,0.799761181734575,-0.0313146188358043,False,gene-Pocillopora_meandrina_HIv1___RNAseq.g19748.t1,0.5213789407521081,0.3763452121078249,0.3398738412760417,0.3439733666480655,-0.1450337286442832,-0.1815050994760664,0.03237184545975941,-0.004099525372023793,0.1450337286442832,0.1815050994760664,Medium Variability
gene-Pocillopora_meandrina_HIv1___RNAseq.g19816.t3,OG_17106,ptua,0.388378564745412,0.4142886721318038,0.4170790520612907,0.4049194297975244,0.3966489972714682,0.4156838620965473,1.047989191844727,0.0190348648250791,False,gene-Pocillopora_meandrina_HIv1___RNAseq.g19816.t3,1.085196100070028,1.351492694502801,1.179151761694678,1.63411913732493,0.26629659443277287,0.09395566162464997,-0.282626442822129,-0.4549673756302519,0.26629659443277287,0.09395566162464997,Medium Variability
gene-Pocillopora_meandrina_HIv1___RNAseq.g19853.t1,OG_05366,ptua,0.27613993331912073,0.2724054664229047,0.2986525443310353,0.2893172309685382,0.28272858214382945,0.28552900537697,1.0099049880698512,0.0028004232331405587,False,gene-Pocillopora_meandrina_HIv1___RNAseq.g19853.t1,0.5208130126552796,0.4141044515269151,0.5451652467236024,0.647375447210145,-0.10670856112836447,0.024352234068322876,-0.23327099568322984,-0.1022102004865425,0.10670856112836447,0.024352234068322876,Medium Variability
gene-Pocillopora_meandrina_HIv1___RNAseq.g19854.t1,OG_05367,ptua,0.21987004937038757,0.20744073349130446,0.23213426437079432,0.243173779014267,0.2315219141923273,0.21978749893104937,0.9493161789793685,-0.011734415261277914,False,gene-Pocillopora_meandrina_HIv1___RNAseq.g19854.t1,0.9105769624829105,0.7633573058266713,0.9028185595585679,0.912774083211679,-0.14721965665623926,-0.0077584029243426,-0.1494167773850077,-0.009955523653111031,0.14721965665623926,0.0077584029243426,Medium Variability
gene-Pocillopora_meandrina_HIv1___RNAseq.g199.t1,OG_04165,ptua,0.09924467361347711,0.10586480895712971,0.1851129089958733,0.1512909047157965,0.12526778916463682,0.1454888589765015,1.1614227404084585,0.020221069811864667,False,gene-Pocillopora_meandrina_HIv1___RNAseq.g199.t1,7.086658916547021,7.251329922654941,7.448778236420196,7.222031815530031,0.16467100610791974,0.3621193198731749,0.029298107124909656,0.22674642089016483,0.16467100610791974,0.3621193198731749,Medium Variability
gene-Pocillopora_meandrina_HIv1___RNAseq.g19955.t1,OG_01608,ptua,0.09400138006150072,0.06572389278704689,0.12408841744358141,0.1250535523622585,0.10952746621187961,0.09490615511531415,0.8665055295967433,-0.014621311096565462,False,gene-Pocillopora_meandrina_HIv1___RNAseq.g19955.t1,1.627064760754986,1.602434156228303,1.7445649770810887,1.7266791268045678,-0.024630604526682864,0.11750021632610275,-0.12424497057626471,0.017885850276520898,0.024630604526682864,0.11750021632610275,Medium Variability
gene-Pocillopora_meandrina_HIv1___RNAseq.g20079.t1,OG_01748,ptua,0.3834195715560444,0.37073718894664137,0.40519605036063816,0.32218110335370714,0.35280033745487577,0.38796661965363977,1.099677575289343,0.035166282198764,False,gene-Pocillopora_meandrina_HIv1___RNAseq.g20079.t1,0.3895660591917145,0.3194513732597846,0.4544037958009681,0.37943954616683556,-0.07011468593192988,0.06483773660925363,-0.05998817290705094,0.07496424963413256,0.07011468593192988,0.06483773660925363,Medium Variability
gene-Pocillopora_meandrina_HIv1___RNAseq.g20081.t1,OG_01747,ptua,0.16412733044851582,0.1774010342106729,0.18193892137296613,0.21371704021005208,0.18892218532928395,0.17966997779181954,0.9510263576438194,-0.009252207537464419,False,gene-Pocillopora_meandrina_HIv1___RNAseq.g20081.t1,0.5492235802974486,0.40729059265133943,0.5543617174853323,0.6107046996350116,-0.14193298764610912,0.005138137187883696,-0.20341410698367218,-0.056342982149679366,0.14193298764610912,0.005138137187883696,Medium Variability
gene-Pocillopora_meandrina_HIv1___RNAseq.g20093.t1,OG_14094,ptua,0.1342189095525054,0.12920784238578173,0.14198301280449893,0.13941899608892971,0.13681895282071754,0.13559542759514032,0.9910573411040465,-0.0012235252255772266,False,gene-Pocillopora_meandrina_HIv1___RNAseq.g20093.t1,16.490033367842447,16.397044801146382,15.13373825828924,14.643406082539682,-0.09298856669606437,-1.3562951095532068,1.7536387186067,0.49033217574955756,0.09298856669606437,1.3562951095532068,Medium Variability
gene-Pocillopora_meandrina_HIv1___RNAseq.g20104.t1,OG_01753,ptua,0.5863690980604984,0.5057018139932083,1.6301033686277955,0.5641447624488128,0.5752569302546556,1.067902591310502,1.856392396416261,0.4926456610558464,True,gene-Pocillopora_meandrina_HIv1___RNAseq.g20104.t1,0.48209652049130763,0.4298533985260771,0.5923347698639456,0.5452561653061224,-0.05224312196523051,0.11023824937263799,-0.1154027667800453,0.0470786045578232,0.05224312196523051,0.11023824937263799,High Variability
gene-Pocillopora_meandrina_HIv1___RNAseq.g20111.t1,OG_18275,ptua,0.7017267475316948,0.6000167096114034,0.78871277369324,0.8529489085031451,0.7773378280174199,0.6943647416523218,0.8932599400485643,-0.08297308636509815,False,gene-Pocillopora_meandrina_HIv1___RNAseq.g20111.t1,0.45494569639926846,0.410694669522821,0.5097575642306389,0.4374955018768006,-0.04425102687644744,0.05481186783137043,-0.026800832353979565,0.07226206235383831,0.04425102687644744,0.05481186783137043,Medium Variability
gene-Pocillopora_meandrina_HIv1___RNAseq.g20251.t1,OG_01475,ptua,0.17615308189702508,0.20757169773925643,0.22287151880826872,0.2516715094044805,0.21391229565075282,0.21522160827376258,1.0061207917900494,0.0013093126230097618,False,gene-Pocillopora_meandrina_HIv1___RNAseq.g20251.t1,0.5740181309503248,0.46404361258943994,0.5712741118595279,0.46654955658360064,-0.1099745183608849,-0.002744019090796912,-0.0025059439941607087,0.10472455527592728,0.1099745183608849,0.002744019090796912,Medium Variability
gene-Pocillopora_meandrina_HIv1___RNAseq.g20254.t1,OG_01579,ptua,0.18538267620638982,0.1936309640257462,0.26204052524791055,0.231628267401611,0.20850547180400042,0.22783574463682837,1.092708707668827,0.019330272832827955,False,gene-Pocillopora_meandrina_HIv1___RNAseq.g20254.t1,4.963007583235631,5.063377506531085,4.866920715963204,5.026509497979799,0.10036992329545402,-0.09608686727242688,0.036868008551286024,-0.15958878201659488,0.10036992329545402,0.09608686727242688,Medium Variability
gene-Pocillopora_meandrina_HIv1___RNAseq.g20404.t1,OG_15831,ptua,0.21862263748480268,0.2140803982239344,0.27333482984863366,0.22150514614393774,0.2200638918143702,0.24370761403628405,1.1074402621301362,0.023643722221913854,False,gene-Pocillopora_meandrina_HIv1___RNAseq.g20404.t1,0.40587587127158553,0.47154027634310136,0.5588954714634572,0.34729038243502525,0.06566440507151583,0.15301960019187166,0.12424989390807611,0.21160508902843195,0.06566440507151583,0.15301960019187166,Medium Variability
gene-Pocillopora_meandrina_HIv1___RNAseq.g20422.t1,OG_01486,ptua,0.11475574844172351,0.10083437007836267,0.09300206340029873,0.08881495374664092,0.10178535109418221,0.09691821673933071,0.9521823690488828,-0.0048671343548515045,False,gene-Pocillopora_meandrina_HIv1___RNAseq.g20422.t1,0.5662057090622711,0.357579439004884,0.41187862767765565,0.5616023774505494,-0.2086262700573871,-0.15432708138461543,-0.20402293844566544,-0.14972374977289377,0.2086262700573871,0.15432708138461543,Medium Variability
gene-Pocillopora_meandrina_HIv1___RNAseq.g20426.t1,OG_01489,ptua,0.2391893364406902,0.2427685400452726,0.26353993393345393,0.297284247408312,0.2682367919245011,0.25315423698936323,0.9437714907529051,-0.015082554935137882,False,gene-Pocillopora_meandrina_HIv1___RNAseq.g20426.t1,3.721628255382762,3.649540452209249,3.512731747785845,3.4489273587421505,-0.07208780317351282,-0.20889650759691714,0.20061309346709866,0.06380438904369434,0.07208780317351282,0.20889650759691714,Medium Variability
gene-Pocillopora_meandrina_HIv1___RNAseq.g20530.t1,OG_01630,ptua,0.23014742065355723,0.24664425704851628,0.35736365438667966,0.3507718150943531,0.2904596178739552,0.30200395571759797,1.0397450699967954,0.011544337843642782,False,gene-Pocillopora_meandrina_HIv1___RNAseq.g20530.t1,2.8389508692169647,2.776530941265797,2.8075016502214134,2.834025342147407,-0.062419927951167686,-0.03144921899555131,-0.05749440088160984,-0.026523691925993464,0.062419927951167686,0.03144921899555131,Medium Variability
gene-Pocillopora_meandrina_HIv1___RNAseq.g20538.t1,OG_01724,ptua,0.18604402380086033,0.16485771794978046,0.17434343828753965,0.26305867998454474,0.22455135189270253,0.16960057811866006,0.7552863818860479,-0.05495077377404248,False,gene-Pocillopora_meandrina_HIv1___RNAseq.g20538.t1,0.4459595495425244,0.5159826931811881,0.5477157207007695,0.5032051741110418,0.07002314363866363,0.10175617115824503,0.012777519070146237,0.04451054658972764,0.07002314363866363,0.10175617115824503,Medium Variability
gene-Pocillopora_meandrina_HIv1___RNAseq.g20694.t1,OG_16000,ptua,0.5549819957040191,0.7240720790794778,0.8489515963704521,0.8497009451694099,0.7023414704367145,0.7865118377249649,1.119842513693394,0.08417036728825045,False,gene-Pocillopora_meandrina_HIv1___RNAseq.g20694.t1,0.4520849037753447,0.43685146326034063,0.39281807470976715,0.39757627803614876,-0.015233440515004082,-0.059266829065577564,0.03927518522419188,-0.004758203326381605,0.015233440515004082,0.059266829065577564,Medium Variability
gene-Pocillopora_meandrina_HIv1___RNAseq.g20739.t1,OG_14901,ptua,0.29605077544107344,0.2900695093840112,0.22938478837136098,0.2674249248013848,0.2817378501212291,0.2597271488776861,0.9218752424139249,-0.022010701243542985,False,gene-Pocillopora_meandrina_HIv1___RNAseq.g20739.t1,0.506451220096175,0.47049576359953704,0.6338641979083994,0.46063425396825397,-0.035955456496638005,0.12741297781222438,0.009861509631283072,0.17322994394014546,0.035955456496638005,0.12741297781222438,Medium Variability
gene-Pocillopora_meandrina_HIv1___RNAseq.g20865.t1,OG_04467,ptua,0.546856290225017,0.45840294320148894,0.5752994992101309,0.4301162153522242,0.4884862527886206,0.51685122120581,1.058067076105545,0.02836496841718933,False,gene-Pocillopora_meandrina_HIv1___RNAseq.g20865.t1,0.40565332551166233,0.40738512147195427,0.46526117442964326,0.4587787039810136,0.0017317959602919375,0.05960784891798093,-0.05139358250905934,0.006482470448629651,0.0017317959602919375,0.05960784891798093,Medium Variability
gene-Pocillopora_meandrina_HIv1___RNAseq.g21004.t1,OG_02666,ptua,0.1518517770893887,0.1664421373163887,0.1950175764615271,0.17378611229665716,0.16281894469302294,0.1807298568889579,1.1100050871211824,0.017910912195934964,False,gene-Pocillopora_meandrina_HIv1___RNAseq.g21004.t1,3.110215940442959,3.1159475137520527,2.863965778313394,3.034202212362186,0.005731573309093907,-0.24625016212956474,0.08174530138986658,-0.17023643404879207,0.005731573309093907,0.24625016212956474,Medium Variability
gene-Pocillopora_meandrina_HIv1___RNAseq.g21079.t1,OG_03671,ptua,0.3416177148863088,0.42906546603352586,0.3024054327219697,0.2859987966630075,0.31380825577465815,0.36573544937774777,1.1654742749673797,0.051927193603089616,False,gene-Pocillopora_meandrina_HIv1___RNAseq.g21079.t1,0.3770248280392408,0.47054643512724054,0.5388634860477046,0.46607021636317003,0.09352160708799973,0.1618386580084638,0.004476218764070505,0.07279326968453459,0.09352160708799973,0.1618386580084638,Medium Variability
gene-Pocillopora_meandrina_HIv1___RNAseq.g21081.t1,OG_03673,ptua,0.15019108339699158,0.14791297963780115,0.194832432195715,0.17904993700655758,0.1646205102017746,0.17137270591675807,1.0410167342253243,0.006752195714983478,False,gene-Pocillopora_meandrina_HIv1___RNAseq.g21081.t1,3.2527426985965384,3.2015135017188294,3.1817920337368846,3.4264198730831317,-0.05122919687770899,-0.07095066485965384,-0.22490637136430225,-0.2446278393462471,0.05122919687770899,0.07095066485965384,Medium Variability
gene-Pocillopora_meandrina_HIv1___RNAseq.g2123.t1,OG_00460,ptua,0.1609189742683729,0.17806695704890155,0.1903661261359603,0.2142031825066512,0.18756107838751207,0.18421654159243092,0.9821682791342714,-0.003344536795081149,False,gene-Pocillopora_meandrina_HIv1___RNAseq.g2123.t1,0.4112666540156623,0.4240235226945498,0.5395159742203961,0.44113130847029075,0.012756868678887479,0.12824932020473379,-0.017107785775740958,0.09838466575010535,0.012756868678887479,0.12824932020473379,Medium Variability
gene-Pocillopora_meandrina_HIv1___RNAseq.g21507.t1,OG_17556,ptua,0.7114678888693733,0.7288599143443951,0.6074465769941789,0.8498256795716643,0.7806467842205188,0.668153245669287,0.8558970063989216,-0.11249353855123179,False,gene-Pocillopora_meandrina_HIv1___RNAseq.g21507.t1,1.1631665162654805,1.4024666701072737,1.3450434634222919,0.7744735496075353,0.23930015384179315,0.18187694715681135,0.6279931204997383,0.5705699138147565,0.23930015384179315,0.18187694715681135,Medium Variability
gene-Pocillopora_meandrina_HIv1___RNAseq.g2162.t1,OG_00572,ptua,0.09270199609738212,0.10029795921708244,0.0875368273389043,0.0805013722393745,0.08660168416837831,0.09391739327799337,1.0844753676544123,0.007315709109615057,False,gene-Pocillopora_meandrina_HIv1___RNAseq.g2162.t1,19.260756118421224,19.159934925734618,19.097622681700116,19.11936343988587,-0.10082119268660605,-0.16313343672110747,0.04057148584874781,-0.021740758185753606,0.10082119268660605,0.16313343672110747,Medium Variability
gene-Pocillopora_meandrina_HIv1___RNAseq.g21658.t1,OG_16359,ptua,0.7852315762588062,0.631753123258372,1.0428455118405973,0.7445308956597204,0.7648812359592634,0.8372993175494846,1.0946788575606765,0.07241808159022123,False,gene-Pocillopora_meandrina_HIv1___RNAseq.g21658.t1,1.721454132915005,1.5752259376905935,1.6151624538939713,1.4798581372742199,-0.14622819522441155,-0.10629167902103376,0.0953678004163736,0.1353043166197514,0.14622819522441155,0.10629167902103376,Medium Variability
gene-Pocillopora_meandrina_HIv1___RNAseq.g217.t1,OG_14514,ptua,0.11065175566421377,0.10871119393948478,0.10818405907183605,0.12548591701241518,0.11806883633831447,0.10844762650566042,0.9185118602754292,-0.009621209832654048,False,gene-Pocillopora_meandrina_HIv1___RNAseq.g217.t1,5.402996863912973,5.328019090862694,5.1674368360583545,5.084918564230663,-0.07497777305027942,-0.2355600278546186,0.24310052663203052,0.08251827182769134,0.07497777305027942,0.2355600278546186,Medium Variability
gene-Pocillopora_meandrina_HIv1___RNAseq.g21710.t1,OG_03857,ptua,0.23265677536278465,0.30008672867822866,0.26019793488289217,0.2324840062476095,0.2325703908051971,0.2801423317805604,1.2045485704807968,0.047571940975363325,False,gene-Pocillopora_meandrina_HIv1___RNAseq.g21710.t1,0.9195088922508494,0.815496701911977,0.8318734632383745,0.8206116316436252,-0.10401219033887243,-0.0876354290124749,-0.005114929731648177,0.01126183159474936,0.10401219033887243,0.0876354290124749,Medium Variability
gene-Pocillopora_meandrina_HIv1___RNAseq.g21711.t1,OG_03856,ptua,0.42311923519096883,0.47443213697010267,0.4373609096957069,0.612370232744021,0.517744733967495,0.45589652333290476,0.8805430425904184,-0.06184821063459023,False,gene-Pocillopora_meandrina_HIv1___RNAseq.g21711.t1,1.281035991210641,1.3708884357263107,1.2652856692196692,1.3093315072039073,0.08985244451566965,-0.015750321990971816,0.061556928522403354,-0.04404583798423811,0.08985244451566965,0.015750321990971816,Medium Variability
gene-Pocillopora_meandrina_HIv1___RNAseq.g21717.t1,OG_03850,ptua,0.1631121101512526,0.31161668520111047,0.310984913747635,0.4313869821285278,0.2972495461398902,0.3113007994743727,1.047270899205578,0.014051253334482539,False,gene-Pocillopora_meandrina_HIv1___RNAseq.g21717.t1,0.48218302804587115,0.4477027448861489,0.5323245470663265,0.4889996044642857,-0.034480283159722236,0.05014151902045533,-0.04129685957813678,0.043324942602040784,0.034480283159722236,0.05014151902045533,Medium Variability
gene-Pocillopora_meandrina_HIv1___RNAseq.g21724.t1,OG_14407,ptua,0.16977887912786785,0.14958546871777326,0.14308302425416422,0.14488382833934155,0.15733135373360468,0.14633424648596874,0.9301022524330632,-0.010997107247635945,False,gene-Pocillopora_meandrina_HIv1___RNAseq.g21724.t1,0.9547889265720756,0.8257804510601043,1.1361863683738722,1.1130555613680484,-0.12900847551197125,0.18139744180179662,-0.28727511030794406,0.023130807005823817,0.12900847551197125,0.18139744180179662,Medium Variability
gene-Pocillopora_meandrina_HIv1___RNAseq.g21821.t1,OG_02690,ptua,0.5143219209728924,0.49334162026629863,0.5435085474760523,0.605898380920922,0.5601101509469072,0.5184250838711755,0.9255770190823001,-0.04168506707573172,False,gene-Pocillopora_meandrina_HIv1___RNAseq.g21821.t1,0.45786774654288714,0.435419947644347,0.5227653644796761,0.4904411670602125,-0.02244779889854015,0.064897617936789,-0.05502121941586552,0.03232419741946363,0.02244779889854015,0.064897617936789,Medium Variability
gene-Pocillopora_meandrina_HIv1___RNAseq.g219.t1,OG_04331,ptua,0.3924604036281584,0.38103717045187097,0.5149300381100235,0.5075569688711558,0.45000868624965706,0.4479836042809472,0.9954999047116473,-0.0020250819687098742,False,gene-Pocillopora_meandrina_HIv1___RNAseq.g219.t1,17.655243901719576,17.88476711793012,18.034223357690202,17.19621282816092,0.22952321621054494,0.3789794559706259,0.6885542897692005,0.8380105295292815,0.22952321621054494,0.3789794559706259,Medium Variability
gene-Pocillopora_meandrina_HIv1___RNAseq.g22341.t1,OG_00314,ptua,0.0882768698614068,0.08871880798831078,0.07365076794197914,0.06526463925684912,0.07677075455912796,0.08118478796514496,1.0574962878945962,0.0044140334060169956,False,gene-Pocillopora_meandrina_HIv1___RNAseq.g22341.t1,4.638346874989719,4.262385534059133,4.497074566074513,4.519405589612633,-0.3759613409305862,-0.14127230891520615,-0.25702005555350027,-0.02233102353812022,0.3759613409305862,0.14127230891520615,Medium Variability
gene-Pocillopora_meandrina_HIv1___RNAseq.g22389.t1,OG_03628,ptua,0.5926510608291502,0.6672547064905789,0.753617355044606,0.6277818690105119,0.6102164649198311,0.7104360307675925,1.1642360893374586,0.10021956584776148,False,gene-Pocillopora_meandrina_HIv1___RNAseq.g22389.t1,2.354151276468742,2.435352889976846,2.3077455621390914,2.5662552503054648,0.08120161350810395,-0.04640571432965057,-0.1309023603286188,-0.2585096881663733,0.08120161350810395,0.04640571432965057,Medium Variability
gene-Pocillopora_meandrina_HIv1___RNAseq.g22397.t1,OG_14381,ptua,0.280578303691866,0.3151430626197699,0.22138385554100837,0.3210352769926219,0.30080679034224395,0.2682634590803891,0.89181317607615,-0.032543331261854824,False,gene-Pocillopora_meandrina_HIv1___RNAseq.g22397.t1,0.3677229951964926,0.4748094678059396,0.350824630030722,0.4834236966397849,0.10708647260944698,-0.01689836516577059,-0.008614228833845328,-0.1325990666090629,0.10708647260944698,0.01689836516577059,Medium Variability
gene-Pocillopora_meandrina_HIv1___RNAseq.g22398.t1,OG_03626,ptua,0.2402242796422811,0.29421351133603685,0.2756542266777163,0.2862647596951979,0.2632445196687395,0.28493386900687656,1.0823924059860026,0.021689349338137043,False,gene-Pocillopora_meandrina_HIv1___RNAseq.g22398.t1,0.3288254385790084,0.3793621487277808,0.4722532203629392,0.4086490835072231,0.05053671014877237,0.14342778178393079,-0.02928693477944233,0.06360413685571609,0.05053671014877237,0.14342778178393079,Medium Variability
gene-Pocillopora_meandrina_HIv1___RNAseq.g22401.t1,OG_14380,ptua,0.29925194585789344,0.37598340676761716,0.31994808039246664,0.3264945853699141,0.3128732656139038,0.3479657435800419,1.1121619576453152,0.035092477966138125,False,gene-Pocillopora_meandrina_HIv1___RNAseq.g22401.t1,0.5171126687131709,0.4893113625232256,0.5883696612199395,0.6552195599219621,-0.027801306189945252,0.07125699250676865,-0.16590819739873652,-0.06684989870202263,0.027801306189945252,0.07125699250676865,Medium Variability
gene-Pocillopora_meandrina_HIv1___RNAseq.g22571.t1,OG_16665,ptua,0.45062226449334564,0.4957318123160125,0.51590054878234,0.6089785967617991,0.5298004306275723,0.5058161805491763,0.9547296515973277,-0.023984250078395997,False,gene-Pocillopora_meandrina_HIv1___RNAseq.g22571.t1,1.1763911573226158,1.1598063361568987,1.297704667073667,1.1666902765059015,-0.016584821165717134,0.12131350975105115,-0.0068839403490028594,0.13101439056776543,0.016584821165717134,0.12131350975105115,Medium Variability
gene-Pocillopora_meandrina_HIv1___RNAseq.g22618.t1,OG_03451,ptua,0.1546504015488615,0.1600094377735792,0.2218518367541685,0.19459624405583636,0.17462332280234893,0.19093063726387385,1.0933856612039314,0.01630731446152492,False,gene-Pocillopora_meandrina_HIv1___RNAseq.g22618.t1,19.279998233978173,19.587470807251986,18.651323205309524,18.19900740727381,0.30747257327381305,-0.6286750286686491,1.3884633999781748,0.45231579803571265,0.30747257327381305,0.6286750286686491,Medium Variability
gene-Pocillopora_meandrina_HIv1___RNAseq.g22723.t1,OG_03484,ptua,0.45636112707551496,0.4530104407563092,0.8074166666813611,0.417455532315361,0.43690832969543797,0.6302135537188351,1.4424388616214923,0.19330522402339717,False,gene-Pocillopora_meandrina_HIv1___RNAseq.g22723.t1,0.5765199569342808,0.5686733529403967,0.7202758216831053,0.7062952608707179,-0.00784660399388415,0.1437558647488245,-0.13762190793032125,0.01398056081238741,0.00784660399388415,0.1437558647488245,Medium Variability
gene-Pocillopora_meandrina_HIv1___RNAseq.g22811.t1,OG_03429,ptua,0.09425183683034184,0.11852934769453924,0.07270153142625807,0.07493960604787386,0.08459572143910785,0.09561543956039865,1.130263303318748,0.011019718121290809,False,gene-Pocillopora_meandrina_HIv1___RNAseq.g22811.t1,0.3551167610000822,0.3736060505900978,0.3573564137675796,0.5468198848013818,0.018489289590015612,0.00223965276749738,-0.17321383421128395,-0.18946347103380218,0.018489289590015612,0.00223965276749738,Medium Variability
gene-Pocillopora_meandrina_HIv1___RNAseq.g23012.t1,OG_03270,ptua,0.17303040461991967,0.17474550472495784,0.20908513121974664,0.13524143924382034,0.15413592193187,0.19191531797235223,1.2451044219087435,0.03777939604048222,False,gene-Pocillopora_meandrina_HIv1___RNAseq.g23012.t1,0.3781621756058295,0.2951536552138056,0.42315114239959334,0.4224657636841213,-0.08300852039202389,0.04498896679376385,-0.1273121084703157,0.0006853787154720292,0.08300852039202389,0.04498896679376385,Medium Variability
gene-Pocillopora_meandrina_HIv1___RNAseq.g23023.t1,OG_03268,ptua,0.3977177692819623,0.2592773950162097,0.276932662712686,0.19424829314198797,0.2959830312119751,0.26810502886444787,0.9058121601317011,-0.027878002347527242,False,gene-Pocillopora_meandrina_HIv1___RNAseq.g23023.t1,5.152538455120937,5.2073927927059716,5.786881702753482,5.626816036734694,0.05485433758503433,0.634343247632545,-0.41942324402872266,0.16006566601878802,0.05485433758503433,0.634343247632545,Medium Variability
gene-Pocillopora_meandrina_HIv1___RNAseq.g23026.t1,OG_16485,ptua,0.532852403148999,0.45663142172945625,0.7220801483926763,0.576312090128788,0.5545822466388934,0.5893557850610662,1.0627022206948051,0.03477353842217279,False,gene-Pocillopora_meandrina_HIv1___RNAseq.g23026.t1,0.44059651168480723,0.39981342210430837,0.272094537877551,0.39832003556462586,-0.040783089580498866,-0.16850197380725623,0.0014933865396825063,-0.12622549768707486,0.040783089580498866,0.16850197380725623,Medium Variability
gene-Pocillopora_meandrina_HIv1___RNAseq.g23128.t1,OG_05718,ptua,0.265062222334818,0.28477850530031884,0.29768072986023475,0.2933497658328109,0.27920599408381447,0.29122961758027677,1.0430636295467672,0.012023623496462299,False,gene-Pocillopora_meandrina_HIv1___RNAseq.g23128.t1,2.1247863071374584,2.0143572002510526,2.0212040814544867,2.0430867406786524,-0.11042910688640584,-0.10358222568297171,-0.028729540427599787,-0.021882659224165657,0.11042910688640584,0.10358222568297171,Medium Variability
gene-Pocillopora_meandrina_HIv1___RNAseq.g23132.t1,OG_05717,ptua,0.8796595793875464,1.4446043595981102,1.7836914283335858,1.4722104969769387,1.1759350381822427,1.614147893965848,1.3726505644912101,0.43821285578360536,True,gene-Pocillopora_meandrina_HIv1___RNAseq.g23132.t1,0.29142549469980894,0.3978827889890138,0.4400024589451058,0.4650781210868607,0.10645729428920486,0.14857696424529687,-0.0671953320978469,-0.025075662141754884,0.10645729428920486,0.14857696424529687,Medium Variability
gene-Pocillopora_meandrina_HIv1___RNAseq.g23133.t1,OG_17591,ptua,1.463905409158434,1.093588687178327,1.7101035071827686,1.5309773274756162,1.4974413683170251,1.4018460971805478,0.9361609254565226,-0.09559527113647737,False,gene-Pocillopora_meandrina_HIv1___RNAseq.g23133.t1,0.3516802397178504,0.2790739851106403,0.47815615230024217,0.3358322655165456,-0.0726062546072101,0.12647591258239177,-0.056758280405905304,0.14232388678369656,0.0726062546072101,0.12647591258239177,Medium Variability
gene-Pocillopora_meandrina_HIv1___RNAseq.g23146.t1,OG_05713,ptua,0.29712761266020793,0.31757944633092405,0.3065571237181672,0.31970549431485895,0.30841655348753344,0.31206828502454564,1.011840257910021,0.003651731537012204,False,gene-Pocillopora_meandrina_HIv1___RNAseq.g23146.t1,0.4505792801579068,0.43101160563623786,0.4885161323997234,0.4418165709197787,-0.019567674521668965,0.03793685224181659,-0.010804965283540857,0.046699561479944696,0.019567674521668965,0.03793685224181659,Medium Variability
gene-Pocillopora_meandrina_HIv1___RNAseq.g23354.t1,OG_14276,ptua,0.29355725392392296,0.2972264191953919,0.33452898621463606,0.3108397039726257,0.30219847894827434,0.315877702705014,1.045265693607548,0.013679223756739634,False,gene-Pocillopora_meandrina_HIv1___RNAseq.g23354.t1,3.153063414177847,3.5406584670217622,3.1242738079459564,3.2779084813019654,0.38759505284391516,-0.02878960623189064,0.2627499857197968,-0.153634673356009,0.38759505284391516,0.02878960623189064,Medium Variability
gene-Pocillopora_meandrina_HIv1___RNAseq.g23591.t1,OG_17646,ptua,0.3438716305636781,0.34832596970877056,0.34551660490411235,0.3519156611459554,0.34789364585481675,0.34692128730644145,0.9972050120490529,-0.0009723585483752961,False,gene-Pocillopora_meandrina_HIv1___RNAseq.g23591.t1,0.5091798538091373,0.5878945400271851,0.5806258440012368,0.6017925779182127,0.07871468621804778,0.07144599019209952,-0.013898037891027615,-0.021166733916975877,0.07871468621804778,0.07144599019209952,Medium Variability
gene-Pocillopora_meandrina_HIv1___RNAseq.g23619.t1,OG_17666,ptua,0.4990919900405761,0.5126540454870913,0.6476780196178586,0.5535262084741366,0.5263090992573564,0.5801660325524749,1.1023294740127292,0.053856933295118536,False,gene-Pocillopora_meandrina_HIv1___RNAseq.g23619.t1,0.4435010260187729,0.38431210009920636,0.44509025925366297,0.3978236861858974,-0.05918892591956654,0.001589233234890075,-0.013511586086691063,0.04726657306776555,0.05918892591956654,0.001589233234890075,Medium Variability
gene-Pocillopora_meandrina_HIv1___RNAseq.g23669.t1,OG_17027,ptua,0.9833795943277819,1.0962983326155735,0.9961538665426797,1.391136596783996,1.187258095555889,1.0462260995791266,0.8812120157321569,-0.1410319959767623,False,gene-Pocillopora_meandrina_HIv1___RNAseq.g23669.t1,0.34952695081219404,0.4137022674714434,0.44120616034712956,0.422982522340899,0.06417531665924936,0.09167920953493552,-0.009280254869455606,0.018223638006230558,0.06417531665924936,0.09167920953493552,Medium Variability
gene-Pocillopora_meandrina_HIv1___RNAseq.g23802.t1,OG_10265,ptua,0.2561348828059563,0.29292410251622963,0.3576856393898771,0.3536089706453365,0.3048719267256464,0.3253048709530534,1.067021402878444,0.02043294422740699,False,gene-Pocillopora_meandrina_HIv1___RNAseq.g23802.t1,10.711662960104505,10.637838418770256,10.320351086910994,10.405897049675891,-0.07382454133424865,-0.39131187319351035,0.2319413690943648,-0.0855459627648969,0.07382454133424865,0.39131187319351035,Medium Variability
gene-Pocillopora_meandrina_HIv1___RNAseq.g23895.t1,OG_16592,ptua,0.604643092532008,0.5699605260596846,0.6102147220737897,0.6026984501344684,0.6036707713332382,0.5900876240667372,0.9774990807712921,-0.013583147266501006,False,gene-Pocillopora_meandrina_HIv1___RNAseq.g23895.t1,0.5135245956048581,0.4897258945069745,0.6109195363347764,0.6437041591558441,-0.023798701097883568,0.09739494072991828,-0.1539782646488696,-0.032784622821067755,0.023798701097883568,0.09739494072991828,Medium Variability
gene-Pocillopora_meandrina_HIv1___RNAseq.g23920.t1,OG_02967,ptua,0.4003077057826372,0.39111956042516477,0.39455355751514193,0.4149645389848376,0.40763612238373736,0.39283655897015335,0.963694180665245,-0.014799563413584016,False,gene-Pocillopora_meandrina_HIv1___RNAseq.g23920.t1,0.7893944948136091,0.9044914738542066,0.9429561029873612,0.7146785277352228,0.11509697904059746,0.15356160817375208,0.1898129461189838,0.22827757525213843,0.11509697904059746,0.15356160817375208,Medium Variability
gene-Pocillopora_meandrina_HIv1___RNAseq.g23923.t1,OG_14262,ptua,0.3118134788156804,0.2986140255245199,0.3075584318096727,0.3287172510316363,0.3202653649236583,0.3030862286670963,0.9463596812578937,-0.017179136256562033,False,gene-Pocillopora_meandrina_HIv1___RNAseq.g23923.t1,0.3906636006519274,0.41217956484962404,0.4289211154672395,0.4700817225921948,0.021515964197696635,0.03825751481531209,-0.05790215774257074,-0.041160607124955284,0.021515964197696635,0.03825751481531209,Medium Variability
gene-Pocillopora_meandrina_HIv1___RNAseq.g24031.t1,OG_14257,ptua,0.2998524096858496,0.23072907119048858,0.3547074461594024,0.23594351170690275,0.26789796069637617,0.2927182586749455,1.0926483274230652,0.024820297978569328,False,gene-Pocillopora_meandrina_HIv1___RNAseq.g24031.t1,0.4615024097074153,0.3680535353441128,0.40907619186211797,0.39952503310234544,-0.09344887436330251,-0.05242621784529733,-0.03147149775823266,0.009551158759772527,0.09344887436330251,0.05242621784529733,Medium Variability
gene-Pocillopora_meandrina_HIv1___RNAseq.g24033.t1,OG_02924,ptua,1.6220728360755217,1.3251364692441157,1.2919027494701327,1.6558251889749012,1.6389490125252113,1.3085196093571243,0.7983894552894127,-0.330429403168087,False,gene-Pocillopora_meandrina_HIv1___RNAseq.g24033.t1,0.7352818159507013,1.1325007860376248,1.125558800201562,1.142638902292769,0.39721897008692353,0.39027698425086066,-0.010138116255144158,-0.017080102091207028,0.39721897008692353,0.39027698425086066,Medium Variability
gene-Pocillopora_meandrina_HIv1___RNAseq.g24081.t1,OG_16789,ptua,0.4306384012861154,0.44527930154353496,0.5287831660456128,0.6123693549131639,0.5215038780996397,0.4870312337945739,0.9338976261678358,-0.0344726443050658,False,gene-Pocillopora_meandrina_HIv1___RNAseq.g24081.t1,0.7186295430462756,0.638893472078605,0.7488129479743345,0.7425304307402695,-0.07973607096767055,0.030183404928058932,-0.10363695866166445,0.006282517234065033,0.07973607096767055,0.030183404928058932,Medium Variability
gene-Pocillopora_meandrina_HIv1___RNAseq.g24106.t1,OG_05637,ptua,0.7613561247476136,0.6594831987042248,0.4877942146261537,0.6184336173579924,0.689894871052803,0.5736387066651892,0.8314871304809052,-0.11625616438761377,False,gene-Pocillopora_meandrina_HIv1___RNAseq.g24106.t1,0.4480225184563229,0.47408719023704404,0.5023354195837275,0.5974573810785241,0.026064671780721138,0.05431290112740461,-0.12337019084148004,-0.09512196149479657,0.026064671780721138,0.05431290112740461,Medium Variability
gene-Pocillopora_meandrina_HIv1___RNAseq.g24113.t1,OG_07183,ptua,0.5373157624043223,0.5828981147062917,0.5616981935419968,0.5997446876399571,0.5685302250221398,0.5722981541241443,1.0066274912681341,0.003767929102004519,False,gene-Pocillopora_meandrina_HIv1___RNAseq.g24113.t1,0.41615709287118247,0.43613362808045525,0.5170047785392201,0.4454282245329766,0.019976535209272783,0.10084768566803765,-0.009294596452521342,0.07157655400624352,0.019976535209272783,0.10084768566803765,Medium Variability
gene-Pocillopora_meandrina_HIv1___RNAseq.g24442.t1,OG_14804,ptua,0.4911703677574869,0.6722387112188891,0.8258270376421583,0.9795888869603512,0.735379627358919,0.7490328744305237,1.0185662568878058,0.013653247071604646,False,gene-Pocillopora_meandrina_HIv1___RNAseq.g24442.t1,0.3975581410851122,0.5755322275916803,0.5240260866912971,0.5615469351313629,0.1779740865065681,0.1264679456061849,0.013985292460317433,-0.03752084844006576,0.1779740865065681,0.1264679456061849,Medium Variability
gene-Pocillopora_meandrina_HIv1___RNAseq.g24447.t1b,OG_18325,ptua,0.0,0.18042937142221396,1.4142135623730951,0.21615838971578105,0.10807919485789053,0.7973214668976546,7.377196582062108,0.6892422720397641,True,gene-Pocillopora_meandrina_HIv1___RNAseq.g24447.t1b,0.11467124627976188,0.4045913723544974,0.5511439191964286,0.3280242598214286,0.2899201260747355,0.4364726729166667,0.0765671125330688,0.223119659375,0.2899201260747355,0.4364726729166667,High Variability
gene-Pocillopora_meandrina_HIv1___RNAseq.g24462.t1,OG_17124,ptua,0.37774724913049745,0.38916090553598737,0.4358677032242999,0.38871400603183637,0.3832306275811669,0.41251430438014364,1.0764126734436814,0.029283676798976754,False,gene-Pocillopora_meandrina_HIv1___RNAseq.g24462.t1,0.4328796432527223,0.5023710821995465,0.6305792948568438,0.5451767077222097,0.06949143894682419,0.1976996516041215,-0.042805625522663204,0.08540258713463411,0.06949143894682419,0.1976996516041215,Medium Variability
gene-Pocillopora_meandrina_HIv1___RNAseq.g24463.t1,OG_15087,ptua,0.404386668212742,0.18135332416417063,0.9422452174533263,0.388568921949664,0.396477795081203,0.5617992708087485,1.4169753710764201,0.16532147572754546,False,gene-Pocillopora_meandrina_HIv1___RNAseq.g24463.t1,0.47111749324700636,0.4250074929337232,0.44037614802631575,0.6953491964807853,-0.04611000031328316,-0.030741345220690608,-0.2703417035470621,-0.25497304845446955,0.04611000031328316,0.030741345220690608,Medium Variability
gene-Pocillopora_meandrina_HIv1___RNAseq.g24466.t1,OG_15086,ptua,0.2585410115096021,0.23566824874609324,0.3791168398520394,0.34835788108485105,0.3034494462972266,0.3073925442990663,1.0129942501130074,0.003943098001839729,False,gene-Pocillopora_meandrina_HIv1___RNAseq.g24466.t1,0.35957426362702444,0.39545596762650065,0.547064561922891,0.49464794191443073,0.03588170399947621,0.18749029829586655,-0.09919197428793008,0.05241662000846026,0.03588170399947621,0.18749029829586655,Medium Variability
gene-Pocillopora_meandrina_HIv1___RNAseq.g24468.t1,OG_16585,ptua,0.6838922093642418,0.5528177002563579,0.5007268555971329,0.7531065749802609,0.7184993921722513,0.5267722779267454,0.7331561914536154,-0.19172711424550593,False,gene-Pocillopora_meandrina_HIv1___RNAseq.g24468.t1,0.41097200989858906,0.32396113446502056,0.41017388051146386,0.37684468170194,-0.0870108754335685,-0.0007981293871252015,-0.05288354723691946,0.03332919880952384,0.0870108754335685,0.0007981293871252015,Medium Variability
gene-Pocillopora_meandrina_HIv1___RNAseq.g24469.t1,OG_16586,ptua,0.3751875162263584,0.27927228421860656,0.29162118507510876,0.2933929638473018,0.33429024003683006,0.28544673464685766,0.8538889278233456,-0.0488435053899724,False,gene-Pocillopora_meandrina_HIv1___RNAseq.g24469.t1,0.4010206423761424,0.4059277576298701,0.41961421847041847,0.4395278530723905,0.004907115253727723,0.018593576094276087,-0.033600095442520406,-0.01991363460197204,0.004907115253727723,0.018593576094276087,Medium Variability
gene-Pocillopora_meandrina_HIv1___RNAseq.g24668.t1,OG_17045,ptua,0.22596603586607558,0.21853704318523862,0.22282352744613937,0.20925173663562063,0.21760888625084812,0.220680285315689,1.0141143090144782,0.003071399064840885,False,gene-Pocillopora_meandrina_HIv1___RNAseq.g24668.t1,0.25722398475228475,0.371273259018759,0.4528343174001924,0.44250694963924964,0.11404927426647427,0.19561033264790767,-0.07123369062049062,0.010327367760942785,0.11404927426647427,0.19561033264790767,Medium Variability
gene-Pocillopora_meandrina_HIv1___RNAseq.g24673.t1,OG_16944,ptua,0.8824046910167053,0.8151825224610891,0.8949699141224832,0.8173060154881847,0.849855353252445,0.8550762182917861,1.0061432395752532,0.00522086503934116,False,gene-Pocillopora_meandrina_HIv1___RNAseq.g24673.t1,0.31671112498602727,0.508287525297619,0.3666247158618377,0.44199834392186454,0.19157640031159173,0.04991359087581043,0.06628918137575446,-0.07537362806002684,0.19157640031159173,0.04991359087581043,Medium Variability
gene-Pocillopora_meandrina_HIv1___RNAseq.g24734.t1,OG_07153,ptua,0.7221681198082899,0.7672742836828905,1.1063224956112496,0.9308872231050915,0.8265276714566907,0.9367983896470701,1.133414430028744,0.11027071819037937,False,gene-Pocillopora_meandrina_HIv1___RNAseq.g24734.t1,0.4672970338066925,0.3688919078962503,0.47718972289908157,0.48873025081223126,-0.0984051259104422,0.009892689092389051,-0.11983834291598094,-0.01154052791314969,0.0984051259104422,0.009892689092389051,Medium Variability
gene-Pocillopora_meandrina_HIv1___RNAseq.g24736.t1a,OG_15060,ptua,0.7976140908350183,0.6870953286441496,0.6305186601530327,0.8598881996019386,0.8287511452184785,0.6588069943985911,0.7949394678964986,-0.16994415081988734,False,gene-Pocillopora_meandrina_HIv1___RNAseq.g24736.t1a,0.3885988202283618,0.36824609762279126,0.49827244078167116,0.37529710060197663,-0.020352722605570528,0.10967362055330937,-0.007051002979185372,0.12297534017969453,0.020352722605570528,0.10967362055330937,Medium Variability
gene-Pocillopora_meandrina_HIv1___RNAseq.g25127.t1,OG_14189,ptua,1.0504730003336125,1.43153234649479,1.4674072071368256,1.333279984652221,1.1918764924929168,1.4494697768158078,1.2161241420108149,0.25759328432289097,True,gene-Pocillopora_meandrina_HIv1___RNAseq.g25127.t1,0.37347445457801004,0.6500530446380177,0.19865584099883857,0.13066966422764228,0.2765785900600077,-0.17481861357917147,0.5193833804103755,0.06798617677119628,0.2765785900600077,0.17481861357917147,Medium Variability
gene-Pocillopora_meandrina_HIv1___RNAseq.g25129.t1,OG_07265,ptua,0.850369145464776,0.7392514045967183,0.738070902422865,1.184382844018534,1.017375994741655,0.7386611535097917,0.7260453925860143,-0.2787148412318633,False,gene-Pocillopora_meandrina_HIv1___RNAseq.g25129.t1,0.7149071654825909,0.3906576875640041,0.6091124531874039,0.5506810371351767,-0.3242494779185868,-0.105794712295187,-0.1600233495711726,0.058431416052227236,0.3242494779185868,0.105794712295187,Medium Variability
gene-Pocillopora_meandrina_HIv1___RNAseq.g25133.t1,OG_02439,ptua,0.2927266737898139,0.21740095506216886,0.26573418295170703,0.33202470860130645,0.3123756911955602,0.24156756900693793,0.7733238399005464,-0.07080812218862226,False,gene-Pocillopora_meandrina_HIv1___RNAseq.g25133.t1,0.4918126243457615,0.467047339901888,0.41442086104544934,0.5002366699411899,-0.024765284443873492,-0.07739176330031217,-0.033189330039301856,-0.08581580889574053,0.024765284443873492,0.07739176330031217,Medium Variability
gene-Pocillopora_meandrina_HIv1___RNAseq.g25357.t1,OG_04372,ptua,0.28085875371657926,0.2812097115304248,0.2889724398340957,0.32612646115720295,0.3034926074368911,0.2850910756822602,0.9393674465087017,-0.018401531754630884,False,gene-Pocillopora_meandrina_HIv1___RNAseq.g25357.t1,0.7704248603556486,0.6199295695170851,0.7466733837368001,0.709409841654214,-0.1504952908385635,-0.023751476618848466,-0.08948027213712884,0.0372635420825862,0.1504952908385635,0.023751476618848466,Medium Variability
gene-Pocillopora_meandrina_HIv1___RNAseq.g25600.t1,OG_06373,ptua,0.29773045014978744,0.401577741862104,0.34057306427294093,0.3174823756933139,0.30760641292155066,0.37107540306752246,1.2063318171528445,0.0634689901459718,False,gene-Pocillopora_meandrina_HIv1___RNAseq.g25600.t1,0.6032648529967448,0.7067157802946408,0.7825280230594986,0.6318682483036343,0.10345092729789596,0.17926317006275383,0.07484753199100647,0.15065977475586434,0.10345092729789596,0.17926317006275383,Medium Variability
gene-Pocillopora_meandrina_HIv1___RNAseq.g25664.t1,OG_14156,ptua,0.4627352011229934,0.33869226621680165,0.3628092228970522,0.5882869674485416,0.5255110842857675,0.3507507445569269,0.6674469008272949,-0.17476033972884064,False,gene-Pocillopora_meandrina_HIv1___RNAseq.g25664.t1,0.5368104966635631,0.4912903577746741,0.4299253362596435,0.5162065344506518,-0.04552013888888895,-0.10688516040391954,-0.024916176675977675,-0.08628119819100827,0.04552013888888895,0.10688516040391954,Low Variability
gene-Pocillopora_meandrina_HIv1___RNAseq.g25776.t1,OG_06430,ptua,0.07444268911928603,0.06706761096656465,0.058333120053402486,0.05757253798957338,0.0660076135544297,0.06270036550998356,0.9498959609906364,-0.00330724804444614,False,gene-Pocillopora_meandrina_HIv1___RNAseq.g25776.t1,5.015322403674221,5.2883915326185695,5.170903659738956,5.6321046357716575,0.2730691289443481,0.1555812560647345,-0.343713103153088,-0.4612009760327016,0.2730691289443481,0.1555812560647345,Medium Variability
gene-Pocillopora_meandrina_HIv1___RNAseq.g25964.t2,OG_07531,ptua,0.42592146167880623,0.45941521665303037,0.5010342417226894,0.42119060361502225,0.4235560326469142,0.48022472918785986,1.1337926795347664,0.05666869654094564,False,gene-Pocillopora_meandrina_HIv1___RNAseq.g25964.t2,0.41382035279444235,0.38690566330250387,0.6004117398575177,0.49888303547056617,-0.02691468949193848,0.18659138706307538,-0.1119773721680623,0.10152870438695155,0.02691468949193848,0.18659138706307538,Medium Variability
gene-Pocillopora_meandrina_HIv1___RNAseq.g2598.t1,OG_15877,ptua,1.0429332042221737,0.8581809021538972,1.0926812887162247,1.055139596533908,1.049036400378041,0.9754310954350609,0.9298353184727861,-0.07360530494298012,False,gene-Pocillopora_meandrina_HIv1___RNAseq.g2598.t1,0.46392840074551517,0.34595474100685636,0.4205528965694562,0.38895960041561,-0.11797365973865881,-0.043375504176058954,-0.04300485940875365,0.031593296153846206,0.11797365973865881,0.043375504176058954,Medium Variability
gene-Pocillopora_meandrina_HIv1___RNAseq.g2602.t1,OG_00632,ptua,0.6949473457933514,0.5207757592844926,0.7342726382118214,0.6202346305917124,0.6575909881925319,0.627524198748157,0.9542773700001317,-0.03006678944437491,False,gene-Pocillopora_meandrina_HIv1___RNAseq.g2602.t1,0.4899557305203162,0.5458219542815775,0.45091580466078324,0.44944674908990623,0.055866223761261324,-0.039039925859532976,0.09637520519167131,0.0014690555708770092,0.055866223761261324,0.039039925859532976,Medium Variability
gene-Pocillopora_meandrina_HIv1___RNAseq.g26177.t1,OG_15121,ptua,0.24970192784824527,0.23343710857192565,0.2973116630679277,0.26763681442965065,0.25866937113894795,0.2653743858199267,1.0259211774917758,0.006705014680978727,False,gene-Pocillopora_meandrina_HIv1___RNAseq.g26177.t1,8.80233676467467,8.82877700022483,8.620079094840147,8.672561730163226,0.02644023555015984,-0.18225766983452374,0.15621527006160463,-0.05248263532307895,0.02644023555015984,0.18225766983452374,Medium Variability
gene-Pocillopora_meandrina_HIv1___RNAseq.g26200.t1,OG_15283,ptua,1.7320508075688772,1.7320508075688774,0.6697515836835649,0.15551999163361047,0.9437853996012439,1.2009011956262212,1.2724303598398647,0.25711579602497736,True,gene-Pocillopora_meandrina_HIv1___RNAseq.g26200.t1,0.8527629171411317,0.8033191087962963,1.2809104068668047,1.2342567165286404,-0.049443808344835416,0.42814748972567296,-0.43093760773234413,0.046653690338164244,0.049443808344835416,0.42814748972567296,Medium Variability
gene-Pocillopora_meandrina_HIv1___RNAseq.g2633.t1,OG_17176,ptua,0.33805314790635,0.33930931198912345,0.3717923575498195,0.4352483671496233,0.3866507575279866,0.35555083476947147,0.9195658558712017,-0.03109992275851514,False,gene-Pocillopora_meandrina_HIv1___RNAseq.g2633.t1,0.3741673014384921,0.3791117841847042,0.4325283073971862,0.48341856166666664,0.00494448274621212,0.05836100595869409,-0.10430677748196243,-0.05089025426948046,0.00494448274621212,0.05836100595869409,Medium Variability
gene-Pocillopora_meandrina_HIv1___RNAseq.g26354.t1,OG_07389,ptua,0.4416668219638159,0.38892109702192557,0.3524550686279525,0.33214454558176154,0.3869056837727887,0.37068808282493904,0.9580838389611936,-0.016217600947849686,False,gene-Pocillopora_meandrina_HIv1___RNAseq.g26354.t1,0.36390251524372186,0.3854743710613599,0.5208062277007818,0.43071861357498226,0.02157185581763804,0.15690371245705992,-0.04524424251362236,0.09008761412579952,0.02157185581763804,0.15690371245705992,Medium Variability
gene-Pocillopora_meandrina_HIv1___RNAseq.g26470.t1,OG_16145,ptua,1.157047649904146,1.3035560268037436,1.2527654892757645,1.3792687361270972,1.2681581930156216,1.278160758039754,1.0078874741962174,0.010002565024132437,False,gene-Pocillopora_meandrina_HIv1___RNAseq.g26470.t1,0.8533198477297896,0.7948751171557771,0.687483019435216,0.6601327857142857,-0.05844473057401256,-0.1658368282945737,0.1347423314414914,0.02735023372093026,0.05844473057401256,0.1658368282945737,Medium Variability
gene-Pocillopora_meandrina_HIv1___RNAseq.g26471.t1,OG_16654,ptua,0.5989521409977565,0.6166084781011082,0.7047170388324606,0.6820781155227578,0.6405151282602571,0.6606627584667844,1.0314553541635332,0.02014763020652721,False,gene-Pocillopora_meandrina_HIv1___RNAseq.g26471.t1,33.06530886428571,27.061851691666668,25.38923904166667,32.381000525,-6.0034571726190435,-7.676069822619041,-5.31914883333333,-6.9917614833333275,6.0034571726190435,7.676069822619041,Medium Variability
gene-Pocillopora_meandrina_HIv1___RNAseq.g26639.t1,OG_17389,ptua,0.5323338899091227,0.5261934523300039,0.5360229845099832,0.5310651157407654,0.531699502824944,0.5311082184199936,0.9988879350050001,-0.0005912844049504873,False,gene-Pocillopora_meandrina_HIv1___RNAseq.g26639.t1,0.6321662680618073,0.624480186975177,0.735821637376609,0.636366558129985,-0.00768608108663027,0.10365536931480168,-0.011886371154807951,0.099455079246624,0.00768608108663027,0.10365536931480168,Medium Variability
gene-Pocillopora_meandrina_HIv1___RNAseq.g26720.t1,OG_10251,ptua,0.14075364867656112,0.2879683982240637,0.7243088659444226,0.2252950494800741,0.1830243490783176,0.5061386320842431,2.7654169220274745,0.32311428300592554,True,gene-Pocillopora_meandrina_HIv1___RNAseq.g26720.t1,14.875455460833335,13.575856683896825,13.829967191238095,14.607373449333334,-1.2995987769365094,-1.0454882695952392,-1.0315167654365087,-0.7774062580952386,1.2995987769365094,1.0454882695952392,High Variability
gene-Pocillopora_meandrina_HIv1___RNAseq.g26893.t1,OG_15644,ptua,0.10434658947163572,0.18954877596544464,0.1602581247707252,0.3859102533900268,0.24512842143083127,0.1749034503680849,0.7135176302574854,-0.07022497106274636,False,gene-Pocillopora_meandrina_HIv1___RNAseq.g26893.t1,0.45822707419825076,0.587864082377713,0.4670788738872692,0.6284154989115646,0.12963700817946228,0.008851799689018447,-0.040551416533851525,-0.16133662502429535,0.12963700817946228,0.008851799689018447,Medium Variability
gene-Pocillopora_meandrina_HIv1___RNAseq.g27067.t1,OG_15738,ptua,0.0874195094638893,0.07870768514719127,0.07141868996853248,0.05983354048288212,0.0736265249733857,0.07506318755786187,1.0195128397679436,0.0014366625844761671,False,gene-Pocillopora_meandrina_HIv1___RNAseq.g27067.t1,15.384491132645502,15.30179723058201,14.960188270349208,14.676005156698414,-0.08269390206349314,-0.4243028622962939,0.6257920738835949,0.2841831136507942,0.08269390206349314,0.4243028622962939,Medium Variability
gene-Pocillopora_meandrina_HIv1___RNAseq.g27374.t1,OG_17006,ptua,0.12724464599801255,0.14352512284298996,0.13405986373509315,0.17619624013732615,0.15172044306766935,0.13879249328904156,0.9147909832239169,-0.012927949778627795,False,gene-Pocillopora_meandrina_HIv1___RNAseq.g27374.t1,0.7221745751857716,0.7586435267389966,0.6784431101371851,0.6701644110407597,0.03646895155322505,-0.04373146504858649,0.08847911569823685,0.008278699096425313,0.03646895155322505,0.04373146504858649,Medium Variability
gene-Pocillopora_meandrina_HIv1___RNAseq.g27377.t1,OG_08271,ptua,0.3531646439859069,0.345599032147452,0.3925585128523065,0.3860230327341753,0.3695938383600411,0.36907877249987925,0.9986064003056779,-0.0005150658601618674,False,gene-Pocillopora_meandrina_HIv1___RNAseq.g27377.t1,2.2364290429590596,2.2342929937044627,2.236776444421676,2.378667187851288,-0.0021360492545969834,0.000347401462616137,-0.14437419414682529,-0.14189074342961217,0.0021360492545969834,0.000347401462616137,Medium Variability
gene-Pocillopora_meandrina_HIv1___RNAseq.g27464.t1,OG_16092,ptua,0.9295536953594415,0.6326205936761689,0.7018290171568407,1.3880893612249372,1.1588215282921894,0.6672248054165048,0.5757787451531262,-0.4915967228756847,False,gene-Pocillopora_meandrina_HIv1___RNAseq.g27464.t1,0.34413326911518033,0.3696373524718107,0.3676430500326158,0.3713916080514398,0.025504083356630347,0.023509780917435497,-0.0017542555796291048,-0.0037485580188239553,0.025504083356630347,0.023509780917435497,Low Variability
gene-Pocillopora_meandrina_HIv1___RNAseq.g27504.t1,OG_08259,ptua,0.5954362912040728,0.7077315324602149,0.7015398050085897,0.796984677087732,0.6962104841459025,0.7046356687344023,1.0121014905410908,0.008425184588499834,False,gene-Pocillopora_meandrina_HIv1___RNAseq.g27504.t1,0.457071312713837,0.4514555261979546,0.440618059313478,0.4623491478462057,-0.005615786515882404,-0.01645325340035897,-0.010893621648251084,-0.02173108853272765,0.005615786515882404,0.01645325340035897,Medium Variability
gene-Pocillopora_meandrina_HIv1___RNAseq.g27709.t1,OG_07822,ptua,0.7434664301920525,0.8560340694792471,0.7812858350224517,0.7257927776613506,0.7346296039267015,0.8186599522508494,1.1143846475489056,0.08403034832414791,False,gene-Pocillopora_meandrina_HIv1___RNAseq.g27709.t1,0.2986595546491577,0.38844565892912414,0.464652903030906,0.34466073036874917,0.08978610427996642,0.16599334838174828,0.04378492856037497,0.11999217266215684,0.08978610427996642,0.16599334838174828,Medium Variability
gene-Pocillopora_meandrina_HIv1___RNAseq.g27710.t1,OG_07821,ptua,0.292910500134231,0.532602043970564,0.09375840597998518,0.33885633317116126,0.31588341665269615,0.3131802249752746,0.9914424387767288,-0.002703191677421557,False,gene-Pocillopora_meandrina_HIv1___RNAseq.g27710.t1,0.3710161443588546,0.4077216421179583,0.34341516324929977,0.4250488190009337,0.0367054977591037,-0.027600981109554834,-0.017327176882975415,-0.08163365575163395,0.0367054977591037,0.027600981109554834,Medium Variability
gene-Pocillopora_meandrina_HIv1___RNAseq.g27741.t1,OG_07807,ptua,1.260337072665282,1.1495562539142956,1.204117322201126,1.1797702655785784,1.2200536691219304,1.1768367880577109,0.9645778852537507,-0.0432168810642195,False,gene-Pocillopora_meandrina_HIv1___RNAseq.g27741.t1,0.4664701553562285,0.35923382842513346,0.5509267196181699,0.44939450863506697,-0.10723632693109503,0.08445656426194137,-0.09016068020993351,0.10153221098310289,0.10723632693109503,0.08445656426194137,Medium Variability
gene-Pocillopora_meandrina_HIv1___RNAseq.g27761.t1a,OG_17098,ptua,0.24253793719361924,0.20774248478705423,0.35388275889976917,0.3002357435033142,0.2713868403484667,0.2808126218434117,1.0347319032965714,0.009425781494944996,False,gene-Pocillopora_meandrina_HIv1___RNAseq.g27761.t1a,1.5016250286628257,1.5777610590772362,1.7864724616756906,1.6490523832569761,0.07613603041441053,0.28484743301286497,-0.07129132417973993,0.1374200784187145,0.07613603041441053,0.28484743301286497,Medium Variability
gene-Pocillopora_meandrina_HIv1___RNAseq.g27865.t1,OG_07892,ptua,0.16170501660837025,0.152072707862959,0.20295673900714944,0.24619015074203462,0.20394758367520244,0.17751472343505423,0.8703938543236484,-0.02643286024014821,False,gene-Pocillopora_meandrina_HIv1___RNAseq.g27865.t1,7.884416331965812,8.061975159157509,7.604677487582418,7.579262177501832,0.1775588271916968,-0.27973884438339436,0.482712981655677,0.02541531008058584,0.1775588271916968,0.27973884438339436,Medium Variability
gene-Pocillopora_meandrina_HIv1___RNAseq.g27915.t1,OG_07836,ptua,0.5512288318452339,0.5211639224832623,0.46259592657801923,0.4723915663471861,0.51181019909621,0.4918799245306408,0.9610592469615427,-0.019930274565569173,False,gene-Pocillopora_meandrina_HIv1___RNAseq.g27915.t1,0.4333759763530014,0.4923530804582054,0.5384002287199287,0.5209741809078309,0.058977104105204015,0.10502425236692725,-0.02862110044962546,0.017426047812097778,0.058977104105204015,0.10502425236692725,Medium Variability
gene-Pocillopora_meandrina_HIv1___RNAseq.g28169.t1b,OG_17841,ptua,0.4979196045609452,0.4372788995238214,0.4690121300882109,0.6531028304086962,0.5755112174848207,0.45314551480601617,0.787379117971698,-0.12236570267880453,False,gene-Pocillopora_meandrina_HIv1___RNAseq.g28169.t1b,12.0833334,10.256410333333333,3.7209302,4.3452382499999995,-1.8269230666666676,-8.362403200000001,5.911172083333334,-0.6243080499999993,1.8269230666666676,8.362403200000001,Medium Variability
gene-Pocillopora_meandrina_HIv1___RNAseq.g28200.t1,OG_16469,ptua,0.3958601796711623,0.4597762885488665,0.6559174584041249,0.4836872463034318,0.43977371298729706,0.5578468734764956,1.268486171415637,0.11807316048919858,False,gene-Pocillopora_meandrina_HIv1___RNAseq.g28200.t1,0.427363886139696,0.42585819260324187,0.5875999905165457,0.4270031658091203,-0.0015056935364541335,0.16023610437684965,-0.001144973205878419,0.16059682470742537,0.0015056935364541335,0.16023610437684965,Medium Variability
gene-Pocillopora_meandrina_HIv1___RNAseq.g28323.t1,OG_08874,ptua,0.38987398910211124,0.33411076186293653,0.46799377821572147,0.5225893978638024,0.45623169348295683,0.401052270039329,0.8790539451076317,-0.05517942344362786,False,gene-Pocillopora_meandrina_HIv1___RNAseq.g28323.t1,0.8097055559676434,0.742553934620472,0.8840298087127159,0.8652722972854526,-0.06715162134717134,0.07432425274507248,-0.1227183626649806,0.01875751142726323,0.06715162134717134,0.07432425274507248,Medium Variability
gene-Pocillopora_meandrina_HIv1___RNAseq.g28422.t1,OG_07404,ptua,0.2796354383138527,0.26018547267936115,0.2939974479228992,0.2974365326667893,0.288535985490321,0.2770914603011302,0.9603358826465175,-0.011444525189190813,False,gene-Pocillopora_meandrina_HIv1___RNAseq.g28422.t1,5.420447582080314,5.368485958002646,5.428520390295031,5.456314779753278,-0.051961624077668134,0.008072808214716787,-0.087828821750632,-0.027794389458247082,0.051961624077668134,0.008072808214716787,Medium Variability
gene-Pocillopora_meandrina_HIv1___RNAseq.g28536.t1,OG_15334,ptua,0.11869252591772295,0.1363320356224488,0.18692684336139415,0.18888297432009687,0.1537877501189099,0.1616294394919215,1.0509903380922623,0.007841689373011579,False,gene-Pocillopora_meandrina_HIv1___RNAseq.g28536.t1,7.060574179360686,7.007196342265566,6.876984544069584,7.051795369495695,-0.05337783709512056,-0.18358963529110195,-0.044599027230129096,-0.17481082542611048,0.05337783709512056,0.18358963529110195,Medium Variability
gene-Pocillopora_meandrina_HIv1___RNAseq.g28575.t1,OG_07641,ptua,0.25494192112556147,0.2382245435717576,0.2627712592607753,0.27258022433043866,0.2637610727280001,0.2504979014162665,0.9497152056042362,-0.013263171311733601,False,gene-Pocillopora_meandrina_HIv1___RNAseq.g28575.t1,26.755658778454915,26.740387283122256,25.89340146933131,25.79445799198582,-0.015271495332658702,-0.8622573091236063,0.9459292911364372,0.09894347734548958,0.015271495332658702,0.8622573091236063,Medium Variability
gene-Pocillopora_meandrina_HIv1___RNAseq.g28782.t1,OG_07331,ptua,0.4683066765117695,0.6258005649995361,0.4615192466402459,0.4397347427662097,0.4540207096389896,0.543659905819891,1.1974341572484153,0.08963919618090138,False,gene-Pocillopora_meandrina_HIv1___RNAseq.g28782.t1,0.4315843686294766,0.5876781210809393,0.5727116878591105,0.42643041242621016,0.15609375245146273,0.14112731922963395,0.16124770865472915,0.14628127543290037,0.15609375245146273,0.14112731922963395,Medium Variability
gene-Pocillopora_meandrina_HIv1___RNAseq.g28783.t1,OG_07330,ptua,0.007153658855909565,0.03947411646515699,0.05369949348741493,0.0001233740202043421,0.0036385164380569536,0.046586804976285964,12.80379126201346,0.04294828853822901,True,gene-Pocillopora_meandrina_HIv1___RNAseq.g28783.t1,2.742811262083512,2.7190835636886885,2.9152981724152722,2.8752044285714287,-0.02372769839482336,0.17248691033176033,-0.15612086488274013,0.040093743843843566,0.02372769839482336,0.17248691033176033,High Variability
gene-Pocillopora_meandrina_HIv1___RNAseq.g28813.t1b,OG_15655,ptua,0.8276375975126609,1.4142135623730951,1.4142135623730951,1.414213562373095,1.120925579942878,1.4142135623730951,1.2616480412956257,0.29328798243021725,True,gene-Pocillopora_meandrina_HIv1___RNAseq.g28813.t1b,3.7626730944789513,3.196548226984127,4.82921598757764,6.022659398033126,-0.5661248674948243,1.0665428930986884,-2.8261111710489994,-1.1934434104554867,0.5661248674948243,1.0665428930986884,Medium Variability
gene-Pocillopora_meandrina_HIv1___RNAseq.g28982.t1,OG_14563,ptua,0.48545164313287675,0.362052040049102,0.5203093794007375,0.4934959395178475,0.4894737913253621,0.44118070972491974,0.9013367366009979,-0.04829308160044238,False,gene-Pocillopora_meandrina_HIv1___RNAseq.g28982.t1,0.842462732420635,0.9085700249131944,1.000487260138889,0.7712163092361112,0.06610729249255942,0.15802452771825404,0.1373537156770832,0.22927095090277783,0.06610729249255942,0.15802452771825404,Medium Variability
gene-Pocillopora_meandrina_HIv1___RNAseq.g28991.t1,OG_13792,ptua,0.7662349504771477,0.379167399641286,0.6575421432378395,0.4371154682349343,0.601675209356041,0.5183547714395628,0.8615192439029453,-0.08332043791647825,False,gene-Pocillopora_meandrina_HIv1___RNAseq.g28991.t1,0.49748255173628037,0.36831242489436045,0.5925932599951244,0.4487734234438485,-0.12917012684191992,0.09511070825884399,-0.08046099854948807,0.14381983655127584,0.12917012684191992,0.09511070825884399,Medium Variability
gene-Pocillopora_meandrina_HIv1___RNAseq.g29129.t1,OG_00643,ptua,0.821349036845258,0.6365441234839381,0.8093054335237527,0.8189184604664665,0.8201337486558622,0.7229247785038454,0.8814718083345124,-0.0972089701520168,False,gene-Pocillopora_meandrina_HIv1___RNAseq.g29129.t1,0.37900366883110026,0.4059716846845011,0.5100872427530327,0.3324170927485063,0.026968015853400862,0.13108357392193248,0.07355459193599484,0.17767015000452646,0.026968015853400862,0.13108357392193248,Medium Variability
gene-Pocillopora_meandrina_HIv1___RNAseq.g29240.t1,OG_13886,ptua,0.5916550193642429,0.4287950445007245,0.4844180634862842,0.48002553240075485,0.5358402758824989,0.45660655399350436,0.8521318283540723,-0.07923372188899458,False,gene-Pocillopora_meandrina_HIv1___RNAseq.g29240.t1,0.34731329553791884,0.3542885069135802,0.4712986360634921,0.40960613910052907,0.006975211375661372,0.12398534052557325,-0.05531763218694885,0.06169249696296303,0.006975211375661372,0.12398534052557325,Medium Variability
gene-Pocillopora_meandrina_HIv1___RNAseq.g29243.t1,OG_00378,ptua,0.33310215157588924,0.2836963059399289,0.31553186957554297,0.2904238599520083,0.3117630057639488,0.2996140877577359,0.961031559929816,-0.012148918006212872,False,gene-Pocillopora_meandrina_HIv1___RNAseq.g29243.t1,0.340467677319224,0.30079137333774253,0.33573786012698414,0.48408256683597883,-0.039676303981481476,-0.00472981719223986,-0.1832911934982363,-0.1483447067089947,0.039676303981481476,0.00472981719223986,Medium Variability
gene-Pocillopora_meandrina_HIv1___RNAseq.g29366.t1,OG_00305,ptua,0.1365046985593934,0.19947675085075006,0.19299653809899317,0.20639904806055434,0.17145187330997386,0.1962366444748716,1.1445581823424495,0.024784771164897745,False,gene-Pocillopora_meandrina_HIv1___RNAseq.g29366.t1,10.15842572928338,9.921731022058824,10.240171681045753,10.7293982355042,-0.2366947072245562,0.08174595176237354,-0.8076672134453773,-0.48922655445844754,0.2366947072245562,0.08174595176237354,Medium Variability
gene-Pocillopora_meandrina_HIv1___RNAseq.g29377.t1,OG_00302,ptua,0.7588785717938346,0.8412457631270699,0.5469722326059331,0.7332122888153602,0.7460454303045974,0.6941089978665015,0.9303843568656521,-0.05193643243809587,False,gene-Pocillopora_meandrina_HIv1___RNAseq.g29377.t1,0.8092039779000554,1.057166316929679,0.8879674366971207,1.1165286300664452,0.2479623390296236,0.07876345879706537,-0.05936231313676621,-0.22856119336932446,0.2479623390296236,0.07876345879706537,Medium Variability
gene-Pocillopora_meandrina_HIv1___RNAseq.g29382.t1,OG_00298,ptua,0.2607021984314209,0.21132095005589874,0.27869273831303887,0.37124446452453486,0.3159733314779779,0.2450068441844688,0.7754035539595683,-0.0709664872935091,False,gene-Pocillopora_meandrina_HIv1___RNAseq.g29382.t1,0.5590200634396526,0.48904503458370774,0.6488526821203953,0.7727414829290207,-0.06997502885594487,0.08983261868074266,-0.28369644834531293,-0.12388880080862541,0.06997502885594487,0.08983261868074266,Medium Variability
gene-Pocillopora_meandrina_HIv1___RNAseq.g29383.t1,OG_00297,ptua,0.177743283636924,0.21637701560210734,0.2079884959230607,0.22356687734600755,0.20065508049146577,0.21218275576258402,1.0574502038168356,0.011527675271118254,False,gene-Pocillopora_meandrina_HIv1___RNAseq.g29383.t1,0.3959648129787283,0.42069635368217057,0.4896236051495017,0.3950930662790698,0.024731540703442245,0.09365879217077339,0.02560328740310075,0.09453053887043189,0.024731540703442245,0.09365879217077339,Medium Variability
gene-Pocillopora_meandrina_HIv1___RNAseq.g29540.t1,OG_00355,ptua,0.12927989387417888,0.11069144283023266,0.14953169107385747,0.14579968135321858,0.13753978761369873,0.13011156695204507,0.9459922049427839,-0.007428220661653662,False,gene-Pocillopora_meandrina_HIv1___RNAseq.g29540.t1,14.63081156865846,14.93547564673913,14.032921651644813,14.543229261145619,0.30466407808066975,-0.5978899170136476,0.392246385593511,-0.5103076095008063,0.30466407808066975,0.5978899170136476,Medium Variability
gene-Pocillopora_meandrina_HIv1___RNAseq.g29715.t1,OG_16279,ptua,0.47146146308791465,0.6918066193289882,0.9915793915116958,0.7882832481483022,0.6298723556181084,0.841693005420342,1.3362913896965187,0.21182064980223358,True,gene-Pocillopora_meandrina_HIv1___RNAseq.g29715.t1,0.3591973326903292,0.3464682136702675,0.46889105057319225,0.37015782716049384,-0.012729119020061741,0.10969371788286303,-0.023689613490226358,0.09873322341269841,0.012729119020061741,0.10969371788286303,Medium Variability
gene-Pocillopora_meandrina_HIv1___RNAseq.g29943.t1,OG_16489,ptua,0.2687813027504425,0.28930499191799675,0.33605710597089905,0.2665511784151454,0.267666240582794,0.3126810489444479,1.1681751432815826,0.045014808361653946,False,gene-Pocillopora_meandrina_HIv1___RNAseq.g29943.t1,0.7007919584664224,0.5727877765689866,0.7418816581098902,0.6809513842197802,-0.1280041818974358,0.04108969964346776,-0.10816360765079358,0.060930273890109965,0.1280041818974358,0.04108969964346776,Medium Variability
gene-Pocillopora_meandrina_HIv1___RNAseq.g30110.t1,OG_13877,ptua,0.30723206279591264,0.6151448267363456,0.6593243636922348,0.2371695261694394,0.27220079448267603,0.6372345952142902,2.3410460517772163,0.3650338007316141,True,gene-Pocillopora_meandrina_HIv1___RNAseq.g30110.t1,0.3641281384062634,0.3425829953303303,0.49413848819819817,0.4408393890862291,-0.021545143075933082,0.13001034979193477,-0.09825639375589879,0.05329909911196906,0.021545143075933082,0.13001034979193477,High Variability
gene-Pocillopora_meandrina_HIv1___RNAseq.g30114.t1,OG_01981,ptua,0.3856757200721871,0.30241536034330685,0.38685979947015037,0.4435661031966727,0.41462091163442993,0.3446375799067286,0.8312112829721299,-0.06998333172770133,False,gene-Pocillopora_meandrina_HIv1___RNAseq.g30114.t1,0.515399467143104,0.4955496532498951,0.47725050996074947,0.45127018079685993,-0.019849813893208945,-0.03814895718235456,0.04427947245303515,0.025980329163889537,0.019849813893208945,0.03814895718235456,Medium Variability
gene-Pocillopora_meandrina_HIv1___RNAseq.g30203.t1,OG_06908,ptua,0.3916285665704716,0.5078906584965742,0.35425493498010463,0.2909196306580138,0.34127409861424274,0.4310727967383394,1.2631277864002217,0.08979869812409669,False,gene-Pocillopora_meandrina_HIv1___RNAseq.g30203.t1,0.2664981912625823,0.3622995086019164,0.31753938524970965,0.40386700435540074,0.09580131733933411,0.051041193987127365,-0.04156749575348434,-0.08632761910569109,0.09580131733933411,0.051041193987127365,Medium Variability
gene-Pocillopora_meandrina_HIv1___RNAseq.g30267.t1,OG_06922,ptua,0.2085599184878988,0.21659758483704417,0.1670420598615848,0.21572046490008803,0.2121401916939934,0.1918198223493145,0.9042125436843647,-0.0203203693446789,False,gene-Pocillopora_meandrina_HIv1___RNAseq.g30267.t1,0.7401568828888127,0.5349445536620497,0.7159030000629579,0.7554633859432235,-0.2052123292267629,-0.024253882825854722,-0.22051883228117375,-0.03956038588026556,0.2052123292267629,0.024253882825854722,Medium Variability
gene-Pocillopora_meandrina_HIv1___RNAseq.g30284.t1,OG_06655,ptua,0.24053074845980985,0.12561994843857957,0.30650724513814404,0.09154149120784191,0.16603611983382588,0.2160635967883618,1.3013047823847304,0.05002747695453591,False,gene-Pocillopora_meandrina_HIv1___RNAseq.g30284.t1,0.3812902176324345,0.3430372545730541,0.4140176520940907,0.3991874324727481,-0.03825296305938036,0.03272743446165621,-0.05615017789969401,0.014830219621342566,0.03825296305938036,0.03272743446165621,Medium Variability
gene-Pocillopora_meandrina_HIv1___RNAseq.g3045.t1,OG_05950,ptua,0.45917911219787916,0.3665024935764422,0.5570473098932903,0.4574017958133341,0.45829045400560664,0.46177490173486624,1.0076031427205268,0.0034844477292595988,False,gene-Pocillopora_meandrina_HIv1___RNAseq.g3045.t1,0.6617220607534021,0.5714711019419224,0.7002400933512446,0.6465674819591131,-0.09025095881147971,0.03851803259784248,-0.07509638001719066,0.05367261139213153,0.09025095881147971,0.03851803259784248,Medium Variability
gene-Pocillopora_meandrina_HIv1___RNAseq.g3086.t2,OG_17800,ptua,1.5669704042323038,1.4435333660821783,1.2997760962139824,1.4495649022683705,1.5082676532503372,1.3716547311480802,0.909423952832341,-0.13661292210225695,False,gene-Pocillopora_meandrina_HIv1___RNAseq.g3086.t2,1.3078543125290667,1.327229205383682,1.3595570810509556,1.436964840878071,0.019374892854615355,0.05170276852188893,-0.10973563549438903,-0.07740775982711545,0.019374892854615355,0.05170276852188893,Medium Variability
gene-Pocillopora_meandrina_HIv1___RNAseq.g3152.t1,OG_14626,ptua,1.0492389671508788,0.8782602606923702,1.4414812584835697,1.2747991870023099,1.1620190770765944,1.15987075958797,0.9981512201210766,-0.0021483174886243184,False,gene-Pocillopora_meandrina_HIv1___RNAseq.g3152.t1,0.5317985591973613,0.43431136732210696,0.5744250692002442,0.5219344919617419,-0.09748719187525434,0.04262651000288287,-0.08762312463963495,0.052490577238502256,0.09748719187525434,0.04262651000288287,Medium Variability
gene-Pocillopora_meandrina_HIv1___RNAseq.g330.t1,OG_16731,ptua,0.5354520576939434,0.7047810731989694,0.6560373814655975,0.7990751397351713,0.6672635987145574,0.6804092273322835,1.0197008028656895,0.013145628617726057,False,gene-Pocillopora_meandrina_HIv1___RNAseq.g330.t1,0.47269557145951036,0.4387380656991526,0.5997808667776433,0.5334280743664245,-0.033957505760357776,0.12708529531813295,-0.0946900086672719,0.06635279241121883,0.033957505760357776,0.12708529531813295,Medium Variability
gene-Pocillopora_meandrina_HIv1___RNAseq.g3481.t1,OG_14627,ptua,0.86694848054924,0.909494711684394,1.113680602068056,1.4374458692849466,1.1521971749170934,1.011587656876225,0.8779640142313437,-0.1406095180408684,False,gene-Pocillopora_meandrina_HIv1___RNAseq.g3481.t1,0.447053008482498,0.4008301762203091,0.5043133852000228,0.4277462962992954,-0.04622283226218893,0.057260376717524764,-0.026916120078986305,0.07656708890072739,0.04622283226218893,0.057260376717524764,Medium Variability
gene-Pocillopora_meandrina_HIv1___RNAseq.g3514.t1,OG_14158,ptua,0.6297341037091352,0.5890751448625009,0.9256219415698569,0.3823974636226054,0.5060657836658703,0.7573485432161788,1.4965416901535036,0.25128275955030854,True,gene-Pocillopora_meandrina_HIv1___RNAseq.g3514.t1,0.4685695714285714,0.3160141359171471,0.40382995776211833,0.487673523275678,-0.1525554355114243,-0.06473961366645309,-0.17165938735853087,-0.08384356551355965,0.1525554355114243,0.06473961366645309,Medium Variability
gene-Pocillopora_meandrina_HIv1___RNAseq.g3618.t1,OG_16389,ptua,0.6199234304812616,0.6737859420986102,0.6287463935043465,0.5695358376477144,0.5947296340644881,0.6512661678014784,1.095062580538672,0.0565365337369903,False,gene-Pocillopora_meandrina_HIv1___RNAseq.g3618.t1,0.4629292091032931,0.424251401844942,0.5035885890724947,0.356122539800995,-0.03867780725835113,0.0406593799692016,0.06812886204394697,0.1474660492714997,0.03867780725835113,0.0406593799692016,Medium Variability
gene-Pocillopora_meandrina_HIv1___RNAseq.g370.t1,OG_14540,ptua,0.13952084310799992,0.15161991137512076,0.19826115469533312,0.1888770114011122,0.16419892725455607,0.17494053303522694,1.0654182457843848,0.010741605780670876,False,gene-Pocillopora_meandrina_HIv1___RNAseq.g370.t1,0.8087266999016464,0.7751084149213172,0.8554600439418748,0.9402626501023332,-0.03361828498032915,0.04673334404022844,-0.16515423518101602,-0.08480260616045843,0.03361828498032915,0.04673334404022844,Medium Variability
gene-Pocillopora_meandrina_HIv1___RNAseq.g371.t1,OG_04443,ptua,0.3814663155655955,0.48671416791527966,0.38770743757155307,0.5974142608404144,0.48944028820300495,0.4372108027434164,0.8932873187629267,-0.052229485459588554,False,gene-Pocillopora_meandrina_HIv1___RNAseq.g371.t1,2.294602530693704,2.2974819221785756,2.4246411043943104,2.3612802234371246,0.0028793914848717073,0.13003857370060645,-0.06379830125854902,0.06336088095718573,0.0028793914848717073,0.13003857370060645,Medium Variability
gene-Pocillopora_meandrina_HIv1___RNAseq.g393.t1,OG_04327,ptua,0.15904257953883616,0.14912229209949418,0.10826500673006917,0.1239686356205458,0.141505607579691,0.12869364941478167,0.9094597141127847,-0.01281195816490932,False,gene-Pocillopora_meandrina_HIv1___RNAseq.g393.t1,6.147224781360229,6.0379268890726046,5.863427955522487,6.005443125727513,-0.10929789228762488,-0.2837968258377428,0.03248376334509118,-0.14201517020502674,0.10929789228762488,0.2837968258377428,Medium Variability
gene-Pocillopora_meandrina_HIv1___RNAseq.g3959.t1,OG_01568,ptua,0.7132757544654474,0.7597732226350856,0.7559529130626429,0.8847485016292492,0.7990121280473483,0.7578630678488643,0.9485000805944642,-0.04114906019848408,False,gene-Pocillopora_meandrina_HIv1___RNAseq.g3959.t1,0.20408163265306123,0.09398496428571428,0.0,0.4761904761904762,-0.11009666836734695,-0.20408163265306123,-0.38220551190476193,-0.4761904761904762,0.11009666836734695,0.20408163265306123,Medium Variability
gene-Pocillopora_meandrina_HIv1___RNAseq.g3972.t1,OG_02316,ptua,0.11893101733671088,0.10791853219416762,0.09255226789740831,0.07600645018559475,0.09746873376115281,0.10023540004578796,1.028385166995345,0.0027666662846351497,False,gene-Pocillopora_meandrina_HIv1___RNAseq.g3972.t1,1.4196806337240222,1.8041657500572739,1.5198309327442316,1.3613371010800197,0.38448511633325166,0.10015029902020944,0.44282864897725416,0.15849383166421194,0.38448511633325166,0.10015029902020944,Medium Variability
gene-Pocillopora_meandrina_HIv1___RNAseq.g4018.t2,OG_15907,ptua,0.4149713933007651,0.4267599485541334,0.45154334862971135,0.6233633760277705,0.5191673846642678,0.43915164859192235,0.8458768049844086,-0.08001573607234547,False,gene-Pocillopora_meandrina_HIv1___RNAseq.g4018.t2,4.824325757575758,5.825918681818181,4.458990876190476,2.8524132277056276,1.0015929242424235,-0.3653348813852819,2.9735054541125536,1.6065776484848482,1.0015929242424235,0.3653348813852819,Medium Variability
gene-Pocillopora_meandrina_HIv1___RNAseq.g4110.t1,OG_04537,ptua,0.2744004044195247,0.2948746075040065,0.31025690189874533,0.27544773244440063,0.27492406843196265,0.3025657547013759,1.1005429842031236,0.027641686269413268,False,gene-Pocillopora_meandrina_HIv1___RNAseq.g4110.t1,0.399904868481276,0.5033496174853598,0.37218922003005084,0.38217517279241797,0.10344474900408379,-0.02771564845122515,0.12117444469294181,-0.009985952762367134,0.10344474900408379,0.02771564845122515,Medium Variability
gene-Pocillopora_meandrina_HIv1___RNAseq.g4121.t1,OG_04538,ptua,0.5005826693894756,0.4927659877564072,0.4471259163427673,0.470458346519349,0.48552050795441226,0.4699459520495872,0.9679219401659396,-0.015574555904825038,False,gene-Pocillopora_meandrina_HIv1___RNAseq.g4121.t1,0.5049947882474042,0.508665004274078,0.7153474204797708,0.6207791856247763,0.0036702160266738337,0.21035263223236667,-0.11211418135069828,0.09456823485499455,0.0036702160266738337,0.21035263223236667,Medium Variability
gene-Pocillopora_meandrina_HIv1___RNAseq.g4122.t1,OG_14588,ptua,0.4018683365985832,0.39854001003306416,0.41706096411937527,0.4949846418307382,0.44842648921466066,0.40780048707621974,0.9094032062878574,-0.04062600213844092,False,gene-Pocillopora_meandrina_HIv1___RNAseq.g4122.t1,0.370281494730205,0.4414226194467583,0.5767766540746911,0.5705591967374705,0.07114112471655332,0.20649515934448615,-0.12913657729071215,0.006217457337220678,0.07114112471655332,0.20649515934448615,Medium Variability
gene-Pocillopora_meandrina_HIv1___RNAseq.g4199.t1,OG_06004,ptua,0.28898426540175687,0.27147944927111833,0.30623107794910304,0.31933988324989926,0.3041620743258281,0.2888552636101107,0.94967547893785,-0.015306810715717378,False,gene-Pocillopora_meandrina_HIv1___RNAseq.g4199.t1,5.7599085796667975,5.68672374835148,5.63323362050046,5.746371462144169,-0.07318483131531739,-0.12667495916633786,-0.05964771379268896,-0.11313784164370944,0.07318483131531739,0.12667495916633786,Medium Variability
gene-Pocillopora_meandrina_HIv1___RNAseq.g4292.t1,OG_04694,ptua,0.09983642427685936,0.09895353461570018,0.11764497962658643,0.11987404290687237,0.10985523359186586,0.1082992571211433,0.9858361188643654,-0.0015559764707225587,False,gene-Pocillopora_meandrina_HIv1___RNAseq.g4292.t1,17.913531108566467,18.10093457282986,18.17075137175595,17.55756750330357,0.18740346426339372,0.25722026318948465,0.5433670695262904,0.6131838684523814,0.18740346426339372,0.25722026318948465,Medium Variability
gene-Pocillopora_meandrina_HIv1___RNAseq.g4364.t1b,OG_14615,ptua,0.32300777262143265,0.2813624321368594,0.34934229877170536,0.29321055435302035,0.3081091634872265,0.31535236545428236,1.023508557438137,0.007243201967055857,False,gene-Pocillopora_meandrina_HIv1___RNAseq.g4364.t1b,0.3865100780176975,0.40608928493431856,0.43973262943623426,0.4274645708648057,0.019579206916621072,0.05322255141853677,-0.021375285930487153,0.012268058571428542,0.019579206916621072,0.05322255141853677,Medium Variability
gene-Pocillopora_meandrina_HIv1___RNAseq.g438.t1,OG_04238,ptua,0.2677051162912274,0.2433282630663364,0.27555002925724426,0.30652117550047375,0.2871131458958506,0.2594391461617903,0.9036129131332116,-0.02767399973406026,False,gene-Pocillopora_meandrina_HIv1___RNAseq.g438.t1,0.791603983484044,0.8631594795738621,0.9225164992326199,0.8394846407292185,0.07155549608981804,0.13091251574857588,0.02367483884464361,0.08303185850340145,0.07155549608981804,0.13091251574857588,Medium Variability
gene-Pocillopora_meandrina_HIv1___RNAseq.g4434.t2,OG_04723,ptua,0.08178451527147593,0.11035231548475734,0.12828630203700525,0.13771195751582124,0.10974823639364858,0.11931930876088129,1.0872093500701265,0.009571072367232702,False,gene-Pocillopora_meandrina_HIv1___RNAseq.g4434.t2,13.963554515726903,13.957931616503952,13.961643661954573,14.12473998086272,-0.0056228992229510055,-0.0019108537723298014,-0.16680836435876856,-0.16309631890814735,0.0056228992229510055,0.0019108537723298014,Medium Variability
gene-Pocillopora_meandrina_HIv1___RNAseq.g446.t1,OG_04243,ptua,0.16444816369493076,0.18813339314982477,0.2106435677912896,0.23166092877241762,0.1980545462336742,0.19938848047055718,1.0067351861507343,0.0013339342368829943,False,gene-Pocillopora_meandrina_HIv1___RNAseq.g446.t1,8.020821575683422,7.741393194780143,8.14193862144661,7.7934113534752285,-0.2794283809032798,0.12111704576318694,-0.05201815869508586,0.3485272679713809,0.2794283809032798,0.12111704576318694,Medium Variability
gene-Pocillopora_meandrina_HIv1___RNAseq.g4467.t1,OG_16192,ptua,1.1895399563610727,1.2399459415027299,1.231529666907634,1.860716983715142,1.5251284700381074,1.2357378042051819,0.810251613868506,-0.2893906658329255,False,gene-Pocillopora_meandrina_HIv1___RNAseq.g4467.t1,0.7873343631139027,0.7400158476401467,0.9364261039390398,0.8445344951407148,-0.047318515473755984,0.1490917408251371,-0.10451864750056805,0.09189160879832503,0.047318515473755984,0.1490917408251371,Medium Variability
gene-Pocillopora_meandrina_HIv1___RNAseq.g448.t1,OG_04247,ptua,0.19177566049783987,0.1650543499458535,0.19915587565548915,0.3266014506108365,0.2591885555543382,0.18210511280067132,0.7025970433424229,-0.07708344275366685,False,gene-Pocillopora_meandrina_HIv1___RNAseq.g448.t1,1.5273890427487011,1.7148947993350494,1.2589499356499356,1.2095065001358503,0.18750575658634827,-0.2684391070987655,0.5053882991991991,0.049443435514085365,0.18750575658634827,0.2684391070987655,Medium Variability
gene-Pocillopora_meandrina_HIv1___RNAseq.g4597.t1,OG_04514,ptua,0.2639094340318055,0.2173327057604871,0.29536327798269485,0.2801480158824669,0.2720287249571362,0.25634799187159096,0.9423563335525832,-0.01568073308554524,False,gene-Pocillopora_meandrina_HIv1___RNAseq.g4597.t1,0.430857354820316,0.3972192686730456,0.5307300280540721,0.44206216868046283,-0.03363808614727043,0.09987267323375609,-0.04484290000741725,0.08866785937360927,0.03363808614727043,0.09987267323375609,Medium Variability
gene-Pocillopora_meandrina_HIv1___RNAseq.g4598.t1,OG_04515,ptua,0.5356055889544461,0.5938792006797498,0.6289195727478807,0.6152540999749381,0.5754298444646921,0.6113993867138152,1.0625089967006918,0.035969542249123077,False,gene-Pocillopora_meandrina_HIv1___RNAseq.g4598.t1,0.40095448250162047,0.4558731387909073,0.5222428808596753,0.4423493359336137,0.05491865628928683,0.12128839835805483,0.013523802857293599,0.0798935449260616,0.05491865628928683,0.12128839835805483,Medium Variability
gene-Pocillopora_meandrina_HIv1___RNAseq.g4779.t1,OG_04547,ptua,0.3566916867836269,0.3636189811624648,0.35983271094275004,0.3637455577684454,0.3602186222760362,0.36172584605260744,1.0041841917195948,0.0015072237765712537,False,gene-Pocillopora_meandrina_HIv1___RNAseq.g4779.t1,11.325795774752683,11.18621499179801,10.88085633701375,10.791193465291752,-0.13958078295467224,-0.44493943773893285,0.3950215265062589,0.08966287172199827,0.13958078295467224,0.44493943773893285,Medium Variability
gene-Pocillopora_meandrina_HIv1___RNAseq.g4798.t1,OG_04560,ptua,0.09671315209005299,0.09942212666376285,0.10619362946641711,0.1201881009864143,0.10845062653823365,0.10280787806508998,0.9479694248593912,-0.005642748473143666,False,gene-Pocillopora_meandrina_HIv1___RNAseq.g4798.t1,12.842503008397577,11.634501729486647,11.577552951435093,11.328769708957482,-1.2080012789109293,-1.2649500569624834,0.3057320205291649,0.24878324247761086,1.2080012789109293,1.2649500569624834,Medium Variability
gene-Pocillopora_meandrina_HIv1___RNAseq.g4823.t1,OG_04789,ptua,0.2083690833921736,0.20339975260313722,0.205362086421183,0.1760363277038516,0.1922027055480126,0.20438091951216011,1.063361303522886,0.012178213964147505,False,gene-Pocillopora_meandrina_HIv1___RNAseq.g4823.t1,4.3021502236733005,4.35176506778607,4.3384595707178395,5.242376404051173,0.04961484411276995,0.03630934704453903,-0.8906113362651027,-0.9039168333333336,0.04961484411276995,0.03630934704453903,Medium Variability
gene-Pocillopora_meandrina_HIv1___RNAseq.g4970.t1,OG_01023,ptua,0.3118250657108788,0.3116104337758483,0.324277876744118,0.34064447077716326,0.32623476824402103,0.31794415525998315,0.9745869729683853,-0.008290612984037882,False,gene-Pocillopora_meandrina_HIv1___RNAseq.g4970.t1,0.5067270335743251,0.5889606507281892,0.5107925662843239,0.5737610858255127,0.08223361715386401,0.004065532709998765,0.015199564902676488,-0.06296851954118876,0.08223361715386401,0.004065532709998765,Medium Variability
gene-Pocillopora_meandrina_HIv1___RNAseq.g5072.t1,OG_06754,ptua,0.11477852660597761,0.11925185350533388,0.13405284468530942,0.14327290532158504,0.12902571596378132,0.12665234909532164,0.9816054741434188,-0.002373366868459681,False,gene-Pocillopora_meandrina_HIv1___RNAseq.g5072.t1,10.303144935780134,10.285413372227422,10.224436111644833,10.215245508400915,-0.01773156355271155,-0.07870882413530111,0.07016786382650686,0.009190603243917295,0.01773156355271155,0.07870882413530111,Medium Variability
gene-Pocillopora_meandrina_HIv1___RNAseq.g5082.t1,OG_06719,ptua,1.1019779546368635,1.3243997958652887,1.4206848229876887,1.5201355160660084,1.311056735351436,1.3725423094264886,1.046897721827859,0.06148557407505262,False,gene-Pocillopora_meandrina_HIv1___RNAseq.g5082.t1,0.7637102766299094,0.8258751001189205,0.8529395402243589,0.7742166291971917,0.06216482348901109,0.08922926359444949,0.051658470921728816,0.07872291102716722,0.06216482348901109,0.08922926359444949,Medium Variability
gene-Pocillopora_meandrina_HIv1___RNAseq.g5084.t2,OG_06717,ptua,0.2451747009343611,0.22752629325476126,0.2581640955892185,0.2905671061949137,0.2678709035646374,0.24284519442198987,0.9065754853938109,-0.025025709142647512,False,gene-Pocillopora_meandrina_HIv1___RNAseq.g5084.t2,4.042673040329485,4.19648648452381,3.7465869775180374,3.9746864882178934,0.1538134441943244,-0.2960860628114479,0.2217999963059163,-0.228099510699856,0.1538134441943244,0.2960860628114479,Medium Variability
gene-Pocillopora_meandrina_HIv1___RNAseq.g5328.t1,OG_07000,ptua,0.19197562456503497,0.18499458885250858,0.20015501233398159,0.1710516861717143,0.18151365536837463,0.19257480059324508,1.0609383641270531,0.01106114522487045,False,gene-Pocillopora_meandrina_HIv1___RNAseq.g5328.t1,0.4524092592592593,0.4432860012193639,0.3620001154625068,0.4797309006294472,-0.009123258039895388,-0.09040914379675247,-0.036444899410083276,-0.11773078516694035,0.009123258039895388,0.09040914379675247,Medium Variability
gene-Pocillopora_meandrina_HIv1___RNAseq.g5340.t1,OG_16158,ptua,0.5909330829159091,0.661030051889682,0.5250369828845957,0.5907652197285056,0.5908491513222074,0.5930335173871388,1.0036969945036618,0.0021843660649314423,False,gene-Pocillopora_meandrina_HIv1___RNAseq.g5340.t1,0.4244892102393963,0.361524383502472,0.48368074750195167,0.32393255293520684,-0.06296482673692427,0.05919153726255538,0.03759183056726517,0.15974819456674483,0.06296482673692427,0.05919153726255538,Medium Variability
gene-Pocillopora_meandrina_HIv1___RNAseq.g5341.t1,OG_06999,ptua,0.7396852483968402,0.7690550253127741,0.9095120452444259,0.37171968669460614,0.5557024675457232,0.8392835352786,1.5103109744776215,0.28358106773287683,True,gene-Pocillopora_meandrina_HIv1___RNAseq.g5341.t1,0.3024324265220012,0.4526364513261001,0.5422693492992766,0.46630573004822184,0.1502040248040989,0.23983692277727542,-0.013669278722121758,0.07596361925105477,0.1502040248040989,0.23983692277727542,High Variability
gene-Pocillopora_meandrina_HIv1___RNAseq.g5342.t1,OG_06998,ptua,0.19447805181669656,0.15368687632384262,0.18902520970173423,0.1599160354852755,0.17719704365098604,0.17135604301278842,0.9670366924986499,-0.005841000638197619,False,gene-Pocillopora_meandrina_HIv1___RNAseq.g5342.t1,1.7985608476842794,1.7796214188478474,1.7495751502690802,1.9642758531474231,-0.01893942883643196,-0.0489856974151992,-0.18465443429957573,-0.21470070287834297,0.01893942883643196,0.0489856974151992,Medium Variability
gene-Pocillopora_meandrina_HIv1___RNAseq.g5671.t1,OG_14547,ptua,1.5233302864600513,1.8465227010259107,1.6416880781915402,1.7218837794946682,1.6226070329773599,1.7441053896087255,1.0748784851551059,0.12149835663136566,False,gene-Pocillopora_meandrina_HIv1___RNAseq.g5671.t1,0.9399612586886398,0.9480119163943981,1.1362441270480022,0.7958449169445243,0.008050657705758302,0.19628286835936237,0.15216699944987377,0.34039921010347785,0.008050657705758302,0.19628286835936237,Medium Variability
gene-Pocillopora_meandrina_HIv1___RNAseq.g5674.t1c,OG_18223,ptua,0.10614647590078122,0.08593536376680616,0.08992195833468146,0.09322589485259168,0.09968618537668644,0.08792866105074382,0.8820546269123029,-0.011757524325942625,False,gene-Pocillopora_meandrina_HIv1___RNAseq.g5674.t1c,0.9367010397357538,1.0676846734932797,0.9739398684820288,0.939214037511403,0.13098363375752586,0.03723882874627504,0.1284706359818767,0.03472583097062587,0.13098363375752586,0.03723882874627504,Medium Variability
gene-Pocillopora_meandrina_HIv1___RNAseq.g5694.t1,OG_06931,ptua,0.19537703789564284,0.18261337719990345,0.2087848384362249,0.2439075955634361,0.2196423167295395,0.19569910781806416,0.8909900001603142,-0.023943208911475333,False,gene-Pocillopora_meandrina_HIv1___RNAseq.g5694.t1,23.742288857978682,23.899998077102982,23.004712734541066,23.41574051442374,0.1577092191242997,-0.7375761234376164,0.48425756267924314,-0.4110277798826729,0.1577092191242997,0.7375761234376164,Medium Variability
gene-Pocillopora_meandrina_HIv1___RNAseq.g5761.t1,OG_15009,ptua,0.8718910043850369,1.2014836069076849,0.9026223978846012,1.2513520447323905,1.0616215245587137,1.052053002396143,0.9909868800309526,-0.009568522162570758,False,gene-Pocillopora_meandrina_HIv1___RNAseq.g5761.t1,0.41070492677478726,0.3739526969490453,0.5434474190303658,0.3909167339717046,-0.036752229825741944,0.1327424922555785,-0.016964037022659306,0.15253068505866113,0.036752229825741944,0.1327424922555785,Medium Variability
gene-Pocillopora_meandrina_HIv1___RNAseq.g5785.t1,OG_02088,ptua,0.08615498987660536,0.09034166901356579,0.06362217164086316,0.052132270582022994,0.06914363022931418,0.07698192032721447,1.113362432257385,0.007838290097900297,False,gene-Pocillopora_meandrina_HIv1___RNAseq.g5785.t1,0.8329242823083494,0.628284143673927,0.8030154967221866,0.7477413656737134,-0.20464013863442232,-0.029908785586162723,-0.11945722199978637,0.05527413104847323,0.20464013863442232,0.029908785586162723,Medium Variability
gene-Pocillopora_meandrina_HIv1___RNAseq.g5855.t1,OG_17596,ptua,0.5228593897225935,0.5307413949089248,0.29487010456134505,0.3205576255158886,0.42170850761924106,0.41280574973513495,0.9788888350050923,-0.008902757884106105,False,gene-Pocillopora_meandrina_HIv1___RNAseq.g5855.t1,0.39376487010458394,0.3684487276998962,0.366011181553182,0.2959687466844682,-0.02531614240468777,-0.027753688551401923,0.07247998101542796,0.07004243486871381,0.02531614240468777,0.027753688551401923,Medium Variability
gene-Pocillopora_meandrina_HIv1___RNAseq.g5887.t1,OG_02163,ptua,0.6074167789601467,0.6260643918296459,0.7321435495119727,0.7474756858867911,0.6774462324234689,0.6791039706708093,1.002447040322905,0.00165773824734039,False,gene-Pocillopora_meandrina_HIv1___RNAseq.g5887.t1,0.5034729294813484,0.47574568704288195,0.5942363913728917,0.5285472334498722,-0.027727242438466415,0.09076346189154338,-0.05280154640699025,0.06568915792301955,0.027727242438466415,0.09076346189154338,Medium Variability
gene-Pocillopora_meandrina_HIv1___RNAseq.g5928.t1a,OG_14915,ptua,0.10768717610461692,0.11620397946858249,0.08849823337484519,0.09158025830896258,0.09963371720678975,0.10235110642171384,1.0272737913540269,0.002717389214924093,False,gene-Pocillopora_meandrina_HIv1___RNAseq.g5928.t1a,0.521677612911726,0.40892198852500156,0.5118089499905891,0.38802496103896106,-0.11275562438672443,-0.009868662921136861,0.020897027486040498,0.12378398895162807,0.11275562438672443,0.009868662921136861,Medium Variability
gene-Pocillopora_meandrina_HIv1___RNAseq.g6016.t1,OG_06955,ptua,0.3023220524012517,0.32222895526799655,0.33070103661066536,0.37332404354042154,0.3378230479708366,0.326464995939331,0.9663786941130016,-0.011358052031505639,False,gene-Pocillopora_meandrina_HIv1___RNAseq.g6016.t1,3.5317530257936505,3.273466708777655,3.430692497453576,3.44525768976834,-0.25828631701599525,-0.10106052834007428,-0.1717909809906848,-0.01456519231476383,0.25828631701599525,0.10106052834007428,Medium Variability
gene-Pocillopora_meandrina_HIv1___RNAseq.g6018.t1,OG_06954,ptua,0.43057950830382147,0.5479522530635866,0.5084524234073456,0.6244984305992205,0.527538969451521,0.5282023382354661,1.0012574782572647,0.0006633687839451285,False,gene-Pocillopora_meandrina_HIv1___RNAseq.g6018.t1,4.4057952019841276,4.1439883072822,4.564437148918575,4.712151699291167,-0.26180689470192764,0.15864194693444755,-0.5681633920089668,-0.14771455037259162,0.26180689470192764,0.15864194693444755,Medium Variability
gene-Pocillopora_meandrina_HIv1___RNAseq.g6049.t1,OG_17497,ptua,0.495785922300236,0.5032478789281658,0.5540332320120877,0.5916597105449711,0.5437228164226036,0.5286405554701268,0.9722611218493464,-0.015082260952476778,False,gene-Pocillopora_meandrina_HIv1___RNAseq.g6049.t1,0.5320854648035839,0.6383041493273934,0.7226575611410603,0.6004094652590596,0.10621868452380956,0.1905720963374764,0.03789468406833385,0.1222480958820007,0.10621868452380956,0.1905720963374764,Medium Variability
gene-Pocillopora_meandrina_HIv1___RNAseq.g6195.t1,OG_06670,ptua,0.11544988083438727,0.11387263926758238,0.0875628788835751,0.09496170425382507,0.10520579254410617,0.10071775907557874,0.9573404338297639,-0.004488033468527428,False,gene-Pocillopora_meandrina_HIv1___RNAseq.g6195.t1,9.657876280866194,9.503314638418445,8.546551693040293,8.664493928291316,-0.1545616424477494,-1.1113245878259015,0.8388207101271288,-0.11794223525102332,0.1545616424477494,1.1113245878259015,Medium Variability
gene-Pocillopora_meandrina_HIv1___RNAseq.g6261.t1,OG_02219,ptua,0.240716654825799,0.25417068234872603,0.29246363858393176,0.2431322105824029,0.24192443270410094,0.2733171604663289,1.1297625353972602,0.031392727762227984,False,gene-Pocillopora_meandrina_HIv1___RNAseq.g6261.t1,3.0940201981942623,3.0938214006722973,3.345575819688365,2.7834592737476336,-0.00019879752196505507,0.2515556214941026,0.3103621269246637,0.5621165459407313,0.00019879752196505507,0.2515556214941026,Medium Variability
gene-Pocillopora_meandrina_HIv1___RNAseq.g6296.t1,OG_15648,ptua,0.5166269148869578,0.2074401106992581,0.7187210425833953,1.075067519726299,0.7958472173066284,0.46308057664132674,0.5818712016214898,-0.3327666406653017,False,gene-Pocillopora_meandrina_HIv1___RNAseq.g6296.t1,3.659880877777778,3.409138161199295,2.6615591864197534,4.001446559876543,-0.250742716578483,-0.9983216913580244,-0.5923083986772482,-1.3398873734567895,0.250742716578483,0.9983216913580244,Low Variability
gene-Pocillopora_meandrina_HIv1___RNAseq.g6331.t2,OG_02190,ptua,0.1705805615966807,0.16718777064820467,0.18182798245554174,0.17925002459174696,0.17491529309421383,0.17450787655187322,0.9976707780369943,-0.00040741654234061064,False,gene-Pocillopora_meandrina_HIv1___RNAseq.g6331.t2,3.3324326212881563,3.248782210944241,3.223379328115588,3.174418682498983,-0.0836504103439153,-0.10905329317256829,0.07436352844525818,0.04896064561660518,0.0836504103439153,0.10905329317256829,Medium Variability
gene-Pocillopora_meandrina_HIv1___RNAseq.g6343.t1,OG_02408,ptua,0.5064635992443689,0.31456578196126644,0.8274310815330251,1.1498383590463113,0.8281509791453401,0.5709984317471458,0.6894859103305315,-0.25715254739819426,False,gene-Pocillopora_meandrina_HIv1___RNAseq.g6343.t1,0.0,0.0,0.0,0.0,0.0,0.0,0.0,0.0,0.0,0.0,Medium Variability
gene-Pocillopora_meandrina_HIv1___RNAseq.g6387.t1,OG_17186,ptua,0.9338501137058836,1.4103221349818629,0.9234356101181802,1.078110171887366,1.0059801427966248,1.1668788725500217,1.1599422522457534,0.1608987297533968,False,gene-Pocillopora_meandrina_HIv1___RNAseq.g6387.t1,5.750336401666667,4.189978714285714,5.457517606666666,9.137232642857143,-1.5603576873809528,-0.2928187950000005,-4.9472539285714285,-3.6797150361904762,1.5603576873809528,0.2928187950000005,Medium Variability
gene-Pocillopora_meandrina_HIv1___RNAseq.g6672.t1,OG_15383,ptua,0.8683064307724919,0.8966175164087826,1.0734172555724777,0.9563181182122856,0.9123122744923888,0.9850173859906302,1.0796932295344754,0.07270511149824133,False,gene-Pocillopora_meandrina_HIv1___RNAseq.g6672.t1,0.37117514350429537,0.36993718992859986,0.4779759756613756,0.49377772127496156,-0.0012379535756955051,0.10680083215708025,-0.12384053134636169,-0.015801745613585938,0.0012379535756955051,0.10680083215708025,Medium Variability
gene-Pocillopora_meandrina_HIv1___RNAseq.g6698.t2,OG_01155,ptua,0.2871557336248828,0.2837889912649185,0.3761908803743,0.34672682716004627,0.3169412803924645,0.3299899358196092,1.0411705771207422,0.013048655427144729,False,gene-Pocillopora_meandrina_HIv1___RNAseq.g6698.t2,1.3538528486573922,1.2096739623437445,1.347623836082701,1.3871677033212362,-0.14417888631364773,-0.006229012574691106,-0.1774937409774917,-0.03954386723853509,0.14417888631364773,0.006229012574691106,Medium Variability
gene-Pocillopora_meandrina_HIv1___RNAseq.g6708.t1,OG_10007,ptua,0.42878582669712695,0.39674264177544694,0.5342760640869195,0.489172968014255,0.458979397355691,0.46550935293118323,1.014227121332925,0.006529955575492241,False,gene-Pocillopora_meandrina_HIv1___RNAseq.g6708.t1,1.7574093360626797,1.3398406236439195,1.7202433715129357,1.92861118148044,-0.41756871241876015,-0.03716596454974397,-0.5887705578365205,-0.20836780996750437,0.41756871241876015,0.03716596454974397,Medium Variability
gene-Pocillopora_meandrina_HIv1___RNAseq.g6748.t1,OG_10002,ptua,0.10433117588428722,0.11054953118350255,0.119950585294878,0.14130162284340733,0.12281639936384728,0.11525005823919027,0.9383930715779942,-0.007566341124657011,False,gene-Pocillopora_meandrina_HIv1___RNAseq.g6748.t1,5.0076001125678005,4.651120159254955,3.6607027718248095,2.8540551070266273,-0.35647995331284577,-1.346897340742991,1.7970650522283274,0.8066476647981822,0.35647995331284577,1.346897340742991,Medium Variability
gene-Pocillopora_meandrina_HIv1___RNAseq.g6826.t2,OG_09969,ptua,0.7108992534545706,0.7367534242270294,0.8533400406694933,0.8188651460727268,0.7648821997636487,0.7950467324482613,1.0394368344484073,0.03016453268461261,False,gene-Pocillopora_meandrina_HIv1___RNAseq.g6826.t2,0.676798581682597,0.5570647176863935,0.8034228473529075,0.5063492638335623,-0.11973386399620345,0.1266242656703105,0.05071545385283127,0.2970735835193452,0.11973386399620345,0.1266242656703105,Medium Variability
gene-Pocillopora_meandrina_HIv1___RNAseq.g6952.t1,OG_10183,ptua,0.17608914737169784,0.17792449479591285,0.18122902943216415,0.1663801874993662,0.171234667435532,0.1795767621140385,1.0487173234453075,0.008342094678506495,False,gene-Pocillopora_meandrina_HIv1___RNAseq.g6952.t1,0.6715056431868831,0.46909875549188157,0.5247361567062355,0.513206264660936,-0.20240688769500154,-0.14676948648064758,-0.044107509169054426,0.011529892045299528,0.20240688769500154,0.14676948648064758,Medium Variability
gene-Pocillopora_meandrina_HIv1___RNAseq.g6954.t1,OG_15550,ptua,0.3333483155141355,0.38102973121946637,0.31543441479040124,0.5365782863078121,0.4349633009109738,0.3482320730049338,0.8006010444458354,-0.08673122790603999,False,gene-Pocillopora_meandrina_HIv1___RNAseq.g6954.t1,0.4298512905120617,0.35451323226616444,0.4900342856335755,0.5242174177697068,-0.07533805824589729,0.06018299512151376,-0.16970418550354233,-0.03418313213613128,0.07533805824589729,0.06018299512151376,Medium Variability
gene-Pocillopora_meandrina_HIv1___RNAseq.g6970.t1,OG_18285,ptua,0.27283068044145653,0.27916499113284177,0.3118690290273352,0.2867000755353446,0.27976537798840057,0.29551701008008846,1.0563030072017738,0.015751632091687895,False,gene-Pocillopora_meandrina_HIv1___RNAseq.g6970.t1,0.6180477674282595,0.606895961313856,0.7346281173528799,0.7922385375129966,-0.011151806114403473,0.11658034992462041,-0.18534257619914052,-0.05761042016011664,0.011151806114403473,0.11658034992462041,Medium Variability
gene-Pocillopora_meandrina_HIv1___RNAseq.g7005.t1,OG_09942,ptua,0.25136637947500357,0.27178222585763706,0.25497194581290905,0.3027560289338079,0.2770612042044057,0.2633770858352731,0.9506097636136852,-0.013684118369132636,False,gene-Pocillopora_meandrina_HIv1___RNAseq.g7005.t1,4.050369786439205,4.299186620474115,4.006315337916278,4.231055571537504,0.24881683403491017,-0.04405444852292728,0.06813104893661137,-0.22474023362122608,0.24881683403491017,0.04405444852292728,Medium Variability
gene-Pocillopora_meandrina_HIv1___RNAseq.g7016.t1,OG_09896,ptua,0.04990026934872609,0.0800196845372827,0.04875937433168592,0.03388964568119235,0.04189495751495922,0.06438952943448431,1.536927908603155,0.022494571919525093,True,gene-Pocillopora_meandrina_HIv1___RNAseq.g7016.t1,8.494290674276673,8.28165739501708,8.275380534810127,8.470401774668476,-0.21263327925959352,-0.21891013946654603,-0.18874437965139634,-0.19502123985834885,0.21263327925959352,0.21891013946654603,High Variability
gene-Pocillopora_meandrina_HIv1___RNAseq.g7297.t1b,OG_09174,ptua,0.4595108528740125,0.4556880207156712,0.5783538808857556,0.625750184154274,0.5426305185141432,0.5170209508007134,0.9528047781323558,-0.025609567713429815,False,gene-Pocillopora_meandrina_HIv1___RNAseq.g7297.t1b,1.0480490702855976,1.089196599136923,1.2732065044198895,1.0933392391037446,0.04114752885132544,0.2251574341342919,-0.004142639966821626,0.17986726531614483,0.04114752885132544,0.2251574341342919,Medium Variability
gene-Pocillopora_meandrina_HIv1___RNAseq.g7367.t1,OG_10332,ptua,0.09646051622508157,0.10152328149675406,0.10735093054921083,0.12511891075765355,0.11078971349136757,0.10443710602298245,0.9426606742792949,-0.006352607468385119,False,gene-Pocillopora_meandrina_HIv1___RNAseq.g7367.t1,2.04961899711271,1.7559296523891343,1.680495802328084,1.831374063337865,-0.29368934472357555,-0.36912319478462585,-0.07544441094873067,-0.15087826100978097,0.29368934472357555,0.36912319478462585,Medium Variability
gene-Pocillopora_meandrina_HIv1___RNAseq.g7413.t1,OG_10205,ptua,0.39830035202656294,0.33164526888538537,0.3694774454774333,0.3858848185205024,0.39209258527353263,0.35056135718140935,0.8940780069504498,-0.041531228092123285,False,gene-Pocillopora_meandrina_HIv1___RNAseq.g7413.t1,0.6091925673157784,0.5579827365315884,0.5587127886155787,0.5133324662777252,-0.05120983078419006,-0.05047977870019971,0.044650270253863145,0.045380322337853496,0.05120983078419006,0.05047977870019971,Medium Variability
gene-Pocillopora_meandrina_HIv1___RNAseq.g7414.t1,OG_15551,ptua,0.8823461779362258,1.1818590155129614,0.8817927927705878,0.3758387196150821,0.629092448775654,1.0318259041417746,1.6401816714696298,0.4027334553661206,True,gene-Pocillopora_meandrina_HIv1___RNAseq.g7414.t1,0.31332383884552,0.2494718524741955,0.5449953848555815,0.33346149502992456,-0.0638519863713245,0.2316715460100615,-0.08398964255572905,0.21153388982565696,0.0638519863713245,0.2316715460100615,High Variability
gene-Pocillopora_meandrina_HIv1___RNAseq.g7495.t1,OG_15140,ptua,0.49229516572980325,0.45886503511634363,0.41849279338935763,0.5190713331235017,0.5056832494266525,0.43867891425285066,0.8674974200751717,-0.06700433517380189,False,gene-Pocillopora_meandrina_HIv1___RNAseq.g7495.t1,0.4205867699278074,0.4099220185743911,0.42840208092899246,0.3960086182945084,-0.010664751353416324,0.007815311001185044,0.013913400279882693,0.03239346263448406,0.010664751353416324,0.007815311001185044,Medium Variability
gene-Pocillopora_meandrina_HIv1___RNAseq.g7549.t1,OG_15374,ptua,0.7884915001134988,0.6586751131088004,0.7562752032837816,0.6065117569971377,0.6975016285553182,0.707475158196291,1.014298933841388,0.009973529640972867,False,gene-Pocillopora_meandrina_HIv1___RNAseq.g7549.t1,0.3650268300020659,0.3741919086311676,0.43838181383121577,0.2517557960437971,0.009165078629101653,0.07335498382914984,0.12243611258737047,0.18662601778741866,0.009165078629101653,0.07335498382914984,Medium Variability
gene-Pocillopora_meandrina_HIv1___RNAseq.g7581.t1,OG_01312,ptua,0.43208699989320554,0.5271813355130381,0.6068528604401999,0.6946957653433229,0.5633913826182642,0.567017097976619,1.0064355179546853,0.003625715358354875,False,gene-Pocillopora_meandrina_HIv1___RNAseq.g7581.t1,0.6195590801178166,0.591610711845745,0.6623473350126,0.6564577834984359,-0.02794836827207159,0.04278825489478344,-0.06484707165269088,0.005889551514164149,0.02794836827207159,0.04278825489478344,Medium Variability
gene-Pocillopora_meandrina_HIv1___RNAseq.g7624.t1,OG_18078,ptua,0.2933714135062681,0.5070481686475712,0.502091231166517,0.37807835260628325,0.3357248830562757,0.5045696999070441,1.502926131997389,0.16884481685076846,True,gene-Pocillopora_meandrina_HIv1___RNAseq.g7624.t1,0.40884727747113997,0.3540155874107617,0.40852112187286393,0.3453446489291411,-0.054831690060378246,-0.00032615559827603446,0.00867093848162065,0.06317647294372286,0.054831690060378246,0.00032615559827603446,High Variability
gene-Pocillopora_meandrina_HIv1___RNAseq.g7729.t1,OG_03780,ptua,0.7550920780503558,0.9036539022562068,0.8371986857792654,0.7819928815984276,0.7685424798243917,0.8704262940177361,1.1325675767676815,0.10188381419334436,False,gene-Pocillopora_meandrina_HIv1___RNAseq.g7729.t1,0.42695205590134416,0.44258387313916414,0.49553982612166253,0.45109691785370215,0.015631817237819978,0.06858777022031837,-0.00851304471453801,0.04444290826796038,0.015631817237819978,0.06858777022031837,Medium Variability
gene-Pocillopora_meandrina_HIv1___RNAseq.g7741.t1b,OG_09310,ptua,0.5978337771506774,0.4746822419248452,0.7248228902989754,0.6376734609445592,0.6177536190476183,0.5997525661119103,0.970860465433679,-0.018001052935707973,False,gene-Pocillopora_meandrina_HIv1___RNAseq.g7741.t1b,0.5288220742897204,0.4700836207348037,0.5983145624423439,0.5212623309328915,-0.05873845355491669,0.06949248815262354,-0.05117871019808784,0.0770522315094524,0.05873845355491669,0.06949248815262354,Medium Variability
gene-Pocillopora_meandrina_HIv1___RNAseq.g777.t1,OG_16747,ptua,0.29049113045396435,0.2805487915131294,0.24472778015276145,0.24408977035902557,0.26729045040649496,0.2626382858329454,0.9825950962091068,-0.004652164573549555,False,gene-Pocillopora_meandrina_HIv1___RNAseq.g777.t1,0.3206657294082126,0.34947135803140095,0.36690770703933745,0.3853995109730849,0.028805628623188362,0.046241977631124864,-0.035928152941683944,-0.01849180393374744,0.028805628623188362,0.046241977631124864,Medium Variability
gene-Pocillopora_meandrina_HIv1___RNAseq.g778.t1,OG_13910,ptua,0.08674806058965023,0.08043135985060863,0.0716777936225903,0.06538689398505353,0.07606747728735189,0.07605457673659946,0.9998304064862873,-1.2900550752426021e-05,False,gene-Pocillopora_meandrina_HIv1___RNAseq.g778.t1,0.3106032220553331,0.4390294067738466,0.5285742282376502,0.4571627568758344,0.12842618471851353,0.21797100618231713,-0.0181333501019878,0.0714114713618158,0.12842618471851353,0.21797100618231713,Medium Variability
gene-Pocillopora_meandrina_HIv1___RNAseq.g7915.t1,OG_10109,ptua,0.41216317620749576,0.5264101573924923,0.5671870736698834,0.4136808358990919,0.4129220060532938,0.5467986155311879,1.3242176670540908,0.1338766094778941,False,gene-Pocillopora_meandrina_HIv1___RNAseq.g7915.t1,32.64974708407814,32.447464847680095,31.850585081684983,31.469656365201466,-0.2022822363980481,-0.7991620023931603,0.9778084824786291,0.3809287164835169,0.2022822363980481,0.7991620023931603,Medium Variability
gene-Pocillopora_meandrina_HIv1___RNAseq.g7964.t1,OG_10121,ptua,0.40628687217631326,0.3760959389240531,0.5055051885632006,0.4214548456207852,0.41387085889854924,0.44080056374362686,1.0650678931992137,0.026929704845077618,False,gene-Pocillopora_meandrina_HIv1___RNAseq.g7964.t1,4.295801531361548,4.1847954467798285,4.041110415493279,4.231528476065162,-0.11100608458171912,-0.254691115868269,-0.04673302928533385,-0.1904180605718837,0.11100608458171912,0.254691115868269,Medium Variability
gene-Pocillopora_meandrina_HIv1___RNAseq.g8011.t1,OG_15544,ptua,0.25893777262404744,0.21406545485924094,0.23640591293432534,0.23969740579113302,0.24931758920759023,0.22523568389678314,0.9034087190264154,-0.02408190531080709,False,gene-Pocillopora_meandrina_HIv1___RNAseq.g8011.t1,0.4963257144391959,0.44672924804927316,0.5547262977812768,0.4961814465025289,-0.04959646638992271,0.058400583342080925,-0.049452198453255714,0.05854485127874792,0.04959646638992271,0.058400583342080925,Medium Variability
gene-Pocillopora_meandrina_HIv1___RNAseq.g8094.t1,OG_01317,ptua,0.3100205793895269,0.3228874544906404,0.31054150294873245,0.37041405150768225,0.34021731544860456,0.3167144787196864,0.930918164180069,-0.023502836728918175,False,gene-Pocillopora_meandrina_HIv1___RNAseq.g8094.t1,0.8760451840834504,0.7718103496291273,0.9685069003918023,0.8752699486538075,-0.10423483445432313,0.09246171630835187,-0.10345959902468016,0.09323695173799484,0.10423483445432313,0.09246171630835187,Medium Variability
gene-Pocillopora_meandrina_HIv1___RNAseq.g8152.t1,OG_01353,ptua,0.18498226114357189,0.24086039540795207,0.18092538932081242,0.32089864647740685,0.25294045381048935,0.21089289236438225,0.8337649798097918,-0.04204756144610711,False,gene-Pocillopora_meandrina_HIv1___RNAseq.g8152.t1,0.8910577587320484,0.9030692393537415,1.1209365318480726,1.0469799221995466,0.012011480621693105,0.22987877311602423,-0.1439106828458051,0.07395660964852602,0.012011480621693105,0.22987877311602423,Medium Variability
gene-Pocillopora_meandrina_HIv1___RNAseq.g8153.t1,OG_14012,ptua,0.05755430858871124,0.06378292360856486,0.07187832227329488,0.043344227066373295,0.05044926782754226,0.06783062294092987,1.3445313651092956,0.017381355113387606,False,gene-Pocillopora_meandrina_HIv1___RNAseq.g8153.t1,0.6524316132730609,0.41633438654911653,0.7639613802560646,0.62789038737646,-0.23609722672394434,0.11152976698300376,-0.21155600082734344,0.13607099287960467,0.23609722672394434,0.11152976698300376,Medium Variability
gene-Pocillopora_meandrina_HIv1___RNAseq.g8154.t1,OG_01354,ptua,0.08003846809518278,0.06838508592953733,0.13767500611203215,0.12562081521340396,0.10282964165429337,0.10303004602078475,1.0019488968673558,0.00020040436649138016,False,gene-Pocillopora_meandrina_HIv1___RNAseq.g8154.t1,0.5284509609816385,0.3226657030367232,0.4274645501210654,0.336726621912833,-0.20578525794491526,-0.10098641086057308,-0.014060918876109774,0.0907379282082324,0.20578525794491526,0.10098641086057308,Medium Variability
gene-Pocillopora_meandrina_HIv1___RNAseq.g8302.t1,OG_01277,ptua,0.19646120743502113,0.1538745271150485,0.2317578787452489,0.18726597469773243,0.1918635910663768,0.1928162029301487,1.0049650476074032,0.0009526118637719072,False,gene-Pocillopora_meandrina_HIv1___RNAseq.g8302.t1,6.930097232643279,6.731775159845133,7.107109935250737,7.397635829804046,-0.1983220727981454,0.17701270260745794,-0.6658606699589127,-0.29052589455330935,0.1983220727981454,0.17701270260745794,Medium Variability
gene-Pocillopora_meandrina_HIv1___RNAseq.g8333.t1,OG_01223,ptua,0.3722284923212886,0.3972465073728161,0.3645480768241449,0.5556619327298539,0.4639452125255712,0.3808972920984805,0.8209962767478426,-0.0830479204270907,False,gene-Pocillopora_meandrina_HIv1___RNAseq.g8333.t1,0.4817272143900624,0.4366363111032472,0.5262641451655052,0.4741485215592335,-0.0450909032868152,0.04453693077544285,-0.037512210455986295,0.052115623606271755,0.0450909032868152,0.04453693077544285,Medium Variability
gene-Pocillopora_meandrina_HIv1___RNAseq.g8424.t1,OG_15375,ptua,0.27611917713299305,0.1503728843105308,0.2940712589865943,0.22171510852386297,0.24891714282842803,0.22222207164856256,0.8927551920428973,-0.02669507117986547,False,gene-Pocillopora_meandrina_HIv1___RNAseq.g8424.t1,0.23685255403605326,0.4107681331658291,0.5141658626944245,0.38687919140942806,0.17391557912977584,0.2773133086583713,0.02388894175640105,0.1272866712849965,0.17391557912977584,0.2773133086583713,Medium Variability
gene-Pocillopora_meandrina_HIv1___RNAseq.g8427.t1,OG_16209,ptua,0.2517757774820202,0.18282919587169094,0.2789748764109712,0.20518779059433756,0.22848178403817887,0.23090203614133106,1.0105927573760005,0.002420252103152193,False,gene-Pocillopora_meandrina_HIv1___RNAseq.g8427.t1,0.3498294000892857,0.3617247777103174,0.4651280582142857,0.3333633655952381,0.01189537762103171,0.11529865812500001,0.02836141211507931,0.1317646926190476,0.01189537762103171,0.11529865812500001,Medium Variability
gene-Pocillopora_meandrina_HIv1___RNAseq.g843.t1,OG_08768,ptua,0.21162888973873448,0.2598893501091975,0.23189990475825856,0.24664776349620382,0.22913832661746913,0.24589462743372803,1.0731274469165186,0.016756300816258896,False,gene-Pocillopora_meandrina_HIv1___RNAseq.g843.t1,0.44345194429843154,0.36297546379704204,0.4801460935283312,0.43880340749611413,-0.0804764805013895,0.036694149229899664,-0.07582794369907209,0.04134268603221708,0.0804764805013895,0.036694149229899664,Medium Variability
gene-Pocillopora_meandrina_HIv1___RNAseq.g8456.t1,OG_09247,ptua,0.16108581519957935,0.1689485706346376,0.1700613685553393,0.1898845584993545,0.17548518684946693,0.16950496959498845,0.9659218116249985,-0.005980217254478476,False,gene-Pocillopora_meandrina_HIv1___RNAseq.g8456.t1,0.4724591882133894,0.4253920806077051,0.47476261784980933,0.5630976153710766,-0.04706710760568428,0.0023034296364199403,-0.1377055347633715,-0.08833499752126728,0.04706710760568428,0.0023034296364199403,Medium Variability
gene-Pocillopora_meandrina_HIv1___RNAseq.g8542.t1,OG_16270,ptua,0.5620958580847202,0.6056498947836464,0.5652699659672917,0.7515670428020838,0.656831450443402,0.5854599303754691,0.8913396731844179,-0.0713715200679329,False,gene-Pocillopora_meandrina_HIv1___RNAseq.g8542.t1,0.49787018573260067,0.4623427937525437,0.4785991508954009,0.496954417012617,-0.035527391980056944,-0.019271034837199774,-0.034611623260073276,-0.018355266117216107,0.035527391980056944,0.019271034837199774,Medium Variability
gene-Pocillopora_meandrina_HIv1___RNAseq.g8574.t1,OG_01177,ptua,0.4192673941867378,0.40813123730623985,0.5544044987671934,0.5236155417946372,0.47144146799068753,0.4812678680367166,1.020843308688796,0.009826400046029082,False,gene-Pocillopora_meandrina_HIv1___RNAseq.g8574.t1,0.446161804326184,0.4400375826623881,0.6062107282102572,0.4367257267989109,-0.006124221663795892,0.1600489238840732,0.003311855863477209,0.16948500141134631,0.006124221663795892,0.1600489238840732,Medium Variability
gene-Pocillopora_meandrina_HIv1___RNAseq.g8627.t1,OG_18229,ptua,0.4162451590585525,0.3826652200686255,0.3482100087430007,0.355590398607292,0.3859177788329223,0.3654376144058131,0.9469312751305615,-0.02048016442710915,False,gene-Pocillopora_meandrina_HIv1___RNAseq.g8627.t1,1.3716019124066294,1.3503597363707982,1.76458006232493,1.3707796971638657,-0.02124217603583123,0.3929781499183005,-0.020419960793067515,0.3938003651610642,0.02124217603583123,0.3929781499183005,Medium Variability
gene-Pocillopora_meandrina_HIv1___RNAseq.g863.t1,OG_17012,ptua,1.414213562373095,1.414213562373095,1.414213562373095,1.4142135623730951,1.414213562373095,1.414213562373095,1.0,0.0,False,gene-Pocillopora_meandrina_HIv1___RNAseq.g863.t1,27.093099822467874,27.453810212301587,25.693970053061225,28.21291654410431,0.36071038983371295,-1.399129769406649,-0.7591063318027231,-2.518946491043085,0.36071038983371295,1.399129769406649,Medium Variability
gene-Pocillopora_meandrina_HIv1___RNAseq.g8765.t1,OG_01121,ptua,0.24828439841808994,0.2541091556220881,0.32478527587660516,0.39648086256635484,0.3223826304922224,0.2894472157493466,0.8978375023102545,-0.03293541474287576,False,gene-Pocillopora_meandrina_HIv1___RNAseq.g8765.t1,4.154386881695157,4.062746494837879,4.105170179503459,4.294004042075702,-0.09164038685727771,-0.04921670219169716,-0.23125754723782332,-0.18883386257224277,0.09164038685727771,0.04921670219169716,Medium Variability
gene-Pocillopora_meandrina_HIv1___RNAseq.g8829.t1,OG_01147,ptua,0.2698736639225038,0.3558196152258644,0.26019546074707567,0.3053676238149345,0.2876206438687191,0.30800753798647007,1.070881192127003,0.020386894117750964,False,gene-Pocillopora_meandrina_HIv1___RNAseq.g8829.t1,14.627151793507794,14.595842675675677,14.080349409137709,14.273373384813384,-0.03130911783211765,-0.5468023843700855,0.32246929086229237,-0.19302397567567553,0.03130911783211765,0.5468023843700855,Medium Variability
gene-Pocillopora_meandrina_HIv1___RNAseq.g8840.t1,OG_10008,ptua,0.11233485956248285,0.09893643105003193,0.09380311562207785,0.10689074482062733,0.10961280219155509,0.0963697733360549,0.8791835571144584,-0.013243028855500188,False,gene-Pocillopora_meandrina_HIv1___RNAseq.g8840.t1,1.0294984987745452,1.231755992386742,1.2073965037704444,1.1408025234187293,0.2022574936121968,0.17789800499589914,0.09095346896801271,0.06659398035171504,0.2022574936121968,0.17789800499589914,Medium Variability
gene-Pocillopora_meandrina_HIv1___RNAseq.g8924.t1,OG_10039,ptua,0.20297787690831204,0.23918097544426395,0.2676815390717894,0.2902821262977308,0.24663000160302143,0.2534312572580267,1.0275767571292995,0.0068012556550052505,False,gene-Pocillopora_meandrina_HIv1___RNAseq.g8924.t1,0.5558390828285652,0.52336834233762,0.4403784093933464,0.5401841637172676,-0.03247074049094523,-0.11546067343521882,-0.016815821379647655,-0.09980575432392125,0.03247074049094523,0.11546067343521882,Medium Variability
gene-Pocillopora_meandrina_HIv1___RNAseq.g8943.t1,OG_16122,ptua,2.468909909973164,2.065640694426588,3.455485884735029,2.3017134676667217,2.385311688819943,2.7605632895808085,1.1573176379924208,0.3752516007608655,True,gene-Pocillopora_meandrina_HIv1___RNAseq.g8943.t1,0.4068070455667013,0.5147811557227411,0.4932964887409201,0.44581376788885047,0.1079741101560398,0.0864894431742188,0.06896738783389061,0.047482720852069615,0.1079741101560398,0.0864894431742188,Medium Variability
gene-Pocillopora_meandrina_HIv1___RNAseq.g907.t1,OG_08856,ptua,0.34380870870719116,0.3892581559636816,0.4005463045327107,0.4882682737129264,0.41603849121005876,0.39490223024819615,0.9491963810839058,-0.021136260961862607,False,gene-Pocillopora_meandrina_HIv1___RNAseq.g907.t1,1.4009819030213169,1.2449213073620424,1.4832306781531144,1.437340838868833,-0.15606059565927444,0.08224877513179751,-0.19241953150679048,0.045889839284281475,0.15606059565927444,0.08224877513179751,Medium Variability
gene-Pocillopora_meandrina_HIv1___RNAseq.g9310.t1,OG_04651,ptua,0.5994047723123932,0.5491648848910616,0.611843945565283,0.6031268704179448,0.6012658213651689,0.5805044152281723,0.965470503395889,-0.02076140613699662,False,gene-Pocillopora_meandrina_HIv1___RNAseq.g9310.t1,0.5363176527142001,0.5331742865582987,0.627083251502293,0.5948798825532553,-0.0031433661559013837,0.09076559878809298,-0.06170559599495662,0.03220336894903775,0.0031433661559013837,0.09076559878809298,Medium Variability
gene-Pocillopora_meandrina_HIv1___RNAseq.g9346.t1,OG_05819,ptua,0.5868483865392164,0.6480510326090736,0.6830978346019497,0.7671991649003626,0.6770237757197894,0.6655744336055116,0.9830887148651386,-0.011449342114277838,False,gene-Pocillopora_meandrina_HIv1___RNAseq.g9346.t1,0.4284623556186704,0.3270537155244334,0.4051154761491251,0.4196041600091408,-0.101408640094237,-0.023346879469545334,-0.0925504444847074,-0.014488683860015728,0.101408640094237,0.023346879469545334,Medium Variability
gene-Pocillopora_meandrina_HIv1___RNAseq.g9369.t1,OG_04756,ptua,0.6198009263380757,0.6052625966626214,0.7715894909227798,0.4818627169864419,0.5508318216622587,0.6884260437927006,1.2497935244830634,0.1375942221304418,False,gene-Pocillopora_meandrina_HIv1___RNAseq.g9369.t1,0.41336941337252936,0.43289965469171326,0.4251702648861646,0.4339831181260946,0.019530241319183905,0.011800851513635247,-0.0010834634343813154,-0.008812853239929974,0.019530241319183905,0.011800851513635247,Medium Variability
gene-Pocillopora_meandrina_HIv1___RNAseq.g945.t1,OG_08842,ptua,0.554957809549154,0.52013976599197,0.7276279416794789,0.7574257717303717,0.6561917906397629,0.6238838538357244,0.9507644910148306,-0.03230793680403843,False,gene-Pocillopora_meandrina_HIv1___RNAseq.g945.t1,0.40727418105230095,0.3849938182482585,0.3972003481329222,0.49227502299588904,-0.022280362804042442,-0.010073832919378745,-0.10728120474763053,-0.09507467486296683,0.022280362804042442,0.010073832919378745,Medium Variability
gene-Pocillopora_meandrina_HIv1___RNAseq.g9524.t1,OG_14500,ptua,0.3896364055038042,0.46070895942919765,0.4678719539468353,0.5295630348693442,0.4595997201865742,0.4642904566880165,1.0102061343717488,0.004690736501442305,False,gene-Pocillopora_meandrina_HIv1___RNAseq.g9524.t1,0.8734021978963324,0.6957187111647195,0.8569581004140787,0.7960660186705117,-0.17768348673161294,-0.016444097482253728,-0.10034730750579224,0.06089208174356697,0.17768348673161294,0.016444097482253728,Medium Variability
gene-Pocillopora_meandrina_HIv1___RNAseq.g9577.t1,OG_14505,ptua,0.3927107899068968,0.39247875312773445,0.4271642562016353,0.3683238503920871,0.3805173201494919,0.40982150466468487,1.0770114340752752,0.029304184515192955,False,gene-Pocillopora_meandrina_HIv1___RNAseq.g9577.t1,19.02578114556813,18.64372654968175,18.45030272142857,17.82046534635785,-0.3820545958863768,-0.5754784241395576,0.8232612033239022,0.6298373750707214,0.3820545958863768,0.5754784241395576,Medium Variability
gene-Pocillopora_meandrina_HIv1___RNAseq.g972.t1,OG_09024,ptua,0.2878848692434127,0.31194122565054244,0.3349928134755199,0.3652464781425936,0.32656567369300316,0.32346701956303114,0.9905113905728959,-0.0030986541299720116,False,gene-Pocillopora_meandrina_HIv1___RNAseq.g972.t1,0.5114462038293318,0.3783216484206748,0.6045583665390445,0.5062875394671772,-0.13312455540865703,0.09311216270971268,-0.1279658910465024,0.0982708270718673,0.13312455540865703,0.09311216270971268,Medium Variability
gene-Pocillopora_meandrina_HIv1___TS.g10820.t1,OG_15459,ptua,0.9001118263882505,1.1822857087216563,0.999198517631273,1.1380429232728726,1.0190773748305615,1.0907421131764647,1.0703231571182892,0.07166473834590326,False,gene-Pocillopora_meandrina_HIv1___TS.g10820.t1,0.4138050008126867,0.3906870923534235,0.47358678112809705,0.46677254898084697,-0.023117908459263148,0.05978178031541037,-0.07608545662742344,0.006814232147250077,0.023117908459263148,0.05978178031541037,Medium Variability
gene-Pocillopora_meandrina_HIv1___TS.g11409.t1,OG_18058,ptua,0.13957687283326933,0.16661336435595603,0.2317692671505967,0.1863089388628097,0.1629429058480395,0.19919131575327637,1.2224608043939154,0.03624840990523687,False,gene-Pocillopora_meandrina_HIv1___TS.g11409.t1,0.5130204481553862,0.4187167287961696,0.5245635377923262,0.35928664574620545,-0.09430371935921655,0.011543089636940063,0.059430083049964166,0.16527689204612078,0.09430371935921655,0.011543089636940063,Medium Variability
gene-Pocillopora_meandrina_HIv1___TS.g11527.t1,OG_06236,ptua,0.35583129054381524,0.4079529462584035,0.38124793656767497,0.5081753274180681,0.4320033089809417,0.39460044141303924,0.9134199512125669,-0.037402867567902454,False,gene-Pocillopora_meandrina_HIv1___TS.g11527.t1,0.5004435220899471,0.32929288623876124,0.44327000574425574,0.3718235048673549,-0.1711506358511859,-0.0571735163456914,-0.04253061862859364,0.07144650087690085,0.1711506358511859,0.0571735163456914,Medium Variability
gene-Pocillopora_meandrina_HIv1___TS.g11574.t1,OG_06181,ptua,0.12189591249640566,0.12403828090660532,0.12378637620864612,0.14332421404279017,0.1326100632695979,0.12391232855762571,0.9344112015519547,-0.008697734711972188,False,gene-Pocillopora_meandrina_HIv1___TS.g11574.t1,3.9258628331292003,3.9564805280156325,3.9128777175373948,3.8816791254787195,0.03061769488643229,-0.012985115591805485,0.07480140253691303,0.031198592058675256,0.03061769488643229,0.012985115591805485,Medium Variability
gene-Pocillopora_meandrina_HIv1___TS.g11653.t1,OG_06119,ptua,0.5502245740439924,0.5019456553299421,0.6667771182821106,0.7257662825354564,0.6379954282897244,0.5843613868060263,0.9159335018630541,-0.0536340414836981,False,gene-Pocillopora_meandrina_HIv1___TS.g11653.t1,8.088263018771759,8.139480185490058,7.871967760966542,7.903157564427333,0.05121716671829901,-0.21629525780521686,0.23632262106272517,-0.0311898034607907,0.05121716671829901,0.21629525780521686,Medium Variability
gene-Pocillopora_meandrina_HIv1___TS.g12263.t1,OG_07150,ptua,0.1896711925857465,0.21269622748475459,0.2886794127727415,0.2446008795866539,0.2171360360862002,0.250687820128748,1.1545196488215719,0.03355178404254783,False,gene-Pocillopora_meandrina_HIv1___TS.g12263.t1,0.49247585313113473,0.4569431756513265,0.6228954998822144,0.5353222495835437,-0.035532677479808206,0.13041964675107964,-0.07837907393221716,0.08757325029867069,0.035532677479808206,0.13041964675107964,Medium Variability
gene-Pocillopora_meandrina_HIv1___TS.g12407.t1,OG_07252,ptua,0.21621813632291084,0.2456397575078046,0.2288405014763992,0.2879808283791877,0.2520994823510493,0.23724012949210188,0.9410575828225791,-0.014859352858947406,False,gene-Pocillopora_meandrina_HIv1___TS.g12407.t1,0.5077377808953373,0.5293656445436509,0.5851927237996032,0.5167951410367063,0.021627863648313594,0.07745494290426591,0.012570503506944553,0.06839758276289687,0.021627863648313594,0.07745494290426591,Medium Variability
gene-Pocillopora_meandrina_HIv1___TS.g12627.t1,OG_14942,ptua,0.9755461152888245,0.8075133915754913,0.9371193073920462,1.057162640597145,1.0163543779429847,0.8723163494837687,0.8582797185852273,-0.14403802845921598,False,gene-Pocillopora_meandrina_HIv1___TS.g12627.t1,0.9001218170650669,0.8017612986205593,1.0140138806689343,0.8462730685941042,-0.09836051844450755,0.11389206360386739,-0.04451176997354489,0.16774081207483005,0.09836051844450755,0.11389206360386739,Medium Variability
gene-Pocillopora_meandrina_HIv1___TS.g12785.t1,OG_07042,ptua,0.2438970851876746,0.24897405390271796,0.2560502451227879,0.2781653265430127,0.2610312058653437,0.2525121495127529,0.9673638394139533,-0.00851905635259076,False,gene-Pocillopora_meandrina_HIv1___TS.g12785.t1,4.674289455915638,4.531646130970753,4.515649105246913,4.269155756782775,-0.14264332494488485,-0.1586403506687244,0.26249037418797805,0.2464933484641385,0.14264332494488485,0.1586403506687244,Medium Variability
gene-Pocillopora_meandrina_HIv1___TS.g1292.t2,OG_14180,ptua,0.39136462906192576,0.36910349042197294,0.41637829367515233,0.43512126311697297,0.41324294608944934,0.39274089204856266,0.9503874071296334,-0.020502054040886675,False,gene-Pocillopora_meandrina_HIv1___TS.g1292.t2,0.41283189240707463,0.4300311818575089,0.5193765636268344,0.4701499931416592,0.017199289450434252,0.10654467121975975,-0.04011881128415029,0.0492265704851752,0.017199289450434252,0.10654467121975975,Medium Variability
gene-Pocillopora_meandrina_HIv1___TS.g13145.t5a,OG_08347,ptua,0.18652450752333843,0.1983370125339026,0.24433397750943306,0.23081451750654428,0.20866951251494137,0.22133549502166783,1.060698768852587,0.012665982506726459,False,gene-Pocillopora_meandrina_HIv1___TS.g13145.t5a,5.2683442256954045,5.351725657191213,5.257457963350833,5.595940574486507,0.08338143149580812,-0.01088626234457113,-0.24421491729529432,-0.3384826111356736,0.08338143149580812,0.01088626234457113,Medium Variability
gene-Pocillopora_meandrina_HIv1___TS.g13920.t1,OG_14790,ptua,0.23680753913391236,0.24062727461832137,0.23876584151496014,0.2560694241434325,0.24643848163867244,0.23969655806664075,0.9726425697512749,-0.006741923572031683,False,gene-Pocillopora_meandrina_HIv1___TS.g13920.t1,14.50782324136381,13.354209963380908,15.209903320829305,14.336571736648624,-1.1536132779829025,0.7020800794654942,-0.9823617732677157,0.873331584180681,1.1536132779829025,0.7020800794654942,Medium Variability
gene-Pocillopora_meandrina_HIv1___TS.g14356.t2,OG_07958,ptua,0.3233133400711144,0.29774705966793,0.3483679307043752,0.2825172706153483,0.30291530534323136,0.3230574951861526,1.0664944606219164,0.020142189842921265,False,gene-Pocillopora_meandrina_HIv1___TS.g14356.t2,0.4711268017382535,0.3708428521291462,0.36014986020803674,0.3346539626680905,-0.1002839496091073,-0.11097694153021676,0.036188889461055695,0.025495897539946244,0.1002839496091073,0.11097694153021676,Medium Variability
gene-Pocillopora_meandrina_HIv1___TS.g14605.t2,OG_08192,ptua,0.563004577271299,0.6147519549702484,0.587645069423273,0.5293281596940463,0.5461663684826727,0.6011985121967607,1.1007607697760209,0.05503214371408793,False,gene-Pocillopora_meandrina_HIv1___TS.g14605.t2,0.3422875696498854,0.34799392535465595,0.43081474791747765,0.4055722690411314,0.0057063557047705715,0.08852717826759227,-0.057578343686475464,0.02524247887634623,0.0057063557047705715,0.08852717826759227,Medium Variability
gene-Pocillopora_meandrina_HIv1___TS.g14930.t1,OG_17849,ptua,0.7910534915916604,0.8394831562116877,0.8693093970590358,0.7646085560593966,0.7778310238255285,0.8543962766353617,1.0984343005930388,0.07656525280983317,False,gene-Pocillopora_meandrina_HIv1___TS.g14930.t1,0.8908563408578022,0.8910187281746031,0.8243724886277195,0.8160734297124601,0.0001623873168009604,-0.06648385223008269,0.07494529846214304,0.008299058915259394,0.0001623873168009604,0.06648385223008269,Medium Variability
gene-Pocillopora_meandrina_HIv1___TS.g15837.t1,OG_03330,ptua,0.13140127222972484,0.15274205463888726,0.15016149226204004,0.1547420318893815,0.14307165205955316,0.15145177345046365,1.0585728987558087,0.008380121390910489,False,gene-Pocillopora_meandrina_HIv1___TS.g15837.t1,0.5742789805276202,0.46507926938642485,0.6706859046759498,0.4767243289367371,-0.10919971114119531,0.09640692414832963,-0.011645059550312253,0.1939615757392127,0.10919971114119531,0.09640692414832963,Medium Variability
gene-Pocillopora_meandrina_HIv1___TS.g15900.t1,OG_03269,ptua,0.560204184353846,0.5588744760009636,0.5931537321561171,0.5299034350989771,0.5450538097264115,0.5760141040785404,1.0568022712613812,0.03096029435212888,False,gene-Pocillopora_meandrina_HIv1___TS.g15900.t1,0.5046152371418264,0.3308653103655604,0.3258181429189858,0.3708701693465265,-0.17374992677626605,-0.17879709422284062,-0.04000485898096612,-0.04505202642754069,0.17374992677626605,0.17879709422284062,Medium Variability
gene-Pocillopora_meandrina_HIv1___TS.g15910.t1,OG_03267,ptua,0.24663384674780747,0.1665619939017172,0.1266826251142564,0.14068110555456081,0.19365747615118414,0.1466223095079868,0.7571218649649342,-0.047035166643197346,False,gene-Pocillopora_meandrina_HIv1___TS.g15910.t1,0.3272058224038203,0.37515950659806296,0.37015508416464893,0.1967494381355932,0.047953684194242674,0.04294926176082864,0.17841006846246976,0.17340564602905573,0.047953684194242674,0.04294926176082864,Medium Variability
gene-Pocillopora_meandrina_HIv1___TS.g15931.t1,OG_16139,ptua,0.8682888630286654,0.6504763720521898,1.6398321068784358,2.0,1.4341444315143326,1.1451542394653127,0.7984929650747441,-0.2889901920490199,False,gene-Pocillopora_meandrina_HIv1___TS.g15931.t1,0.4612823276111111,0.5462286126005291,0.8480291492539682,0.5784254336507937,0.08494628498941803,0.3867468216428571,-0.03219682105026456,0.26960371560317453,0.08494628498941803,0.3867468216428571,Medium Variability
gene-Pocillopora_meandrina_HIv1___TS.g16293.t1,OG_17286,ptua,0.7664408848913355,0.5031919187218039,0.8532531273635897,1.0385538892128048,0.9024973870520702,0.6782225230426968,0.7514952760783631,-0.22427486400937335,False,gene-Pocillopora_meandrina_HIv1___TS.g16293.t1,0.29832363827577574,0.27794186362255113,0.5554760783247533,0.40848459551694555,-0.020381774653224605,0.2571524400489776,-0.13054273189439441,0.14699148280780777,0.020381774653224605,0.2571524400489776,Medium Variability
gene-Pocillopora_meandrina_HIv1___TS.g16540.t1,OG_14279,ptua,1.4326299494511638,1.4661329142014565,1.8057930239841191,1.4876729646834628,1.4601514570673133,1.635962969092788,1.1204063531728337,0.17581151202547463,False,gene-Pocillopora_meandrina_HIv1___TS.g16540.t1,0.4265449436634284,0.4096744028844714,0.4539204702001909,0.4734627762985737,-0.016870540778957,0.027375526536762507,-0.06378837341410232,-0.01954230609838281,0.016870540778957,0.027375526536762507,Medium Variability
gene-Pocillopora_meandrina_HIv1___TS.g17098.t2,OG_05121,ptua,0.2804146232674424,0.28437542978258845,0.2742785749858585,0.28330428455267503,0.28185945391005873,0.2793270023842235,0.9910151975010802,-0.0025324515258352553,False,gene-Pocillopora_meandrina_HIv1___TS.g17098.t2,16.346284566260717,16.352385798633918,16.133365224945265,15.6415217159688,0.006101232373200816,-0.21291934131545176,0.7108640826651182,0.49184350897646567,0.006101232373200816,0.21291934131545176,Medium Variability
gene-Pocillopora_meandrina_HIv1___TS.g17142.t1,OG_14674,ptua,0.6145701455219061,0.6090412082987349,0.7617304930341899,0.7525892260325355,0.6835796857772208,0.6853858506664624,1.0026422155702126,0.0018061648892415683,False,gene-Pocillopora_meandrina_HIv1___TS.g17142.t1,0.3863156921674225,0.5118983289399093,0.5257949175396825,0.4122017734240363,0.12558263677248677,0.13947922537226004,0.09969655551587298,0.11359314411564625,0.12558263677248677,0.13947922537226004,Medium Variability
gene-Pocillopora_meandrina_HIv1___TS.g17155.t1,OG_14681,ptua,1.27614093675021,1.1516297363415762,1.4773983927121923,1.2083588123571336,1.2422498745536719,1.3145140645268842,1.0581720243676227,0.07226418997321238,False,gene-Pocillopora_meandrina_HIv1___TS.g17155.t1,0.2927083130322229,0.38684463446930994,0.5279736315348458,0.47201228615368895,0.09413632143708706,0.2352653185026229,-0.08516765168437901,0.055961345381156824,0.09413632143708706,0.2352653185026229,Medium Variability
gene-Pocillopora_meandrina_HIv1___TS.g17404.t1a,OG_14066,ptua,1.0134160465444624,1.0417590423019596,1.006905327391085,0.9845362714345856,0.998976158989524,1.0243321848465223,1.025382013002839,0.025356025856998365,False,gene-Pocillopora_meandrina_HIv1___TS.g17404.t1a,0.3695686985766759,0.3301712015463072,0.5181202719598583,0.4691259266627312,-0.03939749703036871,0.14855157338318242,-0.13895472511642398,0.04899434529712715,0.03939749703036871,0.14855157338318242,Medium Variability
gene-Pocillopora_meandrina_HIv1___TS.g18162.t1,OG_14803,ptua,0.2714444035860987,0.27950210274452497,0.28125497126564664,0.31257997773941765,0.2920121906627582,0.2803785370050858,0.9601603836084092,-0.011633653657672383,False,gene-Pocillopora_meandrina_HIv1___TS.g18162.t1,0.5264256239550557,0.5101914427050556,0.541920846058842,0.5734356343481225,-0.01623418125000009,0.015495222103786399,-0.06324419164306694,-0.03151478828928045,0.01623418125000009,0.015495222103786399,Medium Variability
gene-Pocillopora_meandrina_HIv1___TS.g18166.t1,OG_05952,ptua,0.487637704042197,0.5359796902706383,0.7184901212266677,0.5493908963570296,0.5185143001996133,0.627234905748653,1.209677159351604,0.10872060554903973,False,gene-Pocillopora_meandrina_HIv1___TS.g18166.t1,0.8234888583011855,0.7665140442867189,0.8157648660488246,0.6943570764074745,-0.05697481401446658,-0.007723992252360867,0.07215696787924442,0.12140778964135013,0.05697481401446658,0.007723992252360867,Medium Variability
gene-Pocillopora_meandrina_HIv1___TS.g18265.t1b,OG_04799,ptua,0.18411069493952023,0.20520876892680004,0.24167477475601537,0.24633096351482367,0.21522082922717195,0.2234417718414077,1.0381977090403192,0.008220942614235754,False,gene-Pocillopora_meandrina_HIv1___TS.g18265.t1b,0.4734095317496993,0.4785579496200452,0.5291596930815949,0.5604920951324708,0.005148417870345923,0.05575016133189564,-0.08193414551242556,-0.03133240205087584,0.005148417870345923,0.05575016133189564,Medium Variability
gene-Pocillopora_meandrina_HIv1___TS.g18783.t1,OG_07508,ptua,0.1917139144512534,0.21801883741451275,0.22689968856824452,0.23157971393691323,0.21164681419408332,0.22245926299137864,1.0510872267955809,0.010812448797295315,False,gene-Pocillopora_meandrina_HIv1___TS.g18783.t1,19.01324042396125,18.04293336468254,18.97596694362745,18.40043258429972,-0.97030705927871,-0.0372734803337984,-0.35749921961717845,0.5755343593277331,0.97030705927871,0.0372734803337984,Medium Variability
gene-Pocillopora_meandrina_HIv1___TS.g18876.t2,OG_07620,ptua,0.48057118770038754,0.47771608756806455,0.48467635211820237,0.45314495234215263,0.4668580700212701,0.48119621984313343,1.0307120102287406,0.014338149821863322,False,gene-Pocillopora_meandrina_HIv1___TS.g18876.t2,11.377077098207716,11.33450079713287,11.063789780715863,11.102469191043834,-0.042576301074845446,-0.31328731749185224,0.23203160608903595,-0.03867941032797084,0.042576301074845446,0.31328731749185224,Medium Variability
gene-Pocillopora_meandrina_HIv1___TS.g18990.t1,OG_08717,ptua,0.7888560089929963,1.2861842967681403,1.2329576824854818,1.6113520475703667,1.2001040282816815,1.259570989626811,1.049551505489299,0.05946696134512952,False,gene-Pocillopora_meandrina_HIv1___TS.g18990.t1,0.4893411489017964,0.38268622541442654,0.4301266204973118,0.36244690106566824,-0.10665492348736988,-0.0592145284044846,0.020239324348758303,0.06767971943164358,0.10665492348736988,0.0592145284044846,Medium Variability
gene-Pocillopora_meandrina_HIv1___TS.g1982.t1,OG_14322,ptua,0.9121577147349037,0.6028346086081056,0.6609841748947151,0.8933112098288201,0.9027344622818618,0.6319093917514103,0.699994758319206,-0.2708250705304516,False,gene-Pocillopora_meandrina_HIv1___TS.g1982.t1,0.7660010909448549,0.5180496964998403,0.676827767439792,0.6843994819649699,-0.24795139444501457,-0.08917332350506291,-0.16634978546512957,-0.007571714525177908,0.24795139444501457,0.08917332350506291,Medium Variability
gene-Pocillopora_meandrina_HIv1___TS.g19950.t1,OG_01384,ptua,0.296518873975825,0.3667156061768953,0.37286418733838295,0.3522287482656223,0.3243738111207236,0.3697898967576391,1.1400115671484121,0.045416085636915515,False,gene-Pocillopora_meandrina_HIv1___TS.g19950.t1,0.3920679289841849,0.3096241674595933,0.45510447148939864,0.49890804908759123,-0.0824437615245916,0.06303654250521373,-0.18928388162799792,-0.04380357759819259,0.0824437615245916,0.06303654250521373,Medium Variability
gene-Pocillopora_meandrina_HIv1___TS.g20470.t1,OG_01117,ptua,0.40902890867607894,0.4062786923683122,0.35347946413242826,0.33504117339302053,0.37203504103454976,0.37987907825037026,1.021084135499731,0.007844037215820499,False,gene-Pocillopora_meandrina_HIv1___TS.g20470.t1,0.4677417588604706,0.4193438487830197,0.4569230254262744,0.4876085575801749,-0.04839791007745087,-0.010818733434196204,-0.06826470879715518,-0.03068553215390052,0.04839791007745087,0.010818733434196204,Medium Variability
gene-Pocillopora_meandrina_HIv1___TS.g20680.t2,OG_10055,ptua,0.2100822233136904,0.18611041665728328,0.24221345957902934,0.2698590142925337,0.23997061880311205,0.21416193811815631,0.8924506641117974,-0.02580868068495573,False,gene-Pocillopora_meandrina_HIv1___TS.g20680.t2,4.152677936851895,4.2361309425157945,4.63042361970943,4.353125761834273,0.08345300566389913,0.4777456828575346,-0.11699481931847888,0.2772978578751566,0.08345300566389913,0.4777456828575346,Medium Variability
gene-Pocillopora_meandrina_HIv1___TS.g21065.t1,OG_02148,ptua,0.6794814450135226,0.7985476261894301,0.9025315613683232,0.6944635463926371,0.6869724957030798,0.8505395937788767,1.2380984669675816,0.16356709807579684,False,gene-Pocillopora_meandrina_HIv1___TS.g21065.t1,0.7485772232694003,0.7486296393187831,0.9127417715491752,0.7998789403089014,5.241604938277522e-05,0.1641645482797749,-0.05124930099011826,0.11286283124027385,5.241604938277522e-05,0.1641645482797749,Medium Variability
gene-Pocillopora_meandrina_HIv1___TS.g21072.t1,OG_02149,ptua,0.7656867401344258,1.0559973275204226,1.1816485709181461,1.1150596956102787,0.9403732178723523,1.1188229492192843,1.189764795461407,0.17844973134693198,False,gene-Pocillopora_meandrina_HIv1___TS.g21072.t1,0.45598295779761905,0.36910998884259255,0.3943649894285714,0.2890480336111111,-0.0868729689550265,-0.06161796836904765,0.08006195523148146,0.10531695581746031,0.0868729689550265,0.06161796836904765,Medium Variability
gene-Pocillopora_meandrina_HIv1___TS.g21211.t1,OG_16856,ptua,0.30177979145321143,0.3355621321793403,0.4164522798696522,0.40263970383888814,0.3522097476460498,0.3760072060244962,1.067566154933229,0.023797458378446434,False,gene-Pocillopora_meandrina_HIv1___TS.g21211.t1,0.6306900882262794,0.6500490631381781,0.76214553407516,0.6437246262415601,0.019358974911898752,0.13145544584888058,0.006324436896617991,0.11842090783359982,0.019358974911898752,0.13145544584888058,Medium Variability
gene-Pocillopora_meandrina_HIv1___TS.g2168.t1a,OG_03291,ptua,0.09669052255046384,0.11490256383452045,0.13315664554079834,0.14716167020952212,0.12192609637999298,0.12402960468765939,1.0172523222683243,0.00210350830766641,False,gene-Pocillopora_meandrina_HIv1___TS.g2168.t1a,1.7713782825237743,1.5632701723583273,1.6771308054724785,1.9084663861491145,-0.20810811016544695,-0.09424747705129577,-0.34519621379078713,-0.23133558067663595,0.20810811016544695,0.09424747705129577,Medium Variability
gene-Pocillopora_meandrina_HIv1___TS.g21686.t1,OG_18179,ptua,0.29274792520454457,0.3012734477157261,0.3808620561174029,0.3780698778848786,0.3354089015447116,0.3410677519165645,1.016871497285228,0.00565885037185293,False,gene-Pocillopora_meandrina_HIv1___TS.g21686.t1,0.4704518183845029,0.4305954528030145,0.5924649706453634,0.3278765916718881,-0.03985636558148842,0.12201315226086051,0.10271886113112638,0.2645883789734753,0.03985636558148842,0.12201315226086051,Medium Variability
gene-Pocillopora_meandrina_HIv1___TS.g21687.t1,OG_04698,ptua,0.5455463850495752,0.43580190842204913,0.4503544812203737,0.7970157358963565,0.6712810604729659,0.4430781948212114,0.6600487052458041,-0.22820286565175446,False,gene-Pocillopora_meandrina_HIv1___TS.g21687.t1,0.46426858520666503,0.4450450458570206,0.4855204168897855,0.4790759352328993,-0.019223539349644436,0.021251831683120448,-0.034030889375878726,0.0064444816568861585,0.019223539349644436,0.021251831683120448,Low Variability
gene-Pocillopora_meandrina_HIv1___TS.g21693.t1,OG_14612,ptua,0.2469956735012229,0.2346680272168637,0.31312693311424566,0.3352595931555848,0.29112763332840386,0.2738974801655547,0.9408158100079327,-0.01723015316284915,False,gene-Pocillopora_meandrina_HIv1___TS.g21693.t1,0.45186260542597995,0.5664182962652521,0.44505592533203764,0.5675184130871396,0.11455569083927214,-0.006806680093942308,-0.0011001168218874868,-0.12246248775510193,0.11455569083927214,0.006806680093942308,Medium Variability
gene-Pocillopora_meandrina_HIv1___TS.g21950.t1,OG_14623,ptua,0.40233738891838766,0.4813990500323631,0.5957505356013143,0.6965129456247052,0.5494251672715464,0.5385747928168387,0.9802514061949676,-0.010850374454707712,False,gene-Pocillopora_meandrina_HIv1___TS.g21950.t1,2.618046008578254,2.5148708777924997,2.782411378509195,2.912118586081667,-0.10317513078575447,0.16436536993094064,-0.39724770828916744,-0.12970720757247234,0.10317513078575447,0.16436536993094064,Medium Variability
gene-Pocillopora_meandrina_HIv1___TS.g22257.t1,OG_16883,ptua,0.12861137323558489,0.10957161885020039,0.15458905890027783,0.13048334759616953,0.12954736041587722,0.13208033887523912,1.0195525285210787,0.002532978459361901,False,gene-Pocillopora_meandrina_HIv1___TS.g22257.t1,3.0624415288226343,2.3384681322141274,2.6511623986141903,2.243472408000739,-0.7239733966085069,-0.411279130208444,0.09499572421338831,0.40768999061345124,0.7239733966085069,0.411279130208444,Medium Variability
gene-Pocillopora_meandrina_HIv1___TS.g22372.t1b,OG_17961,ptua,0.07498418511794239,0.06977374015859195,0.07218885968800605,0.07291496569749467,0.07394957540771853,0.07098129992329899,0.9598608177524475,-0.0029682754844195386,False,gene-Pocillopora_meandrina_HIv1___TS.g22372.t1b,8.159555428761905,7.547133644825397,7.764579887276191,8.223125066857143,-0.612421783936508,-0.39497554148571457,-0.6759914220317462,-0.45854517958095276,0.612421783936508,0.39497554148571457,Medium Variability
gene-Pocillopora_meandrina_HIv1___TS.g22787.t1,OG_17739,ptua,0.9473070686963668,0.8889203068748692,0.9028560500307744,0.9492127456538755,0.9482599071751212,0.8958881784528219,0.9447707022873978,-0.05237172872229934,False,gene-Pocillopora_meandrina_HIv1___TS.g22787.t1,0.5965916155415215,0.44930715383033293,0.6895038857433217,0.5114210351480837,-0.14728446171118859,0.09291227020180015,-0.06211388131775075,0.17808285059523798,0.14728446171118859,0.09291227020180015,Medium Variability
gene-Pocillopora_meandrina_HIv1___TS.g23876.t1,OG_06712,ptua,0.3748175161024816,0.4160060453217695,0.4294758750329534,0.4318589268269692,0.4033382214647254,0.42274096017736146,1.0481053807451595,0.019402738712636036,False,gene-Pocillopora_meandrina_HIv1___TS.g23876.t1,0.5574322396362866,0.5176580275914687,0.5714731607116921,0.4658014101151572,-0.0397742120448179,0.014040921075405444,0.05185661747631154,0.10567175059653489,0.0397742120448179,0.014040921075405444,Medium Variability
gene-Pocillopora_meandrina_HIv1___TS.g23878.t1,OG_06711,ptua,0.5283718572720455,0.5667191026121323,0.6199482814740498,0.6653643368015156,0.5968680970367806,0.593333692043091,0.9940784152960487,-0.0035344049936895106,False,gene-Pocillopora_meandrina_HIv1___TS.g23878.t1,0.31273174789205854,0.3136208942252928,0.4810517589703588,0.3802585810563851,0.0008891463332342808,0.16832001107830025,-0.06663768683109228,0.10079317791397369,0.0008891463332342808,0.16832001107830025,Medium Variability
gene-Pocillopora_meandrina_HIv1___TS.g24166.t1,OG_02090,ptua,0.5679625485956943,0.5228841169154858,0.8200830890593787,0.8016449200524801,0.6848037343240871,0.6714836029874323,0.9805489797017505,-0.013320131336654883,False,gene-Pocillopora_meandrina_HIv1___TS.g24166.t1,0.3711380473135272,0.39094079790583885,0.4013450303385307,0.4036701858027813,0.01980275059231168,0.03020698302500352,-0.012729387896942446,-0.0023251554642506056,0.01980275059231168,0.03020698302500352,Medium Variability
gene-Pocillopora_meandrina_HIv1___TS.g24321.t1,OG_15020,ptua,0.49613991827140663,0.36586181851288013,0.5391973747520274,0.5147852915692286,0.5054626049203176,0.4525295966324538,0.8952780922414463,-0.05293300828786379,False,gene-Pocillopora_meandrina_HIv1___TS.g24321.t1,0.5461806691827698,0.48045082507572273,0.4220470994478951,0.39162258982631704,-0.06572984410704702,-0.12413356973487466,0.0888282352494057,0.030424509621578055,0.06572984410704702,0.12413356973487466,Medium Variability
gene-Pocillopora_meandrina_HIv1___TS.g24411.t1,OG_06775,ptua,0.16319500440690632,0.16201231164989893,0.1889344153517331,0.21069762076213883,0.18694631258452257,0.17547336350081602,0.9386297117868031,-0.011472949083706552,False,gene-Pocillopora_meandrina_HIv1___TS.g24411.t1,0.41078013955026454,0.2762930210719309,0.4447575439622263,0.3896894920433997,-0.13448711847833367,0.03397740441196173,-0.11339647097146882,0.05506805191882658,0.13448711847833367,0.03397740441196173,Medium Variability
gene-Pocillopora_meandrina_HIv1___TS.g24518.t1,OG_17100,ptua,1.3246328556831597,2.3489352671751624,1.8751599386128364,1.9117865042426765,1.6182096799629182,2.112047602893999,1.3051754843923549,0.493837922931081,True,gene-Pocillopora_meandrina_HIv1___TS.g24518.t1,0.8171588665181886,0.7798164110324531,0.7054342481122071,0.7935000599798494,-0.03734245548573545,-0.11172461840598147,-0.013683648947396265,-0.08806581186764229,0.03734245548573545,0.11172461840598147,Medium Variability
gene-Pocillopora_meandrina_HIv1___TS.g24548.t1,OG_14100,ptua,1.0237319226878825,1.042504415974111,1.2077170364777792,1.1430096120361812,1.0833707673620319,1.125110726225945,1.0385278614869298,0.04173995886391313,False,gene-Pocillopora_meandrina_HIv1___TS.g24548.t1,0.40797432437198067,0.3336485997584541,0.48250767077639756,0.5116149597256728,-0.07432572461352654,0.07453334640441689,-0.1779663599672187,-0.02910728894927528,0.07432572461352654,0.07453334640441689,Medium Variability
gene-Pocillopora_meandrina_HIv1___TS.g24607.t1,OG_16289,ptua,1.3837412001554381,1.346197875399312,1.4486755420717368,1.5862556528897094,1.4849984265225737,1.3974367087355244,0.9410358178007684,-0.08756171778704935,False,gene-Pocillopora_meandrina_HIv1___TS.g24607.t1,0.6946611949761905,0.6270997355,0.7591179145047618,0.7268296341857143,-0.06756145947619052,0.06445671952857135,-0.09972989868571436,0.03228828031904751,0.06756145947619052,0.06445671952857135,Medium Variability
gene-Pocillopora_meandrina_HIv1___TS.g24761.t1,OG_06875,ptua,0.578461432346633,0.6690585722425012,0.6009166729952556,0.5591244573202171,0.568792944833425,0.6349876226188784,1.1163774592964386,0.0661946777854534,False,gene-Pocillopora_meandrina_HIv1___TS.g24761.t1,0.37765238110410837,0.4237883453022876,0.35913934513655466,0.3399332876820728,0.046135964198179225,-0.018513035967553715,0.08385505762021478,0.01920605745448184,0.046135964198179225,0.018513035967553715,Medium Variability
gene-Pocillopora_meandrina_HIv1___TS.g25340.t2b,OG_05010,ptua,0.8244754285786141,0.7265749716029976,0.9247155030492082,0.8196324937148355,0.8220539611467248,0.825645237326103,1.0043686623374073,0.0035912761793781556,False,gene-Pocillopora_meandrina_HIv1___TS.g25340.t2b,0.6733924548759769,0.5859428530350469,0.7101263675404107,0.674907852475608,-0.08744960184092998,0.03673391266443382,-0.08896499944056113,0.03521851506480267,0.08744960184092998,0.03673391266443382,Medium Variability
gene-Pocillopora_meandrina_HIv1___TS.g25680.t1b,OG_02619,ptua,0.594881421212392,0.8223124634290264,0.6338716023427463,0.7861831933727556,0.6905323072925738,0.7280920328858864,1.0543924233473971,0.037559725593312665,False,gene-Pocillopora_meandrina_HIv1___TS.g25680.t1b,0.48184073573525615,0.44960991102884246,0.46373543089430896,0.4151510789005033,-0.0322308247064137,-0.01810530484094719,0.03445883212833917,0.048584351993805674,0.0322308247064137,0.01810530484094719,Medium Variability
gene-Pocillopora_meandrina_HIv1___TS.g26115.t1,OG_02537,ptua,0.3324824156095495,0.41080995242088353,0.546018943388135,0.582575204809836,0.45752881020969277,0.47841444790450927,1.045648792444883,0.020885637694816495,False,gene-Pocillopora_meandrina_HIv1___TS.g26115.t1,0.43475527892965005,0.4832465932511298,0.5291081943354452,0.4640424160637645,0.04849131432147974,0.09435291540579516,0.01920417718736528,0.0650657782716807,0.04849131432147974,0.09435291540579516,Medium Variability
gene-Pocillopora_meandrina_HIv1___TS.g26462.t2,OG_14408,ptua,0.49689586739490904,0.46794418789988845,0.5327839388317033,0.5713190500191477,0.5341074587070284,0.5003640633657959,0.9368228344481113,-0.033743395341232496,False,gene-Pocillopora_meandrina_HIv1___TS.g26462.t2,0.6593261138004399,0.6512952228855899,0.8088023341939186,0.621913243201377,-0.008030890914849986,0.14947622039347863,0.029381979684212967,0.18688909099254158,0.008030890914849986,0.14947622039347863,Medium Variability
gene-Pocillopora_meandrina_HIv1___TS.g26480.t1,OG_17058,ptua,0.24349854306683544,0.187439000500915,0.1656455989833432,0.17283891162039064,0.20816872734361302,0.1765422997421291,0.8480731087466377,-0.03162642760148393,False,gene-Pocillopora_meandrina_HIv1___TS.g26480.t1,0.4698206964862298,0.4137765653653959,0.44731797629900966,0.38316684966761627,-0.056044131120833895,-0.02250272018722016,0.03060971569777965,0.06415112663139338,0.056044131120833895,0.02250272018722016,Medium Variability
gene-Pocillopora_meandrina_HIv1___TS.g27157.t1,OG_14382,ptua,1.197714047168628,1.2604340593812693,1.388255111140411,1.4693874033238894,1.3335507252462588,1.3243445852608402,0.9930965205813835,-0.009206139985418638,False,gene-Pocillopora_meandrina_HIv1___TS.g27157.t1,0.554941444325749,0.4803978162318185,0.6131791790186493,0.5561773308757318,-0.0745436280939305,0.05823773469290028,-0.07577951464391336,0.05700184814291742,0.0745436280939305,0.05823773469290028,Medium Variability
gene-Pocillopora_meandrina_HIv1___TS.g27478.t1,OG_14365,ptua,1.152680279082569,1.2826531997633448,1.4771262121668602,0.8127826895028922,0.9827314842927306,1.3798897059651025,1.404137068996223,0.3971582216723719,True,gene-Pocillopora_meandrina_HIv1___TS.g27478.t1,1.106955287816115,0.9740781938110932,1.2149770563559323,1.0826355481705676,-0.1328770940050219,0.10802176853981726,-0.10855735435947445,0.13234150818536472,0.1328770940050219,0.10802176853981726,Medium Variability
gene-Pocillopora_meandrina_HIv1___TS.g27929.t1,OG_17157,ptua,0.6195724471346211,0.4550720420884962,0.409301680184531,0.41796368983992654,0.5187680684872739,0.4321868611365136,0.8331022809417882,-0.08658120735076025,False,gene-Pocillopora_meandrina_HIv1___TS.g27929.t1,0.611669321780875,0.3717710948896632,0.500764562253194,0.5293228149825784,-0.23989822689121176,-0.11090475952768097,-0.15755172009291518,-0.028558252729384392,0.23989822689121176,0.11090475952768097,Medium Variability
gene-Pocillopora_meandrina_HIv1___TS.g27962.t1a,OG_17751,ptua,0.6352186794450123,0.6786865910883635,0.6376829873911616,0.7035622582844512,0.6693904688647317,0.6581847892397625,0.9832598757434151,-0.011205679624969211,False,gene-Pocillopora_meandrina_HIv1___TS.g27962.t1a,0.36022927664729676,0.2730177760764853,0.46545571116939216,0.4440247689499126,-0.08721150057081145,0.1052264345220954,-0.1710069928734273,0.021430942219479554,0.08721150057081145,0.1052264345220954,Medium Variability
gene-Pocillopora_meandrina_HIv1___TS.g28432.t1,OG_18118,ptua,0.6871505388753693,0.4378991980313166,0.6103695366173416,0.5961830042772206,0.6416667715762949,0.524134367324329,0.8168326466972256,-0.11753240425196587,False,gene-Pocillopora_meandrina_HIv1___TS.g28432.t1,0.8576662911317646,0.8112477475372459,0.9470437855854915,0.833018892801448,-0.04641854359451869,0.08937749445372689,-0.021771145264202096,0.11402489278404349,0.04641854359451869,0.08937749445372689,Medium Variability
gene-Pocillopora_meandrina_HIv1___TS.g28923.t1a,OG_01414,ptua,0.7478863601957544,0.4607735912524276,0.6644444451641887,0.7027280925277131,0.7253072263617337,0.5626090182083081,0.7756837347815382,-0.16269820815342562,False,gene-Pocillopora_meandrina_HIv1___TS.g28923.t1a,0.39602401793403186,0.3696230572008497,0.46022307628430686,0.6157941604230198,-0.026400960733182155,0.064199058350275,-0.24617110322217012,-0.15557108413871296,0.026400960733182155,0.064199058350275,Medium Variability
gene-Pocillopora_meandrina_HIv1___TS.g29924.t1,OG_01727,ptua,0.3916116836361149,0.4711473555273057,0.5019267429243407,0.4250113919366482,0.4083115377863816,0.4865370492258232,1.1915829071682202,0.07822551143944162,False,gene-Pocillopora_meandrina_HIv1___TS.g29924.t1,0.7060606746584427,0.7206814793462882,0.7346805945682452,0.7047154122695317,0.014620804687845546,0.028619919909802505,0.015966067076756518,0.029965182298713477,0.014620804687845546,0.028619919909802505,Medium Variability
gene-Pocillopora_meandrina_HIv1___TS.g30016.t1,OG_02317,ptua,0.422847480037696,0.4336822669932012,0.44149905934577877,0.4755761264840693,0.4492118032608826,0.43759066316949,0.9741299315667279,-0.01162114009139259,False,gene-Pocillopora_meandrina_HIv1___TS.g30016.t1,0.6448675131079932,0.5693904710671769,0.6446200107312925,0.5915657251530612,-0.07547704204081629,-0.0002475023767006812,-0.022175254085884277,0.05305428557823133,0.07547704204081629,0.0002475023767006812,Medium Variability
gene-Pocillopora_meandrina_HIv1___TS.g3256.t1,OG_08077,ptua,0.6282970287770915,0.7893101638014899,0.7306942521506317,0.7456490406460858,0.6869730347115887,0.7600022079760608,1.1063057348315453,0.07302917326447211,False,gene-Pocillopora_meandrina_HIv1___TS.g3256.t1,0.32247296753414545,0.3630725839885567,0.3650314120265781,0.540348675847176,0.040599616454411236,0.04255844449243262,-0.17727609185861937,-0.17531726382059798,0.040599616454411236,0.04255844449243262,Medium Variability
gene-Pocillopora_meandrina_HIv1___TS.g3371.t1,OG_08143,ptua,0.6703299642111924,0.6750106137458827,0.6925690102612502,0.6545050928930344,0.6624175285521134,0.6837898120035664,1.0322640668917196,0.021372283451452923,False,gene-Pocillopora_meandrina_HIv1___TS.g3371.t1,0.38388876158685065,0.48292661947601007,0.36257947901785714,0.39894042472943725,0.09903785788915942,-0.021309282568993504,0.08398619474657282,-0.036360945711580106,0.09903785788915942,0.021309282568993504,Medium Variability
gene-Pocillopora_meandrina_HIv1___TS.g3385.t1,OG_08145,ptua,0.3854826917366854,0.42625455845615673,0.506528296694477,0.4756697708536942,0.43057623129518985,0.4663914275753168,1.0831796873050643,0.03581519628012697,False,gene-Pocillopora_meandrina_HIv1___TS.g3385.t1,0.5209854921014451,0.5040125656284831,0.7145414743716131,0.539353631275222,-0.016972926472962002,0.19355598227016801,-0.03534106564673889,0.17518784309639113,0.016972926472962002,0.19355598227016801,Medium Variability
gene-Pocillopora_meandrina_HIv1___TS.g3901.t1,OG_02176,ptua,0.37585813408711294,0.5200664053957882,0.41672583687697146,0.5970608793515331,0.48645950671932303,0.46839612113637985,0.9628676481116333,-0.01806338558294318,False,gene-Pocillopora_meandrina_HIv1___TS.g3901.t1,0.4638855539955598,0.4820154088536287,0.5771559036275243,0.45851897786800583,0.018129854858068895,0.11327034963196453,0.023496430985622874,0.11863692575951851,0.018129854858068895,0.11327034963196453,Medium Variability
gene-Pocillopora_meandrina_HIv1___TS.g396.t1,OG_18057,ptua,0.6310624948443087,0.7561487896898499,0.7133779800942085,0.8292072495861478,0.7301348722152282,0.7347633848920292,1.006339257105688,0.004628512676800978,False,gene-Pocillopora_meandrina_HIv1___TS.g396.t1,0.5305924506912443,0.4819612273476703,0.578011324953917,0.5466488706912442,-0.048631223343574004,0.04741887426267277,-0.06468764334357396,0.03136245426267281,0.048631223343574004,0.04741887426267277,Medium Variability
gene-Pocillopora_meandrina_HIv1___TS.g4194.t1a,OG_15796,ptua,0.8977651541843215,1.2268909543458555,0.8661370780670274,2.86423883731749,1.8810019957509057,1.0465140162064415,0.556359864886091,-0.8344879795444642,False,gene-Pocillopora_meandrina_HIv1___TS.g4194.t1a,0.8114640497681911,0.837339281718529,0.803667017340877,0.6759806408958039,0.025875231950337918,-0.00779703242731411,0.1613586408227251,0.12768637644507308,0.025875231950337918,0.00779703242731411,Low Variability
gene-Pocillopora_meandrina_HIv1___TS.g4407.t1,OG_16383,ptua,0.3292328238645126,0.3891378012185883,0.3584974874848866,0.31023874182942734,0.31973578284696996,0.3738176443517375,1.1691454770035916,0.054081861504767514,False,gene-Pocillopora_meandrina_HIv1___TS.g4407.t1,0.7476921103833866,0.6596239096873574,0.6810256566331964,0.6371922867944622,-0.08806820069602916,-0.0666664537501902,0.022431622892895242,0.043833369838734204,0.08806820069602916,0.0666664537501902,Medium Variability
gene-Pocillopora_meandrina_HIv1___TS.g4479.t1b,OG_17245,ptua,1.2950163047220238,1.015094323153426,0.9109431621147622,0.4110109102658066,0.8530136074939152,0.9630187426340941,1.1289605865296395,0.11000513514017896,False,gene-Pocillopora_meandrina_HIv1___TS.g4479.t1b,0.4245337971814457,0.37331628474459955,0.47474380866451843,0.36892989492779565,-0.051217512436846135,0.05021001148307275,0.004386389816803893,0.10581391373672278,0.051217512436846135,0.05021001148307275,Medium Variability
gene-Pocillopora_meandrina_HIv1___TS.g4618.t1,OG_00466,ptua,0.35039504101404273,0.35188241431723427,0.32464803946817,0.3136767291674848,0.33203588509076376,0.3382652268927021,1.0187610498793993,0.006229341801938348,False,gene-Pocillopora_meandrina_HIv1___TS.g4618.t1,8.610058187126196,8.468782554579937,8.520866145632729,8.091613652459879,-0.1412756325462592,-0.08919204149346704,0.37716890212005794,0.4292524931728501,0.1412756325462592,0.08919204149346704,Medium Variability
gene-Pocillopora_meandrina_HIv1___TS.g4783.t1,OG_17806,ptua,0.7644048844596281,0.5850024838674568,0.6097459330164701,0.8692279833087833,0.8168164338842057,0.5973742084419634,0.731344502462164,-0.21944222544224223,False,gene-Pocillopora_meandrina_HIv1___TS.g4783.t1,0.6704006861323405,0.6285778322228754,0.594625518920243,0.6992911258769351,-0.04182285390946505,-0.07577516721209754,-0.07071329365405965,-0.10466560695669214,0.04182285390946505,0.07577516721209754,Medium Variability
gene-Pocillopora_meandrina_HIv1___TS.g4798.t2,OG_00430,ptua,0.19628890911731428,0.21560360767018152,0.2675354767232232,0.2705590286751479,0.2334239688962311,0.24156954219670235,1.0348960449048503,0.008145573300471248,False,gene-Pocillopora_meandrina_HIv1___TS.g4798.t2,1.0709879898321624,1.0049049075955518,1.0358699980851358,1.0431265956261193,-0.06608308223661052,-0.03511799174702657,-0.03822168803056747,-0.0072565975409835115,0.06608308223661052,0.03511799174702657,Medium Variability
gene-Pocillopora_meandrina_HIv1___TS.g489.t1,OG_10004,ptua,0.2583657651158462,0.38770925599803663,0.3352828573051247,0.27073974415056556,0.2645527546332059,0.3614960566515807,1.3664422324869898,0.09694330201837481,False,gene-Pocillopora_meandrina_HIv1___TS.g489.t1,6.709635731667563,6.168438946025019,6.3475627236212,6.435028831315577,-0.5411967856425441,-0.3620730080463632,-0.26658988529055794,-0.08746610769437702,0.5411967856425441,0.3620730080463632,Medium Variability
gene-Pocillopora_meandrina_HIv1___TS.g5119.t2,OG_13882,ptua,0.1802106659183172,0.15263542812124906,0.23014628169014276,0.20948214392150105,0.19484640491990912,0.1913908549056959,0.9822652616267998,-0.0034555500142132156,False,gene-Pocillopora_meandrina_HIv1___TS.g5119.t2,0.3396291727407196,0.37248552334033147,0.44400048439736617,0.42017634210802557,0.032856350599611894,0.10437131165664659,-0.0476908187676941,0.0238241422893406,0.032856350599611894,0.10437131165664659,Medium Variability
gene-Pocillopora_meandrina_HIv1___TS.g5429.t1,OG_08849,ptua,0.6498103534827904,0.8138470576328224,0.8995672807437076,1.1368811145987388,0.8933457340407646,0.8567071691882651,0.9589872504491888,-0.0366385648524995,False,gene-Pocillopora_meandrina_HIv1___TS.g5429.t1,0.39644625257712945,0.3827527218477532,0.5364485920992622,0.4465366049094568,-0.013693530729376235,0.14000233952213276,-0.06378388306170357,0.08991198718980542,0.013693530729376235,0.14000233952213276,Medium Variability
gene-Pocillopora_meandrina_HIv1___TS.g5438.t1,OG_15303,ptua,0.6200207279947832,0.6085117231768665,0.7382970620621516,0.7716348100930919,0.6958277690439376,0.673404392619509,0.9677745306784203,-0.022423376424428598,False,gene-Pocillopora_meandrina_HIv1___TS.g5438.t1,0.3843316718065004,0.4304802693143497,0.5223524416012559,0.46281327147217866,0.046148597507849276,0.13802076979475553,-0.03233300215782897,0.05953917012907728,0.046148597507849276,0.13802076979475553,Medium Variability
gene-Pocillopora_meandrina_HIv1___TS.g546.t1,OG_09986,ptua,0.35264605754841977,0.4488688624805818,0.38678342500371476,0.5487666694837118,0.45070636351606574,0.41782614374214827,0.9270473584676924,-0.032880219773917474,False,gene-Pocillopora_meandrina_HIv1___TS.g546.t1,2.2940058454005006,2.082416971973896,2.5922784500446987,2.491260057083259,-0.2115888734266047,0.29827260464419814,-0.4088430851093632,0.10101839296143966,0.2115888734266047,0.29827260464419814,Medium Variability
gene-Pocillopora_meandrina_HIv1___TS.g5573.t1,OG_09106,ptua,0.1363010678639581,0.1440411993248135,0.13141633433381283,0.1564906916097858,0.14639587973687196,0.13772876682931318,0.9407967428923764,-0.008667112907558783,False,gene-Pocillopora_meandrina_HIv1___TS.g5573.t1,1.9176186976848257,1.7934638906627414,2.079634342481884,2.3876737979166665,-0.12415480702208437,0.16201564479705843,-0.5942099072539251,-0.3080394554347823,0.12415480702208437,0.16201564479705843,Medium Variability
gene-Pocillopora_meandrina_HIv1___TS.g5628.t1,OG_15312,ptua,0.7999225964934051,0.8611706107066145,0.8813760637984637,1.1168002833591124,0.9583614399262588,0.8712733372525391,0.9091281232262217,-0.08708810267371969,False,gene-Pocillopora_meandrina_HIv1___TS.g5628.t1,0.641085696284161,0.5864971997324159,0.7476272603538664,0.6878371029452454,-0.054588496551745136,0.10654156406970539,-0.10133990321282949,0.059790157408621036,0.054588496551745136,0.10654156406970539,Medium Variability
gene-Pocillopora_meandrina_HIv1___TS.g6172.t1,OG_00030,ptua,0.24554319579730907,0.26731508509256063,0.33149167450267486,0.4140680565463681,0.32980562617183856,0.2994033797976178,0.9078176842308314,-0.030402246374220787,False,gene-Pocillopora_meandrina_HIv1___TS.g6172.t1,2.776780299651519,2.7507086033206427,2.823137945963258,2.929374484209572,-0.02607169633087647,0.046357646311738776,-0.17866588088892943,-0.10623653824631418,0.02607169633087647,0.046357646311738776,Medium Variability
gene-Pocillopora_meandrina_HIv1___TS.g6340.t1,OG_17285,ptua,0.7974065670758529,0.7713709862952707,0.8540955119854713,0.7661901866599343,0.7817983768678936,0.8127332491403709,1.0395688622383834,0.030934872272477376,False,gene-Pocillopora_meandrina_HIv1___TS.g6340.t1,0.6824289788124801,0.7963794456059262,0.8656688486628462,0.6792245600013644,0.11395046679344611,0.1832398698503661,0.11715488560456178,0.18644428866148177,0.11395046679344611,0.1832398698503661,Medium Variability
gene-Pocillopora_meandrina_HIv1___TS.g6384.t1,OG_00246,ptua,0.8807373339231231,0.5305727945126401,1.0315537187666357,0.7342793780020589,0.8075083559625911,0.7810632566396378,0.9672509898780808,-0.026445099322953247,False,gene-Pocillopora_meandrina_HIv1___TS.g6384.t1,0.46344511810213135,0.5404850337022132,0.5136328376481109,0.40346968575340936,0.07703991560008189,0.0501877195459795,0.13701534794880388,0.1101631518947015,0.07703991560008189,0.0501877195459795,Medium Variability
gene-Pocillopora_meandrina_HIv1___TS.g6449.t1,OG_16544,ptua,0.45252142231952663,0.33542890209027093,0.6702480692768369,0.5329323087057733,0.49272686551265,0.5028384856835539,1.0205217553144448,0.010111620170903945,False,gene-Pocillopora_meandrina_HIv1___TS.g6449.t1,0.5875198549750147,0.5905009153292181,0.7612269770899471,0.5842093545943563,0.002981060354203424,0.17370712211493244,0.006291560734861812,0.17701762249559083,0.002981060354203424,0.17370712211493244,Medium Variability
gene-Pocillopora_meandrina_HIv1___TS.g736.t1,OG_17347,ptua,0.6943418768678822,0.9026262376809955,0.8883364796404478,0.87804610002278,0.7861939884453311,0.8954813586607216,1.1390081478891771,0.10928737021539059,False,gene-Pocillopora_meandrina_HIv1___TS.g736.t1,0.3713950158289242,0.4355771696979718,0.5198753660052909,0.45904922828042327,0.06418215386904758,0.14848035017636674,-0.023472058582451494,0.06082613772486767,0.06418215386904758,0.14848035017636674,Medium Variability
gene-Pocillopora_meandrina_HIv1___TS.g753.t1,OG_09897,ptua,0.6266529591095769,0.6163168679734394,0.5832525154936968,0.6387941813310883,0.6327235702203327,0.5997846917335681,0.947941123047946,-0.03293887848676458,False,gene-Pocillopora_meandrina_HIv1___TS.g753.t1,3.7899495710004607,3.5950803356797074,3.6778751246986765,3.5562539082691167,-0.1948692353207533,-0.1120744463017842,0.038826427410590725,0.12162121642955981,0.1948692353207533,0.1120744463017842,Medium Variability
gene-Pocillopora_meandrina_HIv1___TS.g8098.t1,OG_08878,ptua,0.46063583304792755,0.42425711501017027,0.4861161072609525,0.4948410592443715,0.4777384461461495,0.45518661113556136,0.9527945988175942,-0.02255183501058816,False,gene-Pocillopora_meandrina_HIv1___TS.g8098.t1,1.0107167496826057,0.8549513882653377,0.9826862649037571,1.063798604060575,-0.15576536141726804,-0.02803048477884862,-0.20884721579523724,-0.08111233915681781,0.15576536141726804,0.02803048477884862,Medium Variability
gene-Pocillopora_meandrina_HIv1___TS.g8473.t1,OG_08663,ptua,0.779880017087406,0.9181732830084165,0.8760265517300214,1.0071327410884996,0.8935063790879527,0.8970999173692189,1.0040218384170176,0.0035935382812661842,False,gene-Pocillopora_meandrina_HIv1___TS.g8473.t1,0.43839496424676017,0.41100699090278564,0.4727402296583438,0.5212291368031011,-0.027387973343974525,0.034345265411583614,-0.11022214590031548,-0.04848890714475734,0.027387973343974525,0.034345265411583614,Medium Variability
gene-Pocillopora_meandrina_HIv1___TS.g9087.t1,OG_06384,ptua,0.33137435074395744,0.31829721735808253,0.3471237241102501,0.35090180398452975,0.3411380773642436,0.3327104707341663,0.975295614329564,-0.0084276066300773,False,gene-Pocillopora_meandrina_HIv1___TS.g9087.t1,1.1492256468372017,1.0002265568268496,1.094900623716901,1.0927216841832843,-0.14899909001035216,-0.05432502312030074,-0.09249512735643473,0.0021789395336166972,0.14899909001035216,0.05432502312030074,Medium Variability
gene-Pocillopora_meandrina_HIv1___TS.g9102.t1,OG_02260,ptua,0.26042889720257195,0.30278276445118407,0.3033821344874669,0.37338531483020926,0.3169071060163906,0.3030824494693255,0.9563763125388861,-0.013824656547065106,False,gene-Pocillopora_meandrina_HIv1___TS.g9102.t1,0.5033119570731375,0.5113970856372272,0.6015824522771592,0.5601318911587092,0.008085128564089716,0.09827049520402176,-0.048734805521482016,0.041450561118450024,0.008085128564089716,0.09827049520402176,Medium Variability
gene-Pocillopora_meandrina_HIv1___TS.g9155.t1,OG_13916,ptua,2.042480631327184,2.0942607296950873,2.2568247998678546,2.060421725274244,2.051451178300714,2.175542764781471,1.060489661071801,0.12409158648075724,False,gene-Pocillopora_meandrina_HIv1___TS.g9155.t1,0.49982752746555476,0.4710002202733462,0.38533452180323907,0.40094481327048587,-0.02882730719220855,-0.11449300566231568,0.07005540700286034,-0.015610291467246795,0.02882730719220855,0.11449300566231568,Medium Variability
gene-Pocillopora_meandrina_HIv1___TS.g9636.t1,OG_17479,ptua,1.2806613885091773,0.9507510138262915,1.730571326522213,1.6818215165024015,1.4812414525057895,1.3406611701742521,0.9050929326250489,-0.1405802823315374,False,gene-Pocillopora_meandrina_HIv1___TS.g9636.t1,0.390371599889956,0.36418533387688407,0.5188484375950381,0.4893174174069628,-0.026186266013071946,0.12847683770508206,-0.1251320835300787,0.029531020188075296,0.026186266013071946,0.12847683770508206,Medium Variability
FUN_000209,OG_10350,apul,1.0467027580921673,1.370107322406357,1.0014591106455215,1.0097062710619393,1.0282045145770533,1.1857832165259392,1.153256185627336,0.1575787019488859,False,FUN_000209,0.4299143899834008,0.4396636020982467,0.6318114570935782,0.6380964494060587,0.009749212114845862,0.2018970671101774,-0.19843284730781202,-0.006284992312480475,0.009749212114845862,0.2018970671101774,Medium Variability
FUN_000236,OG_00030,apul,0.6533007529604877,0.23308650172660905,0.36121264380092294,0.6443097526237566,0.6488052527921222,0.29714957276376597,0.45799501697156103,-0.35165568002835623,False,FUN_000236,6.9831494032869905,7.430568589434176,6.5274323568944945,7.051247923859474,0.4474191861471857,-0.455717046392496,0.3793206655747019,-0.5238155669649798,0.4474191861471857,0.455717046392496,Low Variability
FUN_000274,OG_10355,apul,0.17992641258779982,0.5330243555078246,0.20657249376198158,0.2309870459540914,0.2054567292709456,0.3697984246349031,1.7998847053932814,0.16434169536395749,True,FUN_000274,3.9479990844303354,3.674919339100529,3.127586949994709,3.9764980666208114,-0.2730797453298064,-0.8204121344356263,-0.30157872752028236,-0.8489111166261023,0.2730797453298064,0.8204121344356263,High Variability
FUN_000274,OG_13792,apul,0.17992641258779982,0.5330243555078246,0.20657249376198158,0.2309870459540914,0.2054567292709456,0.3697984246349031,1.7998847053932814,0.16434169536395749,True,FUN_000274,3.9479990844303354,3.674919339100529,3.127586949994709,3.9764980666208114,-0.2730797453298064,-0.8204121344356263,-0.30157872752028236,-0.8489111166261023,0.2730797453298064,0.8204121344356263,High Variability
FUN_000341,OG_10367,apul,0.48018202991002557,0.33784641258393844,0.3746351523049055,0.5281008377080102,0.5041414338090179,0.356240782444422,0.7066286532984619,-0.1479006513645959,False,FUN_000341,1.0136445330177235,1.1681436633615019,1.0044089292036764,0.9198554566905173,0.15449913034377838,-0.009235603814047089,0.2482882066709846,0.08455347251315914,0.15449913034377838,0.009235603814047089,Medium Variability
FUN_000857,OG_00171,apul,0.1470500754414489,0.07319790319045757,0.10565979575151084,0.11808761926729572,0.1325688473543723,0.0894288494709842,0.6745841972354957,-0.0431399978833881,False,FUN_000857,28.386014019539807,30.49172469139904,27.95788753544666,28.732807093939954,2.1057106718592316,-0.42812648409314846,1.7589175974590852,-0.7749195584932949,2.1057106718592316,0.42812648409314846,Medium Variability
FUN_000867,OG_00176,apul,1.496995085815672,0.6528717308148275,1.1651412305651083,0.9204413577188935,1.2087182217672827,0.9090064806899679,0.7520416787966493,-0.2997117410773148,False,FUN_000867,1.2580131971675867,0.8529759472322866,0.9622489533111915,0.9843878319027489,-0.4050372499353001,-0.2957642438563952,-0.13141188467046228,-0.022138878591557387,0.4050372499353001,0.2957642438563952,Medium Variability
FUN_001009,OG_00246,apul,0.30843846495244975,0.26487779960131985,0.26821475541669465,0.23150546694669577,0.26997196594957273,0.2665462775090073,0.9873109475329549,-0.0034256884405654553,False,FUN_001009,0.7925290263407305,0.6374250926946884,0.6459816796957671,0.8168041230775158,-0.15510393364604214,-0.14654734664496338,-0.17937903038282743,-0.17082244338174868,0.15510393364604214,0.14654734664496338,Medium Variability
FUN_001088,OG_00297,apul,0.38081516002696764,0.19377347875097145,0.24053775865091262,0.401193644042454,0.3910044020347108,0.21715561870094202,0.555378961389965,-0.1738487833337688,False,FUN_001088,0.8766876514285715,0.8635472621233211,0.882355437942613,0.8154945499597068,-0.01314038930525041,0.0056677865140414285,0.048052712163614286,0.06686088798290613,0.01314038930525041,0.0056677865140414285,Low Variability
FUN_001089,OG_00298,apul,0.48121442266130016,0.32362669941097305,0.3863935823717263,0.45578159057320256,0.4684980066172514,0.35501014089134963,0.7577623295660725,-0.11348786572590175,False,FUN_001089,0.9473616771624851,1.3918866167810207,1.0868693847235023,1.2810439777905787,0.44452493961853556,0.13950770756101716,0.110842638990442,-0.1941745930670764,0.44452493961853556,0.13950770756101716,Medium Variability
FUN_001101,OG_00302,apul,0.8927792452296902,0.2907074550780552,0.9493583798134558,0.566405773457918,0.729592509343804,0.6200329174457555,0.8498345439475709,-0.10955959189804854,False,FUN_001101,0.3002761928654533,0.3608389650897532,0.32326818918391087,0.39166624467090505,0.0605627722242999,0.022991996318457553,-0.030827279581151834,-0.06839805548699418,0.0605627722242999,0.022991996318457553,Medium Variability
FUN_001107,OG_00305,apul,0.17062186914772978,0.09418909328568413,0.17076910041485888,0.22266369767008318,0.19664278340890648,0.1324790968502715,0.6737043412103735,-0.06416368655863497,False,FUN_001107,23.335479590724546,23.63947658180542,22.91998212298888,23.16653757004913,0.30399699108087574,-0.41549746773566554,0.47293901175629216,-0.24655544706024912,0.30399699108087574,0.41549746773566554,Medium Variability
FUN_001118,OG_00314,apul,0.10416399404475994,0.06471946978393231,0.07791028158913892,0.0856264671380105,0.09489523059138522,0.0713148756865356,0.7515116960262671,-0.02358035490484961,False,FUN_001118,0.9581221088441086,0.8800816929451042,0.9000038636330016,0.7886995961187078,-0.07804041589900446,-0.05811824521110709,0.09138209682639642,0.11130426751429379,0.07804041589900446,0.05811824521110709,Medium Variability
FUN_001185,OG_00355,apul,0.4154945122044705,0.20016817670041773,0.26205383917522806,0.33599412860741956,0.375744320405945,0.2311110079378229,0.6150751864675857,-0.1446333124681221,False,FUN_001185,12.195632378776473,14.079447531003387,12.994333022277308,13.585097933207859,1.883815152226914,0.798700643500835,0.49434959779552834,-0.5907649109305506,1.883815152226914,0.798700643500835,Low Variability
FUN_001225,OG_00378,apul,0.4267321641419296,0.40014177090329883,0.6207116147460988,0.5075379620836791,0.46713506311280434,0.5104266928246988,1.0926747596796011,0.04329162971189443,False,FUN_001225,0.5060590945043426,0.5359514796196465,0.5886505363157633,0.587032752086453,0.0298923851153039,0.08259144181142064,-0.05108127246680649,0.0016177842293102485,0.0298923851153039,0.08259144181142064,Medium Variability
FUN_001338,OG_00430,apul,0.6109527968455519,0.4388068743892727,0.5331257029171135,0.6305569121800215,0.6207548545127868,0.4859662886531931,0.7828634526501037,-0.1347885658595937,False,FUN_001338,2.1417500478608633,2.24890946487767,2.1279908474582023,1.9849725294781455,0.10715941701680665,-0.013759200402660987,0.26393693539952445,0.14301831798005682,0.10715941701680665,0.013759200402660987,Medium Variability
FUN_001392,OG_00460,apul,0.2554410390846136,0.19796297477789473,0.2846542056702199,0.22686349856236007,0.24115226882348684,0.24130859022405732,1.0006482269535888,0.0001563214005704805,False,FUN_001392,0.5127563702070186,0.31969874776725954,0.38234036882530126,0.3631102242230828,-0.19305762243975905,-0.13041600138171733,-0.04341147645582327,0.019230144602218446,0.19305762243975905,0.13041600138171733,Medium Variability
FUN_001402,OG_00466,apul,0.06903522072539611,0.05492242696114438,0.07351925509339997,0.053955645642717376,0.061495433184056744,0.06422084102727219,1.0443188656799645,0.002725407843215441,False,FUN_001402,9.55627735632057,10.398228810423825,10.347689534196531,10.234951679903045,0.8419514541032562,0.7914121778759622,0.16327713052078074,0.1127378542934867,0.8419514541032562,0.7914121778759622,Medium Variability
FUN_001497,OG_00510,apul,0.2913599347114493,0.20475004929965543,0.21515834612333565,0.25736140096640064,0.274360667838925,0.20995419771149554,0.7652488943304294,-0.06440647012742945,False,FUN_001497,0.647292817969399,0.5920527825318246,0.590395566233358,0.49803943080869306,-0.055240035437574386,-0.05689725173604099,0.09401335172313152,0.09235613542466492,0.055240035437574386,0.05689725173604099,Medium Variability
FUN_001498,OG_10450,apul,0.2204244147364467,0.11899652728577936,0.13777103400446572,0.1979217051106851,0.20917305992356588,0.12838378064512254,0.6137682390458665,-0.08078927927844334,False,FUN_001498,1.0130709508273146,0.804026418120333,0.867026454763945,0.955338582710042,-0.20904453270698153,-0.14604449606336956,-0.15131216458970898,-0.088312127946097,0.20904453270698153,0.14604449606336956,Low Variability
FUN_001507,OG_00514,apul,1.414213562373095,1.2984779504303197,1.3398961842354957,1.414213562373095,1.414213562373095,1.3191870673329076,0.9328061209646937,-0.09502649504018734,False,FUN_001507,3.817757961369455,4.446595070779221,4.091977775685426,4.0189961719883165,0.628837109409766,0.2742198143159711,0.4275988987909045,0.0729816036971096,0.628837109409766,0.2742198143159711,Medium Variability
FUN_001631,OG_00572,apul,0.14809296360813953,0.10149516772490079,0.11159870887739698,0.12455255700763598,0.13632276030788776,0.10654693830114889,0.781578498414428,-0.029775822006738867,False,FUN_001631,30.654285248263005,32.507361082786815,31.453703479691296,30.233580256311075,1.8530758345238105,0.7994182314282909,2.2737808264757398,1.2201232233802202,1.8530758345238105,0.7994182314282909,Medium Variability
FUN_001808,OG_10472,apul,0.9230133617808137,0.6875170294869312,0.5400617612846623,0.4884837991135954,0.7057485804472046,0.6137893953857967,0.8696997945031119,-0.09195918506140788,False,FUN_001808,1.1320029289648623,1.2384079156299463,0.9299505223398001,1.27564164955343,0.10640498666508402,-0.2020524066250622,-0.037233733923483614,-0.3456911272136298,0.10640498666508402,0.2020524066250622,Medium Variability
FUN_001809,OG_13877,apul,1.0956307491967021,0.5943071341046147,0.31052628064751414,0.22309968002074212,0.6593652146087221,0.45241670737606443,0.6861397861950236,-0.20694850723265767,False,FUN_001809,1.4231002416626983,1.260589397003968,1.0688931323452382,1.0931552961785713,-0.16251084465873022,-0.35420710931746013,0.16743410082539678,-0.024262163833333128,0.16251084465873022,0.35420710931746013,Medium Variability
FUN_001850,OG_13882,apul,0.6410444668745708,0.30016870044996347,0.6838073323902266,0.6422791747910759,0.6416618208328233,0.49198801642009504,0.7667403614282923,-0.14967380441272826,False,FUN_001850,0.40968434573525986,0.4071626527836039,0.4271146392501101,0.4548193874297626,-0.0025216929516559405,0.01743029351485026,-0.04765673464615866,-0.02770474817965246,0.0025216929516559405,0.01743029351485026,Medium Variability
FUN_001855,OG_00632,apul,0.3140801161019729,0.4667905370650212,0.20805625785922816,0.20253215615844958,0.25830613613021125,0.3374233974621247,1.306292612778005,0.07911726133191344,False,FUN_001855,0.9524672912606128,0.9235676038415719,0.8326408792098728,0.8824974628729152,-0.02889968741904092,-0.11982641205073996,0.04107014096865669,-0.04985658366304235,0.02889968741904092,0.11982641205073996,Medium Variability
FUN_001884,OG_10475,apul,0.6238021819245847,0.4910901188751575,0.7052977141540955,1.013851024476055,0.8188266032003199,0.5981939165146265,0.7305501728652102,-0.22063268668569336,False,FUN_001884,0.2799027007001314,0.33760766768021433,0.24830184153523402,0.31076223745324033,0.05770496698008293,-0.03160085916489738,0.026845430226974,-0.06246039591800631,0.05770496698008293,0.03160085916489738,Medium Variability
FUN_001887,OG_00643,apul,0.3915301768001787,0.5066076964124924,0.4418506263136797,0.38548015407044545,0.3885051654353121,0.474229161363086,1.2206508524326103,0.08572399592777391,False,FUN_001887,0.7963013605020796,0.6730093685553009,0.7317651951935319,0.7207582037390714,-0.12329199194677865,-0.06453616530854767,-0.04774883518377049,0.01100699145446049,0.12329199194677865,0.06453616530854767,Medium Variability
FUN_001921,OG_13886,apul,0.4584564861517368,0.2157097364165746,0.41560175222084605,0.3785864122799644,0.4185214492158506,0.31565574431871035,0.7542164085260832,-0.10286570489714025,False,FUN_001921,4.327451956890331,4.9810731971260225,3.5098226141354014,5.483241678775854,0.6536212402356911,-0.8176293427549299,-0.5021684816498313,-1.9734190646404524,0.6536212402356911,0.8176293427549299,Medium Variability
FUN_001932,OG_10480,apul,0.2455024889200032,0.5079420672038827,0.40062831145158534,0.4328424888848007,0.3391724889024019,0.454285189327734,1.3393927992150807,0.11511270042533206,False,FUN_001932,0.9100884550334595,0.9630093435158245,0.8434906580310672,0.9912842464342289,0.05292088848236498,-0.06659779700239232,-0.0282749029184044,-0.1477935884031617,0.05292088848236498,0.06659779700239232,Medium Variability
FUN_002435,OG_13910,apul,0.10457975527207299,0.07878242927506829,0.094329404534847,0.09701036520061158,0.10079506023634228,0.08655591690495765,0.85873173449178,-0.014239143331384638,False,FUN_002435,0.7405556116976384,0.981789621018196,0.8549148414634147,1.069516676511808,0.2412340093205576,0.11435922976577628,-0.08772705549361204,-0.21460183504839336,0.2412340093205576,0.11435922976577628,Medium Variability
FUN_002531,OG_10509,apul,0.7102095055963925,0.5723314987097858,0.5959240978378743,0.9517180540427608,0.8309637798195766,0.58412779827383,0.7029521772906384,-0.2468359815457466,False,FUN_002531,3.830785452252457,4.081416710948601,3.9454644008616784,3.855639550801209,0.25063125869614433,0.11467894860922145,0.22577716014739213,0.08982485006046925,0.25063125869614433,0.11467894860922145,Medium Variability
FUN_002645,OG_10515,apul,0.5994521530693898,0.4051630730849706,0.40069875974632463,0.3892734897722665,0.49436282142082816,0.4029309164156476,0.8150510090091325,-0.09143190500518056,False,FUN_002645,0.5520580866254255,0.4570474523977366,0.4969932004567688,0.37978149227449287,-0.09501063422768896,-0.055064886168656735,0.07726596012324372,0.11721170818227594,0.09501063422768896,0.055064886168656735,Medium Variability
FUN_002646,OG_10516,apul,0.5219578641815017,0.897395061769034,0.4688551014280226,0.6008679578618155,0.5614129110216586,0.6831250815985284,1.216796172990354,0.12171217057686978,False,FUN_002646,0.5193990747039556,0.4922598014181334,0.3853141732030378,0.4288426969774682,-0.02713927328582222,-0.13408490150091784,0.06341710444066523,-0.043528523774430394,0.02713927328582222,0.13408490150091784,Medium Variability
FUN_002648,OG_13916,apul,1.697330865125545,2.225149792431893,1.8659191612787196,2.210918720726708,1.9541247929261265,2.0455344768553063,1.0467778128910088,0.09140968392917981,False,FUN_002648,0.47928253103004903,0.4109210304831088,0.35251883648770366,0.4179761233670113,-0.06836150054694023,-0.12676369454234537,-0.007055092883902492,-0.06545728687930763,0.06836150054694023,0.12676369454234537,Medium Variability
FUN_002663,OG_10520,apul,1.2321079539963418,0.49927105165258334,0.6288607336970458,0.8347809057059867,1.0334444298511642,0.5640658926748146,0.5458115370132198,-0.4693785371763497,False,FUN_002663,0.40415895927056483,0.45483849444331387,0.3974582721476055,0.43835670017071404,0.050679535172749035,-0.006700687122959348,0.016481794272599826,-0.04089842802310856,0.050679535172749035,0.006700687122959348,Low Variability
FUN_002671,OG_10522,apul,1.4155750216338427,1.0266030889727262,1.2273189674585692,1.4421555910119734,1.428865306322908,1.1269610282156477,0.7887104706291796,-0.3019042781072603,False,FUN_002671,0.3579694091892113,0.3875293952809401,0.4371915316929857,0.4819279644040478,0.02955998609172883,0.07922212250377442,-0.09439856912310768,-0.04473643271106209,0.02955998609172883,0.07922212250377442,Medium Variability
FUN_002672,OG_10523,apul,0.4201579021032364,0.23811258706583407,0.40710638868410787,0.4041141400360412,0.41213602106963876,0.32260948787497096,0.7827743060111204,-0.0895265331946678,False,FUN_002672,12.84547900020853,16.263572442744728,14.576971802535523,14.930843727901435,3.4180934425361986,1.7314928023269935,1.3327287148432934,-0.3538719253659117,3.4180934425361986,1.7314928023269935,Medium Variability
FUN_002685,OG_10525,apul,0.3582655126980809,0.317425759499618,0.35527988510897845,0.3797965973714095,0.3690310550347452,0.3363528223042982,0.9114485561997749,-0.03267823273044701,False,FUN_002685,0.3174471765873016,0.6405882324552515,0.16049563309692672,0.3311320345744681,0.32314105586794994,-0.15695154349037488,0.30945619788078343,-0.1706364014775414,0.32314105586794994,0.15695154349037488,Medium Variability
FUN_002810,OG_00752,apul,0.7766841191393302,0.6096812213768792,0.6499816621038861,0.9263877644542525,0.8515359417967914,0.6298314417403826,0.7396416414454579,-0.22170450005640874,False,FUN_002810,0.6062301410325681,0.5233974637696919,0.554277818408663,0.5581256804625145,-0.08283267726287624,-0.051952322623905145,-0.03472821669282267,-0.0038478620538515695,0.08283267726287624,0.051952322623905145,Medium Variability
FUN_003891,OG_10579,apul,0.4668567592681913,0.28339350861294216,0.3243532612571969,0.3053998170440355,0.38612828815611344,0.30387338493506955,0.7869751951771328,-0.0822549032210439,False,FUN_003891,2.719684959325397,2.9667358934243695,2.343750926227824,2.575289260063025,0.2470509340989726,-0.3759340330975727,0.39144663336134444,-0.23153833383520084,0.2470509340989726,0.3759340330975727,Medium Variability
FUN_003983,OG_10584,apul,0.5790003310524637,0.4509221782665294,0.5263286174552458,0.6524679476441536,0.6157341393483087,0.48862539786088766,0.7935655449899975,-0.12710874148742102,False,FUN_003983,0.517373030469196,0.38492615811993264,0.41782849189077315,0.41321725492962774,-0.1324468723492634,-0.09954453857842288,-0.028291096809695104,0.004611236961145404,0.1324468723492634,0.09954453857842288,Medium Variability
FUN_004006,OG_00807,apul,0.08193309615713389,0.0578586703770712,0.058424639676800665,0.08222266700464874,0.08207788158089131,0.05814165502693593,0.7083717794255546,-0.02393622655395538,False,FUN_004006,8.07027560530055,8.806861768472153,8.223450539049802,8.258286608059237,0.7365861631716033,0.15317493374925206,0.5485751604129163,-0.03483606900943492,0.7365861631716033,0.15317493374925206,Medium Variability
FUN_004093,OG_00842,apul,0.6673722493071564,0.4353038789248943,0.4966556212246407,0.7451924749814857,0.706282362144321,0.4659797500747675,0.6597641043449272,-0.24030261206955356,False,FUN_004093,0.38604147608317135,0.41299407255021053,0.4661276708272595,0.579916450457564,0.02695259646703918,0.08008619474408812,-0.16692237790735348,-0.11378877963030454,0.02695259646703918,0.08008619474408812,Low Variability
FUN_004094,OG_00843,apul,0.205199139871949,0.11789053037550166,0.17788237874841456,0.23585171566008228,0.22052542776601564,0.14788645456195812,0.6706095349642412,-0.07263897320405752,False,FUN_004094,7.72038978794806,8.68205363606702,7.874723653230495,7.920333651758701,0.9616638481189597,0.1543338652824353,0.7617199843083187,-0.045609998528205686,0.9616638481189597,0.1543338652824353,Medium Variability
FUN_004455,OG_01023,apul,0.5279574732100933,0.3390428410108133,0.3451759802315547,0.5759613867181071,0.5519594299641002,0.342109410621184,0.6198089787929432,-0.2098500193429162,False,FUN_004455,1.65184200569041,1.574696783724632,1.6486355773892425,1.7213471412438652,-0.077145221965778,-0.0032064283011674632,-0.14665035751923328,-0.07271156385462274,0.077145221965778,0.0032064283011674632,Low Variability
FUN_004661,OG_01117,apul,0.4526907984874928,0.26610197957586423,0.30956424782573755,0.4963737996548052,0.474532299071149,0.2878331137008009,0.6065616908779577,-0.18669918537034813,False,FUN_004661,0.8910121681291051,0.977893083147749,0.9336039739010332,1.0596552681205529,0.08688091501864392,0.042591805771928115,-0.08176218497280385,-0.12605129421951966,0.08688091501864392,0.042591805771928115,Low Variability
FUN_004684,OG_01121,apul,0.8277503708606614,0.24393095897182032,0.3372077544113998,1.1912111373216197,1.0094807540911406,0.29056935669161005,0.28784041252298714,-0.7189113973995305,False,FUN_004684,0.542640171652813,0.45184504896097494,0.44258186479994366,0.4483633320829811,-0.09079512269183804,-0.10005830685286932,0.0034817168779938124,-0.005781467283037467,0.09079512269183804,0.10005830685286932,Low Variability
FUN_004740,OG_01147,apul,0.14232226467062634,0.09912533452996229,0.11775145579659187,0.1487046537631562,0.14551345921689127,0.10843839516327708,0.7452121319007823,-0.03707506405361419,False,FUN_004740,7.756827511728643,8.079580726393347,8.422073145909131,6.492208719272784,0.3227532146647043,0.6652456341804882,1.587372007120563,1.929864426636347,0.3227532146647043,0.6652456341804882,Medium Variability
FUN_004759,OG_10675,apul,0.21471305179094857,0.18983241649937818,0.19928398100294814,0.18438074650136801,0.1995468991461583,0.19455819875116315,0.974999860101353,-0.00498870039499516,False,FUN_004759,16.027735861599123,17.484240653581214,16.20582211825123,16.38317982395902,1.4565047919820913,0.17808625665210798,1.1010608296221953,-0.17735770570778797,1.4565047919820913,0.17808625665210798,Medium Variability
FUN_004766,OG_01155,apul,0.27054262374658294,0.2295203668870334,0.2552212644320444,0.2843663789670868,0.27745450135683486,0.24237081565953889,0.873551571426211,-0.035083685697295974,False,FUN_004766,3.6096090010218065,4.208073614197614,3.3917276982063793,3.7860261915552242,0.5984646131758078,-0.21788130281542717,0.42204742264239004,-0.3942984933488449,0.5984646131758078,0.21788130281542717,Medium Variability
FUN_004816,OG_01177,apul,0.740001239486407,0.6951750319777631,0.659115465228554,0.7802227724171776,0.7601120059517923,0.6771452486031586,0.8908493002360292,-0.08296675734863368,False,FUN_004816,3.1324963320986443,3.268853538884795,3.126239418002609,3.121048133742167,0.1363572067861507,-0.006256914096035349,0.14780540514262785,0.0051912842604417975,0.1363572067861507,0.006256914096035349,Medium Variability
FUN_004871,OG_10681,apul,0.2868677279713947,0.16776540113728602,0.23653456822073426,0.42914505084480314,0.3580063894080989,0.20214998467901013,0.5646546839938523,-0.1558564047290888,False,FUN_004871,1.7034283612755672,1.721488228296447,1.7136390739586662,1.8313168447886703,0.018059867020879805,0.010210712683099032,-0.10982861649222331,-0.11767777083000408,0.018059867020879805,0.010210712683099032,Low Variability
FUN_004905,OG_01223,apul,0.8866064137526257,0.5327363174913234,0.635548538824057,1.0767736447431935,0.9816900292479096,0.5841424281576902,0.5950375482627773,-0.39754760109021936,False,FUN_004905,0.7356095976922846,0.6678254296480635,0.7129471378314352,0.6852969291598163,-0.06778416804422116,-0.02266245986084947,-0.017471499511752864,0.027650208671618826,0.06778416804422116,0.02266245986084947,Low Variability
FUN_005057,OG_01277,apul,0.32234159433088333,0.16284956835586936,0.1875743734801437,0.4307204472103321,0.37653102077060774,0.17521197091800653,0.4653321008171332,-0.2013190498526012,False,FUN_005057,42.80980558977794,46.654807443672105,43.857656441450494,44.346123954222996,3.8450018538941677,1.0478508516725569,2.308683489449109,-0.4884675127725018,3.8450018538941677,1.0478508516725569,Low Variability
FUN_005175,OG_01312,apul,0.8775702665523089,0.5410759662503953,0.7261829864493169,0.9616114453477718,0.9195908559500403,0.6336294763498561,0.6890341201742877,-0.2859613796001842,False,FUN_005175,0.6975840751129065,0.6157630575377548,0.5790049382637719,0.6437183206010487,-0.0818210175751517,-0.11857913684913468,-0.027955263063293878,-0.06471338233727686,0.0818210175751517,0.11857913684913468,Medium Variability
FUN_005182,OG_01317,apul,0.5056391109923047,0.27983235993511124,0.31058602061239904,0.4323504418389516,0.46899477641562815,0.29520919027375514,0.6294509131422343,-0.173785586141873,False,FUN_005182,0.9812624659318935,0.9879402138458078,1.0238193024245124,1.0751437219541617,0.006677747913914289,0.04255683649261888,-0.08720350810835398,-0.05132441952964939,0.006677747913914289,0.04255683649261888,Low Variability
FUN_005265,OG_01353,apul,0.12823952001490282,0.11804526811187116,0.12306032811300172,0.19406874184336198,0.1611541309291324,0.12055279811243644,0.7480590005195064,-0.04060133281669595,False,FUN_005265,0.7721190190662426,0.7517030820941494,0.6733752166236893,0.5400760667784081,-0.020415936972093207,-0.09874380244255332,0.21162701531574124,0.13329914984528113,0.020415936972093207,0.09874380244255332,Medium Variability
FUN_005266,OG_14012,apul,0.06272153851625928,0.0208233835447425,0.04765708935517259,0.05268361012247896,0.05770257431936912,0.034240236449957544,0.5933918348329923,-0.023462337869411577,False,FUN_005266,0.6730314998224728,0.7241002312671561,0.6691756821279389,0.8145118174110872,0.05106873144468327,-0.003855817694533914,-0.09041158614393119,-0.14533613528314837,0.05106873144468327,0.003855817694533914,Low Variability
FUN_005267,OG_01354,apul,0.17045088011943205,0.11441220710715114,0.11547446363243662,0.15306108948260075,0.16175598480101638,0.11494333536979387,0.7105971102781208,-0.046812649431222514,False,FUN_005267,3.248514494287604,3.6596683874697655,3.477747112583144,4.085119526485261,0.41115389318216167,0.2292326182955402,-0.4254511390154958,-0.6073724139021173,0.41115389318216167,0.2292326182955402,Medium Variability
FUN_005352,OG_01384,apul,0.5544368863703271,0.40898588126373453,0.461426269223857,0.6152868667283062,0.5848618765493167,0.43520607524379573,0.7441177014503155,-0.14965580130552092,False,FUN_005352,0.711908987945178,0.7349615642823796,0.6441391251605404,0.6782619783985022,0.02305257633720159,-0.06776986278463759,0.05669958588387736,-0.034122853237961825,0.02305257633720159,0.06776986278463759,Medium Variability
FUN_005720,OG_01414,apul,0.38088671289304127,0.37804352961669185,0.312044248750224,0.3604978509773364,0.3706922819351888,0.34504388918345796,0.9308094772898046,-0.025648392751730864,False,FUN_005720,1.3476269910555085,1.366039723702678,1.3745276584523598,1.3128073448562283,0.018412732647169472,0.026900667396851263,0.05323237884644971,0.061720313596131504,0.018412732647169472,0.026900667396851263,Medium Variability
FUN_005906,OG_14037,apul,0.2963920204833122,0.15599948606283667,0.23806997395927107,0.2263842527931063,0.26138813663820926,0.19703473001105387,0.7538013490022013,-0.06435340662715539,False,FUN_005906,0.6635365579874072,0.8652713161284545,0.6517860415507295,0.7898027068318063,0.20173475814104735,-0.011750516436677683,0.07546860929664823,-0.1380166652810768,0.20173475814104735,0.011750516436677683,Medium Variability
FUN_005907,OG_14038,apul,0.22522975711892002,0.09333311159984535,0.10101080004284543,0.14423837567221084,0.18473406639556544,0.09717195582134538,0.5260099434680013,-0.08756211057422006,False,FUN_005907,30.462799256988955,32.486907645174725,30.938407174031322,30.797014716290963,2.0241083881857698,0.4756079170423675,1.6898929288837614,0.14139245774035913,2.0241083881857698,0.4756079170423675,Low Variability
FUN_005908,OG_01452,apul,0.25389771743278716,0.09392442753870496,0.14036488597046345,0.18435161622776883,0.21912466683027798,0.11714465675458421,0.5346027831970103,-0.10198001007569377,False,FUN_005908,33.4928332113526,35.74492549673402,33.176195940497074,33.46395296740419,2.2520922853814227,-0.31663727085552296,2.28097252932983,-0.2877570269071157,2.2520922853814227,0.31663727085552296,Low Variability
FUN_006038,OG_01475,apul,0.3262787147149192,0.14555450397986844,0.19446694945436965,0.29678555682606156,0.3115321357704904,0.17001072671711903,0.5457245246839256,-0.14152140905337135,False,FUN_006038,0.8586328931084198,0.7292894337308453,0.9213600524454879,0.8632785919405997,-0.12934345937757452,0.06272715933706807,-0.13398915820975443,0.05808146050488816,0.12934345937757452,0.06272715933706807,Low Variability
FUN_006135,OG_10758,apul,1.092733482391311,0.769200283443246,0.8300525373047932,0.8908043781083261,0.9917689302498186,0.7996264103740196,0.8062628158482441,-0.192142519875799,False,FUN_006135,1.117709572906062,1.1977944681944444,1.1228598905295566,1.158038060952723,0.08008489528838236,0.005150317623494605,0.03975640724172136,-0.0351781704231664,0.08008489528838236,0.005150317623494605,Medium Variability
FUN_006140,OG_10759,apul,1.3034671247645255,2.071808348608355,0.8638471531142545,1.357161005470009,1.3303140651172671,1.4678277508613047,1.1033693391281372,0.13751368574403755,False,FUN_006140,0.6295309015852057,0.7618853396825397,1.0220916431952827,0.8466033048939471,0.13235443809733394,0.3925607416100769,-0.0847179652114074,0.1754883383013356,0.13235443809733394,0.3925607416100769,Medium Variability
FUN_006162,OG_01486,apul,0.16780190016187166,0.06399601147561303,0.10967314054854478,0.1705332533900809,0.16916757677597627,0.0868345760120789,0.5133050769360574,-0.08233300076389737,False,FUN_006162,0.7648801416654678,0.8036794565566105,0.9043789301299574,0.6664538583609072,0.038799314891142744,0.1394987884644896,0.13722559819570335,0.2379250717690502,0.038799314891142744,0.1394987884644896,Low Variability
FUN_006165,OG_01489,apul,0.6502590810302724,0.33543026005351456,0.3406486165464593,0.5849374560604466,0.6175982685453595,0.33803943829998695,0.5473451845909112,-0.27955883024537254,False,FUN_006165,3.9737854536947594,4.159485052899044,3.898349827749396,3.8837553708619725,0.18569959920428492,-0.07543562594536324,0.2757296820370718,0.014594456887423668,0.18569959920428492,0.07543562594536324,Low Variability
FUN_006473,OG_14066,apul,0.30117144158456033,0.271432316482732,0.28583127683551696,0.2684579840160753,0.2848147128003178,0.27863179665912446,0.9782914440044109,-0.0061829161411933176,False,FUN_006473,10.74072712805473,11.449433089723875,11.232382688785549,10.554993333105985,0.7087059616691462,0.49165556073081973,0.8944397566178903,0.6773893556795638,0.7087059616691462,0.49165556073081973,Medium Variability
FUN_006613,OG_01579,apul,0.4512811127847665,0.2612363487086636,0.19162106674866217,0.2771975020693135,0.36423930742704,0.22642870772866286,0.6216481942274127,-0.13781059969837717,False,FUN_006613,26.26813111827323,28.68891269701803,26.949834964147016,26.335653271952538,2.4207815787447977,0.6817038458737841,2.3532594250654917,0.614181692194478,2.4207815787447977,0.6817038458737841,Low Variability
FUN_006652,OG_01608,apul,0.23175244548349497,0.1046755822188305,0.19949058492325675,0.2081883346168018,0.2199703900501484,0.1520830835710436,0.6913797967825216,-0.06788730647910479,False,FUN_006652,3.4787380655027467,3.683684929586634,3.685373154330177,3.672439557144375,0.20494686408388718,0.2066350888274302,0.011245372442258983,0.012933597185802004,0.20494686408388718,0.2066350888274302,Medium Variability
FUN_006656,OG_01611,apul,0.5758180454789231,0.24168682165434957,0.4367410481483756,0.5362987426593188,0.5560583940691209,0.3392139349013626,0.6100329363235842,-0.21684445916775835,False,FUN_006656,0.5818906690572274,0.4282171595853031,0.4012463106969907,0.42118940534705407,-0.15367350947192432,-0.18064435836023673,0.007027754238249029,-0.019943094650063387,0.15367350947192432,0.18064435836023673,Low Variability
FUN_006744,OG_01630,apul,0.4254399195304106,0.23715147883543128,0.3060692011151809,0.35328919459619385,0.3893645570633022,0.2716103399753061,0.6975733539381915,-0.1177542170879961,False,FUN_006744,6.124034099902591,6.55654946333355,6.095531756418938,6.154574949880305,0.43251536343095864,-0.02850234348365266,0.4019745134532444,-0.05904319346136688,0.43251536343095864,0.02850234348365266,Medium Variability
FUN_006888,OG_10811,apul,1.429910577319758,1.0717471076849094,1.269562829665975,1.5780703205598676,1.5039904489398128,1.1706549686754422,0.778365959372053,-0.33333548026437065,False,FUN_006888,0.5116252081597222,0.48409510781475473,0.528474750392316,0.4079715606184614,-0.0275301003449675,0.016849542232593717,0.07612354719629333,0.12050318977385455,0.0275301003449675,0.016849542232593717,Medium Variability
FUN_006894,OG_10812,apul,0.5619188953448724,0.5573344027000146,0.5766020477545755,0.7187637168325373,0.6403413060887049,0.566968225227295,0.8854156679199987,-0.07337308086140992,False,FUN_006894,0.5917089690703171,0.5212574529757991,0.582779664467299,0.5010688732084155,-0.07045151609451805,-0.008929304603018107,0.02018857976738353,0.08171079125888348,0.07045151609451805,0.008929304603018107,Medium Variability
FUN_006930,OG_10818,apul,0.7970378683582898,0.5417044309819048,0.6110327100859306,0.9031244997285229,0.8500811840434064,0.5763685705339177,0.6780159134830203,-0.2737126135094887,False,FUN_006930,1.0662793361185985,1.0487265578538485,1.0101806596194194,1.083753714014076,-0.01755277826474999,-0.0560986764991791,-0.03502715616022756,-0.07357305439465667,0.01755277826474999,0.0560986764991791,Medium Variability
FUN_007013,OG_01724,apul,0.15249838652561232,0.13719717738701828,0.1364862057431537,0.14892306615104162,0.15071072633832697,0.136841691565086,0.9079757950200127,-0.013869034773240974,False,FUN_007013,0.7891106420433923,0.7067863545534422,0.7855000258757724,0.8465552557031447,-0.08232428748995013,-0.003610616167619929,-0.13976890114970253,-0.061055229827372326,0.08232428748995013,0.003610616167619929,Medium Variability
FUN_007019,OG_01727,apul,0.3833048055490155,0.17330256103371153,0.1998584830400047,0.3749489090443116,0.37912685729666357,0.1865805220368581,0.49213216749469274,-0.19254633525980547,False,FUN_007019,1.1425185424355158,0.939576211452133,0.9577660911042021,0.9282015720388677,-0.20294233098338277,-0.18475245133131368,0.01137463941326533,0.029564519065334416,0.20294233098338277,0.18475245133131368,Low Variability
FUN_007068,OG_14094,apul,0.09609741756180235,0.053454416359519155,0.06684998949526257,0.12307458885673792,0.10958600320927013,0.06015220292739086,0.5489040677258905,-0.04943380028187927,False,FUN_007068,7.846878542292769,8.457702121266902,8.12700445398883,8.146597017297177,0.6108235789741325,0.2801259116960608,0.3111051039697248,-0.01959256330834691,0.6108235789741325,0.2801259116960608,Low Variability
FUN_007073,OG_01747,apul,0.5255612835565756,0.5200256716967148,0.39942340015840455,0.5884816638865057,0.5570214737215406,0.4597245359275597,0.8253264148975692,-0.09729693779398096,False,FUN_007073,0.635274058787478,0.3246425665476191,0.6282216279320987,0.5109581515520282,-0.3106314922398589,-0.007052430855379321,-0.1863155850044091,0.11726347638007051,0.3106314922398589,0.007052430855379321,Medium Variability
FUN_007075,OG_01748,apul,0.778438525484222,0.18283968373628642,0.3914391478181903,0.2945617075498564,0.5365001165170392,0.28713941577723834,0.5352084872624977,-0.24936070073980088,False,FUN_007075,1.2988668049122547,1.5292663784297054,1.1887582711155478,1.3993634046238788,0.23039957351745066,-0.11010853379670693,0.1299029738058266,-0.210605133508331,0.23039957351745066,0.11010853379670693,Low Variability
FUN_007094,OG_01753,apul,0.8312045987089586,0.7755054247190267,1.2492568091232497,0.5720043889134597,0.7016044938112092,1.012381116921138,1.4429513006989863,0.31077662310992893,True,FUN_007094,1.4943592983690113,1.1918710482670745,0.9805139821319354,1.0927129456239988,-0.3024882501019368,-0.5138453162370759,0.09915810264307567,-0.11219896349206337,0.3024882501019368,0.5138453162370759,Medium Variability
FUN_007101,OG_01758,apul,0.8016214177314166,0.39324524721586396,0.45877849149570826,0.7278304031956876,0.7647259104635521,0.4260118693557861,0.5570778543354854,-0.338714041107766,False,FUN_007101,0.43614861911363295,0.38425005280744695,0.4282586258210948,0.49660759808114524,-0.051898566306186,-0.007889993292538144,-0.11235754527369829,-0.06834897226005043,0.051898566306186,0.007889993292538144,Low Variability
FUN_007154,OG_01781,apul,0.41777462336035276,0.16642691320690614,0.21027206488796854,0.4871717762173852,0.452473199788869,0.18834948904743734,0.4162666189629002,-0.2641237107414317,False,FUN_007154,0.8254871292810717,0.793976003726732,0.8502678125337136,0.8237344082134014,-0.03151112555433966,0.024780683252641933,-0.029758404486669332,0.02653340432031226,0.03151112555433966,0.024780683252641933,Low Variability
FUN_007178,OG_10838,apul,1.0541468862107146,0.7790207404280374,0.5703118081927482,0.8381544571465962,0.9461506716786554,0.6746662743103928,0.7130643083658161,-0.2714843973682626,False,FUN_007178,0.5709589965301807,0.5160106488685671,0.4921725630444335,0.6977135332344703,-0.054948347661613606,-0.07878643348574715,-0.1817028843659032,-0.20554097019003675,0.054948347661613606,0.07878643348574715,Medium Variability
FUN_007651,OG_14100,apul,1.302728093347312,0.9290682060265903,1.4030586520315222,1.2651256834858606,1.2839268884165862,1.1660634290290564,0.9082008014234472,-0.11786345938752985,False,FUN_007651,0.47179299865079366,0.4641240371108551,0.5690105478213006,0.5333488874475166,-0.007668961539938568,0.0972175491705069,-0.06922485033666154,0.03566166037378393,0.007668961539938568,0.0972175491705069,Medium Variability
FUN_008088,OG_01981,apul,0.5989537596173684,0.30707727648661826,0.4291876563038207,0.6081339168262747,0.6035438382218216,0.36813246639521946,0.6099514949565586,-0.2354113718266021,False,FUN_008088,1.7489722621256363,2.1379493146722446,1.7804670256219115,1.628274478113769,0.3889770525466083,0.031494763496275224,0.5096748365584756,0.15219254750814248,0.3889770525466083,0.031494763496275224,Low Variability
FUN_008089,OG_10907,apul,0.5041034789200355,0.61281247713384,0.3466976618380457,0.743534618284174,0.6238190486021047,0.4797550694859428,0.7690612695476516,-0.14406397911616187,False,FUN_008089,0.8284955385092889,0.8965538536881795,0.8464543801057776,0.6502121258568111,0.0680583151788906,0.01795884159648864,0.24634172783136843,0.19624225424896646,0.0680583151788906,0.01795884159648864,Medium Variability
FUN_008110,OG_01999,apul,0.700151173716028,0.35599273967948136,0.4400078692814546,0.7501079707014501,0.725129572208739,0.39800030448046797,0.5488678433954393,-0.327129267728271,False,FUN_008110,0.619739202864242,0.6183459078891801,0.6000518292158148,0.4597743149228192,-0.0013932949750619095,-0.01968737364842721,0.15857159296636086,0.14027751429299556,0.0013932949750619095,0.01968737364842721,Low Variability
FUN_008111,OG_02000,apul,0.8496881677761418,0.36072375198711065,0.6067689987347129,0.7581952889936848,0.8039417283849133,0.4837463753609118,0.6017182070306748,-0.3201953530240015,False,FUN_008111,2.588653077602609,2.834349761301156,2.64980169641072,2.629129910748129,0.2456966836985468,0.06114861880811073,0.20521985055302672,0.020671785662590647,0.2456966836985468,0.06114861880811073,Low Variability
FUN_008285,OG_02070,apul,0.5002696846779023,0.37460678939698566,0.26289837784944314,0.586361511897009,0.5433155982874557,0.3187525836232144,0.5866803467964669,-0.22456301466424128,False,FUN_008285,1.456579032727944,1.4967248444868955,1.4219065551328904,1.3025872022997416,0.04014581175895149,-0.03467247759505354,0.1941376421871539,0.11931935283314887,0.04014581175895149,0.03467247759505354,Low Variability
FUN_008314,OG_02088,apul,0.41674099656893476,0.3882983943898143,0.42276405163128405,0.4245469342684873,0.420643965418711,0.40553122301054917,0.9640723660611212,-0.01511274240816185,False,FUN_008314,2.760579151472469,2.889433558353683,2.6110264256875397,3.12515117081371,0.12885440688121408,-0.1495527257849294,-0.23571761246002687,-0.5141247451261703,0.12885440688121408,0.1495527257849294,Medium Variability
FUN_008320,OG_14140,apul,2.484349734958433,1.7563015945679772,1.6487264514106303,1.1843039171115548,1.834326826034994,1.7025140229893037,0.928141048162823,-0.13181280304569043,False,FUN_008320,1.3012791436395097,1.2489012248570677,1.1629894748294842,1.2648966593501592,-0.05237791878244202,-0.13828966881002547,-0.015995434493091487,-0.10190718452067493,0.05237791878244202,0.13828966881002547,Medium Variability
FUN_008328,OG_02090,apul,0.6634128040092417,0.30161629360582387,0.46403838771346306,0.6770620091838133,0.6702374065965275,0.38282734065964347,0.571181699039516,-0.28741006593688406,False,FUN_008328,0.9024473589201049,0.7501988792281414,0.738319579497968,0.8472792363253526,-0.15224847969196342,-0.16412777942213685,-0.09708035709721119,-0.10895965682738462,0.15224847969196342,0.16412777942213685,Low Variability
FUN_008381,OG_02102,apul,0.4991399947425154,0.49532609257091764,0.5341329851152179,0.5667654470622949,0.5329527209024052,0.5147295388430677,0.9658071319563175,-0.018223182059337484,False,FUN_008381,3.7317411646420475,4.10897256897372,3.9421267203484374,3.86499817713901,0.3772314043316727,0.21038555570638984,0.24397439183471015,0.0771285432094273,0.3772314043316727,0.21038555570638984,Medium Variability
FUN_008418,OG_02124,apul,0.07727783496440274,0.07540670101277741,0.07060393393574448,0.08410194357461102,0.08068988926950688,0.07300531747426095,0.9047641301182209,-0.007684571795245926,False,FUN_008418,41.831296531722295,43.864084331681596,42.30444104992708,41.656576815328656,2.0327877999593014,0.47314451820478354,2.2075075163529405,0.6478642345984227,2.0327877999593014,0.47314451820478354,Medium Variability
FUN_008453,OG_02146,apul,0.10136364298186575,0.1498045414326912,0.1203086632206541,0.09260091535426444,0.0969822791680651,0.13505660232667266,1.3925905174142876,0.038074323158607565,False,FUN_008453,9.941149204930369,10.594050081016022,10.654659941475742,10.437592302156334,0.6529008760856527,0.7135107365453734,0.15645777885968748,0.2170676393194082,0.6529008760856527,0.7135107365453734,Medium Variability
FUN_008456,OG_02148,apul,0.7592520875126972,0.5687835870717977,0.5458836840946769,1.0388410639342591,0.8990465757234782,0.5573336355832372,0.619916309824929,-0.341712940140241,False,FUN_008456,0.6185850460704482,0.5558386744442381,0.581546580176275,0.6474411228460999,-0.0627463716262101,-0.037038465894173145,-0.09160244840186182,-0.06589454266982486,0.0627463716262101,0.037038465894173145,Low Variability
FUN_008461,OG_10936,apul,1.8976989718857984,1.107324375484033,1.6070922920201132,2.606302396860648,2.252000684373223,1.357208333752073,0.6026678158536223,-0.8947923506211501,False,FUN_008461,0.8327527785250008,0.776628289790287,0.6913649905970777,0.6636424770997582,-0.05612448873471387,-0.14138778792792317,0.11298581269052876,0.027722513497319468,0.05612448873471387,0.14138778792792317,Low Variability
FUN_008465,OG_10937,apul,1.6767515942728015,0.6412539607204536,1.1785081362917254,1.5557174643921814,1.6162345293324916,0.9098810485060895,0.5629635006510302,-0.706353480826402,False,FUN_008465,0.536798716531808,0.41496180058981275,0.4965551762331039,0.5061781539806548,-0.12183691594199525,-0.040243540298704084,-0.09121635339084205,-0.009622977747550887,0.12183691594199525,0.040243540298704084,Low Variability
FUN_008469,OG_02149,apul,0.5111567061535374,0.6919931952744445,0.5874224855404282,0.5690864804166009,0.5401215932850691,0.6397078404074363,1.1843774593729433,0.09958624712236719,False,FUN_008469,0.3588991773357184,0.27530753940085534,0.40379543398717005,0.2635585961859528,-0.08359163793486307,0.04489625665145164,0.011748943214902552,0.14023683780121726,0.08359163793486307,0.04489625665145164,Medium Variability
FUN_008474,OG_10938,apul,0.8986673864970999,0.5447429142601754,0.7548388922519994,1.3258748535500862,1.112271120023593,0.6497909032560873,0.584201901459335,-0.4624802167675057,False,FUN_008474,0.540029116010025,0.5429892058287386,0.4562388263350042,0.4744851655806182,0.0029600898187135405,-0.08379028967502083,0.06850404024812035,-0.01824633924561403,0.0029600898187135405,0.08379028967502083,Low Variability
FUN_008499,OG_02163,apul,0.6384510203174596,0.2910647607664227,0.35031783320598775,0.6679701136222124,0.653210566969836,0.32069129698620524,0.49094627858494844,-0.3325192699836308,False,FUN_008499,1.6508847472334056,1.7341909945645744,1.5468021224945887,1.7077910748621934,0.08330624733116876,-0.10408262473881691,0.02639991970238098,-0.1609889523676047,0.08330624733116876,0.10408262473881691,Low Variability
FUN_008525,OG_02176,apul,0.8106676292897541,0.44256381829506536,0.6522051046541447,0.9241425401431642,0.8674050847164592,0.5473844614746051,0.6310597794726281,-0.3200206232418541,False,FUN_008525,2.978919085517234,3.2621622621729425,3.182365883520515,2.9309575867077107,0.2832431766557084,0.2034467980032808,0.3312046754652318,0.2514082968128042,0.2832431766557084,0.2034467980032808,Low Variability
FUN_008537,OG_02184,apul,0.2298531485457987,0.17357946955282297,0.22048921691933523,0.21363885438382624,0.22174600146481246,0.1970343432360791,0.8885587200423332,-0.024711658228733363,False,FUN_008537,27.104672370647418,28.864906558397905,27.44729523876703,27.012818579040122,1.7602341877504877,0.3426228681196122,1.8520879793577834,0.43447665972690785,1.7602341877504877,0.3426228681196122,Medium Variability
FUN_008540,OG_02186,apul,1.1402274004590862,0.45673394193729905,0.8570219119229635,1.0248455150533433,1.0825364577562149,0.6568779269301313,0.6067952004975882,-0.4256585308260836,False,FUN_008540,0.8298221339689185,0.8752083614006608,0.7613687754447672,0.783503733235551,0.045386227431742365,-0.06845335852415124,0.09170462816510982,-0.022134957790783782,0.045386227431742365,0.06845335852415124,Low Variability
FUN_008544,OG_02190,apul,0.1595678848877639,0.12050528182559203,0.11701271061527901,0.1283493563939713,0.14395862064086762,0.11875899622043552,0.8249523070709507,-0.025199624420432096,False,FUN_008544,50.78244130656482,54.53043915534337,50.255956248982706,51.399401252371774,3.747997848778553,-0.5264850575821143,3.131037902971599,-1.1434450033890684,3.747997848778553,0.5264850575821143,Medium Variability
FUN_008614,OG_02219,apul,0.2673574942171074,0.16084083653910228,0.19765976009883,0.27184571131377955,0.2696016027654435,0.17925029831896613,0.664871041122541,-0.09035130444647735,False,FUN_008614,5.99348074028727,6.31341795575894,6.0286824925931946,5.819779982088621,0.3199372154716702,0.03520175230592493,0.49363797367031914,0.20890251050457387,0.3199372154716702,0.03520175230592493,Low Variability
FUN_008615,OG_02220,apul,0.42789735395589523,0.1564525359121265,0.2496290828629067,0.3875737284298993,0.40773554119289723,0.2030408093875166,0.497971819659104,-0.20469473180538064,False,FUN_008615,8.113612303530502,8.413828967299821,7.979282992481583,7.844363250080649,0.3002166637693193,-0.1343293110489192,0.5694657172191722,0.13491974240093363,0.3002166637693193,0.1343293110489192,Low Variability
FUN_008707,OG_02260,apul,0.8025121368502898,0.3223575160248785,0.3524410256490969,0.9430495508826837,0.8727808438664868,0.33739927083698773,0.38657960152090737,-0.5353815730294991,False,FUN_008707,2.1610485451466412,2.3530173494430313,2.170285980221139,2.3211904087941373,0.19196880429639007,0.009237435074497924,0.03182694064889402,-0.15090442857299813,0.19196880429639007,0.009237435074497924,Low Variability
FUN_008708,OG_14156,apul,0.11475979943327581,0.20407724247915524,0.28980366489730525,0.10776603769266961,0.11126291856297271,0.24694045368823025,2.2194317466916584,0.13567753512525754,True,FUN_008708,0.265419961136991,0.4370672108997585,0.4880622686723602,0.46441802160326084,0.17164724976276746,0.22264230753536918,-0.02735081070350237,0.023644247069099344,0.17164724976276746,0.22264230753536918,High Variability
FUN_008719,OG_14158,apul,1.0006119548031929,0.6596527830785576,0.6243267744043606,0.7580996309763454,0.8793557928897691,0.641989778741459,0.7300682885498829,-0.23736601414831004,False,FUN_008719,0.38858282905431246,0.46388106447695543,0.3355699427639128,0.4585018920348059,0.07529823542264297,-0.053012886290399686,0.005379172442149527,-0.12293194927089313,0.07529823542264297,0.053012886290399686,Medium Variability
FUN_008907,OG_02316,apul,0.1726662372705594,0.09347801354571464,0.1363367702852404,0.12998784241931344,0.15132703984493642,0.11490739191547752,0.7593315248432942,-0.0364196479294589,False,FUN_008907,1.114613994803322,1.3403018448141641,1.3546786920472287,1.209872187793824,0.22568785001084213,0.24006469724390667,0.13042965702034004,0.14480650425340458,0.22568785001084213,0.24006469724390667,Medium Variability
FUN_008908,OG_02317,apul,0.06817838675667312,0.04050890878553162,0.054846754215709025,0.06109875710963127,0.0646385719331522,0.04767783150062033,0.737606510705832,-0.016960740432531873,False,FUN_008908,4.6695545480504315,4.735359514148673,4.600350459066209,4.448878143995185,0.06580496609824138,-0.0692040889842227,0.2864813701534876,0.15147231507102354,0.06580496609824138,0.0692040889842227,Medium Variability
FUN_008961,OG_02358,apul,0.2624727584724927,0.2847492734793921,0.2780226418091243,0.30129966787361295,0.28188621317305285,0.2813859576442582,0.9982253281451281,-0.0005002555287946242,False,FUN_008961,0.537760318484127,0.3942129172414021,0.46099432855291006,0.4994447107513228,-0.14354740124272486,-0.07676598993121692,-0.10523179350992068,-0.038450382198412736,0.14354740124272486,0.07676598993121692,Medium Variability
FUN_008998,OG_10988,apul,0.40517335090394435,0.34068959235876106,0.3690314247325555,0.36440274099330155,0.3847880459486229,0.3548605085456583,0.9222233182187771,-0.02992753740296461,False,FUN_008998,0.8281237933552159,0.567152736845973,0.4650216691096741,0.5213648227611208,-0.2609710565092429,-0.36310212424554184,0.045787914084852166,-0.056343153651446765,0.2609710565092429,0.36310212424554184,Medium Variability
FUN_009228,OG_02408,apul,0.8059794281274604,0.35236053234969655,0.40806399208719923,0.8863781481417328,0.8461787881345966,0.3802122622184479,0.44932851963428067,-0.4659665259161487,False,FUN_009228,8.771999841517857,11.226747739880953,4.524415434821429,6.946928459821429,2.4547478983630953,-4.247584406696428,4.279819280059524,-2.4225130249999998,2.4547478983630953,4.247584406696428,Low Variability
FUN_009387,OG_11017,apul,0.8022805287778408,0.46232271961786514,0.7356826615906534,0.7931707962188332,0.7977256624983371,0.5990026906042593,0.7508880794034978,-0.19872297189407784,False,FUN_009387,0.4371551770253556,0.35552318764687696,0.37400332908163264,0.39705033484848484,-0.08163198937847865,-0.06315184794372297,-0.041527147201607884,-0.023047005766852202,0.08163198937847865,0.06315184794372297,Medium Variability
FUN_009407,OG_11019,apul,1.0630199355606622,0.6409647441530555,0.8653685244088978,0.9531728671280086,1.0080964013443354,0.7531666342809766,0.7471176697750334,-0.2549297670633588,False,FUN_009407,0.6420139241024188,0.4209729987693689,0.5228421423634732,0.7067449609386811,-0.22104092533304986,-0.1191717817389456,-0.2857719621693122,-0.18390281857520796,0.22104092533304986,0.1191717817389456,Medium Variability
FUN_009432,OG_14180,apul,0.9308583236793618,1.1107970270859961,1.2494820842502379,1.414213562373095,1.1725359430262283,1.180139555668117,1.0064847586865988,0.00760361264188858,False,FUN_009432,0.1493192777777778,0.3400673406349206,0.18494468412698412,0.6799649551587302,0.19074806285714282,0.03562540634920633,-0.3398976145238096,-0.4950202710317461,0.19074806285714282,0.03562540634920633,Medium Variability
FUN_009459,OG_02439,apul,0.48838599224289014,0.30540988794538104,0.2946739436603947,0.3759057787211608,0.4321458854820255,0.30004191580288786,0.6943070057654586,-0.13210396967913762,False,FUN_009459,6.529562166718678,5.604331482896055,5.595869647314686,5.520335321600015,-0.9252306838226234,-0.9336925194039924,0.0839961612960396,0.07553432571467056,0.9252306838226234,0.9336925194039924,Medium Variability
FUN_009692,OG_11038,apul,1.4730687501927187,1.1795470927734784,1.5508909511768312,1.705943070043427,1.5895059101180729,1.3652190219751548,0.8588952159817654,-0.22428688814291808,False,FUN_009692,1.6945293878571426,2.7960854600595235,2.147375381517857,1.8412414439484128,1.101556072202381,0.45284599366071454,0.9548440161111107,0.3061339375694443,1.101556072202381,0.45284599366071454,Medium Variability
FUN_009861,OG_14189,apul,0.32659663544168255,0.2848218285781501,0.24529056643687475,0.2439598434782589,0.2852782394599707,0.2650561975075124,0.9291146706782176,-0.020222041952458303,False,FUN_009861,0.41914499326319676,0.3468202718823059,0.3905679298911037,0.42021137728559127,-0.07232472138089086,-0.028577063372093037,-0.07339110540328536,-0.029643447394487543,0.07232472138089086,0.028577063372093037,Medium Variability
FUN_010559,OG_11074,apul,0.3318105149130764,0.06943166966237259,0.12470103397408537,0.07975282409798859,0.2057816695055325,0.09706635181822898,0.47169581261279114,-0.10871531768730353,False,FUN_010559,0.7027364393306672,0.7117148598307291,0.8411783030552455,0.797684482452877,0.008978420500061923,0.13844186372457834,-0.08596962262214791,0.043493820602368505,0.008978420500061923,0.13844186372457834,Low Variability
FUN_010569,OG_14206,apul,1.4142135623730951,1.414213562373095,1.4142135623730951,1.414213562373095,1.414213562373095,1.414213562373095,1.0,0.0,False,FUN_010569,0.296836766939858,0.32575541458283475,0.44747405972920157,0.4446862431482811,0.028918647642976747,0.15063729278934357,-0.11893082856544634,0.002787816580920477,0.028918647642976747,0.15063729278934357,Medium Variability
FUN_010620,OG_02537,apul,0.6486561240975369,0.3808606451838632,0.47270648759730033,0.6136884788858212,0.631172301491679,0.4267835663905818,0.676176006744821,-0.20438873510109723,False,FUN_010620,1.1000633019299504,1.021601277445331,0.922978256289753,1.022931124822695,-0.07846202448461947,-0.17708504564019734,-0.0013298473773641906,-0.09995286853294205,0.07846202448461947,0.17708504564019734,Medium Variability
FUN_010649,OG_11084,apul,0.4735885536345191,0.5566712540739716,0.27409057916291996,0.3251209339507287,0.3993547437926239,0.4153809166184458,1.0401301676640253,0.01602617282582186,False,FUN_010649,0.33933398938492065,0.2974913552091207,0.36502894719072815,0.4426753843757873,-0.041842634175799975,0.025694957805807495,-0.14518402916666662,-0.07764643718505915,0.041842634175799975,0.025694957805807495,Medium Variability
FUN_010760,OG_02619,apul,1.4810814733920235,0.8787105978887814,2.104346207620609,1.2998619982423436,1.3904717358171834,1.4915284027546953,1.0726779727587348,0.10105666693751192,False,FUN_010760,0.7423419242772109,0.7501525918853256,0.6797658149275185,0.7594694998056365,0.007810667608114663,-0.06257610934969238,-0.009316907920310924,-0.07970368487811796,0.007810667608114663,0.06257610934969238,Medium Variability
FUN_010885,OG_02666,apul,0.21704772338912398,0.15984883665596786,0.20372130875068675,0.2072086776296928,0.2121282005094084,0.1817850727033273,0.8569585385949885,-0.03034312780608109,False,FUN_010885,1.1412383823415562,1.1826435965207631,1.077166746543668,0.9806244003412813,0.04140521417920695,-0.0640716357978881,0.20201919617948183,0.09654234620238678,0.04140521417920695,0.0640716357978881,Medium Variability
FUN_010950,OG_02690,apul,0.6833844909769385,0.4370782290838074,0.5182987341117149,0.8867362076082844,0.7850603492926115,0.4776884815977611,0.6084735804428135,-0.30737186769485036,False,FUN_010950,0.6225730016813265,0.6081864582125165,0.6542994806505915,0.5226012180062684,-0.014386543468809965,0.03172647896926506,0.08558524020624814,0.13169826264432316,0.014386543468809965,0.03172647896926506,Low Variability
FUN_011916,OG_11156,apul,0.29161825558671417,0.2805637831219442,0.28835099880961007,0.30316166191561167,0.2973899587511629,0.28445739096577716,0.9565130986947448,-0.012932567785385762,False,FUN_011916,0.9433748764915162,0.643568702383233,0.7225240308748404,0.92936344201788,-0.29980617410828314,-0.22085084561667578,-0.28579473963464697,-0.2068394111430396,0.29980617410828314,0.22085084561667578,Medium Variability
FUN_012010,OG_14257,apul,0.020886119559981816,0.006459785902591765,0.05479626987317156,0.24708398457255748,0.13398505206626965,0.030628027887881663,0.2285928722312463,-0.10335702417838799,False,FUN_012010,1.278317241754299,1.2827877550330689,1.148606893106812,0.8333369370684524,0.004470513278769905,-0.12971034864748687,0.4494508179646165,0.3152699560383597,0.004470513278769905,0.12971034864748687,Low Variability
FUN_012011,OG_02924,apul,0.7379103997917946,0.7291980386123342,0.5394615831935008,1.1647464347254537,0.9513284172586242,0.6343298109029175,0.6667832048272255,-0.31699860635570665,False,FUN_012011,0.8750674832757166,0.8860439552212159,0.8380834231027039,0.7089907542863635,0.010976471945499333,-0.0369840601730127,0.17705320093485244,0.1290926688163404,0.010976471945499333,0.0369840601730127,Low Variability
FUN_012040,OG_02935,apul,1.0269941881788756,0.510986384173065,0.6368565345279079,1.0284600431646724,1.027727115671774,0.5739214593504864,0.5584375955433876,-0.45380565632128755,False,FUN_012040,0.6535088944627796,0.4848025683351669,0.5655461990085913,0.7765559271779559,-0.16870632612761272,-0.08796269545418833,-0.29175335884278897,-0.21100972816936459,0.16870632612761272,0.08796269545418833,Low Variability
FUN_012114,OG_11171,apul,0.7626114616667747,0.6430710633351118,0.7659374484929101,1.19799700793359,0.9803042348001824,0.7045042559140109,0.7186587907147127,-0.27579997888617147,False,FUN_012114,1.1062554242365836,1.1908041800869238,1.0345512854875283,0.9850754565986395,0.08454875585034016,-0.07170413874905535,0.2057287234882843,0.049475828888888795,0.08454875585034016,0.07170413874905535,Medium Variability
FUN_012114,OG_14262,apul,0.7626114616667747,0.6430710633351118,0.7659374484929101,1.19799700793359,0.9803042348001824,0.7045042559140109,0.7186587907147127,-0.27579997888617147,False,FUN_012114,1.1062554242365836,1.1908041800869238,1.0345512854875283,0.9850754565986395,0.08454875585034016,-0.07170413874905535,0.2057287234882843,0.049475828888888795,0.08454875585034016,0.07170413874905535,Medium Variability
FUN_012126,OG_02967,apul,1.327436656397226,1.350018032563333,1.197628449378972,1.3901349575926305,1.3587858069949283,1.2738232409711525,0.9374717004060574,-0.08496256602377583,False,FUN_012126,1.0593210261904762,1.3537996083983306,1.127392113964149,1.2512031167077178,0.2944785822078544,0.06807108777367277,0.1025964916906128,-0.12381100274356882,0.2944785822078544,0.06807108777367277,Medium Variability
FUN_012375,OG_14276,apul,0.6012406272572233,0.28063360070278714,0.3840164991646079,0.4768840625176977,0.5390623448874605,0.3323250499336975,0.6164872265434839,-0.20673729495376303,False,FUN_012375,16.691086529212274,17.674857131176132,16.77908379664141,17.064020623050176,0.9837706019638581,0.0879972674291345,0.6108365081259564,-0.2849368264087673,0.9837706019638581,0.0879972674291345,Low Variability
FUN_012397,OG_11215,apul,0.6985682294429469,0.30627869864222046,0.4360204336122862,0.5909093325104423,0.6447387809766947,0.37114956612725336,0.5756588204063209,-0.2735892148494413,False,FUN_012397,0.4969304532425282,0.4756302452452453,0.6750111058129559,0.5351497588588588,-0.02130020799728294,0.17808065257042766,-0.05951951361361357,0.13986134695409702,0.02130020799728294,0.17808065257042766,Low Variability
FUN_012397,OG_14279,apul,0.6985682294429469,0.30627869864222046,0.4360204336122862,0.5909093325104423,0.6447387809766947,0.37114956612725336,0.5756588204063209,-0.2735892148494413,False,FUN_012397,0.4969304532425282,0.4756302452452453,0.6750111058129559,0.5351497588588588,-0.02130020799728294,0.17808065257042766,-0.05951951361361357,0.13986134695409702,0.02130020799728294,0.17808065257042766,Low Variability
FUN_012572,OG_11234,apul,1.0361272416979872,0.7461780519145442,0.7001449783036819,0.9262285486045446,0.981177895151266,0.7231615151091131,0.7370340472230318,-0.2580163800421529,False,FUN_012572,0.6841952940795476,0.7141370591611932,0.7274078533479292,0.6568901360267286,0.029941765081645588,0.043212559268381634,0.057246923134464556,0.0705177173212006,0.029941765081645588,0.043212559268381634,Medium Variability
FUN_012614,OG_14295,apul,2.3848368205302006,1.1306132566096736,2.486326242032244,1.8402687047576682,2.1125527626439347,1.8084697493209587,0.8560589734372337,-0.30408301332297594,False,FUN_012614,1.817609881278764,1.711882629942707,2.03331988388748,1.996611050976801,-0.10572725133605698,0.2157100026087162,-0.2847284210340939,0.03670883291067928,0.10572725133605698,0.2157100026087162,Medium Variability
FUN_012656,OG_11245,apul,0.2743489367844343,0.46313184130522217,0.4285996634291766,0.2506795591244093,0.2625142479544218,0.4458657523671994,1.698444011483184,0.1833515044127776,True,FUN_012656,2.2993422410599376,2.953917774384078,2.3347948481277196,2.8117753646151256,0.6545755333241403,0.03545260706778208,0.14214240976895232,-0.4769805164874059,0.6545755333241403,0.03545260706778208,High Variability
FUN_013132,OG_11291,apul,0.7127948561427623,0.4758924862133688,0.49240713109618384,0.3499639519938624,0.5313794040683123,0.4841498086547763,0.9111188821923849,-0.047229595413535996,False,FUN_013132,0.8203794416374883,0.8689585841386555,0.7502917080590569,0.7679699860965219,0.04857914250116713,-0.07008773357843145,0.10098859804213356,-0.017678278037465023,0.04857914250116713,0.07008773357843145,Medium Variability
FUN_013133,OG_11292,apul,0.28577436213740254,0.3904557199758645,0.2680264834471418,0.3495110229593377,0.31764269254837013,0.3292411017115031,1.036514012238348,0.011598409163132983,False,FUN_013133,0.66333533993994,0.5155367589308696,0.4979924994606852,0.5910207430716431,-0.1477985810090704,-0.1653428404792548,-0.07548398414077351,-0.0930282436109579,0.1477985810090704,0.1653428404792548,Medium Variability
FUN_013135,OG_03267,apul,0.19630744340790254,0.16368259144848404,0.18275639204582422,0.2460687918414407,0.2211881176246716,0.17321949174715412,0.7831319946448742,-0.04796862587751749,False,FUN_013135,0.45404387124965595,0.6069717616340949,0.42470125510597306,0.3412831940934948,0.152927890384439,-0.029342616143682887,0.26568856754060016,0.08341806101247828,0.152927890384439,0.029342616143682887,Medium Variability
FUN_013137,OG_03268,apul,0.19719162746300514,0.36659011649976725,0.3406268566468462,0.42141775022057,0.3093046888417876,0.35360848657330674,1.1432367478728427,0.04430379773151916,False,FUN_013137,0.943115595925926,0.8731293213123994,1.0521447906004142,1.0729816799355878,-0.06998627461352658,0.10902919467448824,-0.1998523586231884,-0.02083688933517358,0.06998627461352658,0.10902919467448824,Medium Variability
FUN_013138,OG_03269,apul,0.13476060547649069,0.18065487861393703,0.13818797235609198,0.14072788717859208,0.1377442463275414,0.1594214254850145,1.1573726651778038,0.02167717915747311,False,FUN_013138,0.5296232875493613,0.6788782045005807,0.29061589003290744,0.403045728393341,0.1492549169512194,-0.23900739751645383,0.27583247610723965,-0.11242983836043358,0.1492549169512194,0.23900739751645383,Medium Variability
FUN_013139,OG_03270,apul,0.2985518006843874,0.3094934872746076,0.4694167308936123,0.18289039059450993,0.24072109563944866,0.38945510908410996,1.6178686294591924,0.1487340134446613,True,FUN_013139,1.7721161263395484,1.80809046164861,1.9286436237906273,1.7981565717099186,0.03597433530906158,0.15652749745107886,0.009933889938691376,0.13048705208070865,0.03597433530906158,0.15652749745107886,High Variability
FUN_013328,OG_11296,apul,0.4660816767501728,0.3401838741728633,0.4332713760164031,0.5538231503748452,0.509952413562509,0.3867276250946332,0.75836022108998,-0.12322478846787577,False,FUN_013328,1.7316463361553391,1.9929133004127968,1.8614975628016117,1.8994793416838665,0.26126696425745766,0.12985122664627258,0.09343395872893034,-0.037981778882254735,0.26126696425745766,0.12985122664627258,Medium Variability
FUN_013328,OG_14322,apul,0.4660816767501728,0.3401838741728633,0.4332713760164031,0.5538231503748452,0.509952413562509,0.3867276250946332,0.75836022108998,-0.12322478846787577,False,FUN_013328,1.7316463361553391,1.9929133004127968,1.8614975628016117,1.8994793416838665,0.26126696425745766,0.12985122664627258,0.09343395872893034,-0.037981778882254735,0.26126696425745766,0.12985122664627258,Medium Variability
FUN_013329,OG_03288,apul,0.5114369071806361,0.39653555934907464,0.4006444143471931,0.533429132792898,0.522433019986767,0.39858998684813385,0.7629494530384583,-0.12384303313863321,False,FUN_013329,0.8702884024567157,0.9277767200859477,0.8083484426975432,0.9869608491846139,0.05748831762923201,-0.061939959759172436,-0.059184129098666216,-0.17861240648707066,0.05748831762923201,0.061939959759172436,Medium Variability
FUN_013330,OG_03289,apul,0.5618277380995298,0.40060425841731473,0.4167726596608026,0.6512959356038309,0.6065618368516803,0.4086884590390587,0.6737787216557005,-0.1978733778126216,False,FUN_013330,0.6640124397500551,0.7225785691840279,0.7043461082740852,0.7909856536733906,0.05856612943397277,0.040333668524030086,-0.06840708448936272,-0.0866395453993054,0.05856612943397277,0.040333668524030086,Medium Variability
FUN_013350,OG_03291,apul,0.2748216478779806,0.14791216139937333,0.2070833804276319,0.2689677282169378,0.2718946880474592,0.1774977709135026,0.6528180899309087,-0.09439691713395659,False,FUN_013350,1.070573770130079,0.9705596298415763,1.1988633715220323,0.980100174288319,-0.10001414028850275,0.12828960139195322,-0.009540544446742683,0.2187631972337133,0.10001414028850275,0.12828960139195322,Low Variability
FUN_013365,OG_03298,apul,0.20772901433680133,0.12618582948329832,0.14820763147574545,0.1966655992997459,0.2021973068182736,0.13719673047952188,0.6785289707287175,-0.06500057633875173,False,FUN_013365,40.568080802164644,43.12544657561314,41.13474224549486,41.41842180104264,2.5573657734484954,0.5666614433302186,1.707024774570499,-0.2836795555477778,2.5573657734484954,0.5666614433302186,Medium Variability
FUN_013421,OG_03330,apul,0.26165395001413916,0.11113536441920291,0.15356002830007404,0.3036648005660109,0.282659375290075,0.13234769635963847,0.46822326775405415,-0.15031167893043654,False,FUN_013421,0.7852383323811805,0.8663054409174876,0.8080410481584108,0.8143299291267561,0.08106710853630716,0.022802715777230365,0.051975511790731566,-0.006288880968345234,0.08106710853630716,0.022802715777230365,Low Variability
FUN_013484,OG_11307,apul,0.7479944430839267,0.6989151268358739,0.8205489550254231,0.7902663648579099,0.7691304039709184,0.7597320409306485,0.9877805337147675,-0.009398363040269864,False,FUN_013484,26.862835010879166,30.440766652308298,26.337057226310645,27.811746721241338,3.5779316414291316,-0.5257777845685219,2.62901993106696,-1.4746894949306935,3.5779316414291316,0.5257777845685219,Medium Variability
FUN_014485,OG_03429,apul,0.055864057505440774,0.04926293577958669,0.08549381438457436,0.05887253123067453,0.057368294368057654,0.06737837508208053,1.174488030789293,0.010010080714022873,False,FUN_014485,0.7400698023945578,0.40552672234693876,0.3422605818730159,0.5133492417959183,-0.334543080047619,-0.3978092205215419,-0.10782251944897958,-0.17108865992290245,0.334543080047619,0.3978092205215419,Medium Variability
FUN_014525,OG_03451,apul,0.311635159725406,0.11442060737591879,0.21001777618551748,0.26320385292997267,0.2874195063276893,0.16221919178071814,0.5643986862734734,-0.12520031454697117,False,FUN_014525,31.105613114939025,33.56637085777197,31.64593998389792,31.483735853329463,2.4607577428329463,0.5403268689588963,2.0826350044425084,0.16220413056845828,2.4607577428329463,0.5403268689588963,Low Variability
FUN_014580,OG_14365,apul,0.6507746665715768,0.7714407528245795,0.7007237094351464,1.2491293871113236,0.9499520268414502,0.7360822311298629,0.7748625302451375,-0.21386979571158726,False,FUN_014580,0.37557252531064617,0.2971318233225108,0.21775291698733365,0.38832973802709636,-0.07844070198813535,-0.15781960832331252,-0.09119791470458555,-0.1705768210397627,0.07844070198813535,0.15781960832331252,Medium Variability
FUN_014581,OG_11359,apul,0.6339755890024297,0.5969058998240279,0.6179167521459387,0.29501953265653214,0.4644975608294809,0.6074113259849833,1.3076738764791203,0.14291376515550236,False,FUN_014581,0.3665998954766242,0.3184492855733368,0.2788623143052303,0.26756305760690435,-0.0481506099032874,-0.08773758117139391,0.05088622796643244,0.011299256698325932,0.0481506099032874,0.08773758117139391,Medium Variability
FUN_014582,OG_11360,apul,0.822701443212153,0.6959170738064573,0.774262643608234,1.199864850733075,1.011283146972614,0.7350898587073457,0.7268882715072599,-0.27619328826526834,False,FUN_014582,0.5130118757170704,0.49707929191961386,0.5227734046830038,0.4333439663487422,-0.015932583797456545,0.009761528965933408,0.06373532557087164,0.08942943833426159,0.015932583797456545,0.009761528965933408,Medium Variability
FUN_014586,OG_03484,apul,1.252973973011215,0.8642720446056523,1.2668766403990925,1.429756895281725,1.34136543414647,1.0655743425023725,0.7943952597678295,-0.27579109164409754,False,FUN_014586,5.201327721426622,5.558789912860263,5.674439711684412,5.331463347869622,0.35746219143364133,0.4731119902577907,0.22732656499064063,0.34297636381479,0.35746219143364133,0.4731119902577907,Medium Variability
FUN_014688,OG_11365,apul,0.4960542101822049,0.3671826266905221,0.4323847254750937,0.6219104760789295,0.5589823431305672,0.3997836760828079,0.7151991131666683,-0.15919866704775926,False,FUN_014688,0.5198408433536539,0.6371092237385936,0.6529551210662525,0.43172045755310173,0.1172683803849397,0.13311427771259865,0.20538876618549184,0.2212346635131508,0.1172683803849397,0.13311427771259865,Medium Variability
FUN_014813,OG_14380,apul,0.5748231573297227,0.31879728035082167,0.35013403308177604,0.5818433646740852,0.5783332610019039,0.33446565671629885,0.5783268562781102,-0.243867604285605,False,FUN_014813,0.42008225804711086,0.44639736472513675,0.4675950225174125,0.4233769281282695,0.02631510667802589,0.047512764470301616,0.023020436596867255,0.04421809438914298,0.02631510667802589,0.047512764470301616,Low Variability
FUN_014816,OG_03626,apul,0.5469190092623742,0.31174056729417227,0.3446973503197453,0.415823831493512,0.4813714203779431,0.3282189588069588,0.6818413908936711,-0.15315246157098433,False,FUN_014816,0.622124768139561,0.6269639150041603,0.6511846490079365,0.6538140633008512,0.0048391468645992974,0.02905988086837552,-0.026850148296690968,-0.0026294142929147446,0.0048391468645992974,0.02905988086837552,Medium Variability
FUN_014817,OG_11379,apul,0.5795932445262831,0.38673149250210925,0.6355787295855079,0.6233411219308028,0.601467183228543,0.5111551110438086,0.8498470495099016,-0.09031207218473436,False,FUN_014817,24.637018851227268,25.278455797337855,25.931977282782334,22.76393919305512,0.6414369461105878,1.2949584315550666,2.5145166042827363,3.168038089727215,0.6414369461105878,1.2949584315550666,Medium Variability
FUN_014817,OG_14381,apul,0.5795932445262831,0.38673149250210925,0.6355787295855079,0.6233411219308028,0.601467183228543,0.5111551110438086,0.8498470495099016,-0.09031207218473436,False,FUN_014817,24.637018851227268,25.278455797337855,25.931977282782334,22.76393919305512,0.6414369461105878,1.2949584315550666,2.5145166042827363,3.168038089727215,0.6414369461105878,1.2949584315550666,Medium Variability
FUN_014819,OG_14382,apul,1.4836873520849443,1.9257509652312892,1.6174788603987786,1.5002353620821924,1.4919613570835684,1.7716149128150338,1.1874402137855111,0.27965355573146544,True,FUN_014819,0.37426398477305156,0.4729621617188336,0.3910215123929909,0.4283515537988229,0.09869817694578203,0.016757527619939316,0.0446106079200107,-0.037330041405832015,0.09869817694578203,0.016757527619939316,Medium Variability
FUN_014830,OG_11380,apul,1.3184228326213994,0.9703924509793936,1.1938531154697793,1.965019696181683,1.641721264401541,1.0821227832245865,0.659139164905106,-0.5595984811769545,False,FUN_014830,0.7081665398657718,0.6414675494348567,0.489777977815596,0.5785371729801854,-0.0666989904309151,-0.21838856205017582,0.06293037645467137,-0.08875919516458936,0.0666989904309151,0.21838856205017582,Low Variability
FUN_014844,OG_03628,apul,1.4265200540073528,0.8574210095293058,0.8271252444654231,1.5398722987878213,1.4831961763975872,0.8422731269973645,0.5678770889519767,-0.6409230494002227,False,FUN_014844,3.12631691435223,3.2371094101723354,3.17130318935223,3.0651399218329556,0.11079249582010542,0.04498627499999985,0.17196948833937986,0.1061632675192743,0.11079249582010542,0.04498627499999985,Low Variability
FUN_014916,OG_03671,apul,0.3858790249486538,0.3861119924766094,0.392548717703373,0.3913676378501698,0.3886233313994118,0.3893303550899912,1.0018193032519007,0.0007070236905794003,False,FUN_014916,0.5692104851951556,0.47992837518478637,0.4145939476463003,0.442557125081758,-0.08928211001036923,-0.1546165375488553,0.037371250103028386,-0.027963177435457676,0.08928211001036923,0.1546165375488553,Medium Variability
FUN_014924,OG_03673,apul,0.4012230858365167,0.21126894991842812,0.22468755040037292,0.3775658644709567,0.3893944751537367,0.21797825015940053,0.5597877321534688,-0.17141622499433617,False,FUN_014924,11.167222505712633,11.834539349554323,11.561576411315537,11.10177608631704,0.6673168438416894,0.3943539056029035,0.7327632632372829,0.459800324998497,0.6673168438416894,0.3943539056029035,Low Variability
FUN_015110,OG_03780,apul,0.7110268826924802,0.41622698203711295,0.5549782398157016,1.068730456514163,0.8898786696033216,0.4856026109264073,0.5456953037686282,-0.40427605867691435,False,FUN_015110,5.137964686999567,5.52063572351292,5.549710046552156,5.283958913746005,0.38267103651335344,0.4117453595525893,0.23667680976691496,0.2657511328061508,0.38267103651335344,0.4117453595525893,Low Variability
FUN_015312,OG_11419,apul,0.21123616258565744,0.14801184984657506,0.18918164598545043,0.19358601188589009,0.20241108723577378,0.16859674791601276,0.8329422573558276,-0.03381433931976102,False,FUN_015312,8.38221678672178,10.334464750871915,8.900832769454365,9.184189371223544,1.9522479641501338,0.5186159827325838,1.1502753796483702,-0.28335660176917976,1.9522479641501338,0.5186159827325838,Medium Variability
FUN_015337,OG_14407,apul,0.16793683979594914,0.08361141097789583,0.11495559298519405,0.16732586731018995,0.16763135355306955,0.09928350198154494,0.5922728646948096,-0.0683478515715246,False,FUN_015337,14.125653703017793,15.53576763483583,14.19073213798323,14.390351536349526,1.410113931818037,0.06507843496543764,1.1454160984863044,-0.19961939836629483,1.410113931818037,0.06507843496543764,Low Variability
FUN_015341,OG_03850,apul,0.4727131860347761,0.18228651402750745,0.020142837097044508,0.1888754786163436,0.3307943323255598,0.10121467556227598,0.3059746364174793,-0.22957965676328385,False,FUN_015341,0.6353358033959615,0.4935158098018573,0.4055119176519814,0.6918881818810064,-0.14181999359410424,-0.2298238857439801,-0.19837237207914915,-0.286376264229025,0.14181999359410424,0.2298238857439801,Low Variability
FUN_015348,OG_11423,apul,0.4712435483896193,0.4543299617955504,0.3526414281313539,0.8266617277117245,0.6489526380506719,0.40348569496345216,0.621749063499372,-0.24546694308721978,False,FUN_015348,0.637221480970584,0.5111869178729188,0.4429580291150915,0.5297004601123732,-0.12603456309766514,-0.19426345185549243,-0.01851354223945434,-0.08674243099728163,0.12603456309766514,0.19426345185549243,Low Variability
FUN_015348,OG_14408,apul,0.4712435483896193,0.4543299617955504,0.3526414281313539,0.8266617277117245,0.6489526380506719,0.40348569496345216,0.621749063499372,-0.24546694308721978,False,FUN_015348,0.637221480970584,0.5111869178729188,0.4429580291150915,0.5297004601123732,-0.12603456309766514,-0.19426345185549243,-0.01851354223945434,-0.08674243099728163,0.12603456309766514,0.19426345185549243,Low Variability
FUN_015349,OG_03856,apul,0.9496725776978879,0.6530114068610063,0.9619904187337025,0.8161457825944699,0.8829091801461789,0.8075009127973545,0.914591139106358,-0.07540826734882444,False,FUN_015349,0.5616044226085704,0.40749564720650633,0.35461499691183407,0.4079820373277804,-0.15410877540206402,-0.20698942569673628,-0.00048639012127404957,-0.05336704041594631,0.15410877540206402,0.20698942569673628,Medium Variability
FUN_015350,OG_03857,apul,0.4196573776679689,0.3535411923254863,0.4150380019899155,0.5617109687641335,0.4906841732160512,0.3842895971577009,0.783170964408701,-0.10639457605835029,False,FUN_015350,0.5859431966197333,0.5867835333425618,0.5116760315074091,0.5488761686415652,0.0008403367228285719,-0.07426716511232412,0.03790736470099665,-0.03720013713415604,0.0008403367228285719,0.07426716511232412,Medium Variability
FUN_015425,OG_11429,apul,0.41570142644772606,0.38312600782482115,0.39647649674562796,0.4690081579966588,0.44235479222219243,0.38980125228522455,0.8811959520705938,-0.052553539936967875,False,FUN_015425,0.6544286667512839,0.5712735709014162,0.49902451946778714,0.5477845128666745,-0.08315509584986769,-0.15540414728349672,0.02348905803474166,-0.04875999339888737,0.08315509584986769,0.15540414728349672,Medium Variability
FUN_016356,OG_14455,apul,1.4498758273013872,0.6749799311267238,1.03561958364149,1.3912120677378366,1.420543947519612,0.855299757384107,0.6020931340262521,-0.565244190135505,False,FUN_016356,8.758165791964286,6.830040918849207,7.918310781746032,6.826806887896826,-1.9281248731150793,-0.8398550102182538,0.0032340309523810618,1.0915038938492065,1.9281248731150793,0.8398550102182538,Low Variability
FUN_016491,OG_04115,apul,0.11348138970660042,0.058831051823906064,0.08360471532733024,0.0960005701903493,0.10474097994847487,0.07121788357561815,0.6799428801473147,-0.03352309637285672,False,FUN_016491,32.907333490777944,35.19440373581349,34.16804322606233,31.71554471420718,2.287070245035544,1.2607097352843866,3.4788590216063078,2.4524985118551506,2.287070245035544,1.2607097352843866,Medium Variability
FUN_016646,OG_04165,apul,0.14535138963335703,0.116306170467964,0.09361409810392342,0.14268432617654458,0.1440178579049508,0.10496013428594371,0.7287994406583627,-0.0390577236190071,False,FUN_016646,15.578904998513632,16.509607781495767,15.904226045634921,15.977924596771473,0.9307027829821344,0.32532104712128884,0.5316831847242938,-0.07369855113655177,0.9307027829821344,0.32532104712128884,Medium Variability
FUN_016791,OG_04209,apul,0.7569051175966602,0.7015363992603452,0.432026153114312,0.9053287515393944,0.8311169345680274,0.5667812761873285,0.6819513026550383,-0.26433565838069883,False,FUN_016791,8.895020175771606,7.704842879078484,7.33417589420194,7.859296858068784,-1.1901772966931219,-1.5608442815696657,-0.15445397899029967,-0.5251209638668435,1.1901772966931219,1.5608442815696657,Medium Variability
FUN_016803,OG_11541,apul,0.6863485986164489,0.5993188691775723,0.9211242806453327,0.8189876848406522,0.7526681417285506,0.7602215749114525,1.0100355425773104,0.007553433182901914,False,FUN_016803,0.48917895442972065,0.38775927894311574,0.41702641011814984,0.36808784731738853,-0.10141967548660491,-0.07215254431157081,0.01967143162572721,0.04893856280076131,0.10141967548660491,0.07215254431157081,Medium Variability
FUN_016836,OG_11543,apul,1.4907119849998598,0.6723212743324799,1.2577970717711715,0.6067100428439676,1.0487110139219138,0.9650591730518256,0.9202336585011619,-0.08365184087008815,False,FUN_016836,0.22799881082766438,0.4624347187717309,0.5118553188964474,0.3464433084693878,0.23443590794406655,0.28385650806878304,0.11599141030234311,0.1654120104270596,0.23443590794406655,0.28385650806878304,Medium Variability
FUN_017759,OG_04238,apul,0.5183091601688801,0.21958562105048765,0.3626682579934746,0.6059420221659771,0.5621255911674286,0.2911269395219811,0.5179037284485937,-0.27099865164544745,False,FUN_017759,1.279758234774408,1.1301831325783585,1.1156858816988788,1.173866608065781,-0.14957510219604964,-0.16407235307552925,-0.04368347548742246,-0.05818072636690208,0.14957510219604964,0.16407235307552925,Low Variability
FUN_017765,OG_04243,apul,0.28890130524083973,0.19016120880640736,0.20042888624345703,0.30514705578676443,0.2970241805138021,0.1952950475249322,0.6575055511881372,-0.10172913298886987,False,FUN_017765,47.449524209075136,50.69854743164034,47.42592319068956,48.11556557116335,3.2490232225652065,-0.023601018385576822,2.582981860476991,-0.6896423804737921,3.2490232225652065,0.023601018385576822,Low Variability
FUN_017773,OG_04247,apul,0.19167184117159386,0.08230494268243799,0.11195346855484323,0.1317075003906824,0.16168967078113813,0.09712920561864061,0.600713732357795,-0.06456046516249753,False,FUN_017773,19.603831208401566,21.97594047173023,19.9706919605042,20.275386301303598,2.372109263328664,0.36686075210263525,1.7005541704266314,-0.30469434079939717,2.372109263328664,0.36686075210263525,Low Variability
FUN_017790,OG_14500,apul,0.8819249769742548,0.5257738116452281,0.5881856501499158,0.8839938830171423,0.8829594299956985,0.5569797308975719,0.6308101051712934,-0.32597969909812663,False,FUN_017790,1.2594313891437536,1.2886333786220696,1.0081650666525537,1.3542911818157668,0.02920198947831598,-0.25126632249119996,-0.06565780319369718,-0.3461261151632131,0.02920198947831598,0.25126632249119996,Low Variability
FUN_017857,OG_14505,apul,0.07141631393188139,0.06603217007354453,0.0713929813869988,0.08540330936275017,0.07840981164731578,0.06871257573027167,0.876326243957046,-0.009697235917044106,False,FUN_017857,15.992885597506813,17.223484930178774,16.333985788039122,16.634765113824756,1.2305993326719609,0.341100190532309,0.5887198163540184,-0.3007793257856335,1.2305993326719609,0.341100190532309,Medium Variability
FUN_017932,OG_04327,apul,0.11638975773151895,0.10068486078109751,0.127818879968661,0.10601583594231223,0.11120279683691559,0.11425187037487926,1.0274190364333669,0.003049073537963673,False,FUN_017932,13.21891427454557,14.662265274266085,14.26261902977684,13.142153963532598,1.443350999720515,1.0437047552312695,1.520111310733487,1.1204650662442415,1.443350999720515,1.0437047552312695,Medium Variability
FUN_017937,OG_14514,apul,0.14376406857863774,0.09758345278006354,0.12878265907953848,0.13920334443262683,0.1414837065056323,0.11318305592980102,0.7999723694353126,-0.028300650575831282,False,FUN_017937,20.154545077963792,21.767226406956844,20.99357064890873,20.91081511477289,1.6126813289930517,0.839025570944937,0.8564112921839531,0.08275553413583836,1.6126813289930517,0.839025570944937,Medium Variability
FUN_017939,OG_04331,apul,0.37004810339806155,0.39622784622288676,0.27356842801276204,0.3961739654849611,0.3831110344415113,0.3348981371178244,0.8741542451420896,-0.04821289732368689,False,FUN_017939,1.4074089580397913,1.4721360578993623,1.362057757443647,1.263821144379213,0.06472709985957104,-0.04535120059614428,0.20831491352014941,0.0982366130644341,0.06472709985957104,0.04535120059614428,Medium Variability
FUN_018031,OG_04372,apul,0.3964776793444053,0.36216017376843224,0.329982555717614,0.3791630512677642,0.38782036530608477,0.34607136474302314,0.8923496435518246,-0.04174900056306163,False,FUN_018031,1.129056843865655,1.0486712963895057,1.079012626214121,0.9112145625308413,-0.08038554747614923,-0.050044217651533884,0.13745673385866441,0.16779806368327976,0.08038554747614923,0.050044217651533884,Medium Variability
FUN_018032,OG_11615,apul,0.5454728903133419,0.5034204441300377,0.4920604299680276,0.6193995033739379,0.5824361968436399,0.4977404370490327,0.8545836260630887,-0.0846957597946072,False,FUN_018032,0.7005080042458733,0.6698292345317303,0.6029053512138421,0.5802269009726578,-0.030678769714143073,-0.0976026530320312,0.08960233355907243,0.02267845024118431,0.030678769714143073,0.0976026530320312,Medium Variability
FUN_018528,OG_11642,apul,0.8145810477224653,0.39590975272809464,0.5280707052737265,0.8051870293887231,0.8098840385555942,0.4619902290009106,0.5704399728939681,-0.34789380955468363,False,FUN_018528,1.4913379403405236,1.3369446556505222,1.4179853632372037,1.3190275946489136,-0.15439328469000135,-0.07335257710331988,0.017917061001608614,0.09895776858829008,0.15439328469000135,0.07335257710331988,Low Variability
FUN_018547,OG_11644,apul,1.071700792821472,1.7320508075688774,1.7320508075688774,1.7320508075688774,1.4018758001951745,1.7320508075688774,1.2355237228060678,0.33017500737370287,True,FUN_018547,0.5536471143628748,0.6783941322958003,0.44022802103587966,0.5680945885637125,0.12474701793292542,-0.11341909332699518,0.11029954373208772,-0.12786656752783288,0.12474701793292542,0.11341909332699518,Medium Variability
FUN_018798,OG_11653,apul,0.7044177214941144,0.86684089021404,0.8718315654171288,0.8709149533027387,0.7876663373984265,0.8693362278155844,1.1036858966030012,0.08166989041715789,False,FUN_018798,8.261199223123347,7.087212992774471,7.220673141294643,5.866156830605159,-1.1739862303488762,-1.0405260818287037,1.2210561621693117,1.3545163106894842,1.1739862303488762,1.0405260818287037,Medium Variability
FUN_018864,OG_04443,apul,0.7408617571032082,0.45280610851893355,0.5114713243708033,0.88211944539322,0.8114906012482141,0.48213871644486844,0.5941396187500569,-0.3293518848033457,False,FUN_018864,5.752839392073563,6.26307135741524,6.09267311894044,5.6574705980271425,0.5102319653416769,0.3398337268668774,0.6056007593880972,0.4352025209132977,0.5102319653416769,0.3398337268668774,Low Variability
FUN_018864,OG_14540,apul,0.7408617571032082,0.45280610851893355,0.5114713243708033,0.88211944539322,0.8114906012482141,0.48213871644486844,0.5941396187500569,-0.3293518848033457,False,FUN_018864,5.752839392073563,6.26307135741524,6.09267311894044,5.6574705980271425,0.5102319653416769,0.3398337268668774,0.6056007593880972,0.4352025209132977,0.5102319653416769,0.3398337268668774,Low Variability
FUN_019026,OG_14547,apul,0.9196903266526467,0.8258356226852225,0.8189379285854514,0.9592420020050637,0.9394661643288552,0.8223867756353369,0.8753766839733301,-0.1170793886935183,False,FUN_019026,5.130150117970142,5.3112326024062115,3.7644354949489514,5.329688184580974,0.1810824844360699,-1.3657146230211903,-0.018455582174762064,-1.5652526896320222,0.1810824844360699,1.3657146230211903,Medium Variability
FUN_019333,OG_14563,apul,0.5521915026302563,0.4044211218906122,0.3512543805402459,0.6969496857835444,0.6245705942069004,0.37783775121542906,0.6049560365473489,-0.24673284299147136,False,FUN_019333,6.28209643807838,6.33007135212937,4.66591209117258,5.117587914956168,0.047974914050990414,-1.6161843469057997,1.2124834371732023,-0.45167582378358784,0.047974914050990414,1.6161843469057997,Low Variability
FUN_019433,OG_04467,apul,0.6752054675255194,0.35075641840822874,0.7176970036750124,0.5988530810283904,0.6370292742769549,0.5342267110416206,0.8386219167839375,-0.10280256323533432,False,FUN_019433,0.40474145836874237,0.4036661712210012,0.3548703326556777,0.45740601404761905,-0.0010752871477411885,-0.04987112571306468,-0.05373984282661787,-0.10253568139194136,0.0010752871477411885,0.04987112571306468,Medium Variability
FUN_022047,OG_04514,apul,0.3368429346992638,0.15497862497763434,0.33027482357820365,0.3641960205655051,0.35051947763238445,0.24262672427791898,0.6921918459903089,-0.10789275335446546,False,FUN_022047,0.8838995317958062,0.8669121280325863,0.9601607817537948,0.979462006209016,-0.016987403763219833,0.07626124995798866,-0.1125498781764297,-0.0193012244552212,0.016987403763219833,0.07626124995798866,Medium Variability
FUN_022048,OG_04515,apul,1.1338267533910422,0.8090290161650082,0.711039816107205,1.6415487491128835,1.387687751251963,0.7600344161361066,0.5476984396889057,-0.6276533351158564,False,FUN_022048,1.2625123523437065,1.1606724690316068,0.9956093049303816,1.2113640463084794,-0.1018398833120997,-0.26690304741332493,-0.05069157727687257,-0.2157547413780978,0.1018398833120997,0.26690304741332493,Low Variability
FUN_022088,OG_11762,apul,0.47855439593689497,0.255737526534356,0.34615634272261536,0.5706489077581838,0.5246016518475394,0.30094693462848565,0.5736675314852943,-0.22365471721905372,False,FUN_022088,0.9563034312439261,0.7919361300094868,0.9273953887500579,0.9792882998623259,-0.16436730123443932,-0.028908042493868247,-0.1873521698528391,-0.051892911112268014,0.16436730123443932,0.028908042493868247,Low Variability
FUN_022093,OG_04537,apul,0.4074441496014647,0.20554235750840005,0.2713467664371481,0.33889253156336674,0.3731683405824157,0.23844456197277408,0.6389731819173783,-0.13472377860964163,False,FUN_022093,0.920068336816763,0.786102850302185,0.9483233242129906,0.9245498415072724,-0.13396548651457807,0.02825498739622756,-0.1384469912050874,0.02377348270571822,0.13396548651457807,0.02825498739622756,Low Variability
FUN_022094,OG_04538,apul,0.23166928517218874,0.17477590964313322,0.19772602746374637,0.33301172819686486,0.2823405066845268,0.1862509685534398,0.6596678979596341,-0.096089538131087,False,FUN_022094,1.3314566169323523,1.3339112460845426,1.38296674917399,1.30528974207882,0.002454629152190302,0.05151013224163781,0.028621504005722498,0.07767700709517,0.002454629152190302,0.05151013224163781,Low Variability
FUN_022095,OG_14588,apul,0.40532852380785317,0.35577114821490424,0.39513916548367006,0.530290097452502,0.4678093106301776,0.37545515684928715,0.8025816252855639,-0.09235415378089046,False,FUN_022095,1.6753004800268818,2.12583297546723,1.8389868610560673,1.6798996508269328,0.45053249544034824,0.16368638102918553,0.4459333246402972,0.15908721022913452,0.45053249544034824,0.16368638102918553,Medium Variability
FUN_022170,OG_04547,apul,0.4313281066543513,0.36861019008799834,0.36246632563855213,0.43899119106546963,0.43515964885991043,0.3655382578632752,0.840009543212385,-0.06962139099663522,False,FUN_022170,14.826226021413634,15.85422944214749,14.61240129125945,14.573096955943937,1.0280034207338566,-0.21382473015418313,1.2811324862035534,0.03930433531551358,1.0280034207338566,0.21382473015418313,Medium Variability
FUN_022199,OG_04560,apul,0.10322543957289768,0.07075460011817224,0.08910122389481684,0.10333495185723234,0.103280195715065,0.07992791200649454,0.7738938859779468,-0.023352283708570454,False,FUN_022199,31.942850311846268,34.24644914748401,32.55664324944466,31.510980637200483,2.3035988356377395,0.6137929375983937,2.735468510283525,1.045662612244179,2.3035988356377395,0.6137929375983937,Medium Variability
FUN_022386,OG_04651,apul,0.26908873619658524,0.40635485363608836,0.3155842832258183,0.2684937642855908,0.268791250241088,0.3609695684309533,1.3429364538733586,0.09217831818986527,False,FUN_022386,0.8522055965738218,0.9997698572315211,0.8573447189448986,0.9543015608090769,0.14756426065769934,0.005139122371076832,0.04546829642244421,-0.0969568418641783,0.14756426065769934,0.005139122371076832,Medium Variability
FUN_022418,OG_11794,apul,0.4285900873016935,0.2481541263123948,0.23503067534891636,0.31164018524673104,0.3701151362742123,0.24159240083065558,0.6527493127210655,-0.1285227354435567,False,FUN_022418,1.1234323755656244,0.9755259001613954,1.0202054030309762,1.1395335575189527,-0.14790647540422897,-0.10322697253464819,-0.1640076573575573,-0.11932815448797651,0.14790647540422897,0.10322697253464819,Low Variability
FUN_022486,OG_04694,apul,0.23628790051625223,0.10882816290547906,0.11632304484629209,0.15989060546257294,0.1980892529894126,0.11257560387588558,0.5683074784572109,-0.08551364911352702,False,FUN_022486,46.35795340358399,48.847170255320336,46.268897837265676,46.36292660686813,2.4892168517363444,-0.08905556631831502,2.484243648452207,-0.09402876960245266,2.4892168517363444,0.08905556631831502,Low Variability
FUN_022489,OG_14612,apul,0.3003878884609505,0.24724762621270713,0.2650574359706563,0.3090421128434039,0.30471500065217716,0.2561525310916817,0.8406298690364508,-0.04856246956049548,False,FUN_022489,1.8352983501587303,2.0634709532168185,1.6543168726545086,2.2651539276832153,0.22817260305808817,-0.18098147750422178,-0.20168297446639682,-0.6108370550287068,0.22817260305808817,0.18098147750422178,Medium Variability
FUN_022495,OG_04698,apul,0.6495365097827339,0.8135047540896372,0.7337739007299061,0.6864571977732347,0.6679968537779843,0.7736393274097717,1.1581481604805564,0.10564247363178736,False,FUN_022495,5.095343029051213,5.08126104081172,6.097565945028112,4.5296019769681255,-0.014081988239492915,1.0022229159768994,0.5516590638435943,1.5679639680599866,0.014081988239492915,1.0022229159768994,Medium Variability
FUN_022534,OG_11812,apul,0.3040359005736647,0.1659441845480038,0.18290919447731618,0.32841216034284026,0.3162240304582525,0.17442668951266,0.5515921394711576,-0.1417973409455925,False,FUN_022534,0.5913628803435672,0.8597354783949457,0.7447285083792815,0.6385316169214703,0.2683725980513785,0.1533656280357143,0.22120386147347537,0.1061968914578112,0.2683725980513785,0.1533656280357143,Low Variability
FUN_022534,OG_14615,apul,0.3040359005736647,0.1659441845480038,0.18290919447731618,0.32841216034284026,0.3162240304582525,0.17442668951266,0.5515921394711576,-0.1417973409455925,False,FUN_022534,0.5913628803435672,0.8597354783949457,0.7447285083792815,0.6385316169214703,0.2683725980513785,0.1533656280357143,0.22120386147347537,0.1061968914578112,0.2683725980513785,0.1533656280357143,Low Variability
FUN_022536,OG_11813,apul,0.4437223366971025,0.2745443888424588,0.2521584001290878,0.4250864831432869,0.4344044099201947,0.26335139448577327,0.606235545661597,-0.17105301543442142,False,FUN_022536,0.42595760233291563,0.3027875928592314,0.5706378326566416,0.434319267537594,-0.12317000947368423,0.14468023032372596,-0.13153167467836258,0.1363185651190476,0.12317000947368423,0.14468023032372596,Low Variability
FUN_022586,OG_04723,apul,0.13459753611835218,0.1046017536365985,0.13607896085108645,0.13344340905223212,0.13402047258529215,0.12034035724384248,0.8979251820445306,-0.013680115341449667,False,FUN_022586,18.74420055717993,19.902308753864627,19.19146593118323,18.899559287224076,1.1581081966846973,0.447265374003301,1.0027494666405516,0.29190664395915533,1.1581081966846973,0.447265374003301,Medium Variability
FUN_022642,OG_04756,apul,0.6696383369990266,1.3754408305253942,1.02298338190316,0.9955459710322404,0.8325921540156336,1.199212106214277,1.4403355837914364,0.3666199521986435,True,FUN_022642,0.4728803152061793,0.4169913318236979,0.39708910329838354,0.4351622495024513,-0.05588898338248138,-0.07579121190779575,-0.018170917678753395,-0.038073146204067765,0.05588898338248138,0.07579121190779575,Medium Variability
FUN_022669,OG_11831,apul,0.6821295096596957,0.3185867981674774,0.4739904628848878,0.7523134694058686,0.7172214895327822,0.3962886305261826,0.5525331244387781,-0.3209328590065996,False,FUN_022669,25.840318600142915,27.963338939408317,25.825420591684804,25.809711535749106,2.123020339265402,-0.014898008458111178,2.153627403659211,0.015709055935698046,2.123020339265402,0.014898008458111178,Low Variability
FUN_022669,OG_14623,apul,0.6821295096596957,0.3185867981674774,0.4739904628848878,0.7523134694058686,0.7172214895327822,0.3962886305261826,0.5525331244387781,-0.3209328590065996,False,FUN_022669,25.840318600142915,27.963338939408317,25.825420591684804,25.809711535749106,2.123020339265402,-0.014898008458111178,2.153627403659211,0.015709055935698046,2.123020339265402,0.014898008458111178,Low Variability
FUN_022676,OG_11833,apul,0.23554711383641067,0.10583587280675982,0.12757873410878212,0.24571195914988586,0.24062953649314828,0.11670730345777097,0.4850082211794233,-0.1239222330353773,False,FUN_022676,1.484143603525995,1.5957400995059812,1.8803890769191396,1.4536275055383023,0.11159649597998622,0.39624547339314464,0.14211259396767884,0.42676157138083726,0.11159649597998622,0.39624547339314464,Low Variability
FUN_022703,OG_04789,apul,0.1240115901441085,0.09196607777663038,0.10903505735821599,0.12855155319743322,0.12628157167077086,0.10050056756742318,0.7958450804638271,-0.025781004103347688,False,FUN_022703,14.750475969642858,15.898122383041226,15.234470643061067,15.40161247948633,1.147646413398368,0.48399467341820923,0.4965099035548963,-0.16714183642526237,1.147646413398368,0.48399467341820923,Medium Variability
FUN_022718,OG_04799,apul,0.6401108036860521,0.29773447977320344,0.4143783752622297,0.5591055161866096,0.5996081599363309,0.3560564275177166,0.59381518015953,-0.24355173241861428,False,FUN_022718,1.7160483579849224,1.9725338774864267,2.0376783199104334,1.9260115625644085,0.25648551950150433,0.32162996192551097,0.04652231492201819,0.11166675734602483,0.25648551950150433,0.32162996192551097,Low Variability
FUN_022724,OG_11839,apul,0.3794784228801807,0.17346486168517222,0.19417641232636249,0.2825328460349163,0.3310056344575485,0.18382063700576734,0.5553399032225307,-0.14718499745178115,False,FUN_022724,0.9978991706509002,0.7303120506738042,0.8269760333493129,1.0684924935549165,-0.26758711997709594,-0.17092313730158726,-0.33818044288111226,-0.24151646020560358,0.26758711997709594,0.17092313730158726,Low Variability
FUN_022760,OG_14626,apul,0.5680827268963795,0.3945476030420385,0.46396396323108824,0.6156081608788839,0.5918454438876317,0.4292557831365634,0.7252835813298282,-0.16258966075106834,False,FUN_022760,0.4380044288617091,0.539669507316808,0.6146173820537073,0.4229030041019787,0.10166507845509887,0.1766129531919982,0.11676650321482929,0.19171437795172863,0.10166507845509887,0.1766129531919982,Medium Variability
FUN_022798,OG_14627,apul,0.993782424562579,0.6489217705116407,0.8209312374828779,1.459324486309901,1.22655345543624,0.7349265039972592,0.5991801667835772,-0.49162695143898083,False,FUN_022798,0.7285031339308671,0.589964862492457,0.5540571212449167,0.6970618208320215,-0.13853827143841002,-0.1744460126859504,-0.10709695833956445,-0.14300469958710482,0.13853827143841002,0.1744460126859504,Low Variability
FUN_022874,OG_11852,apul,0.41696316518123583,0.4030412601610224,0.5344181412020014,0.6075645784732518,0.5122638718272439,0.4687297006815119,0.9150161205192049,-0.04353417114573199,False,FUN_022874,0.5551268972009291,0.48045113481610535,0.46363156204994194,0.48801543598722413,-0.07467576238482376,-0.09149533515098718,-0.007564301171118781,-0.024383873937282197,0.07467576238482376,0.09149533515098718,Medium Variability
FUN_023107,OG_11870,apul,0.7435838474356774,0.5050211211363616,0.4257935376954897,0.8688917792701446,0.806237813352911,0.46540732941592566,0.577258126210219,-0.34083048393698534,False,FUN_023107,0.5050010020772947,0.4300507829822291,0.38935932812284335,0.37969950636214633,-0.0749502190950656,-0.11564167395445135,0.05035127662008276,0.009659821760697018,0.0749502190950656,0.11564167395445135,Low Variability
FUN_023162,OG_05010,apul,0.260506668126138,0.2851910341672097,0.296022247109003,0.5180688428570734,0.3892877554916057,0.2906066406381064,0.7465085570726943,-0.09868111485349934,False,FUN_023162,0.866004038121327,0.5871981680864503,0.8009446969874224,0.640967862897512,-0.27880587003487667,-0.06505934113390455,-0.05376969481106164,0.15997683408991048,0.27880587003487667,0.06505934113390455,Medium Variability
FUN_023324,OG_05087,apul,0.36243709391665446,0.1658025488543357,0.25277943683580867,0.24855964557277138,0.3054983697447129,0.2092909928450722,0.6850805554869718,-0.0962073768996407,False,FUN_023324,0.7620966125409144,0.6910964392258826,0.5981368077992468,0.7107790426926055,-0.07100017331503183,-0.1639598047416676,-0.019682603466722903,-0.11264223489335867,0.07100017331503183,0.1639598047416676,Medium Variability
FUN_023383,OG_05121,apul,0.04282535271064431,0.02940666904877493,0.030950398997929587,0.03300161533306128,0.037913484021852795,0.030178534023352258,0.7959841940655672,-0.007734949998500537,False,FUN_023383,22.77616887873805,24.154318593910595,22.673564316964836,22.580200155205866,1.378149715172544,-0.10260456177321586,1.5741184387047298,0.09336416175897,1.378149715172544,0.10260456177321586,Medium Variability
FUN_023403,OG_11899,apul,0.3606103206390482,0.20689413307253937,0.22104383063054292,0.4128771312599789,0.38674372594951356,0.21396898185154115,0.553257797075351,-0.17277474409797242,False,FUN_023403,1.220684722329444,1.079905678467886,1.0959397536896878,1.0640538951051193,-0.14077904386155793,-0.12474496863975615,0.015851783362766714,0.031885858584568494,0.14077904386155793,0.12474496863975615,Low Variability
FUN_023403,OG_14674,apul,0.3606103206390482,0.20689413307253937,0.22104383063054292,0.4128771312599789,0.38674372594951356,0.21396898185154115,0.553257797075351,-0.17277474409797242,False,FUN_023403,1.220684722329444,1.079905678467886,1.0959397536896878,1.0640538951051193,-0.14077904386155793,-0.12474496863975615,0.015851783362766714,0.031885858584568494,0.14077904386155793,0.12474496863975615,Low Variability
FUN_023404,OG_11900,apul,0.5001703178385897,0.2641471746701933,0.26548999728002576,0.5970272396372837,0.5485987787379367,0.26481858597510954,0.48271814710256994,-0.2837801927628272,False,FUN_023404,0.6486885805805306,0.5586070386835387,0.705196175982351,0.46823674781884783,-0.09008154189699191,0.056507595401820376,0.09037029086469084,0.23695942816350313,0.09008154189699191,0.056507595401820376,Low Variability
FUN_023470,OG_14681,apul,1.1762385333062841,1.068444963235404,0.7685211930874641,1.0121447979049738,1.094191665605629,0.9184830781614342,0.8394169934140916,-0.17570858744419482,False,FUN_023470,0.4990433569068555,0.4394558104944616,0.5786947667818126,0.5654604138003883,-0.05958754641239389,0.07965140987495717,-0.12600460330592667,0.013234352981424391,0.05958754641239389,0.07965140987495717,Medium Variability
FUN_023478,OG_11907,apul,0.4875063162579954,0.34167585514252274,0.5469895321359705,0.7120650816815978,0.5997856989697966,0.4443326936392466,0.7408190865544826,-0.15545300533055,False,FUN_023478,0.6299876254326235,0.770076032206075,0.7330409445883984,0.7997817402941535,0.14008840677345147,0.10305331915577487,-0.029705708088078486,-0.06674079570575508,0.14008840677345147,0.10305331915577487,Medium Variability
FUN_023594,OG_14685,apul,0.28995775680031566,0.1921356017689265,0.2051826533429238,0.3022145434618005,0.2960861501310581,0.19865912755592513,0.6709504225982594,-0.09742702257513297,False,FUN_023594,0.5966343225881262,0.32898502770047416,0.3027501293599258,0.431753189301175,-0.26764929488765205,-0.2938841932282004,-0.10276816160070085,-0.12900305994124922,0.26764929488765205,0.2938841932282004,Medium Variability
FUN_023597,OG_05210,apul,0.08546788808897636,0.05496584625435286,0.07606760563659933,0.10731644021976662,0.09639216415437149,0.06551672594547608,0.6796893349188782,-0.030875438208895406,False,FUN_023597,0.4477309398642635,0.43149411572466995,0.5500690556000593,0.39988442291203086,-0.016236824139593542,0.10233811573579576,0.03160969281263909,0.1501846326880284,0.016236824139593542,0.10233811573579576,Medium Variability
FUN_023641,OG_05228,apul,1.794121803362765,1.520335262822363,1.5800115320486645,1.8877323429041637,1.8409270731334644,1.5501733974355139,0.8420612744843525,-0.2907536756979505,False,FUN_023641,0.9472924231547618,0.938397471111111,0.8220262288720238,0.8753826110496031,-0.008894952043650761,-0.125266194282738,0.06301486006150792,-0.05335638217757932,0.008894952043650761,0.125266194282738,Medium Variability
FUN_023697,OG_05250,apul,1.414213562373095,1.273251693710802,1.2392445689503901,1.2611842298077298,1.3376988960904124,1.256248131330596,0.9391112865549444,-0.08145076475981639,False,FUN_023697,3.9183516768159485,4.083684964790249,3.755741506836735,3.910849593286092,0.1653332879743008,-0.16261016997921374,0.1728353715041573,-0.15510808644935725,0.1653332879743008,0.16261016997921374,Medium Variability
FUN_023974,OG_05303,apul,0.6307051272824868,0.44191214550044833,0.5211997552523917,0.4641605014713374,0.5474328143769122,0.48155595037642,0.8796621936602884,-0.06587686400049214,False,FUN_023974,1.4978267535753191,1.0902449511904762,1.1440908112706194,1.659043313838313,-0.407581802384843,-0.35373594230469974,-0.5687983626478368,-0.5149525025676935,0.407581802384843,0.35373594230469974,Medium Variability
FUN_023976,OG_05304,apul,0.6543738219179565,0.38678839026819795,0.554870589149671,0.9600968683239475,0.807235345120952,0.47082948970893446,0.5832617371807324,-0.3364058554120175,False,FUN_023976,9.134686219221834,8.868371171154049,7.279539051648893,8.438190611750343,-0.26631504806778494,-1.855147167572941,0.4301805594037056,-1.1586515601014504,0.26631504806778494,1.855147167572941,Low Variability
FUN_023982,OG_05308,apul,0.1300842206311645,0.08920064180333932,0.13160717409854403,0.1550521905504678,0.14256820559081615,0.11040390795094168,0.7743936138735662,-0.03216429763987447,False,FUN_023982,6.563445173823806,6.760494127400335,6.719053259477904,6.260070415705716,0.1970489535765294,0.155608085654098,0.5004237116946193,0.4589828437721879,0.1970489535765294,0.155608085654098,Medium Variability
FUN_024155,OG_05366,apul,0.2997175670719697,0.2694637444867006,0.3418207421357952,0.28182572318489146,0.29077164512843057,0.3056422433112479,1.0511418442339835,0.01487059818281733,False,FUN_024155,0.8816409622083163,0.8725814706705332,0.8519135396367521,0.8380464605684439,-0.009059491537783182,-0.029727422571564244,0.03453501010208926,0.013867079068308197,0.009059491537783182,0.029727422571564244,Medium Variability
FUN_024159,OG_11957,apul,0.38082163154969045,0.35013742302298567,0.424545686565087,0.38527677031851854,0.3830492009341045,0.3873415547940363,1.0112057507220078,0.004292353859931819,False,FUN_024159,1.423389224719888,1.5413146834407097,1.2004911217553689,0.9532172245634921,0.11792545872082161,-0.22289810296451917,0.5880974588772175,0.24727389719187676,0.11792545872082161,0.22289810296451917,Medium Variability
FUN_024160,OG_05367,apul,0.45256077217492113,0.3695185889191862,0.36261314535125555,0.4693049759075303,0.46093287404122574,0.3660658671352209,0.7941847669178832,-0.09486700690600486,False,FUN_024160,1.1915105495825984,1.2439544894547325,1.2150683850210662,1.3166699956750931,0.05244393987213414,0.02355783543846779,-0.0727155062203606,-0.10160161065402695,0.05244393987213414,0.02355783543846779,Medium Variability
FUN_024225,OG_14710,apul,0.6849211175457792,0.4618104911269761,0.4351382832408325,0.6694333755050089,0.677177246525394,0.4484743871839043,0.6622703132525978,-0.2287028593414897,False,FUN_024225,4.409584745157658,4.734375846364221,4.146713633960746,4.441143683885671,0.3247911012065634,-0.26287111119691176,0.29323216247855033,-0.29443004992492483,0.3247911012065634,0.26287111119691176,Low Variability
FUN_024326,OG_14711,apul,1.0425713153719036,0.5942816527230207,0.5614337364357246,0.7674285395848068,0.9049999274783552,0.5778576945793726,0.6385168407576399,-0.3271422328989826,False,FUN_024326,1.4328316159861112,1.216400787440476,1.6217720453710316,1.415110355857143,-0.2164308285456351,0.1889404293849204,-0.19870956841666687,0.20666168951388864,0.2164308285456351,0.1889404293849204,Low Variability
FUN_024514,OG_11983,apul,1.0175628799660095,0.6846067122233032,0.8444266138867156,1.2824270009378294,1.1499949404519194,0.7645166630550093,0.6648000231675569,-0.3854782773969101,False,FUN_024514,5.648451293669102,5.574683537728163,5.508571605837041,5.340256063650427,-0.07376775594093932,-0.13987968783206117,0.23442747407773545,0.1683155421866136,0.07376775594093932,0.13987968783206117,Low Variability
FUN_024546,OG_11984,apul,0.42832262840381147,0.2136099280798004,0.3873082764839916,0.5076759253047209,0.46799927685426623,0.300459102281896,0.6420076208268548,-0.16754017457237025,False,FUN_024546,9.10505004981685,8.508198496537105,7.14467623523606,6.3735110740232,-0.5968515532797447,-1.9603738145807892,2.134687422513905,0.7711651612128607,0.5968515532797447,1.9603738145807892,Low Variability
FUN_024557,OG_05498,apul,0.3477885707698352,0.26187240558991975,0.2608425124953552,0.3657158678626071,0.35675221931622114,0.2613574590426375,0.732602195281575,-0.09539476027358362,False,FUN_024557,24.442004780917827,25.72904897695514,24.25700636722178,24.07171314724117,1.2870441960373142,-0.18499841369604653,1.657335829713972,0.1852932199806112,1.2870441960373142,0.18499841369604653,Medium Variability
FUN_024614,OG_05514,apul,0.2860099167439322,0.11123402158462653,0.1633483821628941,0.24818327512464206,0.26709659593428714,0.13729120187376032,0.5140132969254974,-0.12980539406052682,False,FUN_024614,2.4374840228618715,2.67242363146295,2.3275233012102854,2.4291258989507454,0.23493960860107865,-0.1099607216515861,0.24329773251220477,-0.10160259774045999,0.23493960860107865,0.1099607216515861,Low Variability
FUN_024804,OG_05568,apul,0.21316351366965203,0.21553588949949037,0.25312093063131796,0.2571070012894658,0.2351352574795589,0.23432841006540417,0.9965685817482098,-0.0008068474141547377,False,FUN_024804,0.6793334600163499,0.642420371803597,0.6339532368608216,0.6600568538977452,-0.036913088212752854,-0.045380223155528254,-0.017636482094148143,-0.026103617036923543,0.036913088212752854,0.045380223155528254,Medium Variability
FUN_024894,OG_12007,apul,0.9201208022915223,0.6026433063453843,0.48287154715846153,0.7487715460488048,0.8344461741701635,0.542757426751923,0.6504403082579677,-0.2916887474182406,False,FUN_024894,14.89153611520947,17.585867186337172,14.120794618143378,15.74337717595303,2.694331071127701,-0.7707414970660924,1.8424900103841413,-1.6225825578096522,2.694331071127701,0.7707414970660924,Low Variability
FUN_025262,OG_12019,apul,0.9987434638945641,1.1995596901448469,1.4414225733232569,1.3699065186576913,1.1843249912761278,1.3204911317340517,1.1149736275607955,0.13616614045792397,False,FUN_025262,0.8991081597035482,1.0292528825046685,0.8034220785912699,0.8906147694456116,0.13014472280112033,-0.09568608111227828,0.13863811305905693,-0.08719269085434167,0.13014472280112033,0.09568608111227828,Medium Variability
FUN_025336,OG_14752,apul,0.5522568287930169,0.8239787837196823,0.6863027836617664,0.5741433998869089,0.5632001143399629,0.7551407836907243,1.3408036761066793,0.19194066935076148,False,FUN_025336,0.9900875220689034,1.2475347013257574,0.853269012617244,0.45071335045093797,0.257447179256854,-0.1368185094516594,0.7968213508748194,0.402555662166306,0.257447179256854,0.1368185094516594,Medium Variability
FUN_025338,OG_05637,apul,0.7886381445834718,0.8996030167307011,0.8844008776851414,0.5901715771539382,0.689404860868705,0.8920019472079213,1.2938724367042145,0.20259708633921625,True,FUN_025338,1.493837863016366,1.2447410313541356,1.7436345144508527,1.0572500002464753,-0.2490968316622304,0.2497966514344867,0.1874910311076603,0.6863845142043774,0.2490968316622304,0.2497966514344867,Medium Variability
FUN_025345,OG_12031,apul,0.5494234194553641,0.4395221244011644,0.37634095147457697,0.676262046175435,0.6128427328153996,0.4079315379378707,0.6656382071528093,-0.2049111948775289,False,FUN_025345,0.7318088767382043,0.5968611345652834,0.631485256512376,0.6493781446562924,-0.13494774217292083,-0.1003236202258283,-0.05251701009100895,-0.01789288814391643,0.13494774217292083,0.1003236202258283,Low Variability
FUN_025346,OG_12032,apul,0.5741031239948153,0.668103239689395,0.7528178807923451,0.581073118114649,0.5775881210547322,0.71046056024087,1.2300470427672574,0.13287243918613778,False,FUN_025346,0.9582732163869512,0.7766889526717514,0.8699097902020918,0.9421206308071873,-0.18158426371519976,-0.08836342618485937,-0.1654316781354359,-0.07221084060509553,0.18158426371519976,0.08836342618485937,Medium Variability
FUN_025441,OG_05666,apul,1.8611325955125035,0.9184272105582999,1.131231340866352,1.3946442581871146,1.627888426849809,1.0248292757123258,0.6295451572780779,-0.6030591511374832,False,FUN_025441,1.1027889098292312,1.1515377240980025,1.0771609375744606,1.308569854649991,0.04874881426877131,-0.025627972254770537,-0.1570321305519886,-0.23140891707553046,0.04874881426877131,0.025627972254770537,Low Variability
FUN_025476,OG_12046,apul,0.5744504312706901,0.3734574268045573,0.2154730576433092,0.6689225280310749,0.6216864796508825,0.2944652422239332,0.47365553516507974,-0.3272212374269493,False,FUN_025476,1.1118520993336232,1.1149356958563565,1.0104568124837028,1.0443211445820657,0.0030835965227333784,-0.10139528684992039,0.07061455127429084,-0.033864332098362926,0.0030835965227333784,0.10139528684992039,Low Variability
FUN_025521,OG_14763,apul,1.31244192163319,2.0459851563187494,1.5952870451084897,3.3711455667777313,2.341793744205461,1.8206361007136196,0.7774536528755384,-0.5211576434918412,False,FUN_025521,1.6404359350419666,1.6400607695975362,1.5849484774555356,1.838332094628226,-0.000375165444430392,-0.05548745758643103,-0.19827132503068978,-0.2533836171726904,0.000375165444430392,0.05548745758643103,Medium Variability
FUN_025598,OG_05713,apul,0.27434921362547776,0.2247373376524576,0.2977003331310931,0.25571678046185536,0.26503299704366656,0.2612188353917754,0.9856087291226504,-0.0038141616518911903,False,FUN_025598,0.6646942600843498,0.5493146345624169,0.5200392310809094,0.6181077805281883,-0.11537962552193293,-0.1446550290034404,-0.06879314596577135,-0.09806854944727883,0.11537962552193293,0.1446550290034404,Medium Variability
FUN_025607,OG_05717,apul,1.1529722238424114,1.0635934289281805,1.1958271569944745,1.4205336774354118,1.2867529506389115,1.1297102929613274,0.8779543053702673,-0.15704265767758407,False,FUN_025607,0.5156841681240552,0.31263594019982993,0.4031406706018519,0.32230585096371883,-0.20304822792422522,-0.11254349752220327,-0.0096699107638889,0.08083481963813305,0.20304822792422522,0.11254349752220327,Medium Variability
FUN_025610,OG_05718,apul,0.4588835742295558,0.28231991822761776,0.2919311130721481,0.3777428132249584,0.41831319372725706,0.2871255156498829,0.6863888587676024,-0.13118767807737414,False,FUN_025610,8.542736866038542,9.640693297287994,8.4980560867491,10.016545050937253,1.097956431249452,-0.044680779289441475,-0.3758517536492594,-1.518488964188153,1.097956431249452,0.044680779289441475,Medium Variability
FUN_025681,OG_05749,apul,0.43755675485515455,0.2922970076787269,0.325343902902371,0.41275737576746174,0.42515706531130815,0.3088204552905489,0.7263679249089384,-0.11633661002075923,False,FUN_025681,0.8406133383147901,0.8345236743087079,0.9177322476019878,0.85303385256861,-0.0060896640060822405,0.07711890928719767,-0.018510178259902088,0.06469839503337782,0.0060896640060822405,0.07711890928719767,Medium Variability
FUN_025826,OG_05819,apul,1.3169546666009628,1.2225233745687005,1.7014070205764853,1.790684486319015,1.553819576459989,1.461965197572593,0.940884784643617,-0.091854378887396,False,FUN_025826,0.7698041262615095,0.7217740455243651,0.7892220375878571,0.7697027072961397,-0.04803008073714443,0.019417911326347626,-0.04792866177177457,0.019519330291717485,0.04803008073714443,0.019417911326347626,Medium Variability
FUN_025935,OG_05856,apul,0.29004172219216884,0.1355480818651729,0.1934821371376416,0.3260518126324201,0.3080467674122945,0.16451510950140724,0.534058873213942,-0.14353165791088723,False,FUN_025935,0.5714744008588655,0.5452509380940076,0.5115345355204872,0.5286994079371232,-0.026223462764857874,-0.05993986533837825,0.016551530156884375,-0.017164872416636,0.026223462764857874,0.05993986533837825,Low Variability
FUN_025942,OG_12102,apul,1.8524041497015764,0.8446955034731767,0.9646662272958918,1.1340446958799164,1.4932244227907465,0.9046808653845342,0.6058572653759172,-0.5885435574062123,False,FUN_025942,1.0170121276438493,1.0047592298501984,0.9583632501567461,1.0317253330386904,-0.012252897793650908,-0.058648877487103235,-0.02696610318849202,-0.07336208288194435,0.012252897793650908,0.058648877487103235,Low Variability
FUN_025984,OG_14790,apul,0.10511300273361478,0.08634957795314821,0.09892390346711931,0.1149368649262991,0.11002493382995694,0.09263674071013375,0.8419613399023119,-0.01738819311982319,False,FUN_025984,21.763955346517086,24.32916103704775,22.4030033928773,22.12230651735301,2.5652056905306644,0.6390480463602124,2.2068545196947404,0.28069687552428846,2.5652056905306644,0.6390480463602124,Medium Variability
FUN_026008,OG_14792,apul,0.28489977575390946,0.16325542375918267,0.19489672491963042,0.3095499763614644,0.29722487605768694,0.17907607433940653,0.6024935621628471,-0.1181488017182804,False,FUN_026008,1.1101694409226535,1.1322140134484928,1.1901234069649889,1.1817498264188093,0.022044572525839357,0.0799539660423354,-0.049535812970316506,0.008373580546179538,0.022044572525839357,0.0799539660423354,Low Variability
FUN_026009,OG_12107,apul,0.2780436711070658,0.15117550241705574,0.2763227708459198,0.24452916021869114,0.26128641566287847,0.21374913663148776,0.8180644833341619,-0.04753727903139071,False,FUN_026009,2.797400353362309,3.4306155123906814,3.1719167442197267,3.045496108264596,0.6332151590283726,0.37451639085741784,0.3851194041260855,0.12642063595513076,0.6332151590283726,0.37451639085741784,Medium Variability
FUN_026010,OG_14793,apul,0.43445436548927485,0.30534045106117047,0.3938743273500521,0.46047545273794815,0.4474649091136115,0.3496073892056113,0.7813068289492302,-0.09785751990800018,False,FUN_026010,0.7878421522921701,0.7177781636812576,0.6932598323867956,0.8408776345300498,-0.07006398861091256,-0.09458231990537458,-0.12309947084879225,-0.14761780214325426,0.07006398861091256,0.09458231990537458,Medium Variability
FUN_026011,OG_12108,apul,0.24222417401978802,0.17412644895134238,0.21824266776097076,0.2991019597577782,0.2706630668887831,0.19618455835615656,0.7248294368761063,-0.07447850853262655,False,FUN_026011,1.1789975377185622,1.2380441986187187,1.2284213602097214,1.2181205835998026,0.05904666090015653,0.049423822491159175,0.019923615018916152,0.010300776609918794,0.05904666090015653,0.049423822491159175,Medium Variability
FUN_026016,OG_12109,apul,0.5096019742088675,0.23362455380202415,0.3086718724709562,0.4711352248545958,0.4903685995317317,0.2711482131364902,0.55294774868419,-0.2192203863952415,False,FUN_026016,1.2010792881748003,1.2057505631836771,1.0534613904692862,1.0591336603730224,0.004671275008876874,-0.14761789770551403,0.14661690281065476,-0.005672269903736149,0.004671275008876874,0.14761789770551403,Low Variability
FUN_026023,OG_05874,apul,0.19719187559811097,0.1675548376214415,0.18217937311806476,0.2020883002253306,0.19964008791172078,0.17486710536975314,0.8759117830436839,-0.024772982541967636,False,FUN_026023,17.932462537839047,19.545666433016155,18.688557891400045,18.189548779660793,1.613203895177108,0.7560953535609976,1.356117653355362,0.49900911173925167,1.613203895177108,0.7560953535609976,Medium Variability
FUN_026024,OG_05875,apul,0.1409172295113945,0.10915169596558695,0.11482774082687194,0.14381636991330288,0.14236679971234867,0.11198971839622945,0.7866280524848775,-0.030377081316119214,False,FUN_026024,3.426201740020954,3.6250651624492476,3.465588685979585,3.5059886117767074,0.19886342242829347,0.0393869459586309,0.1190765506725402,-0.04039992579712237,0.19886342242829347,0.0393869459586309,Medium Variability
FUN_026200,OG_05950,apul,1.2346844079031951,0.5718533753778132,0.6518460604528036,1.0662966595818404,1.1504905337425178,0.6118497179153084,0.5318163861157346,-0.5386408158272094,False,FUN_026200,0.6369357910237772,0.545362207572527,0.5855012209800564,0.6777172734336974,-0.09157358345125022,-0.05143457004372076,-0.1323550658611704,-0.09221605245364095,0.09157358345125022,0.05143457004372076,Low Variability
FUN_026203,OG_14803,apul,0.341438270958038,0.2847797677851349,0.3160147552815836,0.42082577891596246,0.38113202493700027,0.30039726153335927,0.7881711372404716,-0.080734763403641,False,FUN_026203,0.7320098797025966,0.7707003724098517,0.7237325897882161,0.6155503061173654,0.03869049270725511,-0.008277289914380481,0.1551500662924863,0.1081822836708507,0.03869049270725511,0.008277289914380481,Medium Variability
FUN_026214,OG_05952,apul,0.4432115746449662,0.30463640748102533,0.46990475737947746,0.5069615900582649,0.47508658235161555,0.38727058243025136,0.8151579034569096,-0.08781599992136419,False,FUN_026214,0.8550484205327399,0.8031212916449708,0.7946799750097981,0.8896670135116598,-0.05192712888776907,-0.06036844552294174,-0.08654572186668896,-0.09498703850186163,0.05192712888776907,0.06036844552294174,Medium Variability
FUN_026225,OG_12125,apul,1.644146828906206,0.8094440334513686,1.0163130334016899,0.9043373548315735,1.2742420918688897,0.9128785334265292,0.7164090240400393,-0.36136355844236046,False,FUN_026225,3.4760261647636117,3.7015188120583717,2.4733581806878306,3.5369709266427716,0.22549264729476004,-1.002667984075781,0.16454788541560017,-1.063612745954941,0.22549264729476004,1.002667984075781,Medium Variability
FUN_026231,OG_14804,apul,0.9918136936399342,0.48241029031536375,0.5828368446369632,0.7392322824651777,0.8655229880525559,0.5326235674761635,0.6153777251769791,-0.33289942057639244,False,FUN_026231,9.556702483149094,11.060623309842686,9.32809800828373,9.310788022470238,1.5039208266935926,-0.22860447486536373,1.7498352873724485,0.01730998581349219,1.5039208266935926,0.22860447486536373,Low Variability
FUN_026494,OG_06004,apul,0.39553787444657573,0.2630585323901435,0.2947041404265706,0.3726417841417714,0.38408982929417357,0.27888133640835705,0.7260836271578606,-0.10520849288581652,False,FUN_026494,8.19622089629162,8.787036137607236,8.320767526026946,8.266548493929125,0.5908152413156156,0.12454662973532571,0.520487643678111,0.054219032097821085,0.5908152413156156,0.12454662973532571,Medium Variability
FUN_026676,OG_12162,apul,0.932073811732509,1.5419934784706133,1.22087755162232,1.0828156091704497,1.0074447104514794,1.3814355150464666,1.3712271261292202,0.3739908045949871,True,FUN_026676,1.774763384475416,1.6291989268421732,1.1976239000387146,1.5281932665956899,-0.14556445763324288,-0.5771394844367015,0.10100566024648328,-0.33056936655697533,0.14556445763324288,0.5771394844367015,Medium Variability
FUN_026676,OG_12163,apul,0.932073811732509,1.5419934784706133,1.22087755162232,1.0828156091704497,1.0074447104514794,1.3814355150464666,1.3712271261292202,0.3739908045949871,True,FUN_026676,1.774763384475416,1.6291989268421732,1.1976239000387146,1.5281932665956899,-0.14556445763324288,-0.5771394844367015,0.10100566024648328,-0.33056936655697533,0.14556445763324288,0.5771394844367015,Medium Variability
FUN_026681,OG_12165,apul,1.0364083971324711,0.7417086797293468,0.7627540384943897,0.9452227802410792,0.9908155886867751,0.7522313591118683,0.7592042027809375,-0.23858422957490677,False,FUN_026681,11.605394856671818,13.79553838629879,10.79938167834695,12.820360344432176,2.1901435296269725,-0.8060131783248679,0.9751780418666147,-2.0209786660852256,2.1901435296269725,0.8060131783248679,Medium Variability
FUN_026683,OG_12166,apul,1.220655597912591,1.2254130071394023,1.0030151306666677,1.3278512061806982,1.2742534020466447,1.1142140689030349,0.8744054103472965,-0.16003933314360985,False,FUN_026683,0.5305730163476263,0.5221088323664892,0.5324145069994409,0.6075552887163033,-0.00846418398113713,0.0018414906518146035,-0.08544645634981407,-0.07514078171686234,0.00846418398113713,0.0018414906518146035,Medium Variability
FUN_027751,OG_12242,apul,0.8101926981754325,0.4910870157340781,0.5257607010482452,0.8164693767985454,0.8133310374869889,0.5084238583911617,0.6251130658459534,-0.3049071790958272,False,FUN_027751,0.9804143578157869,1.0247307509825014,1.055037434591939,1.030326014418388,0.04431639316671454,0.07462307677615221,-0.005595263435886455,0.024711420173551213,0.04431639316671454,0.07462307677615221,Low Variability
FUN_027779,OG_06101,apul,0.9169094903792211,0.6443009810569873,1.0586505160080495,1.3613668069934748,1.1391381486863479,0.8514757485325184,0.7474736488409581,-0.2876624001538295,False,FUN_027779,0.5910054870851934,0.6047082767813741,0.5939360701202877,0.6595363307155258,0.013702789696180662,0.002930583035094303,-0.05482805393415169,-0.06560026059523805,0.013702789696180662,0.002930583035094303,Medium Variability
FUN_027850,OG_06119,apul,0.865491317561695,0.6074383401923268,0.7119629953278052,0.870878027658286,0.8681846726099904,0.659700667760066,0.7598621452010124,-0.20848400484992446,False,FUN_027850,40.27222052952627,46.01091126141734,41.80469726146505,43.17679020447615,5.738690731891069,1.5324767319387789,2.8341210569411928,-1.372092943011097,5.738690731891069,1.5324767319387789,Medium Variability
FUN_027861,OG_12248,apul,0.6684110827004639,0.7475474286989431,0.6367948364626893,0.5968107950701447,0.6326109388853043,0.6921711325808162,1.0941498005084456,0.05956019369551191,False,FUN_027861,0.7739983670634921,0.6873589288600288,0.6582668726190476,0.8328338099025974,-0.08663943820346331,-0.11573149444444453,-0.14547488104256856,-0.17456693728354977,0.08663943820346331,0.11573149444444453,Medium Variability
FUN_027984,OG_06152,apul,0.8497877807377765,0.6940997679802198,0.7649138155021437,0.7967299768328359,0.8232588787853061,0.7295067917411817,0.8861207701975193,-0.09375208704412441,False,FUN_027984,19.91982887300455,21.37152199858229,20.700077478762378,19.949839911010745,1.4516931255777372,0.7802486057578264,1.4216820875715435,0.7502375677516326,1.4516931255777372,0.7802486057578264,Medium Variability
FUN_028002,OG_06158,apul,0.4166225743223106,0.26934372906917436,0.27234605659908145,0.31919573128210454,0.3679091528022076,0.27084489283412794,0.7361732937906479,-0.09706425996807966,False,FUN_028002,30.114176037776904,32.32094476993066,30.026631303492934,30.35403531346372,2.2067687321537584,-0.08754473428396992,1.9669094564669436,-0.32740400997078467,2.2067687321537584,0.08754473428396992,Medium Variability
FUN_028088,OG_06181,apul,0.1313399201778709,0.07747845894200243,0.08063501283887782,0.11172807431426536,0.12153399724606814,0.07905673589044013,0.6504907078006748,-0.042477261355628015,False,FUN_028088,25.514024151151443,27.773493646853588,27.096928821635657,26.31326931218232,2.2594694957021453,1.582904670484215,1.4602243346712669,0.7836595094533365,2.2594694957021453,1.582904670484215,Low Variability
FUN_028130,OG_06198,apul,0.2291501379063219,0.12986695872650017,0.16713848712495352,0.20342975292964596,0.21628994541798394,0.14850272292572686,0.6865909676880396,-0.06778722249225708,False,FUN_028130,1.6373727713256028,1.4973890372089154,1.4676397534771726,1.3362911378972215,-0.1399837341166874,-0.1697330178484302,0.16109789931169383,0.13134861557995103,0.1399837341166874,0.1697330178484302,Medium Variability
FUN_028187,OG_06234,apul,0.3022300402258782,0.45112826421525637,0.4300845959288633,0.482053140845631,0.3921415905357546,0.4406064300720598,1.1235901539290725,0.048464839536305204,False,FUN_028187,0.5309182707371333,0.4869842002179533,0.6573209258673041,0.5869014680179774,-0.04393407051917997,0.1264026551301708,-0.09991726780002408,0.07041945784932668,0.04393407051917997,0.1264026551301708,Medium Variability
FUN_028190,OG_12286,apul,0.9492399796334138,0.7075293488938108,0.9253126059079633,0.896069226066911,0.9226546028501623,0.816420977400887,0.884860894725816,-0.10623362544927528,False,FUN_028190,0.5172922619274851,0.5173087079958101,0.48252418654340695,0.5947851213864503,1.6446068324960095e-05,-0.03476807538407817,-0.07747641339064026,-0.11226093484304339,1.6446068324960095e-05,0.03476807538407817,Medium Variability
FUN_028192,OG_06236,apul,0.27631443034092473,0.1225427817406908,0.16663149869086605,0.27820858633250883,0.2772615083367168,0.14458714021577843,0.521482917276012,-0.13267436812093839,False,FUN_028192,1.3396969116275979,1.492622436602029,1.5717902495990836,1.2233702809626084,0.15292552497443124,0.2320933379714858,0.26925215563942073,0.3484199686364753,0.15292552497443124,0.2320933379714858,Low Variability
FUN_028242,OG_06247,apul,0.7618279130114447,0.3075416621938231,0.4957360081840677,0.45904767845223454,0.6104377957318396,0.4016388351889454,0.657952109121012,-0.20879896054289426,False,FUN_028242,0.5738279133736458,0.43278549564373897,0.40538849815822625,0.562813688649534,-0.14104241772990683,-0.16843941521541955,-0.130028193005795,-0.1574251904913077,0.14104241772990683,0.16843941521541955,Low Variability
FUN_028447,OG_06279,apul,0.4023488746085952,0.16554537015069185,0.24963141166596914,0.40729267054784635,0.4048207725782208,0.20758839090833048,0.5127908570161616,-0.19723238166989032,False,FUN_028447,7.124156226968926,7.038178499263153,7.477931707666091,6.490341008930972,-0.08597772770577272,0.35377548069716536,0.5478374903321805,0.9875906987351186,0.08597772770577272,0.35377548069716536,Low Variability
FUN_028493,OG_14889,apul,0.44671131355412985,1.0235596398022013,0.7824882799757842,0.9111342091705518,0.6789227613623408,0.9030239598889928,1.3300834959148604,0.224101198526652,True,FUN_028493,0.5231458753306878,0.6863823967082389,0.5586409810959939,0.5478795671730915,0.16323652137755107,0.03549510576530612,0.13850282953514736,0.010761413922902419,0.16323652137755107,0.03549510576530612,Medium Variability
FUN_028798,OG_12318,apul,1.207835534883613,1.4354709881786627,0.9796419682067479,0.9389767889045428,1.073406161894078,1.2075564781927053,1.1249762867598156,0.13415031629862728,False,FUN_028798,1.6609131996894408,1.3987034456521739,1.557617491304348,1.844489348343685,-0.262209754037267,-0.10329570838509294,-0.4457859026915112,-0.28687185703933715,0.262209754037267,0.10329570838509294,Medium Variability
FUN_028799,OG_14901,apul,0.3015029788926649,0.2319666635307035,0.25013849847008435,0.18789456546637673,0.24469877217952082,0.24105258100039392,0.9850992665527071,-0.003646191179126901,False,FUN_028799,0.7011812481572081,0.7835898883235486,0.48986372488040886,0.8525634189334638,0.08240864016634053,-0.2113175232767992,-0.06897353060991518,-0.3626996940530549,0.08240864016634053,0.2113175232767992,Medium Variability
FUN_028840,OG_12320,apul,0.5244351467441577,0.3299900675916752,0.34034561660605495,0.4730154895583899,0.4987253181512738,0.3351678420988651,0.6720489814740098,-0.16355747605240872,False,FUN_028840,21.038535615093114,22.3029993759412,21.2478430855924,21.05465569776385,1.2644637608480878,0.20930747049928655,1.2483436781773527,0.1931873878285515,1.2644637608480878,0.20930747049928655,Medium Variability
FUN_028978,OG_06373,apul,0.5408230980979672,0.3941077788466401,0.6135283692788621,0.3356109736175757,0.4382170358577715,0.5038180740627511,1.1496998811937362,0.06560103820497964,False,FUN_028978,0.43929554681847144,0.3708649697824039,0.38049417130876206,0.4416197234168536,-0.06843057703606753,-0.058801375509709375,-0.07075475363444972,-0.06112555210809156,0.06843057703606753,0.058801375509709375,Medium Variability
FUN_028988,OG_14915,apul,0.6458510190600831,0.47859152909701663,0.40881976967873296,0.4998246758557684,0.5728378474579258,0.4437056493878748,0.7745746049373325,-0.12913219807005094,False,FUN_028988,0.7978863352196266,0.6688805311245882,0.7444806715688329,0.7644707442298093,-0.12900580409503837,-0.05340566365079369,-0.09559021310522109,-0.01999007266097641,0.12900580409503837,0.05340566365079369,Medium Variability
FUN_029013,OG_12331,apul,0.32819457044328243,0.2589098661642806,0.26164289645821176,0.30046057135827237,0.3143275709007774,0.2602763813112462,0.828041843626268,-0.0540511895895312,False,FUN_029013,6.494338088919532,7.046123081076485,6.128537365100816,6.41725681148189,0.5517849921569526,-0.3658007238187162,0.628866269594595,-0.28871944638107383,0.5517849921569526,0.3658007238187162,Medium Variability
FUN_029014,OG_06384,apul,0.38839892620252975,0.18000378728444152,0.23335420325003134,0.4773458239469824,0.43287237507475607,0.20667899526723643,0.4774594249206673,-0.22619337980751963,False,FUN_029014,1.224142632867603,1.0390114554982732,1.2312138375489805,1.227414727180049,-0.18513117736932982,0.007071204681377452,-0.18840327168177584,0.0037991103689314354,0.18513117736932982,0.007071204681377452,Low Variability
FUN_029123,OG_06430,apul,0.05250363995921894,0.041934397559781046,0.04519934159530531,0.049499139513408105,0.05100138973631352,0.043566869577543174,0.8542290671448726,-0.007434520158770344,False,FUN_029123,18.29079095365152,19.97447655886122,18.973809536879276,19.507785572579,1.6836856052096998,0.6830185832277564,0.46669098628222017,-0.5339760356997232,1.6836856052096998,0.6830185832277564,Medium Variability
FUN_029327,OG_12369,apul,0.3773357848986928,0.2477978372584169,0.29293243012146936,0.32533464008510626,0.35133521249189953,0.27036513368994314,0.769536112740697,-0.08097007880195639,False,FUN_029327,5.094265780021445,5.16608812143759,5.23510780010121,5.1090686470598845,0.07182234141614519,0.14084202007976554,0.05701947437770549,0.12603915304132585,0.07182234141614519,0.14084202007976554,Medium Variability
FUN_029365,OG_12371,apul,1.1628469964228778,1.0632696085713715,0.9970853849271701,1.361906234341308,1.262376615382093,1.0301774967492707,0.8160619296939837,-0.23219911863282228,False,FUN_029365,11.462234477555702,11.878192226172274,11.151574092372943,11.104892906574925,0.415957748616572,-0.31066038518275896,0.7732993195973492,0.046681185798018277,0.415957748616572,0.31066038518275896,Medium Variability
FUN_029379,OG_14942,apul,1.1747662672711943,0.8702008470344459,0.9536628951157416,1.158399226098239,1.1665827466847167,0.9119318710750938,0.7817121191503054,-0.25465087560962296,False,FUN_029379,13.943139021565408,15.96571992887931,15.87304864374658,13.619964689607281,2.022580907313902,1.9299096221811727,2.3457552392720284,2.2530839541392993,2.022580907313902,1.9299096221811727,Medium Variability
FUN_029640,OG_06592,apul,0.4110754400630785,0.20277870294466324,0.29550550174413365,0.38795947600730346,0.399517458035191,0.24914210234439843,0.623607547889567,-0.15037535569079258,False,FUN_029640,3.021052339125683,3.299276341942493,3.0954710822144156,3.0309335315163937,0.2782240028168097,0.07441874308873242,0.2683428104260992,0.06453755069802192,0.2782240028168097,0.07441874308873242,Low Variability
FUN_029673,OG_06599,apul,0.3256623163690911,0.15062625994114656,0.24157924304494732,0.30487866291034466,0.3152704896397179,0.19610275149304696,0.6220142954614863,-0.11916773814667092,False,FUN_029673,36.20536395622097,39.61621426952623,36.380568879828544,36.96393644138394,3.410850313305261,0.17520492360757345,2.6522778281422887,-0.5833675615553986,3.410850313305261,0.17520492360757345,Low Variability
FUN_029756,OG_06607,apul,0.3368075949648403,0.28043256729096017,0.2538526294006933,0.3387855949640901,0.33779659496446524,0.26714259834582677,0.7908386358184842,-0.07065399661863847,False,FUN_029756,11.785446495042734,12.906447179286586,12.092221534810744,12.225140789631954,1.1210006842438514,0.30677503976800935,0.6813063896546314,-0.1329192548212106,1.1210006842438514,0.30677503976800935,Medium Variability
FUN_029760,OG_06610,apul,0.42207160700855006,0.1863535617449783,0.25972763567867657,0.6161569375336649,0.5191142722711075,0.22304059871182744,0.42965607116913257,-0.29607367355928005,False,FUN_029760,50.74178805156312,55.005027143490075,51.174840622643224,50.80050937895118,4.263239091926955,0.4330525710801041,4.204517764538892,0.3743312436920405,4.263239091926955,0.4330525710801041,Low Variability
FUN_029772,OG_06616,apul,0.6103869614200358,0.3625569392479446,0.3195429971087014,0.6508485499492681,0.630617755684652,0.341049968178323,0.5408188480326729,-0.28956778750632894,False,FUN_029772,1.0298622754385087,1.0457715991913432,1.0115916256344204,1.03276880324213,0.015909323752834492,-0.018270649804088324,0.013002795949213164,-0.021177177607709652,0.015909323752834492,0.018270649804088324,Low Variability
FUN_029776,OG_12406,apul,1.008233442146129,1.1391757927809485,0.9686627726315223,1.195090594206134,1.1016620181761314,1.0539192827062354,0.9566629922043268,-0.04774273546989605,False,FUN_029776,16.600492998842594,16.01697830952381,14.14840700049603,14.440478390046296,-0.5835146893187826,-2.452085998346563,1.5764999194775147,-0.2920713895502658,0.5835146893187826,2.452085998346563,Medium Variability
FUN_030063,OG_12424,apul,0.47755950936142627,0.5008837045365817,0.4929437012861324,0.4822060261867441,0.4798827677740852,0.49691370291135706,1.0354897826739415,0.017030935137271885,False,FUN_030063,0.7947814018455343,0.80584588928374,0.7802214125195451,0.8301935084877201,0.011064487438205761,-0.01455998932598912,-0.024347619203980098,-0.04997209596817498,0.011064487438205761,0.01455998932598912,Medium Variability
FUN_030674,OG_12447,apul,0.21189020746874607,0.13924141965358167,0.17601995272510856,0.22322341151744288,0.21755680949309447,0.15763068618934512,0.7245495397575616,-0.05992612330374936,False,FUN_030674,1.9708032230213843,2.2064631155155583,2.1175534315129756,2.0070261124999997,0.23565989249417396,0.14675020849159126,0.19943700301555856,0.11052731901297586,0.23565989249417396,0.14675020849159126,Medium Variability
FUN_030682,OG_06655,apul,0.25141583409938595,0.23856881397015806,0.5241975145773303,0.43796925840016626,0.3446925462497761,0.3813831642737442,1.1064444776168174,0.03669061802396811,False,FUN_030682,0.5069682600442034,0.5095480488336347,0.4760171107233273,0.47319588756278885,0.0025797887894313254,-0.03095114932087606,0.03635216127084584,0.0028212231605384552,0.0025797887894313254,0.03095114932087606,Medium Variability
FUN_031070,OG_06670,apul,0.179666421191595,0.1646481405376955,0.15427549101738958,0.17428409558245142,0.17697525838702322,0.15946181577754254,0.9010401636415135,-0.01751344260948068,False,FUN_031070,2.095350786983204,2.303775796863629,2.0250677345870907,2.1138473167141276,0.208425009880425,-0.07028305239611354,0.1899284801495016,-0.08877958212703696,0.208425009880425,0.07028305239611354,Medium Variability
FUN_031092,OG_12475,apul,1.915360905244992,0.9074484880078758,0.7750824080376949,1.6415767685359488,1.7784688368904704,0.8412654480227854,0.47302793873727905,-0.9372033888676851,False,FUN_031092,0.7355593342485647,0.7850988531357649,0.8471024847804796,0.8292365470482945,0.04953951888720021,0.11154315053191488,-0.04413769391252964,0.017865937732185033,0.04953951888720021,0.11154315053191488,Low Variability
FUN_031093,OG_12476,apul,0.34067903477673755,0.658231524135447,0.5067415229116103,0.41628207459694755,0.37848055468684255,0.5824865235235287,1.539013078242506,0.20400596883668615,True,FUN_031093,0.9054996132235529,0.8549689012736433,0.8088047994629788,1.132863842146659,-0.050530711949909546,-0.0966948137605741,-0.2778949408730157,-0.32405904268368024,0.050530711949909546,0.0966948137605741,High Variability
FUN_031299,OG_06711,apul,1.4142135623730951,1.414213562373095,1.4142135623730951,0.7840834675451086,1.0991485149591018,1.414213562373095,1.2866446555001863,0.3150650474139931,True,FUN_031299,1.361699322945845,1.0884593558864721,0.9324902695707695,1.1018106604479048,-0.2732399670593728,-0.4292090533750754,-0.013351304561432631,-0.16932039087713524,0.2732399670593728,0.4292090533750754,Medium Variability
FUN_031304,OG_06712,apul,0.4294021450729898,0.018269710863198806,0.1947935790395193,0.23061792936857486,0.3300100372207823,0.10653164495135906,0.3228133478864086,-0.22347839226942326,False,FUN_031304,0.5170512253498328,0.35204632691102755,0.5997366668838764,0.48205715871345034,-0.16500489843880528,0.08268544153404356,-0.1300108318024228,0.11767950817042605,0.16500489843880528,0.08268544153404356,Low Variability
FUN_031419,OG_12496,apul,1.3299806070962767,1.5105080564620899,1.3180077342608498,1.5852746496281562,1.4576276283622165,1.41425789536147,0.9702463563691665,-0.043369733000746535,False,FUN_031419,22.236274398839285,23.05184181299603,21.88023736032738,22.04849996608631,0.8155674141567459,-0.3560370385119036,1.00334184690972,-0.1682626057589296,0.8155674141567459,0.3560370385119036,Medium Variability
FUN_031467,OG_06717,apul,0.31923154529139736,0.2185967173680851,0.3057242698758053,0.28618049177289107,0.3027060185321442,0.2621604936219452,0.8660564295787417,-0.04054552491019897,False,FUN_031467,15.931959835254515,16.98375103867269,16.168914000444264,16.15600978819741,1.0517912034181744,0.23695416518974888,0.827741250475281,0.012904212246855451,1.0517912034181744,0.23695416518974888,Medium Variability
FUN_031470,OG_06719,apul,1.4853193562198794,1.242152911297709,1.548343731283084,1.9476038769898378,1.7164616166048585,1.3952483212903966,0.8128631061673152,-0.32121329531446197,False,FUN_031470,1.4776371099253511,1.5866811062185033,1.5900235908999651,1.5634444965370415,0.1090439962931522,0.11238648097461401,0.023236609681461795,0.026579094362923605,0.1090439962931522,0.11238648097461401,Medium Variability
FUN_031565,OG_06754,apul,0.06292955848192668,0.10369203398623003,0.07318870095863313,0.10333075406592948,0.08313015627392809,0.08844036747243159,1.0638782775892475,0.0053102111985035005,False,FUN_031565,13.447852500346293,13.987872004790145,13.710996735192618,13.725626939201,0.5400195044438512,0.2631442348463242,0.26224506558914484,-0.014630204008382108,0.5400195044438512,0.2631442348463242,Medium Variability
FUN_031641,OG_06775,apul,0.5346763986713162,0.1820946490021394,0.30094098591083246,0.5174912146700643,0.5260838066706903,0.24151781745648593,0.4590862033654411,-0.2845659892142044,False,FUN_031641,0.5387411008290816,0.48504422895610627,0.5588992549663913,0.542331205707402,-0.05369687187297528,0.020158154137309703,-0.05728697675129574,0.016568049258989248,0.05369687187297528,0.020158154137309703,Low Variability
FUN_031661,OG_12518,apul,1.2730935923245776,1.1137006899780126,1.0915616364941363,1.231581971893929,1.2523377821092532,1.1026311632360746,0.8804582749064435,-0.1497066188731786,False,FUN_031661,2.848744847485915,2.7699991999800626,3.1856542677921844,3.0709419482396902,-0.07874564750585256,0.33690942030626925,-0.30094274825962763,0.11471231955249417,0.07874564750585256,0.33690942030626925,Medium Variability
FUN_031702,OG_15009,apul,1.9329595080076956,1.6976798061691223,1.6699072274727216,1.5921247639371225,1.7625421359724092,1.683793516820922,0.955321000534242,-0.07874861915148723,False,FUN_031702,1.0283124539981279,1.0175206835095896,0.7041543762975244,0.8579725599968135,-0.0107917704885383,-0.32415807770060345,0.15954812351277603,-0.15381818369928912,0.0107917704885383,0.32415807770060345,Medium Variability
FUN_031843,OG_15020,apul,1.137205054216007,0.6833620366690245,1.068635295471814,1.949790179412076,1.5434976168140415,0.8759986660704192,0.5675413143031489,-0.6674989507436223,False,FUN_031843,0.6221854276094562,0.5077774345134658,0.513494703916535,0.4762177952221094,-0.11440799309599037,-0.10869072369292121,0.03155963929135641,0.03727690869442557,0.11440799309599037,0.10869072369292121,Low Variability
FUN_031878,OG_06875,apul,0.8045546841058664,0.44783406643948515,0.6304834733503002,0.6987357532946267,0.7516452187002465,0.5391587698948926,0.7173048620294721,-0.21248644880535383,False,FUN_031878,0.8944865570618035,0.9302563624358324,0.8677974689880953,1.005857546328943,0.03576980537402896,-0.026689088073708178,-0.07560118389311055,-0.1380600773408477,0.03576980537402896,0.026689088073708178,Medium Variability
FUN_031966,OG_06908,apul,0.6006153014979796,0.7363999914757825,0.6932453118663088,0.6082108100043979,0.6044130557511888,0.7148226516710456,1.1826724205727743,0.11040959591985688,False,FUN_031966,0.7567365491166961,0.6687776306261023,1.0586676820781893,0.677366982250147,-0.08795891849059378,0.3019311329614932,-0.008589351624044728,0.38130069982804227,0.08795891849059378,0.3019311329614932,Medium Variability
FUN_032012,OG_06922,apul,0.46498224903798985,0.44982274367618946,0.4526381778187092,0.45724634829886546,0.4611142986684277,0.4512304607474493,0.9785653189469071,-0.009883837920978356,False,FUN_032012,0.9546778829760186,0.9702027133013812,0.9650002188380403,0.8485233426664605,0.01552483032536256,0.010322335862021692,0.12167937063492074,0.11647687617157987,0.01552483032536256,0.010322335862021692,Medium Variability
FUN_032022,OG_06931,apul,0.34174599237820585,0.18599714380729934,0.22994202146449416,0.485567045360586,0.4136565188693959,0.20796958263589677,0.502759108461093,-0.20568693623349915,False,FUN_032022,56.34090230264098,59.94825648159774,56.227647680748746,55.96097077976295,3.6073541789567614,-0.11325462189223146,3.987285701834786,0.266676900985793,3.6073541789567614,0.11325462189223146,Low Variability
FUN_032069,OG_06954,apul,0.6036427393366167,0.5644866065818088,0.4962634620409022,0.7379633504547801,0.6708030448956984,0.5303750343113556,0.7906568676858382,-0.14042801058434284,False,FUN_032069,12.92440507679943,13.828481034730451,12.759191459088582,12.74946050105881,0.9040759579310222,-0.16521361771084742,1.0790205336716419,0.009730958029772196,0.9040759579310222,0.16521361771084742,Medium Variability
FUN_032074,OG_06955,apul,0.710740230736523,0.31093171020807053,0.46757460376042487,0.6950208153655942,0.7028805230510586,0.3892531569842477,0.5537970454702321,-0.31362736606681096,False,FUN_032074,10.763960534920637,11.333301617640167,10.711910264198263,10.59421602964393,0.5693410827195304,-0.05205027072237378,0.7390855879962377,0.11769423455433348,0.5693410827195304,0.05205027072237378,Low Variability
FUN_032080,OG_12560,apul,0.750762405193974,1.2565445285610595,1.024869298744977,1.17619699843406,0.9634797018140169,1.1407069136530184,1.1839449357421046,0.17722721183900148,False,FUN_032080,0.8372698192328043,0.7579834450508751,0.6911932220085469,0.6362428019637769,-0.07928637418192919,-0.14607659722425737,0.1217406430870982,0.05495042004477002,0.07928637418192919,0.14607659722425737,Medium Variability
FUN_032147,OG_06998,apul,0.5086632357529891,0.47096390986596887,0.49214209296323325,0.5062801739775192,0.5074717048652542,0.48155300141460106,0.9489258155633817,-0.025918703450653113,False,FUN_032147,6.132839191364323,7.286229338817082,7.032937010156841,5.748194957543462,1.1533901474527584,0.9000978187925179,1.5380343812736195,1.284742052613379,1.1533901474527584,0.9000978187925179,Medium Variability
FUN_032148,OG_06999,apul,0.4169926579715579,0.312059918069476,0.37898450605795186,0.42002252984732996,0.4185075939094439,0.3455222120637139,0.8256055973466458,-0.07298538184573,False,FUN_032148,0.7278644963435374,0.4807434205728323,0.4204573310765576,0.608583435765576,-0.24712107577070513,-0.30740716526697986,-0.12784001519274374,-0.18812610468901847,0.24712107577070513,0.30740716526697986,Medium Variability
FUN_032150,OG_12568,apul,0.38480183688592545,0.16434223699801528,0.270501778935164,0.30282321512746346,0.34381252600669443,0.21742200796658961,0.6323853598119231,-0.12639051804010482,False,FUN_032150,2.9232777710344546,3.58286779283141,3.2234144133146434,3.3711182070372177,0.6595900217969555,0.30013664228018877,0.21174958579419245,-0.14770379372257425,0.6595900217969555,0.30013664228018877,Low Variability
FUN_032151,OG_07000,apul,0.2711673080783728,0.13998431694791733,0.1879721599279308,0.27111417872259547,0.2711407434004841,0.16397823843792406,0.6047716635331438,-0.10716250496256005,False,FUN_032151,0.8197509538589588,1.1012654416700296,0.6987525666162228,1.021818319896758,0.2815144878110708,-0.12099838724273604,0.07944712177327151,-0.32306575328053533,0.2815144878110708,0.12099838724273604,Low Variability
FUN_032241,OG_07042,apul,0.23187464269856486,0.07584694764092609,0.09705821097475602,0.12398776970943444,0.17793120620399966,0.08645257930784106,0.4858764302913927,-0.0914786268961586,False,FUN_032241,4.018331712641369,4.124678881754712,3.8798031555555554,3.8669546802802577,0.1063471691133433,-0.13852855708581346,0.2577242014744545,0.012848475275297755,0.1063471691133433,0.13852855708581346,Low Variability
FUN_032503,OG_07150,apul,0.31031857598964036,0.19116181400446947,0.1996514268492375,0.3411109270272212,0.32571475150843077,0.19540662042685347,0.599931748629431,-0.1303081310815773,False,FUN_032503,7.658484092069878,6.832020986659368,8.494915380536398,6.921155184533844,-0.8264631054105092,0.8364312884665202,-0.08913419787447552,1.5737601960025538,0.8264631054105092,0.8364312884665202,Low Variability
FUN_032524,OG_15060,apul,0.8844113339154711,0.48034200446014913,0.5771511324605271,0.5571789933121215,0.7207951636137964,0.5287465684603381,0.733560094672946,-0.1920485951534583,False,FUN_032524,0.5128474753841704,0.5516562840917308,0.5240271410284919,0.5077650320081716,0.03880880870756043,0.01117966564432149,0.04389125208355926,0.016262109020320326,0.03880880870756043,0.01117966564432149,Medium Variability
FUN_032526,OG_07153,apul,0.8898321850754228,0.38220321907101557,0.545789090962586,0.4042684898531458,0.6470503374642843,0.4639961550168008,0.7170943714134332,-0.1830541824474835,False,FUN_032526,0.5998022943688587,0.2921544247297808,0.5146994685846561,0.37170205807256235,-0.30764786963907786,-0.08510282578420258,-0.07954763334278153,0.14299741051209375,0.30764786963907786,0.08510282578420258,Medium Variability
FUN_032641,OG_07183,apul,0.679007424188909,0.474768545529612,0.5895990562118869,0.8649591354973893,0.7719832798431492,0.5321838008707495,0.689372185598214,-0.23979947897239973,False,FUN_032641,1.2699047704863593,1.4161320311259673,1.218793435868408,1.1922033450367033,0.146227260639608,-0.051111334617951254,0.22392868608926397,0.026590090831704716,0.146227260639608,0.051111334617951254,Medium Variability
FUN_032651,OG_12611,apul,0.39343919911972813,0.23851885473909207,0.2844273086012945,0.5356879830191397,0.4645635910694339,0.2614730816701933,0.562835931822116,-0.20309050939924062,False,FUN_032651,0.8784756618332031,0.7637171493874143,0.6827987972439066,0.8227989473501606,-0.11475851244578883,-0.19567686458929656,-0.05908179796274626,-0.140000150106254,0.11475851244578883,0.19567686458929656,Low Variability
FUN_032653,OG_12612,apul,0.6455032590969073,0.30450050614405005,0.5065271217395722,0.5256595875990838,0.5855814233479956,0.4055138139418111,0.6924977428814796,-0.1800676094061845,False,FUN_032653,2.347675123218228,2.547120192832177,2.410191579127247,2.3381579816106908,0.19944506961394914,0.062516455909019,0.20896221122148617,0.07203359751655602,0.19944506961394914,0.062516455909019,Medium Variability
FUN_032659,OG_12613,apul,1.0459511225491904,0.7677444234592036,0.612136790009072,0.8996671752006826,0.9728091488749365,0.6899406067341378,0.7092250391888902,-0.2828685421407987,False,FUN_032659,0.27603536919642857,0.3638372583705357,0.3058228517857143,0.535858511061508,0.08780188917410714,0.029787482589285708,-0.17202125269097224,-0.23003565927579367,0.08780188917410714,0.029787482589285708,Medium Variability
FUN_032682,OG_15070,apul,1.1604635176650953,1.0449954469928189,0.6558541316497972,0.8332082305912712,0.9968358741281833,0.850424789321308,0.8531241816162324,-0.14641108480687526,False,FUN_032682,0.5245888134504385,0.3707240926184926,0.4853705383949384,0.49242517689810195,-0.1538647208319459,-0.03921827505550013,-0.12170108427960935,-0.007054638503163568,0.1538647208319459,0.03921827505550013,Medium Variability
FUN_032684,OG_12616,apul,0.5999968435340778,1.121873965969441,0.7601152787039523,0.8707863680370432,0.7353916057855605,0.9409946223366967,1.279583034309328,0.20560301655113622,True,FUN_032684,2.892348473525433,2.456196950800415,2.6744925302376443,2.3157005312454904,-0.43615152272501767,-0.21785594328778846,0.14049641955492476,0.35879199899215397,0.43615152272501767,0.21785594328778846,Medium Variability
FUN_033014,OG_07252,apul,0.49635045087799123,0.422575019778114,0.3685903252255588,0.3642049428447276,0.4302776968613594,0.39558267250183643,0.919365970830921,-0.034695024359522986,False,FUN_033014,1.153191414093242,0.7164639990198176,0.8820476356239901,1.1159611045207205,-0.4367274150734244,-0.27114377846925186,-0.3994971055009029,-0.23391346889673037,0.4367274150734244,0.27114377846925186,Medium Variability
FUN_033015,OG_15086,apul,0.8304834069462953,0.42092115246508477,0.7994517412398459,0.5965862035340663,0.7135348052401809,0.6101864468524654,0.855160031958178,-0.1033483583877155,False,FUN_033015,0.49717048820037985,0.40157046873332425,0.403013882010582,0.414269949811197,-0.0956000194670556,-0.09415660618979782,-0.012699481077872776,-0.011256067800615,0.0956000194670556,0.09415660618979782,Medium Variability
FUN_033017,OG_15087,apul,0.7409691456008188,0.5553518446275468,0.4488720049737561,0.591804240807428,0.6663866932041234,0.5021119248006515,0.7534843206223023,-0.16427476840347188,False,FUN_033017,0.5668895832083334,0.4810829133244047,0.4016823437896826,0.40324398882738094,-0.08580666988392865,-0.1652072394186508,0.07783892449702379,-0.0015616450376983448,0.08580666988392865,0.1652072394186508,Medium Variability
FUN_033043,OG_12645,apul,1.125205130431644,0.7504045054932287,0.8715838375871267,1.42903358024045,1.277119355336047,0.8109941715401776,0.6350183075306862,-0.4661251837958693,False,FUN_033043,0.8635248433083028,0.7292993224050671,0.6949237028543955,0.7636470355641025,-0.1342255209032357,-0.16860114045390728,-0.0343477131590354,-0.06872333270970699,0.1342255209032357,0.16860114045390728,Low Variability
FUN_033043,OG_15089,apul,1.125205130431644,0.7504045054932287,0.8715838375871267,1.42903358024045,1.277119355336047,0.8109941715401776,0.6350183075306862,-0.4661251837958693,False,FUN_033043,0.8635248433083028,0.7292993224050671,0.6949237028543955,0.7636470355641025,-0.1342255209032357,-0.16860114045390728,-0.0343477131590354,-0.06872333270970699,0.1342255209032357,0.16860114045390728,Low Variability
FUN_033056,OG_07265,apul,1.5435692605872362,1.0304978075099762,1.1463049066168545,1.6569518056888668,1.6002605331380515,1.0884013570634155,0.6801400987682304,-0.511859176074636,False,FUN_033056,1.615684368510186,1.5135732970118319,1.5334194220034996,1.484800168429988,-0.10211107149835419,-0.08226494650668648,0.028773128581843777,0.04861925357351149,0.10211107149835419,0.08226494650668648,Medium Variability
FUN_033057,OG_12646,apul,0.7932924937291795,0.6204126874906409,0.7593994321423472,0.8938640768891999,0.8435782853091898,0.6899060598164941,0.8178328814659194,-0.15367222549269566,False,FUN_033057,0.6278876938792689,0.5752921566167629,0.5288808074314575,0.669361937333153,-0.05259553726250599,-0.09900688644781142,-0.09406978071639005,-0.14048112990169548,0.05259553726250599,0.09900688644781142,Medium Variability
FUN_033061,OG_12647,apul,1.22929528289616,0.691597241346033,0.5308403643243347,0.9794873851679817,1.104391334032071,0.6112188028351838,0.5534440410752393,-0.4931725311968872,False,FUN_033061,0.6143547081779724,0.48901724374812816,0.5272093779481132,0.721593429503594,-0.12533746442984428,-0.08714533022985926,-0.2325761857554658,-0.19438405155548077,0.12533746442984428,0.08714533022985926,Low Variability
FUN_033731,OG_07330,apul,0.007219948600827676,0.24244477191563735,0.12216700324321837,0.022138595186905603,0.01467927189386664,0.18230588757942787,12.41927316950916,0.16762661568556123,True,FUN_033731,15.746701443700397,16.288995623718584,16.243577174847058,15.187018077364419,0.5422941800181871,0.4968757311466607,1.1019775463541652,1.0565590974826389,0.5422941800181871,0.4968757311466607,High Variability
FUN_033732,OG_07331,apul,0.5127039074980319,0.3002415679701169,0.31679800623132387,0.32129212777252675,0.4169980176352793,0.30851978710072037,0.7398591217538167,-0.10847823053455896,False,FUN_033732,0.6770308086643639,0.5478406842585739,0.4723653555226581,0.41502687814993006,-0.12919012440579003,-0.2046654531417058,0.13281380610864385,0.05733847737272807,0.12919012440579003,0.2046654531417058,Medium Variability
FUN_033789,OG_12683,apul,0.3383645228275189,0.1626177267275119,0.20720979226491673,0.34381017211626896,0.34108734747189395,0.1849137594962143,0.5421302222635257,-0.15617358797567965,False,FUN_033789,1.8367315513478288,1.9178998394992264,1.6410231286810986,1.7723675732860746,0.08116828815139754,-0.19570842266673028,0.14553226621315174,-0.13134444460497607,0.08116828815139754,0.19570842266673028,Low Variability
FUN_033818,OG_07389,apul,0.3257243722546015,0.18046754822820765,0.2232917707242057,0.32900283030456384,0.32736360127958264,0.20187965947620667,0.6166832802642366,-0.12548394180337596,False,FUN_033818,0.5384370167001155,0.4785021932281214,0.3034778764732713,0.649535797036733,-0.05993482347199408,-0.23495914022684417,-0.17103360380861166,-0.34605792056346174,0.05993482347199408,0.23495914022684417,Low Variability
FUN_033824,OG_07394,apul,1.093478244070252,1.0294176274144182,1.156629530190069,1.0087338563846633,1.0511060502274576,1.0930235788022435,1.0398794475264557,0.04191752857478592,False,FUN_033824,0.3890187054802956,0.22282448383734718,0.5610306098134464,0.3878298682904579,-0.16619422164294842,0.17201190433315083,-0.16500538445311072,0.17320074152298853,0.16619422164294842,0.17201190433315083,Medium Variability
FUN_033855,OG_07404,apul,0.4224692940734575,0.16500238053856425,0.26436812148838845,0.4001931417154298,0.41133121789444366,0.21468525101347635,0.5219279297895867,-0.1966459668809673,False,FUN_033855,11.295909391267173,11.766525123073896,11.220795711444579,11.226573840516874,0.47061573180672234,-0.07511367982259465,0.5399512825570216,-0.005778129072295357,0.47061573180672234,0.07511367982259465,Low Variability
FUN_034050,OG_07508,apul,0.403976027461753,0.342459612558717,0.36573118666229726,0.433834197361765,0.418905112411759,0.3540953996105071,0.8452878447147054,-0.06480971280125186,False,FUN_034050,24.777609901260988,26.77749650732815,24.396672763369082,24.30843922186967,1.999886606067161,-0.3809371378919053,2.4690572854584794,0.08823354149941309,1.999886606067161,0.3809371378919053,Medium Variability
FUN_034107,OG_07531,apul,0.1495878055561736,0.09996688101735113,0.10262429151739781,0.1578325673863077,0.15371018647124063,0.10129558626737448,0.6590037302851559,-0.05241460020386615,False,FUN_034107,1.2181198310369894,1.0802326491038656,1.025383200067925,1.087612561473378,-0.13788718193312377,-0.19273663096906435,-0.007379912369512409,-0.06222936140545299,0.13788718193312377,0.19273663096906435,Low Variability
FUN_034203,OG_12722,apul,0.4024833391238948,0.19920155200498016,0.2761620660857478,0.36557922843393487,0.3840312837789148,0.23768180904536396,0.6189126227075719,-0.14634947473355087,False,FUN_034203,2.6198947759337994,2.673654077161281,2.614067827521101,2.7167439207191673,0.053759301227481515,-0.005826948412698485,-0.043089843557886365,-0.10267609319806636,0.053759301227481515,0.005826948412698485,Low Variability
FUN_034203,OG_15121,apul,0.4024833391238948,0.19920155200498016,0.2761620660857478,0.36557922843393487,0.3840312837789148,0.23768180904536396,0.6189126227075719,-0.14634947473355087,False,FUN_034203,2.6198947759337994,2.673654077161281,2.614067827521101,2.7167439207191673,0.053759301227481515,-0.005826948412698485,-0.043089843557886365,-0.10267609319806636,0.053759301227481515,0.005826948412698485,Low Variability
FUN_034361,OG_07620,apul,0.024494843380063552,0.13066810323496073,0.14506979963731834,0.06118388167670279,0.04283936252838317,0.13786895143613953,3.2182773808735976,0.09502958890775637,True,FUN_034361,11.044447312876985,11.109266182440477,10.463985653860028,10.67738618631313,0.06481886956349214,-0.5804616590169562,0.4318799961273463,-0.2134005324531021,0.06481886956349214,0.5804616590169562,High Variability
FUN_034365,OG_15137,apul,0.14519624111371277,0.09350563317147657,0.08420714360359143,0.12296090627975313,0.13407857369673296,0.088856388387534,0.6627187770397586,-0.045222185309198956,False,FUN_034365,11.463071606207205,12.18579323496343,12.042250833819638,11.412342437054543,0.7227216287562257,0.5791792276124337,0.7734507979088878,0.6299083967650958,0.7227216287562257,0.5791792276124337,Low Variability
FUN_034403,OG_15140,apul,0.44493458388872664,0.2707575740490046,0.3704191521140684,0.6787352994972268,0.5618349416929767,0.3205883630815365,0.5706095140959156,-0.24124657861144017,False,FUN_034403,0.7579306970331982,0.5485669136735767,0.6434304948888389,0.4598217602073006,-0.20936378335962147,-0.1145002021443593,0.0887451534662761,0.18360873468153827,0.20936378335962147,0.1145002021443593,Low Variability
FUN_034420,OG_07641,apul,0.3242096527105074,0.16241805497330167,0.23058249250017926,0.2869351594200332,0.3055724060652703,0.19650027373674045,0.6430563422495943,-0.10907213232852986,False,FUN_034420,23.438208601725524,24.846686699153956,23.843568387921344,24.04593682148096,1.408478097428432,0.40535978619582025,0.8007498776729953,-0.20236843355961653,1.408478097428432,0.40535978619582025,Low Variability
FUN_034923,OG_12785,apul,0.29974959632992715,0.17151694726409727,0.1723002196892606,0.24897251481919339,0.27436105557456025,0.17190858347667892,0.6265779343816569,-0.10245247209788133,False,FUN_034923,1.0466218317957618,1.2826640801018958,1.1508043986562742,1.0991380205638779,0.23604224830613396,0.1041825668605123,0.18352605953801793,0.05166637809239627,0.23604224830613396,0.1041825668605123,Low Variability
FUN_034983,OG_07772,apul,0.41485351115834196,0.2953776519609448,0.34827913619509665,0.5763274602095462,0.49559048568394404,0.3218283940780207,0.6493837217917503,-0.17376209160592332,False,FUN_034983,1.7498094976269645,1.3711115141699324,1.5810806548014882,1.2857559787693467,-0.3786979834570321,-0.1687288428254763,0.08535553540058571,0.2953246760321415,0.3786979834570321,0.1687288428254763,Low Variability
FUN_035089,OG_07821,apul,1.0468864646857328,0.7043505178185239,0.9308943568711794,1.0912254124117964,1.0690559385487646,0.8176224373448516,0.764807909354835,-0.25143350120391295,False,FUN_035089,0.45682129921001224,0.4802594474371184,0.4590219668083028,0.39373777527838827,0.02343814822710616,0.0022006675982905732,0.08652167215873013,0.06528419152991455,0.02343814822710616,0.0022006675982905732,Medium Variability
FUN_035090,OG_07822,apul,1.094238911008414,0.8299270352254658,0.9491391195781509,0.8682522273362797,0.981245569172347,0.8895330774018084,0.9065346181915548,-0.09171249177053853,False,FUN_035090,0.41343048876741173,0.3024552905274808,0.3026711016466904,0.4940501805501566,-0.1109751982399309,-0.11075938712072131,-0.19159489002267577,-0.19137907890346617,0.1109751982399309,0.11075938712072131,Medium Variability
FUN_035132,OG_12805,apul,1.0465943266473945,1.2208266472534346,1.2291015545325734,1.4142135623730951,1.2304039445102448,1.2249641008930041,0.995578814874975,-0.005439843617240703,False,FUN_035132,1.0213775920900834,0.7163463957208313,0.9305473558582883,0.9140663061139748,-0.30503119636925213,-0.09083023623179509,-0.19771991039314352,0.016481049744313525,0.30503119636925213,0.09083023623179509,Medium Variability
FUN_035166,OG_07836,apul,1.1025918944552966,1.098767767474867,1.133447740493003,1.190041983433935,1.146316938944616,1.116107753983935,0.9736467429431046,-0.030209184960680924,False,FUN_035166,1.5857624031372948,1.3810268134530594,1.4038388487145572,1.7850923535866912,-0.20473558968423533,-0.18192355442273755,-0.4040655401336317,-0.38125350487213394,0.20473558968423533,0.18192355442273755,Medium Variability
FUN_035271,OG_07892,apul,0.20333617110902263,0.11301852599517866,0.14712109516260333,0.2265569626204066,0.2149465668647146,0.130069810578891,0.6051262528922164,-0.08487675628582361,False,FUN_035271,13.452975123850258,15.338981173688635,14.074541629409755,14.26323096498213,1.886006049838377,0.6215665055594961,1.0757502087065056,-0.18868933557237533,1.886006049838377,0.6215665055594961,Low Variability
FUN_035383,OG_12837,apul,1.5286723140036833,0.8450649273681515,1.103930825731904,1.2668866905501155,1.3977795022768995,0.9744978765500278,0.6971756811161052,-0.42328162572687167,False,FUN_035383,3.9864836048952705,4.340062782646866,3.991819017945508,4.054447595009001,0.35357917775159553,0.0053354130502376584,0.2856151876378652,-0.06262857706349267,0.35357917775159553,0.0053354130502376584,Medium Variability
FUN_035431,OG_12844,apul,1.1634503928816955,0.5605795505590365,0.8593775614894813,1.0471028627835788,1.1052766278326371,0.7099785560242589,0.642353722268128,-0.3952980718083783,False,FUN_035431,1.7285451621677559,1.4271380623031433,1.3642571398241519,1.5935562311935885,-0.30140709986461256,-0.364288022343604,-0.16641816889044514,-0.2292990913694366,0.30140709986461256,0.364288022343604,Low Variability
FUN_035508,OG_07958,apul,0.762124744015835,0.5190695943334698,0.5865492447805458,0.7124348324405487,0.7372797882281918,0.5528094195570078,0.749795977569794,-0.18447036867118405,False,FUN_035508,0.4168275547619048,0.755567117192691,0.498900515485419,0.41850131536544855,0.3387395624307862,0.08207296072351422,0.33706580182724244,0.08039920011997048,0.3387395624307862,0.08207296072351422,Medium Variability
FUN_035728,OG_12878,apul,0.12699492910626478,0.04670745076230155,0.07044955854684654,0.14252911565159912,0.13476202237893195,0.058578504654574044,0.4346811039230287,-0.07618351772435791,False,FUN_035728,0.45123554733856897,0.44877407693634175,0.36885772477769463,0.4404660511634671,-0.002461470402227217,-0.08237782256087434,0.00830802577287465,-0.07160832638577247,0.002461470402227217,0.08237782256087434,Low Variability
FUN_035733,OG_12880,apul,0.09776308505829591,0.03628924847055604,0.04621440997723702,0.08701451281981888,0.0923887989390574,0.04125182922389653,0.44650249486528726,-0.051136969715160865,False,FUN_035733,1.3726153678196054,1.2065341261381917,1.3332040977624948,1.4053539571281102,-0.1660812416814137,-0.03941127005711054,-0.1988198309899185,-0.07214985936561535,0.1660812416814137,0.03941127005711054,Low Variability
FUN_035801,OG_08077,apul,0.6865878113734569,0.6480222281346663,0.6919487357675452,0.7822156029825018,0.7344017071779794,0.6699854819511057,0.9122874789134136,-0.06441622522687362,False,FUN_035801,0.49346216060681214,0.35403499385334,0.39563821391989085,0.5941907221126819,-0.13942716675347216,-0.09782394668692129,-0.2401557282593419,-0.19855250819279102,0.13942716675347216,0.09782394668692129,Medium Variability
FUN_035808,OG_12888,apul,0.6029340008161472,0.44441464597229025,0.43423578627179416,0.574209795796338,0.5885718983062427,0.43932521612204223,0.7464257423541734,-0.14924668218420045,False,FUN_035808,5.934957831824032,6.398708290324415,6.010106793262744,6.04870134499337,0.46375045850038354,0.07514896143871219,0.35000694533104504,-0.038594551730626314,0.46375045850038354,0.07514896143871219,Medium Variability
FUN_035809,OG_12889,apul,0.7066175114332521,0.6911678739779664,0.7144250619896227,0.7363230539009284,0.7214702826670902,0.7027964679837946,0.9741170008912032,-0.018673814683295653,False,FUN_035809,5.340597596494555,5.8689453306824095,5.528177520377495,5.4562112593114565,0.5283477341878546,0.1875799238829403,0.4127340713709531,0.07196626106603876,0.5283477341878546,0.1875799238829403,Medium Variability
FUN_035810,OG_08083,apul,0.40500731650533844,0.15337699913854794,0.24708263007478132,0.47788915987344693,0.4414482381893927,0.2002298146066646,0.4535748413628527,-0.2412184235827281,False,FUN_035810,0.6589977091861599,0.577837391558758,0.621000339773914,0.6540268520041423,-0.08116031762740183,-0.03799736941224585,-0.07618946044538433,-0.033026512230228344,0.08116031762740183,0.03799736941224585,Low Variability
FUN_035837,OG_08096,apul,0.11811282798950637,0.09529635736502384,0.1780246878389584,0.3116979285349826,0.21490537826224448,0.13666052260199113,0.6359102024670001,-0.07824485566025335,False,FUN_035837,1.6633900911302175,1.736171564526119,1.6959791390190644,1.7527709805062148,0.07278147339590157,0.03258904788884687,-0.016599415980095733,-0.05679184148715044,0.07278147339590157,0.03258904788884687,Low Variability
FUN_035908,OG_08143,apul,0.36895266517080433,0.2824715730217619,0.3643486686395575,0.4226286231221996,0.395790644146502,0.3234101208306597,0.817124218608233,-0.07238052331584233,False,FUN_035908,0.5471718690367471,0.2917998873106472,0.49643195022106257,0.4831210371240125,-0.2553719817260999,-0.050739918815684515,-0.1913211498133653,0.01331091309705007,0.2553719817260999,0.050739918815684515,Medium Variability
FUN_035910,OG_15208,apul,0.24951471245176213,0.156038886902182,0.29281720768130864,0.286578296947884,0.26804650469982305,0.22442804729174531,0.8372727991475781,-0.04361845740807774,False,FUN_035910,0.6457354802118764,0.6512258980690193,0.7398020136727608,0.8360448765731292,0.005490417857142882,0.09406653346088434,-0.1848189785041099,-0.09624286290036843,0.005490417857142882,0.09406653346088434,Medium Variability
FUN_035913,OG_08144,apul,0.7458202996271415,0.5414102801706098,0.6120993225564434,0.696726221138378,0.7212732603827597,0.5767548013635266,0.7996342482701477,-0.1445184590192331,False,FUN_035913,0.5735264670251885,0.710294987701477,0.3973590106575964,0.45116380567353065,0.13676852067628853,-0.17616745636759212,0.2591311820279464,-0.05380479501593427,0.13676852067628853,0.17616745636759212,Medium Variability
FUN_035914,OG_08145,apul,1.1974289148501795,0.6683582902018126,0.8063836014214454,1.5318173337975345,1.364623124323857,0.737370945811629,0.5403476847697282,-0.6272521785122279,False,FUN_035914,1.6893551782773872,1.7967898208300808,1.6722356226932085,1.6387021335447567,0.10743464255269353,-0.01711955558417877,0.15808768728532407,0.03353348914845178,0.10743464255269353,0.01711955558417877,Low Variability
FUN_036035,OG_08192,apul,1.3668181141842894,0.7503258691394972,0.8321227320743694,0.9298099211430839,1.1483140176636866,0.7912243006069333,0.6890313001810483,-0.3570897170567533,False,FUN_036035,0.45521826934101656,0.4428770416603343,0.5237810226306568,0.40326480494659744,-0.012341227680682243,0.06856275328964029,0.03961223671373687,0.1205162176840594,0.012341227680682243,0.06856275328964029,Medium Variability
FUN_036171,OG_08259,apul,1.1050333544025137,0.5738880203230843,0.9276542284298218,1.4154759377507324,1.260254646076623,0.750771124376453,0.595729701702529,-0.5094835217001701,False,FUN_036171,2.1867208262100934,2.134695602650547,2.123042159483174,2.1283915290744666,-0.05202522355954642,-0.06367866672691935,0.006304073576080427,-0.005349369591292508,0.05202522355954642,0.06367866672691935,Low Variability
FUN_036183,OG_08271,apul,0.43640535872308744,0.3435650813191983,0.3528296394502341,0.40665195897932216,0.42152865885120483,0.34819736038471616,0.8260348450178002,-0.07333129846648867,False,FUN_036183,9.533584149884375,10.277742507954148,9.783067291955307,9.663565311338537,0.7441583580697735,0.24948314207093247,0.6141771966156107,0.11950198061676964,0.7441583580697735,0.24948314207093247,Medium Variability
FUN_036236,OG_12927,apul,0.25142649231860764,0.05987304665244336,0.07328687835199135,0.10591638831569977,0.1786714403171537,0.06657996250221736,0.3726390876126229,-0.11209147781493635,False,FUN_036236,1.6769864864197532,1.5957183763135228,1.3306235794317296,1.5336351941870718,-0.08126811010623047,-0.34636290698802363,0.06208318212645092,-0.20301161475534224,0.08126811010623047,0.34636290698802363,Low Variability
FUN_036817,OG_08331,apul,1.1664390943527292,0.6462715274911968,0.8178775390453269,1.4255467713793437,1.2959929328660365,0.7320745332682619,0.5648754053382902,-0.5639183995977746,False,FUN_036817,0.5940607753600999,0.7088148976490957,0.6790899704202915,0.7760151592571926,0.11475412228899573,0.08502919506019158,-0.06720026160809689,-0.09692518883690104,0.11475412228899573,0.08502919506019158,Low Variability
FUN_036876,OG_12952,apul,0.3702944938727189,0.3014313237342236,0.3576503251558912,0.4464132454083992,0.4083538696405591,0.3295408244450574,0.8069981673863542,-0.0788130451955017,False,FUN_036876,2.3132138108205225,2.2446011690372036,2.35875972935206,2.135034066261509,-0.06861264178331883,0.045545918531537666,0.10956710277569481,0.2237256630905513,0.06861264178331883,0.045545918531537666,Medium Variability
FUN_036881,OG_08347,apul,0.3815137175719025,0.19853543264011492,0.295747082039981,0.39768124544565375,0.38959748150877815,0.24714125734004797,0.6343502437001239,-0.1424562241687302,False,FUN_036881,18.393987541059165,19.233952659132758,18.38180973665512,18.343182981546178,0.839965118073593,-0.012177804404043258,0.8907696775865794,0.0386267551089432,0.839965118073593,0.012177804404043258,Low Variability
FUN_037097,OG_08432,apul,0.6313734620856836,0.24656661523218515,0.36069184363329815,0.6477299335945363,0.6395516978401099,0.3036292294327416,0.47475322238711337,-0.3359224684073683,False,FUN_037097,72.01125803867411,78.63657963585543,73.41201790323596,73.47681986964695,6.625321597181312,1.4007598645618486,5.159759766208481,-0.06480196641098246,6.625321597181312,1.4007598645618486,Low Variability
FUN_037103,OG_12972,apul,0.5409706371346376,0.23313841428801974,0.4143029939345993,0.5725765847244414,0.5567736109295395,0.3237207041113095,0.5814224987618475,-0.23305290681823,False,FUN_037103,20.73369951176764,22.76125593499543,19.70560309920012,20.077703190270505,2.0275564232277894,-1.0280964125675212,2.683552744724924,-0.37210009107038644,2.0275564232277894,1.0280964125675212,Low Variability
FUN_037296,OG_12990,apul,0.6302251304014455,0.3562855974990522,0.29020810612166503,0.6091752285668223,0.6197001794841339,0.3232468518103586,0.5216181348849112,-0.2964533276737753,False,FUN_037296,0.8307594620919881,0.6189560458998634,0.7560422097204559,0.5828217689946305,-0.21180341619212473,-0.07471725237153226,0.036134276905232965,0.17322044072582543,0.21180341619212473,0.07471725237153226,Low Variability
FUN_037377,OG_08497,apul,0.15583690767695768,0.11969092877803814,0.1070550139880412,0.15160179697085238,0.15371935232390505,0.11337297138303967,0.7375321953227416,-0.04034638094086537,False,FUN_037377,10.247823438318736,10.521318487850452,10.43453347100894,10.04084270707748,0.2734950495317161,0.18671003269020403,0.4804757807729718,0.39369076393145974,0.2734950495317161,0.18671003269020403,Medium Variability
FUN_037469,OG_08528,apul,0.4818325966115781,0.23553435537728612,0.29596514101979715,0.3015396407039677,0.3916861186577729,0.26574974819854164,0.6784762991070782,-0.12593637045923128,False,FUN_037469,1.0156571283267692,0.9397375632638143,0.9196006692460318,1.0061926804063732,-0.07591956506295494,-0.09605645908073746,-0.06645511714255892,-0.08659201116034143,0.07591956506295494,0.09605645908073746,Medium Variability
FUN_037479,OG_13013,apul,0.7973728463299077,0.5683440616815285,0.6570932781600753,0.8015574928818514,0.7994651696058795,0.6127186699208019,0.7664107120800022,-0.18674649968507762,False,FUN_037479,4.092049773711029,4.135111309305185,3.873517460410831,3.655164911394639,0.043061535594156375,-0.21853231330019796,0.4799463979105463,0.21835254901619194,0.043061535594156375,0.21853231330019796,Medium Variability
FUN_037499,OG_08545,apul,0.4297844890769017,0.182164447547835,0.2647714051614522,0.4133802898633602,0.42158238947013094,0.2234679263546436,0.5300694050230869,-0.19811446311548733,False,FUN_037499,1.1316648324628407,1.2138243152393569,1.0785126533776035,0.9812516012030921,0.08215948277651619,-0.05315217908523717,0.23257271403626478,0.09726105217451142,0.08215948277651619,0.05315217908523717,Low Variability
FUN_037510,OG_13016,apul,0.6081784472479226,0.43135829027116074,0.6131629008512831,0.7840574129513298,0.6961179300996262,0.522260595561222,0.7502472971590858,-0.17385733453840424,False,FUN_037510,0.8870075800389944,0.7236987014579319,0.7600449290136709,0.7772674490467016,-0.16330887858106247,-0.12696265102532345,-0.05356874758876973,-0.017222520033030708,0.16330887858106247,0.12696265102532345,Medium Variability
FUN_037679,OG_13026,apul,0.9153693317041496,0.8136653549239254,0.8545499277718057,1.118201556191754,1.0167854439479518,0.8341076413478656,0.8203379054180902,-0.18267780260008615,False,FUN_037679,2.0352143291957914,2.069508264539191,2.016994847110274,2.1175941132604303,0.03429393534339953,-0.01821948208551749,-0.048085848721239444,-0.10059926615015646,0.03429393534339953,0.01821948208551749,Medium Variability
FUN_037730,OG_13031,apul,1.7320508075688774,1.4641696538492717,1.133257827431163,1.7320508075688772,1.7320508075688772,1.2987137406402174,0.7498127277588954,-0.4333370669286598,False,FUN_037730,0.5406192301587301,0.5257936481481482,0.7964257833333332,0.34163227037037036,-0.014825582010581928,0.2558065531746031,0.18416137777777786,0.4547935129629629,0.014825582010581928,0.2558065531746031,Medium Variability
FUN_037735,OG_13032,apul,0.6758133597023654,0.2873293625454203,0.25425207321433707,0.7295977960630214,0.7027055778826934,0.2707907178798787,0.38535444488115805,-0.4319148600028147,False,FUN_037735,0.7881200174771439,0.791186358291267,0.5762756810673622,0.6395795403513937,0.0030663408141231585,-0.21184433640978173,0.1516068179398733,-0.0633038592840316,0.0030663408141231585,0.21184433640978173,Low Variability
FUN_037736,OG_13033,apul,0.5809790108836147,0.5216442087866506,0.8308612487290898,1.2334029173714167,0.9071909641275158,0.6762527287578702,0.7454359175724941,-0.23093823536964553,False,FUN_037736,0.8667982240656033,0.8654344715869106,0.8806482819551958,1.1153609225819063,-0.0013637524786926924,0.013850057889592593,-0.24992645099499577,-0.2347126406267105,0.0013637524786926924,0.013850057889592593,Medium Variability
FUN_037777,OG_08622,apul,0.44451303903139233,0.2550064432202846,0.32298628610169705,0.3582311404112894,0.40137208972134086,0.2889963646609908,0.7200210778523023,-0.11237572506035004,False,FUN_037777,1.5448804512757082,1.608253650315289,1.6241795332162259,1.5354683733521814,0.06337319903958094,0.07929908194051771,0.07278527696310766,0.08871115986404443,0.06337319903958094,0.07929908194051771,Medium Variability
FUN_037812,OG_08639,apul,0.5429157185550855,0.4732048671821557,0.5431931950584916,0.5530068561785042,0.5479612873667948,0.5081990311203237,0.9274360120629197,-0.03976225624647112,False,FUN_037812,6.794225234867322,7.453048397401289,7.037139579880843,6.781557510605022,0.6588231625339667,0.24291434501352072,0.671490886796267,0.25558206927582106,0.6588231625339667,0.24291434501352072,Medium Variability
FUN_037870,OG_08658,apul,0.04083653762061591,0.04464076156000013,0.04571294316663374,0.04928233604142906,0.04505943683102248,0.045176852363316936,1.0026057922724327,0.00011741553229445423,False,FUN_037870,25.40434201584169,27.206979271161536,25.20920110082796,25.880162961833154,1.8026372553198478,-0.19514091501372732,1.3268163093283825,-0.6709618610051926,1.8026372553198478,0.19514091501372732,Medium Variability
FUN_037896,OG_08663,apul,1.1768842482845885,0.6521442155437609,0.756144227179286,1.0546485267080619,1.115766387496325,0.7041442213615234,0.631085708668422,-0.4116221661348016,False,FUN_037896,0.6838322796925875,0.6013915620662902,0.6972832635594729,0.6669454267132173,-0.08244071762629734,0.013450983866885369,-0.06555386464692714,0.030337836846255573,0.08244071762629734,0.013450983866885369,Low Variability
FUN_037939,OG_15283,apul,0.7014493746248778,0.8577154218063996,0.8181752450031728,0.8775134778866069,0.7894814262557424,0.8379453334047862,1.06138701372481,0.048463907149043806,False,FUN_037939,0.5724849811261732,0.3994944563549994,0.8162466045128026,0.5397089625564825,-0.17299052477117377,0.24376162338662943,-0.14021450620148307,0.27653764195632013,0.17299052477117377,0.24376162338662943,Medium Variability
FUN_037940,OG_13050,apul,0.10201914496026897,0.08154176923380088,0.10661094988759248,0.10548458897514412,0.10375186696770655,0.09407635956069668,0.9067437754154204,-0.00967550740700987,False,FUN_037940,0.4888827115148983,0.511934122556391,0.34950438405736567,0.6209989190801077,0.02305141104149272,-0.13937832745753265,-0.1090647965237167,-0.27149453502274207,0.02305141104149272,0.13937832745753265,Medium Variability
FUN_037969,OG_08717,apul,0.7989910600659548,0.686059145226291,0.686561562534773,0.8730743288648589,0.8360326944654068,0.686310353880532,0.8209132949272834,-0.14972234058487488,False,FUN_037969,2.9444376564221857,3.042749071542602,2.952583255261104,2.9650365166575443,0.09831141512041652,0.0081455988389183,0.0777125548850579,-0.012453261396440318,0.09831141512041652,0.0081455988389183,Medium Variability
FUN_038045,OG_08768,apul,0.5685866984348729,0.4437240684684551,0.4374630948665387,0.839177260678799,0.703881979556836,0.4405935816674969,0.6259480913901143,-0.26328839788933905,False,FUN_038045,1.0422908300290588,0.915569268760155,1.0744285082270966,1.1882692861939133,-0.12672156126890377,0.03213767819803781,-0.27270001743375827,-0.11384077796681669,0.12672156126890377,0.03213767819803781,Low Variability
FUN_038046,OG_13059,apul,1.0377741729748107,1.5362160739684674,2.0365203001346925,1.9041414041906926,1.4709577885827516,1.78636818705158,1.2144251867164197,0.31541039846882835,True,FUN_038046,0.48001964188299623,0.5625244997624356,0.5454793855284812,0.6280636196753729,0.08250485787943934,0.06545974364548496,-0.06553911991293737,-0.08258423414689176,0.08250485787943934,0.06545974364548496,Medium Variability
FUN_038124,OG_13066,apul,0.12359826745878301,0.0951450185922435,0.12055391642877221,0.11546436850180533,0.11953131798029418,0.10784946751050786,0.9022695418475,-0.011681850469786315,False,FUN_038124,1.3484939499884645,1.0860985060746586,1.3360880940568476,1.2766281602597822,-0.26239544391380587,-0.012405855931616916,-0.19052965418512358,0.05945993379706538,0.26239544391380587,0.012405855931616916,Medium Variability
FUN_038187,OG_08842,apul,0.9243902093902441,0.7845310019924395,1.1897675181331084,1.3093493166270795,1.116869763008662,0.987149260062774,0.88385350983409,-0.12972050294588788,False,FUN_038187,0.9995653046477715,1.114325073846267,1.2095578020686362,1.165792880952381,0.1147597691984954,0.20999249742086468,-0.051467807106114094,0.043764921116255184,0.1147597691984954,0.20999249742086468,Medium Variability
FUN_038210,OG_08849,apul,0.9553263632345352,1.193300758151649,0.9759046657704754,1.0825280994642696,1.0189272313494024,1.0846027119610622,1.0644555161458227,0.06567548061165973,False,FUN_038210,0.5344251208362752,0.5045558163169112,0.5413816614876703,0.6538446569977249,-0.029869304519364093,0.00695654065139506,-0.14928884068081372,-0.11246299551005456,0.029869304519364093,0.00695654065139506,Medium Variability
FUN_038219,OG_15303,apul,1.2428348050029316,0.7701479638168085,0.929314015680226,1.446773228576683,1.3448040167898072,0.8497309897485172,0.6318623227917753,-0.49507302704128997,False,FUN_038219,0.6681776942648081,0.5870208714456905,0.6084480165010425,0.539484660124092,-0.08115682281911762,-0.05972967776376559,0.047536211321598465,0.0689633563769505,0.08115682281911762,0.05972967776376559,Low Variability
FUN_038241,OG_08856,apul,0.653986678948096,0.27139818282742706,0.3948145674413288,0.5168591646345936,0.5854229217913448,0.3331063751343779,0.5690012514629602,-0.2523165466569669,False,FUN_038241,5.713487917841181,6.644263085503264,6.500615726786193,6.186676266476714,0.930775167662083,0.7871278089450122,0.45758681902654974,0.31393946030947895,0.930775167662083,0.7871278089450122,Low Variability
FUN_038271,OG_08874,apul,0.687688419515393,0.4728832051776136,0.5204573182105616,0.826517505816896,0.7571029626661445,0.4966702616940876,0.6560141568394595,-0.2604327009720569,False,FUN_038271,1.3202727986131289,1.2734062128767825,1.2583704494065107,1.3174450276575196,-0.04686658573634639,-0.06190234920661819,-0.04403881478073712,-0.059074578251008925,0.04686658573634639,0.06190234920661819,Low Variability
FUN_038277,OG_08878,apul,0.6131501625780708,0.49940701746886684,0.5703562651357985,0.6167629500807293,0.6149565563294,0.5348816413023327,0.8697876879221768,-0.08007491502706732,False,FUN_038277,23.255798381109308,25.218601514379756,20.734022512072105,22.450112224418437,1.962803133270448,-2.521775869037203,2.7684892899613196,-1.7160897123463315,1.962803133270448,2.521775869037203,Medium Variability
FUN_038348,OG_08914,apul,0.6593737532458215,0.3887750097562494,0.4967231724973211,0.6750955169072188,0.6672346350765201,0.4427490911267853,0.6635583164474214,-0.22448554394973486,False,FUN_038348,0.6474887622719181,0.6673572771110452,0.7591827249147012,0.6563937484872835,0.019868514839127105,0.11169396264278308,0.010963528623761709,0.10278897642741769,0.019868514839127105,0.11169396264278308,Low Variability
FUN_038364,OG_15312,apul,0.9020282397175394,0.6618146311071711,0.7026281068435544,0.8508480236013728,0.876438131659456,0.6822213689753627,0.7784021990047814,-0.19421676268409338,False,FUN_038364,1.6312716194866599,1.5406179936198356,1.9530542902848134,1.7920690271417314,-0.09065362586682424,0.3217826707981535,-0.2514510335218958,0.16098526314308192,0.09065362586682424,0.3217826707981535,Medium Variability
FUN_038376,OG_08920,apul,0.2060957136323935,0.13509122579825414,0.16927879907439247,0.1974904765334911,0.2017930950829423,0.15218501243632332,0.7541636267275214,-0.04960808264661898,False,FUN_038376,23.48843251962475,24.878761505101828,23.392043238418164,23.504073178142825,1.3903289854770762,-0.09638928120658719,1.374688326959003,-0.11202993972466047,1.3903289854770762,0.09638928120658719,Medium Variability
FUN_038506,OG_13091,apul,0.07757751907137014,0.05641314501302939,0.10006812679832375,0.05306239040665109,0.06531995473901062,0.07824063590567656,1.1978060336736487,0.012920681166665948,False,FUN_038506,43.246337,45.887445875,41.07683985714285,44.826839785714284,2.6411088750000005,-2.1694971428571463,1.060606089285713,-3.749999928571434,2.6411088750000005,2.1694971428571463,Medium Variability
FUN_038548,OG_09003,apul,0.9128329191020836,0.5248937522772882,0.5749718818464779,0.8528802616618562,0.8828565903819698,0.549932817061883,0.6229016388991936,-0.3329237733200868,False,FUN_038548,0.8989650403423918,0.8558893138548159,0.8101841296567772,0.8348837386541179,-0.04307572648757585,-0.08878091068561456,0.021005575200698012,-0.024699608997340694,0.04307572648757585,0.08878091068561456,Low Variability
FUN_038614,OG_09024,apul,0.4916396168598288,0.17915485757366503,0.23853458993825355,0.35500431359595264,0.42332196522789073,0.2088447237559593,0.4933472413687063,-0.21447724147193142,False,FUN_038614,0.7287938875963719,0.8185540781027967,0.7918928574097694,0.7673613776318027,0.08976019050642481,0.06309896981339758,0.051192700470994,0.02453147977796677,0.08976019050642481,0.06309896981339758,Low Variability
FUN_038814,OG_15334,apul,0.16606032467319382,0.14011795594400106,0.1630413683574484,0.16918661412454813,0.16762346939887096,0.15157966215072471,0.9042866293981247,-0.016043807248146247,False,FUN_038814,10.660006173970459,11.15106643401014,10.900679267383158,10.564225320908289,0.4910602600396814,0.24067309341269905,0.5868411131018512,0.3364539464748688,0.4910602600396814,0.24067309341269905,Medium Variability
FUN_038933,OG_09106,apul,0.4119656314980929,0.18118184321868613,0.2537016106150924,0.29807658529327663,0.3550211083956848,0.21744172691688926,0.6124754888504884,-0.13757938147879553,False,FUN_038933,6.904941882281847,7.1446476781907595,6.9361339580422605,6.943066814389453,0.23970579590891283,0.03119207576041383,0.2015808638013068,-0.006932856347192207,0.23970579590891283,0.03119207576041383,Low Variability
FUN_039285,OG_13149,apul,1.3319031558523597,1.559803820721773,1.6428087340602537,1.7218956496728939,1.5268994027626268,1.6013062773910134,1.0487306986260927,0.07440687462838658,False,FUN_039285,4.385994026190476,4.069633342857143,2.7991174585714287,3.5606694142857145,-0.31636068333333256,-1.586876567619047,0.5089639285714287,-0.7615519557142858,0.31636068333333256,1.586876567619047,Medium Variability
FUN_039330,OG_13153,apul,0.7271119202819423,0.6384339378758187,0.6879268347668718,0.8077232247846889,0.7674175725333157,0.6631803863213452,0.8641714889745437,-0.10423718621197042,False,FUN_039330,30.832131668065998,29.306943549965194,28.658152105288686,28.95268806359417,-1.5251881181008038,-2.173979562777312,0.35425548637102366,-0.2945359583054845,1.5251881181008038,2.173979562777312,Medium Variability
FUN_039344,OG_13154,apul,0.6385038800020508,0.9826562864157027,1.0210071306753397,0.8091254925305712,0.7238146862663111,1.001831708545521,1.384099725460558,0.27801702227921,True,FUN_039344,23.60962575,27.945793999999996,25.833333250000003,16.4285715,4.3361682499999965,2.2237075000000033,11.517222499999995,9.404761750000002,4.3361682499999965,2.2237075000000033,Medium Variability
FUN_039850,OG_09174,apul,0.9920108377161121,0.937903257143075,0.9547749083598648,1.8750232604180361,1.4335170490670741,0.9463390827514699,0.6601519551981212,-0.48717796631560417,False,FUN_039850,6.616952892435202,7.1204733904470565,6.638882944974884,6.82834940924553,0.5035204980118548,0.021930052539682166,0.2921239812015264,-0.18946646427064628,0.5035204980118548,0.021930052539682166,Low Variability
FUN_039881,OG_13190,apul,0.5086677562834327,0.19439987032331227,0.23404995210050233,0.45185564214862045,0.48026169921602657,0.2142249112119073,0.44605870416401194,-0.2660367880041193,False,FUN_039881,7.449962196580433,8.21963756687439,7.826043772844151,7.605658029404803,0.7696753702939567,0.37608157626371774,0.6139795374695867,0.2203857434393477,0.7696753702939567,0.37608157626371774,Low Variability
FUN_039882,OG_13191,apul,0.3376864700552481,0.13233083055235756,0.15516047827747156,0.3130382698035404,0.32536236992939427,0.14374565441491455,0.44180171925262374,-0.18161671551447972,False,FUN_039882,1.62647103060432,1.4616941225649147,1.4235703096548915,1.4393958543995276,-0.16477690803940526,-0.20290072094942846,0.02229826816538716,-0.015825544744636044,0.16477690803940526,0.20290072094942846,Low Variability
FUN_039969,OG_13197,apul,0.5077322833144139,0.3330348677440236,0.453686407341824,0.6197671816593305,0.5637497324868722,0.39336063754292383,0.6977575595604985,-0.17038909494394838,False,FUN_039969,1.136899060435268,1.0683735245396826,1.138575548217262,1.1653952092708333,-0.06852553589558541,0.0016764877819939183,-0.09702168473115069,-0.026819661053571364,0.06852553589558541,0.0016764877819939183,Medium Variability
FUN_039983,OG_15374,apul,0.2814090762950246,0.10519393953587577,0.27871426114210673,0.2794602983401204,0.2804346873175725,0.19195410033899124,0.6844877221683235,-0.08848058697858124,False,FUN_039983,0.33697454535028676,0.42690131417352284,0.2808175037355605,0.4366687549218815,0.08992676882323608,-0.05615704161472623,-0.009767440748358669,-0.15585125118632098,0.08992676882323608,0.05615704161472623,Medium Variability
FUN_040002,OG_13201,apul,0.8199863858071431,0.47585733943582736,0.5440792173433061,0.5676330094467267,0.6938096976269349,0.5099682783895667,0.7350261608245483,-0.1838414192373682,False,FUN_040002,0.6501738612314388,0.7266330567485919,0.6247727712749616,0.563869591953405,0.07645919551715308,-0.025401089956477274,0.16276346479518689,0.06090317932155653,0.07645919551715308,0.025401089956477274,Medium Variability
FUN_040013,OG_15375,apul,0.36739003044844537,0.42100518630438377,0.4407740892798747,0.5135298905944642,0.44045996052145475,0.43088963779212924,0.9782719802317665,-0.009570322729325509,False,FUN_040013,0.6846642613731656,0.5508741248302885,0.4152576469651592,0.5726195123589898,-0.13379013654287708,-0.2694066144080064,-0.021745387528701254,-0.15736186539383057,0.13379013654287708,0.2694066144080064,Medium Variability
FUN_040037,OG_09247,apul,0.3224730991887564,0.20026519673583662,0.2428126952196141,0.30209061291460915,0.3122818560516828,0.22153894597772536,0.7094198451960673,-0.09074291007395743,False,FUN_040037,0.3964910378361858,0.4132251948839601,0.37119308934004736,0.4114632756587883,0.016734157047774312,-0.025297948496138423,0.0017619192251717708,-0.040270186318740964,0.016734157047774312,0.025297948496138423,Medium Variability
FUN_040120,OG_13211,apul,0.8028758353976639,0.6263801524156779,0.8037937401565557,0.8416352307774395,0.8222555330875517,0.7150869462861168,0.8696651071486023,-0.10716858680143493,False,FUN_040120,2.232721918148664,2.1632849235120535,2.324968802566574,2.0610372414560576,-0.06943699463661046,0.09224688441790985,0.10224768205599588,0.2639315611105162,0.06943699463661046,0.09224688441790985,Medium Variability
FUN_040121,OG_15383,apul,0.3318210729179968,0.17697178695653415,0.5485978418299133,0.4097522754507525,0.3707866741843746,0.36278481439322374,0.9784192357809172,-0.008001859791150867,False,FUN_040121,0.5166465095659573,0.3137872606808856,0.489635209413271,0.5402643669306868,-0.20285924888507167,-0.02701130015268627,-0.22647710624980122,-0.05062915751741581,0.20285924888507167,0.02701130015268627,Medium Variability
FUN_040159,OG_13214,apul,,2.7369313269608497,2.756718410413736,4.0,,2.746824868687293,,,False,FUN_040159,0.7123528426846101,0.9546884122245226,0.8397882296503336,0.7733190513825627,0.24233556953991253,0.12743538696572354,0.18136936084195987,0.06646917826777088,0.24233556953991253,0.12743538696572354,Medium Variability
FUN_040162,OG_13215,apul,0.5115971539288662,0.5618377835154426,0.3338873908085018,0.29736524720243007,0.4044812005656481,0.4478625871619722,1.1072519230452669,0.04338138659632407,False,FUN_040162,1.112114903765471,2.1186292565528637,1.6449073097921474,1.921244354693728,1.0065143527873928,0.5327924060266764,0.19738490185913582,-0.2763370449015805,1.0065143527873928,0.5327924060266764,Medium Variability
FUN_040209,OG_09310,apul,0.6156740237890429,0.2637300309863403,0.34933949862413,0.43820086515207196,0.5269374444705575,0.3065347648052351,0.581728947186942,-0.22040267966532234,False,FUN_040209,0.9523692594988736,0.8067193219664138,0.8021637705966569,0.7616358989006691,-0.1456499375324598,-0.15020548890221674,0.045083423065744754,0.040527871695987816,0.1456499375324598,0.15020548890221674,Low Variability
FUN_040419,OG_13239,apul,0.5548911790785477,0.7042453421389581,0.7265529061398153,0.8461942648516726,0.7005427219651101,0.7153991241393867,1.0212069895360592,0.014856402174276528,False,FUN_040419,2.4106215004249028,2.4278707903732406,2.4581789903432916,2.374986841921234,0.017249289948337854,0.04755748991838882,0.052883948452006724,0.08319214842205769,0.017249289948337854,0.04755748991838882,Medium Variability
FUN_041212,OG_09423,apul,1.4142135623730951,1.4142135623730951,1.4142135623730951,1.414213562373095,1.414213562373095,1.4142135623730951,1.0000000000000002,2.220446049250313e-16,False,FUN_041212,0.6533926550751881,1.599153755263158,0.6524578455513785,0.6544706096491228,0.94576110018797,-0.0009348095238095322,0.9446831456140352,-0.002012764097744313,0.94576110018797,0.0009348095238095322,Medium Variability
FUN_041213,OG_09424,apul,0.16770554219117628,0.20681662727099395,0.169202616724353,0.17448209495641853,0.1710938185737974,0.18800962199767346,1.0988685831252274,0.016915803423876052,False,FUN_041213,27.79118409299603,28.60233666943452,27.27706392471726,27.00564026994048,0.8111525764384915,-0.5141201682787688,1.5966963994940429,0.27142365477678254,0.8111525764384915,0.5141201682787688,Medium Variability
FUN_041463,OG_09455,apul,0.46105584845977476,0.2866174381138947,0.3573973249494595,0.41583967312690645,0.4384477607933406,0.3220073815316771,0.7344258776667651,-0.1164403792616635,False,FUN_041463,9.255953098126065,9.947961912305363,9.65658677252499,9.458960792895246,0.6920088141792977,0.40063367439892517,0.48900111941011737,0.19762597962974482,0.6920088141792977,0.40063367439892517,Medium Variability
FUN_041519,OG_09486,apul,0.42615123357136214,0.36166963747408354,0.4063931827464461,0.40848688231193303,0.4173190579416476,0.3840314101102648,0.9202345371055705,-0.03328764783138277,False,FUN_041519,13.894355613387832,15.127094371234998,15.38740396768144,13.945081142490842,1.2327387578471658,1.4930483542936077,1.1820132287441556,1.4423228251905975,1.2327387578471658,1.4930483542936077,Medium Variability
FUN_041521,OG_09487,apul,0.33093730634864704,0.3640058908859003,0.35726672264340265,0.36308957664001185,0.34701344149432944,0.36063630676465147,1.0392574570358384,0.013622865270322027,False,FUN_041521,14.632035971965704,14.918402224033374,15.342620354553585,14.014161690718783,0.2863662520676691,0.7105843825878804,0.9042405333145904,1.3284586638348017,0.2863662520676691,0.7105843825878804,Medium Variability
FUN_041565,OG_09511,apul,0.3550571568300932,0.19065780227837026,0.24763188043803702,0.26125629606613965,0.3081567264481164,0.21914484135820364,0.71114735636024,-0.08901188508991278,False,FUN_041565,18.950881164545837,21.261509620450525,19.91024598192453,19.630692812978207,2.3106284559046877,0.9593648173786917,1.6308168074723177,0.27955316894632176,2.3106284559046877,0.9593648173786917,Medium Variability
FUN_041743,OG_09596,apul,0.3371280443098345,0.2549600682433831,0.32523097089321984,0.3309737042666529,0.3340508742882437,0.2900955195683015,0.8684171840184609,-0.04395535471994222,False,FUN_041743,0.785792635932299,0.6203182384219141,0.7779027199024786,0.7088836046477401,-0.16547439751038484,-0.007889916029820365,-0.088565366225826,0.06901911525473847,0.16547439751038484,0.007889916029820365,Medium Variability
FUN_041744,OG_09597,apul,0.15200049734596482,0.4255210970993008,0.31917353540204607,0.16251879832432395,0.1572596478351444,0.3723473162506734,2.3677231977589432,0.215087668415529,True,FUN_041744,0.562656852337931,0.56472069587186,0.5408844791140135,0.6830753860905635,0.0020638435339290773,-0.02177237322391745,-0.11835469021870348,-0.14219090697655,0.0020638435339290773,0.02177237322391745,High Variability
FUN_041745,OG_09598,apul,0.44790676515144123,0.4831574762772752,0.5967047457661153,0.581764539545568,0.5148356523485046,0.5399311110216952,1.0487446014251611,0.02509545867319063,False,FUN_041745,0.5278174645605985,0.6408555885654349,0.5976175402643435,0.557051272213955,0.11303812400483637,0.06980007570374502,0.08380431635147989,0.04056626805038854,0.11303812400483637,0.06980007570374502,Medium Variability
FUN_041813,OG_15459,apul,1.2846055813293826,1.1841373385332095,1.316442298153434,1.3255958593619763,1.3051007203456795,1.2502898183433218,0.9580025501879732,-0.05481090200235772,False,FUN_041813,0.39863553470729735,0.43692850554150864,0.31777810432206066,0.38080276841375194,0.03829297083421129,-0.08085743038523668,0.0561257371277567,-0.06302466409169127,0.03829297083421129,0.08085743038523668,Medium Variability
FUN_041831,OG_13334,apul,0.8147507453591581,0.684619231135145,0.7524791520583687,0.6357266974862356,0.7252387214226969,0.7185491915967568,0.9907760994713337,-0.006689529825940066,False,FUN_041831,0.49100725845552656,0.4781422047897309,0.5384338144296845,0.4543902318984708,-0.012865053665795656,0.04742655597415796,0.02375197289126013,0.08404358253121375,0.012865053665795656,0.04742655597415796,Medium Variability
FUN_041831,OG_15462,apul,0.8147507453591581,0.684619231135145,0.7524791520583687,0.6357266974862356,0.7252387214226969,0.7185491915967568,0.9907760994713337,-0.006689529825940066,False,FUN_041831,0.49100725845552656,0.4781422047897309,0.5384338144296845,0.4543902318984708,-0.012865053665795656,0.04742655597415796,0.02375197289126013,0.08404358253121375,0.012865053665795656,0.04742655597415796,Medium Variability
FUN_041833,OG_09638,apul,1.2356241587975267,1.4142135623730951,1.153248718186929,0.9489985416911838,1.0923113502443553,1.283731140280012,1.1752428828949137,0.19141979003565668,False,FUN_041833,0.5910556925826815,0.44800557437216965,0.4885731725424272,0.6102998691734138,-0.1430501182105119,-0.10248252004025432,-0.1622942948012442,-0.12172669663098662,0.1430501182105119,0.10248252004025432,Medium Variability
FUN_041862,OG_09657,apul,0.3403044316368397,0.2188179713778168,0.29264246448444386,0.32848471785322897,0.3343945747450343,0.2557302179311303,0.7647558819580635,-0.07866435681390399,False,FUN_041862,7.5063080516122005,8.286226112473546,7.535372796560846,7.703213142346716,0.7799180608613456,0.02906474494864586,0.5830129701268305,-0.16784034578586926,0.7799180608613456,0.02906474494864586,Medium Variability
FUN_042624,OG_09806,apul,0.9355665493898232,0.9176714504726641,1.0317831329737772,0.9926154305519305,0.9640909899708768,0.9747272917232206,1.011032466710082,0.010636301752343758,False,FUN_042624,12.750776622419009,13.590497876140386,12.180747801518995,12.220346113141426,0.8397212537213772,-0.5700288209000135,1.37015176299896,-0.03959831162243077,0.8397212537213772,0.5700288209000135,Medium Variability
FUN_042991,OG_09896,apul,0.03809363031962492,0.036185075332924574,0.03100517114244647,0.043579062568886065,0.04083634644425549,0.03359512323768552,0.8226770062190859,-0.0072412232065699675,False,FUN_042991,5.72280301736188,6.27828046076658,5.84872686359973,5.390065311184939,0.5554774434047003,0.1259238462378498,0.888215149581641,0.45866155241479056,0.5554774434047003,0.1259238462378498,Medium Variability
FUN_042992,OG_09897,apul,0.10934587297211311,0.24744825711606916,0.13218621166759228,0.13440242610625114,0.12187414953918213,0.18981723439183074,1.5574856120805596,0.0679430848526486,True,FUN_042992,0.8606812142820056,0.640347896723409,0.7449532127151016,0.8586499935784749,-0.22033331755859664,-0.11572800156690399,-0.21830209685506596,-0.11369678086337331,0.22033331755859664,0.11572800156690399,High Variability
FUN_043106,OG_09942,apul,0.5021487328675326,0.27917692154330415,0.3728907269490578,0.5107424834401931,0.5064456081538629,0.326033824246181,0.6437686870948813,-0.18041178390768187,False,FUN_043106,8.686573503080083,9.184626474658637,8.281564419713943,8.777893196444975,0.498052971578554,-0.4050090833661404,0.4067332782136628,-0.4963287767310316,0.498052971578554,0.4050090833661404,Low Variability
FUN_043151,OG_09969,apul,0.9426260972355653,0.6666201190626332,0.681290765623304,0.9711311172402527,0.956878607237909,0.6739554423429686,0.704327003702574,-0.2829231648949404,False,FUN_043151,0.5395978052047389,0.4676895605544053,0.5343088262717582,0.5098897375143777,-0.07190824465033357,-0.005288978932980637,-0.04220017695997241,0.024419088757380525,0.07190824465033357,0.005288978932980637,Medium Variability
FUN_043166,OG_13428,apul,0.38054912576451055,0.3307427389383889,0.37716394735261144,0.6445609967930628,0.5125550612787867,0.3539533431455002,0.690566477409106,-0.1586017181332865,False,FUN_043166,1.2998291747607045,1.2526393972709815,1.44463891589477,1.4982852164926337,-0.04718977748972297,0.14480974113406542,-0.24564581922165218,-0.053646300597863794,0.04718977748972297,0.14480974113406542,Medium Variability
FUN_043179,OG_09986,apul,0.7126011083840392,0.36957164100621714,0.54054258740543,0.8648746568665161,0.7887378826252777,0.4550571142058236,0.5769433980921355,-0.33368076841945404,False,FUN_043179,3.2940259458704464,3.3869173709151728,3.062354801876594,3.081863046840147,0.09289142504472636,-0.23167114399385236,0.30505432407502564,-0.01950824496355308,0.09289142504472636,0.23167114399385236,Low Variability
FUN_043236,OG_10002,apul,0.17781672540675392,0.15087481956600807,0.1550299627359525,0.17265745019843265,0.17523708780259328,0.15295239115098028,0.8728311630200281,-0.022284696651613006,False,FUN_043236,3.6142288962043616,4.219784146529848,3.622544492913195,3.8386984376232514,0.605555250325486,0.008315596708833528,0.3810857089065962,-0.21615394471005622,0.605555250325486,0.008315596708833528,Medium Variability
FUN_043238,OG_10004,apul,0.1772044277945588,0.06152228636963989,0.10803620294380906,0.17331132931485693,0.17525787855470787,0.08477924465672447,0.48373999135371304,-0.0904786338979834,False,FUN_043238,37.637858551059196,41.02215793071071,37.45302922207304,38.564045268465804,3.384299379651516,-0.18482932898615445,2.4581126622449077,-1.1110160463927627,3.384299379651516,0.18482932898615445,Low Variability
FUN_043242,OG_10007,apul,0.5025115487177902,0.25464829182682097,0.3395408261951477,0.4487518640068816,0.4756317063623359,0.29709455901098436,0.6246315269500934,-0.17853714735135157,False,FUN_043242,1.3318976233539754,1.3239708728660997,1.2837922202324603,1.2606393231247182,-0.007926750487875722,-0.04810540312151512,0.06333154974138155,0.023152897107742154,0.007926750487875722,0.04810540312151512,Low Variability
FUN_043243,OG_10008,apul,0.16467367213214062,0.14069868917768882,0.19055794334932238,0.19965289128048824,0.18216328170631443,0.1656283162635056,0.9092299760526565,-0.01653496544280883,False,FUN_043243,1.3472141513601796,1.5912852689927526,1.3827212316771296,1.404786993931506,0.24407111763257294,0.035507080316949935,0.1864982750612465,-0.02206576225437651,0.24407111763257294,0.035507080316949935,Medium Variability
FUN_043309,OG_10039,apul,0.6613552433623159,0.46960860961681955,0.6035215527353712,0.7257824624985187,0.6935688529304174,0.5365650811760954,0.7736291485827818,-0.157003771754322,False,FUN_043309,0.9609916278655453,0.9115813929769392,0.8863035208882399,0.86816274667066,-0.049410234888606075,-0.07468810697730532,0.04341864630627923,0.01814077421757998,0.049410234888606075,0.07468810697730532,Medium Variability
FUN_043348,OG_13451,apul,0.577415100895681,0.2966098500943033,0.4057905393783875,0.6475844351996713,0.6124997680476763,0.3512001947363454,0.5733882901797416,-0.26129957331133086,False,FUN_043348,1.2075492652815327,1.0999663259006212,1.1466500484214266,1.1555470628719604,-0.10758293938091157,-0.06089921686010613,-0.05558073697133925,-0.008897014450533813,0.10758293938091157,0.06089921686010613,Low Variability
FUN_043349,OG_10055,apul,0.32375873718887255,0.20403212252614805,0.2297472459343452,0.3426587582929993,0.3332087477409359,0.21688968423024663,0.6509123355875238,-0.11631906351068927,False,FUN_043349,8.332245221183685,9.520229861293105,9.054085584201006,8.597911380305662,1.1879846401094198,0.7218403630173214,0.9223184809874425,0.456174203895344,1.1879846401094198,0.7218403630173214,Low Variability
FUN_043460,OG_13465,apul,0.0684130995685203,0.007215174863981422,0.01637276677243623,0.06308832412874242,0.06575071184863136,0.011793970818208826,0.1793740400158774,-0.053956741030422535,False,FUN_043460,71.16655481010015,77.15230071368103,74.67954267595427,71.8325672028817,5.985745903580877,3.5129878658541145,5.319733510799324,2.846975473072561,5.985745903580877,3.5129878658541145,Low Variability
FUN_043461,OG_13466,apul,0.5326303292120018,0.3019751674965657,0.3702937329056882,0.38212181053277666,0.4573760698723892,0.336134450201127,0.7349191886993794,-0.12124161967126224,False,FUN_043461,11.053774698540705,11.49388461185996,10.99897653798963,10.5407018031362,0.44010991331925453,-0.05479816055107456,0.9531828087237599,0.45827473485343084,0.44010991331925453,0.05479816055107456,Medium Variability
FUN_043479,OG_10109,apul,0.3765320889241819,0.18978340604640961,0.18892784243742142,0.27543424370375896,0.3259831663139704,0.18935562424191552,0.5808754678440599,-0.13662754207205488,False,FUN_043479,12.633541199747768,14.034748659419382,13.462021628389884,12.513428186840498,1.401207459671614,0.8284804286421164,1.5213204725788838,0.9485934415493862,1.401207459671614,0.8284804286421164,Low Variability
FUN_043499,OG_10121,apul,0.7151154687530593,0.3000668470281047,0.4696127556176503,0.49024161975945274,0.602678544256256,0.38483980132287754,0.6385490324660463,-0.21783874293337846,False,FUN_043499,7.250247313208234,7.4903984368774505,7.170053046949104,6.957674309206242,0.2401511236692162,-0.08019426625912995,0.5327241276712087,0.21237873774286253,0.2401511236692162,0.08019426625912995,Low Variability
FUN_043547,OG_15544,apul,0.4289708904420586,0.29406594582064777,0.31661563148254734,0.49891801157593485,0.4639444510089967,0.30534078865159753,0.6581408355839489,-0.1586036623573992,False,FUN_043547,0.6252270204549893,0.5838275052605517,0.6142812956021424,0.5726779169749212,-0.04139951519443763,-0.01094572485284695,0.011149588285630507,0.04160337862722119,0.04139951519443763,0.01094572485284695,Low Variability
FUN_043576,OG_13481,apul,0.6461083140152549,0.605423211934481,0.5133137379721311,0.48047070448792295,0.5632895092515889,0.5593684749533061,0.9930390425635789,-0.003921034298282833,False,FUN_043576,1.3183790435515874,1.037944561430776,1.086613176282334,1.2839716896457967,-0.28043448212081135,-0.23176586726925352,-0.2460271282150206,-0.19735851336346277,0.28043448212081135,0.23176586726925352,Medium Variability
FUN_043594,OG_13484,apul,0.4507617730406997,0.42085000820171015,0.4361786979852733,0.4159048721509027,0.4333333225958012,0.42851435309349173,0.9888793008729577,-0.004818969502309478,False,FUN_043594,0.9942001387585239,0.9680404683786029,1.172590228164575,1.096429621811071,-0.026159670379920952,0.17839008940605117,-0.12838915343246804,0.07616060635350408,0.026159670379920952,0.17839008940605117,Medium Variability
FUN_043596,OG_15550,apul,0.3254222635197376,0.2591096458185204,0.2923843447699882,0.26785004331760126,0.29663615341866945,0.2757469952942543,0.9295798644781764,-0.020889158124415164,False,FUN_043596,0.4294037279903628,0.370009932439386,0.47643721539115647,0.3938521137809611,-0.05939379555097679,0.04703348740079366,-0.023842181341575064,0.08258510161019539,0.05939379555097679,0.04703348740079366,Medium Variability
FUN_043598,OG_10183,apul,0.5655124761564799,0.4382698159704011,0.45023194465265737,0.48909592844869676,0.5273042023025883,0.44425088031152926,0.8424944811204069,-0.08305332199105908,False,FUN_043598,0.4403026422383892,0.350396822946796,0.34379356417989415,0.45922543108024694,-0.08990581929159319,-0.09650907805849507,-0.10882860813345091,-0.11543186690035279,0.08990581929159319,0.09650907805849507,Medium Variability
FUN_043637,OG_15551,apul,0.4474016979178128,0.4051553301262736,0.47271340738131407,0.3625666714819058,0.4049841846998593,0.4389343687537938,1.083830888554563,0.03395018405393452,False,FUN_043637,0.37396919635777626,0.3722939101926373,0.3617871274144869,0.5267513587078023,-0.0016752861651389561,-0.012182068943289381,-0.15445744851516502,-0.16496423129331544,0.0016752861651389561,0.012182068943289381,Medium Variability
FUN_043638,OG_10205,apul,0.1730131385462046,0.11533659320730123,0.12070600990105726,0.1579918630396448,0.1655025007929247,0.11802130155417925,0.7131088713991488,-0.04748119923874544,False,FUN_043638,1.2651333287108537,1.0962074462623337,1.2347741616996462,1.0294033042806199,-0.16892588244852003,-0.030359167011207555,0.0668041419817138,0.20537085741902628,0.16892588244852003,0.030359167011207555,Medium Variability
