gene_id,group_id,species,TP1,TP2,TP3,TP4,delta_meth_T1_T2,delta_meth_T1_T3,delta_meth_T4_T2,delta_meth_T4_T3,abs_delta_T2,abs_delta_T3
gene-Peve_00000077,OG_08920,peve,31.811425280702693,30.810392448072722,31.265614716534024,31.9680765633505,-1.0010328326299707,-0.5458105641686686,-1.1576841152777781,-0.702461846816476,1.0010328326299707,0.5458105641686686
gene-Peve_00000084,OG_08914,peve,0.48025536504794974,0.50809697974041,0.6663523668518518,0.549402212452877,0.02784161469246027,0.1860970018039021,-0.041305232712467,0.11695015439897483,0.02784161469246027,0.1860970018039021
gene-Peve_00000174,OG_15682,peve,0.9713046676062209,0.775699304324996,0.7975154212025012,0.8839930361896746,-0.1956053632812249,-0.17378924640371973,-0.10829373186467861,-0.08647761498717343,0.1956053632812249,0.17378924640371973
gene-Peve_00000231,OG_11019,peve,1.0076002926560417,0.9854594746246828,0.9393440909461437,0.9489983119219684,-0.022140818031358922,-0.06825620170989799,0.03646116270271438,-0.00965422097582469,0.022140818031358922,0.06825620170989799
gene-Peve_00000338,OG_09598,peve,0.6967255018358185,0.6302563252785794,0.974473005988456,0.7371752037518037,-0.06646917655723905,0.2777475041526375,-0.10691887847322423,0.2372978022366523,0.06646917655723905,0.2777475041526375
gene-Peve_00000340,OG_09597,peve,0.660958754902862,0.5327963937136115,0.5416307380906417,0.609452353097996,-0.1281623611892505,-0.11932801681222038,-0.07665595938438441,-0.06782161500735429,0.1281623611892505,0.11932801681222038
gene-Peve_00000415,OG_13197,peve,1.4924774594104309,1.2454368448621056,1.5151644302626608,1.4089448490221088,-0.24704061454832527,0.022686970852229926,-0.16350800416000322,0.10621958124055197,0.24704061454832527,0.022686970852229926
gene-Peve_00000442,OG_11291,peve,0.7992096132350719,0.7399592435427969,0.8106837719836247,0.651469263590014,-0.05925036969227504,0.011474158748552843,0.08848997995278285,0.15921450839361073,0.05925036969227504,0.011474158748552843
gene-Peve_00000455,OG_05749,peve,0.3829461302380952,0.6147350454621848,0.6675332902100841,0.5581746258403362,0.23178891522408962,0.2845871599719889,0.05656041962184866,0.10935866436974795,0.23178891522408962,0.2845871599719889
gene-Peve_00000656,OG_10814,peve,0.09803921773399014,0.309034274178982,0.3818916563218391,0.8847500222085386,0.21099505644499184,0.2838524385878489,-0.5757157480295566,-0.5028583658866995,0.21099505644499184,0.2838524385878489
gene-Peve_00000682,OG_07153,peve,1.4148562546792813,1.357790841880051,1.4172151675591604,1.409880514563056,-0.057065412799230275,0.002358912879879105,-0.052089672683004906,0.007334652996104474,0.057065412799230275,0.002358912879879105
gene-Peve_00000776,OG_05637,peve,0.25379610737942615,0.3351331958409646,0.664054219345238,0.4485620149496337,0.08133708846153848,0.41025811196581186,-0.11342881910866909,0.2154922043956043,0.08133708846153848,0.41025811196581186
gene-Peve_00000861,OG_06234,peve,0.48807352151472433,0.30359375245927317,0.5178494558114035,0.5826061545373851,-0.18447976905545116,0.029775934296679185,-0.2790124020781119,-0.06475669872598155,0.18447976905545116,0.029775934296679185
gene-Peve_00001191,OG_03298,peve,5.812814606433637,4.950632065433974,5.357809999459642,5.47488328529776,-0.8621825409996626,-0.45500460697399525,-0.5242512198637854,-0.11707328583811805,0.8621825409996626,0.45500460697399525
gene-Peve_00001222,OG_11983,peve,0.9545037504167717,1.083906648596414,1.035407544175695,1.2565593214453683,0.12940289817964223,0.0809037937589232,-0.17265267284895436,-0.2211517772696734,0.12940289817964223,0.0809037937589232
gene-Peve_00001250,OG_15754,peve,6.427882713772327,7.436845022456203,7.3110512474793445,7.212148265532758,1.0089623086838762,0.8831685337070176,0.22469675692344548,0.09890298194658698,1.0089623086838762,0.8831685337070176
gene-Peve_00001297,OG_06236,peve,0.8571221690183887,1.0141833490353955,0.8386819496448058,1.1500041860287344,0.15706118001700686,-0.018440219373582867,-0.1358208369933389,-0.31132223638392864,0.15706118001700686,0.018440219373582867
gene-Peve_00001303,OG_15759,peve,0.5445370528190764,0.6821257742985228,0.5732962855856018,0.5723785612918671,0.13758872147944645,0.028759232766525367,0.10974721300665569,0.0009177242937346008,0.13758872147944645,0.028759232766525367
gene-Peve_00001368,OG_15761,peve,0.6506621243293091,0.31899743789403084,0.5168673257042253,0.49453443608875475,-0.3316646864352783,-0.1337947986250838,-0.1755369981947239,0.022332889615470586,0.3316646864352783,0.1337947986250838
gene-Peve_00001435,OG_10002,peve,4.16327782101923,4.4090757956033215,4.238778065300559,4.42811775694665,0.24579797458409125,0.0755002442813284,-0.01904196134332814,-0.189339691646091,0.24579797458409125,0.0755002442813284
gene-Peve_00001436,OG_10007,peve,2.0679916508870213,2.256673187204882,2.134556277256458,2.1567939572295587,0.18868153631786067,0.06656462636943683,0.09987922997532328,-0.022237679973100555,0.18868153631786067,0.06656462636943683
gene-Peve_00001438,OG_10004,peve,44.83476226738946,44.15897489422478,44.323428855598074,44.1969243511763,-0.6757873731646811,-0.5113334117913837,-0.037949456951523075,0.1265045044217743,0.6757873731646811,0.5113334117913837
gene-Peve_00001453,OG_10008,peve,0.857939816483061,0.9751896050373136,0.9758696633528784,0.9364793299307037,0.11724978855425261,0.11792984686981745,0.03871027510660985,0.039390333422174684,0.11724978855425261,0.11792984686981745
gene-Peve_00001484,OG_11360,peve,0.6640051638412017,0.3365957549100756,0.4275271175097078,0.38695478756216367,-0.3274094089311261,-0.23647804633149389,-0.050359032652088076,0.04057232994754412,0.3274094089311261,0.23647804633149389
gene-Peve_00001489,OG_03484,peve,0.6664165822258298,0.6706943907010582,0.5846439881758057,0.5552822169252044,0.004277808475228406,-0.08177259405002413,0.11541217377585378,0.029361771250601243,0.004277808475228406,0.08177259405002413
gene-Peve_00001492,OG_11359,peve,0.5137973326563959,0.6757184528338002,0.4518588405392157,0.42043143703197944,0.16192112017740423,-0.06193849211718022,0.2552870158018207,0.03142740350723627,0.16192112017740423,0.06193849211718022
gene-Peve_00001588,OG_04331,peve,2.00815389354944,1.949238361002886,1.7759224949254449,2.008354606502096,-0.058915532546553795,-0.232231398623995,-0.059116245499209796,-0.232432111576651,0.058915532546553795,0.232231398623995
gene-Peve_00001593,OG_04327,peve,40.57440124282555,39.24178183341033,39.51127561340322,39.86191635045408,-1.3326194094152228,-1.0631256294223306,-0.620134517043752,-0.35064073705085974,1.3326194094152228,1.0631256294223306
gene-Peve_00001749,OG_13681,peve,90.66120878043597,87.88677210769733,89.08631556881932,91.0027890605512,-2.774436672738645,-1.5748932116166543,-3.116016952853869,-1.9164734917318782,2.774436672738645,1.5748932116166543
gene-Peve_00001820,OG_13673,peve,6.261581844671202,7.697562662868481,10.52225203558201,11.501902972940288,1.4359808181972786,4.260670190910808,-3.804340310071807,-0.9796509373582776,1.4359808181972786,4.260670190910808
gene-Peve_00001974,OG_15796,peve,0.0877193,0.78333335,0.37412587999999997,0.7575899107142857,0.6956140500000001,0.28640657999999997,0.02574343928571432,-0.38346403071428575,0.6956140500000001,0.28640657999999997
gene-Peve_00002115,OG_02102,peve,67.60718093022552,65.76601172875412,66.54537128190712,67.71982268692832,-1.841169201471402,-1.0618096483184019,-1.953810958174202,-1.1744514050212018,1.841169201471402,1.0618096483184019
gene-Peve_00002188,OG_09596,peve,0.8246101668452381,0.47036586673115083,0.8533664330059525,0.7185200262698412,-0.3542443001140873,0.02875626616071436,-0.2481541595386904,0.13484640673611126,0.3542443001140873,0.02875626616071436
gene-Peve_00002251,OG_15815,peve,22.304020327335415,21.612254086586,21.741176382588474,21.61784330743885,-0.6917662407494163,-0.5628439447469411,-0.005589220852851184,0.123333075149624,0.6917662407494163,0.5628439447469411
gene-Peve_00002255,OG_15816,peve,3.062140706914894,2.531720689614995,1.9336174768237084,1.9476056496960488,-0.5304200172998992,-1.1285232300911856,0.5841150399189461,-0.013988172872340332,0.5304200172998992,1.1285232300911856
gene-Peve_00002488,OG_15831,peve,0.7384724892484287,0.4088475739773091,0.5457530439144561,0.4067932477948226,-0.3296249152711196,-0.19271944533397256,0.0020543261824864656,0.1389597961196335,0.3296249152711196,0.19271944533397256
gene-Peve_00002583,OG_05303,peve,0.7718228700702076,2.119929375686813,1.6775114332722831,1.54042677257326,1.3481065056166055,0.9056885632020756,0.5795026031135531,0.13708466069902303,1.3481065056166055,0.9056885632020756
gene-Peve_00002765,OG_09174,peve,13.745579171805048,13.677271693250576,13.362881903815628,14.167782614494302,-0.0683074785544715,-0.3826972679894194,-0.4905109212437253,-0.8049007106786732,0.0683074785544715,0.3826972679894194
gene-Peve_00002807,OG_09024,peve,0.8739637656259601,0.8369823840284177,0.7265543370647721,0.8508921208179724,-0.036981381597542384,-0.147409428561188,-0.01390973678955465,-0.12433778375320026,0.036981381597542384,0.147409428561188
gene-Peve_00002926,OG_04694,peve,68.9258239710226,66.7690225568315,67.61540649876069,69.73995229887973,-2.1568014141910936,-1.3104174722619035,-2.9709297420482272,-2.124545800119037,2.1568014141910936,1.3104174722619035
gene-Peve_00003034,OG_13066,peve,0.5322213216463414,0.5696343916739257,0.6779409620596206,0.7531051052361595,0.037413070027584316,0.14571964041327923,-0.18347071356223377,-0.07516414317653886,0.037413070027584316,0.14571964041327923
gene-Peve_00003079,OG_10205,peve,0.4389176388038549,0.6506009717018951,0.454783507920311,0.5769711076469873,0.2116833328980402,0.0158658691164561,0.07362986405490779,-0.12218759972667631,0.2116833328980402,0.0158658691164561
gene-Peve_00003118,OG_06384,peve,0.28523431979166664,0.23281059151785713,0.6699587518849207,0.15248914248511905,-0.052423728273809506,0.3847244320932541,0.08032144903273808,0.5174696093998017,0.052423728273809506,0.3847244320932541
gene-Peve_00003124,OG_11644,peve,0.5277946483007733,0.6733392127085877,0.6116097905168906,0.7096132068477818,0.14554456440781438,0.0838151422161173,-0.03627399413919419,-0.09800341633089127,0.14554456440781438,0.0838151422161173
gene-Peve_00003157,OG_00302,peve,0.3823748568364997,0.4011493926186364,0.4735066924541492,0.44408485182375196,0.018774535782136725,0.09113183561764954,-0.042935459205115545,0.029421840630397267,0.018774535782136725,0.09113183561764954
gene-Peve_00003176,OG_00297,peve,0.4227869150365541,0.46649383634163205,0.5062695597395113,0.4722038879750379,0.04370692130507797,0.08348264470295719,-0.0057100516334058216,0.03406567176447339,0.04370692130507797,0.08348264470295719
gene-Peve_00003177,OG_00298,peve,0.7104563896221532,0.3709400897026685,0.5319505710748793,0.30075874124971247,-0.3395162999194847,-0.17850581854727388,0.07018134845295604,0.23119182982516684,0.3395162999194847,0.17850581854727388
gene-Peve_00003205,OG_15877,peve,0.6799525758210181,1.0304302906814449,1.1714108574986315,0.7816247903188287,0.3504777148604268,0.4914582816776134,0.24880550036261617,0.3897860671798028,0.3504777148604268,0.4914582816776134
gene-Peve_00003236,OG_07000,peve,0.39370189748015877,0.5763439330952381,0.6453789909523809,0.3474513621825397,0.18264203561507936,0.25167709347222217,0.22889257091269843,0.29792762876984125,0.18264203561507936,0.25167709347222217
gene-Peve_00003257,OG_12972,peve,82.51090499848485,81.86941013149865,81.83832788238507,82.28988876177077,-0.6414948669861928,-0.6725771160997738,-0.42047863027211463,-0.45156087938569556,0.6414948669861928,0.6725771160997738
gene-Peve_00003282,OG_04243,peve,63.05330505868348,60.69977751834734,63.28003959033613,63.3530730894958,-2.353527540336138,0.226734531652653,-2.653295571148462,-0.07303349915967061,2.353527540336138,0.226734531652653
gene-Peve_00003352,OG_01354,peve,3.6967494695850913,3.8929649864309157,3.1237791033102273,3.423513538426763,0.1962155168458244,-0.572970366274864,0.4694514480041527,-0.29973443511653564,0.1962155168458244,0.572970366274864
gene-Peve_00003353,OG_01353,peve,0.5181040004254933,0.6978782455534432,0.6867019798433822,0.6715806412834209,0.17977424512794993,0.1685979794178889,0.026297604270022368,0.01512133855996134,0.17977424512794993,0.1685979794178889
gene-Peve_00003523,OG_03671,peve,0.5732244754319333,0.5034152380228946,0.5724505439731478,0.3419509635963232,-0.06980923740903877,-0.0007739314587855706,0.16146427442657135,0.23049958037682455,0.06980923740903877,0.0007739314587855706
gene-Peve_00003739,OG_15906,peve,0.7709629965380406,0.46289761551724135,0.6102951477832512,0.8029724595648605,-0.3080653810207992,-0.16066784875478934,-0.3400748440476192,-0.1926773117816093,0.3080653810207992,0.16066784875478934
gene-Peve_00003740,OG_12102,peve,0.48618948859572403,0.5073908543019112,0.5389992682896015,0.5539349530482669,0.021201365706187192,0.05280977969387751,-0.04654409874635568,-0.014935684758665357,0.021201365706187192,0.05280977969387751
gene-Peve_00003748,OG_11831,peve,8.168817263240507,7.865997051296762,8.079858124347105,8.4730535907774,-0.30282021194374575,-0.08895913889340257,-0.6070565394806389,-0.3931954664302957,0.30282021194374575,0.08895913889340257
gene-Peve_00003753,OG_15907,peve,1.0282439632812501,1.2457816042658731,0.8929423019097222,1.0968805245535713,0.21753764098462303,-0.13530166137152788,0.14890107971230182,-0.2039382226438491,0.21753764098462303,0.13530166137152788
gene-Peve_00003920,OG_15920,peve,44.71835815984341,41.286882350377525,46.17039505401759,41.89482698802874,-3.431475809465887,1.452036894174178,-0.6079446376512152,4.27556806598885,3.431475809465887,1.452036894174178
gene-Peve_00003934,OG_00843,peve,10.576750394595019,10.560610930552418,10.266324591421984,10.529375291734896,-0.016139464042600693,-0.31042580317303425,0.031235638817522116,-0.26305070031291145,0.016139464042600693,0.31042580317303425
gene-Peve_00003956,OG_00842,peve,0.9159611215122557,0.6672606737474355,0.7368801863999568,0.8030725736772487,-0.24870044776482025,-0.17908093511229894,-0.13581189992981324,-0.06619238727729193,0.24870044776482025,0.17908093511229894
gene-Peve_00004122,OG_13032,peve,0.3001725995046924,0.6889621895898506,0.5282189157021203,0.506936798951454,0.3887895900851582,0.22804631619742793,0.1820253906383965,0.02128211675066627,0.3887895900851582,0.22804631619742793
gene-Peve_00004180,OG_06004,peve,9.41619240621106,9.455280310922898,9.797084374278668,9.558316395196373,0.039087904711838206,0.3808919680676084,-0.10303608427347477,0.2387679790822954,0.039087904711838206,0.3808919680676084
gene-Peve_00004260,OG_06198,peve,1.0417246317781448,0.7951509198871456,0.8781543671460684,0.8044217078378751,-0.2465737118909992,-0.16357026463207636,-0.009270787950729553,0.07373265930819328,0.2465737118909992,0.16357026463207636
gene-Peve_00004283,OG_05087,peve,0.147186145,0.16579911904761904,0.11965812499999999,0.6860066095238095,0.018612974047619052,-0.02752802,-0.5202074904761905,-0.5663484845238096,0.018612974047619052,0.02752802
gene-Peve_00004413,OG_12990,peve,1.1717152201342842,1.3929469500946403,1.286784359512187,1.3130745794896062,0.22123172996035612,0.11506913937790286,0.07987237060503416,-0.026290219977419094,0.22123172996035612,0.11506913937790286
gene-Peve_00004526,OG_00171,peve,22.39283174653098,21.189198860675884,21.419355111136714,22.87139453936252,-1.2036328858550966,-0.9734766353942668,-1.6821956786866359,-1.452039428225806,1.2036328858550966,0.9734766353942668
gene-Peve_00004712,OG_13201,peve,2.384066382798735,2.382023143047309,2.552026187773444,2.4629561520598053,-0.0020432397514262846,0.16795980497470886,-0.08093300901249645,0.0890700357136387,0.0020432397514262846,0.16795980497470886
gene-Peve_00004859,OG_05952,peve,0.6697461063103506,0.7131565238004299,0.6113087157200727,0.6384474817030423,0.043410417490079345,-0.05843739059027786,0.0747090420973876,-0.027138765982969604,0.043410417490079345,0.05843739059027786
gene-Peve_00004945,OG_13190,peve,18.275606405501676,17.98626247652617,17.803443104106055,18.32016969480708,-0.2893439289755051,-0.47216330139562146,-0.33390721828090975,-0.5167265907010261,0.2893439289755051,0.47216330139562146
gene-Peve_00004974,OG_01414,peve,2.03378254834544,2.1116766320285176,1.8102508134606763,2.1383232787440587,0.07789408368307749,-0.22353173488476386,-0.026646646715541067,-0.3280724652833824,0.07789408368307749,0.22353173488476386
gene-Peve_00005199,OG_16000,peve,2.745920200387597,2.4159689313630492,4.749898371200166,3.2591050143595424,-0.32995126902454786,2.0039781708125686,-0.8431360829964931,1.4907933568406233,0.32995126902454786,2.0039781708125686
gene-Peve_00005475,OG_16011,peve,31.35388093961955,31.270137931349204,35.514177128750944,33.58287593295541,-0.08374300827034631,4.160296189131394,-2.3127380016062062,1.931301195795534,0.08374300827034631,4.160296189131394
gene-Peve_00005547,OG_10265,peve,7.66154665803792,6.76466449171164,7.050569704967373,7.1100156440070545,-0.8968821663262796,-0.6109769530705469,-0.34535115229541447,-0.05944593903968176,0.8968821663262796,0.6109769530705469
gene-Peve_00005899,OG_12805,peve,0.43780775561151813,0.5122295470015518,0.5458162662672975,0.48437545711551183,0.07442179139003363,0.10800851065577938,0.027854089886039934,0.06144080915178568,0.07442179139003363,0.10800851065577938
gene-Peve_00006192,OG_08497,peve,42.95024606429989,44.12730783395692,43.69964643927155,43.34914531107804,1.1770617696570298,0.7494003749716569,0.7781625228788798,0.3505011281935069,1.1770617696570298,0.7494003749716569
gene-Peve_00006268,OG_03673,peve,10.295820199991278,9.294556919570905,10.217525623007152,10.11845311777865,-1.001263280420373,-0.0782945769841259,-0.8238961982077448,0.0990725052285022,1.001263280420373,0.0782945769841259
gene-Peve_00006347,OG_08842,peve,0.4258142670208365,0.6037341062061596,0.5840740432983472,0.5027950933478965,0.17791983918532311,0.1582597762775107,0.10093901285826312,0.08127894995045071,0.17791983918532311,0.1582597762775107
gene-Peve_00006527,OG_08331,peve,0.7603026527047508,0.6917671595644566,0.6003187562741127,0.6877293920076885,-0.06853549314029428,-0.15998389643063815,0.0040377675567681015,-0.08741063573357577,0.06853549314029428,0.15998389643063815
gene-Peve_00006537,OG_01999,peve,0.7521660523116476,0.6540694658091014,0.7975292795434841,0.8121062585784314,-0.09809658650254616,0.0453632272318365,-0.15803679276933003,-0.014576979034947368,0.09809658650254616,0.0453632272318365
gene-Peve_00006728,OG_08145,peve,1.2014550107604964,1.2356797352763842,1.0924637944873543,1.3342122260778835,0.03422472451588776,-0.10899121627314212,-0.09853249080149928,-0.24174843159052917,0.03422472451588776,0.10899121627314212
gene-Peve_00006733,OG_08143,peve,1.0352480319746884,0.8285827121819415,0.9123631077417511,1.1234248667457658,-0.20666531979274694,-0.12288492423293729,-0.29484215456382434,-0.2110617590040147,0.20666531979274694,0.12288492423293729
gene-Peve_00006734,OG_08144,peve,0.6279034214636618,0.4908348894494698,0.5698599733030949,0.6788752647457892,-0.13706853201419206,-0.058043448160566946,-0.1880403752963194,-0.10901529144269428,0.13706853201419206,0.058043448160566946
gene-Peve_00006922,OG_16092,peve,0.7470636944721679,0.6697160603506197,0.5447102421488367,0.6103211892857143,-0.07734763412154821,-0.20235345232333124,0.059394871064905375,-0.06561094713687765,0.07734763412154821,0.20235345232333124
gene-Peve_00006948,OG_02358,peve,0.33826729724015786,0.6667367131400771,0.6741979449825128,0.6568237296879204,0.32846941589991924,0.335930647742355,0.009912983452156743,0.017374215294592488,0.32846941589991924,0.335930647742355
gene-Peve_00006965,OG_08347,peve,30.45000897793105,28.936005606455236,29.28464953144369,30.808246416946965,-1.5140033714758125,-1.1653594464873578,-1.8722408104917285,-1.5235968855032738,1.5140033714758125,1.1653594464873578
gene-Peve_00007107,OG_08793,peve,0.7185059483547351,0.6096974782726948,0.730484603798823,0.7608348802166934,-0.10880847008204031,0.011978655444087827,-0.1511374019439986,-0.03035027641787047,0.10880847008204031,0.011978655444087827
gene-Peve_00007257,OG_10523,peve,0.33659254735812133,0.482530582469015,0.3164306417808219,0.4733905583007175,0.14593803511089365,-0.02016190557729941,0.009140024168297456,-0.1569599165198956,0.14593803511089365,0.02016190557729941
gene-Peve_00007258,OG_10525,peve,0.15342507724867727,0.4586368710222978,0.4666485901769967,0.4269003332703452,0.3052117937736205,0.31322351292831946,0.031736537751952565,0.03974825690665151,0.3052117937736205,0.31322351292831946
gene-Peve_00007495,OG_10039,peve,0.2959046950561447,0.3167040881039024,0.42831288409579266,0.46644085829174464,0.020799393047757686,0.13240818903964796,-0.14973677018784226,-0.038127974195951986,0.020799393047757686,0.13240818903964796
gene-Peve_00007506,OG_16122,peve,0.3792467107858287,0.559540708460203,0.43707113731971153,0.4461371551482372,0.18029399767437426,0.05782442653388281,0.11340355331196578,-0.009066017828525674,0.18029399767437426,0.05782442653388281
gene-Peve_00007613,OG_10183,peve,0.6194948511395467,0.3927795780960869,0.4287515734084543,0.4578665799995756,-0.22671527304345984,-0.1907432777310924,-0.0650870019034887,-0.029115006591121262,0.22671527304345984,0.1907432777310924
gene-Peve_00007681,OG_08639,peve,7.990287488272118,9.585090975518899,9.738351774965121,8.664969944887181,1.5948034872467804,1.748064286693003,0.9201210306317176,1.07338183007794,1.5948034872467804,1.748064286693003
gene-Peve_00007746,OG_16139,peve,0.4829595001984127,0.33409427152777776,0.39579793731575963,0.21788254610733182,-0.14886522867063495,-0.08716156288265309,0.11621172542044594,0.1779153912084278,0.14886522867063495,0.08716156288265309
gene-Peve_00007775,OG_01147,peve,27.163562070082815,26.769328909547966,25.79605138895445,26.719136645172533,-0.39423316053484925,-1.3675106811283655,0.05019226437543267,-0.9230852562180836,0.39423316053484925,1.3675106811283655
gene-Peve_00007777,OG_10675,peve,10.318059730964928,10.759407966749796,10.217628143115157,10.668730526038333,0.4413482357848686,-0.10043158784977102,0.09067744071146322,-0.4511023829231764,0.4413482357848686,0.10043158784977102
gene-Peve_00007857,OG_16145,peve,24.02901354197279,22.934526357006803,25.163956796462585,28.8712916422449,-1.0944871849659883,1.1349432544897944,-5.936765285238096,-3.707334845782313,1.0944871849659883,1.1349432544897944
gene-Peve_00007908,OG_06998,peve,5.799210855120679,5.111230196439443,4.7974692217873445,5.521074751228529,-0.6879806586812354,-1.0017416333333342,-0.40984455478908544,-0.7236055294411843,0.6879806586812354,1.0017416333333342
gene-Peve_00007969,OG_12645,peve,0.9458458181830381,1.01564967729852,1.2506734007169695,1.0419586258875853,0.06980385911548181,0.3048275825339314,-0.026308948589065295,0.20871477482938428,0.06980385911548181,0.3048275825339314
gene-Peve_00008004,OG_12007,peve,0.41744036724109224,0.580026279037629,0.5168881135114886,0.6717987503163504,0.1625859117965368,0.09944774627039632,-0.09177247127872135,-0.15491063680486183,0.1625859117965368,0.09944774627039632
gene-Peve_00008042,OG_02619,peve,0.5275972196768858,0.5170688256345018,0.42139270308455834,0.43831469021862046,-0.010528394042383926,-0.10620451659232744,0.07875413541588139,-0.016921987134062122,0.010528394042383926,0.10620451659232744
gene-Peve_00008075,OG_12568,peve,0.48280888300612645,0.6967916230599648,0.5808506942703981,0.5914856504153904,0.21398274005383833,0.0980418112642717,0.10530597264457442,-0.010634956144992214,0.21398274005383833,0.0980418112642717
gene-Peve_00008076,OG_16158,peve,0.9644725255511465,1.0319976210912698,0.839746786600529,0.9772822912147267,0.06752509554012331,-0.12472573895061745,0.05471532987654315,-0.1375355046141976,0.06752509554012331,0.12472573895061745
gene-Peve_00008079,OG_16159,peve,1.0410927405555557,1.0699043309621656,1.0339423994411827,0.763306685783866,0.028811590406609966,-0.00715034111437296,0.3065976451782997,0.27063571365731676,0.028811590406609966,0.00715034111437296
gene-Peve_00008198,OG_10450,peve,0.5418253490519285,0.8013411492458522,0.5670487399123753,0.4594296062773827,0.25951580019392373,0.02522339086044678,0.3419115429684695,0.10761913363499254,0.25951580019392373,0.02522339086044678
gene-Peve_00008285,OG_10758,peve,0.5539830082314932,0.8125487418984408,0.5128525709474645,0.24250182589549094,0.2585657336669477,-0.041130437284028654,0.5700469160029499,0.27035074505197354,0.2585657336669477,0.041130437284028654
gene-Peve_00008464,OG_12318,peve,5.8122627314285715,4.6131212207142855,6.34295159547619,5.64569009952381,-1.199141510714286,0.5306888640476188,-1.0325688788095242,0.6972614959523806,1.199141510714286,0.5306888640476188
gene-Peve_00008766,OG_00466,peve,27.3004899850722,26.554199550727514,27.014774528695437,27.80446006556713,-0.7462904343446866,-0.28571545637676365,-1.250260514839617,-0.7896855368716942,0.7462904343446866,0.28571545637676365
gene-Peve_00008841,OG_16192,peve,1.2090235573002188,0.8971914107484948,0.8038655383210181,1.442844965373563,-0.311832146551724,-0.4051580189792007,-0.5456535546250683,-0.638979427052545,0.311832146551724,0.4051580189792007
gene-Peve_00008846,OG_11215,peve,0.4673574847869336,0.42984465118619775,0.5803415843141659,0.49933395392012153,-0.03751283360073587,0.11298409952723232,-0.06948930273392379,0.0810076303940444,0.03751283360073587,0.11298409952723232
gene-Peve_00008925,OG_12371,peve,41.85889286553885,41.28425872190894,42.493160388700915,45.50137106004595,-0.5746341436299076,0.634267523162066,-4.217112338137007,-3.008210671345033,0.5746341436299076,0.634267523162066
gene-Peve_00009023,OG_11839,peve,0.41974261481804104,0.3719712049651568,0.4631952830332946,0.4873437578171377,-0.04777140985288425,0.043452668215253565,-0.11537255285198089,-0.024148474783843077,0.04777140985288425,0.043452668215253565
gene-Peve_00009060,OG_12019,peve,0.583311891966231,0.6678821501789605,0.589154669265484,0.8477325201991908,0.08457025821272945,0.005842777299252977,-0.1798503700202303,-0.2585778509337068,0.08457025821272945,0.005842777299252977
gene-Peve_00009080,OG_11234,peve,0.35457834074259076,0.5656965766011766,0.37920111357808856,0.536240933030858,0.2111182358585858,0.024622772835497797,0.0294556435703186,-0.1570398194527694,0.2111182358585858,0.024622772835497797
gene-Peve_00009143,OG_16209,peve,0.4573902474413029,0.7540140315083499,0.49019060593998015,0.40744083740699405,0.296623784067047,0.03280035849867724,0.34657319410135584,0.0827497685329861,0.296623784067047,0.03280035849867724
gene-Peve_00009294,OG_07772,peve,0.512717943761108,0.3611514468315254,0.4831535302016302,0.5430799958249065,-0.15156649692958263,-0.02956441355947781,-0.18192854899338112,-0.059926465623276304,0.15156649692958263,0.02956441355947781
gene-Peve_00009371,OG_10815,peve,3.2942974826504243,3.626526208942414,3.0367913813584346,3.603680364055002,0.33222872629198985,-0.2575061012919897,0.02284584488741226,-0.5668889826965673,0.33222872629198985,0.2575061012919897
gene-Peve_00009537,OG_05718,peve,19.533416013095238,20.877568357142856,19.130241241666667,22.191161020000003,1.3441523440476182,-0.4031747714285707,-1.3135926628571468,-3.0609197783333357,1.3441523440476182,0.4031747714285707
gene-Peve_00009794,OG_02124,peve,19.11332806263021,18.892016983773562,19.08702039905134,20.153655539775546,-0.22131107885664747,-0.026307663578869267,-1.2616385560019836,-1.0666351407242054,0.22131107885664747,0.026307663578869267
gene-Peve_00009908,OG_10811,peve,0.45544450728242136,0.5537102445447764,0.468395649671992,0.47675945087340177,0.09826573726235499,0.012951142389570625,0.07695079367137458,-0.008363801201409782,0.09826573726235499,0.012951142389570625
gene-Peve_00010012,OG_13647,peve,0.40005734554029304,0.638580986031746,0.2667202005952381,0.4218936721245421,0.23852364049145292,-0.13333714494505494,0.21668731390720386,-0.155173471529304,0.23852364049145292,0.13333714494505494
gene-Peve_00010254,OG_12927,peve,0.6123581715854559,0.7402361963732004,0.7379309156515319,0.1461246018826135,0.12787802478774446,0.125572744066076,0.5941115944905868,0.5918063137689185,0.12787802478774446,0.125572744066076
gene-Peve_00010264,OG_16270,peve,0.5247708436495689,0.5488359682902215,0.6017820426690182,0.602770554675436,0.02406512464065258,0.0770111990194493,-0.053934586385214534,-0.0009885120064178077,0.02406512464065258,0.0770111990194493
gene-Peve_00010355,OG_02439,peve,0.7386264830215419,0.3623549615457294,0.6238207814909297,0.4241562077097506,-0.3762715214758125,-0.1148057015306122,-0.06180124616402122,0.19966457378117908,0.3762715214758125,0.1148057015306122
gene-Peve_00010372,OG_16279,peve,0.7851115096124031,0.9834877999132521,1.0343955309357697,0.7964892647840531,0.19837629030084902,0.2492840213233667,0.18699853512919895,0.23790626615171662,0.19837629030084902,0.2492840213233667
gene-Peve_00010406,OG_08874,peve,0.7617686256828058,0.8135290990090449,0.6178782201383347,0.7144873854460406,0.05176047332623912,-0.14389040554447108,0.09904171356300429,-0.09660916530770591,0.05176047332623912,0.14389040554447108
gene-Peve_00010574,OG_16289,peve,0.6755304386953155,0.66723945581446,0.6578454200130662,0.6039935669981611,-0.008290982880855502,-0.017685018682249254,0.06324588881629889,0.05385185301490514,0.008290982880855502,0.017685018682249254
gene-Peve_00010577,OG_02163,peve,0.4241677366367591,0.35017137248634095,0.4574257229401331,0.5515094674143556,-0.07399636415041816,0.03325798630337401,-0.20133809492801463,-0.09408374447422246,0.07399636415041816,0.03325798630337401
gene-Peve_00010684,OG_12369,peve,11.70044778268909,11.729259461784041,11.661600823823868,12.018899162770127,0.02881167909495197,-0.03884695886522138,-0.28963970098608627,-0.3572983389462596,0.02881167909495197,0.03884695886522138
gene-Peve_00010985,OG_13702,peve,68.10764383333333,65.63859531333334,57.98099867809524,65.70611854285714,-2.469048519999987,-10.126645155238087,-0.06752322952380041,-7.725119864761901,2.469048519999987,10.126645155238087
gene-Peve_00011002,OG_16307,peve,2.344612850089855,1.989708304877126,2.2749520677397723,2.4108468938356635,-0.3549045452127291,-0.06966078235008277,-0.4211385889585375,-0.1358948260958912,0.3549045452127291,0.06966078235008277
gene-Peve_00011003,OG_10936,peve,0.6062905965551593,0.6005516267914933,0.6484998117225854,0.6479313504001276,-0.0057389697636659465,0.04220921516742615,-0.047379723608634294,0.0005684613224578028,0.0057389697636659465,0.04220921516742615
gene-Peve_00011006,OG_02148,peve,0.9778364477122823,0.6605518838349514,0.8754529621559562,0.7953638747834797,-0.31728456387733084,-0.10238348555632604,-0.13481199094852825,0.08008908737247655,0.31728456387733084,0.10238348555632604
gene-Peve_00011012,OG_10937,peve,0.45492614957642236,0.3379907804931336,0.42360524098671304,0.39727913630283573,-0.11693536908328878,-0.03132090858970932,-0.05928835580970215,0.026326104683877305,0.11693536908328878,0.03132090858970932
gene-Peve_00011023,OG_11171,peve,1.3616152855998167,1.3536989152065526,1.5629526587250713,1.5743793902065526,-0.007916370393264094,0.20133737312525457,-0.220680475,-0.011426731481481323,0.007916370393264094,0.20133737312525457
gene-Peve_00011097,OG_08192,peve,0.5339741133852258,0.5386501061401099,0.48193247457875454,0.5672833740079365,0.004675992754884062,-0.05204163880647128,-0.028633267867826606,-0.08535089942918195,0.004675992754884062,0.05204163880647128
gene-Peve_00011121,OG_07807,peve,0.19325063793103447,0.4990495037949279,0.3245009314997263,0.391803463200146,0.30579886586389343,0.13125029356869183,0.10724604059478193,-0.06730253170041967,0.30579886586389343,0.13125029356869183
gene-Peve_00011271,OG_03850,peve,0.695862752910053,0.5699026511192511,0.6931449767043142,0.8396233380714965,-0.12596010179080186,-0.0027177762057387644,-0.2697206869522454,-0.14647836136718229,0.12596010179080186,0.0027177762057387644
gene-Peve_00011299,OG_06152,peve,6.24527318149198,5.873220285960639,5.664068068999328,5.9765186398666055,-0.3720528955313407,-0.5812051124926514,-0.10329835390596642,-0.3124505708672771,0.3720528955313407,0.5812051124926514
gene-Peve_00011388,OG_09969,peve,0.688431775968254,0.7829453264092479,0.7709432309710145,0.7371481594534162,0.09451355044099385,0.08251145500276047,0.04579716695583169,0.03379507151759831,0.09451355044099385,0.08251145500276047
gene-Peve_00011446,OG_07892,peve,0.0,1.3541666666666667,2.8611111166666667,0.5555555833333333,1.3541666666666667,2.8611111166666667,0.7986110833333334,2.3055555333333335,1.3541666666666667,2.8611111166666667
gene-Peve_00011480,OG_13691,peve,56.87006696458334,47.15452820416667,59.082517700000004,54.58222912202381,-9.71553876041667,2.2124507354166667,-7.427700917857145,4.5002885779761925,9.71553876041667,2.2124507354166667
gene-Peve_00011686,OG_13481,peve,0.513712027660282,0.7544389728252195,0.38458871769752595,0.4380636199654163,0.24072694516493753,-0.12912330996275606,0.3163753528598032,-0.05347490226789037,0.24072694516493753,0.12912330996275606
gene-Peve_00011732,OG_13191,peve,1.0739791693899783,0.6095300951914099,0.8120134051587301,0.3488374325396825,-0.4644490741985684,-0.2619657642312482,0.26069266265172736,0.4631759726190476,0.4644490741985684,0.2619657642312482
gene-Peve_00011812,OG_11429,peve,0.5955137171019901,0.5919509592646884,0.4724347205534826,0.616806819009121,-0.0035627578373016444,-0.12307899654850746,-0.024855859744432607,-0.14437209845563842,0.0035627578373016444,0.12307899654850746
gene-Peve_00011874,OG_01312,peve,0.8343791190151408,0.8314985693780117,0.7321703013897747,0.814674321008716,-0.0028805496371291373,-0.10220881762536616,0.016824248369295747,-0.08250401961894127,0.0028805496371291373,0.10220881762536616
gene-Peve_00012086,OG_16380,peve,1.4121770090228174,1.4321402193154762,1.4482774574900794,1.5773371562599208,0.019963210292658795,0.036100448467262014,-0.14519693694444458,-0.12905969876984136,0.019963210292658795,0.036100448467262014
gene-Peve_00012112,OG_16383,peve,0.4166058190902312,0.45697268546793435,0.5273327847555129,0.5237308354492916,0.04036686637770315,0.11072696566528173,-0.0667581499813572,0.0036019493062213748,0.04036686637770315,0.11072696566528173
gene-Peve_00012117,OG_00510,peve,0.8854692617503487,0.8741878627050265,0.7195326388095238,0.7471312143088624,-0.011281399045322216,-0.1659366229408249,0.12705664839616404,-0.02759857549933864,0.011281399045322216,0.1659366229408249
gene-Peve_00012118,OG_00514,peve,24.260207616608238,24.818250094821796,25.194107230290193,25.724626620381727,0.558042478213558,0.9338996136819553,-0.9063765255599314,-0.5305193900915341,0.558042478213558,0.9338996136819553
gene-Peve_00012295,OG_11852,peve,0.1957738096061297,0.5230305745715129,0.40896690761355964,0.4987651679880108,0.32725676496538325,0.21319309800742994,0.024265406583502125,-0.08979826037445116,0.32725676496538325,0.21319309800742994
gene-Peve_00012296,OG_16389,peve,0.36040780530784033,0.3580486203559404,0.36889324575757576,0.45569604791967294,-0.002359184951899962,0.008485440449735426,-0.09764742756373257,-0.08680280216209718,0.002359184951899962,0.008485440449735426
gene-Peve_00012378,OG_11957,peve,0.0,0.0,1.2477718333333334,0.0,0.0,1.2477718333333334,0.0,1.2477718333333334,0.0,1.2477718333333334
gene-Peve_00012381,OG_05367,peve,0.7026122753804614,0.6162344857838324,0.5870208457729914,0.5204773959059482,-0.086377789596629,-0.11559142960747004,0.09575708987788423,0.06654344986704319,0.086377789596629,0.11559142960747004
gene-Peve_00012542,OG_10472,peve,1.3782267304347826,1.111706139288179,1.0173185637730455,1.1109904179089027,-0.26652059114660354,-0.3609081666617371,0.0007157213792763351,-0.09367185413585721,0.26652059114660354,0.3609081666617371
gene-Peve_00012654,OG_08717,peve,0.7416172481981983,0.2286871131274131,0.6233559414414415,0.43704301158301156,-0.5129301350707852,-0.11826130675675683,-0.20835589845559846,0.1863129298584299,0.5129301350707852,0.11826130675675683
gene-Peve_00013346,OG_12248,peve,0.6490935848353361,0.9271159133622608,0.8863008256564308,0.9070175680054888,0.27802232852692477,0.23720724082109468,0.02009834535677202,-0.02071674234905807,0.27802232852692477,0.23720724082109468
gene-Peve_00013516,OG_16469,peve,1.142011462797619,0.9071247285037878,0.8710205938446969,1.28744016584145,-0.23488673429383122,-0.2709908689529221,-0.38031543733766227,-0.41641957199675317,0.23488673429383122,0.2709908689529221
gene-Peve_00013611,OG_06616,peve,0.0,0.0,0.0,0.0,0.0,0.0,0.0,0.0,0.0,0.0
gene-Peve_00013687,OG_09455,peve,8.2143812492043,8.044851381886732,7.987604699344657,8.011346217450074,-0.1695298673175678,-0.22677654985964235,0.033505164436657964,-0.02374151810541658,0.1695298673175678,0.22677654985964235
gene-Peve_00013805,OG_03267,peve,5.226389213155556,4.245859311873016,4.4274955873333335,5.03649798315873,-0.9805299012825399,-0.7988936258222221,-0.7906386712857145,-0.6090023958253967,0.9805299012825399,0.7988936258222221
gene-Peve_00013808,OG_16485,peve,0.34455967498064266,0.5641560622854562,0.6221344787714543,0.5936542838140405,0.21959638730481357,0.2775748037908117,-0.02949822152858428,0.02848019495741383,0.21959638730481357,0.2775748037908117
gene-Peve_00013809,OG_11292,peve,0.4767023705668088,0.40187441215351816,0.4233242361273987,0.6042325351738332,-0.07482795841329065,-0.053378134439410085,-0.20235812302031508,-0.18090829904643452,0.07482795841329065,0.053378134439410085
gene-Peve_00013849,OG_16489,peve,14.954569314583333,14.943807225446427,14.969680346428571,18.9698982609127,-0.010762089136905573,0.015111031845238543,-4.026091035466273,-4.000217914484129,0.010762089136905573,0.015111031845238543
gene-Peve_00014253,OG_12683,peve,0.9632288115528601,1.0180248923292903,1.338366554604672,1.0446058002096437,0.05479608077643017,0.3751377430518118,-0.026580907880353388,0.29376075439502825,0.05479608077643017,0.3751377430518118
gene-Peve_00014381,OG_12331,peve,21.351830644265387,20.553257468062814,20.557076063504162,20.8254597521777,-0.7985731762025736,-0.7947545807612251,-0.27220228411488634,-0.2683836886735378,0.7985731762025736,0.7947545807612251
gene-Peve_00014611,OG_02186,peve,1.1069302116105304,1.2659364951858303,1.357091782042199,1.4561474351567945,0.1590062835752999,0.25016157043166865,-0.19021093997096417,-0.09905565311459541,0.1590062835752999,0.25016157043166865
gene-Peve_00014648,OG_12785,peve,2.8797301650028344,2.825643933452381,2.8326818478911564,3.146039349362245,-0.054086231550453334,-0.047048317111678006,-0.32039541590986387,-0.31335750147108854,0.054086231550453334,0.047048317111678006
gene-Peve_00014651,OG_16539,peve,0.5681818125,0.3364527625,1.0035103916666668,0.0,-0.23172905,0.4353285791666668,0.3364527625,1.0035103916666668,0.23172905,0.4353285791666668
gene-Peve_00014717,OG_12613,peve,0.8431109161788565,0.975953360866658,0.8281277342541437,1.0396894043694642,0.1328424446878015,-0.014983181924712818,-0.06373604350280626,-0.21156167011532057,0.1328424446878015,0.014983181924712818
gene-Peve_00014736,OG_16544,peve,0.41624739302380953,0.3629949936031746,0.2399687046111111,0.34581089190476194,-0.05325239942063492,-0.17627868841269842,0.017184101698412668,-0.10584218729365083,0.05325239942063492,0.17627868841269842
gene-Peve_00014803,OG_02408,peve,0.7634301911300505,0.49110462418154766,0.434197370116342,0.7005992979595058,-0.27232556694850285,-0.3292328210137085,-0.20949467377795816,-0.2664019278431638,0.27232556694850285,0.3292328210137085
gene-Peve_00014853,OG_16548,peve,1.7168930682405166,1.4596330625453995,1.5942089555723702,1.8000847305202448,-0.2572600056951171,-0.12268411266814638,-0.3404516679748453,-0.20587577494787457,0.2572600056951171,0.12268411266814638
gene-Peve_00014958,OG_09942,peve,0.5760515975185855,0.8682816096443641,0.8411516149186257,0.6041459839511754,0.2922300121257786,0.2651000174000402,0.2641356256931887,0.2370056309674503,0.2922300121257786,0.2651000174000402
gene-Peve_00015019,OG_12165,peve,1.6593541784264347,1.8632442290852664,2.0028324593584657,1.737472191094322,0.2038900506588317,0.3434782809320309,0.12577203799094439,0.2653602682641436,0.2038900506588317,0.3434782809320309
gene-Peve_00015035,OG_10520,peve,0.3975725885714286,0.4043524230555556,0.6935034268055555,0.937381248611111,0.006779834484127001,0.29593083823412697,-0.5330288255555555,-0.2438778218055555,0.006779834484127001,0.29593083823412697
gene-Peve_00015112,OG_12518,peve,3.7558165595238093,4.05796783888889,3.6278248290816326,4.920930365079365,0.30215127936508024,-0.1279917304421767,-0.8629625261904756,-1.2931055359977326,0.30215127936508024,0.1279917304421767
gene-Peve_00015212,OG_05121,peve,8.864056858756614,5.230660794179895,10.021141701322751,11.883684073015873,-3.6333960645767194,1.157084842566137,-6.653023278835978,-1.862542371693122,3.6333960645767194,1.157084842566137
gene-Peve_00015353,OG_16573,peve,85.6944445,86.813187,79.96108066666666,79.612054625,1.1187424999999962,-5.7333638333333425,7.201132375,0.3490260416666615,1.1187424999999962,5.7333638333333425
gene-Peve_00015389,OG_02220,peve,1.6165872897907647,1.370226853210678,1.2772724477994226,1.7205186172077922,-0.24636043658008666,-0.3393148419913421,-0.35029176399711415,-0.4432461694083696,0.24636043658008666,0.3393148419913421
gene-Peve_00015471,OG_11017,peve,0.0,0.0,0.0,0.0,0.0,0.0,0.0,0.0,0.0,0.0
gene-Peve_00015570,OG_07252,peve,0.4524910674315736,0.4606411647112836,0.5230276895979049,0.4837602758687043,0.00815009727971,0.07053662216633133,-0.023119111157420713,0.03926741372920062,0.00815009727971,0.07053662216633133
gene-Peve_00015572,OG_16585,peve,1.1430178609737485,0.8864491753479854,1.1164037324430198,0.9193713401628002,-0.25656868562576307,-0.026614128530728642,-0.0329221648148148,0.19703239228021963,0.25656868562576307,0.026614128530728642
gene-Peve_00015573,OG_16586,peve,0.0,0.078125,1.1122862733630952,0.0520833359375,0.078125,1.1122862733630952,0.026041664062499997,1.0602029374255952,0.078125,1.1122862733630952
gene-Peve_00015587,OG_08271,peve,0.6371864815083499,0.4826897216641865,0.7515907990720073,0.5186214807395007,-0.1544967598441634,0.11440431756365743,-0.03593175907531415,0.23296931833250667,0.1544967598441634,0.11440431756365743
gene-Peve_00015650,OG_16592,peve,0.9482708579491727,0.5289524477668017,0.38353161726190477,0.5672373589116853,-0.4193184101823709,-0.5647392406872679,-0.03828491114488353,-0.18370574164978049,0.4193184101823709,0.5647392406872679
gene-Peve_00015953,OG_07183,peve,1.2937352006581906,1.1028574994221862,1.1118192162378029,1.1085135941976931,-0.19087770123600434,-0.1819159844203877,-0.005656094775506881,0.003305622040109757,0.19087770123600434,0.1819159844203877
gene-Peve_00015967,OG_12616,peve,0.7768712269252233,0.5807368504495287,0.5137520619512649,0.5611695975074404,-0.19613437647569454,-0.2631191649739584,0.019567252942088276,-0.04741753555617556,0.19613437647569454,0.2631191649739584
gene-Peve_00016030,OG_01384,peve,0.49890875460674655,0.4214551612433862,0.43258780228551336,0.37626560339673615,-0.07745359336336033,-0.0663209523212332,0.045189557846650075,0.05632219888877721,0.07745359336336033,0.0663209523212332
gene-Peve_00016058,OG_04247,peve,3.142195811666667,0.9828311863265307,1.8318844323129253,2.0491465268707483,-2.159364625340136,-1.3103113793537415,-1.0663153405442176,-0.21726209455782297,2.159364625340136,1.3103113793537415
gene-Peve_00016070,OG_13518,peve,40.58009136975999,38.53390933214764,39.568128070008605,40.65233753430388,-2.046182037612354,-1.011963299751386,-2.1184282021562453,-1.0842094642952773,2.046182037612354,1.011963299751386
gene-Peve_00016079,OG_02935,peve,0.4773964736961452,0.3038999685941043,0.5199468660997733,0.44769349452947843,-0.1734965051020409,0.04255039240362807,-0.14379352593537414,0.07225337157029482,0.1734965051020409,0.04255039240362807
gene-Peve_00016086,OG_12560,peve,2.283930010170488,1.7569264833872231,1.3938528802763082,1.4429464258769353,-0.5270035267832647,-0.8900771298941796,0.3139800575102878,-0.049093545600627175,0.5270035267832647,0.8900771298941796
gene-Peve_00016142,OG_16627,peve,1.9953239771545583,2.484090308221408,1.7111904238680302,2.1675830053749494,0.48876633106684975,-0.2841335532865281,0.31650730284645867,-0.4563925815069192,0.48876633106684975,0.2841335532865281
gene-Peve_00016197,OG_09806,peve,0.9121396020403439,1.0749528988045771,0.9729475504182605,1.0698455505930395,0.16281329676423317,0.06080794837791659,0.005107348211537577,-0.09689800017477901,0.16281329676423317,0.06080794837791659
gene-Peve_00016213,OG_12837,peve,0.713923947010582,0.7581486145679013,0.6727515202910053,0.7980015203042328,0.04422466755731924,-0.04117242671957677,-0.03985290573633149,-0.1252500000132275,0.04422466755731924,0.04117242671957677
gene-Peve_00016284,OG_06430,peve,1.850589027173913,1.4420034184782609,1.3968570813664596,3.7556993792443065,-0.4085856086956521,-0.45373194580745335,-2.3136959607660454,-2.358842297877847,0.4085856086956521,0.45373194580745335
gene-Peve_00016379,OG_02924,peve,5.568064649226625,5.141525978163017,4.900322056612791,4.987490140510949,-0.4265386710636081,-0.6677425926138341,0.15403583765206807,-0.08716808389815789,0.4265386710636081,0.6677425926138341
gene-Peve_00016555,OG_04799,peve,0.8321213703042328,0.5250795836023524,0.592206820604533,0.506548286700093,-0.3070417867018804,-0.23991454969969983,0.01853129690225941,0.08565853390444,0.3070417867018804,0.23991454969969983
gene-Peve_00016632,OG_16654,peve,2.08333325,21.6666666,20.4807692,8.035714285714286,19.58333335,18.397435950000002,13.630952314285713,12.445054914285715,19.58333335,18.397435950000002
gene-Peve_00016734,OG_01277,peve,26.052239138339914,24.865257038401598,25.155780613481785,25.872726020011925,-1.1869820999383158,-0.8964585248581294,-1.0074689816103266,-0.7169454065301402,1.1869820999383158,0.8964585248581294
gene-Peve_00016783,OG_16665,peve,1.1215529239130435,0.9407887313750862,1.4425677035196685,1.321380739889579,-0.18076419253795728,0.32101477960662494,-0.3805920085144927,0.12118696363008952,0.18076419253795728,0.32101477960662494
gene-Peve_00016980,OG_08768,peve,0.46261621999244146,0.30507905383597883,0.3031723850836168,0.375351127534486,-0.15753716615646263,-0.15944383490882463,-0.07027207369850719,-0.0721787424508692,0.15753716615646263,0.15944383490882463
gene-Peve_00017132,OG_04515,peve,0.7514001885645272,1.259440492188866,0.5977311216229584,1.0819780840579711,0.5080403036243388,-0.1536690669415688,0.17746240813089487,-0.48424696243501275,0.5080403036243388,0.1536690669415688
gene-Peve_00017133,OG_04514,peve,2.3533194841170304,2.479330400692785,2.379750703895259,2.3127689578376334,0.1260109165757548,0.0264312197782286,0.16656144285515184,0.06698174605762564,0.1260109165757548,0.0264312197782286
gene-Peve_00017181,OG_11420,peve,5.529364833467742,5.663070751683308,6.211513647148617,6.300283801545699,0.13370591821556577,0.6821488136808753,-0.6372130498623907,-0.08877015439708114,0.13370591821556577,0.6821488136808753
gene-Peve_00017421,OG_05250,peve,1.1547773514283521,0.8642549197974218,0.9192540089779007,1.0623619050830921,-0.2905224316309304,-0.23552334245045148,-0.1981069852856704,-0.14310789610519148,0.2905224316309304,0.23552334245045148
gene-Peve_00017425,OG_16707,peve,0.4548020419765167,0.6870541671559035,0.33308260487605995,0.5237789209393346,0.23225212517938681,-0.12171943710045674,0.16327524621656886,-0.1906963160632747,0.23225212517938681,0.12171943710045674
gene-Peve_00017468,OG_11907,peve,0.5270641001221001,0.37721077119454616,0.4018422379273504,0.3725634090862841,-0.14985332892755399,-0.12522186219474973,0.004647362108262054,0.029278828841066307,0.14985332892755399,0.12522186219474973
gene-Peve_00017517,OG_11423,peve,0.48453108466279915,0.57868389755291,0.653767767572551,0.5086921407227032,0.0941528128901109,0.1692366829097518,0.06999175683020686,0.14507562684984776,0.0941528128901109,0.1692366829097518
gene-Peve_00017518,OG_03856,peve,0.2926230876110612,0.18105161011904763,0.46669514800595235,0.599490026939484,-0.11157147749201357,0.17407206039489115,-0.4184384168204364,-0.1327948789335317,0.11157147749201357,0.17407206039489115
gene-Peve_00017519,OG_03857,peve,0.3407299422106591,0.5081823783191423,0.36372100029959004,0.37772098147272154,0.16745243610848315,0.022991058088930927,0.13046139684642072,-0.013999981173131504,0.16745243610848315,0.022991058088930927
gene-Peve_00017692,OG_13529,peve,3.8637823005362506,3.055479934309309,2.744679488309738,1.6768854174174173,-0.8083023662269415,-1.1191028122265125,1.3785945168918918,1.0677940708923208,0.8083023662269415,1.1191028122265125
gene-Peve_00017706,OG_08077,peve,0.4355260977422003,0.0,0.0391849525862069,0.27098260948275865,-0.4355260977422003,-0.3963411451559934,-0.27098260948275865,-0.23179765689655174,0.4355260977422003,0.3963411451559934
gene-Peve_00017715,OG_12647,peve,0.7654732728934366,0.7229401119676199,0.6831884428330928,0.7230637137347501,-0.042533160925816715,-0.08228483006034382,-0.00012360176713022142,-0.03987527090165732,0.042533160925816715,0.08228483006034382
gene-Peve_00017902,OG_16731,peve,2.038111425,3.186951529265873,3.271438753968254,4.652017891666667,1.1488401042658731,1.233327328968254,-1.4650663624007936,-1.3805791376984127,1.1488401042658731,1.233327328968254
gene-Peve_00017912,OG_02317,peve,0.8459610193877551,0.822781300781503,0.9059840970359573,0.7686319836613217,-0.02317971860625212,0.06002307764820214,0.05414931712018134,0.1373521133746356,0.02317971860625212,0.06002307764820214
gene-Peve_00018146,OG_16747,peve,0.46663383104095807,0.6270204112634638,0.7377798673339475,0.6456422003413171,0.16038658022250568,0.27114603629298945,-0.01862178907785339,0.09213766699263037,0.16038658022250568,0.27114603629298945
gene-Peve_00018458,OG_04467,peve,0.13141619897959184,0.40363820765306124,0.5085663331207483,0.5156882896258503,0.2722220086734694,0.37715013414115645,-0.1120500819727891,-0.007121956505102056,0.2722220086734694,0.37715013414115645
gene-Peve_00018609,OG_11543,peve,0.18518518699186992,0.22035602360627177,0.9249650273519163,0.3492787442895858,0.035170836614401846,0.7397798403600464,-0.128922720683314,0.5756862830623306,0.035170836614401846,0.7397798403600464
gene-Peve_00018677,OG_04789,peve,17.86918210558608,17.69114889381868,18.336654551923075,18.201723999771062,-0.17803321176739928,0.4674724463369948,-0.5105751059523804,0.13493055215201366,0.17803321176739928,0.4674724463369948
gene-Peve_00018749,OG_02012,peve,27.459809680898875,26.36004144178259,28.15806336118245,27.816783662693954,-1.0997682391162833,0.6982536802835746,-1.4567422209113623,0.3412796984884956,1.0997682391162833,0.6982536802835746
gene-Peve_00018796,OG_05010,peve,0.5506304640070074,0.6881856074573978,0.5004567721983331,0.5309892645723842,0.13755514345039033,-0.05017369180867437,0.1571963428850136,-0.03053249237405109,0.13755514345039033,0.05017369180867437
gene-Peve_00018829,OG_06955,peve,10.873326387974194,10.712819703713686,10.761566140781506,10.882077369526389,-0.16050668426050763,-0.11176024719268796,-0.16925766581270274,-0.12051122874488307,0.16050668426050763,0.11176024719268796
gene-Peve_00018981,OG_13684,peve,1.118294693642857,0.1570045830714286,0.6901293151428571,0.7909656414285715,-0.9612901105714284,-0.4281653784999999,-0.6339610583571429,-0.10083632628571437,0.9612901105714284,0.4281653784999999
gene-Peve_00018993,OG_16789,peve,0.7251132209431841,0.6461608231384972,0.7311090033934532,0.5416035534641324,-0.07895239780468688,0.005995782450269105,0.10455726967436485,0.18950544992932083,0.07895239780468688,0.005995782450269105
gene-Peve_00019201,OG_02176,peve,0.5687837177330819,0.7568421408968083,0.5042405595900887,0.5662498463427483,0.18805842316372645,-0.06454315814299316,0.19059229455406002,-0.0620092867526596,0.18805842316372645,0.06454315814299316
gene-Peve_00019319,OG_01155,peve,2.2235158713044676,2.145140963011736,2.1143587798021235,2.116331047423316,-0.07837490829273142,-0.1091570915023441,0.028809915588420054,-0.001972267621192625,0.07837490829273142,0.1091570915023441
gene-Peve_00019358,OG_00460,peve,0.4796937743116678,0.6209690905100428,0.4133332393158053,0.40438076611374413,0.14127531619837497,-0.06636053499586253,0.21658832439629866,0.008952473202061162,0.14127531619837497,0.06636053499586253
gene-Peve_00019493,OG_06607,peve,2.199429026266234,2.6062671706998555,2.5973051915692644,2.19523098523088,0.40683814443362154,0.3978761653030305,0.41103618546897547,0.4020742063383844,0.40683814443362154,0.3978761653030305
gene-Peve_00019501,OG_06610,peve,0.0,0.7789854833333334,0.5952380833333334,0.0,0.7789854833333334,0.5952380833333334,0.7789854833333334,0.5952380833333334,0.7789854833333334,0.5952380833333334
gene-Peve_00019641,OG_13526,peve,71.57627240000001,64.44203455357143,72.0223292875,71.18735434821428,-7.134237846428576,0.44605688749999217,-6.745319794642853,0.8349749392857149,7.134237846428576,0.44605688749999217
gene-Peve_00019886,OG_01753,peve,1.3674921216666664,0.8817180891729324,1.148946946065163,1.2272464584837093,-0.4857740324937341,-0.21854517560150355,-0.3455283693107769,-0.07829951241854638,0.4857740324937341,0.21854517560150355
gene-Peve_00019894,OG_01748,peve,0.39701150926491807,0.4516619137488329,0.36191278772493846,0.5774544008604957,0.05465040448391484,-0.035098721539979616,-0.1257924871116628,-0.21554161313555725,0.05465040448391484,0.035098721539979616
gene-Peve_00019897,OG_01747,peve,0.6591121956330663,0.5616650318857241,0.49254961942157444,0.6193964467357711,-0.09744716374734219,-0.1665625762114919,-0.05773141485004696,-0.12684682731419666,0.09744716374734219,0.1665625762114919
gene-Peve_00020005,OG_16844,peve,1.6062246975396826,1.62347610013468,1.4282949191750842,1.6759431504689757,0.017251402594997467,-0.17792977836459833,-0.05246705033429566,-0.24764823129389146,0.017251402594997467,0.17792977836459833
gene-Peve_00020199,OG_12109,peve,1.0605440820918683,0.7106759973308504,0.7600303998381662,0.8711053913784695,-0.34986808476101794,-0.3005136822537021,-0.16042939404761913,-0.11107499154030331,0.34986808476101794,0.3005136822537021
gene-Peve_00020287,OG_16856,peve,1.3668313472190219,1.4011449634771291,1.37686361015745,1.4215497842795273,0.03431361625810725,0.010032262938428183,-0.020404820802398138,-0.044686174122077205,0.03431361625810725,0.010032262938428183
gene-Peve_00020388,OG_16862,peve,0.2226628,0.26476129424345496,0.5873282957534528,0.3205342401618223,0.042098494243454965,0.3646654957534528,-0.055772945918367345,0.2667940555916305,0.042098494243454965,0.3646654957534528
gene-Peve_00020429,OG_13013,peve,4.765948279890873,4.187400282064594,4.754337267530864,5.00249211980269,-0.5785479978262789,-0.011611012360009276,-0.8150918377380956,-0.248154852271826,0.5785479978262789,0.011611012360009276
gene-Peve_00020542,OG_16879,peve,0.16467845787878788,0.3724687954040404,0.5135594169047619,0.5010760064718615,0.2077903375252525,0.34888095902597405,-0.12860721106782108,0.012483410432900466,0.2077903375252525,0.34888095902597405
gene-Peve_00020593,OG_04723,peve,0.0,1.1191172857142857,0.2801120476190476,0.9247076249999999,1.1191172857142857,0.2801120476190476,0.19440966071428578,-0.6445955773809523,1.1191172857142857,0.2801120476190476
gene-Peve_00020608,OG_16883,peve,0.6985563105759558,0.8819984567069081,0.8769499398851442,0.8077144241448692,0.18344214613095233,0.17839362930918845,0.07428403256203897,0.06923551574027509,0.18344214613095233,0.17839362930918845
gene-Peve_00020879,OG_05304,peve,1.3758570511230053,1.4184658444351168,1.3903466842290555,1.3877297629369343,0.04260879331211154,0.014489633106050226,0.03073608149818252,0.0026169212921212104,0.04260879331211154,0.014489633106050226
gene-Peve_00020888,OG_05308,peve,24.140372129007936,23.80495185282242,24.01910255909557,24.481941242450397,-0.3354202761855163,-0.12126956991236781,-0.6769893896279768,-0.46283868335482836,0.3354202761855163,0.12126956991236781
gene-Peve_00020940,OG_10584,peve,0.4511015100014257,0.49122124665668665,0.41692195476428096,0.5055774449672085,0.040119736655260974,-0.03417955523714472,-0.014356198310521817,-0.08865549020292751,0.040119736655260974,0.03417955523714472
gene-Peve_00021073,OG_10988,peve,0.2376463438839797,0.3685530855015545,0.48223212009491084,0.45876943519473085,0.13090674161757482,0.24458577621093114,-0.09021634969317632,0.023462684900179998,0.13090674161757482,0.24458577621093114
gene-Peve_00021149,OG_12424,peve,0.8347556744827785,0.634670306958892,0.8169105689320388,0.8111246457784328,-0.2000853675238865,-0.017845105550739704,-0.17645433881954076,0.005785923153606043,0.2000853675238865,0.017845105550739704
gene-Peve_00021291,OG_07641,peve,26.500488911765963,26.361234808356468,26.330391154500322,26.68828197091608,-0.1392541034094954,-0.17009775726564058,-0.3270471625596123,-0.3578908164157575,0.1392541034094954,0.17009775726564058
gene-Peve_00021321,OG_00176,peve,0.7404680962184874,0.5357858841619981,0.5711874277310924,0.11374246470588234,-0.2046822120564893,-0.16928066848739498,0.4220434194561158,0.4574449630252101,0.2046822120564893,0.16928066848739498
gene-Peve_00021331,OG_09423,peve,0.30612244897959184,0.4310818046201814,1.1936771360827665,0.6884758786092215,0.12495935564058958,0.8875546871031746,-0.25739407398904013,0.5052012574735449,0.12495935564058958,0.8875546871031746
gene-Peve_00021335,OG_09424,peve,41.72417149855276,40.59345650788982,40.1304379247549,42.80096551134064,-1.1307149906629377,-1.5937335737978557,-2.2075090034508236,-2.6705275865857416,1.1307149906629377,1.5937335737978557
gene-Peve_00021513,OG_06754,peve,28.71745544475821,28.477668702791618,28.507436522748247,28.867784492732557,-0.23978674196659355,-0.21001892200996508,-0.3901157899409391,-0.3603479699843106,0.23978674196659355,0.21001892200996508
gene-Peve_00021613,OG_12888,peve,18.543901818976032,18.476875126481485,18.71566201370309,19.038022560310694,-0.06702669249454729,0.17176019472705661,-0.5611474338292091,-0.32236054660760516,0.06702669249454729,0.17176019472705661
gene-Peve_00021641,OG_01724,peve,0.5408774739340181,0.583604732421413,0.7235344170915033,0.8118032992678182,0.04272725848739489,0.18265694315748526,-0.22819856684640527,-0.0882688821763149,0.04272725848739489,0.18265694315748526
gene-Peve_00021723,OG_13466,peve,36.52850016285714,28.924979811428575,30.244128739285713,32.62475633571429,-7.603520351428568,-6.284371423571429,-3.6997765242857135,-2.3806275964285746,7.603520351428568,6.284371423571429
gene-Peve_00021731,OG_10109,peve,11.843498845678408,11.548179500130464,12.138935739921722,11.800824915688192,-0.29531934554794326,0.29543689424331454,-0.252645415557728,0.3381108242335298,0.29531934554794326,0.29543689424331454
gene-Peve_00021733,OG_13465,peve,62.794140295046894,60.25343718184343,61.64131885691559,63.306750942871574,-2.540703113203463,-1.1528214381313049,-3.053313761028143,-1.6654320859559846,2.540703113203463,1.1528214381313049
gene-Peve_00021856,OG_10332,peve,0.8417933798633157,0.7494226445255733,0.9502006305414462,0.7866516570493827,-0.09237073533774243,0.1084072506781305,-0.03722901252380939,0.16354897349206354,0.09237073533774243,0.1084072506781305
gene-Peve_00021937,OG_11813,peve,0.2053387330521185,0.9271946127671541,0.5980379300337457,0.3320195199506312,0.7218558797150356,0.39269919698162725,0.5951750928165229,0.2660184100831145,0.7218558797150356,0.39269919698162725
gene-Peve_00022125,OG_11245,peve,1.8056010523809525,1.0793307352607708,1.2466878689909298,0.7401822090702949,-0.7262703171201816,-0.5589131833900227,0.339148526190476,0.5065056599206349,0.7262703171201816,0.5589131833900227
gene-Peve_00022132,OG_16944,peve,2.4790706741988147,2.197595899994977,2.029267382318666,2.2012933344836245,-0.2814747742038377,-0.44980329188014867,-0.0036974344886475663,-0.17202595216495853,0.2814747742038377,0.44980329188014867
gene-Peve_00022340,OG_02000,peve,0.6935702990644889,0.7544253383898218,0.7326888277969481,0.7075888439262071,0.06085503932533298,0.039118528732459246,0.04683649446361471,0.02509998387074097,0.06085503932533298,0.039118528732459246
gene-Peve_00022425,OG_03289,peve,1.3910157065254374,1.2819203908850223,1.2525097166361416,1.2854377341929182,-0.10909531564041508,-0.13850598988929574,-0.0035173433078958816,-0.032928017556776545,0.10909531564041508,0.13850598988929574
gene-Peve_00022430,OG_03288,peve,1.4550042930733034,1.6816609549989987,1.4776960379045616,1.502728529174858,0.22665666192569534,0.022691744831258243,0.1789324258241407,-0.025032491270296386,0.22665666192569534,0.022691744831258243
gene-Peve_00022433,OG_11296,peve,1.074333465129319,1.080791644579713,1.2209441573314475,1.1130120889764488,0.006458179450393953,0.1466106922021284,-0.03222044439673577,0.10793206835499869,0.006458179450393953,0.1466106922021284
gene-Peve_00022956,OG_07508,peve,56.34463540248756,53.99207203791755,54.997437000746274,56.191915095427625,-2.3525633645700097,-1.347198401741288,-2.1998430575100727,-1.194478094681351,2.3525633645700097,1.347198401741288
gene-Peve_00023182,OG_17006,peve,1.302890800987901,1.7495411025474525,1.4963505889110889,1.6942035286657786,0.44665030155955154,0.19345978792318785,0.05533757388167393,-0.19785293975468976,0.44665030155955154,0.19345978792318785
gene-Peve_00023301,OG_07042,peve,19.88411528201058,20.32845102623016,22.099629027552908,20.935608808333335,0.444335744219579,2.215513745542328,-0.607157782103176,1.164020219219573,0.444335744219579,2.215513745542328
gene-Peve_00023311,OG_17014,peve,36.71671181820277,36.410575607808504,38.31691082553763,38.74969098013313,-0.3061362103942642,1.600199007334865,-2.3391153723246276,-0.43278015459549835,0.3061362103942642,1.600199007334865
gene-Peve_00023327,OG_17015,peve,0.0,0.4763850041666667,0.7089363452380953,0.27701465416666665,0.4763850041666667,0.7089363452380953,0.19937035000000003,0.4319216910714287,0.4763850041666667,0.7089363452380953
gene-Peve_00023411,OG_01317,peve,1.3901750845976126,1.5540880244427333,1.5108603642322338,1.3096596811459804,0.16391293984512068,0.12068527963462117,0.2444283432967529,0.20120068308625338,0.16391293984512068,0.12068527963462117
gene-Peve_00023430,OG_01579,peve,37.98265679646278,36.57188326913999,36.43438933014163,37.41651846397783,-1.4107735273227888,-1.5482674663211498,-0.8446351948378421,-0.982129133836203,1.4107735273227888,1.5482674663211498
gene-Peve_00023433,OG_01475,peve,0.26909722222222227,0.8456820833333333,0.8922241055555554,0.6990740527777778,0.5765848611111111,0.6231268833333332,0.1466080305555555,0.19315005277777764,0.5765848611111111,0.6231268833333332
gene-Peve_00023470,OG_17027,peve,0.45491627617874736,0.43199022936116976,0.4565861927984987,0.40970571760497304,-0.022926046817577594,0.0016699166197513549,0.022284511756196723,0.04688047519352567,0.022926046817577594,0.0016699166197513549
gene-Peve_00023607,OG_01489,peve,22.208843665895692,21.19812358776392,21.646997948162007,21.935396449805996,-1.0107200781317722,-0.5618457177336857,-0.7372728620420759,-0.2883985016439894,1.0107200781317722,0.5618457177336857
gene-Peve_00023612,OG_11653,peve,0.6217196757634575,0.9128302187859443,0.8397246566540142,0.793650221970612,0.29111054302248673,0.21800498089055664,0.11917999681533231,0.04607443468340222,0.29111054302248673,0.21800498089055664
gene-Peve_00023694,OG_11615,peve,15.570162368618696,13.106929431818978,11.296076822391457,11.980873959229108,-2.4632329367997183,-4.274085546227239,1.1260554725898704,-0.6847971368376502,2.4632329367997183,4.274085546227239
gene-Peve_00023719,OG_17045,peve,0.6281333786422902,0.6564168265306123,0.8718982576247165,0.6487399133527022,0.028283447888322044,0.24376487898242627,0.007676913177910083,0.2231583442720143,0.028283447888322044,0.24376487898242627
gene-Peve_00023800,OG_04238,peve,0.7814967971953188,0.6714154415348399,0.8437718458205542,0.6033481263411353,-0.11008135566047894,0.06227504862523536,0.06806731519370457,0.24042371947941887,0.11008135566047894,0.06227504862523536
gene-Peve_00023831,OG_01177,peve,0.6159137938316255,0.8329512715189873,0.740601025388932,0.7326783998780103,0.2170374776873618,0.12468723155730654,0.10027287164097698,0.00792262551092171,0.2170374776873618,0.12468723155730654
gene-Peve_00023981,OG_17058,peve,0.63573523011874,0.7473108996400886,0.6855363975298387,0.4726072308170296,0.11157566952134856,0.049801167411098746,0.27470366882305897,0.21292916671280915,0.11157566952134856,0.049801167411098746
gene-Peve_00024136,OG_09487,peve,28.207035643228746,27.797270173430164,27.847498082131214,28.273746006117317,-0.4097654697985824,-0.35953756109753243,-0.47647583268715366,-0.42624792398610367,0.4097654697985824,0.35953756109753243
gene-Peve_00024151,OG_09486,peve,19.228547726589145,18.598467777769176,19.036567273999335,19.88972842053172,-0.6300799488199686,-0.1919804525898101,-1.2912606427625448,-0.8531611465323863,0.6300799488199686,0.1919804525898101
gene-Peve_00024180,OG_01486,peve,0.7442339463435375,0.7092579672532782,0.7137219562654048,0.7177760419895495,-0.03497597909025929,-0.030511990078132656,-0.008518074736271308,-0.004054085724144674,0.03497597909025929,0.030511990078132656
gene-Peve_00024202,OG_04115,peve,35.621280779826904,35.60436764720854,34.82674051850027,35.468370876467574,-0.016913132618363136,-0.794540261326631,0.1359967707409666,-0.6416303579673013,0.016913132618363136,0.794540261326631
gene-Peve_00024296,OG_07265,peve,0.6329638833741031,0.5276934261279627,0.5610975726394325,0.6715496211540553,-0.10527045724614048,-0.07186631073467065,-0.1438561950260926,-0.11045204851462276,0.10527045724614048,0.07186631073467065
gene-Peve_00024319,OG_01023,peve,0.6395618704718907,0.5894725017145007,0.7151133894415781,0.6618010047556343,-0.05008936875739001,0.07555151896968737,-0.07232850304113358,0.05331238468594379,0.05008936875739001,0.07555151896968737
gene-Peve_00024333,OG_06119,peve,52.22357641036908,52.862284305374885,50.608859283514,53.8173412463092,0.6387078950058083,-1.6147171268550764,-0.9550569409343126,-3.2084819627951973,0.6387078950058083,1.6147171268550764
gene-Peve_00024501,OG_12108,peve,0.9167327800191434,0.9772244590266145,1.1409845107501795,0.8454155618894738,0.0604916790074711,0.2242517307310361,0.13180889713714072,0.2955689488607057,0.0604916790074711,0.2242517307310361
gene-Peve_00024531,OG_08658,peve,57.91484865858865,57.30901121385505,58.464796189959394,59.13899738339486,-0.6058374447336021,0.5499475313707407,-1.8299861695398079,-0.674201193435465,0.6058374447336021,0.5499475313707407
gene-Peve_00024570,OG_12320,peve,1.81070263118251,1.5398059556086623,1.7008306903360477,1.8497561599648906,-0.2708966755738478,-0.10987194084646235,-0.30995020435622833,-0.1489254696288429,0.2708966755738478,0.10987194084646235
gene-Peve_00024627,OG_17098,peve,0.9327442079983086,0.5776318212919593,0.7107080549554385,0.7426481097140905,-0.35511238670634926,-0.22203615304287005,-0.16501628842213112,-0.031940054758651915,0.35511238670634926,0.22203615304287005
gene-Peve_00024679,OG_17100,peve,0.5437357753307979,0.5374866203978819,0.6510286495774238,0.41105225687610597,-0.006249154932916001,0.10729287424662592,0.1264343635217759,0.23997639270131782,0.006249154932916001,0.10729287424662592
gene-Peve_00024738,OG_06954,peve,29.573699564041515,27.626124302933796,28.496883991320715,29.810122155776014,-1.947575261107719,-1.0768155727208004,-2.183997852842218,-1.3132381644552993,1.947575261107719,1.0768155727208004
gene-Peve_00024779,OG_10812,peve,1.077548404630492,1.0819656308395935,1.0166569241096004,0.9318162712624947,0.004417226209101566,-0.06089148052089155,0.15014935957709885,0.08484065284710574,0.004417226209101566,0.06089148052089155
gene-Peve_00024781,OG_17106,peve,3.695937189197083,3.2679899794396103,3.0914468741922487,2.9894847797739907,-0.4279472097574728,-0.6044903150048344,0.2785051996656196,0.10196209441825799,0.4279472097574728,0.6044903150048344
gene-Peve_00024794,OG_03780,peve,0.5500333339707735,0.5593529056072059,0.5043254359259259,0.6024299338863695,0.009319571636432378,-0.04570789804484754,-0.0430770282791636,-0.09810449796044352,0.009319571636432378,0.04570789804484754
gene-Peve_00024907,OG_10121,peve,3.6489921880269667,3.6200595199280308,3.91564801565398,3.7587519275644308,-0.02893266809893591,0.26665582762701323,-0.1386924076364,0.15689608808954913,0.02893266809893591,0.26665582762701323
gene-Peve_00025081,OG_06670,peve,0.846795828042328,0.5138290266313933,0.5608498891269842,0.9572559252645503,-0.3329668014109347,-0.2859459389153438,-0.443426898633157,-0.3964060361375661,0.3329668014109347,0.2859459389153438
gene-Peve_00025114,OG_17124,peve,1.607837225158538,1.6841941089300125,1.6039309163861024,1.725348612302548,0.07635688377147454,-0.003906308772435585,-0.04115450337253557,-0.12141769591644569,0.07635688377147454,0.003906308772435585
gene-Peve_00025343,OG_12162,peve,0.35785727575757575,0.5232545943181818,0.5658604543831168,0.5902303890692641,0.16539731856060602,0.20800317862554107,-0.06697579475108228,-0.024369934686147232,0.16539731856060602,0.20800317862554107
gene-Peve_00025623,OG_11541,peve,1.12827988707483,0.41294642857142855,1.2365020285714288,0.08354219047619048,-0.7153334585034015,0.1082221414965987,0.32940423809523806,1.1529598380952384,0.7153334585034015,0.1082221414965987
gene-Peve_00025689,OG_04372,peve,1.0403122027380953,0.8697340636337869,0.9261103323015872,0.7647300096371882,-0.1705781391043084,-0.11420187043650809,0.10500405399659873,0.16138032266439906,0.1705781391043084,0.11420187043650809
gene-Peve_00025727,OG_17150,peve,0.5106744748993964,0.9747220514028616,0.5717413034317013,0.5876282526156942,0.4640475765034652,0.06106682853230483,0.38709379878716743,-0.015886949183992916,0.4640475765034652,0.06106682853230483
gene-Peve_00025819,OG_17157,peve,0.0,0.0,0.0,0.0,0.0,0.0,0.0,0.0,0.0,0.0
gene-Peve_00025843,OG_09986,peve,10.75497191054894,9.730605241655795,9.756927867014568,10.299115457371167,-1.0243666688931459,-0.9980440435343727,-0.5685102157153725,-0.5421875903565994,1.0243666688931459,0.9980440435343727
gene-Peve_00026081,OG_05568,peve,0.6782324576381648,0.6413693510113048,0.60638090724796,0.5355323543588726,-0.03686310662685999,-0.07185155039020474,0.10583699665243218,0.07084855288908742,0.03686310662685999,0.07185155039020474
gene-Peve_00026118,OG_17176,peve,0.2650270491194703,0.46063650077017004,0.3778268565394008,0.45475097167981593,0.19560945165069976,0.11279980741993051,0.0058855290903541135,-0.07692411514041514,0.19560945165069976,0.11279980741993051
gene-Peve_00026217,OG_10350,peve,2.881213326269841,3.119030167777778,3.524095832222222,3.5105020089285714,0.2378168415079367,0.6428825059523806,-0.3914718411507936,0.013593823293650331,0.2378168415079367,0.6428825059523806
gene-Peve_00026233,OG_06279,peve,2.280867291338598,2.55077044453743,2.6894036709230447,2.329244049157237,0.26990315319883207,0.4085363795844468,0.22152639538019292,0.3601596217658076,0.26990315319883207,0.4085363795844468
gene-Peve_00026516,OG_06712,peve,0.41183338057301316,0.33840748248932395,0.5434862408642871,0.45754597171460804,-0.07342589808368921,0.13165286029127393,-0.11913848922528408,0.08594026914967906,0.07342589808368921,0.13165286029127393
gene-Peve_00026517,OG_06711,peve,0.4530673155831363,0.5376289527145831,0.4729721742156425,0.4555470709573994,0.08456163713144682,0.01990485863250624,0.08208188175718373,0.017425103258243146,0.08456163713144682,0.01990485863250624
gene-Peve_00026526,OG_10579,peve,0.36344944451931716,0.27789663173854445,0.31463781255615453,0.20509338653039833,-0.0855528127807727,-0.04881163196316263,0.07280324520814613,0.1095444260257562,0.0855528127807727,0.04881163196316263
gene-Peve_00026552,OG_06719,peve,1.9997892069295102,2.0285274078537476,1.7308533074388848,1.759169921759613,0.0287382009242374,-0.26893589949062546,0.26935748609413457,-0.028316614320728295,0.0287382009242374,0.26893589949062546
gene-Peve_00026558,OG_06717,peve,7.064901024026268,6.978004226173223,6.44813082153209,7.59315280661771,-0.08689679785304527,-0.6167702024941777,-0.6151485804444876,-1.14502198508562,0.08689679785304527,0.6167702024941777
gene-Peve_00026728,OG_05874,peve,9.837939871416063,9.707979506980829,9.850128724124483,10.208590502986992,-0.1299603644352345,0.012188852708419518,-0.5006109960061629,-0.35846177886250885,0.1299603644352345,0.012188852708419518
gene-Peve_00026729,OG_05875,peve,1.2778652531424282,1.884442928013728,1.805262241147203,1.2113787412842967,0.6065776748712999,0.5273969880047749,0.6730641867294314,0.5938834998629063,0.6065776748712999,0.5273969880047749
gene-Peve_00026747,OG_02088,peve,0.6617648455106971,0.6986730029537612,0.5844710542028986,0.6802840499309869,0.03690815744306408,-0.07729379130779856,0.018388953022774324,-0.09581299572808832,0.03690815744306408,0.07729379130779856
gene-Peve_00026782,OG_17222,peve,0.44836125661764703,0.5058587723214286,0.44766928647875814,0.3675306571545285,0.05749751570378159,-0.0006919701388888866,0.13832811516690013,0.08013862932422966,0.05749751570378159,0.0006919701388888866
gene-Peve_00027003,OG_13153,peve,2.4377508685172824,2.707313639118825,3.113824871283934,2.4099699705533304,0.26956277060154266,0.6760740027666516,0.29734366856549466,0.7038549007306036,0.26956277060154266,0.6760740027666516
gene-Peve_00027101,OG_17245,peve,0.4527880845982143,0.45707031182272584,0.5967291876192384,0.5505393614535637,0.004282227224511548,0.14394110302102414,-0.09346904963083791,0.046189826165674686,0.004282227224511548,0.14394110302102414
gene-Peve_00027113,OG_13594,peve,3.1070967742424243,1.9060019823232324,1.575529974296537,1.2612171328463204,-1.2010947919191919,-1.5315667999458873,0.644784849476912,0.31431284145021654,1.2010947919191919,1.5315667999458873
gene-Peve_00027191,OG_06247,peve,0.8089895831932774,1.054963714869281,1.1128064838585434,0.47133715947712423,0.24597413167600357,0.303816900665266,0.5836265553921567,0.6414693243814191,0.24597413167600357,0.303816900665266
gene-Peve_00027208,OG_08259,peve,0.6516799369440516,0.6349575035815317,0.6876886109584428,0.7353082687624886,-0.016722433362519884,0.03600867401439123,-0.10035076518095687,-0.047619657804045756,0.016722433362519884,0.03600867401439123
gene-Peve_00027542,OG_12722,peve,12.87356601382653,12.799814786660997,11.783399909916854,13.650888078350341,-0.07375122716553228,-1.0901661039096755,-0.8510732916893442,-1.8674881684334874,0.07375122716553228,1.0901661039096755
gene-Peve_00027617,OG_07330,peve,27.989689464754097,26.727529378155086,26.483164169704658,27.61907847519516,-1.2621600865990104,-1.506525295049439,-0.8915490970400732,-1.1359143054905019,1.2621600865990104,1.506525295049439
gene-Peve_00027618,OG_07331,peve,1.2452385513710542,1.398604552053237,1.1427722831014804,1.1505378280363832,0.15336600068218287,-0.10246626826957383,0.24806672401685392,-0.007765544934902779,0.15336600068218287,0.10246626826957383
gene-Peve_00027752,OG_05856,peve,1.5049534905850894,1.760901320297391,1.468143883309387,1.5872879406956988,0.2559478297123017,-0.03680960727570248,0.17361337960169232,-0.11914405738631184,0.2559478297123017,0.03680960727570248
gene-Peve_00027793,OG_17285,peve,0.7499231656697638,0.863511032441686,0.8111944129307008,0.7184574680470868,0.11358786677192223,0.06127124726093702,0.14505356439459927,0.09273694488361406,0.11358786677192223,0.06127124726093702
gene-Peve_00027794,OG_10480,peve,0.5055748390353157,0.7780482621438969,0.6120919207544882,0.5633371236171761,0.27247342310858114,0.1065170817191724,0.21471113852672075,0.04875479713731201,0.27247342310858114,0.1065170817191724
gene-Peve_00027827,OG_05228,peve,2.965016144855832,2.825733061256735,2.934927084207077,3.8051065890782003,-0.13928308359909725,-0.03008906064875516,-0.9793735278214655,-0.8701795048711234,0.13928308359909725,0.03008906064875516
gene-Peve_00027836,OG_17286,peve,0.3365718464965986,0.23009762503401363,0.3341975771825397,0.6479910779591836,-0.10647422146258498,-0.00237426931405893,-0.41789345292517,-0.313793500776644,0.10647422146258498,0.00237426931405893
gene-Peve_00028117,OG_11365,peve,0.5645822748024316,0.443185745,0.5326233072391084,0.5241560990357987,-0.1213965298024316,-0.03195896756332317,-0.08097035403579872,0.008467208203309706,0.1213965298024316,0.03195896756332317
gene-Peve_00028164,OG_12447,peve,1.6079390295919547,1.3809922962115964,1.7985559808591558,1.454983221952447,-0.2269467333803583,0.19061695126720113,-0.07399092574085064,0.3435727589067088,0.2269467333803583,0.19061695126720113
gene-Peve_00028245,OG_01781,peve,0.5484024967052943,0.7300476649324829,0.6563700999853929,0.5705276089086896,0.18164516822718857,0.10796760328009858,0.15952005602379327,0.08584249107670328,0.18164516822718857,0.10796760328009858
gene-Peve_00028307,OG_13239,peve,24.048780327777777,27.49174011111111,27.00414788042328,22.31473817962963,3.4429597833333325,2.9553675526455017,5.177001931481481,4.68940970079365,3.4429597833333325,2.9553675526455017
gene-Peve_00028559,OG_13016,peve,0.3574498489898304,0.5616802986850444,0.5185866279882612,0.5024616813627859,0.20423044969521403,0.16113677899843076,0.05921861732225853,0.016124946625475256,0.20423044969521403,0.16113677899843076
gene-Peve_00028563,OG_08545,peve,0.7547007126322751,0.6259013185044091,0.7726668948747796,0.727175496324515,-0.128799394127866,0.017966182242504458,-0.10127417782010584,0.04549139855026463,0.128799394127866,0.017966182242504458
gene-Peve_00028658,OG_01223,peve,0.6008952571971917,0.6442513327896032,0.7435590280417185,0.7450727668659937,0.0433560755924115,0.14266377084452675,-0.10082143407639044,-0.0015137388242751904,0.0433560755924115,0.14266377084452675
gene-Peve_00028682,OG_11964,peve,0.35714285,1.0722222399999999,0.0,0.1851852,0.7150793899999999,-0.35714285,0.8870370399999998,-0.1851852,0.7150793899999999,0.35714285
gene-Peve_00028733,OG_08663,peve,0.677552739178039,0.520851887470359,0.4886456064780536,0.5858971650823896,-0.15670085170768,-0.18890713269998544,-0.0650452776120306,-0.09725155860433604,0.15670085170768,0.18890713269998544
gene-Peve_00028736,OG_07389,peve,0.3992658329861111,0.5257298886363636,0.49148007539908006,0.3510632268060065,0.12646405565025248,0.09221424241296894,0.17466666183035712,0.14041684859307357,0.12646405565025248,0.09221424241296894
gene-Peve_00028770,OG_07394,peve,0.36985399990079365,0.2290284061904762,0.15256746773809524,0.17136626897321428,-0.14082559371031744,-0.21728653216269841,0.05766213721726193,-0.01879880123511904,0.14082559371031744,0.21728653216269841
gene-Peve_00028781,OG_12160,peve,1.2116676965830608,1.3182592644220283,1.2795714541348602,1.1006506804252998,0.1065915678389675,0.06790375755179934,0.21760858399672856,0.1789207737095604,0.1065915678389675,0.06790375755179934
gene-Peve_00028791,OG_06922,peve,0.5690478681815189,0.5196749370430745,0.9149542122703023,0.76834642605875,-0.04937293113844432,0.3459063440887834,-0.24867148901567548,0.14660778621155224,0.04937293113844432,0.3459063440887834
gene-Peve_00028802,OG_10938,peve,0.46783728928644513,0.5817669679366538,0.5693734959033613,0.5071243908328956,0.1139296786502087,0.10153620661691615,0.07464257710375821,0.06224910507046566,0.1139296786502087,0.10153620661691615
gene-Peve_00028805,OG_02149,peve,0.5935353594205752,0.5390000817848192,0.7482597790708915,0.6797222569363885,-0.05453527763575605,0.15472441965031625,-0.14072217515156937,0.06853752213450293,0.05453527763575605,0.15472441965031625
gene-Peve_00028852,OG_17347,peve,5.2928863066666665,5.214221890476191,5.186654716666666,7.743181238095238,-0.0786644161904757,-0.10623159000000015,-2.528959347619047,-2.5565265214285713,0.0786644161904757,0.10623159000000015
gene-Peve_00028869,OG_13059,peve,0.5398418836190476,0.773808509387755,0.49800038370068034,0.4238938514829932,0.23396662576870741,-0.041841499918367275,0.34991465790476184,0.07410653221768715,0.23396662576870741,0.041841499918367275
gene-Peve_00029011,OG_10838,peve,0.2222222222222222,0.06901311111111112,0.11695906666666667,1.9987155608465608,-0.15320911111111107,-0.10526315555555554,-1.9297024497354496,-1.881756494179894,0.15320911111111107,0.10526315555555554
gene-Peve_00029039,OG_01608,peve,11.578017240253255,11.334092765418227,11.272821568459069,11.758305668421913,-0.243924474835028,-0.30519567179418594,-0.42421290300368675,-0.4854840999628447,0.243924474835028,0.30519567179418594
gene-Peve_00029042,OG_01611,peve,0.3724195244897959,0.5261083433916424,1.041767223339812,0.4479854608843537,0.1536888189018465,0.6693476988500162,0.07812288250728866,0.5937817624554584,0.1536888189018465,0.6693476988500162
gene-Peve_00029291,OG_06373,peve,1.4384430342699843,1.016245231874732,1.5514197191870442,1.1987490347776348,-0.4221978023952524,0.11297668491705992,-0.1825038029029029,0.3526706844094094,0.4221978023952524,0.11297668491705992
gene-Peve_00029327,OG_00572,peve,15.601528354277503,15.016120178541323,15.741794266527094,16.09019495638478,-0.5854081757361804,0.14026591224959084,-1.0740747778434585,-0.34840068985768724,0.5854081757361804,0.14026591224959084
gene-Peve_00029366,OG_00305,peve,22.122872741996336,21.99301636208791,21.096288320109892,22.75000611540293,-0.1298563799084249,-1.0265844218864437,-0.7569897533150183,-1.653717795293037,0.1298563799084249,1.0265844218864437
gene-Peve_00029370,OG_00314,peve,0.411422606010453,0.47861932940379404,0.577366053372048,0.5498948490398761,0.06719672339334104,0.16594344736159505,-0.07127551963608203,0.027471204332171983,0.06719672339334104,0.16594344736159505
gene-Peve_00029455,OG_08856,peve,12.012899672910915,11.156546685652462,11.696496356561997,11.04735909220152,-0.8563529872584539,-0.31640331634891794,0.10918759345094209,0.649137264360478,0.8563529872584539,0.31640331634891794
gene-Peve_00029478,OG_05666,peve,0.6857345448095904,0.6744790994991847,0.6987644184211841,0.7535653085712622,-0.011255445310405676,0.01302987361159369,-0.07908620907207753,-0.05480089015007816,0.011255445310405676,0.01302987361159369
gene-Peve_00029553,OG_06931,peve,44.33258635503848,42.01077540795254,43.43153774977152,43.18806813439554,-2.321810947085936,-0.9010486052669577,-1.1772927264429995,0.24346961537597878,2.321810947085936,0.9010486052669577
gene-Peve_00029676,OG_12031,peve,29.306522750046295,26.920056551578487,26.080067698333334,26.92547578175926,-2.386466198467808,-3.2264550517129607,-0.0054192301807738374,-0.8454080834259265,2.386466198467808,3.2264550517129607
gene-Peve_00029697,OG_17389,peve,1.0334090787317785,0.8757899839666343,1.3757342478117913,0.8869611650194363,-0.15761909476514413,0.34232516908001287,-0.011171181052802015,0.488773082792355,0.15761909476514413,0.34232516908001287
gene-Peve_00030203,OG_12166,peve,0.5815604077129594,0.41444208397616905,0.5419094779617508,0.7138746964927479,-0.1671183237367903,-0.03965092975120854,-0.2994326125165789,-0.1719652185309971,0.1671183237367903,0.03965092975120854
gene-Peve_00030448,OG_09657,peve,25.3922935636612,24.62867956494763,24.66183595038219,25.058150895486925,-0.7636139987135699,-0.730457613279011,-0.4294713305392932,-0.3963149451047343,0.7636139987135699,0.730457613279011
gene-Peve_00030488,OG_10475,peve,0.35816762180205414,0.7133227015756303,0.44067942862686743,0.5850025673552754,0.35515507977357613,0.0825118068248133,0.12832013422035482,-0.14432313872840802,0.35515507977357613,0.0825118068248133
gene-Peve_00030489,OG_00643,peve,0.5143957888649425,0.4024340691245895,0.4220348084770115,0.560428171242132,-0.11196171974035302,-0.092360980387931,-0.15799410211754245,-0.13839336276512043,0.11196171974035302,0.092360980387931
gene-Peve_00030497,OG_11419,peve,1.0980089259643782,1.0488363498385014,1.0387113710286697,0.8454506337055494,-0.04917257612587678,-0.05929755493570843,0.20338571613295198,0.19326073732312032,0.04917257612587678,0.05929755493570843
gene-Peve_00030921,OG_17453,peve,0.0,0.3205128333333333,0.09920635714285715,0.0771605,0.3205128333333333,0.09920635714285715,0.24335233333333328,0.022045857142857145,0.3205128333333333,0.09920635714285715
gene-Peve_00031055,OG_12475,peve,0.7300699304761905,0.16031746476190475,0.4855959742857143,0.5159451306462585,-0.5697524657142857,-0.24447395619047618,-0.3556276658843537,-0.03034915636054414,0.5697524657142857,0.24447395619047618
gene-Peve_00031062,OG_09897,peve,0.37080276827586206,0.41166242848932677,0.18997125183908045,0.34385313750136837,0.04085966021346471,-0.1808315164367816,0.0678092909879584,-0.15388188566228791,0.04085966021346471,0.1808315164367816
gene-Peve_00031067,OG_09896,peve,52.32912759085412,47.32593800413832,48.7466922659486,51.43519860403754,-5.0031895867157985,-3.582435324905518,-4.1092605998992155,-2.688506338088935,5.0031895867157985,3.582435324905518
gene-Peve_00031460,OG_02537,peve,1.05971600509161,1.091502883495238,1.1715411385723355,1.1588899636775511,0.03178687840362815,0.11182513348072565,-0.0673870801823131,0.0126511748947844,0.03178687840362815,0.11182513348072565
gene-Peve_00031620,OG_17479,peve,0.6026165130754496,0.5717182693251858,0.6516352767316257,0.5766595760363897,-0.030898243750263843,0.04901876365617608,-0.004941306711203963,0.07497570069523596,0.030898243750263843,0.04901876365617608
gene-Peve_00031656,OG_17483,peve,70.44080919458311,68.9048840620413,70.61091658285117,72.10226980161504,-1.5359251325418057,0.1701073882680646,-3.1973857395737326,-1.4913532187638623,1.5359251325418057,0.1701073882680646
gene-Peve_00031660,OG_06181,peve,35.58795393174745,36.62760283364624,38.16253561462707,36.30684618535729,1.0396489018987936,2.574581682879618,0.3207566482889561,1.8556894292697805,1.0396489018987936,2.574581682879618
gene-Peve_00031834,OG_17497,peve,0.7579919748385795,0.5257229422215497,0.48853851540220605,0.5835984366895346,-0.2322690326170298,-0.26945345943637344,-0.0578754944679849,-0.09505992128732854,0.2322690326170298,0.26945345943637344
gene-Peve_00031835,OG_06875,peve,0.7145624934811166,0.5861025991461412,0.8268835986754242,0.7402017098617953,-0.1284598943349754,0.1123211051943076,-0.1540991107156542,0.08668188881362882,0.1284598943349754,0.1123211051943076
gene-Peve_00031938,OG_02146,peve,39.19357716167898,37.843692852695675,33.462780088772575,37.6699117292214,-1.349884308983306,-5.730797072906405,0.17378112347427788,-4.2071316404488215,1.349884308983306,5.730797072906405
gene-Peve_00031943,OG_08432,peve,10.053968769186046,9.933698900396825,11.267175237440016,10.184315697065339,-0.12026986878922052,1.2132064682539703,-0.25061679666851333,1.0828595403746775,0.12026986878922052,1.2132064682539703
gene-Peve_00031976,OG_12844,peve,0.7055070890967499,0.4526879622138538,0.5070996821077638,0.7210578583549292,-0.25281912688289604,-0.19840740698898607,-0.26836989614107537,-0.2139581762471654,0.25281912688289604,0.19840740698898607
gene-Peve_00032297,OG_04209,peve,15.72254006529069,14.091072658084439,15.035198486348268,14.704532425025828,-1.6314674072062516,-0.6873415789424229,-0.6134597669413893,0.3306660613224395,1.6314674072062516,0.6873415789424229
gene-Peve_00032354,OG_17533,peve,0.35266832518315017,0.3870223956166057,0.49256556563797316,0.4027420517643468,0.03435407043345551,0.139897240454823,-0.015719656147741123,0.08982351387362636,0.03435407043345551,0.139897240454823
gene-Peve_00032405,OG_12476,peve,0.4602290744680851,0.38644485059945965,0.5493010658645728,0.6467619634667342,-0.07378422386862543,0.08907199139648775,-0.26031711286727455,-0.09746089760216137,0.07378422386862543,0.08907199139648775
gene-Peve_00032517,OG_08096,peve,1.7002755565067693,2.473269774048786,1.834372202221055,2.0777923441946777,0.7729942175420168,0.1340966457142856,0.3954774298541084,-0.24342014197362283,0.7729942175420168,0.1340966457142856
gene-Peve_00032677,OG_06775,peve,0.4561487680390212,0.7904762521728946,0.5433743252824625,0.6182765750854277,0.3343274841338734,0.08722555724344133,0.17219967708746697,-0.07490224980296512,0.3343274841338734,0.08722555724344133
gene-Peve_00032707,OG_17556,peve,0.9317597241071428,0.722321047606647,0.7568028299727182,0.633478148416832,-0.20943867650049586,-0.1749568941344246,0.08884289918981492,0.12332468155588616,0.20943867650049586,0.1749568941344246
gene-Peve_00032727,OG_11074,peve,0.4190904699141049,0.6045479493269038,0.8197804968454891,0.4865890579189271,0.1854574794127989,0.4006900269313842,0.11795889140797672,0.33319143892656206,0.1854574794127989,0.4006900269313842
gene-Peve_00033117,OG_09511,peve,16.547916214055974,16.168680180351924,16.447591323142927,16.01711758286863,-0.3792360337040499,-0.10032489091304697,0.15156259748329504,0.43047374027429797,0.3792360337040499,0.10032489091304697
gene-Peve_00033139,OG_05717,peve,0.4298795771285413,0.6871413832617541,0.36931395051863575,0.38412309129746836,0.2572618061332128,-0.060565626609905554,0.30301829196428576,-0.014809140778832608,0.2572618061332128,0.060565626609905554
gene-Peve_00033140,OG_17591,peve,1.0979546110972684,1.2537459008567122,1.49093241127261,1.3621748664605635,0.15579128975944379,0.39297780017534145,-0.10842896560385129,0.12875754481204638,0.15579128975944379,0.39297780017534145
gene-Peve_00033182,OG_17596,peve,0.8379051665180796,1.0777940970140223,0.882124990470852,0.9168821084899281,0.23988893049594273,0.044219823952772463,0.16091198852409416,-0.034757118019076105,0.23988893049594273,0.044219823952772463
gene-Peve_00033288,OG_13026,peve,0.9402218065790915,0.9121294265993432,1.01600039127422,0.8404747977394637,-0.02809237997974834,0.07577858469512844,0.0716546288598795,0.17552559353475627,0.02809237997974834,0.07577858469512844
gene-Peve_00033297,OG_17600,peve,0.9957165336564924,1.1168995126416572,1.1411311598787053,1.0546444509687822,0.12118297898516484,0.1454146262222129,0.06225506167287498,0.08648670890992305,0.12118297898516484,0.1454146262222129
gene-Peve_00033366,OG_00030,peve,17.09190466597673,16.681072538983585,15.607064415539321,16.870014226848845,-0.41083212699314586,-1.4848402504374096,-0.18894168786525967,-1.2629498113095234,0.41083212699314586,1.4848402504374096
gene-Peve_00033369,OG_06158,peve,1.28007668340983,1.0839485844807801,1.0997734956588259,1.5386051964285714,-0.19612809892904992,-0.18030318775100418,-0.4546566119477913,-0.43883170076974554,0.19612809892904992,0.18030318775100418
gene-Peve_00033650,OG_01981,peve,1.1893529699242815,1.4558513810502678,1.7077754846600834,1.4073560098894455,0.26649841112598627,0.5184225147358019,0.048495371160822254,0.3004194747706379,0.26649841112598627,0.5184225147358019
gene-Peve_00033654,OG_10907,peve,0.6387428283291192,0.40138451236424394,0.38834633040065436,0.4392111850459482,-0.23735831596487528,-0.25039649792846486,-0.037826672681704254,-0.05086485464529383,0.23735831596487528,0.25039649792846486
gene-Peve_00033792,OG_01758,peve,1.1230550455708181,1.220748549551718,1.1304957124049364,1.171289189744462,0.09769350398089993,0.007440666834118259,0.04945935980725613,-0.04079347733952554,0.09769350398089993,0.007440666834118259
gene-Peve_00033908,OG_11084,peve,0.924336084375,0.234375,0.7032941090029762,0.39278719878472224,-0.689961084375,-0.22104197537202386,-0.15841219878472224,0.31050691021825394,0.689961084375,0.22104197537202386
gene-Peve_00034068,OG_17640,peve,0.29337206643990926,0.3033552533887629,0.38059867303476946,0.5073261633471907,0.00998318694885364,0.0872266065948602,-0.20397090995842782,-0.12672749031242125,0.00998318694885364,0.0872266065948602
gene-Peve_00034212,OG_17646,peve,0.39331028284766645,0.46230463084774537,0.5108330826877517,0.4487559143824528,0.06899434800007892,0.11752279984008529,0.013548716465292543,0.06207716830529891,0.06899434800007892,0.11752279984008529
gene-Peve_00034268,OG_10367,peve,1.00702414913123,1.1435315194428113,0.7901998778071723,0.7789362843474428,0.13650737031158133,-0.21682427132405768,0.3645952350953685,0.011263593459729493,0.13650737031158133,0.21682427132405768
gene-Peve_00034555,OG_17666,peve,5.485640063048908,5.465392974858996,5.850538717315285,4.348914885311418,-0.02024708818991261,0.36489865426637635,1.116478089547578,1.501623832003867,0.02024708818991261,0.36489865426637635
gene-Peve_00034565,OG_11984,peve,3.0741069989583334,1.054024104017857,3.7298283226190474,2.289959298214286,-2.0200828949404763,0.655721323660714,-1.2359351941964287,1.4398690244047616,2.0200828949404763,0.655721323660714
gene-Peve_00034577,OG_00378,peve,0.39498300800865804,0.36975658136466705,0.2914192703823954,0.6178224297773655,-0.025226426643990996,-0.10356373762626264,-0.2480658484126984,-0.32640315939497005,0.025226426643990996,0.10356373762626264
gene-Peve_00034622,OG_05366,peve,0.45812807438750863,0.3753026824447895,0.3895757002242926,0.26090909792960665,-0.08282539194271915,-0.06855237416321602,0.11439358451518283,0.12866660229468596,0.08282539194271915,0.06855237416321602
gene-Peve_00034882,OG_12032,peve,2.6724674213322057,2.8362885535023366,2.5730530693230786,2.7554518183376064,0.16382113217013083,-0.09941435200912707,0.08083673516473011,-0.1823987490145278,0.16382113217013083,0.09941435200912707
gene-Peve_00034911,OG_09796,peve,0.39385778688699363,0.5623615051172708,0.45439847782515996,0.4297545804904051,0.16850371823027716,0.06054069093816633,0.13260692462686569,0.02464389733475486,0.16850371823027716,0.06054069093816633
gene-Peve_00034973,OG_13685,peve,0.8034405250848177,0.638709737477281,0.9111490743396341,0.8385367549588029,-0.16473078760753668,0.10770854925481643,-0.19982701748152187,0.07261231938083124,0.16473078760753668,0.10770854925481643
gene-Peve_00034984,OG_06101,peve,7.450451627120077,7.038681827142121,6.471630166704634,6.4129926405374285,-0.4117697999779555,-0.9788214604154426,0.625689186604693,0.058637526167205856,0.4117697999779555,0.9788214604154426
gene-Peve_00034989,OG_02260,peve,12.89939443422619,11.873974204301948,12.738109251424964,14.45898543536556,-1.0254202299242419,-0.16128518280122606,-2.5850112310636124,-1.7208761839405966,1.0254202299242419,0.16128518280122606
gene-Peve_00035114,OG_01117,peve,0.5298571228859267,0.6296691616364857,0.7000626102448021,0.694891536643472,0.099812038750559,0.17020548735887542,-0.06522237500698636,0.005171073601330067,0.099812038750559,0.17020548735887542
gene-Peve_00035122,OG_01121,peve,8.185142008405522,7.705426689518652,7.9730918711108485,8.113292325773111,-0.47971531888687036,-0.21205013729467392,-0.40786563625445904,-0.1402004546622626,0.47971531888687036,0.21205013729467392
gene-Peve_00035269,OG_07531,peve,0.4854886977453102,0.43327379998196247,0.6563201093479437,0.6849915663840789,-0.052214897763347756,0.1708314116026335,-0.2517177664021164,-0.02867145703613516,0.052214897763347756,0.1708314116026335
gene-Peve_00035416,OG_10515,peve,0.9099447363553114,1.320036339617674,1.557163599931319,0.8319765478289072,0.4100916032623626,0.6472188635760076,0.4880597917887668,0.7251870521024117,0.4100916032623626,0.6472188635760076
gene-Peve_00035474,OG_02967,peve,0.337700762868801,0.4843180246569815,0.713141318220339,0.5249652757555376,0.14661726178818046,0.375440555351538,-0.04064725109855616,0.18817604246480135,0.14661726178818046,0.375440555351538
gene-Peve_00035796,OG_04443,peve,2.1392251336291572,2.014973085396921,2.0225652674397345,2.1062895121086793,-0.12425204823223623,-0.1166598661894227,-0.09131642671175833,-0.08372424466894479,0.12425204823223623,0.1166598661894227
gene-Peve_00035837,OG_02666,peve,0.985905003449801,1.3558054402476778,1.0555651544031648,1.0377510591392698,0.36990043679787676,0.06966015095336375,0.318054381108408,0.01781409526389499,0.36990043679787676,0.06966015095336375
gene-Peve_00036018,OG_17739,peve,0.7460017341962711,0.615928628212396,0.7544890988725119,0.5215066503044428,-0.13007310598387511,0.008487364676240783,0.09442197790795326,0.23298244856806916,0.13007310598387511,0.008487364676240783
gene-Peve_00036019,OG_08528,peve,0.3883619394588745,0.2102628682900433,0.2078624435930736,0.2342688528030303,-0.1780990711688312,-0.18049949586580089,-0.024005984512987022,-0.02640640920995671,0.1780990711688312,0.18049949586580089
gene-Peve_00036161,OG_07620,peve,54.117636784723736,52.390350418623534,54.43515200999031,55.18275176077486,-1.727286366100202,0.3175152252665754,-2.7924013421513294,-0.747599750784552,1.727286366100202,0.3175152252665754
gene-Peve_00036268,OG_17751,peve,0.0,6.6363636,0.0,0.0,6.6363636,0.0,6.6363636,0.0,6.6363636,0.0
gene-Peve_00036290,OG_05819,peve,0.7702497831179345,0.6843254229056838,0.6488281103721948,0.6571341184685853,-0.0859243602122507,-0.12142167274573967,0.027191304437098496,-0.008306008096390483,0.0859243602122507,0.12142167274573967
gene-Peve_00036514,OG_13428,peve,0.66023349631791,0.639924633522236,0.6026256635577687,0.6632737854467095,-0.0203088627956739,-0.05760783276014125,-0.0233491519244734,-0.060648121888940754,0.0203088627956739,0.05760783276014125
gene-Peve_00036602,OG_04547,peve,70.15737698089912,68.27461921774396,69.61427994815969,71.05312089126186,-1.8827577631551549,-0.5430970327394249,-2.7785016735178942,-1.4388409431021643,1.8827577631551549,0.5430970327394249
gene-Peve_00036819,OG_12496,peve,0.8038371351190478,0.25595238095238093,0.5897018342857143,0.3847402611111111,-0.5478847541666668,-0.21413530083333343,-0.12878788015873016,0.20496157317460323,0.5478847541666668,0.21413530083333343
gene-Peve_00036861,OG_17800,peve,0.7910866623524166,0.7387059717959693,0.788884599134118,0.9172269204761906,-0.05238069055644734,-0.0022020632182986333,-0.17852094868022128,-0.12834232134207257,0.05238069055644734,0.0022020632182986333
gene-Peve_00036941,OG_00430,peve,0.7609582409217365,0.8284851648950743,0.8884110101953059,0.8454833796115065,0.06752692397333782,0.1274527692735694,-0.01699821471643226,0.04292763058379934,0.06752692397333782,0.1274527692735694
gene-Peve_00036953,OG_17806,peve,0.4008646134495465,0.34106752320365646,0.4534681155311083,0.29931560083971087,-0.05979709024589003,0.05260350208156178,0.04175192236394559,0.1541525146913974,0.05979709024589003,0.05260350208156178
gene-Peve_00037183,OG_01727,peve,0.4949765982741245,0.43095437499372113,0.39134889844911597,0.3329011344497187,-0.06402222328040336,-0.10362769982500852,0.09805324054400244,0.05844776399939727,0.06402222328040336,0.10362769982500852
gene-Peve_00037214,OG_13752,peve,50.252904173529416,37.71779188466387,44.74702632408963,46.940965632493,-12.535112288865548,-5.505877849439784,-9.22317374782913,-2.1939393084033654,12.535112288865548,5.505877849439784
gene-Peve_00037303,OG_03429,peve,0.7400246775,0.4129335519444444,0.5806028614136904,0.5679241244742064,-0.3270911255555556,-0.15942181608630956,-0.15499057252976195,0.01267873693948407,0.3270911255555556,0.15942181608630956
gene-Peve_00037483,OG_09003,peve,0.806185891161073,0.4525748102505259,0.5019034796985561,0.6477853578193727,-0.35361108091054705,-0.3042824114625169,-0.19521054756884682,-0.14588187812081665,0.35361108091054705,0.3042824114625169
gene-Peve_00037603,OG_04651,peve,0.27331671746430564,0.49139110324838475,0.42592330527438776,0.45039993095636915,0.21807438578407912,0.15260658781008213,0.0409911722920156,-0.02447662568198139,0.21807438578407912,0.15260658781008213
gene-Peve_00037626,OG_11794,peve,0.4926266261904762,0.6434478090621962,0.45466006226514416,0.4351858763929381,0.15082118287172003,-0.03796656392533204,0.20826193266925813,0.019474185872206062,0.15082118287172003,0.03796656392533204
gene-Peve_00037785,OG_11156,peve,0.653963010550082,0.4421856851600985,0.4577731778735632,0.5181142853379858,-0.2117773253899835,-0.1961898326765188,-0.07592860017788727,-0.06034110746442256,0.2117773253899835,0.1961898326765188
gene-Peve_00037791,OG_12889,peve,0.6014738148788855,0.515160172389633,0.6091606630084325,0.5540021731295469,-0.08631364248925255,0.007686848129547008,-0.03884200073991395,0.05515848987888561,0.08631364248925255,0.007686848129547008
gene-Peve_00037792,OG_08083,peve,2.890656042440225,3.5944498638738196,3.2851916894364077,3.002276794528163,0.7037938214335946,0.3945356469961827,0.5921730693456566,0.28291489490824473,0.7037938214335946,0.3945356469961827
gene-Peve_00037895,OG_06592,peve,1.9425520680666344,2.1295432615250585,2.094428722032874,2.19592606269942,0.18699119345842408,0.15187665396623973,-0.06638280117436146,-0.10149734066654581,0.18699119345842408,0.15187665396623973
gene-Peve_00037965,OG_07822,peve,0.6724661910010241,0.854616725531234,0.8287100780849975,0.9176345380984382,0.1821505345302099,0.1562438870839734,-0.06301781256720418,-0.08892446001344068,0.1821505345302099,0.1562438870839734
gene-Peve_00037966,OG_07821,peve,0.5452192341928083,0.5863874487925976,0.5903579750131648,0.5949295517979387,0.041168214599789366,0.045138740820356515,-0.008542103005341084,-0.004571576784773934,0.041168214599789366,0.045138740820356515
gene-Peve_00038127,OG_09310,peve,0.4935891071266602,0.6484976639590757,0.6984321198075262,0.5582748581497678,0.1549085568324155,0.20484301268086597,0.09022280580930786,0.14015726165775833,0.1549085568324155,0.20484301268086597
gene-Peve_00038139,OG_13215,peve,0.9567357093633378,0.8672142742635718,1.021351909321043,0.837056678372394,-0.08952143509976607,0.06461619995770518,0.030157595891177835,0.18429523094864908,0.08952143509976607,0.06461619995770518
gene-Peve_00038140,OG_13214,peve,0.5051494096579126,0.6123500121001835,0.590575734809464,0.545251879049015,0.10720060244227092,0.08542632515155146,0.06709813305116852,0.04532385576044906,0.10720060244227092,0.08542632515155146
gene-Peve_00038389,OG_01452,peve,35.90717388351346,35.450723921790654,35.46985189804513,36.86550725514959,-0.4564499617228037,-0.4373219854683299,-1.4147833333589332,-1.3956553571044594,0.4564499617228037,0.4373219854683299
gene-Peve_00038506,OG_12125,peve,2.11572614567391,1.5261788941126015,1.9524277671059473,2.1034863010509808,-0.5895472515613083,-0.16329837856796248,-0.5773074069383792,-0.15105853394503344,0.5895472515613083,0.16329837856796248
gene-Peve_00038575,OG_03330,peve,0.6602652045575312,0.5953212435366851,0.9553711475083452,0.7575797167433067,-0.0649439610208461,0.29510594295081394,-0.16225847320662157,0.19779143076503847,0.0649439610208461,0.29510594295081394
gene-Peve_00038653,OG_11900,peve,0.5243861410005669,0.6039545220521542,0.4138382729024943,0.39967944953703705,0.07956838105158726,-0.1105478680980726,0.20427507251511712,0.014158823365457263,0.07956838105158726,0.1105478680980726
gene-Peve_00038670,OG_11899,peve,0.7999946684414134,0.7792394183905639,0.7994757287788147,0.7261837558546702,-0.02075525005084955,-0.0005189396625987497,0.053055662535893666,0.07329197292414447,0.02075525005084955,0.0005189396625987497
gene-Peve_00038681,OG_04537,peve,0.27286039260531136,0.5654326222794567,0.4464178136904762,0.5796425151556777,0.2925722296741453,0.1735574210851648,-0.014209892876220986,-0.1332247014652015,0.2925722296741453,0.1735574210851648
gene-Peve_00038682,OG_04538,peve,0.49278908901406204,0.5562513896678918,0.6882904105624801,0.5642135387197721,0.06346230065382974,0.19550132154841804,-0.007962149051880307,0.12407687184270799,0.06346230065382974,0.19550132154841804
gene-Peve_00038685,OG_11762,peve,0.4440171512275338,0.5372582685766785,0.5935439263958372,0.3428011228938917,0.09324111734914464,0.14952677516830337,0.19445714568278677,0.2507428035019455,0.09324111734914464,0.14952677516830337
gene-Peve_00038759,OG_06599,peve,48.456108041941,46.19214569888199,48.571501266714975,48.31009179394583,-2.2639623430590134,0.11539322477397462,-2.117946095063843,0.26140947276914517,2.2639623430590134,0.11539322477397462
gene-Peve_00038815,OG_03628,peve,13.775930199565225,13.382033033002507,14.147780301351352,14.1445415000297,-0.3938971665627182,0.37185010178612643,-0.7625084670271924,0.0032388013216522182,0.3938971665627182,0.37185010178612643
gene-Peve_00038822,OG_11380,peve,0.894205746425322,0.7937082079210735,0.8587647617219866,0.8533415472636513,-0.10049753850424847,-0.035440984703335454,-0.05963333934257775,0.005423214458335268,0.10049753850424847,0.035440984703335454
gene-Peve_00038824,OG_11381,peve,0.35704503666666665,0.5039137946825397,0.8184972514814814,0.5507566050264551,0.14686875801587307,0.4614522148148148,-0.04684281034391535,0.2677406464550264,0.14686875801587307,0.4614522148148148
gene-Peve_00038834,OG_11379,peve,0.6572155293809523,0.4943816463444759,0.6239485371281405,0.715258833396405,-0.1628338830364764,-0.03326699225281182,-0.22087718705192905,-0.09131029626826448,0.1628338830364764,0.03326699225281182
gene-Peve_00038835,OG_03626,peve,1.6666665999999999,0.0,0.0,1.1904761666666668,-1.6666665999999999,-1.6666665999999999,-1.1904761666666668,-1.1904761666666668,1.6666665999999999,1.6666665999999999
gene-Peve_00038842,OG_08849,peve,0.369254353338561,0.4334404841174794,0.40129401348414284,0.32226826678310044,0.06418613077891838,0.03203966014558185,0.11117221733437893,0.0790257467010424,0.06418613077891838,0.03203966014558185
gene-Peve_00038937,OG_11870,peve,0.6184771115151142,0.6921698990207539,0.5950169294101965,0.450414146920758,0.07369278750563968,-0.023460182104917737,0.2417557520999959,0.14460278248943848,0.07369278750563968,0.023460182104917737
gene-Peve_00039120,OG_09638,peve,0.14790764660493827,0.27564883950617286,0.8316714245443856,0.6797395413580247,0.1277411929012346,0.6837637779394473,-0.40409070185185186,0.15193188318636086,0.1277411929012346,0.6837637779394473
gene-Peve_00039121,OG_13334,peve,0.4443392011949349,0.5183629716559658,0.4882798625468165,0.5200029449349027,0.07402377046103087,0.04394066135188157,-0.0016399732789369459,-0.03172308238808624,0.07402377046103087,0.04394066135188157
gene-Peve_00039185,OG_17961,peve,51.36007221849297,51.1328552182224,50.956231300793654,51.204302499711396,-0.22721700027056357,-0.40384091769931274,-0.07144728148899304,-0.2480711989177422,0.22721700027056357,0.40384091769931274
gene-Peve_00039206,OG_11642,peve,0.549466298947265,0.693021416561721,0.5511503025088548,0.3787000789977699,0.14355511761445605,0.0016840035615898197,0.3143213375639511,0.17245022351108485,0.14355511761445605,0.0016840035615898197
gene-Peve_00039446,OG_05210,peve,0.5486843140882419,0.3200017012901527,0.430988901040021,0.5087008770819228,-0.2286826127980892,-0.1176954130482209,-0.1886991757917701,-0.07771197604190178,0.2286826127980892,0.1176954130482209
gene-Peve_00039513,OG_05498,peve,9.601289927692267,8.94933647622655,9.337171729704451,9.48456041595051,-0.651953451465717,-0.2641181979878162,-0.5352239397239593,-0.1473886862460585,0.651953451465717,0.2641181979878162
gene-Peve_00039581,OG_01630,peve,8.918400408636161,8.925271001088241,9.083608161942555,9.246623235356223,0.006870592452079549,0.1652077533063938,-0.321352234267982,-0.16301507341366772,0.006870592452079549,0.1652077533063938
gene-Peve_00039749,OG_12952,peve,0.7340042627619048,0.554993511068783,0.4125061629523809,0.9142559667037037,-0.17901075169312175,-0.3214980998095239,-0.35926245563492065,-0.5017498037513228,0.17901075169312175,0.3214980998095239
gene-Peve_00039839,OG_12050,peve,0.5181679921972789,0.4306542003129251,0.6650227668639456,0.6627566486961451,-0.08751379188435382,0.14685477466666663,-0.23210244838322003,0.002266118167800424,0.08751379188435382,0.14685477466666663
gene-Peve_00039888,OG_07404,peve,11.87702913958949,11.025909152504104,11.64901311149699,11.703823332066229,-0.8511199870853865,-0.228016028092501,-0.6779141795621246,-0.05481022056923912,0.8511199870853865,0.228016028092501
gene-Peve_00039971,OG_07958,peve,1.3841251197420636,1.2408544560952381,2.5993302691428575,1.8589208094285714,-0.1432706636468255,1.2152051494007938,-0.6180663533333333,0.7404094597142861,0.1432706636468255,1.2152051494007938
gene-Peve_00040090,OG_10516,peve,0.5936736333333333,0.5033544319258879,0.43267099768756423,0.3293634871217312,-0.09031920140744543,-0.1610026356457691,0.17399094480415672,0.10330751056583304,0.09031920140744543,0.1610026356457691
gene-Peve_00040100,OG_13154,peve,2.8042327777777776,0.7639751555555557,0.6916099761904763,3.4828760238095238,-2.0402576222222217,-2.1126228015873014,-2.718900868253968,-2.7912660476190476,2.0402576222222217,2.1126228015873014
gene-Peve_00040315,OG_02219,peve,12.454481468656544,12.676026863800706,13.555086904675639,12.46925357359865,0.22154539514416172,1.1006054360190944,0.20677329020205626,1.085833331076989,0.22154539514416172,1.1006054360190944
gene-Peve_00040405,OG_02690,peve,0.46883197000141724,0.537628833840506,0.43884895035579885,0.3458240035933566,0.06879686383908873,-0.02998301964561839,0.1918048302471494,0.09302494676244227,0.06879686383908873,0.02998301964561839
gene-Peve_00040431,OG_09247,peve,0.5450133580778871,0.4968792423992674,0.5090890123610308,0.5561117369449264,-0.04813411567861969,-0.03592434571685632,-0.05923249454565904,-0.04702272458389567,0.04813411567861969,0.03592434571685632
gene-Peve_00040489,OG_02090,peve,3.432372065190342,3.8708734776684826,3.310119466806228,4.289088145231369,0.43850141247814056,-0.12225259838411384,-0.41821466756288617,-0.9789686784251406,0.43850141247814056,0.12225259838411384
gene-Peve_00040703,OG_08622,peve,0.9690460166741337,0.8002662040983957,1.0279850763622205,1.0631415809449138,-0.16877981257573804,0.05893905968808677,-0.2628753768465182,-0.03515650458269337,0.16877981257573804,0.05893905968808677
gene-Peve_00040879,OG_18057,peve,0.8502307348611111,0.9246406694246031,0.7170456652579364,0.6649950277579365,0.07440993456349199,-0.13318506960317467,0.2596456416666666,0.05205063749999994,0.07440993456349199,0.13318506960317467
gene-Peve_00040880,OG_13211,peve,0.6743922052112898,0.4706207792606516,0.628928270240706,0.3331699347039474,-0.20377142595063824,-0.045463934970583875,0.1374508445567042,0.29575833553675857,0.20377142595063824,0.045463934970583875
gene-Peve_00040882,OG_18058,peve,0.5316749031964197,0.521205824473647,0.6304656243464746,0.5179978462554755,-0.010469078722772696,0.09879072115005483,0.0032079782181715366,0.11246777809099906,0.010469078722772696,0.09879072115005483
gene-Peve_00040986,OG_00355,peve,17.599870470784122,16.447017672330674,16.46288259847288,16.961590182005565,-1.1528527984534485,-1.1369878723112414,-0.5145725096748919,-0.49870758353268485,1.1528527984534485,1.1369878723112414
gene-Peve_00041033,OG_00246,peve,0.5380746157411802,0.6241807767520962,0.5402290749604494,0.602173599649317,0.08610616101091595,0.002154459219269156,0.022007177102779107,-0.061944524688867686,0.08610616101091595,0.002154459219269156
gene-Peve_00041052,OG_12611,peve,1.7474004893019115,1.5865732756235826,1.299654899408811,1.0073129443148687,-0.16082721367832886,-0.4477455898931004,0.5792603313087139,0.29234195509394234,0.16082721367832886,0.4477455898931004
gene-Peve_00041053,OG_12612,peve,0.47193067659698024,0.6362976415795587,0.38925686353077815,0.9008798307200928,0.16436696498257847,-0.08267381306620208,-0.2645821891405341,-0.5116229671893147,0.16436696498257847,0.08267381306620208
gene-Peve_00041095,OG_05713,peve,0.6357153972679094,0.7438418068774395,0.8799139513778298,0.7830818468345043,0.10812640960953013,0.24419855410992042,-0.03924003995706482,0.09683210454332547,0.10812640960953013,0.24419855410992042
gene-Peve_00041134,OG_05514,peve,12.385246472055934,12.391754881681784,12.068002458492064,13.201089582309145,0.006508409625849865,-0.31724401356387055,-0.8093347006273603,-1.1330871238170808,0.006508409625849865,0.31724401356387055
gene-Peve_00041156,OG_18078,peve,0.561068160956079,0.5838008865221597,0.5889761259131251,0.5263249286567674,0.022732725566080636,0.02790796495704606,0.05747595786539228,0.0626511972563577,0.022732725566080636,0.02790796495704606
gene-Peve_00041449,OG_04560,peve,22.29692512136735,21.499219410861865,22.53607954846681,22.1638493551396,-0.7977057105054861,0.23915442709945722,-0.6646299442777348,0.3722301933272085,0.7977057105054861,0.23915442709945722
gene-Peve_00041522,OG_12242,peve,3.622866145820449,3.2281143676535766,3.8493918410327765,4.112992082632447,-0.39475177816687257,0.22652569521232735,-0.8848777149788702,-0.2636002415996703,0.39475177816687257,0.22652569521232735
gene-Peve_00041591,OG_12646,peve,0.29715141625344355,0.33050685677882724,0.4512218673652106,0.5003065466942149,0.033355440525383695,0.15407045111176704,-0.16979968991538769,-0.049084679329004344,0.033355440525383695,0.15407045111176704
gene-Peve_00041687,OG_13091,peve,35.089355,45.443322144444444,32.77668500555556,37.11554737777778,10.353967144444447,-2.312669994444441,8.327774766666664,-4.3388623722222235,10.353967144444447,2.312669994444441
gene-Peve_00041700,OG_08878,peve,1.134096588705407,1.204034030424611,1.235085786997541,1.1280289811120692,0.06993744171920402,0.10098919829213382,0.07600504931254193,0.10705680588547173,0.06993744171920402,0.10098919829213382
gene-Peve_00041906,OG_18118,peve,1.1471051829666243,1.1479664001784828,1.1428300008025085,1.0638822401515555,0.0008612172118585004,-0.0042751821641158205,0.08408416002692731,0.07894776065095299,0.0008612172118585004,0.0042751821641158205
gene-Peve_00041953,OG_13566,peve,51.28571420000001,55.0,56.9035595,33.734668166666665,3.714285799999992,5.617845299999992,21.265331833333335,23.168891333333335,3.714285799999992,5.617845299999992
gene-Peve_00041996,OG_03291,peve,0.6944353437961953,1.128145712386405,0.932085955773658,0.6174701482400339,0.4337103685902096,0.23765061197746273,0.510675564146371,0.31461580753362417,0.4337103685902096,0.23765061197746273
gene-Peve_00042384,OG_03268,peve,1.1118159073951344,1.23475933858752,0.7285419690271642,1.0967772468281243,0.1229434311923856,-0.3832739383679702,0.1379820917593957,-0.3682352778009601,0.1229434311923856,0.3832739383679702
gene-Peve_00042385,OG_03270,peve,0.8408091950917138,0.9144155150550838,0.8310264565434565,0.775740970319264,0.07360631996336997,-0.009782738548257286,0.13867454473581975,0.05528548622419249,0.07360631996336997,0.009782738548257286
gene-Peve_00042391,OG_03269,peve,0.9508057629111112,0.9362055714900793,0.8354832080678571,0.877898924509127,-0.01460019142103186,-0.11532255484325404,0.05830664698095234,-0.042415716441269846,0.01460019142103186,0.11532255484325404
gene-Peve_00042404,OG_07150,peve,1.1784354140002784,1.1477894950837744,1.1404894691880163,1.1483785136359417,-0.030645918916504034,-0.0379459448122621,-0.0005890185521673086,-0.007889044447925375,0.030645918916504034,0.0379459448122621
gene-Peve_00042634,OG_18159,peve,1.8763511746031747,2.818562262853692,2.4016426575914425,1.1276155929951692,0.9422110882505175,0.5252914829882678,1.690946669858523,1.2740270645962732,0.9422110882505175,0.5252914829882678
gene-Peve_00042745,OG_04165,peve,12.39193328357343,12.057952040056023,12.25933677630719,12.544872753884889,-0.33398124351740677,-0.13259650726623917,-0.4869207138288658,-0.2855359775776982,0.33398124351740677,0.13259650726623917
gene-Peve_00043033,OG_04698,peve,0.8971895260041752,1.0976101494380142,1.1157359879197277,0.9976447631161584,0.20042062343383893,0.2185464619155525,0.09996538632185581,0.11809122480356937,0.20042062343383893,0.2185464619155525
gene-Peve_00043034,OG_18179,peve,1.335123245608387,1.696284664305172,1.552460246953348,1.3778083087956086,0.3611614186967851,0.21733700134496092,0.31847635550956355,0.17465193815773938,0.3611614186967851,0.21733700134496092
gene-Peve_00043039,OG_13451,peve,1.0518014482779554,1.0404305343577567,0.9687368893312032,1.023004587568973,-0.011370913920198733,-0.08306455894675224,0.01742594678878362,-0.05426769823776989,0.011370913920198733,0.08306455894675224
gene-Peve_00043040,OG_10055,peve,0.722259008626113,0.6574728206700058,0.8071862078227835,0.7206513727497097,-0.06478618795610724,0.08492719919667047,-0.06317855207970391,0.0865348350730738,0.06478618795610724,0.08492719919667047
gene-Peve_00043673,OG_06908,peve,0.8525555932663691,0.5842935184275794,0.8175691593998016,0.4391321236731151,-0.2682620748387897,-0.03498643386656752,0.14516139475446427,0.37843703572668647,0.2682620748387897,0.03498643386656752
gene-Peve_00043691,OG_18223,peve,9.533076183023883,10.612607930715741,8.703724012337993,9.401326369735694,1.079531747691858,-0.8293521706858904,1.2112815609800478,-0.6976023573977006,1.079531747691858,0.8293521706858904
gene-Peve_00043693,OG_18224,peve,0.26023543276137273,0.31770581344329163,0.37293399287044426,0.4347955577591558,0.0574703806819189,0.11269856010907153,-0.11708974431586416,-0.06186156488871153,0.0574703806819189,0.11269856010907153
gene-Peve_00043713,OG_18229,peve,0.43762807845744683,0.5508833295212766,0.3359825330167173,0.5367466235646741,0.11325525106382978,-0.10164554544072951,0.014136705956602547,-0.20076409054795674,0.11325525106382978,0.10164554544072951
gene-Peve_00043735,OG_10681,peve,0.3792212475638904,0.4151694122295765,0.42920088726021943,0.44059010990531344,0.035948164665686066,0.049979639696329015,-0.02542069767573696,-0.01138922264509401,0.035948164665686066,0.049979639696329015
gene-Peve_00043845,OG_12046,peve,1.988005443880128,2.049051817632962,2.184764682048375,2.051155238531574,0.06104637375283417,0.19675923816824703,-0.0021034208986119296,0.13360944351680093,0.06104637375283417,0.19675923816824703
gene-Peve_00043963,OG_09106,peve,3.767865217742121,3.974432539001994,4.099153072406257,3.8176716635994175,0.2065673212598731,0.33128785466413646,0.15676087540257644,0.2814814088068398,0.2065673212598731,0.33128785466413646
gene-Peve_00044033,OG_10355,peve,0.6071184836016272,0.724830719683286,0.6897841406553217,0.8298188645817784,0.11771223608165882,0.08266565705369444,-0.1049881448984924,-0.14003472392645677,0.11771223608165882,0.08266565705369444
gene-Peve_00044110,OG_12878,peve,0.8090589147854704,0.7700191861517417,0.4056916418359608,0.592784210987865,-0.03903972863372873,-0.40336727294950964,0.17723497516387665,-0.18709256915190425,0.03903972863372873,0.40336727294950964
gene-Peve_00044114,OG_12880,peve,0.665188179340829,0.5351856035714285,0.5194733600440917,0.5718026775705467,-0.13000257576940044,-0.14571481929673724,-0.03661707399911818,-0.05232931752645498,0.13000257576940044,0.14571481929673724
gene-Peve_00044193,OG_10251,peve,14.92225864642857,12.72195080952381,18.870706133333336,13.697199263333335,-2.200307836904761,3.948447486904765,-0.9752484538095256,5.173506870000001,2.200307836904761,3.948447486904765
gene-Peve_00044195,OG_18258,peve,31.348337753703706,30.51278144080688,35.203174743055555,37.06034532186949,-0.8355563128968271,3.854836989351849,-6.547563881062612,-1.8571705788139354,0.8355563128968271,3.854836989351849
gene-Peve_00044240,OG_18262,peve,0.2793243072954823,0.22200653766788767,0.4998614675010175,0.6867478072903948,-0.057317769627594634,0.2205371602055352,-0.46474126962250706,-0.18688633978937724,0.057317769627594634,0.2205371602055352
gene-Peve_00044241,OG_18263,peve,0.7324777161517164,0.5807298429731521,0.562992487514271,0.6490598960842264,-0.1517478731785643,-0.16948522863744542,-0.06833005311107432,-0.08606740856995543,0.1517478731785643,0.16948522863744542
gene-Peve_00044262,OG_00752,peve,0.4503108204584617,0.5655359849462099,0.5351208229589479,0.44687762198709696,0.11522516448774822,0.0848100025004862,0.11865836295911297,0.08824320097185095,0.11522516448774822,0.0848100025004862
gene-Peve_00044275,OG_13031,peve,11.323919566269842,16.299691129629633,14.522055486265433,17.377426750771605,4.975771563359791,3.1981359199955914,-1.0777356211419722,-2.8553712645061715,4.975771563359791,3.1981359199955914
gene-Peve_00044332,OG_11812,peve,0.5934628658459156,0.7443002747619047,0.5276850670605884,0.6418988967605498,0.15083740891598918,-0.06577779878532719,0.10240137800135496,-0.11421382969996141,0.15083740891598918,0.06577779878532719
gene-Peve_00044337,OG_04756,peve,0.5606101800063654,0.4714452650631128,0.5920493742916735,0.5275092708942792,-0.08916491494325263,0.03143919428530806,-0.05606400583116644,0.06454010339739424,0.08916491494325263,0.03143919428530806
gene-Peve_00044380,OG_03451,peve,40.3944422703621,39.460485367859214,40.471669546447174,41.380930138698744,-0.9339569025028851,0.0772272760850754,-1.9204447708395307,-0.9092605922515702,0.9339569025028851,0.0772272760850754
gene-Peve_00044432,OG_10818,peve,0.6893846087283982,0.5519500257528063,0.5884844597343699,0.6414160504401347,-0.13743458297559197,-0.10090014899402833,-0.08946602468732845,-0.05293159070576481,0.13743458297559197,0.10090014899402833
gene-Peve_00044434,OG_18275,peve,1.1785353495421762,1.2104477950483965,1.2698137160429404,1.2293412566059363,0.0319124455062203,0.09127836650076415,-0.018893461557539792,0.04047245943700406,0.0319124455062203,0.09127836650076415
gene-Peve_00044540,OG_10759,peve,9.105772120846785,9.115721389173057,9.295577364131018,8.937079331323984,0.009949268326272076,0.18980524328423343,0.17864205784907305,0.3584980328070344,0.009949268326272076,0.18980524328423343
gene-Peve_00044637,OG_18285,peve,0.726080964499655,0.8772503124672189,0.8061938635731539,0.7927444984920634,0.15116934796756387,0.08011289907349894,0.08450581397515544,0.013449365081090514,0.15116934796756387,0.08011289907349894
gene-Peve_00044642,OG_13484,peve,0.0,0.0,0.0,0.0,0.0,0.0,0.0,0.0,0.0,0.0
gene-Peve_00044664,OG_05950,peve,0.3879452448540706,0.4835616553059396,0.5569140113671275,0.6139483348310292,0.09561641045186897,0.16896876651305687,-0.1303866795250896,-0.05703432346390169,0.09561641045186897,0.16896876651305687
gene-Peve_00044933,OG_00807,peve,20.93125764982804,21.30130876133892,21.482486472211935,21.22284904339212,0.3700511115108789,0.5512288223838944,0.0784597179467994,0.2596374288198149,0.3700511115108789,0.5512288223838944
gene-Peve_00045068,OG_12107,peve,0.6967518366683857,0.7457215144623994,0.7734094960919145,0.716390171888908,0.04896967779401373,0.07665765942352876,0.02933134257349146,0.05701932420300648,0.04896967779401373,0.07665765942352876
gene-Peve_00045329,OG_18325,peve,63.036356878209624,60.10562312829131,60.86068357181372,64.09557869631186,-2.9307337499183106,-2.1756733063959004,-3.989955568020548,-3.234895124498138,2.9307337499183106,2.1756733063959004
gene-Pocillopora_meandrina_HIv1___RNAseq.11571_t,OG_16159,ptua,0.279135140018315,0.2631395175976801,0.5181331786263736,0.35671791465201463,-0.015995622420634903,0.23899803860805863,-0.09357839705433452,0.161415263974359,0.015995622420634903,0.23899803860805863
gene-Pocillopora_meandrina_HIv1___RNAseq.17828_t,OG_15137,ptua,5.37262484025015,4.890353922732068,5.595495108800482,5.886045913954189,-0.4822709175180826,0.22287026855033165,-0.9956919912221212,-0.2905508051537069,0.4822709175180826,0.22287026855033165
gene-Pocillopora_meandrina_HIv1___RNAseq.2731_t,OG_15920,ptua,42.2919004385873,45.637762252777776,41.5289689312381,47.589736233714284,3.345861814190478,-0.7629315073492009,-1.9519739809365078,-6.060767302476187,3.345861814190478,0.7629315073492009
gene-Pocillopora_meandrina_HIv1___RNAseq.27597_t,OG_17533,ptua,0.3963136216931217,0.35114472175925926,0.47457206768707483,0.3948541082426304,-0.045168899933862416,0.07825844599395315,-0.04370938648337114,0.07971795944444443,0.045168899933862416,0.07825844599395315
gene-Pocillopora_meandrina_HIv1___RNAseq.30927_t,OG_16862,ptua,0.6595028885765488,0.6747701405401946,0.5344957092626728,0.5660990306605224,0.015267251963645756,-0.12500717931387606,0.10867110987967221,-0.031603321397849604,0.015267251963645756,0.12500717931387606
gene-Pocillopora_meandrina_HIv1___RNAseq.3492_t,OG_01611,ptua,0.5019754151330581,0.41159015039934227,0.3830050695862277,0.5089952240008054,-0.09038526473371583,-0.11897034554683039,-0.09740507360146317,-0.12599015441457773,0.09038526473371583,0.11897034554683039
gene-Pocillopora_meandrina_HIv1___RNAseq.7251_t,OG_15759,ptua,0.43719553442205944,0.4883612379070004,0.38117929450549454,0.49011267024420024,0.05116570348494098,-0.0560162399165649,-0.0017514323371998208,-0.1089333757387057,0.05116570348494098,0.0560162399165649
gene-Pocillopora_meandrina_HIv1___RNAseq.g10007.t1,OG_18258,ptua,12.361223080973641,10.250856697420634,12.689132479081634,13.088131690688774,-2.110366383553007,0.3279093981079928,-2.8372749932681405,-0.3989992116071406,2.110366383553007,0.3279093981079928
gene-Pocillopora_meandrina_HIv1___RNAseq.g10045.t1,OG_04209,ptua,2.6561504583700764,2.415396273325565,2.540636898324515,2.456124666622575,-0.24075418504451118,-0.11551356004556146,-0.040728393297009724,0.08451223170194,0.24075418504451118,0.11551356004556146
gene-Pocillopora_meandrina_HIv1___RNAseq.g1036.t1,OG_09003,ptua,0.5086830165321381,0.50153892298748,0.6531202253914172,0.49374633967307535,-0.007144093544658059,0.14443720885927913,0.0077925833144046885,0.15937388571834188,0.007144093544658059,0.14443720885927913
gene-Pocillopora_meandrina_HIv1___RNAseq.g10480.t1,OG_14792,ptua,1.8332450846121766,1.7436135284277903,2.0891995321299497,1.551017496695659,-0.08963155618438634,0.2559544475177731,0.19259603173213136,0.5381820354342908,0.08963155618438634,0.2559544475177731
gene-Pocillopora_meandrina_HIv1___RNAseq.g10481.t2,OG_14793,ptua,0.40240972003686415,0.4379843442539232,0.5267916560448231,0.45826716035579,0.03557462421705904,0.124381936007959,-0.02028281610186683,0.06852449568903313,0.03557462421705904,0.124381936007959
gene-Pocillopora_meandrina_HIv1___RNAseq.g10495.t1,OG_05874,ptua,6.458583082409036,5.584100226943427,6.461777456454212,6.749422282979244,-0.874482855465609,0.003194374045175863,-1.1653220560358166,-0.28764482652503176,0.874482855465609,0.003194374045175863
gene-Pocillopora_meandrina_HIv1___RNAseq.g10496.t1,OG_05875,ptua,5.990948290705871,5.231956201702521,6.286505407133761,6.101031470507572,-0.7589920890033506,0.29555711642789007,-0.8690752688050516,0.18547393662618905,0.7589920890033506,0.29555711642789007
gene-Pocillopora_meandrina_HIv1___RNAseq.g10617.t1,OG_08331,ptua,0.42426428176484854,0.43657101079540706,0.5164436723669025,0.4346281796138793,0.012306729030558516,0.09217939060205393,0.001942831181527771,0.08181549275302319,0.012306729030558516,0.09217939060205393
gene-Pocillopora_meandrina_HIv1___RNAseq.g10676.t2,OG_16380,ptua,0.5099752323373794,0.47283918977677486,0.5220906368502957,0.5987883587301587,-0.03713604256060454,0.012115404512916261,-0.12594916895338382,-0.07669772187986301,0.03713604256060454,0.012115404512916261
gene-Pocillopora_meandrina_HIv1___RNAseq.g1090.t1,OG_08920,ptua,7.309404312652625,7.357510948124407,7.195701355291005,7.382583497008547,0.04810663547178162,-0.11370295736162017,-0.025072548884139678,-0.18688214171754147,0.04810663547178162,0.11370295736162017
gene-Pocillopora_meandrina_HIv1___RNAseq.g1098.t1b,OG_08914,ptua,0.4938181474734562,0.4961137995898583,0.5578700728720571,0.5331702763662513,0.0022956521164020915,0.06405192539860094,-0.037056476776392955,0.024699796505805893,0.0022956521164020915,0.06405192539860094
gene-Pocillopora_meandrina_HIv1___RNAseq.g10998.t1,OG_08497,ptua,4.389435241216627,4.3847307948519125,4.45338608155446,4.316169663747491,-0.004704446364714343,0.06395084033783327,0.06856113110442141,0.13721641780696903,0.004704446364714343,0.06395084033783327
gene-Pocillopora_meandrina_HIv1___RNAseq.g11082.t1,OG_08432,ptua,34.03277007753876,34.095383384909034,33.1290584096352,33.23608791597048,0.06261330737027748,-0.9037116679035577,0.859295468938555,-0.10702950633528019,0.06261330737027748,0.9037116679035577
gene-Pocillopora_meandrina_HIv1___RNAseq.g11141.t1,OG_10274,ptua,33.50866756934524,28.63240161892361,29.938097275,22.29730626860119,-4.876265950421633,-3.5705702943452415,6.335095350322419,7.6407910063988105,4.876265950421633,3.5705702943452415
gene-Pocillopora_meandrina_HIv1___RNAseq.g11234.t1,OG_16844,ptua,0.47107085109640123,0.4849281651785714,0.4988252630541872,0.623872857707307,0.013857314082170169,0.02775441195778594,-0.13894469252873565,-0.12504759465311988,0.013857314082170169,0.02775441195778594
gene-Pocillopora_meandrina_HIv1___RNAseq.g11511.t1,OG_09806,ptua,2.3510961733955384,1.8252558451458603,2.109782618858859,2.0010923516688117,-0.5258403282496782,-0.24131355453667958,-0.17583650652295146,0.10869026719004715,0.5258403282496782,0.24131355453667958
gene-Pocillopora_meandrina_HIv1___RNAseq.g11690.t1,OG_00807,ptua,45.78034789197531,45.77393239228395,45.10050958063492,45.250143411058204,-0.00641549969135724,-0.6798383113403901,0.5237889812257492,-0.1496338304232836,0.00641549969135724,0.6798383113403901
gene-Pocillopora_meandrina_HIv1___RNAseq.g11929.t1,OG_08083,ptua,1.2586954609566376,1.225792692482287,1.2635061830346845,1.1721299894463668,-0.032902768474350585,0.004810722078046892,0.053662703035920245,0.09137619358831772,0.032902768474350585,0.004810722078046892
gene-Pocillopora_meandrina_HIv1___RNAseq.g11959.t1,OG_08096,ptua,0.7019204670523139,0.7185906048317684,0.761084862850436,0.8357532703554662,0.016670137779454475,0.05916439579812205,-0.1171626655236978,-0.07466840750503023,0.016670137779454475,0.05916439579812205
gene-Pocillopora_meandrina_HIv1___RNAseq.g12033.t1,OG_15208,ptua,0.47092047214140237,0.45155763699366375,0.41350956337891576,0.42734848525846186,-0.019362835147738622,-0.05741090876248661,0.024209151735201884,-0.013838921879546107,0.019362835147738622,0.05741090876248661
gene-Pocillopora_meandrina_HIv1___RNAseq.g12035.t1,OG_08144,ptua,0.44112737190359474,0.29332774558823527,0.4257222479411765,0.4420146554901961,-0.14779962631535948,-0.015405123962418221,-0.14868690990196082,-0.01629240754901956,0.14779962631535948,0.015405123962418221
gene-Pocillopora_meandrina_HIv1___RNAseq.g12145.t1,OG_16539,ptua,0.5893304955875385,0.5445402789524599,0.6289133696280502,0.824982195984364,-0.04479021663507854,0.03958287404051175,-0.280441917031904,-0.19606882635631373,0.04479021663507854,0.03958287404051175
gene-Pocillopora_meandrina_HIv1___RNAseq.g12158.t1,OG_07772,ptua,0.49255497893720984,0.4683820000431919,0.37855547910592807,0.6009778856818918,-0.024172978894017927,-0.11399949983128177,-0.1325958856386999,-0.22242240657596374,0.024172978894017927,0.11399949983128177
gene-Pocillopora_meandrina_HIv1___RNAseq.g12637.t1,OG_00842,ptua,0.35601166281179136,0.37522479683462534,0.45784022868217056,0.291861714491378,0.019213134022833978,0.1018285658703792,0.08336308234324735,0.16597851419079257,0.019213134022833978,0.1018285658703792
gene-Pocillopora_meandrina_HIv1___RNAseq.g12638.t1,OG_00843,ptua,0.5957354226738935,0.5787499230045813,0.7518298487320945,0.6088156231836366,-0.016985499669312176,0.156094426058201,-0.0300657001790553,0.14301422554845789,0.016985499669312176,0.156094426058201
gene-Pocillopora_meandrina_HIv1___RNAseq.g12666.t1,OG_14455,ptua,0.8395404578531565,0.8307672464394433,0.7405425731680799,0.6574113344422701,-0.008773211413713122,-0.09899788468507653,0.17335591199717326,0.08313123872580985,0.008773211413713122,0.09899788468507653
gene-Pocillopora_meandrina_HIv1___RNAseq.g12667.t1,OG_06101,ptua,0.6830185060072611,0.7142462175139311,0.7952847142882472,0.6811815970339412,0.03122771150667003,0.1122662082809861,0.033064620479989926,0.114103117254306,0.03122771150667003,0.1122662082809861
gene-Pocillopora_meandrina_HIv1___RNAseq.g12744.t1,OG_02220,ptua,2.580689275172835,2.5589575952112757,2.6400843599827164,2.4978088542374395,-0.021731679961559447,0.059395084809881205,0.06114874097383627,0.14227550574527692,0.021731679961559447,0.059395084809881205
gene-Pocillopora_meandrina_HIv1___RNAseq.g12930.t1,OG_17453,ptua,3.43601748859127,2.289172781415344,5.748978313690476,6.691200831349207,-1.146844707175926,2.312960825099206,-4.402028049933863,-0.9422225176587302,1.146844707175926,2.312960825099206
gene-Pocillopora_meandrina_HIv1___RNAseq.g12990.t1a,OG_03289,ptua,0.5922619575285136,0.603335186895564,0.7639249155313781,0.6440170210737938,0.011073229367050352,0.17166295800286446,-0.04068183417822979,0.11990789445758432,0.011073229367050352,0.17166295800286446
gene-Pocillopora_meandrina_HIv1___RNAseq.g12994.t1,OG_03288,ptua,0.6818056076474935,0.7332557241557338,0.9045845471665452,0.8917844554664722,0.05145011650824027,0.2227789395190517,-0.1585287313107384,0.012800091700073013,0.05145011650824027,0.2227789395190517
gene-Pocillopora_meandrina_HIv1___RNAseq.g13115.t1,OG_05749,ptua,0.4852443707360348,0.5489026157232524,0.6030210896634616,0.41086587304258243,0.06365824498721756,0.11777671892742675,0.13803674268066995,0.19215521662087914,0.06365824498721756,0.11777671892742675
gene-Pocillopora_meandrina_HIv1___RNAseq.g1314.t1,OG_08545,ptua,1.2019082085320565,0.9353659746814218,1.2516016436545199,1.1319195303226768,-0.2665422338506347,0.04969343512246338,-0.19655355564125498,0.11968211333184309,0.2665422338506347,0.04969343512246338
gene-Pocillopora_meandrina_HIv1___RNAseq.g13168.t1,OG_15089,ptua,0.5551770686829569,0.5530723632343225,0.6729834676576435,0.5654156198951651,-0.002104705448634392,0.11780639897468659,-0.012343256660842572,0.10756784776247841,0.002104705448634392,0.11780639897468659
gene-Pocillopora_meandrina_HIv1___RNAseq.g13186.t1,OG_14763,ptua,0.5392288159375515,0.5359056885813149,0.44223652415554454,0.5950077922227714,-0.0033231273562365216,-0.09699229178200691,-0.059102103641456516,-0.1527712680672269,0.0033231273562365216,0.09699229178200691
gene-Pocillopora_meandrina_HIv1___RNAseq.g13294.t1,OG_05666,ptua,0.6290505566298812,0.5856666039398144,0.6425248772174912,0.6466411126463177,-0.043383952690066785,0.01347432058761,-0.06097450870650334,-0.0041162354288265535,0.043383952690066785,0.01347432058761
gene-Pocillopora_meandrina_HIv1___RNAseq.g13342.t1,OG_03298,ptua,19.257561714962122,19.358143076884918,19.995169403535353,19.44671798852814,0.10058136192279576,0.737607688573231,-0.08857491164322084,0.5484514150072144,0.10058136192279576,0.737607688573231
gene-Pocillopora_meandrina_HIv1___RNAseq.g13629.t2,OG_05856,ptua,0.6411031636560367,0.5860782261329056,0.6306797108530718,0.5759838752251418,-0.05502493752313109,-0.010423452802964861,0.010094350907763783,0.05469583562793001,0.05502493752313109,0.010423452802964861
gene-Pocillopora_meandrina_HIv1___RNAseq.g13702.t1,OG_14295,ptua,0.4873839821493839,0.4223664191925125,0.46146371380795737,0.40535524858239347,-0.06501756295687139,-0.025920268341426522,0.01701117061011903,0.0561084652255639,0.06501756295687139,0.025920268341426522
gene-Pocillopora_meandrina_HIv1___RNAseq.g13771.t1,OG_15754,ptua,0.3939289545191659,0.3192554803845829,0.5092119805217832,0.3574728543566363,-0.07467347413458297,0.1152830260026173,-0.03821737397205338,0.1517391261651469,0.07467347413458297,0.1152830260026173
gene-Pocillopora_meandrina_HIv1___RNAseq.g1383.t1,OG_08528,ptua,0.42286317797525014,0.49943293098811403,0.365262302595351,0.4500526663281426,0.0765697530128639,-0.057600875379899164,0.04938026465997142,-0.08479036373279164,0.0765697530128639,0.057600875379899164
gene-Pocillopora_meandrina_HIv1___RNAseq.g13864.t1,OG_06152,ptua,10.939888000969193,10.708086933126884,10.270023941551699,9.941983060952875,-0.23180106784230858,-0.6698640594174936,0.7661038721740088,0.32804088059882375,0.23180106784230858,0.6698640594174936
gene-Pocillopora_meandrina_HIv1___RNAseq.g13989.t1,OG_16879,ptua,0.4450060286281179,0.44406504885487524,0.7197116698095238,0.4906528282993198,-0.000940979773242645,0.27470564118140595,-0.04658777944444453,0.22905884151020406,0.000940979773242645,0.27470564118140595
gene-Pocillopora_meandrina_HIv1___RNAseq.g14073.t1,OG_06158,ptua,8.301745205482721,8.120830822985734,8.661331932489452,8.951401325497288,-0.18091438249698655,0.35958672700673056,-0.830570502511554,-0.29006939300783685,0.18091438249698655,0.35958672700673056
gene-Pocillopora_meandrina_HIv1___RNAseq.g1409.t1,OG_08658,ptua,14.324884064148577,14.260421022058823,13.44375236092437,13.477751061729693,-0.06446304208975384,-0.8811317032242076,0.7826699603291303,-0.03399870080532352,0.06446304208975384,0.8811317032242076
gene-Pocillopora_meandrina_HIv1___RNAseq.g14189.t1,OG_15815,ptua,47.39151918871252,47.52541633641975,46.07546506349207,44.254939730158725,0.1338971477072306,-1.3160541252204538,3.2704766062610275,1.820525333333343,0.1338971477072306,1.3160541252204538
gene-Pocillopora_meandrina_HIv1___RNAseq.g14450.t1,OG_15816,ptua,0.4993991843451221,0.5730805692587951,0.7063860115845169,0.5446756639933166,0.07368138491367304,0.20698682723939477,0.028404905265478564,0.1617103475912003,0.07368138491367304,0.20698682723939477
gene-Pocillopora_meandrina_HIv1___RNAseq.g1463.t1,OG_08639,ptua,4.251543261483228,3.9791431610871455,4.427653287744114,4.319590719870252,-0.2724001003960823,0.17611002626088634,-0.3404475587831066,0.10806256787386204,0.2724001003960823,0.17611002626088634
gene-Pocillopora_meandrina_HIv1___RNAseq.g14661.t1,OG_02186,ptua,0.4540568771778333,0.494550085073222,0.5678929442215088,0.39043979084477737,0.04049320789538874,0.11383606704367555,0.10411029422844464,0.17745315337673145,0.04049320789538874,0.11383606704367555
gene-Pocillopora_meandrina_HIv1___RNAseq.g14737.t1,OG_02184,ptua,6.953711638051704,6.931500817829516,6.511655451331124,6.977694238748242,-0.022210820222188232,-0.44205618672058034,-0.04619342091872625,-0.46603878741711835,0.022210820222188232,0.44205618672058034
gene-Pocillopora_meandrina_HIv1___RNAseq.g14965.t1,OG_00752,ptua,0.38068369701639704,0.3933476826982748,0.5270012164494643,0.4509763268172603,0.012663985681877765,0.14631751943306726,-0.057628644118985495,0.076024889632204,0.012663985681877765,0.14631751943306726
gene-Pocillopora_meandrina_HIv1___RNAseq.g14970.t1a,OG_18262,ptua,0.4864293964645044,0.42597728880764907,0.532116074943757,0.32702292625609297,-0.060452107656855325,0.04568667847925262,0.0989543625515561,0.20509314868766404,0.060452107656855325,0.04568667847925262
gene-Pocillopora_meandrina_HIv1___RNAseq.g14971.t1,OG_18263,ptua,0.4549754232819137,0.44186322770791414,0.484187022739772,0.42680346587525153,-0.013112195573999563,0.029211599457858284,0.01505976183266261,0.05738355686452046,0.013112195573999563,0.029211599457858284
gene-Pocillopora_meandrina_HIv1___RNAseq.g14996.t1,OG_14752,ptua,0.4377169390178153,0.4045055053328645,0.442078828450874,0.48186646209563994,-0.033211433684950775,0.004361889433058708,-0.07736095676277543,-0.03978763364476595,0.033211433684950775,0.004361889433058708
gene-Pocillopora_meandrina_HIv1___RNAseq.g15123.t1,OG_09657,ptua,1.9947573165720263,1.985436709051438,2.089655369117354,1.8702215804243874,-0.009320607520588275,0.0948980525453278,0.11521512862705063,0.2194337886929667,0.009320607520588275,0.0948980525453278
gene-Pocillopora_meandrina_HIv1___RNAseq.g1513.t1,OG_08622,ptua,0.4988513580831608,0.42940325526390877,0.5787391667243987,0.50504201996337,-0.06944810281925201,0.07988780864123796,-0.07563876469946118,0.07369714676102879,0.06944810281925201,0.07988780864123796
gene-Pocillopora_meandrina_HIv1___RNAseq.g15308.t1,OG_17150,ptua,0.27732119395069854,0.26587225642783996,0.4348935892692561,0.4662519529076147,-0.011448937522858582,0.15757239531855755,-0.20037969647977472,-0.03135836363835859,0.011448937522858582,0.15757239531855755
gene-Pocillopora_meandrina_HIv1___RNAseq.g15484.t1,OG_17014,ptua,16.414574212659833,16.686425003306876,15.857365244510582,16.099210713558204,0.27185079064704354,-0.5572089681492507,0.5872142897486725,-0.24184546904762172,0.27185079064704354,0.5572089681492507
gene-Pocillopora_meandrina_HIv1___RNAseq.g15521.t1,OG_06247,ptua,0.4450742968433566,0.5063651587079229,0.5409354926980706,0.455347203704844,0.06129086186456628,0.09586119585471403,0.051017955003078874,0.08558828899322662,0.06129086186456628,0.09586119585471403
gene-Pocillopora_meandrina_HIv1___RNAseq.g15556.t1,OG_06198,ptua,0.6067062413850486,0.6275860918399044,0.6493427582078853,0.6540757304147465,0.020879850454855853,0.042636516822836756,-0.0264896385748421,-0.004732972206861197,0.020879850454855853,0.042636516822836756
gene-Pocillopora_meandrina_HIv1___RNAseq.g15591.t1,OG_09487,ptua,5.747411778026054,5.340417040732257,6.078282592701321,6.336781575355273,-0.40699473729379676,0.3308708146752668,-0.9963645346230159,-0.2584989826539523,0.40699473729379676,0.3308708146752668
gene-Pocillopora_meandrina_HIv1___RNAseq.g15592.t1,OG_09486,ptua,3.197771716490707,2.8849217150257522,3.19223157882712,3.2619915911250414,-0.3128500014649549,-0.005540137663587075,-0.3770698760992892,-0.06976001229792139,0.3128500014649549,0.005540137663587075
gene-Pocillopora_meandrina_HIv1___RNAseq.g15689.t1,OG_09455,ptua,3.762864099449445,3.6283355359861056,3.9853812087897356,4.043902152950658,-0.13452856346333952,0.22251710934029045,-0.415566616964552,-0.05852094416092202,0.13452856346333952,0.22251710934029045
gene-Pocillopora_meandrina_HIv1___RNAseq.g15788.t1,OG_09596,ptua,0.5100874618870408,0.47169452861636413,0.6610094709614946,0.5012611503987241,-0.038392933270676666,0.15092200907445386,-0.02956662178235997,0.15974832056277055,0.038392933270676666,0.15092200907445386
gene-Pocillopora_meandrina_HIv1___RNAseq.g15789.t1,OG_09597,ptua,0.6247472899229866,0.5664632823133451,0.6541896865925926,0.5238579907724868,-0.058284007609641475,0.02944239666960602,0.04260529154085824,0.13033169582010573,0.058284007609641475,0.02944239666960602
gene-Pocillopora_meandrina_HIv1___RNAseq.g15790.t1,OG_09598,ptua,0.4914690704434943,0.6281168138413816,0.5022365469483567,0.49005822560362167,0.13664774339788732,0.010767476504862428,0.13805858823775996,0.012178321344735066,0.13664774339788732,0.010767476504862428
gene-Pocillopora_meandrina_HIv1___RNAseq.g15815.t1,OG_15462,ptua,0.3968697338289393,0.4565681657546495,0.5014158275751073,0.45629534945841,0.05969843192571017,0.10454609374616797,0.00027281629623948644,0.04512047811669728,0.05969843192571017,0.10454609374616797
gene-Pocillopora_meandrina_HIv1___RNAseq.g15818.t1,OG_09638,ptua,0.3882127886141636,0.3217891755698006,0.4547693196947497,0.3218321661050061,-0.066423613044363,0.06655653108058612,-4.299053520551155e-05,0.13293715358974362,0.066423613044363,0.06655653108058612
gene-Pocillopora_meandrina_HIv1___RNAseq.g15976.t1,OG_09511,ptua,2.120535944329047,2.0908690255999485,2.1794826432209975,2.1473312720361735,-0.029666918729098324,0.0589466988919507,-0.056462246436224994,0.03215137118482403,0.029666918729098324,0.0589466988919507
gene-Pocillopora_meandrina_HIv1___RNAseq.g16038.t1,OG_14685,ptua,0.41298226002186594,0.43796738631762233,0.5848136436426952,0.5226477478134111,0.024985126295756388,0.17183138362082923,-0.08468036149578873,0.06216589582928411,0.024985126295756388,0.17183138362082923
gene-Pocillopora_meandrina_HIv1___RNAseq.g16088.t1,OG_14889,ptua,0.654151477220213,0.5095242838389927,0.6508821113924051,0.46613143218806513,-0.14462719338122032,-0.003269365827807902,0.0433928516509276,0.18475067920434002,0.14462719338122032,0.003269365827807902
gene-Pocillopora_meandrina_HIv1___RNAseq.g1609.t1,OG_17600,ptua,0.946621936080371,0.8318247105745584,1.1490260934272298,0.9495375708752517,-0.11479722550581262,0.2024041573468588,-0.11771286030069328,0.19948852255197813,0.11479722550581262,0.2024041573468588
gene-Pocillopora_meandrina_HIv1___RNAseq.g16095.t1,OG_09424,ptua,2.391227221797575,2.350396170173666,2.3926502458443157,2.413324048480056,-0.04083105162390899,0.0014230240467405508,-0.06292787830639002,-0.02067380263574048,0.04083105162390899,0.0014230240467405508
gene-Pocillopora_meandrina_HIv1___RNAseq.g16096.t1,OG_09423,ptua,1.7827818996265175,1.7115614352741098,1.7106977486994797,1.8833167841136456,-0.0712204643524077,-0.0720841509270378,-0.1717553488395358,-0.1726190354141659,0.0712204643524077,0.0720841509270378
gene-Pocillopora_meandrina_HIv1___RNAseq.g16195.t1,OG_06279,ptua,0.5591526833298828,0.5497175368944099,0.6229765161283644,0.5764285273250517,-0.00943514643547283,0.06382383279848158,-0.026710990430641735,0.04654798880331268,0.00943514643547283,0.06382383279848158
gene-Pocillopora_meandrina_HIv1___RNAseq.g16542.t1,OG_06234,ptua,0.407853177259887,0.30165053471213343,0.3219171878369653,0.3466258834543987,-0.10620264254775358,-0.08593598942292169,-0.044975348742265275,-0.024708695617433385,0.10620264254775358,0.08593598942292169
gene-Pocillopora_meandrina_HIv1___RNAseq.g16566.t1,OG_17483,ptua,4.165748822170462,4.120404550227744,4.358583813175983,4.443598446853002,-0.04534427194271817,0.1928349910055207,-0.3231938966252583,-0.08501463367701945,0.04534427194271817,0.1928349910055207
gene-Pocillopora_meandrina_HIv1___RNAseq.g16849.t1b,OG_09796,ptua,0.3292977820885299,0.37772370899470903,0.2957867178287982,0.47894268526077094,0.04842592690617914,-0.033511064259731715,-0.10121897626606191,-0.18315596743197277,0.04842592690617914,0.033511064259731715
gene-Pocillopora_meandrina_HIv1___RNAseq.g17098.t1,OG_16548,ptua,0.6694049423252721,0.5615498611318873,0.6384693197893294,0.6606292059149838,-0.10785508119338483,-0.03093562253594273,-0.09907934478309643,-0.022159886125654338,0.10785508119338483,0.03093562253594273
gene-Pocillopora_meandrina_HIv1___RNAseq.g17112.t1,OG_15761,ptua,0.816792293357869,0.8624803308196886,0.9279966240949377,0.8888560453920685,0.0456880374618196,0.1112043307370687,-0.02637571457237997,0.03914057870286913,0.0456880374618196,0.1112043307370687
gene-Pocillopora_meandrina_HIv1___RNAseq.g17204.t1,OG_06592,ptua,0.891801159539072,0.7811109418353175,0.862727497014652,0.9064591866758241,-0.11069021770375453,-0.029073662524420008,-0.12534824484050666,-0.043731689661172135,0.11069021770375453,0.029073662524420008
gene-Pocillopora_meandrina_HIv1___RNAseq.g17212.t1,OG_06599,ptua,20.880247165503505,21.001614241954247,20.40574228264893,20.933338351098904,0.12136707645074196,-0.4745048828545748,0.06827589085534314,-0.5275960684499736,0.12136707645074196,0.4745048828545748
gene-Pocillopora_meandrina_HIv1___RNAseq.g17234.t1,OG_06610,ptua,19.20983318320106,18.997594069444443,18.770102297989418,18.516544582716048,-0.21223911375661686,-0.4397308852116417,0.481049486728395,0.2535577152733701,0.21223911375661686,0.4397308852116417
gene-Pocillopora_meandrina_HIv1___RNAseq.g17304.t1,OG_17015,ptua,0.528814356649945,0.5217449518243985,0.801166186687631,0.5098287512279126,-0.007069404825546521,0.2723518300376859,0.011916200596485904,0.29133743545971835,0.007069404825546521,0.2723518300376859
gene-Pocillopora_meandrina_HIv1___RNAseq.g17316.t1,OG_06607,ptua,0.4845342627535863,0.49524395066738813,0.4594629914947797,0.4806648273363891,0.010709687913801835,-0.025071271258806593,0.014579123330999033,-0.021201835841609395,0.010709687913801835,0.025071271258806593
gene-Pocillopora_meandrina_HIv1___RNAseq.g17328.t1a,OG_06616,ptua,0.3347908997792099,0.24835660263605444,0.39114004358216975,0.4023320175796634,-0.08643429714315545,0.056349143802959856,-0.15397541494360897,-0.011191973997493665,0.08643429714315545,0.056349143802959856
gene-Pocillopora_meandrina_HIv1___RNAseq.g17597.t1,OG_05250,ptua,0.4419045473519536,0.3617216392450142,0.3664943050976801,0.436741472008547,-0.0801829081069394,-0.07541024225427351,-0.0750198327635328,-0.07024716691086691,0.0801829081069394,0.07541024225427351
gene-Pocillopora_meandrina_HIv1___RNAseq.g17598.t1,OG_16707,ptua,0.48611530021296806,0.6485157859058038,0.4808904980694981,0.49527773296561867,0.16240048569283577,-0.0052248021434699865,0.15323805294018517,-0.014387234896120593,0.16240048569283577,0.0052248021434699865
gene-Pocillopora_meandrina_HIv1___RNAseq.g17646.t1,OG_18159,ptua,6.322609571428571,3.299062047619048,5.480083638888889,4.610075888888889,-3.023547523809523,-0.8425259325396821,-1.3110138412698409,0.8700077500000001,3.023547523809523,0.8425259325396821
gene-Pocillopora_meandrina_HIv1___RNAseq.g17817.t2,OG_05228,ptua,1.4445695771517106,1.3935866009849491,1.5559996475052171,1.6294534505786378,-0.05098297616676151,0.1114300703535065,-0.23586684959368864,-0.07345380307342064,0.05098297616676151,0.1114300703535065
gene-Pocillopora_meandrina_HIv1___RNAseq.g17837.t1,OG_05087,ptua,0.47207669570594774,0.4639685159201099,0.5409696130998704,0.6242378460440985,-0.008108179785837832,0.06889291739392261,-0.16026933012398858,-0.08326823294422814,0.008108179785837832,0.06889291739392261
gene-Pocillopora_meandrina_HIv1___RNAseq.g17893.t1,OG_02000,ptua,0.40928383990069245,0.3896673254651563,0.5092443094782556,0.48926307534924685,-0.019616514435536136,0.09996046957756316,-0.09959574988409053,0.019981234129008763,0.019616514435536136,0.09996046957756316
gene-Pocillopora_meandrina_HIv1___RNAseq.g17894.t1,OG_01999,ptua,0.40877091705058716,0.3791589452574526,0.4449346387533875,0.42919055795586525,-0.029611971793134573,0.036163721702800355,-0.050031612698412664,0.015744080797522264,0.029611971793134573,0.036163721702800355
gene-Pocillopora_meandrina_HIv1___RNAseq.g17924.t1,OG_02070,ptua,0.3315020224192277,0.45755288223291685,0.40007623856805136,0.44445475700776765,0.12605085981368913,0.06857421614882364,0.013098125225149193,-0.0443785184397163,0.12605085981368913,0.06857421614882364
gene-Pocillopora_meandrina_HIv1___RNAseq.g18045.t1,OG_02124,ptua,12.830956774991984,12.585540449635243,12.394558507792208,12.396905697210197,-0.24541632535674118,-0.4363982671997757,0.18863475242504535,-0.0023471894179891706,0.24541632535674118,0.4363982671997757
gene-Pocillopora_meandrina_HIv1___RNAseq.g18072.t1,OG_02146,ptua,0.561183435541753,0.5209412926673568,0.31829094745341613,0.5899978902691512,-0.0402421428743962,-0.24289248808833686,-0.06905659760179439,-0.27170694281573504,0.0402421428743962,0.24289248808833686
gene-Pocillopora_meandrina_HIv1___RNAseq.g18078.t1,OG_16307,ptua,0.4287377948629908,0.4606092567627402,0.5706473033433583,0.4188233831879699,0.03187146189974943,0.14190950848036754,0.041785873574770316,0.15182392015538843,0.03187146189974943,0.14190950848036754
gene-Pocillopora_meandrina_HIv1___RNAseq.g18228.t1,OG_14140,ptua,0.4752934418847175,0.41405661283113926,0.6061770605395742,0.5031612094100438,-0.061236829053578246,0.1308836186548567,-0.08910459657890457,0.10301585112953038,0.061236829053578246,0.1308836186548567
gene-Pocillopora_meandrina_HIv1___RNAseq.g18312.t1,OG_18224,ptua,0.49221925637337843,0.4386526658105713,0.428472544041576,0.47871814515349287,-0.05356659056280716,-0.06374671233180246,-0.040065479342921595,-0.05024560111191689,0.05356659056280716,0.06374671233180246
gene-Pocillopora_meandrina_HIv1___RNAseq.g1836.t1,OG_00176,ptua,0.8851879007057758,0.7488651376678876,0.9427498217671217,0.7536100021145522,-0.13632276303788815,0.057561921061345944,-0.004744864446664554,0.18913981965256954,0.13632276303788815,0.057561921061345944
gene-Pocillopora_meandrina_HIv1___RNAseq.g18404.t1,OG_15627,ptua,9.580373495214753,9.390376034284548,8.227697491841738,8.890894765056021,-0.1899974609302042,-1.3526760033730145,0.49948126922852687,-0.6631972732142835,0.1899974609302042,1.3526760033730145
gene-Pocillopora_meandrina_HIv1___RNAseq.g18435.t2,OG_02102,ptua,34.641656790852664,33.17210864888584,33.489959235134314,33.172793339926734,-1.4695481419668255,-1.15169755571835,-0.0006846910408953022,0.3171658952075802,1.4695481419668255,1.15169755571835
gene-Pocillopora_meandrina_HIv1___RNAseq.g18558.t1,OG_16573,ptua,13.476574123819569,13.057872305756481,12.160410478239903,13.24514673477999,-0.4187018180630879,-1.3161636455796657,-0.18727442902350866,-1.0847362565400864,0.4187018180630879,1.3161636455796657
gene-Pocillopora_meandrina_HIv1___RNAseq.g1863.t1,OG_00171,ptua,23.52244161108105,23.780804434072873,22.950393618145743,23.20492654148629,0.258362822991824,-0.5720479929353068,0.5758778925865826,-0.2545329233405482,0.258362822991824,0.5720479929353068
gene-Pocillopora_meandrina_HIv1___RNAseq.g18656.t1,OG_05498,ptua,11.628552225417478,11.540158741957278,11.29546241189591,11.431924426447159,-0.08839348346019982,-0.33308981352156763,0.10823431551011886,-0.13646201455124896,0.08839348346019982,0.33308981352156763
gene-Pocillopora_meandrina_HIv1___RNAseq.g18778.t2,OG_05568,ptua,0.40294614548135044,0.4504065941815323,0.5236204876603273,0.49571976730060446,0.047460448700181845,0.12067434217897688,-0.04531317311907218,0.027900720359722853,0.047460448700181845,0.12067434217897688
gene-Pocillopora_meandrina_HIv1___RNAseq.g18825.t1,OG_16980,ptua,0.5065444678226363,0.5874878753771073,0.5410779913191364,0.380898748136646,0.08094340755447105,0.034533523496500074,0.20658912724046136,0.16017924318249038,0.08094340755447105,0.034533523496500074
gene-Pocillopora_meandrina_HIv1___RNAseq.g18918.t1,OG_14711,ptua,0.42046383966284506,0.3722001759000855,0.45825871101724747,0.38746082701262136,-0.04826366376275959,0.037794871354402404,-0.015260651112535883,0.07079788400462611,0.04826366376275959,0.037794871354402404
gene-Pocillopora_meandrina_HIv1___RNAseq.g18919.t1b,OG_14710,ptua,4.201558033886363,3.854309260605275,4.041420336838957,4.172479612403286,-0.3472487732810885,-0.1601376970474062,-0.31817035179801145,-0.13105927556432917,0.3472487732810885,0.1601376970474062
gene-Pocillopora_meandrina_HIv1___RNAseq.g1894.t1,OG_00510,ptua,0.3370577597745572,0.4090635236657465,0.36578858864044167,0.3097673513457557,0.07200576389118929,0.02873082886588446,0.09929617231999077,0.056021237294685944,0.07200576389118929,0.02873082886588446
gene-Pocillopora_meandrina_HIv1___RNAseq.g19046.t1,OG_15682,ptua,0.3937548927524756,0.40313361113750545,0.49204984981432937,0.4263794731542158,0.00937871838502985,0.09829495706185376,-0.02324586201671036,0.06567037666011355,0.00937871838502985,0.09829495706185376
gene-Pocillopora_meandrina_HIv1___RNAseq.g19049.t1a,OG_01758,ptua,0.4912406199139774,0.5283102601610954,0.5945881063886261,0.5138190191448544,0.03706964024711801,0.10334748647464875,0.014491241016240997,0.08076908724377174,0.03706964024711801,0.10334748647464875
gene-Pocillopora_meandrina_HIv1___RNAseq.g19079.t1,OG_17640,ptua,0.611598681756509,0.547895985504741,0.6383577924721043,0.6052391872858714,-0.06370269625176805,0.026759110715595336,-0.057343201781130504,0.033118605186232886,0.06370269625176805,0.026759110715595336
gene-Pocillopora_meandrina_HIv1___RNAseq.g19147.t1,OG_05514,ptua,0.6915752138805951,0.6924984634378349,0.8675022084098913,0.7251284824835401,0.0009232495572398802,0.17592699452929628,-0.03263001904570517,0.14237372592635122,0.0009232495572398802,0.17592699452929628
gene-Pocillopora_meandrina_HIv1___RNAseq.g19273.t1,OG_17222,ptua,0.45823884043053803,0.46309822713864307,0.6327659975558364,0.7298242034134007,0.00485938670810504,0.17452715712529837,-0.26672597627475764,-0.0970582058575643,0.00485938670810504,0.17452715712529837
gene-Pocillopora_meandrina_HIv1___RNAseq.g19411.t1,OG_05308,ptua,7.05245610468254,7.269434086299081,6.843269409072683,7.261460044924812,0.21697798161654092,-0.2091866956098576,0.00797404137426927,-0.41819063585212923,0.21697798161654092,0.2091866956098576
gene-Pocillopora_meandrina_HIv1___RNAseq.g19436.t1,OG_05304,ptua,0.39657867666473096,0.35705878013704995,0.4882423368919861,0.5076315892706156,-0.03951989652768101,0.09166366022725514,-0.15057280913356563,-0.019389252378629485,0.03951989652768101,0.09166366022725514
gene-Pocillopora_meandrina_HIv1___RNAseq.g19437.t1,OG_05303,ptua,0.370247014619883,0.32585790243838764,0.34136991946533,0.3037377261487051,-0.04438911218149538,-0.028877095154553,0.022120176289682547,0.03763219331662493,0.04438911218149538,0.028877095154553
gene-Pocillopora_meandrina_HIv1___RNAseq.g19573.t1,OG_01452,ptua,25.418884963315698,26.22787343554488,24.914468728167645,26.20244410384294,0.8089884722291814,-0.504416235148053,0.025429331701939617,-1.2879753756752947,0.8089884722291814,0.504416235148053
gene-Pocillopora_meandrina_HIv1___RNAseq.g19574.t1,OG_14038,ptua,16.433040527327215,16.667571263072503,16.050781167286704,16.598973402628967,0.23453073574528815,-0.38225936004051064,0.06859786044353555,-0.5481922353422632,0.23453073574528815,0.38225936004051064
gene-Pocillopora_meandrina_HIv1___RNAseq.g19575.t1,OG_14037,ptua,0.33296415094783655,0.462130265791054,0.43192495473755965,0.46200666266432955,0.12916611484321744,0.0989608037897231,0.0001236031267244364,-0.030081707926769896,0.12916611484321744,0.0989608037897231
gene-Pocillopora_meandrina_HIv1___RNAseq.g19691.t1,OG_16627,ptua,0.8215488333333333,0.2197802285714286,1.3109501033333335,0.84974746,-0.6017686047619046,0.4894012700000002,-0.6299672314285714,0.4612026433333335,0.6017686047619046,0.4894012700000002
gene-Pocillopora_meandrina_HIv1___RNAseq.g19717.t1,OG_01781,ptua,0.6122941605326367,0.638339354821954,0.6944730417642467,0.657574557115835,0.026045194289317286,0.08217888123160999,-0.019235202293880982,0.03689848464841172,0.026045194289317286,0.08217888123160999
gene-Pocillopora_meandrina_HIv1___RNAseq.g19724.t1,OG_15906,ptua,4.0814581450617275,3.1287825485008818,3.6028552174603172,3.3894727624338628,-0.9526755965608458,-0.4786029276014103,-0.260690213932981,0.21338245502645448,0.9526755965608458,0.4786029276014103
gene-Pocillopora_meandrina_HIv1___RNAseq.g19748.t1,OG_05210,ptua,0.5213789407521081,0.3763452121078249,0.3398738412760417,0.3439733666480655,-0.1450337286442832,-0.1815050994760664,0.03237184545975941,-0.004099525372023793,0.1450337286442832,0.1815050994760664
gene-Pocillopora_meandrina_HIv1___RNAseq.g19816.t3,OG_17106,ptua,1.085196100070028,1.351492694502801,1.179151761694678,1.63411913732493,0.26629659443277287,0.09395566162464997,-0.282626442822129,-0.4549673756302519,0.26629659443277287,0.09395566162464997
gene-Pocillopora_meandrina_HIv1___RNAseq.g19853.t1,OG_05366,ptua,0.5208130126552796,0.4141044515269151,0.5451652467236024,0.647375447210145,-0.10670856112836447,0.024352234068322876,-0.23327099568322984,-0.1022102004865425,0.10670856112836447,0.024352234068322876
gene-Pocillopora_meandrina_HIv1___RNAseq.g19854.t1,OG_05367,ptua,0.9105769624829105,0.7633573058266713,0.9028185595585679,0.912774083211679,-0.14721965665623926,-0.0077584029243426,-0.1494167773850077,-0.009955523653111031,0.14721965665623926,0.0077584029243426
gene-Pocillopora_meandrina_HIv1___RNAseq.g199.t1,OG_04165,ptua,7.086658916547021,7.251329922654941,7.448778236420196,7.222031815530031,0.16467100610791974,0.3621193198731749,0.029298107124909656,0.22674642089016483,0.16467100610791974,0.3621193198731749
gene-Pocillopora_meandrina_HIv1___RNAseq.g19955.t1,OG_01608,ptua,1.627064760754986,1.602434156228303,1.7445649770810887,1.7266791268045678,-0.024630604526682864,0.11750021632610275,-0.12424497057626471,0.017885850276520898,0.024630604526682864,0.11750021632610275
gene-Pocillopora_meandrina_HIv1___RNAseq.g20079.t1,OG_01748,ptua,0.3895660591917145,0.3194513732597846,0.4544037958009681,0.37943954616683556,-0.07011468593192988,0.06483773660925363,-0.05998817290705094,0.07496424963413256,0.07011468593192988,0.06483773660925363
gene-Pocillopora_meandrina_HIv1___RNAseq.g20081.t1,OG_01747,ptua,0.5492235802974486,0.40729059265133943,0.5543617174853323,0.6107046996350116,-0.14193298764610912,0.005138137187883696,-0.20341410698367218,-0.056342982149679366,0.14193298764610912,0.005138137187883696
gene-Pocillopora_meandrina_HIv1___RNAseq.g20093.t1,OG_14094,ptua,16.490033367842447,16.397044801146382,15.13373825828924,14.643406082539682,-0.09298856669606437,-1.3562951095532068,1.7536387186067,0.49033217574955756,0.09298856669606437,1.3562951095532068
gene-Pocillopora_meandrina_HIv1___RNAseq.g20104.t1,OG_01753,ptua,0.48209652049130763,0.4298533985260771,0.5923347698639456,0.5452561653061224,-0.05224312196523051,0.11023824937263799,-0.1154027667800453,0.0470786045578232,0.05224312196523051,0.11023824937263799
gene-Pocillopora_meandrina_HIv1___RNAseq.g20111.t1,OG_18275,ptua,0.45494569639926846,0.410694669522821,0.5097575642306389,0.4374955018768006,-0.04425102687644744,0.05481186783137043,-0.026800832353979565,0.07226206235383831,0.04425102687644744,0.05481186783137043
gene-Pocillopora_meandrina_HIv1___RNAseq.g20251.t1,OG_01475,ptua,0.5740181309503248,0.46404361258943994,0.5712741118595279,0.46654955658360064,-0.1099745183608849,-0.002744019090796912,-0.0025059439941607087,0.10472455527592728,0.1099745183608849,0.002744019090796912
gene-Pocillopora_meandrina_HIv1___RNAseq.g20254.t1,OG_01579,ptua,4.963007583235631,5.063377506531085,4.866920715963204,5.026509497979799,0.10036992329545402,-0.09608686727242688,0.036868008551286024,-0.15958878201659488,0.10036992329545402,0.09608686727242688
gene-Pocillopora_meandrina_HIv1___RNAseq.g20404.t1,OG_15831,ptua,0.40587587127158553,0.47154027634310136,0.5588954714634572,0.34729038243502525,0.06566440507151583,0.15301960019187166,0.12424989390807611,0.21160508902843195,0.06566440507151583,0.15301960019187166
gene-Pocillopora_meandrina_HIv1___RNAseq.g20422.t1,OG_01486,ptua,0.5662057090622711,0.357579439004884,0.41187862767765565,0.5616023774505494,-0.2086262700573871,-0.15432708138461543,-0.20402293844566544,-0.14972374977289377,0.2086262700573871,0.15432708138461543
gene-Pocillopora_meandrina_HIv1___RNAseq.g20426.t1,OG_01489,ptua,3.721628255382762,3.649540452209249,3.512731747785845,3.4489273587421505,-0.07208780317351282,-0.20889650759691714,0.20061309346709866,0.06380438904369434,0.07208780317351282,0.20889650759691714
gene-Pocillopora_meandrina_HIv1___RNAseq.g20530.t1,OG_01630,ptua,2.8389508692169647,2.776530941265797,2.8075016502214134,2.834025342147407,-0.062419927951167686,-0.03144921899555131,-0.05749440088160984,-0.026523691925993464,0.062419927951167686,0.03144921899555131
gene-Pocillopora_meandrina_HIv1___RNAseq.g20538.t1,OG_01724,ptua,0.4459595495425244,0.5159826931811881,0.5477157207007695,0.5032051741110418,0.07002314363866363,0.10175617115824503,0.012777519070146237,0.04451054658972764,0.07002314363866363,0.10175617115824503
gene-Pocillopora_meandrina_HIv1___RNAseq.g20694.t1,OG_16000,ptua,0.4520849037753447,0.43685146326034063,0.39281807470976715,0.39757627803614876,-0.015233440515004082,-0.059266829065577564,0.03927518522419188,-0.004758203326381605,0.015233440515004082,0.059266829065577564
gene-Pocillopora_meandrina_HIv1___RNAseq.g20739.t1,OG_14901,ptua,0.506451220096175,0.47049576359953704,0.6338641979083994,0.46063425396825397,-0.035955456496638005,0.12741297781222438,0.009861509631283072,0.17322994394014546,0.035955456496638005,0.12741297781222438
gene-Pocillopora_meandrina_HIv1___RNAseq.g20865.t1,OG_04467,ptua,0.40565332551166233,0.40738512147195427,0.46526117442964326,0.4587787039810136,0.0017317959602919375,0.05960784891798093,-0.05139358250905934,0.006482470448629651,0.0017317959602919375,0.05960784891798093
gene-Pocillopora_meandrina_HIv1___RNAseq.g21004.t1,OG_02666,ptua,3.110215940442959,3.1159475137520527,2.863965778313394,3.034202212362186,0.005731573309093907,-0.24625016212956474,0.08174530138986658,-0.17023643404879207,0.005731573309093907,0.24625016212956474
gene-Pocillopora_meandrina_HIv1___RNAseq.g21079.t1,OG_03671,ptua,0.3770248280392408,0.47054643512724054,0.5388634860477046,0.46607021636317003,0.09352160708799973,0.1618386580084638,0.004476218764070505,0.07279326968453459,0.09352160708799973,0.1618386580084638
gene-Pocillopora_meandrina_HIv1___RNAseq.g21081.t1,OG_03673,ptua,3.2527426985965384,3.2015135017188294,3.1817920337368846,3.4264198730831317,-0.05122919687770899,-0.07095066485965384,-0.22490637136430225,-0.2446278393462471,0.05122919687770899,0.07095066485965384
gene-Pocillopora_meandrina_HIv1___RNAseq.g2123.t1,OG_00460,ptua,0.4112666540156623,0.4240235226945498,0.5395159742203961,0.44113130847029075,0.012756868678887479,0.12824932020473379,-0.017107785775740958,0.09838466575010535,0.012756868678887479,0.12824932020473379
gene-Pocillopora_meandrina_HIv1___RNAseq.g21507.t1,OG_17556,ptua,1.1631665162654805,1.4024666701072737,1.3450434634222919,0.7744735496075353,0.23930015384179315,0.18187694715681135,0.6279931204997383,0.5705699138147565,0.23930015384179315,0.18187694715681135
gene-Pocillopora_meandrina_HIv1___RNAseq.g2162.t1,OG_00572,ptua,19.260756118421224,19.159934925734618,19.097622681700116,19.11936343988587,-0.10082119268660605,-0.16313343672110747,0.04057148584874781,-0.021740758185753606,0.10082119268660605,0.16313343672110747
gene-Pocillopora_meandrina_HIv1___RNAseq.g21658.t1,OG_16359,ptua,1.721454132915005,1.5752259376905935,1.6151624538939713,1.4798581372742199,-0.14622819522441155,-0.10629167902103376,0.0953678004163736,0.1353043166197514,0.14622819522441155,0.10629167902103376
gene-Pocillopora_meandrina_HIv1___RNAseq.g217.t1,OG_14514,ptua,5.402996863912973,5.328019090862694,5.1674368360583545,5.084918564230663,-0.07497777305027942,-0.2355600278546186,0.24310052663203052,0.08251827182769134,0.07497777305027942,0.2355600278546186
gene-Pocillopora_meandrina_HIv1___RNAseq.g21710.t1,OG_03857,ptua,0.9195088922508494,0.815496701911977,0.8318734632383745,0.8206116316436252,-0.10401219033887243,-0.0876354290124749,-0.005114929731648177,0.01126183159474936,0.10401219033887243,0.0876354290124749
gene-Pocillopora_meandrina_HIv1___RNAseq.g21711.t1,OG_03856,ptua,1.281035991210641,1.3708884357263107,1.2652856692196692,1.3093315072039073,0.08985244451566965,-0.015750321990971816,0.061556928522403354,-0.04404583798423811,0.08985244451566965,0.015750321990971816
gene-Pocillopora_meandrina_HIv1___RNAseq.g21717.t1,OG_03850,ptua,0.48218302804587115,0.4477027448861489,0.5323245470663265,0.4889996044642857,-0.034480283159722236,0.05014151902045533,-0.04129685957813678,0.043324942602040784,0.034480283159722236,0.05014151902045533
gene-Pocillopora_meandrina_HIv1___RNAseq.g21724.t1,OG_14407,ptua,0.9547889265720756,0.8257804510601043,1.1361863683738722,1.1130555613680484,-0.12900847551197125,0.18139744180179662,-0.28727511030794406,0.023130807005823817,0.12900847551197125,0.18139744180179662
gene-Pocillopora_meandrina_HIv1___RNAseq.g21821.t1,OG_02690,ptua,0.45786774654288714,0.435419947644347,0.5227653644796761,0.4904411670602125,-0.02244779889854015,0.064897617936789,-0.05502121941586552,0.03232419741946363,0.02244779889854015,0.064897617936789
gene-Pocillopora_meandrina_HIv1___RNAseq.g219.t1,OG_04331,ptua,17.655243901719576,17.88476711793012,18.034223357690202,17.19621282816092,0.22952321621054494,0.3789794559706259,0.6885542897692005,0.8380105295292815,0.22952321621054494,0.3789794559706259
gene-Pocillopora_meandrina_HIv1___RNAseq.g22341.t1,OG_00314,ptua,4.638346874989719,4.262385534059133,4.497074566074513,4.519405589612633,-0.3759613409305862,-0.14127230891520615,-0.25702005555350027,-0.02233102353812022,0.3759613409305862,0.14127230891520615
gene-Pocillopora_meandrina_HIv1___RNAseq.g22389.t1,OG_03628,ptua,2.354151276468742,2.435352889976846,2.3077455621390914,2.5662552503054648,0.08120161350810395,-0.04640571432965057,-0.1309023603286188,-0.2585096881663733,0.08120161350810395,0.04640571432965057
gene-Pocillopora_meandrina_HIv1___RNAseq.g22397.t1,OG_14381,ptua,0.3677229951964926,0.4748094678059396,0.350824630030722,0.4834236966397849,0.10708647260944698,-0.01689836516577059,-0.008614228833845328,-0.1325990666090629,0.10708647260944698,0.01689836516577059
gene-Pocillopora_meandrina_HIv1___RNAseq.g22398.t1,OG_03626,ptua,0.3288254385790084,0.3793621487277808,0.4722532203629392,0.4086490835072231,0.05053671014877237,0.14342778178393079,-0.02928693477944233,0.06360413685571609,0.05053671014877237,0.14342778178393079
gene-Pocillopora_meandrina_HIv1___RNAseq.g22401.t1,OG_14380,ptua,0.5171126687131709,0.4893113625232256,0.5883696612199395,0.6552195599219621,-0.027801306189945252,0.07125699250676865,-0.16590819739873652,-0.06684989870202263,0.027801306189945252,0.07125699250676865
gene-Pocillopora_meandrina_HIv1___RNAseq.g22571.t1,OG_16665,ptua,1.1763911573226158,1.1598063361568987,1.297704667073667,1.1666902765059015,-0.016584821165717134,0.12131350975105115,-0.0068839403490028594,0.13101439056776543,0.016584821165717134,0.12131350975105115
gene-Pocillopora_meandrina_HIv1___RNAseq.g22618.t1,OG_03451,ptua,19.279998233978173,19.587470807251986,18.651323205309524,18.19900740727381,0.30747257327381305,-0.6286750286686491,1.3884633999781748,0.45231579803571265,0.30747257327381305,0.6286750286686491
gene-Pocillopora_meandrina_HIv1___RNAseq.g22723.t1,OG_03484,ptua,0.5765199569342808,0.5686733529403967,0.7202758216831053,0.7062952608707179,-0.00784660399388415,0.1437558647488245,-0.13762190793032125,0.01398056081238741,0.00784660399388415,0.1437558647488245
gene-Pocillopora_meandrina_HIv1___RNAseq.g22811.t1,OG_03429,ptua,0.3551167610000822,0.3736060505900978,0.3573564137675796,0.5468198848013818,0.018489289590015612,0.00223965276749738,-0.17321383421128395,-0.18946347103380218,0.018489289590015612,0.00223965276749738
gene-Pocillopora_meandrina_HIv1___RNAseq.g23012.t1,OG_03270,ptua,0.3781621756058295,0.2951536552138056,0.42315114239959334,0.4224657636841213,-0.08300852039202389,0.04498896679376385,-0.1273121084703157,0.0006853787154720292,0.08300852039202389,0.04498896679376385
gene-Pocillopora_meandrina_HIv1___RNAseq.g23023.t1,OG_03268,ptua,5.152538455120937,5.2073927927059716,5.786881702753482,5.626816036734694,0.05485433758503433,0.634343247632545,-0.41942324402872266,0.16006566601878802,0.05485433758503433,0.634343247632545
gene-Pocillopora_meandrina_HIv1___RNAseq.g23026.t1,OG_16485,ptua,0.44059651168480723,0.39981342210430837,0.272094537877551,0.39832003556462586,-0.040783089580498866,-0.16850197380725623,0.0014933865396825063,-0.12622549768707486,0.040783089580498866,0.16850197380725623
gene-Pocillopora_meandrina_HIv1___RNAseq.g23128.t1,OG_05718,ptua,2.1247863071374584,2.0143572002510526,2.0212040814544867,2.0430867406786524,-0.11042910688640584,-0.10358222568297171,-0.028729540427599787,-0.021882659224165657,0.11042910688640584,0.10358222568297171
gene-Pocillopora_meandrina_HIv1___RNAseq.g23132.t1,OG_05717,ptua,0.29142549469980894,0.3978827889890138,0.4400024589451058,0.4650781210868607,0.10645729428920486,0.14857696424529687,-0.0671953320978469,-0.025075662141754884,0.10645729428920486,0.14857696424529687
gene-Pocillopora_meandrina_HIv1___RNAseq.g23133.t1,OG_17591,ptua,0.3516802397178504,0.2790739851106403,0.47815615230024217,0.3358322655165456,-0.0726062546072101,0.12647591258239177,-0.056758280405905304,0.14232388678369656,0.0726062546072101,0.12647591258239177
gene-Pocillopora_meandrina_HIv1___RNAseq.g23146.t1,OG_05713,ptua,0.4505792801579068,0.43101160563623786,0.4885161323997234,0.4418165709197787,-0.019567674521668965,0.03793685224181659,-0.010804965283540857,0.046699561479944696,0.019567674521668965,0.03793685224181659
gene-Pocillopora_meandrina_HIv1___RNAseq.g23354.t1,OG_14276,ptua,3.153063414177847,3.5406584670217622,3.1242738079459564,3.2779084813019654,0.38759505284391516,-0.02878960623189064,0.2627499857197968,-0.153634673356009,0.38759505284391516,0.02878960623189064
gene-Pocillopora_meandrina_HIv1___RNAseq.g23527.t1,OG_10267,ptua,4.017113773508899,4.0549597789321785,4.118771829094516,4.189239346681097,0.03784600542327965,0.10165805558561747,-0.13427956774891836,-0.07046751758658054,0.03784600542327965,0.10165805558561747
gene-Pocillopora_meandrina_HIv1___RNAseq.g23591.t1,OG_17646,ptua,0.5091798538091373,0.5878945400271851,0.5806258440012368,0.6017925779182127,0.07871468621804778,0.07144599019209952,-0.013898037891027615,-0.021166733916975877,0.07871468621804778,0.07144599019209952
gene-Pocillopora_meandrina_HIv1___RNAseq.g23619.t1,OG_17666,ptua,0.4435010260187729,0.38431210009920636,0.44509025925366297,0.3978236861858974,-0.05918892591956654,0.001589233234890075,-0.013511586086691063,0.04726657306776555,0.05918892591956654,0.001589233234890075
gene-Pocillopora_meandrina_HIv1___RNAseq.g23669.t1,OG_17027,ptua,0.34952695081219404,0.4137022674714434,0.44120616034712956,0.422982522340899,0.06417531665924936,0.09167920953493552,-0.009280254869455606,0.018223638006230558,0.06417531665924936,0.09167920953493552
gene-Pocillopora_meandrina_HIv1___RNAseq.g23802.t1,OG_10265,ptua,10.711662960104505,10.637838418770256,10.320351086910994,10.405897049675891,-0.07382454133424865,-0.39131187319351035,0.2319413690943648,-0.0855459627648969,0.07382454133424865,0.39131187319351035
gene-Pocillopora_meandrina_HIv1___RNAseq.g23895.t1,OG_16592,ptua,0.5135245956048581,0.4897258945069745,0.6109195363347764,0.6437041591558441,-0.023798701097883568,0.09739494072991828,-0.1539782646488696,-0.032784622821067755,0.023798701097883568,0.09739494072991828
gene-Pocillopora_meandrina_HIv1___RNAseq.g23920.t1,OG_02967,ptua,0.7893944948136091,0.9044914738542066,0.9429561029873612,0.7146785277352228,0.11509697904059746,0.15356160817375208,0.1898129461189838,0.22827757525213843,0.11509697904059746,0.15356160817375208
gene-Pocillopora_meandrina_HIv1___RNAseq.g23923.t1,OG_14262,ptua,0.3906636006519274,0.41217956484962404,0.4289211154672395,0.4700817225921948,0.021515964197696635,0.03825751481531209,-0.05790215774257074,-0.041160607124955284,0.021515964197696635,0.03825751481531209
gene-Pocillopora_meandrina_HIv1___RNAseq.g24031.t1,OG_14257,ptua,0.4615024097074153,0.3680535353441128,0.40907619186211797,0.39952503310234544,-0.09344887436330251,-0.05242621784529733,-0.03147149775823266,0.009551158759772527,0.09344887436330251,0.05242621784529733
gene-Pocillopora_meandrina_HIv1___RNAseq.g24033.t1,OG_02924,ptua,0.7352818159507013,1.1325007860376248,1.125558800201562,1.142638902292769,0.39721897008692353,0.39027698425086066,-0.010138116255144158,-0.017080102091207028,0.39721897008692353,0.39027698425086066
gene-Pocillopora_meandrina_HIv1___RNAseq.g24061.t1,OG_02935,ptua,0.5469808738095238,0.4808727675439459,0.4786692374065329,0.47210092157615113,-0.06610810626557784,-0.06831163640299087,0.008771845967794789,0.006568315830381755,0.06610810626557784,0.06831163640299087
gene-Pocillopora_meandrina_HIv1___RNAseq.g24081.t1,OG_16789,ptua,0.7186295430462756,0.638893472078605,0.7488129479743345,0.7425304307402695,-0.07973607096767055,0.030183404928058932,-0.10363695866166445,0.006282517234065033,0.07973607096767055,0.030183404928058932
gene-Pocillopora_meandrina_HIv1___RNAseq.g24098.t1,OG_15070,ptua,0.443122479800485,0.41027810146604937,0.533675275297619,0.48932072741402116,-0.03284437833443565,0.09055279549713402,-0.07904262594797179,0.044354547883597883,0.03284437833443565,0.09055279549713402
gene-Pocillopora_meandrina_HIv1___RNAseq.g24106.t1,OG_05637,ptua,0.4480225184563229,0.47408719023704404,0.5023354195837275,0.5974573810785241,0.026064671780721138,0.05431290112740461,-0.12337019084148004,-0.09512196149479657,0.026064671780721138,0.05431290112740461
gene-Pocillopora_meandrina_HIv1___RNAseq.g24113.t1,OG_07183,ptua,0.41615709287118247,0.43613362808045525,0.5170047785392201,0.4454282245329766,0.019976535209272783,0.10084768566803765,-0.009294596452521342,0.07157655400624352,0.019976535209272783,0.10084768566803765
gene-Pocillopora_meandrina_HIv1___RNAseq.g24442.t1,OG_14804,ptua,0.3975581410851122,0.5755322275916803,0.5240260866912971,0.5615469351313629,0.1779740865065681,0.1264679456061849,0.013985292460317433,-0.03752084844006576,0.1779740865065681,0.1264679456061849
gene-Pocillopora_meandrina_HIv1___RNAseq.g24447.t1b,OG_18325,ptua,0.11467124627976188,0.4045913723544974,0.5511439191964286,0.3280242598214286,0.2899201260747355,0.4364726729166667,0.0765671125330688,0.223119659375,0.2899201260747355,0.4364726729166667
gene-Pocillopora_meandrina_HIv1___RNAseq.g24462.t1,OG_17124,ptua,0.4328796432527223,0.5023710821995465,0.6305792948568438,0.5451767077222097,0.06949143894682419,0.1976996516041215,-0.042805625522663204,0.08540258713463411,0.06949143894682419,0.1976996516041215
gene-Pocillopora_meandrina_HIv1___RNAseq.g24463.t1,OG_15087,ptua,0.47111749324700636,0.4250074929337232,0.44037614802631575,0.6953491964807853,-0.04611000031328316,-0.030741345220690608,-0.2703417035470621,-0.25497304845446955,0.04611000031328316,0.030741345220690608
gene-Pocillopora_meandrina_HIv1___RNAseq.g24466.t1,OG_15086,ptua,0.35957426362702444,0.39545596762650065,0.547064561922891,0.49464794191443073,0.03588170399947621,0.18749029829586655,-0.09919197428793008,0.05241662000846026,0.03588170399947621,0.18749029829586655
gene-Pocillopora_meandrina_HIv1___RNAseq.g24468.t1,OG_16585,ptua,0.41097200989858906,0.32396113446502056,0.41017388051146386,0.37684468170194,-0.0870108754335685,-0.0007981293871252015,-0.05288354723691946,0.03332919880952384,0.0870108754335685,0.0007981293871252015
gene-Pocillopora_meandrina_HIv1___RNAseq.g24469.t1,OG_16586,ptua,0.4010206423761424,0.4059277576298701,0.41961421847041847,0.4395278530723905,0.004907115253727723,0.018593576094276087,-0.033600095442520406,-0.01991363460197204,0.004907115253727723,0.018593576094276087
gene-Pocillopora_meandrina_HIv1___RNAseq.g24668.t1,OG_17045,ptua,0.25722398475228475,0.371273259018759,0.4528343174001924,0.44250694963924964,0.11404927426647427,0.19561033264790767,-0.07123369062049062,0.010327367760942785,0.11404927426647427,0.19561033264790767
gene-Pocillopora_meandrina_HIv1___RNAseq.g24673.t1,OG_16944,ptua,0.31671112498602727,0.508287525297619,0.3666247158618377,0.44199834392186454,0.19157640031159173,0.04991359087581043,0.06628918137575446,-0.07537362806002684,0.19157640031159173,0.04991359087581043
gene-Pocillopora_meandrina_HIv1___RNAseq.g24734.t1,OG_07153,ptua,0.4672970338066925,0.3688919078962503,0.47718972289908157,0.48873025081223126,-0.0984051259104422,0.009892689092389051,-0.11983834291598094,-0.01154052791314969,0.0984051259104422,0.009892689092389051
gene-Pocillopora_meandrina_HIv1___RNAseq.g24736.t1a,OG_15060,ptua,0.3885988202283618,0.36824609762279126,0.49827244078167116,0.37529710060197663,-0.020352722605570528,0.10967362055330937,-0.007051002979185372,0.12297534017969453,0.020352722605570528,0.10967362055330937
gene-Pocillopora_meandrina_HIv1___RNAseq.g25127.t1,OG_14189,ptua,0.37347445457801004,0.6500530446380177,0.19865584099883857,0.13066966422764228,0.2765785900600077,-0.17481861357917147,0.5193833804103755,0.06798617677119628,0.2765785900600077,0.17481861357917147
gene-Pocillopora_meandrina_HIv1___RNAseq.g25129.t1,OG_07265,ptua,0.7149071654825909,0.3906576875640041,0.6091124531874039,0.5506810371351767,-0.3242494779185868,-0.105794712295187,-0.1600233495711726,0.058431416052227236,0.3242494779185868,0.105794712295187
gene-Pocillopora_meandrina_HIv1___RNAseq.g25133.t1,OG_02439,ptua,0.4918126243457615,0.467047339901888,0.41442086104544934,0.5002366699411899,-0.024765284443873492,-0.07739176330031217,-0.033189330039301856,-0.08581580889574053,0.024765284443873492,0.07739176330031217
gene-Pocillopora_meandrina_HIv1___RNAseq.g25357.t1,OG_04372,ptua,0.7704248603556486,0.6199295695170851,0.7466733837368001,0.709409841654214,-0.1504952908385635,-0.023751476618848466,-0.08948027213712884,0.0372635420825862,0.1504952908385635,0.023751476618848466
gene-Pocillopora_meandrina_HIv1___RNAseq.g25600.t1,OG_06373,ptua,0.6032648529967448,0.7067157802946408,0.7825280230594986,0.6318682483036343,0.10345092729789596,0.17926317006275383,0.07484753199100647,0.15065977475586434,0.10345092729789596,0.17926317006275383
gene-Pocillopora_meandrina_HIv1___RNAseq.g25664.t1,OG_14156,ptua,0.5368104966635631,0.4912903577746741,0.4299253362596435,0.5162065344506518,-0.04552013888888895,-0.10688516040391954,-0.024916176675977675,-0.08628119819100827,0.04552013888888895,0.10688516040391954
gene-Pocillopora_meandrina_HIv1___RNAseq.g25776.t1,OG_06430,ptua,5.015322403674221,5.2883915326185695,5.170903659738956,5.6321046357716575,0.2730691289443481,0.1555812560647345,-0.343713103153088,-0.4612009760327016,0.2730691289443481,0.1555812560647345
gene-Pocillopora_meandrina_HIv1___RNAseq.g25964.t2,OG_07531,ptua,0.41382035279444235,0.38690566330250387,0.6004117398575177,0.49888303547056617,-0.02691468949193848,0.18659138706307538,-0.1119773721680623,0.10152870438695155,0.02691468949193848,0.18659138706307538
gene-Pocillopora_meandrina_HIv1___RNAseq.g2598.t1,OG_15877,ptua,0.46392840074551517,0.34595474100685636,0.4205528965694562,0.38895960041561,-0.11797365973865881,-0.043375504176058954,-0.04300485940875365,0.031593296153846206,0.11797365973865881,0.043375504176058954
gene-Pocillopora_meandrina_HIv1___RNAseq.g2602.t1,OG_00632,ptua,0.4899557305203162,0.5458219542815775,0.45091580466078324,0.44944674908990623,0.055866223761261324,-0.039039925859532976,0.09637520519167131,0.0014690555708770092,0.055866223761261324,0.039039925859532976
gene-Pocillopora_meandrina_HIv1___RNAseq.g26177.t1,OG_15121,ptua,8.80233676467467,8.82877700022483,8.620079094840147,8.672561730163226,0.02644023555015984,-0.18225766983452374,0.15621527006160463,-0.05248263532307895,0.02644023555015984,0.18225766983452374
gene-Pocillopora_meandrina_HIv1___RNAseq.g26200.t1,OG_15283,ptua,0.8527629171411317,0.8033191087962963,1.2809104068668047,1.2342567165286404,-0.049443808344835416,0.42814748972567296,-0.43093760773234413,0.046653690338164244,0.049443808344835416,0.42814748972567296
gene-Pocillopora_meandrina_HIv1___RNAseq.g2633.t1,OG_17176,ptua,0.3741673014384921,0.3791117841847042,0.4325283073971862,0.48341856166666664,0.00494448274621212,0.05836100595869409,-0.10430677748196243,-0.05089025426948046,0.00494448274621212,0.05836100595869409
gene-Pocillopora_meandrina_HIv1___RNAseq.g26354.t1,OG_07389,ptua,0.36390251524372186,0.3854743710613599,0.5208062277007818,0.43071861357498226,0.02157185581763804,0.15690371245705992,-0.04524424251362236,0.09008761412579952,0.02157185581763804,0.15690371245705992
gene-Pocillopora_meandrina_HIv1___RNAseq.g26355.t1,OG_07394,ptua,0.2566360174859191,0.3272652504480287,0.5113428948694316,0.25932519697388634,0.0706292329621096,0.25470687738351255,0.06794005347414234,0.2520176978955453,0.0706292329621096,0.25470687738351255
gene-Pocillopora_meandrina_HIv1___RNAseq.g26470.t1,OG_16145,ptua,0.8533198477297896,0.7948751171557771,0.687483019435216,0.6601327857142857,-0.05844473057401256,-0.1658368282945737,0.1347423314414914,0.02735023372093026,0.05844473057401256,0.1658368282945737
gene-Pocillopora_meandrina_HIv1___RNAseq.g26471.t1,OG_16654,ptua,33.06530886428571,27.061851691666668,25.38923904166667,32.381000525,-6.0034571726190435,-7.676069822619041,-5.31914883333333,-6.9917614833333275,6.0034571726190435,7.676069822619041
gene-Pocillopora_meandrina_HIv1___RNAseq.g26639.t1,OG_17389,ptua,0.6321662680618073,0.624480186975177,0.735821637376609,0.636366558129985,-0.00768608108663027,0.10365536931480168,-0.011886371154807951,0.099455079246624,0.00768608108663027,0.10365536931480168
gene-Pocillopora_meandrina_HIv1___RNAseq.g26720.t1,OG_10251,ptua,14.875455460833335,13.575856683896825,13.829967191238095,14.607373449333334,-1.2995987769365094,-1.0454882695952392,-1.0315167654365087,-0.7774062580952386,1.2995987769365094,1.0454882695952392
gene-Pocillopora_meandrina_HIv1___RNAseq.g26893.t1,OG_15644,ptua,0.45822707419825076,0.587864082377713,0.4670788738872692,0.6284154989115646,0.12963700817946228,0.008851799689018447,-0.040551416533851525,-0.16133662502429535,0.12963700817946228,0.008851799689018447
gene-Pocillopora_meandrina_HIv1___RNAseq.g27028.t1,OG_15604,ptua,1.757605883888889,1.7408374257020756,2.428443066227106,1.9018562894871793,-0.016768458186813495,0.6708371823382171,-0.16101886378510377,0.5265867767399268,0.016768458186813495,0.6708371823382171
gene-Pocillopora_meandrina_HIv1___RNAseq.g27067.t1,OG_15738,ptua,15.384491132645502,15.30179723058201,14.960188270349208,14.676005156698414,-0.08269390206349314,-0.4243028622962939,0.6257920738835949,0.2841831136507942,0.08269390206349314,0.4243028622962939
gene-Pocillopora_meandrina_HIv1___RNAseq.g27374.t1,OG_17006,ptua,0.7221745751857716,0.7586435267389966,0.6784431101371851,0.6701644110407597,0.03646895155322505,-0.04373146504858649,0.08847911569823685,0.008278699096425313,0.03646895155322505,0.04373146504858649
gene-Pocillopora_meandrina_HIv1___RNAseq.g27377.t1,OG_08271,ptua,2.2364290429590596,2.2342929937044627,2.236776444421676,2.378667187851288,-0.0021360492545969834,0.000347401462616137,-0.14437419414682529,-0.14189074342961217,0.0021360492545969834,0.000347401462616137
gene-Pocillopora_meandrina_HIv1___RNAseq.g27464.t1,OG_16092,ptua,0.34413326911518033,0.3696373524718107,0.3676430500326158,0.3713916080514398,0.025504083356630347,0.023509780917435497,-0.0017542555796291048,-0.0037485580188239553,0.025504083356630347,0.023509780917435497
gene-Pocillopora_meandrina_HIv1___RNAseq.g27504.t1,OG_08259,ptua,0.457071312713837,0.4514555261979546,0.440618059313478,0.4623491478462057,-0.005615786515882404,-0.01645325340035897,-0.010893621648251084,-0.02173108853272765,0.005615786515882404,0.01645325340035897
gene-Pocillopora_meandrina_HIv1___RNAseq.g27709.t1,OG_07822,ptua,0.2986595546491577,0.38844565892912414,0.464652903030906,0.34466073036874917,0.08978610427996642,0.16599334838174828,0.04378492856037497,0.11999217266215684,0.08978610427996642,0.16599334838174828
gene-Pocillopora_meandrina_HIv1___RNAseq.g27710.t1,OG_07821,ptua,0.3710161443588546,0.4077216421179583,0.34341516324929977,0.4250488190009337,0.0367054977591037,-0.027600981109554834,-0.017327176882975415,-0.08163365575163395,0.0367054977591037,0.027600981109554834
gene-Pocillopora_meandrina_HIv1___RNAseq.g27741.t1,OG_07807,ptua,0.4664701553562285,0.35923382842513346,0.5509267196181699,0.44939450863506697,-0.10723632693109503,0.08445656426194137,-0.09016068020993351,0.10153221098310289,0.10723632693109503,0.08445656426194137
gene-Pocillopora_meandrina_HIv1___RNAseq.g27761.t1a,OG_17098,ptua,1.5016250286628257,1.5777610590772362,1.7864724616756906,1.6490523832569761,0.07613603041441053,0.28484743301286497,-0.07129132417973993,0.1374200784187145,0.07613603041441053,0.28484743301286497
gene-Pocillopora_meandrina_HIv1___RNAseq.g27865.t1,OG_07892,ptua,7.884416331965812,8.061975159157509,7.604677487582418,7.579262177501832,0.1775588271916968,-0.27973884438339436,0.482712981655677,0.02541531008058584,0.1775588271916968,0.27973884438339436
gene-Pocillopora_meandrina_HIv1___RNAseq.g27915.t1,OG_07836,ptua,0.4333759763530014,0.4923530804582054,0.5384002287199287,0.5209741809078309,0.058977104105204015,0.10502425236692725,-0.02862110044962546,0.017426047812097778,0.058977104105204015,0.10502425236692725
gene-Pocillopora_meandrina_HIv1___RNAseq.g28169.t1b,OG_17841,ptua,12.0833334,10.256410333333333,3.7209302,4.3452382499999995,-1.8269230666666676,-8.362403200000001,5.911172083333334,-0.6243080499999993,1.8269230666666676,8.362403200000001
gene-Pocillopora_meandrina_HIv1___RNAseq.g28200.t1,OG_16469,ptua,0.427363886139696,0.42585819260324187,0.5875999905165457,0.4270031658091203,-0.0015056935364541335,0.16023610437684965,-0.001144973205878419,0.16059682470742537,0.0015056935364541335,0.16023610437684965
gene-Pocillopora_meandrina_HIv1___RNAseq.g28323.t1,OG_08874,ptua,0.8097055559676434,0.742553934620472,0.8840298087127159,0.8652722972854526,-0.06715162134717134,0.07432425274507248,-0.1227183626649806,0.01875751142726323,0.06715162134717134,0.07432425274507248
gene-Pocillopora_meandrina_HIv1___RNAseq.g28422.t1,OG_07404,ptua,5.420447582080314,5.368485958002646,5.428520390295031,5.456314779753278,-0.051961624077668134,0.008072808214716787,-0.087828821750632,-0.027794389458247082,0.051961624077668134,0.008072808214716787
gene-Pocillopora_meandrina_HIv1___RNAseq.g28536.t1,OG_15334,ptua,7.060574179360686,7.007196342265566,6.876984544069584,7.051795369495695,-0.05337783709512056,-0.18358963529110195,-0.044599027230129096,-0.17481082542611048,0.05337783709512056,0.18358963529110195
gene-Pocillopora_meandrina_HIv1___RNAseq.g28575.t1,OG_07641,ptua,26.755658778454915,26.740387283122256,25.89340146933131,25.79445799198582,-0.015271495332658702,-0.8622573091236063,0.9459292911364372,0.09894347734548958,0.015271495332658702,0.8622573091236063
gene-Pocillopora_meandrina_HIv1___RNAseq.g28782.t1,OG_07331,ptua,0.4315843686294766,0.5876781210809393,0.5727116878591105,0.42643041242621016,0.15609375245146273,0.14112731922963395,0.16124770865472915,0.14628127543290037,0.15609375245146273,0.14112731922963395
gene-Pocillopora_meandrina_HIv1___RNAseq.g28783.t1,OG_07330,ptua,2.742811262083512,2.7190835636886885,2.9152981724152722,2.8752044285714287,-0.02372769839482336,0.17248691033176033,-0.15612086488274013,0.040093743843843566,0.02372769839482336,0.17248691033176033
gene-Pocillopora_meandrina_HIv1___RNAseq.g28813.t1b,OG_15655,ptua,3.7626730944789513,3.196548226984127,4.82921598757764,6.022659398033126,-0.5661248674948243,1.0665428930986884,-2.8261111710489994,-1.1934434104554867,0.5661248674948243,1.0665428930986884
gene-Pocillopora_meandrina_HIv1___RNAseq.g28862.t1,OG_15569,ptua,44.874105206349206,45.68105797278912,41.366803503595726,47.68240091059281,0.8069527664399132,-3.5073017027534803,-2.0013429378036918,-6.315597406997085,0.8069527664399132,3.5073017027534803
gene-Pocillopora_meandrina_HIv1___RNAseq.g28982.t1,OG_14563,ptua,0.842462732420635,0.9085700249131944,1.000487260138889,0.7712163092361112,0.06610729249255942,0.15802452771825404,0.1373537156770832,0.22927095090277783,0.06610729249255942,0.15802452771825404
gene-Pocillopora_meandrina_HIv1___RNAseq.g28991.t1,OG_13792,ptua,0.49748255173628037,0.36831242489436045,0.5925932599951244,0.4487734234438485,-0.12917012684191992,0.09511070825884399,-0.08046099854948807,0.14381983655127584,0.12917012684191992,0.09511070825884399
gene-Pocillopora_meandrina_HIv1___RNAseq.g29129.t1,OG_00643,ptua,0.37900366883110026,0.4059716846845011,0.5100872427530327,0.3324170927485063,0.026968015853400862,0.13108357392193248,0.07355459193599484,0.17767015000452646,0.026968015853400862,0.13108357392193248
gene-Pocillopora_meandrina_HIv1___RNAseq.g29240.t1,OG_13886,ptua,0.34731329553791884,0.3542885069135802,0.4712986360634921,0.40960613910052907,0.006975211375661372,0.12398534052557325,-0.05531763218694885,0.06169249696296303,0.006975211375661372,0.12398534052557325
gene-Pocillopora_meandrina_HIv1___RNAseq.g29243.t1,OG_00378,ptua,0.340467677319224,0.30079137333774253,0.33573786012698414,0.48408256683597883,-0.039676303981481476,-0.00472981719223986,-0.1832911934982363,-0.1483447067089947,0.039676303981481476,0.00472981719223986
gene-Pocillopora_meandrina_HIv1___RNAseq.g29366.t1,OG_00305,ptua,10.15842572928338,9.921731022058824,10.240171681045753,10.7293982355042,-0.2366947072245562,0.08174595176237354,-0.8076672134453773,-0.48922655445844754,0.2366947072245562,0.08174595176237354
gene-Pocillopora_meandrina_HIv1___RNAseq.g29377.t1,OG_00302,ptua,0.8092039779000554,1.057166316929679,0.8879674366971207,1.1165286300664452,0.2479623390296236,0.07876345879706537,-0.05936231313676621,-0.22856119336932446,0.2479623390296236,0.07876345879706537
gene-Pocillopora_meandrina_HIv1___RNAseq.g29382.t1,OG_00298,ptua,0.5590200634396526,0.48904503458370774,0.6488526821203953,0.7727414829290207,-0.06997502885594487,0.08983261868074266,-0.28369644834531293,-0.12388880080862541,0.06997502885594487,0.08983261868074266
gene-Pocillopora_meandrina_HIv1___RNAseq.g29383.t1,OG_00297,ptua,0.3959648129787283,0.42069635368217057,0.4896236051495017,0.3950930662790698,0.024731540703442245,0.09365879217077339,0.02560328740310075,0.09453053887043189,0.024731540703442245,0.09365879217077339
gene-Pocillopora_meandrina_HIv1___RNAseq.g29540.t1,OG_00355,ptua,14.63081156865846,14.93547564673913,14.032921651644813,14.543229261145619,0.30466407808066975,-0.5978899170136476,0.392246385593511,-0.5103076095008063,0.30466407808066975,0.5978899170136476
gene-Pocillopora_meandrina_HIv1___RNAseq.g29715.t1,OG_16279,ptua,0.3591973326903292,0.3464682136702675,0.46889105057319225,0.37015782716049384,-0.012729119020061741,0.10969371788286303,-0.023689613490226358,0.09873322341269841,0.012729119020061741,0.10969371788286303
gene-Pocillopora_meandrina_HIv1___RNAseq.g29943.t1,OG_16489,ptua,0.7007919584664224,0.5727877765689866,0.7418816581098902,0.6809513842197802,-0.1280041818974358,0.04108969964346776,-0.10816360765079358,0.060930273890109965,0.1280041818974358,0.04108969964346776
gene-Pocillopora_meandrina_HIv1___RNAseq.g29992.t1,OG_02012,ptua,5.790014523094035,4.933536409617003,5.2900587685786435,5.016162057178932,-0.8564781134770323,-0.4999557545153914,-0.08262564756192958,0.2738967113997113,0.8564781134770323,0.4999557545153914
gene-Pocillopora_meandrina_HIv1___RNAseq.g30110.t1,OG_13877,ptua,0.3641281384062634,0.3425829953303303,0.49413848819819817,0.4408393890862291,-0.021545143075933082,0.13001034979193477,-0.09825639375589879,0.05329909911196906,0.021545143075933082,0.13001034979193477
gene-Pocillopora_meandrina_HIv1___RNAseq.g30114.t1,OG_01981,ptua,0.515399467143104,0.4955496532498951,0.47725050996074947,0.45127018079685993,-0.019849813893208945,-0.03814895718235456,0.04427947245303515,0.025980329163889537,0.019849813893208945,0.03814895718235456
gene-Pocillopora_meandrina_HIv1___RNAseq.g3012.t1,OG_16011,ptua,2.238671750974026,1.1346616704545454,0.5780381515151515,1.916425303030303,-1.1040100805194808,-1.6606335994588748,-0.7817636325757575,-1.3383871515151515,1.1040100805194808,1.6606335994588748
gene-Pocillopora_meandrina_HIv1___RNAseq.g30203.t1,OG_06908,ptua,0.2664981912625823,0.3622995086019164,0.31753938524970965,0.40386700435540074,0.09580131733933411,0.051041193987127365,-0.04156749575348434,-0.08632761910569109,0.09580131733933411,0.051041193987127365
gene-Pocillopora_meandrina_HIv1___RNAseq.g30267.t1,OG_06922,ptua,0.7401568828888127,0.5349445536620497,0.7159030000629579,0.7554633859432235,-0.2052123292267629,-0.024253882825854722,-0.22051883228117375,-0.03956038588026556,0.2052123292267629,0.024253882825854722
gene-Pocillopora_meandrina_HIv1___RNAseq.g30284.t1,OG_06655,ptua,0.3812902176324345,0.3430372545730541,0.4140176520940907,0.3991874324727481,-0.03825296305938036,0.03272743446165621,-0.05615017789969401,0.014830219621342566,0.03825296305938036,0.03272743446165621
gene-Pocillopora_meandrina_HIv1___RNAseq.g3045.t1,OG_05950,ptua,0.6617220607534021,0.5714711019419224,0.7002400933512446,0.6465674819591131,-0.09025095881147971,0.03851803259784248,-0.07509638001719066,0.05367261139213153,0.09025095881147971,0.03851803259784248
gene-Pocillopora_meandrina_HIv1___RNAseq.g3086.t2,OG_17800,ptua,1.3078543125290667,1.327229205383682,1.3595570810509556,1.436964840878071,0.019374892854615355,0.05170276852188893,-0.10973563549438903,-0.07740775982711545,0.019374892854615355,0.05170276852188893
gene-Pocillopora_meandrina_HIv1___RNAseq.g3152.t1,OG_14626,ptua,0.5317985591973613,0.43431136732210696,0.5744250692002442,0.5219344919617419,-0.09748719187525434,0.04262651000288287,-0.08762312463963495,0.052490577238502256,0.09748719187525434,0.04262651000288287
gene-Pocillopora_meandrina_HIv1___RNAseq.g330.t1,OG_16731,ptua,0.47269557145951036,0.4387380656991526,0.5997808667776433,0.5334280743664245,-0.033957505760357776,0.12708529531813295,-0.0946900086672719,0.06635279241121883,0.033957505760357776,0.12708529531813295
gene-Pocillopora_meandrina_HIv1___RNAseq.g3481.t1,OG_14627,ptua,0.447053008482498,0.4008301762203091,0.5043133852000228,0.4277462962992954,-0.04622283226218893,0.057260376717524764,-0.026916120078986305,0.07656708890072739,0.04622283226218893,0.057260376717524764
gene-Pocillopora_meandrina_HIv1___RNAseq.g3514.t1,OG_14158,ptua,0.4685695714285714,0.3160141359171471,0.40382995776211833,0.487673523275678,-0.1525554355114243,-0.06473961366645309,-0.17165938735853087,-0.08384356551355965,0.1525554355114243,0.06473961366645309
gene-Pocillopora_meandrina_HIv1___RNAseq.g3618.t1,OG_16389,ptua,0.4629292091032931,0.424251401844942,0.5035885890724947,0.356122539800995,-0.03867780725835113,0.0406593799692016,0.06812886204394697,0.1474660492714997,0.03867780725835113,0.0406593799692016
gene-Pocillopora_meandrina_HIv1___RNAseq.g370.t1,OG_14540,ptua,0.8087266999016464,0.7751084149213172,0.8554600439418748,0.9402626501023332,-0.03361828498032915,0.04673334404022844,-0.16515423518101602,-0.08480260616045843,0.03361828498032915,0.04673334404022844
gene-Pocillopora_meandrina_HIv1___RNAseq.g371.t1,OG_04443,ptua,2.294602530693704,2.2974819221785756,2.4246411043943104,2.3612802234371246,0.0028793914848717073,0.13003857370060645,-0.06379830125854902,0.06336088095718573,0.0028793914848717073,0.13003857370060645
gene-Pocillopora_meandrina_HIv1___RNAseq.g393.t1,OG_04327,ptua,6.147224781360229,6.0379268890726046,5.863427955522487,6.005443125727513,-0.10929789228762488,-0.2837968258377428,0.03248376334509118,-0.14201517020502674,0.10929789228762488,0.2837968258377428
gene-Pocillopora_meandrina_HIv1___RNAseq.g3959.t1,OG_01568,ptua,0.20408163265306123,0.09398496428571428,0.0,0.4761904761904762,-0.11009666836734695,-0.20408163265306123,-0.38220551190476193,-0.4761904761904762,0.11009666836734695,0.20408163265306123
gene-Pocillopora_meandrina_HIv1___RNAseq.g3972.t1,OG_02316,ptua,1.4196806337240222,1.8041657500572739,1.5198309327442316,1.3613371010800197,0.38448511633325166,0.10015029902020944,0.44282864897725416,0.15849383166421194,0.38448511633325166,0.10015029902020944
gene-Pocillopora_meandrina_HIv1___RNAseq.g4018.t2,OG_15907,ptua,4.824325757575758,5.825918681818181,4.458990876190476,2.8524132277056276,1.0015929242424235,-0.3653348813852819,2.9735054541125536,1.6065776484848482,1.0015929242424235,0.3653348813852819
gene-Pocillopora_meandrina_HIv1___RNAseq.g4042.t1,OG_02358,ptua,0.35243456835797243,0.4442547641860436,0.3959942942500557,0.5232784982913602,0.09182019582807116,0.04355972589208329,-0.0790237341053166,-0.12728420404130447,0.09182019582807116,0.04355972589208329
gene-Pocillopora_meandrina_HIv1___RNAseq.g4110.t1,OG_04537,ptua,0.399904868481276,0.5033496174853598,0.37218922003005084,0.38217517279241797,0.10344474900408379,-0.02771564845122515,0.12117444469294181,-0.009985952762367134,0.10344474900408379,0.02771564845122515
gene-Pocillopora_meandrina_HIv1___RNAseq.g4121.t1,OG_04538,ptua,0.5049947882474042,0.508665004274078,0.7153474204797708,0.6207791856247763,0.0036702160266738337,0.21035263223236667,-0.11211418135069828,0.09456823485499455,0.0036702160266738337,0.21035263223236667
gene-Pocillopora_meandrina_HIv1___RNAseq.g4122.t1,OG_14588,ptua,0.370281494730205,0.4414226194467583,0.5767766540746911,0.5705591967374705,0.07114112471655332,0.20649515934448615,-0.12913657729071215,0.006217457337220678,0.07114112471655332,0.20649515934448615
gene-Pocillopora_meandrina_HIv1___RNAseq.g4199.t1,OG_06004,ptua,5.7599085796667975,5.68672374835148,5.63323362050046,5.746371462144169,-0.07318483131531739,-0.12667495916633786,-0.05964771379268896,-0.11313784164370944,0.07318483131531739,0.12667495916633786
gene-Pocillopora_meandrina_HIv1___RNAseq.g4292.t1,OG_04694,ptua,17.913531108566467,18.10093457282986,18.17075137175595,17.55756750330357,0.18740346426339372,0.25722026318948465,0.5433670695262904,0.6131838684523814,0.18740346426339372,0.25722026318948465
gene-Pocillopora_meandrina_HIv1___RNAseq.g4364.t1b,OG_14615,ptua,0.3865100780176975,0.40608928493431856,0.43973262943623426,0.4274645708648057,0.019579206916621072,0.05322255141853677,-0.021375285930487153,0.012268058571428542,0.019579206916621072,0.05322255141853677
gene-Pocillopora_meandrina_HIv1___RNAseq.g438.t1,OG_04238,ptua,0.791603983484044,0.8631594795738621,0.9225164992326199,0.8394846407292185,0.07155549608981804,0.13091251574857588,0.02367483884464361,0.08303185850340145,0.07155549608981804,0.13091251574857588
gene-Pocillopora_meandrina_HIv1___RNAseq.g4434.t2,OG_04723,ptua,13.963554515726903,13.957931616503952,13.961643661954573,14.12473998086272,-0.0056228992229510055,-0.0019108537723298014,-0.16680836435876856,-0.16309631890814735,0.0056228992229510055,0.0019108537723298014
gene-Pocillopora_meandrina_HIv1___RNAseq.g446.t1,OG_04243,ptua,8.020821575683422,7.741393194780143,8.14193862144661,7.7934113534752285,-0.2794283809032798,0.12111704576318694,-0.05201815869508586,0.3485272679713809,0.2794283809032798,0.12111704576318694
gene-Pocillopora_meandrina_HIv1___RNAseq.g4467.t1,OG_16192,ptua,0.7873343631139027,0.7400158476401467,0.9364261039390398,0.8445344951407148,-0.047318515473755984,0.1490917408251371,-0.10451864750056805,0.09189160879832503,0.047318515473755984,0.1490917408251371
gene-Pocillopora_meandrina_HIv1___RNAseq.g448.t1,OG_04247,ptua,1.5273890427487011,1.7148947993350494,1.2589499356499356,1.2095065001358503,0.18750575658634827,-0.2684391070987655,0.5053882991991991,0.049443435514085365,0.18750575658634827,0.2684391070987655
gene-Pocillopora_meandrina_HIv1___RNAseq.g4597.t1,OG_04514,ptua,0.430857354820316,0.3972192686730456,0.5307300280540721,0.44206216868046283,-0.03363808614727043,0.09987267323375609,-0.04484290000741725,0.08866785937360927,0.03363808614727043,0.09987267323375609
gene-Pocillopora_meandrina_HIv1___RNAseq.g4598.t1,OG_04515,ptua,0.40095448250162047,0.4558731387909073,0.5222428808596753,0.4423493359336137,0.05491865628928683,0.12128839835805483,0.013523802857293599,0.0798935449260616,0.05491865628928683,0.12128839835805483
gene-Pocillopora_meandrina_HIv1___RNAseq.g4779.t1,OG_04547,ptua,11.325795774752683,11.18621499179801,10.88085633701375,10.791193465291752,-0.13958078295467224,-0.44493943773893285,0.3950215265062589,0.08966287172199827,0.13958078295467224,0.44493943773893285
gene-Pocillopora_meandrina_HIv1___RNAseq.g4798.t1,OG_04560,ptua,12.842503008397577,11.634501729486647,11.577552951435093,11.328769708957482,-1.2080012789109293,-1.2649500569624834,0.3057320205291649,0.24878324247761086,1.2080012789109293,1.2649500569624834
gene-Pocillopora_meandrina_HIv1___RNAseq.g4823.t1,OG_04789,ptua,4.3021502236733005,4.35176506778607,4.3384595707178395,5.242376404051173,0.04961484411276995,0.03630934704453903,-0.8906113362651027,-0.9039168333333336,0.04961484411276995,0.03630934704453903
gene-Pocillopora_meandrina_HIv1___RNAseq.g4970.t1,OG_01023,ptua,0.5067270335743251,0.5889606507281892,0.5107925662843239,0.5737610858255127,0.08223361715386401,0.004065532709998765,0.015199564902676488,-0.06296851954118876,0.08223361715386401,0.004065532709998765
gene-Pocillopora_meandrina_HIv1___RNAseq.g5072.t1,OG_06754,ptua,10.303144935780134,10.285413372227422,10.224436111644833,10.215245508400915,-0.01773156355271155,-0.07870882413530111,0.07016786382650686,0.009190603243917295,0.01773156355271155,0.07870882413530111
gene-Pocillopora_meandrina_HIv1___RNAseq.g5082.t1,OG_06719,ptua,0.7637102766299094,0.8258751001189205,0.8529395402243589,0.7742166291971917,0.06216482348901109,0.08922926359444949,0.051658470921728816,0.07872291102716722,0.06216482348901109,0.08922926359444949
gene-Pocillopora_meandrina_HIv1___RNAseq.g5084.t2,OG_06717,ptua,4.042673040329485,4.19648648452381,3.7465869775180374,3.9746864882178934,0.1538134441943244,-0.2960860628114479,0.2217999963059163,-0.228099510699856,0.1538134441943244,0.2960860628114479
gene-Pocillopora_meandrina_HIv1___RNAseq.g5328.t1,OG_07000,ptua,0.4524092592592593,0.4432860012193639,0.3620001154625068,0.4797309006294472,-0.009123258039895388,-0.09040914379675247,-0.036444899410083276,-0.11773078516694035,0.009123258039895388,0.09040914379675247
gene-Pocillopora_meandrina_HIv1___RNAseq.g5340.t1,OG_16158,ptua,0.4244892102393963,0.361524383502472,0.48368074750195167,0.32393255293520684,-0.06296482673692427,0.05919153726255538,0.03759183056726517,0.15974819456674483,0.06296482673692427,0.05919153726255538
gene-Pocillopora_meandrina_HIv1___RNAseq.g5341.t1,OG_06999,ptua,0.3024324265220012,0.4526364513261001,0.5422693492992766,0.46630573004822184,0.1502040248040989,0.23983692277727542,-0.013669278722121758,0.07596361925105477,0.1502040248040989,0.23983692277727542
gene-Pocillopora_meandrina_HIv1___RNAseq.g5342.t1,OG_06998,ptua,1.7985608476842794,1.7796214188478474,1.7495751502690802,1.9642758531474231,-0.01893942883643196,-0.0489856974151992,-0.18465443429957573,-0.21470070287834297,0.01893942883643196,0.0489856974151992
gene-Pocillopora_meandrina_HIv1___RNAseq.g5601.t1,OG_15021,ptua,0.6722548271329366,0.748480526916249,0.8329731130012532,0.5003046105576442,0.0762256997833124,0.1607182858683166,0.2481759163586048,0.332668502443609,0.0762256997833124,0.1607182858683166
gene-Pocillopora_meandrina_HIv1___RNAseq.g5671.t1,OG_14547,ptua,0.9399612586886398,0.9480119163943981,1.1362441270480022,0.7958449169445243,0.008050657705758302,0.19628286835936237,0.15216699944987377,0.34039921010347785,0.008050657705758302,0.19628286835936237
gene-Pocillopora_meandrina_HIv1___RNAseq.g5674.t1c,OG_18223,ptua,0.9367010397357538,1.0676846734932797,0.9739398684820288,0.939214037511403,0.13098363375752586,0.03723882874627504,0.1284706359818767,0.03472583097062587,0.13098363375752586,0.03723882874627504
gene-Pocillopora_meandrina_HIv1___RNAseq.g5694.t1,OG_06931,ptua,23.742288857978682,23.899998077102982,23.004712734541066,23.41574051442374,0.1577092191242997,-0.7375761234376164,0.48425756267924314,-0.4110277798826729,0.1577092191242997,0.7375761234376164
gene-Pocillopora_meandrina_HIv1___RNAseq.g5761.t1,OG_15009,ptua,0.41070492677478726,0.3739526969490453,0.5434474190303658,0.3909167339717046,-0.036752229825741944,0.1327424922555785,-0.016964037022659306,0.15253068505866113,0.036752229825741944,0.1327424922555785
gene-Pocillopora_meandrina_HIv1___RNAseq.g5785.t1,OG_02088,ptua,0.8329242823083494,0.628284143673927,0.8030154967221866,0.7477413656737134,-0.20464013863442232,-0.029908785586162723,-0.11945722199978637,0.05527413104847323,0.20464013863442232,0.029908785586162723
gene-Pocillopora_meandrina_HIv1___RNAseq.g5855.t1,OG_17596,ptua,0.39376487010458394,0.3684487276998962,0.366011181553182,0.2959687466844682,-0.02531614240468777,-0.027753688551401923,0.07247998101542796,0.07004243486871381,0.02531614240468777,0.027753688551401923
gene-Pocillopora_meandrina_HIv1___RNAseq.g5887.t1,OG_02163,ptua,0.5034729294813484,0.47574568704288195,0.5942363913728917,0.5285472334498722,-0.027727242438466415,0.09076346189154338,-0.05280154640699025,0.06568915792301955,0.027727242438466415,0.09076346189154338
gene-Pocillopora_meandrina_HIv1___RNAseq.g5928.t1a,OG_14915,ptua,0.521677612911726,0.40892198852500156,0.5118089499905891,0.38802496103896106,-0.11275562438672443,-0.009868662921136861,0.020897027486040498,0.12378398895162807,0.11275562438672443,0.009868662921136861
gene-Pocillopora_meandrina_HIv1___RNAseq.g6016.t1,OG_06955,ptua,3.5317530257936505,3.273466708777655,3.430692497453576,3.44525768976834,-0.25828631701599525,-0.10106052834007428,-0.1717909809906848,-0.01456519231476383,0.25828631701599525,0.10106052834007428
gene-Pocillopora_meandrina_HIv1___RNAseq.g6018.t1,OG_06954,ptua,4.4057952019841276,4.1439883072822,4.564437148918575,4.712151699291167,-0.26180689470192764,0.15864194693444755,-0.5681633920089668,-0.14771455037259162,0.26180689470192764,0.15864194693444755
gene-Pocillopora_meandrina_HIv1___RNAseq.g6049.t1,OG_17497,ptua,0.5320854648035839,0.6383041493273934,0.7226575611410603,0.6004094652590596,0.10621868452380956,0.1905720963374764,0.03789468406833385,0.1222480958820007,0.10621868452380956,0.1905720963374764
gene-Pocillopora_meandrina_HIv1___RNAseq.g6195.t1,OG_06670,ptua,9.657876280866194,9.503314638418445,8.546551693040293,8.664493928291316,-0.1545616424477494,-1.1113245878259015,0.8388207101271288,-0.11794223525102332,0.1545616424477494,1.1113245878259015
gene-Pocillopora_meandrina_HIv1___RNAseq.g6261.t1,OG_02219,ptua,3.0940201981942623,3.0938214006722973,3.345575819688365,2.7834592737476336,-0.00019879752196505507,0.2515556214941026,0.3103621269246637,0.5621165459407313,0.00019879752196505507,0.2515556214941026
gene-Pocillopora_meandrina_HIv1___RNAseq.g6296.t1,OG_15648,ptua,3.659880877777778,3.409138161199295,2.6615591864197534,4.001446559876543,-0.250742716578483,-0.9983216913580244,-0.5923083986772482,-1.3398873734567895,0.250742716578483,0.9983216913580244
gene-Pocillopora_meandrina_HIv1___RNAseq.g6331.t2,OG_02190,ptua,3.3324326212881563,3.248782210944241,3.223379328115588,3.174418682498983,-0.0836504103439153,-0.10905329317256829,0.07436352844525818,0.04896064561660518,0.0836504103439153,0.10905329317256829
gene-Pocillopora_meandrina_HIv1___RNAseq.g6343.t1,OG_02408,ptua,0.0,0.0,0.0,0.0,0.0,0.0,0.0,0.0,0.0,0.0
gene-Pocillopora_meandrina_HIv1___RNAseq.g6387.t1,OG_17186,ptua,5.750336401666667,4.189978714285714,5.457517606666666,9.137232642857143,-1.5603576873809528,-0.2928187950000005,-4.9472539285714285,-3.6797150361904762,1.5603576873809528,0.2928187950000005
gene-Pocillopora_meandrina_HIv1___RNAseq.g6672.t1,OG_15383,ptua,0.37117514350429537,0.36993718992859986,0.4779759756613756,0.49377772127496156,-0.0012379535756955051,0.10680083215708025,-0.12384053134636169,-0.015801745613585938,0.0012379535756955051,0.10680083215708025
gene-Pocillopora_meandrina_HIv1___RNAseq.g6698.t2,OG_01155,ptua,1.3538528486573922,1.2096739623437445,1.347623836082701,1.3871677033212362,-0.14417888631364773,-0.006229012574691106,-0.1774937409774917,-0.03954386723853509,0.14417888631364773,0.006229012574691106
gene-Pocillopora_meandrina_HIv1___RNAseq.g6708.t1,OG_10007,ptua,1.7574093360626797,1.3398406236439195,1.7202433715129357,1.92861118148044,-0.41756871241876015,-0.03716596454974397,-0.5887705578365205,-0.20836780996750437,0.41756871241876015,0.03716596454974397
gene-Pocillopora_meandrina_HIv1___RNAseq.g6748.t1,OG_10002,ptua,5.0076001125678005,4.651120159254955,3.6607027718248095,2.8540551070266273,-0.35647995331284577,-1.346897340742991,1.7970650522283274,0.8066476647981822,0.35647995331284577,1.346897340742991
gene-Pocillopora_meandrina_HIv1___RNAseq.g6826.t2,OG_09969,ptua,0.676798581682597,0.5570647176863935,0.8034228473529075,0.5063492638335623,-0.11973386399620345,0.1266242656703105,0.05071545385283127,0.2970735835193452,0.11973386399620345,0.1266242656703105
gene-Pocillopora_meandrina_HIv1___RNAseq.g6952.t1,OG_10183,ptua,0.6715056431868831,0.46909875549188157,0.5247361567062355,0.513206264660936,-0.20240688769500154,-0.14676948648064758,-0.044107509169054426,0.011529892045299528,0.20240688769500154,0.14676948648064758
gene-Pocillopora_meandrina_HIv1___RNAseq.g6954.t1,OG_15550,ptua,0.4298512905120617,0.35451323226616444,0.4900342856335755,0.5242174177697068,-0.07533805824589729,0.06018299512151376,-0.16970418550354233,-0.03418313213613128,0.07533805824589729,0.06018299512151376
gene-Pocillopora_meandrina_HIv1___RNAseq.g6970.t1,OG_18285,ptua,0.6180477674282595,0.606895961313856,0.7346281173528799,0.7922385375129966,-0.011151806114403473,0.11658034992462041,-0.18534257619914052,-0.05761042016011664,0.011151806114403473,0.11658034992462041
gene-Pocillopora_meandrina_HIv1___RNAseq.g7005.t1,OG_09942,ptua,4.050369786439205,4.299186620474115,4.006315337916278,4.231055571537504,0.24881683403491017,-0.04405444852292728,0.06813104893661137,-0.22474023362122608,0.24881683403491017,0.04405444852292728
gene-Pocillopora_meandrina_HIv1___RNAseq.g7016.t1,OG_09896,ptua,8.494290674276673,8.28165739501708,8.275380534810127,8.470401774668476,-0.21263327925959352,-0.21891013946654603,-0.18874437965139634,-0.19502123985834885,0.21263327925959352,0.21891013946654603
gene-Pocillopora_meandrina_HIv1___RNAseq.g7297.t1b,OG_09174,ptua,1.0480490702855976,1.089196599136923,1.2732065044198895,1.0933392391037446,0.04114752885132544,0.2251574341342919,-0.004142639966821626,0.17986726531614483,0.04114752885132544,0.2251574341342919
gene-Pocillopora_meandrina_HIv1___RNAseq.g7367.t1,OG_10332,ptua,2.04961899711271,1.7559296523891343,1.680495802328084,1.831374063337865,-0.29368934472357555,-0.36912319478462585,-0.07544441094873067,-0.15087826100978097,0.29368934472357555,0.36912319478462585
gene-Pocillopora_meandrina_HIv1___RNAseq.g7413.t1,OG_10205,ptua,0.6091925673157784,0.5579827365315884,0.5587127886155787,0.5133324662777252,-0.05120983078419006,-0.05047977870019971,0.044650270253863145,0.045380322337853496,0.05120983078419006,0.05047977870019971
gene-Pocillopora_meandrina_HIv1___RNAseq.g7414.t1,OG_15551,ptua,0.31332383884552,0.2494718524741955,0.5449953848555815,0.33346149502992456,-0.0638519863713245,0.2316715460100615,-0.08398964255572905,0.21153388982565696,0.0638519863713245,0.2316715460100615
gene-Pocillopora_meandrina_HIv1___RNAseq.g7495.t1,OG_15140,ptua,0.4205867699278074,0.4099220185743911,0.42840208092899246,0.3960086182945084,-0.010664751353416324,0.007815311001185044,0.013913400279882693,0.03239346263448406,0.010664751353416324,0.007815311001185044
gene-Pocillopora_meandrina_HIv1___RNAseq.g7549.t1,OG_15374,ptua,0.3650268300020659,0.3741919086311676,0.43838181383121577,0.2517557960437971,0.009165078629101653,0.07335498382914984,0.12243611258737047,0.18662601778741866,0.009165078629101653,0.07335498382914984
gene-Pocillopora_meandrina_HIv1___RNAseq.g7581.t1,OG_01312,ptua,0.6195590801178166,0.591610711845745,0.6623473350126,0.6564577834984359,-0.02794836827207159,0.04278825489478344,-0.06484707165269088,0.005889551514164149,0.02794836827207159,0.04278825489478344
gene-Pocillopora_meandrina_HIv1___RNAseq.g7624.t1,OG_18078,ptua,0.40884727747113997,0.3540155874107617,0.40852112187286393,0.3453446489291411,-0.054831690060378246,-0.00032615559827603446,0.00867093848162065,0.06317647294372286,0.054831690060378246,0.00032615559827603446
gene-Pocillopora_meandrina_HIv1___RNAseq.g7669.t1a,OG_14994,ptua,0.7570215630900845,0.798419818233354,0.868687344557823,0.8611007567099567,0.04139825514326945,0.11166578146773853,-0.06268093847660272,0.007586587847866366,0.04139825514326945,0.11166578146773853
gene-Pocillopora_meandrina_HIv1___RNAseq.g7729.t1,OG_03780,ptua,0.42695205590134416,0.44258387313916414,0.49553982612166253,0.45109691785370215,0.015631817237819978,0.06858777022031837,-0.00851304471453801,0.04444290826796038,0.015631817237819978,0.06858777022031837
gene-Pocillopora_meandrina_HIv1___RNAseq.g7741.t1b,OG_09310,ptua,0.5288220742897204,0.4700836207348037,0.5983145624423439,0.5212623309328915,-0.05873845355491669,0.06949248815262354,-0.05117871019808784,0.0770522315094524,0.05873845355491669,0.06949248815262354
gene-Pocillopora_meandrina_HIv1___RNAseq.g777.t1,OG_16747,ptua,0.3206657294082126,0.34947135803140095,0.36690770703933745,0.3853995109730849,0.028805628623188362,0.046241977631124864,-0.035928152941683944,-0.01849180393374744,0.028805628623188362,0.046241977631124864
gene-Pocillopora_meandrina_HIv1___RNAseq.g778.t1,OG_13910,ptua,0.3106032220553331,0.4390294067738466,0.5285742282376502,0.4571627568758344,0.12842618471851353,0.21797100618231713,-0.0181333501019878,0.0714114713618158,0.12842618471851353,0.21797100618231713
gene-Pocillopora_meandrina_HIv1___RNAseq.g7915.t1,OG_10109,ptua,32.64974708407814,32.447464847680095,31.850585081684983,31.469656365201466,-0.2022822363980481,-0.7991620023931603,0.9778084824786291,0.3809287164835169,0.2022822363980481,0.7991620023931603
gene-Pocillopora_meandrina_HIv1___RNAseq.g7964.t1,OG_10121,ptua,4.295801531361548,4.1847954467798285,4.041110415493279,4.231528476065162,-0.11100608458171912,-0.254691115868269,-0.04673302928533385,-0.1904180605718837,0.11100608458171912,0.254691115868269
gene-Pocillopora_meandrina_HIv1___RNAseq.g8011.t1,OG_15544,ptua,0.4963257144391959,0.44672924804927316,0.5547262977812768,0.4961814465025289,-0.04959646638992271,0.058400583342080925,-0.049452198453255714,0.05854485127874792,0.04959646638992271,0.058400583342080925
gene-Pocillopora_meandrina_HIv1___RNAseq.g8094.t1,OG_01317,ptua,0.8760451840834504,0.7718103496291273,0.9685069003918023,0.8752699486538075,-0.10423483445432313,0.09246171630835187,-0.10345959902468016,0.09323695173799484,0.10423483445432313,0.09246171630835187
gene-Pocillopora_meandrina_HIv1___RNAseq.g8152.t1,OG_01353,ptua,0.8910577587320484,0.9030692393537415,1.1209365318480726,1.0469799221995466,0.012011480621693105,0.22987877311602423,-0.1439106828458051,0.07395660964852602,0.012011480621693105,0.22987877311602423
gene-Pocillopora_meandrina_HIv1___RNAseq.g8153.t1,OG_14012,ptua,0.6524316132730609,0.41633438654911653,0.7639613802560646,0.62789038737646,-0.23609722672394434,0.11152976698300376,-0.21155600082734344,0.13607099287960467,0.23609722672394434,0.11152976698300376
gene-Pocillopora_meandrina_HIv1___RNAseq.g8154.t1,OG_01354,ptua,0.5284509609816385,0.3226657030367232,0.4274645501210654,0.336726621912833,-0.20578525794491526,-0.10098641086057308,-0.014060918876109774,0.0907379282082324,0.20578525794491526,0.10098641086057308
gene-Pocillopora_meandrina_HIv1___RNAseq.g816.t1,OG_08793,ptua,0.4301861678594366,0.39486394851821266,0.4494682936416185,0.47884278378750345,-0.035322219341223926,0.019282125782181914,-0.08397883526929079,-0.029374490145884946,0.035322219341223926,0.019282125782181914
gene-Pocillopora_meandrina_HIv1___RNAseq.g8302.t1,OG_01277,ptua,6.930097232643279,6.731775159845133,7.107109935250737,7.397635829804046,-0.1983220727981454,0.17701270260745794,-0.6658606699589127,-0.29052589455330935,0.1983220727981454,0.17701270260745794
gene-Pocillopora_meandrina_HIv1___RNAseq.g8333.t1,OG_01223,ptua,0.4817272143900624,0.4366363111032472,0.5262641451655052,0.4741485215592335,-0.0450909032868152,0.04453693077544285,-0.037512210455986295,0.052115623606271755,0.0450909032868152,0.04453693077544285
gene-Pocillopora_meandrina_HIv1___RNAseq.g8424.t1,OG_15375,ptua,0.23685255403605326,0.4107681331658291,0.5141658626944245,0.38687919140942806,0.17391557912977584,0.2773133086583713,0.02388894175640105,0.1272866712849965,0.17391557912977584,0.2773133086583713
gene-Pocillopora_meandrina_HIv1___RNAseq.g8427.t1,OG_16209,ptua,0.3498294000892857,0.3617247777103174,0.4651280582142857,0.3333633655952381,0.01189537762103171,0.11529865812500001,0.02836141211507931,0.1317646926190476,0.01189537762103171,0.11529865812500001
gene-Pocillopora_meandrina_HIv1___RNAseq.g843.t1,OG_08768,ptua,0.44345194429843154,0.36297546379704204,0.4801460935283312,0.43880340749611413,-0.0804764805013895,0.036694149229899664,-0.07582794369907209,0.04134268603221708,0.0804764805013895,0.036694149229899664
gene-Pocillopora_meandrina_HIv1___RNAseq.g8456.t1,OG_09247,ptua,0.4724591882133894,0.4253920806077051,0.47476261784980933,0.5630976153710766,-0.04706710760568428,0.0023034296364199403,-0.1377055347633715,-0.08833499752126728,0.04706710760568428,0.0023034296364199403
gene-Pocillopora_meandrina_HIv1___RNAseq.g8471.t1,OG_15617,ptua,0.9116927517857143,0.1365740777777778,0.19639335285714285,0.4530093457142857,-0.7751186740079365,-0.7152993989285714,-0.3164352679365079,-0.25661599285714287,0.7751186740079365,0.7152993989285714
gene-Pocillopora_meandrina_HIv1___RNAseq.g8542.t1,OG_16270,ptua,0.49787018573260067,0.4623427937525437,0.4785991508954009,0.496954417012617,-0.035527391980056944,-0.019271034837199774,-0.034611623260073276,-0.018355266117216107,0.035527391980056944,0.019271034837199774
gene-Pocillopora_meandrina_HIv1___RNAseq.g8574.t1,OG_01177,ptua,0.446161804326184,0.4400375826623881,0.6062107282102572,0.4367257267989109,-0.006124221663795892,0.1600489238840732,0.003311855863477209,0.16948500141134631,0.006124221663795892,0.1600489238840732
gene-Pocillopora_meandrina_HIv1___RNAseq.g8627.t1,OG_18229,ptua,1.3716019124066294,1.3503597363707982,1.76458006232493,1.3707796971638657,-0.02124217603583123,0.3929781499183005,-0.020419960793067515,0.3938003651610642,0.02124217603583123,0.3929781499183005
gene-Pocillopora_meandrina_HIv1___RNAseq.g863.t1,OG_17012,ptua,27.093099822467874,27.453810212301587,25.693970053061225,28.21291654410431,0.36071038983371295,-1.399129769406649,-0.7591063318027231,-2.518946491043085,0.36071038983371295,1.399129769406649
gene-Pocillopora_meandrina_HIv1___RNAseq.g8765.t1,OG_01121,ptua,4.154386881695157,4.062746494837879,4.105170179503459,4.294004042075702,-0.09164038685727771,-0.04921670219169716,-0.23125754723782332,-0.18883386257224277,0.09164038685727771,0.04921670219169716
gene-Pocillopora_meandrina_HIv1___RNAseq.g8829.t1,OG_01147,ptua,14.627151793507794,14.595842675675677,14.080349409137709,14.273373384813384,-0.03130911783211765,-0.5468023843700855,0.32246929086229237,-0.19302397567567553,0.03130911783211765,0.5468023843700855
gene-Pocillopora_meandrina_HIv1___RNAseq.g8840.t1,OG_10008,ptua,1.0294984987745452,1.231755992386742,1.2073965037704444,1.1408025234187293,0.2022574936121968,0.17789800499589914,0.09095346896801271,0.06659398035171504,0.2022574936121968,0.17789800499589914
gene-Pocillopora_meandrina_HIv1___RNAseq.g8924.t1,OG_10039,ptua,0.5558390828285652,0.52336834233762,0.4403784093933464,0.5401841637172676,-0.03247074049094523,-0.11546067343521882,-0.016815821379647655,-0.09980575432392125,0.03247074049094523,0.11546067343521882
gene-Pocillopora_meandrina_HIv1___RNAseq.g8943.t1,OG_16122,ptua,0.4068070455667013,0.5147811557227411,0.4932964887409201,0.44581376788885047,0.1079741101560398,0.0864894431742188,0.06896738783389061,0.047482720852069615,0.1079741101560398,0.0864894431742188
gene-Pocillopora_meandrina_HIv1___RNAseq.g907.t1,OG_08856,ptua,1.4009819030213169,1.2449213073620424,1.4832306781531144,1.437340838868833,-0.15606059565927444,0.08224877513179751,-0.19241953150679048,0.045889839284281475,0.15606059565927444,0.08224877513179751
gene-Pocillopora_meandrina_HIv1___RNAseq.g9310.t1,OG_04651,ptua,0.5363176527142001,0.5331742865582987,0.627083251502293,0.5948798825532553,-0.0031433661559013837,0.09076559878809298,-0.06170559599495662,0.03220336894903775,0.0031433661559013837,0.09076559878809298
gene-Pocillopora_meandrina_HIv1___RNAseq.g9346.t1,OG_05819,ptua,0.4284623556186704,0.3270537155244334,0.4051154761491251,0.4196041600091408,-0.101408640094237,-0.023346879469545334,-0.0925504444847074,-0.014488683860015728,0.101408640094237,0.023346879469545334
gene-Pocillopora_meandrina_HIv1___RNAseq.g9369.t1,OG_04756,ptua,0.41336941337252936,0.43289965469171326,0.4251702648861646,0.4339831181260946,0.019530241319183905,0.011800851513635247,-0.0010834634343813154,-0.008812853239929974,0.019530241319183905,0.011800851513635247
gene-Pocillopora_meandrina_HIv1___RNAseq.g945.t1,OG_08842,ptua,0.40727418105230095,0.3849938182482585,0.3972003481329222,0.49227502299588904,-0.022280362804042442,-0.010073832919378745,-0.10728120474763053,-0.09507467486296683,0.022280362804042442,0.010073832919378745
gene-Pocillopora_meandrina_HIv1___RNAseq.g9524.t1,OG_14500,ptua,0.8734021978963324,0.6957187111647195,0.8569581004140787,0.7960660186705117,-0.17768348673161294,-0.016444097482253728,-0.10034730750579224,0.06089208174356697,0.17768348673161294,0.016444097482253728
gene-Pocillopora_meandrina_HIv1___RNAseq.g9577.t1,OG_14505,ptua,19.02578114556813,18.64372654968175,18.45030272142857,17.82046534635785,-0.3820545958863768,-0.5754784241395576,0.8232612033239022,0.6298373750707214,0.3820545958863768,0.5754784241395576
gene-Pocillopora_meandrina_HIv1___RNAseq.g972.t1,OG_09024,ptua,0.5114462038293318,0.3783216484206748,0.6045583665390445,0.5062875394671772,-0.13312455540865703,0.09311216270971268,-0.1279658910465024,0.0982708270718673,0.13312455540865703,0.09311216270971268
gene-Pocillopora_meandrina_HIv1___TS.g10820.t1,OG_15459,ptua,0.4138050008126867,0.3906870923534235,0.47358678112809705,0.46677254898084697,-0.023117908459263148,0.05978178031541037,-0.07608545662742344,0.006814232147250077,0.023117908459263148,0.05978178031541037
gene-Pocillopora_meandrina_HIv1___TS.g11409.t1,OG_18058,ptua,0.5130204481553862,0.4187167287961696,0.5245635377923262,0.35928664574620545,-0.09430371935921655,0.011543089636940063,0.059430083049964166,0.16527689204612078,0.09430371935921655,0.011543089636940063
gene-Pocillopora_meandrina_HIv1___TS.g11527.t1,OG_06236,ptua,0.5004435220899471,0.32929288623876124,0.44327000574425574,0.3718235048673549,-0.1711506358511859,-0.0571735163456914,-0.04253061862859364,0.07144650087690085,0.1711506358511859,0.0571735163456914
gene-Pocillopora_meandrina_HIv1___TS.g11574.t1,OG_06181,ptua,3.9258628331292003,3.9564805280156325,3.9128777175373948,3.8816791254787195,0.03061769488643229,-0.012985115591805485,0.07480140253691303,0.031198592058675256,0.03061769488643229,0.012985115591805485
gene-Pocillopora_meandrina_HIv1___TS.g11653.t1,OG_06119,ptua,8.088263018771759,8.139480185490058,7.871967760966542,7.903157564427333,0.05121716671829901,-0.21629525780521686,0.23632262106272517,-0.0311898034607907,0.05121716671829901,0.21629525780521686
gene-Pocillopora_meandrina_HIv1___TS.g12263.t1,OG_07150,ptua,0.49247585313113473,0.4569431756513265,0.6228954998822144,0.5353222495835437,-0.035532677479808206,0.13041964675107964,-0.07837907393221716,0.08757325029867069,0.035532677479808206,0.13041964675107964
gene-Pocillopora_meandrina_HIv1___TS.g12407.t1,OG_07252,ptua,0.5077377808953373,0.5293656445436509,0.5851927237996032,0.5167951410367063,0.021627863648313594,0.07745494290426591,0.012570503506944553,0.06839758276289687,0.021627863648313594,0.07745494290426591
gene-Pocillopora_meandrina_HIv1___TS.g12627.t1,OG_14942,ptua,0.9001218170650669,0.8017612986205593,1.0140138806689343,0.8462730685941042,-0.09836051844450755,0.11389206360386739,-0.04451176997354489,0.16774081207483005,0.09836051844450755,0.11389206360386739
gene-Pocillopora_meandrina_HIv1___TS.g12785.t1,OG_07042,ptua,4.674289455915638,4.531646130970753,4.515649105246913,4.269155756782775,-0.14264332494488485,-0.1586403506687244,0.26249037418797805,0.2464933484641385,0.14264332494488485,0.1586403506687244
gene-Pocillopora_meandrina_HIv1___TS.g1292.t2,OG_14180,ptua,0.41283189240707463,0.4300311818575089,0.5193765636268344,0.4701499931416592,0.017199289450434252,0.10654467121975975,-0.04011881128415029,0.0492265704851752,0.017199289450434252,0.10654467121975975
gene-Pocillopora_meandrina_HIv1___TS.g13145.t5a,OG_08347,ptua,5.2683442256954045,5.351725657191213,5.257457963350833,5.595940574486507,0.08338143149580812,-0.01088626234457113,-0.24421491729529432,-0.3384826111356736,0.08338143149580812,0.01088626234457113
gene-Pocillopora_meandrina_HIv1___TS.g13920.t1,OG_14790,ptua,14.50782324136381,13.354209963380908,15.209903320829305,14.336571736648624,-1.1536132779829025,0.7020800794654942,-0.9823617732677157,0.873331584180681,1.1536132779829025,0.7020800794654942
gene-Pocillopora_meandrina_HIv1___TS.g14356.t2,OG_07958,ptua,0.4711268017382535,0.3708428521291462,0.36014986020803674,0.3346539626680905,-0.1002839496091073,-0.11097694153021676,0.036188889461055695,0.025495897539946244,0.1002839496091073,0.11097694153021676
gene-Pocillopora_meandrina_HIv1___TS.g14605.t2,OG_08192,ptua,0.3422875696498854,0.34799392535465595,0.43081474791747765,0.4055722690411314,0.0057063557047705715,0.08852717826759227,-0.057578343686475464,0.02524247887634623,0.0057063557047705715,0.08852717826759227
gene-Pocillopora_meandrina_HIv1___TS.g14930.t1,OG_17849,ptua,0.8908563408578022,0.8910187281746031,0.8243724886277195,0.8160734297124601,0.0001623873168009604,-0.06648385223008269,0.07494529846214304,0.008299058915259394,0.0001623873168009604,0.06648385223008269
gene-Pocillopora_meandrina_HIv1___TS.g15837.t1,OG_03330,ptua,0.5742789805276202,0.46507926938642485,0.6706859046759498,0.4767243289367371,-0.10919971114119531,0.09640692414832963,-0.011645059550312253,0.1939615757392127,0.10919971114119531,0.09640692414832963
gene-Pocillopora_meandrina_HIv1___TS.g15900.t1,OG_03269,ptua,0.5046152371418264,0.3308653103655604,0.3258181429189858,0.3708701693465265,-0.17374992677626605,-0.17879709422284062,-0.04000485898096612,-0.04505202642754069,0.17374992677626605,0.17879709422284062
gene-Pocillopora_meandrina_HIv1___TS.g15910.t1,OG_03267,ptua,0.3272058224038203,0.37515950659806296,0.37015508416464893,0.1967494381355932,0.047953684194242674,0.04294926176082864,0.17841006846246976,0.17340564602905573,0.047953684194242674,0.04294926176082864
gene-Pocillopora_meandrina_HIv1___TS.g15931.t1,OG_16139,ptua,0.4612823276111111,0.5462286126005291,0.8480291492539682,0.5784254336507937,0.08494628498941803,0.3867468216428571,-0.03219682105026456,0.26960371560317453,0.08494628498941803,0.3867468216428571
gene-Pocillopora_meandrina_HIv1___TS.g16293.t1,OG_17286,ptua,0.29832363827577574,0.27794186362255113,0.5554760783247533,0.40848459551694555,-0.020381774653224605,0.2571524400489776,-0.13054273189439441,0.14699148280780777,0.020381774653224605,0.2571524400489776
gene-Pocillopora_meandrina_HIv1___TS.g16540.t1,OG_14279,ptua,0.4265449436634284,0.4096744028844714,0.4539204702001909,0.4734627762985737,-0.016870540778957,0.027375526536762507,-0.06378837341410232,-0.01954230609838281,0.016870540778957,0.027375526536762507
gene-Pocillopora_meandrina_HIv1___TS.g17098.t2,OG_05121,ptua,16.346284566260717,16.352385798633918,16.133365224945265,15.6415217159688,0.006101232373200816,-0.21291934131545176,0.7108640826651182,0.49184350897646567,0.006101232373200816,0.21291934131545176
gene-Pocillopora_meandrina_HIv1___TS.g17142.t1,OG_14674,ptua,0.3863156921674225,0.5118983289399093,0.5257949175396825,0.4122017734240363,0.12558263677248677,0.13947922537226004,0.09969655551587298,0.11359314411564625,0.12558263677248677,0.13947922537226004
gene-Pocillopora_meandrina_HIv1___TS.g17155.t1,OG_14681,ptua,0.2927083130322229,0.38684463446930994,0.5279736315348458,0.47201228615368895,0.09413632143708706,0.2352653185026229,-0.08516765168437901,0.055961345381156824,0.09413632143708706,0.2352653185026229
gene-Pocillopora_meandrina_HIv1___TS.g17404.t1a,OG_14066,ptua,0.3695686985766759,0.3301712015463072,0.5181202719598583,0.4691259266627312,-0.03939749703036871,0.14855157338318242,-0.13895472511642398,0.04899434529712715,0.03939749703036871,0.14855157338318242
gene-Pocillopora_meandrina_HIv1___TS.g18162.t1,OG_14803,ptua,0.5264256239550557,0.5101914427050556,0.541920846058842,0.5734356343481225,-0.01623418125000009,0.015495222103786399,-0.06324419164306694,-0.03151478828928045,0.01623418125000009,0.015495222103786399
gene-Pocillopora_meandrina_HIv1___TS.g18166.t1,OG_05952,ptua,0.8234888583011855,0.7665140442867189,0.8157648660488246,0.6943570764074745,-0.05697481401446658,-0.007723992252360867,0.07215696787924442,0.12140778964135013,0.05697481401446658,0.007723992252360867
gene-Pocillopora_meandrina_HIv1___TS.g18265.t1b,OG_04799,ptua,0.4734095317496993,0.4785579496200452,0.5291596930815949,0.5604920951324708,0.005148417870345923,0.05575016133189564,-0.08193414551242556,-0.03133240205087584,0.005148417870345923,0.05575016133189564
gene-Pocillopora_meandrina_HIv1___TS.g18783.t1,OG_07508,ptua,19.01324042396125,18.04293336468254,18.97596694362745,18.40043258429972,-0.97030705927871,-0.0372734803337984,-0.35749921961717845,0.5755343593277331,0.97030705927871,0.0372734803337984
gene-Pocillopora_meandrina_HIv1___TS.g18876.t2,OG_07620,ptua,11.377077098207716,11.33450079713287,11.063789780715863,11.102469191043834,-0.042576301074845446,-0.31328731749185224,0.23203160608903595,-0.03867941032797084,0.042576301074845446,0.31328731749185224
gene-Pocillopora_meandrina_HIv1___TS.g18990.t1,OG_08717,ptua,0.4893411489017964,0.38268622541442654,0.4301266204973118,0.36244690106566824,-0.10665492348736988,-0.0592145284044846,0.020239324348758303,0.06767971943164358,0.10665492348736988,0.0592145284044846
gene-Pocillopora_meandrina_HIv1___TS.g1982.t1,OG_14322,ptua,0.7660010909448549,0.5180496964998403,0.676827767439792,0.6843994819649699,-0.24795139444501457,-0.08917332350506291,-0.16634978546512957,-0.007571714525177908,0.24795139444501457,0.08917332350506291
gene-Pocillopora_meandrina_HIv1___TS.g19950.t1,OG_01384,ptua,0.3920679289841849,0.3096241674595933,0.45510447148939864,0.49890804908759123,-0.0824437615245916,0.06303654250521373,-0.18928388162799792,-0.04380357759819259,0.0824437615245916,0.06303654250521373
gene-Pocillopora_meandrina_HIv1___TS.g20470.t1,OG_01117,ptua,0.4677417588604706,0.4193438487830197,0.4569230254262744,0.4876085575801749,-0.04839791007745087,-0.010818733434196204,-0.06826470879715518,-0.03068553215390052,0.04839791007745087,0.010818733434196204
gene-Pocillopora_meandrina_HIv1___TS.g20680.t2,OG_10055,ptua,4.152677936851895,4.2361309425157945,4.63042361970943,4.353125761834273,0.08345300566389913,0.4777456828575346,-0.11699481931847888,0.2772978578751566,0.08345300566389913,0.4777456828575346
gene-Pocillopora_meandrina_HIv1___TS.g21065.t1,OG_02148,ptua,0.7485772232694003,0.7486296393187831,0.9127417715491752,0.7998789403089014,5.241604938277522e-05,0.1641645482797749,-0.05124930099011826,0.11286283124027385,5.241604938277522e-05,0.1641645482797749
gene-Pocillopora_meandrina_HIv1___TS.g21072.t1,OG_02149,ptua,0.45598295779761905,0.36910998884259255,0.3943649894285714,0.2890480336111111,-0.0868729689550265,-0.06161796836904765,0.08006195523148146,0.10531695581746031,0.0868729689550265,0.06161796836904765
gene-Pocillopora_meandrina_HIv1___TS.g21211.t1,OG_16856,ptua,0.6306900882262794,0.6500490631381781,0.76214553407516,0.6437246262415601,0.019358974911898752,0.13145544584888058,0.006324436896617991,0.11842090783359982,0.019358974911898752,0.13145544584888058
gene-Pocillopora_meandrina_HIv1___TS.g2168.t1a,OG_03291,ptua,1.7713782825237743,1.5632701723583273,1.6771308054724785,1.9084663861491145,-0.20810811016544695,-0.09424747705129577,-0.34519621379078713,-0.23133558067663595,0.20810811016544695,0.09424747705129577
gene-Pocillopora_meandrina_HIv1___TS.g21686.t1,OG_18179,ptua,0.4704518183845029,0.4305954528030145,0.5924649706453634,0.3278765916718881,-0.03985636558148842,0.12201315226086051,0.10271886113112638,0.2645883789734753,0.03985636558148842,0.12201315226086051
gene-Pocillopora_meandrina_HIv1___TS.g21687.t1,OG_04698,ptua,0.46426858520666503,0.4450450458570206,0.4855204168897855,0.4790759352328993,-0.019223539349644436,0.021251831683120448,-0.034030889375878726,0.0064444816568861585,0.019223539349644436,0.021251831683120448
gene-Pocillopora_meandrina_HIv1___TS.g21693.t1,OG_14612,ptua,0.45186260542597995,0.5664182962652521,0.44505592533203764,0.5675184130871396,0.11455569083927214,-0.006806680093942308,-0.0011001168218874868,-0.12246248775510193,0.11455569083927214,0.006806680093942308
gene-Pocillopora_meandrina_HIv1___TS.g21950.t1,OG_14623,ptua,2.618046008578254,2.5148708777924997,2.782411378509195,2.912118586081667,-0.10317513078575447,0.16436536993094064,-0.39724770828916744,-0.12970720757247234,0.10317513078575447,0.16436536993094064
gene-Pocillopora_meandrina_HIv1___TS.g22257.t1,OG_16883,ptua,3.0624415288226343,2.3384681322141274,2.6511623986141903,2.243472408000739,-0.7239733966085069,-0.411279130208444,0.09499572421338831,0.40768999061345124,0.7239733966085069,0.411279130208444
gene-Pocillopora_meandrina_HIv1___TS.g22372.t1b,OG_17961,ptua,8.159555428761905,7.547133644825397,7.764579887276191,8.223125066857143,-0.612421783936508,-0.39497554148571457,-0.6759914220317462,-0.45854517958095276,0.612421783936508,0.39497554148571457
gene-Pocillopora_meandrina_HIv1___TS.g22787.t1,OG_17739,ptua,0.5965916155415215,0.44930715383033293,0.6895038857433217,0.5114210351480837,-0.14728446171118859,0.09291227020180015,-0.06211388131775075,0.17808285059523798,0.14728446171118859,0.09291227020180015
gene-Pocillopora_meandrina_HIv1___TS.g23876.t1,OG_06712,ptua,0.5574322396362866,0.5176580275914687,0.5714731607116921,0.4658014101151572,-0.0397742120448179,0.014040921075405444,0.05185661747631154,0.10567175059653489,0.0397742120448179,0.014040921075405444
gene-Pocillopora_meandrina_HIv1___TS.g23878.t1,OG_06711,ptua,0.31273174789205854,0.3136208942252928,0.4810517589703588,0.3802585810563851,0.0008891463332342808,0.16832001107830025,-0.06663768683109228,0.10079317791397369,0.0008891463332342808,0.16832001107830025
gene-Pocillopora_meandrina_HIv1___TS.g24166.t1,OG_02090,ptua,0.3711380473135272,0.39094079790583885,0.4013450303385307,0.4036701858027813,0.01980275059231168,0.03020698302500352,-0.012729387896942446,-0.0023251554642506056,0.01980275059231168,0.03020698302500352
gene-Pocillopora_meandrina_HIv1___TS.g24321.t1,OG_15020,ptua,0.5461806691827698,0.48045082507572273,0.4220470994478951,0.39162258982631704,-0.06572984410704702,-0.12413356973487466,0.0888282352494057,0.030424509621578055,0.06572984410704702,0.12413356973487466
gene-Pocillopora_meandrina_HIv1___TS.g24411.t1,OG_06775,ptua,0.41078013955026454,0.2762930210719309,0.4447575439622263,0.3896894920433997,-0.13448711847833367,0.03397740441196173,-0.11339647097146882,0.05506805191882658,0.13448711847833367,0.03397740441196173
gene-Pocillopora_meandrina_HIv1___TS.g24518.t1,OG_17100,ptua,0.8171588665181886,0.7798164110324531,0.7054342481122071,0.7935000599798494,-0.03734245548573545,-0.11172461840598147,-0.013683648947396265,-0.08806581186764229,0.03734245548573545,0.11172461840598147
gene-Pocillopora_meandrina_HIv1___TS.g24548.t1,OG_14100,ptua,0.40797432437198067,0.3336485997584541,0.48250767077639756,0.5116149597256728,-0.07432572461352654,0.07453334640441689,-0.1779663599672187,-0.02910728894927528,0.07432572461352654,0.07453334640441689
gene-Pocillopora_meandrina_HIv1___TS.g24607.t1,OG_16289,ptua,0.6946611949761905,0.6270997355,0.7591179145047618,0.7268296341857143,-0.06756145947619052,0.06445671952857135,-0.09972989868571436,0.03228828031904751,0.06756145947619052,0.06445671952857135
gene-Pocillopora_meandrina_HIv1___TS.g24761.t1,OG_06875,ptua,0.37765238110410837,0.4237883453022876,0.35913934513655466,0.3399332876820728,0.046135964198179225,-0.018513035967553715,0.08385505762021478,0.01920605745448184,0.046135964198179225,0.018513035967553715
gene-Pocillopora_meandrina_HIv1___TS.g25340.t2b,OG_05010,ptua,0.6733924548759769,0.5859428530350469,0.7101263675404107,0.674907852475608,-0.08744960184092998,0.03673391266443382,-0.08896499944056113,0.03521851506480267,0.08744960184092998,0.03673391266443382
gene-Pocillopora_meandrina_HIv1___TS.g25680.t1b,OG_02619,ptua,0.48184073573525615,0.44960991102884246,0.46373543089430896,0.4151510789005033,-0.0322308247064137,-0.01810530484094719,0.03445883212833917,0.048584351993805674,0.0322308247064137,0.01810530484094719
gene-Pocillopora_meandrina_HIv1___TS.g26115.t1,OG_02537,ptua,0.43475527892965005,0.4832465932511298,0.5291081943354452,0.4640424160637645,0.04849131432147974,0.09435291540579516,0.01920417718736528,0.0650657782716807,0.04849131432147974,0.09435291540579516
gene-Pocillopora_meandrina_HIv1___TS.g26462.t2,OG_14408,ptua,0.6593261138004399,0.6512952228855899,0.8088023341939186,0.621913243201377,-0.008030890914849986,0.14947622039347863,0.029381979684212967,0.18688909099254158,0.008030890914849986,0.14947622039347863
gene-Pocillopora_meandrina_HIv1___TS.g26480.t1,OG_17058,ptua,0.4698206964862298,0.4137765653653959,0.44731797629900966,0.38316684966761627,-0.056044131120833895,-0.02250272018722016,0.03060971569777965,0.06415112663139338,0.056044131120833895,0.02250272018722016
gene-Pocillopora_meandrina_HIv1___TS.g27157.t1,OG_14382,ptua,0.554941444325749,0.4803978162318185,0.6131791790186493,0.5561773308757318,-0.0745436280939305,0.05823773469290028,-0.07577951464391336,0.05700184814291742,0.0745436280939305,0.05823773469290028
gene-Pocillopora_meandrina_HIv1___TS.g27478.t1,OG_14365,ptua,1.106955287816115,0.9740781938110932,1.2149770563559323,1.0826355481705676,-0.1328770940050219,0.10802176853981726,-0.10855735435947445,0.13234150818536472,0.1328770940050219,0.10802176853981726
gene-Pocillopora_meandrina_HIv1___TS.g27929.t1,OG_17157,ptua,0.611669321780875,0.3717710948896632,0.500764562253194,0.5293228149825784,-0.23989822689121176,-0.11090475952768097,-0.15755172009291518,-0.028558252729384392,0.23989822689121176,0.11090475952768097
gene-Pocillopora_meandrina_HIv1___TS.g27962.t1a,OG_17751,ptua,0.36022927664729676,0.2730177760764853,0.46545571116939216,0.4440247689499126,-0.08721150057081145,0.1052264345220954,-0.1710069928734273,0.021430942219479554,0.08721150057081145,0.1052264345220954
gene-Pocillopora_meandrina_HIv1___TS.g28432.t1,OG_18118,ptua,0.8576662911317646,0.8112477475372459,0.9470437855854915,0.833018892801448,-0.04641854359451869,0.08937749445372689,-0.021771145264202096,0.11402489278404349,0.04641854359451869,0.08937749445372689
gene-Pocillopora_meandrina_HIv1___TS.g28923.t1a,OG_01414,ptua,0.39602401793403186,0.3696230572008497,0.46022307628430686,0.6157941604230198,-0.026400960733182155,0.064199058350275,-0.24617110322217012,-0.15557108413871296,0.026400960733182155,0.064199058350275
gene-Pocillopora_meandrina_HIv1___TS.g29924.t1,OG_01727,ptua,0.7060606746584427,0.7206814793462882,0.7346805945682452,0.7047154122695317,0.014620804687845546,0.028619919909802505,0.015966067076756518,0.029965182298713477,0.014620804687845546,0.028619919909802505
gene-Pocillopora_meandrina_HIv1___TS.g30016.t1,OG_02317,ptua,0.6448675131079932,0.5693904710671769,0.6446200107312925,0.5915657251530612,-0.07547704204081629,-0.0002475023767006812,-0.022175254085884277,0.05305428557823133,0.07547704204081629,0.0002475023767006812
gene-Pocillopora_meandrina_HIv1___TS.g3256.t1,OG_08077,ptua,0.32247296753414545,0.3630725839885567,0.3650314120265781,0.540348675847176,0.040599616454411236,0.04255844449243262,-0.17727609185861937,-0.17531726382059798,0.040599616454411236,0.04255844449243262
gene-Pocillopora_meandrina_HIv1___TS.g3371.t1,OG_08143,ptua,0.38388876158685065,0.48292661947601007,0.36257947901785714,0.39894042472943725,0.09903785788915942,-0.021309282568993504,0.08398619474657282,-0.036360945711580106,0.09903785788915942,0.021309282568993504
gene-Pocillopora_meandrina_HIv1___TS.g3385.t1,OG_08145,ptua,0.5209854921014451,0.5040125656284831,0.7145414743716131,0.539353631275222,-0.016972926472962002,0.19355598227016801,-0.03534106564673889,0.17518784309639113,0.016972926472962002,0.19355598227016801
gene-Pocillopora_meandrina_HIv1___TS.g3901.t1,OG_02176,ptua,0.4638855539955598,0.4820154088536287,0.5771559036275243,0.45851897786800583,0.018129854858068895,0.11327034963196453,0.023496430985622874,0.11863692575951851,0.018129854858068895,0.11327034963196453
gene-Pocillopora_meandrina_HIv1___TS.g396.t1,OG_18057,ptua,0.5305924506912443,0.4819612273476703,0.578011324953917,0.5466488706912442,-0.048631223343574004,0.04741887426267277,-0.06468764334357396,0.03136245426267281,0.048631223343574004,0.04741887426267277
gene-Pocillopora_meandrina_HIv1___TS.g4194.t1a,OG_15796,ptua,0.8114640497681911,0.837339281718529,0.803667017340877,0.6759806408958039,0.025875231950337918,-0.00779703242731411,0.1613586408227251,0.12768637644507308,0.025875231950337918,0.00779703242731411
gene-Pocillopora_meandrina_HIv1___TS.g4396.t1a,OG_00514,ptua,9.259778304593555,9.275365119656083,8.870680066926406,9.028607835137086,0.015586815062528458,-0.3890982376671488,0.24675728451899737,-0.1579277682106799,0.015586815062528458,0.3890982376671488
gene-Pocillopora_meandrina_HIv1___TS.g4407.t1,OG_16383,ptua,0.7476921103833866,0.6596239096873574,0.6810256566331964,0.6371922867944622,-0.08806820069602916,-0.0666664537501902,0.022431622892895242,0.043833369838734204,0.08806820069602916,0.0666664537501902
gene-Pocillopora_meandrina_HIv1___TS.g4479.t1b,OG_17245,ptua,0.4245337971814457,0.37331628474459955,0.47474380866451843,0.36892989492779565,-0.051217512436846135,0.05021001148307275,0.004386389816803893,0.10581391373672278,0.051217512436846135,0.05021001148307275
gene-Pocillopora_meandrina_HIv1___TS.g4618.t1,OG_00466,ptua,8.610058187126196,8.468782554579937,8.520866145632729,8.091613652459879,-0.1412756325462592,-0.08919204149346704,0.37716890212005794,0.4292524931728501,0.1412756325462592,0.08919204149346704
gene-Pocillopora_meandrina_HIv1___TS.g4783.t1,OG_17806,ptua,0.6704006861323405,0.6285778322228754,0.594625518920243,0.6992911258769351,-0.04182285390946505,-0.07577516721209754,-0.07071329365405965,-0.10466560695669214,0.04182285390946505,0.07577516721209754
gene-Pocillopora_meandrina_HIv1___TS.g4798.t2,OG_00430,ptua,1.0709879898321624,1.0049049075955518,1.0358699980851358,1.0431265956261193,-0.06608308223661052,-0.03511799174702657,-0.03822168803056747,-0.0072565975409835115,0.06608308223661052,0.03511799174702657
gene-Pocillopora_meandrina_HIv1___TS.g489.t1,OG_10004,ptua,6.709635731667563,6.168438946025019,6.3475627236212,6.435028831315577,-0.5411967856425441,-0.3620730080463632,-0.26658988529055794,-0.08746610769437702,0.5411967856425441,0.3620730080463632
gene-Pocillopora_meandrina_HIv1___TS.g5119.t2,OG_13882,ptua,0.3396291727407196,0.37248552334033147,0.44400048439736617,0.42017634210802557,0.032856350599611894,0.10437131165664659,-0.0476908187676941,0.0238241422893406,0.032856350599611894,0.10437131165664659
gene-Pocillopora_meandrina_HIv1___TS.g5429.t1,OG_08849,ptua,0.39644625257712945,0.3827527218477532,0.5364485920992622,0.4465366049094568,-0.013693530729376235,0.14000233952213276,-0.06378388306170357,0.08991198718980542,0.013693530729376235,0.14000233952213276
gene-Pocillopora_meandrina_HIv1___TS.g5438.t1,OG_15303,ptua,0.3843316718065004,0.4304802693143497,0.5223524416012559,0.46281327147217866,0.046148597507849276,0.13802076979475553,-0.03233300215782897,0.05953917012907728,0.046148597507849276,0.13802076979475553
gene-Pocillopora_meandrina_HIv1___TS.g546.t1,OG_09986,ptua,2.2940058454005006,2.082416971973896,2.5922784500446987,2.491260057083259,-0.2115888734266047,0.29827260464419814,-0.4088430851093632,0.10101839296143966,0.2115888734266047,0.29827260464419814
gene-Pocillopora_meandrina_HIv1___TS.g5573.t1,OG_09106,ptua,1.9176186976848257,1.7934638906627414,2.079634342481884,2.3876737979166665,-0.12415480702208437,0.16201564479705843,-0.5942099072539251,-0.3080394554347823,0.12415480702208437,0.16201564479705843
gene-Pocillopora_meandrina_HIv1___TS.g5628.t1,OG_15312,ptua,0.641085696284161,0.5864971997324159,0.7476272603538664,0.6878371029452454,-0.054588496551745136,0.10654156406970539,-0.10133990321282949,0.059790157408621036,0.054588496551745136,0.10654156406970539
gene-Pocillopora_meandrina_HIv1___TS.g6172.t1,OG_00030,ptua,2.776780299651519,2.7507086033206427,2.823137945963258,2.929374484209572,-0.02607169633087647,0.046357646311738776,-0.17866588088892943,-0.10623653824631418,0.02607169633087647,0.046357646311738776
gene-Pocillopora_meandrina_HIv1___TS.g6340.t1,OG_17285,ptua,0.6824289788124801,0.7963794456059262,0.8656688486628462,0.6792245600013644,0.11395046679344611,0.1832398698503661,0.11715488560456178,0.18644428866148177,0.11395046679344611,0.1832398698503661
gene-Pocillopora_meandrina_HIv1___TS.g6384.t1,OG_00246,ptua,0.46344511810213135,0.5404850337022132,0.5136328376481109,0.40346968575340936,0.07703991560008189,0.0501877195459795,0.13701534794880388,0.1101631518947015,0.07703991560008189,0.0501877195459795
gene-Pocillopora_meandrina_HIv1___TS.g6449.t1,OG_16544,ptua,0.5875198549750147,0.5905009153292181,0.7612269770899471,0.5842093545943563,0.002981060354203424,0.17370712211493244,0.006291560734861812,0.17701762249559083,0.002981060354203424,0.17370712211493244
gene-Pocillopora_meandrina_HIv1___TS.g736.t1,OG_17347,ptua,0.3713950158289242,0.4355771696979718,0.5198753660052909,0.45904922828042327,0.06418215386904758,0.14848035017636674,-0.023472058582451494,0.06082613772486767,0.06418215386904758,0.14848035017636674
gene-Pocillopora_meandrina_HIv1___TS.g753.t1,OG_09897,ptua,3.7899495710004607,3.5950803356797074,3.6778751246986765,3.5562539082691167,-0.1948692353207533,-0.1120744463017842,0.038826427410590725,0.12162121642955981,0.1948692353207533,0.1120744463017842
gene-Pocillopora_meandrina_HIv1___TS.g8098.t1,OG_08878,ptua,1.0107167496826057,0.8549513882653377,0.9826862649037571,1.063798604060575,-0.15576536141726804,-0.02803048477884862,-0.20884721579523724,-0.08111233915681781,0.15576536141726804,0.02803048477884862
gene-Pocillopora_meandrina_HIv1___TS.g8473.t1,OG_08663,ptua,0.43839496424676017,0.41100699090278564,0.4727402296583438,0.5212291368031011,-0.027387973343974525,0.034345265411583614,-0.11022214590031548,-0.04848890714475734,0.027387973343974525,0.034345265411583614
gene-Pocillopora_meandrina_HIv1___TS.g9087.t1,OG_06384,ptua,1.1492256468372017,1.0002265568268496,1.094900623716901,1.0927216841832843,-0.14899909001035216,-0.05432502312030074,-0.09249512735643473,0.0021789395336166972,0.14899909001035216,0.05432502312030074
gene-Pocillopora_meandrina_HIv1___TS.g9102.t1,OG_02260,ptua,0.5033119570731375,0.5113970856372272,0.6015824522771592,0.5601318911587092,0.008085128564089716,0.09827049520402176,-0.048734805521482016,0.041450561118450024,0.008085128564089716,0.09827049520402176
gene-Pocillopora_meandrina_HIv1___TS.g9155.t1,OG_13916,ptua,0.49982752746555476,0.4710002202733462,0.38533452180323907,0.40094481327048587,-0.02882730719220855,-0.11449300566231568,0.07005540700286034,-0.015610291467246795,0.02882730719220855,0.11449300566231568
gene-Pocillopora_meandrina_HIv1___TS.g9636.t1,OG_17479,ptua,0.390371599889956,0.36418533387688407,0.5188484375950381,0.4893174174069628,-0.026186266013071946,0.12847683770508206,-0.1251320835300787,0.029531020188075296,0.026186266013071946,0.12847683770508206
FUN_000209,OG_10350,apul,0.4299143899834008,0.4396636020982467,0.6318114570935782,0.6380964494060587,0.009749212114845862,0.2018970671101774,-0.19843284730781202,-0.006284992312480475,0.009749212114845862,0.2018970671101774
FUN_000236,OG_00030,apul,6.9831494032869905,7.430568589434176,6.5274323568944945,7.051247923859474,0.4474191861471857,-0.455717046392496,0.3793206655747019,-0.5238155669649798,0.4474191861471857,0.455717046392496
FUN_000274,OG_10355,apul,3.9479990844303354,3.674919339100529,3.127586949994709,3.9764980666208114,-0.2730797453298064,-0.8204121344356263,-0.30157872752028236,-0.8489111166261023,0.2730797453298064,0.8204121344356263
FUN_000274,OG_13792,apul,3.9479990844303354,3.674919339100529,3.127586949994709,3.9764980666208114,-0.2730797453298064,-0.8204121344356263,-0.30157872752028236,-0.8489111166261023,0.2730797453298064,0.8204121344356263
FUN_000341,OG_10367,apul,1.0136445330177235,1.1681436633615019,1.0044089292036764,0.9198554566905173,0.15449913034377838,-0.009235603814047089,0.2482882066709846,0.08455347251315914,0.15449913034377838,0.009235603814047089
FUN_000857,OG_00171,apul,28.386014019539807,30.49172469139904,27.95788753544666,28.732807093939954,2.1057106718592316,-0.42812648409314846,1.7589175974590852,-0.7749195584932949,2.1057106718592316,0.42812648409314846
FUN_000867,OG_00176,apul,1.2580131971675867,0.8529759472322866,0.9622489533111915,0.9843878319027489,-0.4050372499353001,-0.2957642438563952,-0.13141188467046228,-0.022138878591557387,0.4050372499353001,0.2957642438563952
FUN_001009,OG_00246,apul,0.7925290263407305,0.6374250926946884,0.6459816796957671,0.8168041230775158,-0.15510393364604214,-0.14654734664496338,-0.17937903038282743,-0.17082244338174868,0.15510393364604214,0.14654734664496338
FUN_001088,OG_00297,apul,0.8766876514285715,0.8635472621233211,0.882355437942613,0.8154945499597068,-0.01314038930525041,0.0056677865140414285,0.048052712163614286,0.06686088798290613,0.01314038930525041,0.0056677865140414285
FUN_001089,OG_00298,apul,0.9473616771624851,1.3918866167810207,1.0868693847235023,1.2810439777905787,0.44452493961853556,0.13950770756101716,0.110842638990442,-0.1941745930670764,0.44452493961853556,0.13950770756101716
FUN_001101,OG_00302,apul,0.3002761928654533,0.3608389650897532,0.32326818918391087,0.39166624467090505,0.0605627722242999,0.022991996318457553,-0.030827279581151834,-0.06839805548699418,0.0605627722242999,0.022991996318457553
FUN_001107,OG_00305,apul,23.335479590724546,23.63947658180542,22.91998212298888,23.16653757004913,0.30399699108087574,-0.41549746773566554,0.47293901175629216,-0.24655544706024912,0.30399699108087574,0.41549746773566554
FUN_001118,OG_00314,apul,0.9581221088441086,0.8800816929451042,0.9000038636330016,0.7886995961187078,-0.07804041589900446,-0.05811824521110709,0.09138209682639642,0.11130426751429379,0.07804041589900446,0.05811824521110709
FUN_001185,OG_00355,apul,12.195632378776473,14.079447531003387,12.994333022277308,13.585097933207859,1.883815152226914,0.798700643500835,0.49434959779552834,-0.5907649109305506,1.883815152226914,0.798700643500835
FUN_001225,OG_00378,apul,0.5060590945043426,0.5359514796196465,0.5886505363157633,0.587032752086453,0.0298923851153039,0.08259144181142064,-0.05108127246680649,0.0016177842293102485,0.0298923851153039,0.08259144181142064
FUN_001338,OG_00430,apul,2.1417500478608633,2.24890946487767,2.1279908474582023,1.9849725294781455,0.10715941701680665,-0.013759200402660987,0.26393693539952445,0.14301831798005682,0.10715941701680665,0.013759200402660987
FUN_001392,OG_00460,apul,0.5127563702070186,0.31969874776725954,0.38234036882530126,0.3631102242230828,-0.19305762243975905,-0.13041600138171733,-0.04341147645582327,0.019230144602218446,0.19305762243975905,0.13041600138171733
FUN_001402,OG_00466,apul,9.55627735632057,10.398228810423825,10.347689534196531,10.234951679903045,0.8419514541032562,0.7914121778759622,0.16327713052078074,0.1127378542934867,0.8419514541032562,0.7914121778759622
FUN_001497,OG_00510,apul,0.647292817969399,0.5920527825318246,0.590395566233358,0.49803943080869306,-0.055240035437574386,-0.05689725173604099,0.09401335172313152,0.09235613542466492,0.055240035437574386,0.05689725173604099
FUN_001498,OG_10450,apul,1.0130709508273146,0.804026418120333,0.867026454763945,0.955338582710042,-0.20904453270698153,-0.14604449606336956,-0.15131216458970898,-0.088312127946097,0.20904453270698153,0.14604449606336956
FUN_001507,OG_00514,apul,3.817757961369455,4.446595070779221,4.091977775685426,4.0189961719883165,0.628837109409766,0.2742198143159711,0.4275988987909045,0.0729816036971096,0.628837109409766,0.2742198143159711
FUN_001631,OG_00572,apul,30.654285248263005,32.507361082786815,31.453703479691296,30.233580256311075,1.8530758345238105,0.7994182314282909,2.2737808264757398,1.2201232233802202,1.8530758345238105,0.7994182314282909
FUN_001808,OG_10472,apul,1.1320029289648623,1.2384079156299463,0.9299505223398001,1.27564164955343,0.10640498666508402,-0.2020524066250622,-0.037233733923483614,-0.3456911272136298,0.10640498666508402,0.2020524066250622
FUN_001809,OG_13877,apul,1.4231002416626983,1.260589397003968,1.0688931323452382,1.0931552961785713,-0.16251084465873022,-0.35420710931746013,0.16743410082539678,-0.024262163833333128,0.16251084465873022,0.35420710931746013
FUN_001850,OG_13882,apul,0.40968434573525986,0.4071626527836039,0.4271146392501101,0.4548193874297626,-0.0025216929516559405,0.01743029351485026,-0.04765673464615866,-0.02770474817965246,0.0025216929516559405,0.01743029351485026
FUN_001855,OG_00632,apul,0.9524672912606128,0.9235676038415719,0.8326408792098728,0.8824974628729152,-0.02889968741904092,-0.11982641205073996,0.04107014096865669,-0.04985658366304235,0.02889968741904092,0.11982641205073996
FUN_001884,OG_10475,apul,0.2799027007001314,0.33760766768021433,0.24830184153523402,0.31076223745324033,0.05770496698008293,-0.03160085916489738,0.026845430226974,-0.06246039591800631,0.05770496698008293,0.03160085916489738
FUN_001887,OG_00643,apul,0.7963013605020796,0.6730093685553009,0.7317651951935319,0.7207582037390714,-0.12329199194677865,-0.06453616530854767,-0.04774883518377049,0.01100699145446049,0.12329199194677865,0.06453616530854767
FUN_001921,OG_13886,apul,4.327451956890331,4.9810731971260225,3.5098226141354014,5.483241678775854,0.6536212402356911,-0.8176293427549299,-0.5021684816498313,-1.9734190646404524,0.6536212402356911,0.8176293427549299
FUN_001932,OG_10480,apul,0.9100884550334595,0.9630093435158245,0.8434906580310672,0.9912842464342289,0.05292088848236498,-0.06659779700239232,-0.0282749029184044,-0.1477935884031617,0.05292088848236498,0.06659779700239232
FUN_002435,OG_13910,apul,0.7405556116976384,0.981789621018196,0.8549148414634147,1.069516676511808,0.2412340093205576,0.11435922976577628,-0.08772705549361204,-0.21460183504839336,0.2412340093205576,0.11435922976577628
FUN_002531,OG_10509,apul,3.830785452252457,4.081416710948601,3.9454644008616784,3.855639550801209,0.25063125869614433,0.11467894860922145,0.22577716014739213,0.08982485006046925,0.25063125869614433,0.11467894860922145
FUN_002645,OG_10515,apul,0.5520580866254255,0.4570474523977366,0.4969932004567688,0.37978149227449287,-0.09501063422768896,-0.055064886168656735,0.07726596012324372,0.11721170818227594,0.09501063422768896,0.055064886168656735
FUN_002646,OG_10516,apul,0.5193990747039556,0.4922598014181334,0.3853141732030378,0.4288426969774682,-0.02713927328582222,-0.13408490150091784,0.06341710444066523,-0.043528523774430394,0.02713927328582222,0.13408490150091784
FUN_002648,OG_13916,apul,0.47928253103004903,0.4109210304831088,0.35251883648770366,0.4179761233670113,-0.06836150054694023,-0.12676369454234537,-0.007055092883902492,-0.06545728687930763,0.06836150054694023,0.12676369454234537
FUN_002663,OG_10520,apul,0.40415895927056483,0.45483849444331387,0.3974582721476055,0.43835670017071404,0.050679535172749035,-0.006700687122959348,0.016481794272599826,-0.04089842802310856,0.050679535172749035,0.006700687122959348
FUN_002671,OG_10522,apul,0.3579694091892113,0.3875293952809401,0.4371915316929857,0.4819279644040478,0.02955998609172883,0.07922212250377442,-0.09439856912310768,-0.04473643271106209,0.02955998609172883,0.07922212250377442
FUN_002672,OG_10523,apul,12.84547900020853,16.263572442744728,14.576971802535523,14.930843727901435,3.4180934425361986,1.7314928023269935,1.3327287148432934,-0.3538719253659117,3.4180934425361986,1.7314928023269935
FUN_002685,OG_10525,apul,0.3174471765873016,0.6405882324552515,0.16049563309692672,0.3311320345744681,0.32314105586794994,-0.15695154349037488,0.30945619788078343,-0.1706364014775414,0.32314105586794994,0.15695154349037488
FUN_002810,OG_00752,apul,0.6062301410325681,0.5233974637696919,0.554277818408663,0.5581256804625145,-0.08283267726287624,-0.051952322623905145,-0.03472821669282267,-0.0038478620538515695,0.08283267726287624,0.051952322623905145
FUN_003891,OG_10579,apul,2.719684959325397,2.9667358934243695,2.343750926227824,2.575289260063025,0.2470509340989726,-0.3759340330975727,0.39144663336134444,-0.23153833383520084,0.2470509340989726,0.3759340330975727
FUN_003983,OG_10584,apul,0.517373030469196,0.38492615811993264,0.41782849189077315,0.41321725492962774,-0.1324468723492634,-0.09954453857842288,-0.028291096809695104,0.004611236961145404,0.1324468723492634,0.09954453857842288
FUN_004006,OG_00807,apul,8.07027560530055,8.806861768472153,8.223450539049802,8.258286608059237,0.7365861631716033,0.15317493374925206,0.5485751604129163,-0.03483606900943492,0.7365861631716033,0.15317493374925206
FUN_004093,OG_00842,apul,0.38604147608317135,0.41299407255021053,0.4661276708272595,0.579916450457564,0.02695259646703918,0.08008619474408812,-0.16692237790735348,-0.11378877963030454,0.02695259646703918,0.08008619474408812
FUN_004094,OG_00843,apul,7.72038978794806,8.68205363606702,7.874723653230495,7.920333651758701,0.9616638481189597,0.1543338652824353,0.7617199843083187,-0.045609998528205686,0.9616638481189597,0.1543338652824353
FUN_004455,OG_01023,apul,1.65184200569041,1.574696783724632,1.6486355773892425,1.7213471412438652,-0.077145221965778,-0.0032064283011674632,-0.14665035751923328,-0.07271156385462274,0.077145221965778,0.0032064283011674632
FUN_004661,OG_01117,apul,0.8910121681291051,0.977893083147749,0.9336039739010332,1.0596552681205529,0.08688091501864392,0.042591805771928115,-0.08176218497280385,-0.12605129421951966,0.08688091501864392,0.042591805771928115
FUN_004684,OG_01121,apul,0.542640171652813,0.45184504896097494,0.44258186479994366,0.4483633320829811,-0.09079512269183804,-0.10005830685286932,0.0034817168779938124,-0.005781467283037467,0.09079512269183804,0.10005830685286932
FUN_004740,OG_01147,apul,7.756827511728643,8.079580726393347,8.422073145909131,6.492208719272784,0.3227532146647043,0.6652456341804882,1.587372007120563,1.929864426636347,0.3227532146647043,0.6652456341804882
FUN_004759,OG_10675,apul,16.027735861599123,17.484240653581214,16.20582211825123,16.38317982395902,1.4565047919820913,0.17808625665210798,1.1010608296221953,-0.17735770570778797,1.4565047919820913,0.17808625665210798
FUN_004766,OG_01155,apul,3.6096090010218065,4.208073614197614,3.3917276982063793,3.7860261915552242,0.5984646131758078,-0.21788130281542717,0.42204742264239004,-0.3942984933488449,0.5984646131758078,0.21788130281542717
FUN_004816,OG_01177,apul,3.1324963320986443,3.268853538884795,3.126239418002609,3.121048133742167,0.1363572067861507,-0.006256914096035349,0.14780540514262785,0.0051912842604417975,0.1363572067861507,0.006256914096035349
FUN_004871,OG_10681,apul,1.7034283612755672,1.721488228296447,1.7136390739586662,1.8313168447886703,0.018059867020879805,0.010210712683099032,-0.10982861649222331,-0.11767777083000408,0.018059867020879805,0.010210712683099032
FUN_004905,OG_01223,apul,0.7356095976922846,0.6678254296480635,0.7129471378314352,0.6852969291598163,-0.06778416804422116,-0.02266245986084947,-0.017471499511752864,0.027650208671618826,0.06778416804422116,0.02266245986084947
FUN_005057,OG_01277,apul,42.80980558977794,46.654807443672105,43.857656441450494,44.346123954222996,3.8450018538941677,1.0478508516725569,2.308683489449109,-0.4884675127725018,3.8450018538941677,1.0478508516725569
FUN_005175,OG_01312,apul,0.6975840751129065,0.6157630575377548,0.5790049382637719,0.6437183206010487,-0.0818210175751517,-0.11857913684913468,-0.027955263063293878,-0.06471338233727686,0.0818210175751517,0.11857913684913468
FUN_005182,OG_01317,apul,0.9812624659318935,0.9879402138458078,1.0238193024245124,1.0751437219541617,0.006677747913914289,0.04255683649261888,-0.08720350810835398,-0.05132441952964939,0.006677747913914289,0.04255683649261888
FUN_005265,OG_01353,apul,0.7721190190662426,0.7517030820941494,0.6733752166236893,0.5400760667784081,-0.020415936972093207,-0.09874380244255332,0.21162701531574124,0.13329914984528113,0.020415936972093207,0.09874380244255332
FUN_005266,OG_14012,apul,0.6730314998224728,0.7241002312671561,0.6691756821279389,0.8145118174110872,0.05106873144468327,-0.003855817694533914,-0.09041158614393119,-0.14533613528314837,0.05106873144468327,0.003855817694533914
FUN_005267,OG_01354,apul,3.248514494287604,3.6596683874697655,3.477747112583144,4.085119526485261,0.41115389318216167,0.2292326182955402,-0.4254511390154958,-0.6073724139021173,0.41115389318216167,0.2292326182955402
FUN_005352,OG_01384,apul,0.711908987945178,0.7349615642823796,0.6441391251605404,0.6782619783985022,0.02305257633720159,-0.06776986278463759,0.05669958588387736,-0.034122853237961825,0.02305257633720159,0.06776986278463759
FUN_005720,OG_01414,apul,1.3476269910555085,1.366039723702678,1.3745276584523598,1.3128073448562283,0.018412732647169472,0.026900667396851263,0.05323237884644971,0.061720313596131504,0.018412732647169472,0.026900667396851263
FUN_005906,OG_14037,apul,0.6635365579874072,0.8652713161284545,0.6517860415507295,0.7898027068318063,0.20173475814104735,-0.011750516436677683,0.07546860929664823,-0.1380166652810768,0.20173475814104735,0.011750516436677683
FUN_005907,OG_14038,apul,30.462799256988955,32.486907645174725,30.938407174031322,30.797014716290963,2.0241083881857698,0.4756079170423675,1.6898929288837614,0.14139245774035913,2.0241083881857698,0.4756079170423675
FUN_005908,OG_01452,apul,33.4928332113526,35.74492549673402,33.176195940497074,33.46395296740419,2.2520922853814227,-0.31663727085552296,2.28097252932983,-0.2877570269071157,2.2520922853814227,0.31663727085552296
FUN_006038,OG_01475,apul,0.8586328931084198,0.7292894337308453,0.9213600524454879,0.8632785919405997,-0.12934345937757452,0.06272715933706807,-0.13398915820975443,0.05808146050488816,0.12934345937757452,0.06272715933706807
FUN_006135,OG_10758,apul,1.117709572906062,1.1977944681944444,1.1228598905295566,1.158038060952723,0.08008489528838236,0.005150317623494605,0.03975640724172136,-0.0351781704231664,0.08008489528838236,0.005150317623494605
FUN_006140,OG_10759,apul,0.6295309015852057,0.7618853396825397,1.0220916431952827,0.8466033048939471,0.13235443809733394,0.3925607416100769,-0.0847179652114074,0.1754883383013356,0.13235443809733394,0.3925607416100769
FUN_006162,OG_01486,apul,0.7648801416654678,0.8036794565566105,0.9043789301299574,0.6664538583609072,0.038799314891142744,0.1394987884644896,0.13722559819570335,0.2379250717690502,0.038799314891142744,0.1394987884644896
FUN_006165,OG_01489,apul,3.9737854536947594,4.159485052899044,3.898349827749396,3.8837553708619725,0.18569959920428492,-0.07543562594536324,0.2757296820370718,0.014594456887423668,0.18569959920428492,0.07543562594536324
FUN_006473,OG_14066,apul,10.74072712805473,11.449433089723875,11.232382688785549,10.554993333105985,0.7087059616691462,0.49165556073081973,0.8944397566178903,0.6773893556795638,0.7087059616691462,0.49165556073081973
FUN_006613,OG_01579,apul,26.26813111827323,28.68891269701803,26.949834964147016,26.335653271952538,2.4207815787447977,0.6817038458737841,2.3532594250654917,0.614181692194478,2.4207815787447977,0.6817038458737841
FUN_006652,OG_01608,apul,3.4787380655027467,3.683684929586634,3.685373154330177,3.672439557144375,0.20494686408388718,0.2066350888274302,0.011245372442258983,0.012933597185802004,0.20494686408388718,0.2066350888274302
FUN_006656,OG_01611,apul,0.5818906690572274,0.4282171595853031,0.4012463106969907,0.42118940534705407,-0.15367350947192432,-0.18064435836023673,0.007027754238249029,-0.019943094650063387,0.15367350947192432,0.18064435836023673
FUN_006744,OG_01630,apul,6.124034099902591,6.55654946333355,6.095531756418938,6.154574949880305,0.43251536343095864,-0.02850234348365266,0.4019745134532444,-0.05904319346136688,0.43251536343095864,0.02850234348365266
FUN_006888,OG_10811,apul,0.5116252081597222,0.48409510781475473,0.528474750392316,0.4079715606184614,-0.0275301003449675,0.016849542232593717,0.07612354719629333,0.12050318977385455,0.0275301003449675,0.016849542232593717
FUN_006894,OG_10812,apul,0.5917089690703171,0.5212574529757991,0.582779664467299,0.5010688732084155,-0.07045151609451805,-0.008929304603018107,0.02018857976738353,0.08171079125888348,0.07045151609451805,0.008929304603018107
FUN_006930,OG_10818,apul,1.0662793361185985,1.0487265578538485,1.0101806596194194,1.083753714014076,-0.01755277826474999,-0.0560986764991791,-0.03502715616022756,-0.07357305439465667,0.01755277826474999,0.0560986764991791
FUN_007013,OG_01724,apul,0.7891106420433923,0.7067863545534422,0.7855000258757724,0.8465552557031447,-0.08232428748995013,-0.003610616167619929,-0.13976890114970253,-0.061055229827372326,0.08232428748995013,0.003610616167619929
FUN_007019,OG_01727,apul,1.1425185424355158,0.939576211452133,0.9577660911042021,0.9282015720388677,-0.20294233098338277,-0.18475245133131368,0.01137463941326533,0.029564519065334416,0.20294233098338277,0.18475245133131368
FUN_007068,OG_14094,apul,7.846878542292769,8.457702121266902,8.12700445398883,8.146597017297177,0.6108235789741325,0.2801259116960608,0.3111051039697248,-0.01959256330834691,0.6108235789741325,0.2801259116960608
FUN_007073,OG_01747,apul,0.635274058787478,0.3246425665476191,0.6282216279320987,0.5109581515520282,-0.3106314922398589,-0.007052430855379321,-0.1863155850044091,0.11726347638007051,0.3106314922398589,0.007052430855379321
FUN_007075,OG_01748,apul,1.2988668049122547,1.5292663784297054,1.1887582711155478,1.3993634046238788,0.23039957351745066,-0.11010853379670693,0.1299029738058266,-0.210605133508331,0.23039957351745066,0.11010853379670693
FUN_007094,OG_01753,apul,1.4943592983690113,1.1918710482670745,0.9805139821319354,1.0927129456239988,-0.3024882501019368,-0.5138453162370759,0.09915810264307567,-0.11219896349206337,0.3024882501019368,0.5138453162370759
FUN_007101,OG_01758,apul,0.43614861911363295,0.38425005280744695,0.4282586258210948,0.49660759808114524,-0.051898566306186,-0.007889993292538144,-0.11235754527369829,-0.06834897226005043,0.051898566306186,0.007889993292538144
FUN_007154,OG_01781,apul,0.8254871292810717,0.793976003726732,0.8502678125337136,0.8237344082134014,-0.03151112555433966,0.024780683252641933,-0.029758404486669332,0.02653340432031226,0.03151112555433966,0.024780683252641933
FUN_007178,OG_10838,apul,0.5709589965301807,0.5160106488685671,0.4921725630444335,0.6977135332344703,-0.054948347661613606,-0.07878643348574715,-0.1817028843659032,-0.20554097019003675,0.054948347661613606,0.07878643348574715
FUN_007651,OG_14100,apul,0.47179299865079366,0.4641240371108551,0.5690105478213006,0.5333488874475166,-0.007668961539938568,0.0972175491705069,-0.06922485033666154,0.03566166037378393,0.007668961539938568,0.0972175491705069
FUN_008088,OG_01981,apul,1.7489722621256363,2.1379493146722446,1.7804670256219115,1.628274478113769,0.3889770525466083,0.031494763496275224,0.5096748365584756,0.15219254750814248,0.3889770525466083,0.031494763496275224
FUN_008089,OG_10907,apul,0.8284955385092889,0.8965538536881795,0.8464543801057776,0.6502121258568111,0.0680583151788906,0.01795884159648864,0.24634172783136843,0.19624225424896646,0.0680583151788906,0.01795884159648864
FUN_008110,OG_01999,apul,0.619739202864242,0.6183459078891801,0.6000518292158148,0.4597743149228192,-0.0013932949750619095,-0.01968737364842721,0.15857159296636086,0.14027751429299556,0.0013932949750619095,0.01968737364842721
FUN_008111,OG_02000,apul,2.588653077602609,2.834349761301156,2.64980169641072,2.629129910748129,0.2456966836985468,0.06114861880811073,0.20521985055302672,0.020671785662590647,0.2456966836985468,0.06114861880811073
FUN_008185,OG_02012,apul,17.78246669466285,18.873948187006278,18.83354828274886,17.86486599860957,1.0914814923434264,1.05108158808601,1.0090821883967074,0.968682284139291,1.0914814923434264,1.05108158808601
FUN_008285,OG_02070,apul,1.456579032727944,1.4967248444868955,1.4219065551328904,1.3025872022997416,0.04014581175895149,-0.03467247759505354,0.1941376421871539,0.11931935283314887,0.04014581175895149,0.03467247759505354
FUN_008314,OG_02088,apul,2.760579151472469,2.889433558353683,2.6110264256875397,3.12515117081371,0.12885440688121408,-0.1495527257849294,-0.23571761246002687,-0.5141247451261703,0.12885440688121408,0.1495527257849294
FUN_008320,OG_14140,apul,1.3012791436395097,1.2489012248570677,1.1629894748294842,1.2648966593501592,-0.05237791878244202,-0.13828966881002547,-0.015995434493091487,-0.10190718452067493,0.05237791878244202,0.13828966881002547
FUN_008328,OG_02090,apul,0.9024473589201049,0.7501988792281414,0.738319579497968,0.8472792363253526,-0.15224847969196342,-0.16412777942213685,-0.09708035709721119,-0.10895965682738462,0.15224847969196342,0.16412777942213685
FUN_008381,OG_02102,apul,3.7317411646420475,4.10897256897372,3.9421267203484374,3.86499817713901,0.3772314043316727,0.21038555570638984,0.24397439183471015,0.0771285432094273,0.3772314043316727,0.21038555570638984
FUN_008418,OG_02124,apul,41.831296531722295,43.864084331681596,42.30444104992708,41.656576815328656,2.0327877999593014,0.47314451820478354,2.2075075163529405,0.6478642345984227,2.0327877999593014,0.47314451820478354
FUN_008453,OG_02146,apul,9.941149204930369,10.594050081016022,10.654659941475742,10.437592302156334,0.6529008760856527,0.7135107365453734,0.15645777885968748,0.2170676393194082,0.6529008760856527,0.7135107365453734
FUN_008456,OG_02148,apul,0.6185850460704482,0.5558386744442381,0.581546580176275,0.6474411228460999,-0.0627463716262101,-0.037038465894173145,-0.09160244840186182,-0.06589454266982486,0.0627463716262101,0.037038465894173145
FUN_008461,OG_10936,apul,0.8327527785250008,0.776628289790287,0.6913649905970777,0.6636424770997582,-0.05612448873471387,-0.14138778792792317,0.11298581269052876,0.027722513497319468,0.05612448873471387,0.14138778792792317
FUN_008465,OG_10937,apul,0.536798716531808,0.41496180058981275,0.4965551762331039,0.5061781539806548,-0.12183691594199525,-0.040243540298704084,-0.09121635339084205,-0.009622977747550887,0.12183691594199525,0.040243540298704084
FUN_008469,OG_02149,apul,0.3588991773357184,0.27530753940085534,0.40379543398717005,0.2635585961859528,-0.08359163793486307,0.04489625665145164,0.011748943214902552,0.14023683780121726,0.08359163793486307,0.04489625665145164
FUN_008474,OG_10938,apul,0.540029116010025,0.5429892058287386,0.4562388263350042,0.4744851655806182,0.0029600898187135405,-0.08379028967502083,0.06850404024812035,-0.01824633924561403,0.0029600898187135405,0.08379028967502083
FUN_008499,OG_02163,apul,1.6508847472334056,1.7341909945645744,1.5468021224945887,1.7077910748621934,0.08330624733116876,-0.10408262473881691,0.02639991970238098,-0.1609889523676047,0.08330624733116876,0.10408262473881691
FUN_008525,OG_02176,apul,2.978919085517234,3.2621622621729425,3.182365883520515,2.9309575867077107,0.2832431766557084,0.2034467980032808,0.3312046754652318,0.2514082968128042,0.2832431766557084,0.2034467980032808
FUN_008537,OG_02184,apul,27.104672370647418,28.864906558397905,27.44729523876703,27.012818579040122,1.7602341877504877,0.3426228681196122,1.8520879793577834,0.43447665972690785,1.7602341877504877,0.3426228681196122
FUN_008540,OG_02186,apul,0.8298221339689185,0.8752083614006608,0.7613687754447672,0.783503733235551,0.045386227431742365,-0.06845335852415124,0.09170462816510982,-0.022134957790783782,0.045386227431742365,0.06845335852415124
FUN_008544,OG_02190,apul,50.78244130656482,54.53043915534337,50.255956248982706,51.399401252371774,3.747997848778553,-0.5264850575821143,3.131037902971599,-1.1434450033890684,3.747997848778553,0.5264850575821143
FUN_008614,OG_02219,apul,5.99348074028727,6.31341795575894,6.0286824925931946,5.819779982088621,0.3199372154716702,0.03520175230592493,0.49363797367031914,0.20890251050457387,0.3199372154716702,0.03520175230592493
FUN_008615,OG_02220,apul,8.113612303530502,8.413828967299821,7.979282992481583,7.844363250080649,0.3002166637693193,-0.1343293110489192,0.5694657172191722,0.13491974240093363,0.3002166637693193,0.1343293110489192
FUN_008707,OG_02260,apul,2.1610485451466412,2.3530173494430313,2.170285980221139,2.3211904087941373,0.19196880429639007,0.009237435074497924,0.03182694064889402,-0.15090442857299813,0.19196880429639007,0.009237435074497924
FUN_008708,OG_14156,apul,0.265419961136991,0.4370672108997585,0.4880622686723602,0.46441802160326084,0.17164724976276746,0.22264230753536918,-0.02735081070350237,0.023644247069099344,0.17164724976276746,0.22264230753536918
FUN_008719,OG_14158,apul,0.38858282905431246,0.46388106447695543,0.3355699427639128,0.4585018920348059,0.07529823542264297,-0.053012886290399686,0.005379172442149527,-0.12293194927089313,0.07529823542264297,0.053012886290399686
FUN_008907,OG_02316,apul,1.114613994803322,1.3403018448141641,1.3546786920472287,1.209872187793824,0.22568785001084213,0.24006469724390667,0.13042965702034004,0.14480650425340458,0.22568785001084213,0.24006469724390667
FUN_008908,OG_02317,apul,4.6695545480504315,4.735359514148673,4.600350459066209,4.448878143995185,0.06580496609824138,-0.0692040889842227,0.2864813701534876,0.15147231507102354,0.06580496609824138,0.0692040889842227
FUN_008961,OG_02358,apul,0.537760318484127,0.3942129172414021,0.46099432855291006,0.4994447107513228,-0.14354740124272486,-0.07676598993121692,-0.10523179350992068,-0.038450382198412736,0.14354740124272486,0.07676598993121692
FUN_008998,OG_10988,apul,0.8281237933552159,0.567152736845973,0.4650216691096741,0.5213648227611208,-0.2609710565092429,-0.36310212424554184,0.045787914084852166,-0.056343153651446765,0.2609710565092429,0.36310212424554184
FUN_009228,OG_02408,apul,8.771999841517857,11.226747739880953,4.524415434821429,6.946928459821429,2.4547478983630953,-4.247584406696428,4.279819280059524,-2.4225130249999998,2.4547478983630953,4.247584406696428
FUN_009387,OG_11017,apul,0.4371551770253556,0.35552318764687696,0.37400332908163264,0.39705033484848484,-0.08163198937847865,-0.06315184794372297,-0.041527147201607884,-0.023047005766852202,0.08163198937847865,0.06315184794372297
FUN_009407,OG_11019,apul,0.6420139241024188,0.4209729987693689,0.5228421423634732,0.7067449609386811,-0.22104092533304986,-0.1191717817389456,-0.2857719621693122,-0.18390281857520796,0.22104092533304986,0.1191717817389456
FUN_009432,OG_14180,apul,0.1493192777777778,0.3400673406349206,0.18494468412698412,0.6799649551587302,0.19074806285714282,0.03562540634920633,-0.3398976145238096,-0.4950202710317461,0.19074806285714282,0.03562540634920633
FUN_009459,OG_02439,apul,6.529562166718678,5.604331482896055,5.595869647314686,5.520335321600015,-0.9252306838226234,-0.9336925194039924,0.0839961612960396,0.07553432571467056,0.9252306838226234,0.9336925194039924
FUN_009692,OG_11038,apul,1.6945293878571426,2.7960854600595235,2.147375381517857,1.8412414439484128,1.101556072202381,0.45284599366071454,0.9548440161111107,0.3061339375694443,1.101556072202381,0.45284599366071454
FUN_009861,OG_14189,apul,0.41914499326319676,0.3468202718823059,0.3905679298911037,0.42021137728559127,-0.07232472138089086,-0.028577063372093037,-0.07339110540328536,-0.029643447394487543,0.07232472138089086,0.028577063372093037
FUN_010559,OG_11074,apul,0.7027364393306672,0.7117148598307291,0.8411783030552455,0.797684482452877,0.008978420500061923,0.13844186372457834,-0.08596962262214791,0.043493820602368505,0.008978420500061923,0.13844186372457834
FUN_010569,OG_14206,apul,0.296836766939858,0.32575541458283475,0.44747405972920157,0.4446862431482811,0.028918647642976747,0.15063729278934357,-0.11893082856544634,0.002787816580920477,0.028918647642976747,0.15063729278934357
FUN_010620,OG_02537,apul,1.1000633019299504,1.021601277445331,0.922978256289753,1.022931124822695,-0.07846202448461947,-0.17708504564019734,-0.0013298473773641906,-0.09995286853294205,0.07846202448461947,0.17708504564019734
FUN_010649,OG_11084,apul,0.33933398938492065,0.2974913552091207,0.36502894719072815,0.4426753843757873,-0.041842634175799975,0.025694957805807495,-0.14518402916666662,-0.07764643718505915,0.041842634175799975,0.025694957805807495
FUN_010760,OG_02619,apul,0.7423419242772109,0.7501525918853256,0.6797658149275185,0.7594694998056365,0.007810667608114663,-0.06257610934969238,-0.009316907920310924,-0.07970368487811796,0.007810667608114663,0.06257610934969238
FUN_010885,OG_02666,apul,1.1412383823415562,1.1826435965207631,1.077166746543668,0.9806244003412813,0.04140521417920695,-0.0640716357978881,0.20201919617948183,0.09654234620238678,0.04140521417920695,0.0640716357978881
FUN_010950,OG_02690,apul,0.6225730016813265,0.6081864582125165,0.6542994806505915,0.5226012180062684,-0.014386543468809965,0.03172647896926506,0.08558524020624814,0.13169826264432316,0.014386543468809965,0.03172647896926506
FUN_011916,OG_11156,apul,0.9433748764915162,0.643568702383233,0.7225240308748404,0.92936344201788,-0.29980617410828314,-0.22085084561667578,-0.28579473963464697,-0.2068394111430396,0.29980617410828314,0.22085084561667578
FUN_012010,OG_14257,apul,1.278317241754299,1.2827877550330689,1.148606893106812,0.8333369370684524,0.004470513278769905,-0.12971034864748687,0.4494508179646165,0.3152699560383597,0.004470513278769905,0.12971034864748687
FUN_012011,OG_02924,apul,0.8750674832757166,0.8860439552212159,0.8380834231027039,0.7089907542863635,0.010976471945499333,-0.0369840601730127,0.17705320093485244,0.1290926688163404,0.010976471945499333,0.0369840601730127
FUN_012040,OG_02935,apul,0.6535088944627796,0.4848025683351669,0.5655461990085913,0.7765559271779559,-0.16870632612761272,-0.08796269545418833,-0.29175335884278897,-0.21100972816936459,0.16870632612761272,0.08796269545418833
FUN_012114,OG_11171,apul,1.1062554242365836,1.1908041800869238,1.0345512854875283,0.9850754565986395,0.08454875585034016,-0.07170413874905535,0.2057287234882843,0.049475828888888795,0.08454875585034016,0.07170413874905535
FUN_012114,OG_14262,apul,1.1062554242365836,1.1908041800869238,1.0345512854875283,0.9850754565986395,0.08454875585034016,-0.07170413874905535,0.2057287234882843,0.049475828888888795,0.08454875585034016,0.07170413874905535
FUN_012126,OG_02967,apul,1.0593210261904762,1.3537996083983306,1.127392113964149,1.2512031167077178,0.2944785822078544,0.06807108777367277,0.1025964916906128,-0.12381100274356882,0.2944785822078544,0.06807108777367277
FUN_012375,OG_14276,apul,16.691086529212274,17.674857131176132,16.77908379664141,17.064020623050176,0.9837706019638581,0.0879972674291345,0.6108365081259564,-0.2849368264087673,0.9837706019638581,0.0879972674291345
FUN_012397,OG_11215,apul,0.4969304532425282,0.4756302452452453,0.6750111058129559,0.5351497588588588,-0.02130020799728294,0.17808065257042766,-0.05951951361361357,0.13986134695409702,0.02130020799728294,0.17808065257042766
FUN_012397,OG_14279,apul,0.4969304532425282,0.4756302452452453,0.6750111058129559,0.5351497588588588,-0.02130020799728294,0.17808065257042766,-0.05951951361361357,0.13986134695409702,0.02130020799728294,0.17808065257042766
FUN_012572,OG_11234,apul,0.6841952940795476,0.7141370591611932,0.7274078533479292,0.6568901360267286,0.029941765081645588,0.043212559268381634,0.057246923134464556,0.0705177173212006,0.029941765081645588,0.043212559268381634
FUN_012614,OG_14295,apul,1.817609881278764,1.711882629942707,2.03331988388748,1.996611050976801,-0.10572725133605698,0.2157100026087162,-0.2847284210340939,0.03670883291067928,0.10572725133605698,0.2157100026087162
FUN_012656,OG_11245,apul,2.2993422410599376,2.953917774384078,2.3347948481277196,2.8117753646151256,0.6545755333241403,0.03545260706778208,0.14214240976895232,-0.4769805164874059,0.6545755333241403,0.03545260706778208
FUN_013132,OG_11291,apul,0.8203794416374883,0.8689585841386555,0.7502917080590569,0.7679699860965219,0.04857914250116713,-0.07008773357843145,0.10098859804213356,-0.017678278037465023,0.04857914250116713,0.07008773357843145
FUN_013133,OG_11292,apul,0.66333533993994,0.5155367589308696,0.4979924994606852,0.5910207430716431,-0.1477985810090704,-0.1653428404792548,-0.07548398414077351,-0.0930282436109579,0.1477985810090704,0.1653428404792548
FUN_013135,OG_03267,apul,0.45404387124965595,0.6069717616340949,0.42470125510597306,0.3412831940934948,0.152927890384439,-0.029342616143682887,0.26568856754060016,0.08341806101247828,0.152927890384439,0.029342616143682887
FUN_013137,OG_03268,apul,0.943115595925926,0.8731293213123994,1.0521447906004142,1.0729816799355878,-0.06998627461352658,0.10902919467448824,-0.1998523586231884,-0.02083688933517358,0.06998627461352658,0.10902919467448824
FUN_013138,OG_03269,apul,0.5296232875493613,0.6788782045005807,0.29061589003290744,0.403045728393341,0.1492549169512194,-0.23900739751645383,0.27583247610723965,-0.11242983836043358,0.1492549169512194,0.23900739751645383
FUN_013139,OG_03270,apul,1.7721161263395484,1.80809046164861,1.9286436237906273,1.7981565717099186,0.03597433530906158,0.15652749745107886,0.009933889938691376,0.13048705208070865,0.03597433530906158,0.15652749745107886
FUN_013328,OG_11296,apul,1.7316463361553391,1.9929133004127968,1.8614975628016117,1.8994793416838665,0.26126696425745766,0.12985122664627258,0.09343395872893034,-0.037981778882254735,0.26126696425745766,0.12985122664627258
FUN_013328,OG_14322,apul,1.7316463361553391,1.9929133004127968,1.8614975628016117,1.8994793416838665,0.26126696425745766,0.12985122664627258,0.09343395872893034,-0.037981778882254735,0.26126696425745766,0.12985122664627258
FUN_013329,OG_03288,apul,0.8702884024567157,0.9277767200859477,0.8083484426975432,0.9869608491846139,0.05748831762923201,-0.061939959759172436,-0.059184129098666216,-0.17861240648707066,0.05748831762923201,0.061939959759172436
FUN_013330,OG_03289,apul,0.6640124397500551,0.7225785691840279,0.7043461082740852,0.7909856536733906,0.05856612943397277,0.040333668524030086,-0.06840708448936272,-0.0866395453993054,0.05856612943397277,0.040333668524030086
FUN_013350,OG_03291,apul,1.070573770130079,0.9705596298415763,1.1988633715220323,0.980100174288319,-0.10001414028850275,0.12828960139195322,-0.009540544446742683,0.2187631972337133,0.10001414028850275,0.12828960139195322
FUN_013365,OG_03298,apul,40.568080802164644,43.12544657561314,41.13474224549486,41.41842180104264,2.5573657734484954,0.5666614433302186,1.707024774570499,-0.2836795555477778,2.5573657734484954,0.5666614433302186
FUN_013421,OG_03330,apul,0.7852383323811805,0.8663054409174876,0.8080410481584108,0.8143299291267561,0.08106710853630716,0.022802715777230365,0.051975511790731566,-0.006288880968345234,0.08106710853630716,0.022802715777230365
FUN_013484,OG_11307,apul,26.862835010879166,30.440766652308298,26.337057226310645,27.811746721241338,3.5779316414291316,-0.5257777845685219,2.62901993106696,-1.4746894949306935,3.5779316414291316,0.5257777845685219
FUN_014485,OG_03429,apul,0.7400698023945578,0.40552672234693876,0.3422605818730159,0.5133492417959183,-0.334543080047619,-0.3978092205215419,-0.10782251944897958,-0.17108865992290245,0.334543080047619,0.3978092205215419
FUN_014525,OG_03451,apul,31.105613114939025,33.56637085777197,31.64593998389792,31.483735853329463,2.4607577428329463,0.5403268689588963,2.0826350044425084,0.16220413056845828,2.4607577428329463,0.5403268689588963
FUN_014580,OG_14365,apul,0.37557252531064617,0.2971318233225108,0.21775291698733365,0.38832973802709636,-0.07844070198813535,-0.15781960832331252,-0.09119791470458555,-0.1705768210397627,0.07844070198813535,0.15781960832331252
FUN_014581,OG_11359,apul,0.3665998954766242,0.3184492855733368,0.2788623143052303,0.26756305760690435,-0.0481506099032874,-0.08773758117139391,0.05088622796643244,0.011299256698325932,0.0481506099032874,0.08773758117139391
FUN_014582,OG_11360,apul,0.5130118757170704,0.49707929191961386,0.5227734046830038,0.4333439663487422,-0.015932583797456545,0.009761528965933408,0.06373532557087164,0.08942943833426159,0.015932583797456545,0.009761528965933408
FUN_014586,OG_03484,apul,5.201327721426622,5.558789912860263,5.674439711684412,5.331463347869622,0.35746219143364133,0.4731119902577907,0.22732656499064063,0.34297636381479,0.35746219143364133,0.4731119902577907
FUN_014688,OG_11365,apul,0.5198408433536539,0.6371092237385936,0.6529551210662525,0.43172045755310173,0.1172683803849397,0.13311427771259865,0.20538876618549184,0.2212346635131508,0.1172683803849397,0.13311427771259865
FUN_014813,OG_14380,apul,0.42008225804711086,0.44639736472513675,0.4675950225174125,0.4233769281282695,0.02631510667802589,0.047512764470301616,0.023020436596867255,0.04421809438914298,0.02631510667802589,0.047512764470301616
FUN_014816,OG_03626,apul,0.622124768139561,0.6269639150041603,0.6511846490079365,0.6538140633008512,0.0048391468645992974,0.02905988086837552,-0.026850148296690968,-0.0026294142929147446,0.0048391468645992974,0.02905988086837552
FUN_014817,OG_11379,apul,24.637018851227268,25.278455797337855,25.931977282782334,22.76393919305512,0.6414369461105878,1.2949584315550666,2.5145166042827363,3.168038089727215,0.6414369461105878,1.2949584315550666
FUN_014817,OG_14381,apul,24.637018851227268,25.278455797337855,25.931977282782334,22.76393919305512,0.6414369461105878,1.2949584315550666,2.5145166042827363,3.168038089727215,0.6414369461105878,1.2949584315550666
FUN_014819,OG_14382,apul,0.37426398477305156,0.4729621617188336,0.3910215123929909,0.4283515537988229,0.09869817694578203,0.016757527619939316,0.0446106079200107,-0.037330041405832015,0.09869817694578203,0.016757527619939316
FUN_014830,OG_11380,apul,0.7081665398657718,0.6414675494348567,0.489777977815596,0.5785371729801854,-0.0666989904309151,-0.21838856205017582,0.06293037645467137,-0.08875919516458936,0.0666989904309151,0.21838856205017582
FUN_014831,OG_11381,apul,0.39729396926237165,0.49988195732493,0.22371555253267972,0.2427465726774043,0.10258798806255837,-0.17357841672969193,0.2571353846475257,-0.019031020144724575,0.10258798806255837,0.17357841672969193
FUN_014844,OG_03628,apul,3.12631691435223,3.2371094101723354,3.17130318935223,3.0651399218329556,0.11079249582010542,0.04498627499999985,0.17196948833937986,0.1061632675192743,0.11079249582010542,0.04498627499999985
FUN_014916,OG_03671,apul,0.5692104851951556,0.47992837518478637,0.4145939476463003,0.442557125081758,-0.08928211001036923,-0.1546165375488553,0.037371250103028386,-0.027963177435457676,0.08928211001036923,0.1546165375488553
FUN_014924,OG_03673,apul,11.167222505712633,11.834539349554323,11.561576411315537,11.10177608631704,0.6673168438416894,0.3943539056029035,0.7327632632372829,0.459800324998497,0.6673168438416894,0.3943539056029035
FUN_015110,OG_03780,apul,5.137964686999567,5.52063572351292,5.549710046552156,5.283958913746005,0.38267103651335344,0.4117453595525893,0.23667680976691496,0.2657511328061508,0.38267103651335344,0.4117453595525893
FUN_015312,OG_11419,apul,8.38221678672178,10.334464750871915,8.900832769454365,9.184189371223544,1.9522479641501338,0.5186159827325838,1.1502753796483702,-0.28335660176917976,1.9522479641501338,0.5186159827325838
FUN_015320,OG_11420,apul,1.5077467255157395,1.7904458847148736,1.2392798362634279,1.4915545592726203,0.28269915919913413,-0.26846688925231166,0.2988913254422534,-0.2522747230091924,0.28269915919913413,0.26846688925231166
FUN_015337,OG_14407,apul,14.125653703017793,15.53576763483583,14.19073213798323,14.390351536349526,1.410113931818037,0.06507843496543764,1.1454160984863044,-0.19961939836629483,1.410113931818037,0.06507843496543764
FUN_015341,OG_03850,apul,0.6353358033959615,0.4935158098018573,0.4055119176519814,0.6918881818810064,-0.14181999359410424,-0.2298238857439801,-0.19837237207914915,-0.286376264229025,0.14181999359410424,0.2298238857439801
FUN_015348,OG_11423,apul,0.637221480970584,0.5111869178729188,0.4429580291150915,0.5297004601123732,-0.12603456309766514,-0.19426345185549243,-0.01851354223945434,-0.08674243099728163,0.12603456309766514,0.19426345185549243
FUN_015348,OG_14408,apul,0.637221480970584,0.5111869178729188,0.4429580291150915,0.5297004601123732,-0.12603456309766514,-0.19426345185549243,-0.01851354223945434,-0.08674243099728163,0.12603456309766514,0.19426345185549243
FUN_015349,OG_03856,apul,0.5616044226085704,0.40749564720650633,0.35461499691183407,0.4079820373277804,-0.15410877540206402,-0.20698942569673628,-0.00048639012127404957,-0.05336704041594631,0.15410877540206402,0.20698942569673628
FUN_015350,OG_03857,apul,0.5859431966197333,0.5867835333425618,0.5116760315074091,0.5488761686415652,0.0008403367228285719,-0.07426716511232412,0.03790736470099665,-0.03720013713415604,0.0008403367228285719,0.07426716511232412
FUN_015425,OG_11429,apul,0.6544286667512839,0.5712735709014162,0.49902451946778714,0.5477845128666745,-0.08315509584986769,-0.15540414728349672,0.02348905803474166,-0.04875999339888737,0.08315509584986769,0.15540414728349672
FUN_016356,OG_14455,apul,8.758165791964286,6.830040918849207,7.918310781746032,6.826806887896826,-1.9281248731150793,-0.8398550102182538,0.0032340309523810618,1.0915038938492065,1.9281248731150793,0.8398550102182538
FUN_016491,OG_04115,apul,32.907333490777944,35.19440373581349,34.16804322606233,31.71554471420718,2.287070245035544,1.2607097352843866,3.4788590216063078,2.4524985118551506,2.287070245035544,1.2607097352843866
FUN_016646,OG_04165,apul,15.578904998513632,16.509607781495767,15.904226045634921,15.977924596771473,0.9307027829821344,0.32532104712128884,0.5316831847242938,-0.07369855113655177,0.9307027829821344,0.32532104712128884
FUN_016791,OG_04209,apul,8.895020175771606,7.704842879078484,7.33417589420194,7.859296858068784,-1.1901772966931219,-1.5608442815696657,-0.15445397899029967,-0.5251209638668435,1.1901772966931219,1.5608442815696657
FUN_016803,OG_11541,apul,0.48917895442972065,0.38775927894311574,0.41702641011814984,0.36808784731738853,-0.10141967548660491,-0.07215254431157081,0.01967143162572721,0.04893856280076131,0.10141967548660491,0.07215254431157081
FUN_016836,OG_11543,apul,0.22799881082766438,0.4624347187717309,0.5118553188964474,0.3464433084693878,0.23443590794406655,0.28385650806878304,0.11599141030234311,0.1654120104270596,0.23443590794406655,0.28385650806878304
FUN_017759,OG_04238,apul,1.279758234774408,1.1301831325783585,1.1156858816988788,1.173866608065781,-0.14957510219604964,-0.16407235307552925,-0.04368347548742246,-0.05818072636690208,0.14957510219604964,0.16407235307552925
FUN_017765,OG_04243,apul,47.449524209075136,50.69854743164034,47.42592319068956,48.11556557116335,3.2490232225652065,-0.023601018385576822,2.582981860476991,-0.6896423804737921,3.2490232225652065,0.023601018385576822
FUN_017773,OG_04247,apul,19.603831208401566,21.97594047173023,19.9706919605042,20.275386301303598,2.372109263328664,0.36686075210263525,1.7005541704266314,-0.30469434079939717,2.372109263328664,0.36686075210263525
FUN_017790,OG_14500,apul,1.2594313891437536,1.2886333786220696,1.0081650666525537,1.3542911818157668,0.02920198947831598,-0.25126632249119996,-0.06565780319369718,-0.3461261151632131,0.02920198947831598,0.25126632249119996
FUN_017857,OG_14505,apul,15.992885597506813,17.223484930178774,16.333985788039122,16.634765113824756,1.2305993326719609,0.341100190532309,0.5887198163540184,-0.3007793257856335,1.2305993326719609,0.341100190532309
FUN_017932,OG_04327,apul,13.21891427454557,14.662265274266085,14.26261902977684,13.142153963532598,1.443350999720515,1.0437047552312695,1.520111310733487,1.1204650662442415,1.443350999720515,1.0437047552312695
FUN_017937,OG_14514,apul,20.154545077963792,21.767226406956844,20.99357064890873,20.91081511477289,1.6126813289930517,0.839025570944937,0.8564112921839531,0.08275553413583836,1.6126813289930517,0.839025570944937
FUN_017939,OG_04331,apul,1.4074089580397913,1.4721360578993623,1.362057757443647,1.263821144379213,0.06472709985957104,-0.04535120059614428,0.20831491352014941,0.0982366130644341,0.06472709985957104,0.04535120059614428
FUN_018031,OG_04372,apul,1.129056843865655,1.0486712963895057,1.079012626214121,0.9112145625308413,-0.08038554747614923,-0.050044217651533884,0.13745673385866441,0.16779806368327976,0.08038554747614923,0.050044217651533884
FUN_018032,OG_11615,apul,0.7005080042458733,0.6698292345317303,0.6029053512138421,0.5802269009726578,-0.030678769714143073,-0.0976026530320312,0.08960233355907243,0.02267845024118431,0.030678769714143073,0.0976026530320312
FUN_018528,OG_11642,apul,1.4913379403405236,1.3369446556505222,1.4179853632372037,1.3190275946489136,-0.15439328469000135,-0.07335257710331988,0.017917061001608614,0.09895776858829008,0.15439328469000135,0.07335257710331988
FUN_018547,OG_11644,apul,0.5536471143628748,0.6783941322958003,0.44022802103587966,0.5680945885637125,0.12474701793292542,-0.11341909332699518,0.11029954373208772,-0.12786656752783288,0.12474701793292542,0.11341909332699518
FUN_018798,OG_11653,apul,8.261199223123347,7.087212992774471,7.220673141294643,5.866156830605159,-1.1739862303488762,-1.0405260818287037,1.2210561621693117,1.3545163106894842,1.1739862303488762,1.0405260818287037
FUN_018864,OG_04443,apul,5.752839392073563,6.26307135741524,6.09267311894044,5.6574705980271425,0.5102319653416769,0.3398337268668774,0.6056007593880972,0.4352025209132977,0.5102319653416769,0.3398337268668774
FUN_018864,OG_14540,apul,5.752839392073563,6.26307135741524,6.09267311894044,5.6574705980271425,0.5102319653416769,0.3398337268668774,0.6056007593880972,0.4352025209132977,0.5102319653416769,0.3398337268668774
FUN_019026,OG_14547,apul,5.130150117970142,5.3112326024062115,3.7644354949489514,5.329688184580974,0.1810824844360699,-1.3657146230211903,-0.018455582174762064,-1.5652526896320222,0.1810824844360699,1.3657146230211903
FUN_019333,OG_14563,apul,6.28209643807838,6.33007135212937,4.66591209117258,5.117587914956168,0.047974914050990414,-1.6161843469057997,1.2124834371732023,-0.45167582378358784,0.047974914050990414,1.6161843469057997
FUN_019433,OG_04467,apul,0.40474145836874237,0.4036661712210012,0.3548703326556777,0.45740601404761905,-0.0010752871477411885,-0.04987112571306468,-0.05373984282661787,-0.10253568139194136,0.0010752871477411885,0.04987112571306468
FUN_022047,OG_04514,apul,0.8838995317958062,0.8669121280325863,0.9601607817537948,0.979462006209016,-0.016987403763219833,0.07626124995798866,-0.1125498781764297,-0.0193012244552212,0.016987403763219833,0.07626124995798866
FUN_022048,OG_04515,apul,1.2625123523437065,1.1606724690316068,0.9956093049303816,1.2113640463084794,-0.1018398833120997,-0.26690304741332493,-0.05069157727687257,-0.2157547413780978,0.1018398833120997,0.26690304741332493
FUN_022088,OG_11762,apul,0.9563034312439261,0.7919361300094868,0.9273953887500579,0.9792882998623259,-0.16436730123443932,-0.028908042493868247,-0.1873521698528391,-0.051892911112268014,0.16436730123443932,0.028908042493868247
FUN_022093,OG_04537,apul,0.920068336816763,0.786102850302185,0.9483233242129906,0.9245498415072724,-0.13396548651457807,0.02825498739622756,-0.1384469912050874,0.02377348270571822,0.13396548651457807,0.02825498739622756
FUN_022094,OG_04538,apul,1.3314566169323523,1.3339112460845426,1.38296674917399,1.30528974207882,0.002454629152190302,0.05151013224163781,0.028621504005722498,0.07767700709517,0.002454629152190302,0.05151013224163781
FUN_022095,OG_14588,apul,1.6753004800268818,2.12583297546723,1.8389868610560673,1.6798996508269328,0.45053249544034824,0.16368638102918553,0.4459333246402972,0.15908721022913452,0.45053249544034824,0.16368638102918553
FUN_022170,OG_04547,apul,14.826226021413634,15.85422944214749,14.61240129125945,14.573096955943937,1.0280034207338566,-0.21382473015418313,1.2811324862035534,0.03930433531551358,1.0280034207338566,0.21382473015418313
FUN_022199,OG_04560,apul,31.942850311846268,34.24644914748401,32.55664324944466,31.510980637200483,2.3035988356377395,0.6137929375983937,2.735468510283525,1.045662612244179,2.3035988356377395,0.6137929375983937
FUN_022386,OG_04651,apul,0.8522055965738218,0.9997698572315211,0.8573447189448986,0.9543015608090769,0.14756426065769934,0.005139122371076832,0.04546829642244421,-0.0969568418641783,0.14756426065769934,0.005139122371076832
FUN_022418,OG_11794,apul,1.1234323755656244,0.9755259001613954,1.0202054030309762,1.1395335575189527,-0.14790647540422897,-0.10322697253464819,-0.1640076573575573,-0.11932815448797651,0.14790647540422897,0.10322697253464819
FUN_022486,OG_04694,apul,46.35795340358399,48.847170255320336,46.268897837265676,46.36292660686813,2.4892168517363444,-0.08905556631831502,2.484243648452207,-0.09402876960245266,2.4892168517363444,0.08905556631831502
FUN_022489,OG_14612,apul,1.8352983501587303,2.0634709532168185,1.6543168726545086,2.2651539276832153,0.22817260305808817,-0.18098147750422178,-0.20168297446639682,-0.6108370550287068,0.22817260305808817,0.18098147750422178
FUN_022495,OG_04698,apul,5.095343029051213,5.08126104081172,6.097565945028112,4.5296019769681255,-0.014081988239492915,1.0022229159768994,0.5516590638435943,1.5679639680599866,0.014081988239492915,1.0022229159768994
FUN_022534,OG_11812,apul,0.5913628803435672,0.8597354783949457,0.7447285083792815,0.6385316169214703,0.2683725980513785,0.1533656280357143,0.22120386147347537,0.1061968914578112,0.2683725980513785,0.1533656280357143
FUN_022534,OG_14615,apul,0.5913628803435672,0.8597354783949457,0.7447285083792815,0.6385316169214703,0.2683725980513785,0.1533656280357143,0.22120386147347537,0.1061968914578112,0.2683725980513785,0.1533656280357143
FUN_022536,OG_11813,apul,0.42595760233291563,0.3027875928592314,0.5706378326566416,0.434319267537594,-0.12317000947368423,0.14468023032372596,-0.13153167467836258,0.1363185651190476,0.12317000947368423,0.14468023032372596
FUN_022586,OG_04723,apul,18.74420055717993,19.902308753864627,19.19146593118323,18.899559287224076,1.1581081966846973,0.447265374003301,1.0027494666405516,0.29190664395915533,1.1581081966846973,0.447265374003301
FUN_022642,OG_04756,apul,0.4728803152061793,0.4169913318236979,0.39708910329838354,0.4351622495024513,-0.05588898338248138,-0.07579121190779575,-0.018170917678753395,-0.038073146204067765,0.05588898338248138,0.07579121190779575
FUN_022669,OG_11831,apul,25.840318600142915,27.963338939408317,25.825420591684804,25.809711535749106,2.123020339265402,-0.014898008458111178,2.153627403659211,0.015709055935698046,2.123020339265402,0.014898008458111178
FUN_022669,OG_14623,apul,25.840318600142915,27.963338939408317,25.825420591684804,25.809711535749106,2.123020339265402,-0.014898008458111178,2.153627403659211,0.015709055935698046,2.123020339265402,0.014898008458111178
FUN_022676,OG_11833,apul,1.484143603525995,1.5957400995059812,1.8803890769191396,1.4536275055383023,0.11159649597998622,0.39624547339314464,0.14211259396767884,0.42676157138083726,0.11159649597998622,0.39624547339314464
FUN_022703,OG_04789,apul,14.750475969642858,15.898122383041226,15.234470643061067,15.40161247948633,1.147646413398368,0.48399467341820923,0.4965099035548963,-0.16714183642526237,1.147646413398368,0.48399467341820923
FUN_022718,OG_04799,apul,1.7160483579849224,1.9725338774864267,2.0376783199104334,1.9260115625644085,0.25648551950150433,0.32162996192551097,0.04652231492201819,0.11166675734602483,0.25648551950150433,0.32162996192551097
FUN_022724,OG_11839,apul,0.9978991706509002,0.7303120506738042,0.8269760333493129,1.0684924935549165,-0.26758711997709594,-0.17092313730158726,-0.33818044288111226,-0.24151646020560358,0.26758711997709594,0.17092313730158726
FUN_022760,OG_14626,apul,0.4380044288617091,0.539669507316808,0.6146173820537073,0.4229030041019787,0.10166507845509887,0.1766129531919982,0.11676650321482929,0.19171437795172863,0.10166507845509887,0.1766129531919982
FUN_022798,OG_14627,apul,0.7285031339308671,0.589964862492457,0.5540571212449167,0.6970618208320215,-0.13853827143841002,-0.1744460126859504,-0.10709695833956445,-0.14300469958710482,0.13853827143841002,0.1744460126859504
FUN_022874,OG_11852,apul,0.5551268972009291,0.48045113481610535,0.46363156204994194,0.48801543598722413,-0.07467576238482376,-0.09149533515098718,-0.007564301171118781,-0.024383873937282197,0.07467576238482376,0.09149533515098718
FUN_023107,OG_11870,apul,0.5050010020772947,0.4300507829822291,0.38935932812284335,0.37969950636214633,-0.0749502190950656,-0.11564167395445135,0.05035127662008276,0.009659821760697018,0.0749502190950656,0.11564167395445135
FUN_023162,OG_05010,apul,0.866004038121327,0.5871981680864503,0.8009446969874224,0.640967862897512,-0.27880587003487667,-0.06505934113390455,-0.05376969481106164,0.15997683408991048,0.27880587003487667,0.06505934113390455
FUN_023324,OG_05087,apul,0.7620966125409144,0.6910964392258826,0.5981368077992468,0.7107790426926055,-0.07100017331503183,-0.1639598047416676,-0.019682603466722903,-0.11264223489335867,0.07100017331503183,0.1639598047416676
FUN_023383,OG_05121,apul,22.77616887873805,24.154318593910595,22.673564316964836,22.580200155205866,1.378149715172544,-0.10260456177321586,1.5741184387047298,0.09336416175897,1.378149715172544,0.10260456177321586
FUN_023403,OG_11899,apul,1.220684722329444,1.079905678467886,1.0959397536896878,1.0640538951051193,-0.14077904386155793,-0.12474496863975615,0.015851783362766714,0.031885858584568494,0.14077904386155793,0.12474496863975615
FUN_023403,OG_14674,apul,1.220684722329444,1.079905678467886,1.0959397536896878,1.0640538951051193,-0.14077904386155793,-0.12474496863975615,0.015851783362766714,0.031885858584568494,0.14077904386155793,0.12474496863975615
FUN_023404,OG_11900,apul,0.6486885805805306,0.5586070386835387,0.705196175982351,0.46823674781884783,-0.09008154189699191,0.056507595401820376,0.09037029086469084,0.23695942816350313,0.09008154189699191,0.056507595401820376
FUN_023470,OG_14681,apul,0.4990433569068555,0.4394558104944616,0.5786947667818126,0.5654604138003883,-0.05958754641239389,0.07965140987495717,-0.12600460330592667,0.013234352981424391,0.05958754641239389,0.07965140987495717
FUN_023478,OG_11907,apul,0.6299876254326235,0.770076032206075,0.7330409445883984,0.7997817402941535,0.14008840677345147,0.10305331915577487,-0.029705708088078486,-0.06674079570575508,0.14008840677345147,0.10305331915577487
FUN_023594,OG_14685,apul,0.5966343225881262,0.32898502770047416,0.3027501293599258,0.431753189301175,-0.26764929488765205,-0.2938841932282004,-0.10276816160070085,-0.12900305994124922,0.26764929488765205,0.2938841932282004
FUN_023597,OG_05210,apul,0.4477309398642635,0.43149411572466995,0.5500690556000593,0.39988442291203086,-0.016236824139593542,0.10233811573579576,0.03160969281263909,0.1501846326880284,0.016236824139593542,0.10233811573579576
FUN_023641,OG_05228,apul,0.9472924231547618,0.938397471111111,0.8220262288720238,0.8753826110496031,-0.008894952043650761,-0.125266194282738,0.06301486006150792,-0.05335638217757932,0.008894952043650761,0.125266194282738
FUN_023697,OG_05250,apul,3.9183516768159485,4.083684964790249,3.755741506836735,3.910849593286092,0.1653332879743008,-0.16261016997921374,0.1728353715041573,-0.15510808644935725,0.1653332879743008,0.16261016997921374
FUN_023974,OG_05303,apul,1.4978267535753191,1.0902449511904762,1.1440908112706194,1.659043313838313,-0.407581802384843,-0.35373594230469974,-0.5687983626478368,-0.5149525025676935,0.407581802384843,0.35373594230469974
FUN_023976,OG_05304,apul,9.134686219221834,8.868371171154049,7.279539051648893,8.438190611750343,-0.26631504806778494,-1.855147167572941,0.4301805594037056,-1.1586515601014504,0.26631504806778494,1.855147167572941
FUN_023982,OG_05308,apul,6.563445173823806,6.760494127400335,6.719053259477904,6.260070415705716,0.1970489535765294,0.155608085654098,0.5004237116946193,0.4589828437721879,0.1970489535765294,0.155608085654098
FUN_024155,OG_05366,apul,0.8816409622083163,0.8725814706705332,0.8519135396367521,0.8380464605684439,-0.009059491537783182,-0.029727422571564244,0.03453501010208926,0.013867079068308197,0.009059491537783182,0.029727422571564244
FUN_024159,OG_11957,apul,1.423389224719888,1.5413146834407097,1.2004911217553689,0.9532172245634921,0.11792545872082161,-0.22289810296451917,0.5880974588772175,0.24727389719187676,0.11792545872082161,0.22289810296451917
FUN_024160,OG_05367,apul,1.1915105495825984,1.2439544894547325,1.2150683850210662,1.3166699956750931,0.05244393987213414,0.02355783543846779,-0.0727155062203606,-0.10160161065402695,0.05244393987213414,0.02355783543846779
FUN_024225,OG_14710,apul,4.409584745157658,4.734375846364221,4.146713633960746,4.441143683885671,0.3247911012065634,-0.26287111119691176,0.29323216247855033,-0.29443004992492483,0.3247911012065634,0.26287111119691176
FUN_024326,OG_14711,apul,1.4328316159861112,1.216400787440476,1.6217720453710316,1.415110355857143,-0.2164308285456351,0.1889404293849204,-0.19870956841666687,0.20666168951388864,0.2164308285456351,0.1889404293849204
FUN_024514,OG_11983,apul,5.648451293669102,5.574683537728163,5.508571605837041,5.340256063650427,-0.07376775594093932,-0.13987968783206117,0.23442747407773545,0.1683155421866136,0.07376775594093932,0.13987968783206117
FUN_024546,OG_11984,apul,9.10505004981685,8.508198496537105,7.14467623523606,6.3735110740232,-0.5968515532797447,-1.9603738145807892,2.134687422513905,0.7711651612128607,0.5968515532797447,1.9603738145807892
FUN_024557,OG_05498,apul,24.442004780917827,25.72904897695514,24.25700636722178,24.07171314724117,1.2870441960373142,-0.18499841369604653,1.657335829713972,0.1852932199806112,1.2870441960373142,0.18499841369604653
FUN_024614,OG_05514,apul,2.4374840228618715,2.67242363146295,2.3275233012102854,2.4291258989507454,0.23493960860107865,-0.1099607216515861,0.24329773251220477,-0.10160259774045999,0.23493960860107865,0.1099607216515861
FUN_024804,OG_05568,apul,0.6793334600163499,0.642420371803597,0.6339532368608216,0.6600568538977452,-0.036913088212752854,-0.045380223155528254,-0.017636482094148143,-0.026103617036923543,0.036913088212752854,0.045380223155528254
FUN_024894,OG_12007,apul,14.89153611520947,17.585867186337172,14.120794618143378,15.74337717595303,2.694331071127701,-0.7707414970660924,1.8424900103841413,-1.6225825578096522,2.694331071127701,0.7707414970660924
FUN_025262,OG_12019,apul,0.8991081597035482,1.0292528825046685,0.8034220785912699,0.8906147694456116,0.13014472280112033,-0.09568608111227828,0.13863811305905693,-0.08719269085434167,0.13014472280112033,0.09568608111227828
FUN_025336,OG_14752,apul,0.9900875220689034,1.2475347013257574,0.853269012617244,0.45071335045093797,0.257447179256854,-0.1368185094516594,0.7968213508748194,0.402555662166306,0.257447179256854,0.1368185094516594
FUN_025338,OG_05637,apul,1.493837863016366,1.2447410313541356,1.7436345144508527,1.0572500002464753,-0.2490968316622304,0.2497966514344867,0.1874910311076603,0.6863845142043774,0.2490968316622304,0.2497966514344867
FUN_025345,OG_12031,apul,0.7318088767382043,0.5968611345652834,0.631485256512376,0.6493781446562924,-0.13494774217292083,-0.1003236202258283,-0.05251701009100895,-0.01789288814391643,0.13494774217292083,0.1003236202258283
FUN_025346,OG_12032,apul,0.9582732163869512,0.7766889526717514,0.8699097902020918,0.9421206308071873,-0.18158426371519976,-0.08836342618485937,-0.1654316781354359,-0.07221084060509553,0.18158426371519976,0.08836342618485937
FUN_025441,OG_05666,apul,1.1027889098292312,1.1515377240980025,1.0771609375744606,1.308569854649991,0.04874881426877131,-0.025627972254770537,-0.1570321305519886,-0.23140891707553046,0.04874881426877131,0.025627972254770537
FUN_025476,OG_12046,apul,1.1118520993336232,1.1149356958563565,1.0104568124837028,1.0443211445820657,0.0030835965227333784,-0.10139528684992039,0.07061455127429084,-0.033864332098362926,0.0030835965227333784,0.10139528684992039
FUN_025521,OG_14763,apul,1.6404359350419666,1.6400607695975362,1.5849484774555356,1.838332094628226,-0.000375165444430392,-0.05548745758643103,-0.19827132503068978,-0.2533836171726904,0.000375165444430392,0.05548745758643103
FUN_025598,OG_05713,apul,0.6646942600843498,0.5493146345624169,0.5200392310809094,0.6181077805281883,-0.11537962552193293,-0.1446550290034404,-0.06879314596577135,-0.09806854944727883,0.11537962552193293,0.1446550290034404
FUN_025607,OG_05717,apul,0.5156841681240552,0.31263594019982993,0.4031406706018519,0.32230585096371883,-0.20304822792422522,-0.11254349752220327,-0.0096699107638889,0.08083481963813305,0.20304822792422522,0.11254349752220327
FUN_025610,OG_05718,apul,8.542736866038542,9.640693297287994,8.4980560867491,10.016545050937253,1.097956431249452,-0.044680779289441475,-0.3758517536492594,-1.518488964188153,1.097956431249452,0.044680779289441475
FUN_025681,OG_05749,apul,0.8406133383147901,0.8345236743087079,0.9177322476019878,0.85303385256861,-0.0060896640060822405,0.07711890928719767,-0.018510178259902088,0.06469839503337782,0.0060896640060822405,0.07711890928719767
FUN_025826,OG_05819,apul,0.7698041262615095,0.7217740455243651,0.7892220375878571,0.7697027072961397,-0.04803008073714443,0.019417911326347626,-0.04792866177177457,0.019519330291717485,0.04803008073714443,0.019417911326347626
FUN_025935,OG_05856,apul,0.5714744008588655,0.5452509380940076,0.5115345355204872,0.5286994079371232,-0.026223462764857874,-0.05993986533837825,0.016551530156884375,-0.017164872416636,0.026223462764857874,0.05993986533837825
FUN_025942,OG_12102,apul,1.0170121276438493,1.0047592298501984,0.9583632501567461,1.0317253330386904,-0.012252897793650908,-0.058648877487103235,-0.02696610318849202,-0.07336208288194435,0.012252897793650908,0.058648877487103235
FUN_025984,OG_14790,apul,21.763955346517086,24.32916103704775,22.4030033928773,22.12230651735301,2.5652056905306644,0.6390480463602124,2.2068545196947404,0.28069687552428846,2.5652056905306644,0.6390480463602124
FUN_026008,OG_14792,apul,1.1101694409226535,1.1322140134484928,1.1901234069649889,1.1817498264188093,0.022044572525839357,0.0799539660423354,-0.049535812970316506,0.008373580546179538,0.022044572525839357,0.0799539660423354
FUN_026009,OG_12107,apul,2.797400353362309,3.4306155123906814,3.1719167442197267,3.045496108264596,0.6332151590283726,0.37451639085741784,0.3851194041260855,0.12642063595513076,0.6332151590283726,0.37451639085741784
FUN_026010,OG_14793,apul,0.7878421522921701,0.7177781636812576,0.6932598323867956,0.8408776345300498,-0.07006398861091256,-0.09458231990537458,-0.12309947084879225,-0.14761780214325426,0.07006398861091256,0.09458231990537458
FUN_026011,OG_12108,apul,1.1789975377185622,1.2380441986187187,1.2284213602097214,1.2181205835998026,0.05904666090015653,0.049423822491159175,0.019923615018916152,0.010300776609918794,0.05904666090015653,0.049423822491159175
FUN_026016,OG_12109,apul,1.2010792881748003,1.2057505631836771,1.0534613904692862,1.0591336603730224,0.004671275008876874,-0.14761789770551403,0.14661690281065476,-0.005672269903736149,0.004671275008876874,0.14761789770551403
FUN_026023,OG_05874,apul,17.932462537839047,19.545666433016155,18.688557891400045,18.189548779660793,1.613203895177108,0.7560953535609976,1.356117653355362,0.49900911173925167,1.613203895177108,0.7560953535609976
FUN_026024,OG_05875,apul,3.426201740020954,3.6250651624492476,3.465588685979585,3.5059886117767074,0.19886342242829347,0.0393869459586309,0.1190765506725402,-0.04039992579712237,0.19886342242829347,0.0393869459586309
FUN_026200,OG_05950,apul,0.6369357910237772,0.545362207572527,0.5855012209800564,0.6777172734336974,-0.09157358345125022,-0.05143457004372076,-0.1323550658611704,-0.09221605245364095,0.09157358345125022,0.05143457004372076
FUN_026203,OG_14803,apul,0.7320098797025966,0.7707003724098517,0.7237325897882161,0.6155503061173654,0.03869049270725511,-0.008277289914380481,0.1551500662924863,0.1081822836708507,0.03869049270725511,0.008277289914380481
FUN_026214,OG_05952,apul,0.8550484205327399,0.8031212916449708,0.7946799750097981,0.8896670135116598,-0.05192712888776907,-0.06036844552294174,-0.08654572186668896,-0.09498703850186163,0.05192712888776907,0.06036844552294174
FUN_026225,OG_12125,apul,3.4760261647636117,3.7015188120583717,2.4733581806878306,3.5369709266427716,0.22549264729476004,-1.002667984075781,0.16454788541560017,-1.063612745954941,0.22549264729476004,1.002667984075781
FUN_026231,OG_14804,apul,9.556702483149094,11.060623309842686,9.32809800828373,9.310788022470238,1.5039208266935926,-0.22860447486536373,1.7498352873724485,0.01730998581349219,1.5039208266935926,0.22860447486536373
FUN_026494,OG_06004,apul,8.19622089629162,8.787036137607236,8.320767526026946,8.266548493929125,0.5908152413156156,0.12454662973532571,0.520487643678111,0.054219032097821085,0.5908152413156156,0.12454662973532571
FUN_026620,OG_12160,apul,1.0348570981005614,0.9992077598383662,0.7418469108449477,0.8562760572686798,-0.035649338262195185,-0.2930101872556137,0.14293170256968635,-0.11442914642373214,0.035649338262195185,0.2930101872556137
FUN_026676,OG_12162,apul,1.774763384475416,1.6291989268421732,1.1976239000387146,1.5281932665956899,-0.14556445763324288,-0.5771394844367015,0.10100566024648328,-0.33056936655697533,0.14556445763324288,0.5771394844367015
FUN_026676,OG_12163,apul,1.774763384475416,1.6291989268421732,1.1976239000387146,1.5281932665956899,-0.14556445763324288,-0.5771394844367015,0.10100566024648328,-0.33056936655697533,0.14556445763324288,0.5771394844367015
FUN_026681,OG_12165,apul,11.605394856671818,13.79553838629879,10.79938167834695,12.820360344432176,2.1901435296269725,-0.8060131783248679,0.9751780418666147,-2.0209786660852256,2.1901435296269725,0.8060131783248679
FUN_026683,OG_12166,apul,0.5305730163476263,0.5221088323664892,0.5324145069994409,0.6075552887163033,-0.00846418398113713,0.0018414906518146035,-0.08544645634981407,-0.07514078171686234,0.00846418398113713,0.0018414906518146035
FUN_027751,OG_12242,apul,0.9804143578157869,1.0247307509825014,1.055037434591939,1.030326014418388,0.04431639316671454,0.07462307677615221,-0.005595263435886455,0.024711420173551213,0.04431639316671454,0.07462307677615221
FUN_027779,OG_06101,apul,0.5910054870851934,0.6047082767813741,0.5939360701202877,0.6595363307155258,0.013702789696180662,0.002930583035094303,-0.05482805393415169,-0.06560026059523805,0.013702789696180662,0.002930583035094303
FUN_027850,OG_06119,apul,40.27222052952627,46.01091126141734,41.80469726146505,43.17679020447615,5.738690731891069,1.5324767319387789,2.8341210569411928,-1.372092943011097,5.738690731891069,1.5324767319387789
FUN_027861,OG_12248,apul,0.7739983670634921,0.6873589288600288,0.6582668726190476,0.8328338099025974,-0.08663943820346331,-0.11573149444444453,-0.14547488104256856,-0.17456693728354977,0.08663943820346331,0.11573149444444453
FUN_027984,OG_06152,apul,19.91982887300455,21.37152199858229,20.700077478762378,19.949839911010745,1.4516931255777372,0.7802486057578264,1.4216820875715435,0.7502375677516326,1.4516931255777372,0.7802486057578264
FUN_028002,OG_06158,apul,30.114176037776904,32.32094476993066,30.026631303492934,30.35403531346372,2.2067687321537584,-0.08754473428396992,1.9669094564669436,-0.32740400997078467,2.2067687321537584,0.08754473428396992
FUN_028088,OG_06181,apul,25.514024151151443,27.773493646853588,27.096928821635657,26.31326931218232,2.2594694957021453,1.582904670484215,1.4602243346712669,0.7836595094533365,2.2594694957021453,1.582904670484215
FUN_028130,OG_06198,apul,1.6373727713256028,1.4973890372089154,1.4676397534771726,1.3362911378972215,-0.1399837341166874,-0.1697330178484302,0.16109789931169383,0.13134861557995103,0.1399837341166874,0.1697330178484302
FUN_028187,OG_06234,apul,0.5309182707371333,0.4869842002179533,0.6573209258673041,0.5869014680179774,-0.04393407051917997,0.1264026551301708,-0.09991726780002408,0.07041945784932668,0.04393407051917997,0.1264026551301708
FUN_028190,OG_12286,apul,0.5172922619274851,0.5173087079958101,0.48252418654340695,0.5947851213864503,1.6446068324960095e-05,-0.03476807538407817,-0.07747641339064026,-0.11226093484304339,1.6446068324960095e-05,0.03476807538407817
FUN_028192,OG_06236,apul,1.3396969116275979,1.492622436602029,1.5717902495990836,1.2233702809626084,0.15292552497443124,0.2320933379714858,0.26925215563942073,0.3484199686364753,0.15292552497443124,0.2320933379714858
FUN_028242,OG_06247,apul,0.5738279133736458,0.43278549564373897,0.40538849815822625,0.562813688649534,-0.14104241772990683,-0.16843941521541955,-0.130028193005795,-0.1574251904913077,0.14104241772990683,0.16843941521541955
FUN_028447,OG_06279,apul,7.124156226968926,7.038178499263153,7.477931707666091,6.490341008930972,-0.08597772770577272,0.35377548069716536,0.5478374903321805,0.9875906987351186,0.08597772770577272,0.35377548069716536
FUN_028493,OG_14889,apul,0.5231458753306878,0.6863823967082389,0.5586409810959939,0.5478795671730915,0.16323652137755107,0.03549510576530612,0.13850282953514736,0.010761413922902419,0.16323652137755107,0.03549510576530612
FUN_028798,OG_12318,apul,1.6609131996894408,1.3987034456521739,1.557617491304348,1.844489348343685,-0.262209754037267,-0.10329570838509294,-0.4457859026915112,-0.28687185703933715,0.262209754037267,0.10329570838509294
FUN_028799,OG_14901,apul,0.7011812481572081,0.7835898883235486,0.48986372488040886,0.8525634189334638,0.08240864016634053,-0.2113175232767992,-0.06897353060991518,-0.3626996940530549,0.08240864016634053,0.2113175232767992
FUN_028840,OG_12320,apul,21.038535615093114,22.3029993759412,21.2478430855924,21.05465569776385,1.2644637608480878,0.20930747049928655,1.2483436781773527,0.1931873878285515,1.2644637608480878,0.20930747049928655
FUN_028978,OG_06373,apul,0.43929554681847144,0.3708649697824039,0.38049417130876206,0.4416197234168536,-0.06843057703606753,-0.058801375509709375,-0.07075475363444972,-0.06112555210809156,0.06843057703606753,0.058801375509709375
FUN_028988,OG_14915,apul,0.7978863352196266,0.6688805311245882,0.7444806715688329,0.7644707442298093,-0.12900580409503837,-0.05340566365079369,-0.09559021310522109,-0.01999007266097641,0.12900580409503837,0.05340566365079369
FUN_029013,OG_12331,apul,6.494338088919532,7.046123081076485,6.128537365100816,6.41725681148189,0.5517849921569526,-0.3658007238187162,0.628866269594595,-0.28871944638107383,0.5517849921569526,0.3658007238187162
FUN_029014,OG_06384,apul,1.224142632867603,1.0390114554982732,1.2312138375489805,1.227414727180049,-0.18513117736932982,0.007071204681377452,-0.18840327168177584,0.0037991103689314354,0.18513117736932982,0.007071204681377452
FUN_029123,OG_06430,apul,18.29079095365152,19.97447655886122,18.973809536879276,19.507785572579,1.6836856052096998,0.6830185832277564,0.46669098628222017,-0.5339760356997232,1.6836856052096998,0.6830185832277564
FUN_029327,OG_12369,apul,5.094265780021445,5.16608812143759,5.23510780010121,5.1090686470598845,0.07182234141614519,0.14084202007976554,0.05701947437770549,0.12603915304132585,0.07182234141614519,0.14084202007976554
FUN_029365,OG_12371,apul,11.462234477555702,11.878192226172274,11.151574092372943,11.104892906574925,0.415957748616572,-0.31066038518275896,0.7732993195973492,0.046681185798018277,0.415957748616572,0.31066038518275896
FUN_029379,OG_14942,apul,13.943139021565408,15.96571992887931,15.87304864374658,13.619964689607281,2.022580907313902,1.9299096221811727,2.3457552392720284,2.2530839541392993,2.022580907313902,1.9299096221811727
FUN_029640,OG_06592,apul,3.021052339125683,3.299276341942493,3.0954710822144156,3.0309335315163937,0.2782240028168097,0.07441874308873242,0.2683428104260992,0.06453755069802192,0.2782240028168097,0.07441874308873242
FUN_029673,OG_06599,apul,36.20536395622097,39.61621426952623,36.380568879828544,36.96393644138394,3.410850313305261,0.17520492360757345,2.6522778281422887,-0.5833675615553986,3.410850313305261,0.17520492360757345
FUN_029756,OG_06607,apul,11.785446495042734,12.906447179286586,12.092221534810744,12.225140789631954,1.1210006842438514,0.30677503976800935,0.6813063896546314,-0.1329192548212106,1.1210006842438514,0.30677503976800935
FUN_029760,OG_06610,apul,50.74178805156312,55.005027143490075,51.174840622643224,50.80050937895118,4.263239091926955,0.4330525710801041,4.204517764538892,0.3743312436920405,4.263239091926955,0.4330525710801041
FUN_029772,OG_06616,apul,1.0298622754385087,1.0457715991913432,1.0115916256344204,1.03276880324213,0.015909323752834492,-0.018270649804088324,0.013002795949213164,-0.021177177607709652,0.015909323752834492,0.018270649804088324
FUN_029776,OG_12406,apul,16.600492998842594,16.01697830952381,14.14840700049603,14.440478390046296,-0.5835146893187826,-2.452085998346563,1.5764999194775147,-0.2920713895502658,0.5835146893187826,2.452085998346563
FUN_030063,OG_12424,apul,0.7947814018455343,0.80584588928374,0.7802214125195451,0.8301935084877201,0.011064487438205761,-0.01455998932598912,-0.024347619203980098,-0.04997209596817498,0.011064487438205761,0.01455998932598912
FUN_030674,OG_12447,apul,1.9708032230213843,2.2064631155155583,2.1175534315129756,2.0070261124999997,0.23565989249417396,0.14675020849159126,0.19943700301555856,0.11052731901297586,0.23565989249417396,0.14675020849159126
FUN_030682,OG_06655,apul,0.5069682600442034,0.5095480488336347,0.4760171107233273,0.47319588756278885,0.0025797887894313254,-0.03095114932087606,0.03635216127084584,0.0028212231605384552,0.0025797887894313254,0.03095114932087606
FUN_031070,OG_06670,apul,2.095350786983204,2.303775796863629,2.0250677345870907,2.1138473167141276,0.208425009880425,-0.07028305239611354,0.1899284801495016,-0.08877958212703696,0.208425009880425,0.07028305239611354
FUN_031092,OG_12475,apul,0.7355593342485647,0.7850988531357649,0.8471024847804796,0.8292365470482945,0.04953951888720021,0.11154315053191488,-0.04413769391252964,0.017865937732185033,0.04953951888720021,0.11154315053191488
FUN_031093,OG_12476,apul,0.9054996132235529,0.8549689012736433,0.8088047994629788,1.132863842146659,-0.050530711949909546,-0.0966948137605741,-0.2778949408730157,-0.32405904268368024,0.050530711949909546,0.0966948137605741
FUN_031299,OG_06711,apul,1.361699322945845,1.0884593558864721,0.9324902695707695,1.1018106604479048,-0.2732399670593728,-0.4292090533750754,-0.013351304561432631,-0.16932039087713524,0.2732399670593728,0.4292090533750754
FUN_031304,OG_06712,apul,0.5170512253498328,0.35204632691102755,0.5997366668838764,0.48205715871345034,-0.16500489843880528,0.08268544153404356,-0.1300108318024228,0.11767950817042605,0.16500489843880528,0.08268544153404356
FUN_031419,OG_12496,apul,22.236274398839285,23.05184181299603,21.88023736032738,22.04849996608631,0.8155674141567459,-0.3560370385119036,1.00334184690972,-0.1682626057589296,0.8155674141567459,0.3560370385119036
FUN_031467,OG_06717,apul,15.931959835254515,16.98375103867269,16.168914000444264,16.15600978819741,1.0517912034181744,0.23695416518974888,0.827741250475281,0.012904212246855451,1.0517912034181744,0.23695416518974888
FUN_031470,OG_06719,apul,1.4776371099253511,1.5866811062185033,1.5900235908999651,1.5634444965370415,0.1090439962931522,0.11238648097461401,0.023236609681461795,0.026579094362923605,0.1090439962931522,0.11238648097461401
FUN_031565,OG_06754,apul,13.447852500346293,13.987872004790145,13.710996735192618,13.725626939201,0.5400195044438512,0.2631442348463242,0.26224506558914484,-0.014630204008382108,0.5400195044438512,0.2631442348463242
FUN_031641,OG_06775,apul,0.5387411008290816,0.48504422895610627,0.5588992549663913,0.542331205707402,-0.05369687187297528,0.020158154137309703,-0.05728697675129574,0.016568049258989248,0.05369687187297528,0.020158154137309703
FUN_031661,OG_12518,apul,2.848744847485915,2.7699991999800626,3.1856542677921844,3.0709419482396902,-0.07874564750585256,0.33690942030626925,-0.30094274825962763,0.11471231955249417,0.07874564750585256,0.33690942030626925
FUN_031702,OG_15009,apul,1.0283124539981279,1.0175206835095896,0.7041543762975244,0.8579725599968135,-0.0107917704885383,-0.32415807770060345,0.15954812351277603,-0.15381818369928912,0.0107917704885383,0.32415807770060345
FUN_031843,OG_15020,apul,0.6221854276094562,0.5077774345134658,0.513494703916535,0.4762177952221094,-0.11440799309599037,-0.10869072369292121,0.03155963929135641,0.03727690869442557,0.11440799309599037,0.10869072369292121
FUN_031845,OG_15021,apul,1.069024596147576,1.0854978447147148,1.0504353015165167,0.8629586692749892,0.016473248567138832,-0.018589294631059294,0.22253917543972557,0.18747663224152744,0.016473248567138832,0.018589294631059294
FUN_031878,OG_06875,apul,0.8944865570618035,0.9302563624358324,0.8677974689880953,1.005857546328943,0.03576980537402896,-0.026689088073708178,-0.07560118389311055,-0.1380600773408477,0.03576980537402896,0.026689088073708178
FUN_031966,OG_06908,apul,0.7567365491166961,0.6687776306261023,1.0586676820781893,0.677366982250147,-0.08795891849059378,0.3019311329614932,-0.008589351624044728,0.38130069982804227,0.08795891849059378,0.3019311329614932
FUN_032012,OG_06922,apul,0.9546778829760186,0.9702027133013812,0.9650002188380403,0.8485233426664605,0.01552483032536256,0.010322335862021692,0.12167937063492074,0.11647687617157987,0.01552483032536256,0.010322335862021692
FUN_032022,OG_06931,apul,56.34090230264098,59.94825648159774,56.227647680748746,55.96097077976295,3.6073541789567614,-0.11325462189223146,3.987285701834786,0.266676900985793,3.6073541789567614,0.11325462189223146
FUN_032069,OG_06954,apul,12.92440507679943,13.828481034730451,12.759191459088582,12.74946050105881,0.9040759579310222,-0.16521361771084742,1.0790205336716419,0.009730958029772196,0.9040759579310222,0.16521361771084742
FUN_032074,OG_06955,apul,10.763960534920637,11.333301617640167,10.711910264198263,10.59421602964393,0.5693410827195304,-0.05205027072237378,0.7390855879962377,0.11769423455433348,0.5693410827195304,0.05205027072237378
FUN_032080,OG_12560,apul,0.8372698192328043,0.7579834450508751,0.6911932220085469,0.6362428019637769,-0.07928637418192919,-0.14607659722425737,0.1217406430870982,0.05495042004477002,0.07928637418192919,0.14607659722425737
FUN_032147,OG_06998,apul,6.132839191364323,7.286229338817082,7.032937010156841,5.748194957543462,1.1533901474527584,0.9000978187925179,1.5380343812736195,1.284742052613379,1.1533901474527584,0.9000978187925179
FUN_032148,OG_06999,apul,0.7278644963435374,0.4807434205728323,0.4204573310765576,0.608583435765576,-0.24712107577070513,-0.30740716526697986,-0.12784001519274374,-0.18812610468901847,0.24712107577070513,0.30740716526697986
FUN_032150,OG_12568,apul,2.9232777710344546,3.58286779283141,3.2234144133146434,3.3711182070372177,0.6595900217969555,0.30013664228018877,0.21174958579419245,-0.14770379372257425,0.6595900217969555,0.30013664228018877
FUN_032151,OG_07000,apul,0.8197509538589588,1.1012654416700296,0.6987525666162228,1.021818319896758,0.2815144878110708,-0.12099838724273604,0.07944712177327151,-0.32306575328053533,0.2815144878110708,0.12099838724273604
FUN_032241,OG_07042,apul,4.018331712641369,4.124678881754712,3.8798031555555554,3.8669546802802577,0.1063471691133433,-0.13852855708581346,0.2577242014744545,0.012848475275297755,0.1063471691133433,0.13852855708581346
FUN_032503,OG_07150,apul,7.658484092069878,6.832020986659368,8.494915380536398,6.921155184533844,-0.8264631054105092,0.8364312884665202,-0.08913419787447552,1.5737601960025538,0.8264631054105092,0.8364312884665202
FUN_032524,OG_15060,apul,0.5128474753841704,0.5516562840917308,0.5240271410284919,0.5077650320081716,0.03880880870756043,0.01117966564432149,0.04389125208355926,0.016262109020320326,0.03880880870756043,0.01117966564432149
FUN_032526,OG_07153,apul,0.5998022943688587,0.2921544247297808,0.5146994685846561,0.37170205807256235,-0.30764786963907786,-0.08510282578420258,-0.07954763334278153,0.14299741051209375,0.30764786963907786,0.08510282578420258
FUN_032641,OG_07183,apul,1.2699047704863593,1.4161320311259673,1.218793435868408,1.1922033450367033,0.146227260639608,-0.051111334617951254,0.22392868608926397,0.026590090831704716,0.146227260639608,0.051111334617951254
FUN_032651,OG_12611,apul,0.8784756618332031,0.7637171493874143,0.6827987972439066,0.8227989473501606,-0.11475851244578883,-0.19567686458929656,-0.05908179796274626,-0.140000150106254,0.11475851244578883,0.19567686458929656
FUN_032653,OG_12612,apul,2.347675123218228,2.547120192832177,2.410191579127247,2.3381579816106908,0.19944506961394914,0.062516455909019,0.20896221122148617,0.07203359751655602,0.19944506961394914,0.062516455909019
FUN_032659,OG_12613,apul,0.27603536919642857,0.3638372583705357,0.3058228517857143,0.535858511061508,0.08780188917410714,0.029787482589285708,-0.17202125269097224,-0.23003565927579367,0.08780188917410714,0.029787482589285708
FUN_032682,OG_15070,apul,0.5245888134504385,0.3707240926184926,0.4853705383949384,0.49242517689810195,-0.1538647208319459,-0.03921827505550013,-0.12170108427960935,-0.007054638503163568,0.1538647208319459,0.03921827505550013
FUN_032684,OG_12616,apul,2.892348473525433,2.456196950800415,2.6744925302376443,2.3157005312454904,-0.43615152272501767,-0.21785594328778846,0.14049641955492476,0.35879199899215397,0.43615152272501767,0.21785594328778846
FUN_033014,OG_07252,apul,1.153191414093242,0.7164639990198176,0.8820476356239901,1.1159611045207205,-0.4367274150734244,-0.27114377846925186,-0.3994971055009029,-0.23391346889673037,0.4367274150734244,0.27114377846925186
FUN_033015,OG_15086,apul,0.49717048820037985,0.40157046873332425,0.403013882010582,0.414269949811197,-0.0956000194670556,-0.09415660618979782,-0.012699481077872776,-0.011256067800615,0.0956000194670556,0.09415660618979782
FUN_033017,OG_15087,apul,0.5668895832083334,0.4810829133244047,0.4016823437896826,0.40324398882738094,-0.08580666988392865,-0.1652072394186508,0.07783892449702379,-0.0015616450376983448,0.08580666988392865,0.1652072394186508
FUN_033043,OG_12645,apul,0.8635248433083028,0.7292993224050671,0.6949237028543955,0.7636470355641025,-0.1342255209032357,-0.16860114045390728,-0.0343477131590354,-0.06872333270970699,0.1342255209032357,0.16860114045390728
FUN_033043,OG_15089,apul,0.8635248433083028,0.7292993224050671,0.6949237028543955,0.7636470355641025,-0.1342255209032357,-0.16860114045390728,-0.0343477131590354,-0.06872333270970699,0.1342255209032357,0.16860114045390728
FUN_033056,OG_07265,apul,1.615684368510186,1.5135732970118319,1.5334194220034996,1.484800168429988,-0.10211107149835419,-0.08226494650668648,0.028773128581843777,0.04861925357351149,0.10211107149835419,0.08226494650668648
FUN_033057,OG_12646,apul,0.6278876938792689,0.5752921566167629,0.5288808074314575,0.669361937333153,-0.05259553726250599,-0.09900688644781142,-0.09406978071639005,-0.14048112990169548,0.05259553726250599,0.09900688644781142
FUN_033061,OG_12647,apul,0.6143547081779724,0.48901724374812816,0.5272093779481132,0.721593429503594,-0.12533746442984428,-0.08714533022985926,-0.2325761857554658,-0.19438405155548077,0.12533746442984428,0.08714533022985926
FUN_033731,OG_07330,apul,15.746701443700397,16.288995623718584,16.243577174847058,15.187018077364419,0.5422941800181871,0.4968757311466607,1.1019775463541652,1.0565590974826389,0.5422941800181871,0.4968757311466607
FUN_033732,OG_07331,apul,0.6770308086643639,0.5478406842585739,0.4723653555226581,0.41502687814993006,-0.12919012440579003,-0.2046654531417058,0.13281380610864385,0.05733847737272807,0.12919012440579003,0.2046654531417058
FUN_033789,OG_12683,apul,1.8367315513478288,1.9178998394992264,1.6410231286810986,1.7723675732860746,0.08116828815139754,-0.19570842266673028,0.14553226621315174,-0.13134444460497607,0.08116828815139754,0.19570842266673028
FUN_033818,OG_07389,apul,0.5384370167001155,0.4785021932281214,0.3034778764732713,0.649535797036733,-0.05993482347199408,-0.23495914022684417,-0.17103360380861166,-0.34605792056346174,0.05993482347199408,0.23495914022684417
FUN_033824,OG_07394,apul,0.3890187054802956,0.22282448383734718,0.5610306098134464,0.3878298682904579,-0.16619422164294842,0.17201190433315083,-0.16500538445311072,0.17320074152298853,0.16619422164294842,0.17201190433315083
FUN_033855,OG_07404,apul,11.295909391267173,11.766525123073896,11.220795711444579,11.226573840516874,0.47061573180672234,-0.07511367982259465,0.5399512825570216,-0.005778129072295357,0.47061573180672234,0.07511367982259465
FUN_034050,OG_07508,apul,24.777609901260988,26.77749650732815,24.396672763369082,24.30843922186967,1.999886606067161,-0.3809371378919053,2.4690572854584794,0.08823354149941309,1.999886606067161,0.3809371378919053
FUN_034107,OG_07531,apul,1.2181198310369894,1.0802326491038656,1.025383200067925,1.087612561473378,-0.13788718193312377,-0.19273663096906435,-0.007379912369512409,-0.06222936140545299,0.13788718193312377,0.19273663096906435
FUN_034203,OG_12722,apul,2.6198947759337994,2.673654077161281,2.614067827521101,2.7167439207191673,0.053759301227481515,-0.005826948412698485,-0.043089843557886365,-0.10267609319806636,0.053759301227481515,0.005826948412698485
FUN_034203,OG_15121,apul,2.6198947759337994,2.673654077161281,2.614067827521101,2.7167439207191673,0.053759301227481515,-0.005826948412698485,-0.043089843557886365,-0.10267609319806636,0.053759301227481515,0.005826948412698485
FUN_034361,OG_07620,apul,11.044447312876985,11.109266182440477,10.463985653860028,10.67738618631313,0.06481886956349214,-0.5804616590169562,0.4318799961273463,-0.2134005324531021,0.06481886956349214,0.5804616590169562
FUN_034365,OG_15137,apul,11.463071606207205,12.18579323496343,12.042250833819638,11.412342437054543,0.7227216287562257,0.5791792276124337,0.7734507979088878,0.6299083967650958,0.7227216287562257,0.5791792276124337
FUN_034403,OG_15140,apul,0.7579306970331982,0.5485669136735767,0.6434304948888389,0.4598217602073006,-0.20936378335962147,-0.1145002021443593,0.0887451534662761,0.18360873468153827,0.20936378335962147,0.1145002021443593
FUN_034420,OG_07641,apul,23.438208601725524,24.846686699153956,23.843568387921344,24.04593682148096,1.408478097428432,0.40535978619582025,0.8007498776729953,-0.20236843355961653,1.408478097428432,0.40535978619582025
FUN_034923,OG_12785,apul,1.0466218317957618,1.2826640801018958,1.1508043986562742,1.0991380205638779,0.23604224830613396,0.1041825668605123,0.18352605953801793,0.05166637809239627,0.23604224830613396,0.1041825668605123
FUN_034983,OG_07772,apul,1.7498094976269645,1.3711115141699324,1.5810806548014882,1.2857559787693467,-0.3786979834570321,-0.1687288428254763,0.08535553540058571,0.2953246760321415,0.3786979834570321,0.1687288428254763
FUN_035052,OG_07807,apul,0.5998266794187044,0.5745942478764479,0.47830557054554557,0.49825153692978696,-0.025232431542256517,-0.12152110887315881,0.0763427109466609,-0.019945966384241398,0.025232431542256517,0.12152110887315881
FUN_035089,OG_07821,apul,0.45682129921001224,0.4802594474371184,0.4590219668083028,0.39373777527838827,0.02343814822710616,0.0022006675982905732,0.08652167215873013,0.06528419152991455,0.02343814822710616,0.0022006675982905732
FUN_035090,OG_07822,apul,0.41343048876741173,0.3024552905274808,0.3026711016466904,0.4940501805501566,-0.1109751982399309,-0.11075938712072131,-0.19159489002267577,-0.19137907890346617,0.1109751982399309,0.11075938712072131
FUN_035132,OG_12805,apul,1.0213775920900834,0.7163463957208313,0.9305473558582883,0.9140663061139748,-0.30503119636925213,-0.09083023623179509,-0.19771991039314352,0.016481049744313525,0.30503119636925213,0.09083023623179509
FUN_035166,OG_07836,apul,1.5857624031372948,1.3810268134530594,1.4038388487145572,1.7850923535866912,-0.20473558968423533,-0.18192355442273755,-0.4040655401336317,-0.38125350487213394,0.20473558968423533,0.18192355442273755
FUN_035271,OG_07892,apul,13.452975123850258,15.338981173688635,14.074541629409755,14.26323096498213,1.886006049838377,0.6215665055594961,1.0757502087065056,-0.18868933557237533,1.886006049838377,0.6215665055594961
FUN_035383,OG_12837,apul,3.9864836048952705,4.340062782646866,3.991819017945508,4.054447595009001,0.35357917775159553,0.0053354130502376584,0.2856151876378652,-0.06262857706349267,0.35357917775159553,0.0053354130502376584
FUN_035431,OG_12844,apul,1.7285451621677559,1.4271380623031433,1.3642571398241519,1.5935562311935885,-0.30140709986461256,-0.364288022343604,-0.16641816889044514,-0.2292990913694366,0.30140709986461256,0.364288022343604
FUN_035508,OG_07958,apul,0.4168275547619048,0.755567117192691,0.498900515485419,0.41850131536544855,0.3387395624307862,0.08207296072351422,0.33706580182724244,0.08039920011997048,0.3387395624307862,0.08207296072351422
FUN_035728,OG_12878,apul,0.45123554733856897,0.44877407693634175,0.36885772477769463,0.4404660511634671,-0.002461470402227217,-0.08237782256087434,0.00830802577287465,-0.07160832638577247,0.002461470402227217,0.08237782256087434
FUN_035733,OG_12880,apul,1.3726153678196054,1.2065341261381917,1.3332040977624948,1.4053539571281102,-0.1660812416814137,-0.03941127005711054,-0.1988198309899185,-0.07214985936561535,0.1660812416814137,0.03941127005711054
FUN_035801,OG_08077,apul,0.49346216060681214,0.35403499385334,0.39563821391989085,0.5941907221126819,-0.13942716675347216,-0.09782394668692129,-0.2401557282593419,-0.19855250819279102,0.13942716675347216,0.09782394668692129
FUN_035808,OG_12888,apul,5.934957831824032,6.398708290324415,6.010106793262744,6.04870134499337,0.46375045850038354,0.07514896143871219,0.35000694533104504,-0.038594551730626314,0.46375045850038354,0.07514896143871219
FUN_035809,OG_12889,apul,5.340597596494555,5.8689453306824095,5.528177520377495,5.4562112593114565,0.5283477341878546,0.1875799238829403,0.4127340713709531,0.07196626106603876,0.5283477341878546,0.1875799238829403
FUN_035810,OG_08083,apul,0.6589977091861599,0.577837391558758,0.621000339773914,0.6540268520041423,-0.08116031762740183,-0.03799736941224585,-0.07618946044538433,-0.033026512230228344,0.08116031762740183,0.03799736941224585
FUN_035837,OG_08096,apul,1.6633900911302175,1.736171564526119,1.6959791390190644,1.7527709805062148,0.07278147339590157,0.03258904788884687,-0.016599415980095733,-0.05679184148715044,0.07278147339590157,0.03258904788884687
FUN_035908,OG_08143,apul,0.5471718690367471,0.2917998873106472,0.49643195022106257,0.4831210371240125,-0.2553719817260999,-0.050739918815684515,-0.1913211498133653,0.01331091309705007,0.2553719817260999,0.050739918815684515
FUN_035910,OG_15208,apul,0.6457354802118764,0.6512258980690193,0.7398020136727608,0.8360448765731292,0.005490417857142882,0.09406653346088434,-0.1848189785041099,-0.09624286290036843,0.005490417857142882,0.09406653346088434
FUN_035913,OG_08144,apul,0.5735264670251885,0.710294987701477,0.3973590106575964,0.45116380567353065,0.13676852067628853,-0.17616745636759212,0.2591311820279464,-0.05380479501593427,0.13676852067628853,0.17616745636759212
FUN_035914,OG_08145,apul,1.6893551782773872,1.7967898208300808,1.6722356226932085,1.6387021335447567,0.10743464255269353,-0.01711955558417877,0.15808768728532407,0.03353348914845178,0.10743464255269353,0.01711955558417877
FUN_036035,OG_08192,apul,0.45521826934101656,0.4428770416603343,0.5237810226306568,0.40326480494659744,-0.012341227680682243,0.06856275328964029,0.03961223671373687,0.1205162176840594,0.012341227680682243,0.06856275328964029
FUN_036171,OG_08259,apul,2.1867208262100934,2.134695602650547,2.123042159483174,2.1283915290744666,-0.05202522355954642,-0.06367866672691935,0.006304073576080427,-0.005349369591292508,0.05202522355954642,0.06367866672691935
FUN_036183,OG_08271,apul,9.533584149884375,10.277742507954148,9.783067291955307,9.663565311338537,0.7441583580697735,0.24948314207093247,0.6141771966156107,0.11950198061676964,0.7441583580697735,0.24948314207093247
FUN_036236,OG_12927,apul,1.6769864864197532,1.5957183763135228,1.3306235794317296,1.5336351941870718,-0.08126811010623047,-0.34636290698802363,0.06208318212645092,-0.20301161475534224,0.08126811010623047,0.34636290698802363
FUN_036817,OG_08331,apul,0.5940607753600999,0.7088148976490957,0.6790899704202915,0.7760151592571926,0.11475412228899573,0.08502919506019158,-0.06720026160809689,-0.09692518883690104,0.11475412228899573,0.08502919506019158
FUN_036876,OG_12952,apul,2.3132138108205225,2.2446011690372036,2.35875972935206,2.135034066261509,-0.06861264178331883,0.045545918531537666,0.10956710277569481,0.2237256630905513,0.06861264178331883,0.045545918531537666
FUN_036881,OG_08347,apul,18.393987541059165,19.233952659132758,18.38180973665512,18.343182981546178,0.839965118073593,-0.012177804404043258,0.8907696775865794,0.0386267551089432,0.839965118073593,0.012177804404043258
FUN_037097,OG_08432,apul,72.01125803867411,78.63657963585543,73.41201790323596,73.47681986964695,6.625321597181312,1.4007598645618486,5.159759766208481,-0.06480196641098246,6.625321597181312,1.4007598645618486
FUN_037103,OG_12972,apul,20.73369951176764,22.76125593499543,19.70560309920012,20.077703190270505,2.0275564232277894,-1.0280964125675212,2.683552744724924,-0.37210009107038644,2.0275564232277894,1.0280964125675212
FUN_037296,OG_12990,apul,0.8307594620919881,0.6189560458998634,0.7560422097204559,0.5828217689946305,-0.21180341619212473,-0.07471725237153226,0.036134276905232965,0.17322044072582543,0.21180341619212473,0.07471725237153226
FUN_037377,OG_08497,apul,10.247823438318736,10.521318487850452,10.43453347100894,10.04084270707748,0.2734950495317161,0.18671003269020403,0.4804757807729718,0.39369076393145974,0.2734950495317161,0.18671003269020403
FUN_037469,OG_08528,apul,1.0156571283267692,0.9397375632638143,0.9196006692460318,1.0061926804063732,-0.07591956506295494,-0.09605645908073746,-0.06645511714255892,-0.08659201116034143,0.07591956506295494,0.09605645908073746
FUN_037479,OG_13013,apul,4.092049773711029,4.135111309305185,3.873517460410831,3.655164911394639,0.043061535594156375,-0.21853231330019796,0.4799463979105463,0.21835254901619194,0.043061535594156375,0.21853231330019796
FUN_037499,OG_08545,apul,1.1316648324628407,1.2138243152393569,1.0785126533776035,0.9812516012030921,0.08215948277651619,-0.05315217908523717,0.23257271403626478,0.09726105217451142,0.08215948277651619,0.05315217908523717
FUN_037510,OG_13016,apul,0.8870075800389944,0.7236987014579319,0.7600449290136709,0.7772674490467016,-0.16330887858106247,-0.12696265102532345,-0.05356874758876973,-0.017222520033030708,0.16330887858106247,0.12696265102532345
FUN_037679,OG_13026,apul,2.0352143291957914,2.069508264539191,2.016994847110274,2.1175941132604303,0.03429393534339953,-0.01821948208551749,-0.048085848721239444,-0.10059926615015646,0.03429393534339953,0.01821948208551749
FUN_037730,OG_13031,apul,0.5406192301587301,0.5257936481481482,0.7964257833333332,0.34163227037037036,-0.014825582010581928,0.2558065531746031,0.18416137777777786,0.4547935129629629,0.014825582010581928,0.2558065531746031
FUN_037735,OG_13032,apul,0.7881200174771439,0.791186358291267,0.5762756810673622,0.6395795403513937,0.0030663408141231585,-0.21184433640978173,0.1516068179398733,-0.0633038592840316,0.0030663408141231585,0.21184433640978173
FUN_037736,OG_13033,apul,0.8667982240656033,0.8654344715869106,0.8806482819551958,1.1153609225819063,-0.0013637524786926924,0.013850057889592593,-0.24992645099499577,-0.2347126406267105,0.0013637524786926924,0.013850057889592593
FUN_037777,OG_08622,apul,1.5448804512757082,1.608253650315289,1.6241795332162259,1.5354683733521814,0.06337319903958094,0.07929908194051771,0.07278527696310766,0.08871115986404443,0.06337319903958094,0.07929908194051771
FUN_037812,OG_08639,apul,6.794225234867322,7.453048397401289,7.037139579880843,6.781557510605022,0.6588231625339667,0.24291434501352072,0.671490886796267,0.25558206927582106,0.6588231625339667,0.24291434501352072
FUN_037870,OG_08658,apul,25.40434201584169,27.206979271161536,25.20920110082796,25.880162961833154,1.8026372553198478,-0.19514091501372732,1.3268163093283825,-0.6709618610051926,1.8026372553198478,0.19514091501372732
FUN_037896,OG_08663,apul,0.6838322796925875,0.6013915620662902,0.6972832635594729,0.6669454267132173,-0.08244071762629734,0.013450983866885369,-0.06555386464692714,0.030337836846255573,0.08244071762629734,0.013450983866885369
FUN_037939,OG_15283,apul,0.5724849811261732,0.3994944563549994,0.8162466045128026,0.5397089625564825,-0.17299052477117377,0.24376162338662943,-0.14021450620148307,0.27653764195632013,0.17299052477117377,0.24376162338662943
FUN_037940,OG_13050,apul,0.4888827115148983,0.511934122556391,0.34950438405736567,0.6209989190801077,0.02305141104149272,-0.13937832745753265,-0.1090647965237167,-0.27149453502274207,0.02305141104149272,0.13937832745753265
FUN_037969,OG_08717,apul,2.9444376564221857,3.042749071542602,2.952583255261104,2.9650365166575443,0.09831141512041652,0.0081455988389183,0.0777125548850579,-0.012453261396440318,0.09831141512041652,0.0081455988389183
FUN_038045,OG_08768,apul,1.0422908300290588,0.915569268760155,1.0744285082270966,1.1882692861939133,-0.12672156126890377,0.03213767819803781,-0.27270001743375827,-0.11384077796681669,0.12672156126890377,0.03213767819803781
FUN_038046,OG_13059,apul,0.48001964188299623,0.5625244997624356,0.5454793855284812,0.6280636196753729,0.08250485787943934,0.06545974364548496,-0.06553911991293737,-0.08258423414689176,0.08250485787943934,0.06545974364548496
FUN_038089,OG_08793,apul,0.3749831126469163,0.30243835062401553,0.0691982824639525,0.465699916912032,-0.07254476202290078,-0.3057848301829638,-0.16326156628801647,-0.3965016344480795,0.07254476202290078,0.3057848301829638
FUN_038124,OG_13066,apul,1.3484939499884645,1.0860985060746586,1.3360880940568476,1.2766281602597822,-0.26239544391380587,-0.012405855931616916,-0.19052965418512358,0.05945993379706538,0.26239544391380587,0.012405855931616916
FUN_038187,OG_08842,apul,0.9995653046477715,1.114325073846267,1.2095578020686362,1.165792880952381,0.1147597691984954,0.20999249742086468,-0.051467807106114094,0.043764921116255184,0.1147597691984954,0.20999249742086468
FUN_038210,OG_08849,apul,0.5344251208362752,0.5045558163169112,0.5413816614876703,0.6538446569977249,-0.029869304519364093,0.00695654065139506,-0.14928884068081372,-0.11246299551005456,0.029869304519364093,0.00695654065139506
FUN_038219,OG_15303,apul,0.6681776942648081,0.5870208714456905,0.6084480165010425,0.539484660124092,-0.08115682281911762,-0.05972967776376559,0.047536211321598465,0.0689633563769505,0.08115682281911762,0.05972967776376559
FUN_038241,OG_08856,apul,5.713487917841181,6.644263085503264,6.500615726786193,6.186676266476714,0.930775167662083,0.7871278089450122,0.45758681902654974,0.31393946030947895,0.930775167662083,0.7871278089450122
FUN_038271,OG_08874,apul,1.3202727986131289,1.2734062128767825,1.2583704494065107,1.3174450276575196,-0.04686658573634639,-0.06190234920661819,-0.04403881478073712,-0.059074578251008925,0.04686658573634639,0.06190234920661819
FUN_038277,OG_08878,apul,23.255798381109308,25.218601514379756,20.734022512072105,22.450112224418437,1.962803133270448,-2.521775869037203,2.7684892899613196,-1.7160897123463315,1.962803133270448,2.521775869037203
FUN_038348,OG_08914,apul,0.6474887622719181,0.6673572771110452,0.7591827249147012,0.6563937484872835,0.019868514839127105,0.11169396264278308,0.010963528623761709,0.10278897642741769,0.019868514839127105,0.11169396264278308
FUN_038364,OG_15312,apul,1.6312716194866599,1.5406179936198356,1.9530542902848134,1.7920690271417314,-0.09065362586682424,0.3217826707981535,-0.2514510335218958,0.16098526314308192,0.09065362586682424,0.3217826707981535
FUN_038376,OG_08920,apul,23.48843251962475,24.878761505101828,23.392043238418164,23.504073178142825,1.3903289854770762,-0.09638928120658719,1.374688326959003,-0.11202993972466047,1.3903289854770762,0.09638928120658719
FUN_038506,OG_13091,apul,43.246337,45.887445875,41.07683985714285,44.826839785714284,2.6411088750000005,-2.1694971428571463,1.060606089285713,-3.749999928571434,2.6411088750000005,2.1694971428571463
FUN_038548,OG_09003,apul,0.8989650403423918,0.8558893138548159,0.8101841296567772,0.8348837386541179,-0.04307572648757585,-0.08878091068561456,0.021005575200698012,-0.024699608997340694,0.04307572648757585,0.08878091068561456
FUN_038614,OG_09024,apul,0.7287938875963719,0.8185540781027967,0.7918928574097694,0.7673613776318027,0.08976019050642481,0.06309896981339758,0.051192700470994,0.02453147977796677,0.08976019050642481,0.06309896981339758
FUN_038814,OG_15334,apul,10.660006173970459,11.15106643401014,10.900679267383158,10.564225320908289,0.4910602600396814,0.24067309341269905,0.5868411131018512,0.3364539464748688,0.4910602600396814,0.24067309341269905
FUN_038933,OG_09106,apul,6.904941882281847,7.1446476781907595,6.9361339580422605,6.943066814389453,0.23970579590891283,0.03119207576041383,0.2015808638013068,-0.006932856347192207,0.23970579590891283,0.03119207576041383
FUN_039285,OG_13149,apul,4.385994026190476,4.069633342857143,2.7991174585714287,3.5606694142857145,-0.31636068333333256,-1.586876567619047,0.5089639285714287,-0.7615519557142858,0.31636068333333256,1.586876567619047
FUN_039330,OG_13153,apul,30.832131668065998,29.306943549965194,28.658152105288686,28.95268806359417,-1.5251881181008038,-2.173979562777312,0.35425548637102366,-0.2945359583054845,1.5251881181008038,2.173979562777312
FUN_039344,OG_13154,apul,23.60962575,27.945793999999996,25.833333250000003,16.4285715,4.3361682499999965,2.2237075000000033,11.517222499999995,9.404761750000002,4.3361682499999965,2.2237075000000033
FUN_039850,OG_09174,apul,6.616952892435202,7.1204733904470565,6.638882944974884,6.82834940924553,0.5035204980118548,0.021930052539682166,0.2921239812015264,-0.18946646427064628,0.5035204980118548,0.021930052539682166
FUN_039881,OG_13190,apul,7.449962196580433,8.21963756687439,7.826043772844151,7.605658029404803,0.7696753702939567,0.37608157626371774,0.6139795374695867,0.2203857434393477,0.7696753702939567,0.37608157626371774
FUN_039882,OG_13191,apul,1.62647103060432,1.4616941225649147,1.4235703096548915,1.4393958543995276,-0.16477690803940526,-0.20290072094942846,0.02229826816538716,-0.015825544744636044,0.16477690803940526,0.20290072094942846
FUN_039969,OG_13197,apul,1.136899060435268,1.0683735245396826,1.138575548217262,1.1653952092708333,-0.06852553589558541,0.0016764877819939183,-0.09702168473115069,-0.026819661053571364,0.06852553589558541,0.0016764877819939183
FUN_039983,OG_15374,apul,0.33697454535028676,0.42690131417352284,0.2808175037355605,0.4366687549218815,0.08992676882323608,-0.05615704161472623,-0.009767440748358669,-0.15585125118632098,0.08992676882323608,0.05615704161472623
FUN_040002,OG_13201,apul,0.6501738612314388,0.7266330567485919,0.6247727712749616,0.563869591953405,0.07645919551715308,-0.025401089956477274,0.16276346479518689,0.06090317932155653,0.07645919551715308,0.025401089956477274
FUN_040013,OG_15375,apul,0.6846642613731656,0.5508741248302885,0.4152576469651592,0.5726195123589898,-0.13379013654287708,-0.2694066144080064,-0.021745387528701254,-0.15736186539383057,0.13379013654287708,0.2694066144080064
FUN_040037,OG_09247,apul,0.3964910378361858,0.4132251948839601,0.37119308934004736,0.4114632756587883,0.016734157047774312,-0.025297948496138423,0.0017619192251717708,-0.040270186318740964,0.016734157047774312,0.025297948496138423
FUN_040120,OG_13211,apul,2.232721918148664,2.1632849235120535,2.324968802566574,2.0610372414560576,-0.06943699463661046,0.09224688441790985,0.10224768205599588,0.2639315611105162,0.06943699463661046,0.09224688441790985
FUN_040121,OG_15383,apul,0.5166465095659573,0.3137872606808856,0.489635209413271,0.5402643669306868,-0.20285924888507167,-0.02701130015268627,-0.22647710624980122,-0.05062915751741581,0.20285924888507167,0.02701130015268627
FUN_040159,OG_13214,apul,0.7123528426846101,0.9546884122245226,0.8397882296503336,0.7733190513825627,0.24233556953991253,0.12743538696572354,0.18136936084195987,0.06646917826777088,0.24233556953991253,0.12743538696572354
FUN_040162,OG_13215,apul,1.112114903765471,2.1186292565528637,1.6449073097921474,1.921244354693728,1.0065143527873928,0.5327924060266764,0.19738490185913582,-0.2763370449015805,1.0065143527873928,0.5327924060266764
FUN_040209,OG_09310,apul,0.9523692594988736,0.8067193219664138,0.8021637705966569,0.7616358989006691,-0.1456499375324598,-0.15020548890221674,0.045083423065744754,0.040527871695987816,0.1456499375324598,0.15020548890221674
FUN_040419,OG_13239,apul,2.4106215004249028,2.4278707903732406,2.4581789903432916,2.374986841921234,0.017249289948337854,0.04755748991838882,0.052883948452006724,0.08319214842205769,0.017249289948337854,0.04755748991838882
FUN_041212,OG_09423,apul,0.6533926550751881,1.599153755263158,0.6524578455513785,0.6544706096491228,0.94576110018797,-0.0009348095238095322,0.9446831456140352,-0.002012764097744313,0.94576110018797,0.0009348095238095322
FUN_041213,OG_09424,apul,27.79118409299603,28.60233666943452,27.27706392471726,27.00564026994048,0.8111525764384915,-0.5141201682787688,1.5966963994940429,0.27142365477678254,0.8111525764384915,0.5141201682787688
FUN_041463,OG_09455,apul,9.255953098126065,9.947961912305363,9.65658677252499,9.458960792895246,0.6920088141792977,0.40063367439892517,0.48900111941011737,0.19762597962974482,0.6920088141792977,0.40063367439892517
FUN_041519,OG_09486,apul,13.894355613387832,15.127094371234998,15.38740396768144,13.945081142490842,1.2327387578471658,1.4930483542936077,1.1820132287441556,1.4423228251905975,1.2327387578471658,1.4930483542936077
FUN_041521,OG_09487,apul,14.632035971965704,14.918402224033374,15.342620354553585,14.014161690718783,0.2863662520676691,0.7105843825878804,0.9042405333145904,1.3284586638348017,0.2863662520676691,0.7105843825878804
FUN_041565,OG_09511,apul,18.950881164545837,21.261509620450525,19.91024598192453,19.630692812978207,2.3106284559046877,0.9593648173786917,1.6308168074723177,0.27955316894632176,2.3106284559046877,0.9593648173786917
FUN_041743,OG_09596,apul,0.785792635932299,0.6203182384219141,0.7779027199024786,0.7088836046477401,-0.16547439751038484,-0.007889916029820365,-0.088565366225826,0.06901911525473847,0.16547439751038484,0.007889916029820365
FUN_041744,OG_09597,apul,0.562656852337931,0.56472069587186,0.5408844791140135,0.6830753860905635,0.0020638435339290773,-0.02177237322391745,-0.11835469021870348,-0.14219090697655,0.0020638435339290773,0.02177237322391745
FUN_041745,OG_09598,apul,0.5278174645605985,0.6408555885654349,0.5976175402643435,0.557051272213955,0.11303812400483637,0.06980007570374502,0.08380431635147989,0.04056626805038854,0.11303812400483637,0.06980007570374502
FUN_041813,OG_15459,apul,0.39863553470729735,0.43692850554150864,0.31777810432206066,0.38080276841375194,0.03829297083421129,-0.08085743038523668,0.0561257371277567,-0.06302466409169127,0.03829297083421129,0.08085743038523668
FUN_041831,OG_13334,apul,0.49100725845552656,0.4781422047897309,0.5384338144296845,0.4543902318984708,-0.012865053665795656,0.04742655597415796,0.02375197289126013,0.08404358253121375,0.012865053665795656,0.04742655597415796
FUN_041831,OG_15462,apul,0.49100725845552656,0.4781422047897309,0.5384338144296845,0.4543902318984708,-0.012865053665795656,0.04742655597415796,0.02375197289126013,0.08404358253121375,0.012865053665795656,0.04742655597415796
FUN_041833,OG_09638,apul,0.5910556925826815,0.44800557437216965,0.4885731725424272,0.6102998691734138,-0.1430501182105119,-0.10248252004025432,-0.1622942948012442,-0.12172669663098662,0.1430501182105119,0.10248252004025432
FUN_041862,OG_09657,apul,7.5063080516122005,8.286226112473546,7.535372796560846,7.703213142346716,0.7799180608613456,0.02906474494864586,0.5830129701268305,-0.16784034578586926,0.7799180608613456,0.02906474494864586
FUN_042624,OG_09806,apul,12.750776622419009,13.590497876140386,12.180747801518995,12.220346113141426,0.8397212537213772,-0.5700288209000135,1.37015176299896,-0.03959831162243077,0.8397212537213772,0.5700288209000135
FUN_042991,OG_09896,apul,5.72280301736188,6.27828046076658,5.84872686359973,5.390065311184939,0.5554774434047003,0.1259238462378498,0.888215149581641,0.45866155241479056,0.5554774434047003,0.1259238462378498
FUN_042992,OG_09897,apul,0.8606812142820056,0.640347896723409,0.7449532127151016,0.8586499935784749,-0.22033331755859664,-0.11572800156690399,-0.21830209685506596,-0.11369678086337331,0.22033331755859664,0.11572800156690399
FUN_043106,OG_09942,apul,8.686573503080083,9.184626474658637,8.281564419713943,8.777893196444975,0.498052971578554,-0.4050090833661404,0.4067332782136628,-0.4963287767310316,0.498052971578554,0.4050090833661404
FUN_043151,OG_09969,apul,0.5395978052047389,0.4676895605544053,0.5343088262717582,0.5098897375143777,-0.07190824465033357,-0.005288978932980637,-0.04220017695997241,0.024419088757380525,0.07190824465033357,0.005288978932980637
FUN_043166,OG_13428,apul,1.2998291747607045,1.2526393972709815,1.44463891589477,1.4982852164926337,-0.04718977748972297,0.14480974113406542,-0.24564581922165218,-0.053646300597863794,0.04718977748972297,0.14480974113406542
FUN_043179,OG_09986,apul,3.2940259458704464,3.3869173709151728,3.062354801876594,3.081863046840147,0.09289142504472636,-0.23167114399385236,0.30505432407502564,-0.01950824496355308,0.09289142504472636,0.23167114399385236
FUN_043236,OG_10002,apul,3.6142288962043616,4.219784146529848,3.622544492913195,3.8386984376232514,0.605555250325486,0.008315596708833528,0.3810857089065962,-0.21615394471005622,0.605555250325486,0.008315596708833528
FUN_043238,OG_10004,apul,37.637858551059196,41.02215793071071,37.45302922207304,38.564045268465804,3.384299379651516,-0.18482932898615445,2.4581126622449077,-1.1110160463927627,3.384299379651516,0.18482932898615445
FUN_043242,OG_10007,apul,1.3318976233539754,1.3239708728660997,1.2837922202324603,1.2606393231247182,-0.007926750487875722,-0.04810540312151512,0.06333154974138155,0.023152897107742154,0.007926750487875722,0.04810540312151512
FUN_043243,OG_10008,apul,1.3472141513601796,1.5912852689927526,1.3827212316771296,1.404786993931506,0.24407111763257294,0.035507080316949935,0.1864982750612465,-0.02206576225437651,0.24407111763257294,0.035507080316949935
FUN_043309,OG_10039,apul,0.9609916278655453,0.9115813929769392,0.8863035208882399,0.86816274667066,-0.049410234888606075,-0.07468810697730532,0.04341864630627923,0.01814077421757998,0.049410234888606075,0.07468810697730532
FUN_043348,OG_13451,apul,1.2075492652815327,1.0999663259006212,1.1466500484214266,1.1555470628719604,-0.10758293938091157,-0.06089921686010613,-0.05558073697133925,-0.008897014450533813,0.10758293938091157,0.06089921686010613
FUN_043349,OG_10055,apul,8.332245221183685,9.520229861293105,9.054085584201006,8.597911380305662,1.1879846401094198,0.7218403630173214,0.9223184809874425,0.456174203895344,1.1879846401094198,0.7218403630173214
FUN_043460,OG_13465,apul,71.16655481010015,77.15230071368103,74.67954267595427,71.8325672028817,5.985745903580877,3.5129878658541145,5.319733510799324,2.846975473072561,5.985745903580877,3.5129878658541145
FUN_043461,OG_13466,apul,11.053774698540705,11.49388461185996,10.99897653798963,10.5407018031362,0.44010991331925453,-0.05479816055107456,0.9531828087237599,0.45827473485343084,0.44010991331925453,0.05479816055107456
FUN_043479,OG_10109,apul,12.633541199747768,14.034748659419382,13.462021628389884,12.513428186840498,1.401207459671614,0.8284804286421164,1.5213204725788838,0.9485934415493862,1.401207459671614,0.8284804286421164
FUN_043499,OG_10121,apul,7.250247313208234,7.4903984368774505,7.170053046949104,6.957674309206242,0.2401511236692162,-0.08019426625912995,0.5327241276712087,0.21237873774286253,0.2401511236692162,0.08019426625912995
FUN_043547,OG_15544,apul,0.6252270204549893,0.5838275052605517,0.6142812956021424,0.5726779169749212,-0.04139951519443763,-0.01094572485284695,0.011149588285630507,0.04160337862722119,0.04139951519443763,0.01094572485284695
FUN_043576,OG_13481,apul,1.3183790435515874,1.037944561430776,1.086613176282334,1.2839716896457967,-0.28043448212081135,-0.23176586726925352,-0.2460271282150206,-0.19735851336346277,0.28043448212081135,0.23176586726925352
FUN_043594,OG_13484,apul,0.9942001387585239,0.9680404683786029,1.172590228164575,1.096429621811071,-0.026159670379920952,0.17839008940605117,-0.12838915343246804,0.07616060635350408,0.026159670379920952,0.17839008940605117
FUN_043596,OG_15550,apul,0.4294037279903628,0.370009932439386,0.47643721539115647,0.3938521137809611,-0.05939379555097679,0.04703348740079366,-0.023842181341575064,0.08258510161019539,0.05939379555097679,0.04703348740079366
FUN_043598,OG_10183,apul,0.4403026422383892,0.350396822946796,0.34379356417989415,0.45922543108024694,-0.08990581929159319,-0.09650907805849507,-0.10882860813345091,-0.11543186690035279,0.08990581929159319,0.09650907805849507
FUN_043637,OG_15551,apul,0.37396919635777626,0.3722939101926373,0.3617871274144869,0.5267513587078023,-0.0016752861651389561,-0.012182068943289381,-0.15445744851516502,-0.16496423129331544,0.0016752861651389561,0.012182068943289381
FUN_043638,OG_10205,apul,1.2651333287108537,1.0962074462623337,1.2347741616996462,1.0294033042806199,-0.16892588244852003,-0.030359167011207555,0.0668041419817138,0.20537085741902628,0.16892588244852003,0.030359167011207555
