feature,id,pval,qval
intron,4619,1.722577636087408e-11,3.5071128651198435e-7
intron,12138,1.5547563236850692e-11,3.5071128651198435e-7
intron,12140,5.928035839986023e-12,3.5071128651198435e-7
intron,12141,8.93818352665221e-12,3.5071128651198435e-7
intron,47924,1.7659429474292665e-11,3.5071128651198435e-7
intron,47927,1.8676282742546846e-11,3.5071128651198435e-7
intron,50623,9.68225499775599e-12,3.5071128651198435e-7
intron,114665,1.9455992372741093e-11,3.5071128651198435e-7
intron,24922,2.2556956302821618e-11,3.614301108401108e-7
intron,39918,3.569700091077266e-11,5.147757410339793e-7
intron,12142,4.056044389244562e-11,5.317363574907187e-7
intron,51318,4.9465320728359075e-11,5.628154692294274e-7
intron,56759,5.1978643611505504e-11,5.628154692294274e-7
intron,114664,5.463962615692708e-11,5.628154692294274e-7
intron,93834,6.78685996291506e-11,5.757133615718188e-7
intron,99754,6.105405070400138e-11,5.757133615718188e-7
intron,162762,6.404077268484798e-11,5.757133615718188e-7
intron,4620,7.810874169678073e-11,5.928330165193504e-7
intron,51319,7.773004462308108e-11,5.928330165193504e-7
intron,4621,9.87367965166186e-11,6.190668354466095e-7
intron,47917,9.69484492685524e-11,6.190668354466095e-7
intron,47926,9.383704924204039e-11,6.190668354466095e-7
intron,143055,9.8713703877706394e-11,6.190668354466095e-7
intron,49367,1.2322987075208403e-10,7.404420821477409e-7
intron,12139,1.3093104378469889e-10,7.552469212424029e-7
intron,47925,1.7097423476997164e-10,9.482954412874347e-7
intron,48834,2.0161849967337275e-10,1.038385677942788e-6
intron,114663,1.9884316415641479e-10,1.038385677942788e-6
intron,47922,2.1516977088964495e-10,1.0643535103594196e-6
intron,47928,2.2880275452052956e-10,1.0643535103594196e-6
intron,49368,2.253346398362055e-10,1.0643535103594196e-6
intron,141419,2.3768942369883916e-10,1.071139960104328e-6
intron,5005,2.542273058736555e-10,1.1109502150946133e-6
intron,93841,2.6860946800155716e-10,1.1392754574147222e-6
intron,51322,2.9152968927803613e-10,1.2011606257633643e-6
intron,39114,3.0723390498366143e-10,1.2307022148883018e-6
intron,99756,3.181003238594826e-10,1.2397917135893084e-6
intron,99753,3.3090985507300275e-10,1.2557767755398027e-6
intron,144271,3.653031210859581e-10,1.316981679561069e-6
intron,163773,3.621271060794129e-10,1.316981679561069e-6
intron,20509,4.1459013999656236e-10,1.3440090783344438e-6
intron,33265,4.1981329523821387e-10,1.3440090783344438e-6
intron,93840,4.182603152713682e-10,1.3440090783344438e-6
intron,99755,3.842812734689005e-10,1.3440090783344438e-6
intron,114667,4.128641872824801e-10,1.3440090783344438e-6
intron,163770,4.287199484309667e-10,1.3440090783344438e-6
intron,51316,4.64564720026317e-10,1.4253932889539382e-6
intron,51314,4.812699128109443e-10,1.4458852149318302e-6
intron,51320,5.114089152158385e-10,1.5050764374802128e-6
intron,47921,5.258661284202049e-10,1.5163172331862241e-6
intron,140616,5.362581489976037e-10,1.5163172331862241e-6
intron,93835,5.917242251740618e-10,1.6409764488399216e-6
intron,4622,6.272560248987702e-10,1.7066926336335275e-6
intron,51317,6.487684833800245e-10,1.7223902627967872e-6
intron,125098,6.569130794886746e-10,1.7223902627967872e-6
intron,9884,7.218177167089834e-10,1.7298536040321254e-6
intron,14819,7.170783966614636e-10,1.7298536040321254e-6
intron,56758,7.068925444997376e-10,1.7298536040321254e-6
intron,75339,7.210270158708454e-10,1.7298536040321254e-6
intron,114666,7.317333405865156e-10,1.7298536040321254e-6
intron,144270,6.899554261252661e-10,1.7298536040321254e-6
intron,14818,7.970875071094952e-10,1.7950879820440345e-6
intron,16023,8.001201923235612e-10,1.7950879820440345e-6
intron,47923,8.091196601611728e-10,1.7950879820440345e-6
intron,140617,7.751932429300723e-10,1.7950879820440345e-6
intron,4618,9.049889726497895e-10,1.8279221349573413e-6
intron,27008,9.234659703594161e-10,1.8279221349573413e-6
intron,47918,9.25324816769546e-10,1.8279221349573413e-6
intron,47920,8.546221508254348e-10,1.8279221349573413e-6
intron,63528,9.013910728938868e-10,1.8279221349573413e-6
intron,65716,9.117391286395105e-10,1.8279221349573413e-6
intron,101427,9.181619908815719e-10,1.8279221349573413e-6
intron,125097,9.078665597073154e-10,1.8279221349573413e-6
intron,92580,9.872990203163567e-10,1.9026470870819877e-6
intron,92581,9.895395614023528e-10,1.9026470870819877e-6
intron,75338,1.0940153227778637e-9,2.013011619270144e-6
intron,93833,1.0877378997520282e-9,2.013011619270144e-6
intron,93842,1.116734482664583e-9,2.013011619270144e-6
intron,99752,1.0861135324446991e-9,2.013011619270144e-6
intron,109807,1.1135177224730342e-9,2.013011619270144e-6
intron,31151,1.1642360409069852e-9,2.072728231494736e-6
intron,20898,1.2423441164699511e-9,2.1584905783588223e-6
intron,65882,1.2368348567548537e-9,2.1584905783588223e-6
intron,136294,1.2802154891744522e-9,2.171953353498591e-6
intron,163774,1.2663414761249214e-9,2.171953353498591e-6
intron,145034,1.322493226041388e-9,2.217590472648261e-6
intron,27012,1.3439263035763815e-9,2.2276273616073477e-6
intron,24923,1.3978158630578719e-9,2.2814208662909884e-6
intron,60522,1.4080208110556214e-9,2.2814208662909884e-6
intron,155594,1.4376824175599268e-9,2.3035985376562705e-6
intron,4520,1.5183675428076526e-9,2.332528413680859e-6
intron,49366,1.5200780634216926e-9,2.332528413680859e-6
intron,51321,1.530727766763107e-9,2.332528413680859e-6
intron,99757,1.5366119487936203e-9,2.332528413680859e-6
intron,153795,1.4887849841827006e-9,2.332528413680859e-6
intron,319,1.6062611241096647e-9,2.3397383628735597e-6
intron,9886,1.563627449741034e-9,2.3397383628735597e-6
intron,27007,1.5915646578434917e-9,2.3397383628735597e-6
intron,30364,1.5846171041999924e-9,2.3397383628735597e-6
intron,4626,1.6361139110188105e-9,2.342960863733299e-6
intron,47919,1.6572150318694412e-9,2.342960863733299e-6
intron,92579,1.6505132816035939e-9,2.342960863733299e-6
intron,138728,1.7253187767352074e-9,2.4155635421034374e-6
intron,31150,1.7585067846326297e-9,2.438355652803054e-6
intron,51323,1.9003543183515603e-9,2.5758018555033235e-6
intron,63529,1.8925571110273154e-9,2.5758018555033235e-6
intron,101421,1.9220618430182412e-9,2.5758018555033235e-6
intron,114669,1.9290783415115698e-9,2.5758018555033235e-6
intron,131766,1.9527560679577505e-9,2.583496277908104e-6
intron,30366,1.9736536849279673e-9,2.5874061540218853e-6
intron,163771,2.0279057322269978e-9,2.634578395741069e-6
intron,9887,2.10787609589147e-9,2.6900043200019576e-6
intron,125099,2.1034975983269533e-9,2.6900043200019576e-6
intron,51315,2.191538284179728e-9,2.772238257427246e-6
intron,4515,2.246485109047569e-9,2.7927489493139896e-6
intron,42233,2.23736718041323e-9,2.7927489493139896e-6
intron,141418,2.3242991975536142e-9,2.8647881571078123e-6
intron,139503,2.416273403582636e-9,2.952911345003739e-6
intron,18293,2.5126155600574407e-9,3.026796663357922e-6
intron,142630,2.5187099073065156e-9,3.026796663357922e-6
intron,56757,2.5912229029145806e-9,3.0882023236413462e-6
intron,31459,2.7842002037203883e-9,3.2909931047369346e-6
intron,141413,2.8150346498279077e-9,3.300387819087261e-6
intron,30365,3.0150153484953535e-9,3.3704365764377475e-6
intron,31457,2.90531954050266e-9,3.3704365764377475e-6
intron,31458,2.9277367197266813e-9,3.3704365764377475e-6
intron,90598,2.968681966919462e-9,3.3704365764377475e-6
intron,138727,3.001985104944538e-9,3.3704365764377475e-6
intron,145033,2.9453328664885703e-9,3.3704365764377475e-6
intron,47929,3.0960872754448587e-9,3.434441982539052e-6
intron,4514,3.156636729784168e-9,3.4608974563041677e-6
intron,82863,3.1919349385844953e-9,3.4608974563041677e-6
intron,93837,3.1871327799137816e-9,3.4608974563041677e-6
intron,39917,3.252577207568663e-9,3.5003313535213e-6
intron,109805,3.2858250564871128e-9,3.509918325339534e-6
intron,39113,3.414969529380585e-9,3.621047874436662e-6
intron,109808,3.463249798052459e-9,3.6454369607865032e-6
intron,42231,3.5794982533587927e-9,3.687062175872224e-6
intron,93839,3.567054873698794e-9,3.687062175872224e-6
intron,143056,3.5615979054881564e-9,3.687062175872224e-6
intron,155592,3.6922795931815244e-9,3.776259314141334e-6
intron,80459,3.76273356916812e-9,3.821214928232585e-6
intron,35277,3.920803015589058e-9,3.953896786496862e-6
intron,65879,3.978470664023348e-9,3.984189715602882e-6
intron,89100,4.028333444594523e-9,4.006302627894085e-6
intron,85792,4.150110699541187e-9,4.0991439291009315e-6
intron,156839,4.26428248267996e-9,4.1832611155090405e-6
intron,17892,4.3740957522686585e-9,4.26199477126626e-6
intron,77539,4.466322200968875e-9,4.322650507618245e-6
intron,101420,4.526824248785033e-9,4.351998296296955e-6
intron,14816,4.777634288188892e-9,4.562704025144739e-6
intron,4521,5.118505175261134e-9,4.856080761900542e-6
intron,317,5.197978825144389e-9,4.867434626218162e-6
intron,132262,5.1823587643440305e-9,4.867434626218162e-6
intron,155591,5.236819422549388e-9,4.872167861081158e-6
intron,65883,5.5379205665673226e-9,5.054474121158062e-6
intron,104931,5.530566227207601e-9,5.054474121158062e-6
intron,109813,5.48269096789511e-9,5.054474121158062e-6
intron,27006,5.675408587535458e-9,5.069845979495853e-6
intron,67261,5.628172816685151e-9,5.069845979495853e-6
intron,84204,5.695389604376544e-9,5.069845979495853e-6
intron,163775,5.679083869836177e-9,5.069845979495853e-6
intron,29548,5.801508384806198e-9,5.101329997852118e-6
intron,125096,5.797899160775444e-9,5.101329997852118e-6
intron,132261,6.243530803473618e-9,5.456732403494061e-6
intron,65714,6.321217882465646e-9,5.4913485974501415e-6
intron,138210,6.451928102890747e-9,5.571336502596204e-6
intron,4627,6.583221745515289e-9,5.650872965806686e-6
intron,83040,6.769792282312892e-9,5.764011406349327e-6
intron,152361,6.794967921663897e-9,5.764011406349327e-6
intron,24921,6.9004298941521824e-9,5.785408684569789e-6
intron,31152,6.86327350507554e-9,5.785408684569789e-6
intron,60286,6.955538367492409e-9,5.797903591681952e-6
intron,69251,7.028566617606202e-9,5.825106357615733e-6
intron,109814,7.0917003380799315e-9,5.843844746591387e-6
intron,138737,7.143339475490507e-9,5.852952021261701e-6
intron,20327,7.2850221410902805e-9,5.935317445763876e-6
intron,163772,7.523886402793778e-9,6.095489249930799e-6
intron,20326,7.568211946029635e-9,6.097146034084333e-6
intron,66307,7.777280264242847e-9,6.230768083698157e-6
intron,109809,8.288222441699133e-9,6.603423721823796e-6
intron,4519,8.645782867411356e-9,6.813018633665516e-6
intron,63822,8.601442003097759e-9,6.813018633665516e-6
intron,31460,8.726067424191797e-9,6.817230718501115e-6
intron,109806,8.792949812708173e-9,6.817230718501115e-6
intron,158374,8.762624403857444e-9,6.817230718501115e-6
intron,63292,8.884638358352959e-9,6.8514815173422735e-6
intron,65715,9.015039603710306e-9,6.9150628517672985e-6
intron,66306,9.135385115044414e-9,6.970298842778888e-6
intron,42232,9.188449778818608e-9,6.973888301337342e-6
intron,141417,9.48129352806859e-9,7.158475894252289e-6
intron,5006,9.688437385690918e-9,7.276773385824636e-6
intron,33266,9.963029512505273e-9,7.405869056236328e-6
intron,139815,9.95517157598158e-9,7.405869056236328e-6
intron,16022,1.0118907600720206e-8,7.410445182245227e-6
intron,41196,1.004108263202852e-8,7.410445182245227e-6
intron,42230,1.01747359426696e-8,7.410445182245227e-6
intron,161511,1.0143824002994961e-8,7.410445182245227e-6
intron,153637,1.0341534961710863e-8,7.456608661117192e-6
intron,155590,1.0340662104368903e-8,7.456608661117192e-6
intron,80463,1.0418970131098604e-8,7.47506679450416e-6
intron,4517,1.0574333741963926e-8,7.511787910972374e-6
intron,20703,1.0563643071392903e-8,7.511787910972374e-6
intron,145031,1.0672659422894526e-8,7.544471555869367e-6
intron,4518,1.0751499024408417e-8,7.563128877135926e-6
intron,5705,1.1065457439229931e-8,7.674585817252223e-6
intron,41267,1.1176038761107066e-8,7.674585817252223e-6
intron,103460,1.116959813529661e-8,7.674585817252223e-6
intron,121560,1.1124641430271254e-8,7.674585817252223e-6
intron,144403,1.111521086283318e-8,7.674585817252223e-6
intron,6022,1.1282012213342796e-8,7.710640451419548e-6
intron,31149,1.1385225873183913e-8,7.744477676859589e-6
intron,144272,1.1609479155794133e-8,7.859944416054482e-6
intron,82890,1.1672624644631924e-8,7.865767206207645e-6
intron,43176,1.2169059981914643e-8,8.162156431683558e-6
intron,145035,1.284350081842689e-8,8.574642233902252e-6
intron,64907,1.2993306097719426e-8,8.58214225499064e-6
intron,87683,1.3033272683316e-8,8.58214225499064e-6
intron,101426,1.3027853240643594e-8,8.58214225499064e-6
intron,132260,1.373536739901482e-8,9.003346029589683e-6
intron,2594,1.4044322704798162e-8,9.160768652852128e-6
intron,29833,1.4102579215524713e-8,9.160768652852128e-6
intron,14817,1.4312841800645515e-8,9.255659092133129e-6
intron,7911,1.5050877655298223e-8,9.646408506833736e-6
intron,155593,1.5039861800403287e-8,9.646408506833736e-6
intron,155560,1.536599936180494e-8,9.804799424636304e-6
intron,15328,1.572954078099542e-8,9.992554570066108e-6
intron,39919,1.6699567506606172e-8,1.0528853528345471e-5
intron,42889,1.6719767126360807e-8,1.0528853528345471e-5
intron,20702,1.6931632318417655e-8,1.0615912616269802e-5
intron,4628,1.726147424996327e-8,1.073179251558566e-5
intron,56900,1.7265291307744235e-8,1.073179251558566e-5
intron,65717,1.7766871307500764e-8,1.0996168286011858e-5
intron,24162,1.7974860710978646e-8,1.0998042164872168e-5
intron,33264,1.787464753988388e-8,1.0998042164872168e-5
intron,46658,1.799869597807202e-8,1.0998042164872168e-5
intron,141309,1.8218207831210975e-8,1.1085202939727599e-5
intron,9885,1.853312170396748e-8,1.118245138729723e-5
intron,121558,1.8513575783529745e-8,1.118245138729723e-5
intron,53923,1.8953204006244562e-8,1.1388269542202121e-5
intron,20706,1.9270183559960685e-8,1.1530686143698136e-5
intron,124996,1.9470178358460544e-8,1.1602214919580659e-5
intron,33267,1.9570178477756883e-8,1.1613813694411057e-5
intron,130445,1.9770413750563876e-8,1.1639652614148233e-5
intron,159431,1.9775148851763902e-8,1.1639652614148233e-5
intron,138729,1.991197340345252e-8,1.1672544506470235e-05
intron,1442,2.0334206540795208e-8,1.1823931139630866e-5
intron,5008,2.031397250412681e-8,1.1823931139630866e-5
intron,95802,2.0455566129840008e-8,1.184673022042505e-5
intron,114668,2.1009344042255407e-8,1.2118777905206101e-5
intron,20331,2.130265086552896e-8,1.2227627337274495e-5
intron,75340,2.1452424059376085e-8,1.2227627337274495e-5
intron,105536,2.1419481299744803e-8,1.2227627337274495e-5
intron,109804,2.211822880404668e-8,1.255749378403606e-5
intron,139502,2.2619919604061067e-8,1.2759448152192647e-5
intron,141302,2.2650902709031584e-8,1.2759448152192647e-5
intron,82888,2.300793766618625e-8,1.291013878220903e-5
intron,154134,2.315648650608182e-8,1.2943129649544733e-5
intron,89102,2.3348901923014864e-8,1.300028995989268e-5
intron,77538,2.3591446463022692e-8,1.3084814308050435e-5
intron,5004,2.3950847305442835e-8,1.3132622955802261e-5
intron,103464,2.3921050806841038e-8,1.3132622955802261e-5
intron,121559,2.387284481208951e-8,1.3132622955802261e-5
intron,318,2.469163318252754e-8,1.3297214812863378e-5
intron,33799,2.4677315746401973e-8,1.3297214812863378e-5
intron,87682,2.4804279852297384e-8,1.3297214812863378e-5
intron,122677,2.4597349490562692e-8,1.3297214812863378e-5
intron,143058,2.4774458484699835e-8,1.3297214812863378e-5
intron,161277,2.4567215262116804e-8,1.3297214812863378e-5
intron,50281,2.489776962377732e-8,1.3297898756059469e-5
intron,105535,2.5085129973234643e-8,1.3347634535815794e-5
intron,121564,2.5176008056071453e-8,1.3347634535815794e-5
intron,84001,2.5361247990574043e-8,1.3396591534713228e-5
intron,125164,2.6391114626989065e-8,1.3889720682533621e-5
intron,56756,2.6705665345794216e-8,1.4004159572803442e-5
intron,5007,2.701022627782379e-8,1.4031863511825465e-5
intron,9882,2.7337454189257926e-8,1.4031863511825465e-5
intron,27011,2.7199175578473955e-8,1.4031863511825465e-5
intron,63291,2.7165344640422973e-8,1.4031863511825465e-5
intron,78142,2.6944652398164237e-8,1.4031863511825465e-5
intron,162829,2.7342317965306506e-8,1.4031863511825465e-5
intron,138206,2.774649177084143e-8,1.4188788435452942e-5
intron,39117,2.817666044929723e-8,1.435785043608412e-5
intron,49570,2.9350054164822836e-8,1.4903110073755659e-5
intron,118167,2.9784722355152837e-8,1.5019706336563008e-5
intron,161506,2.9787985411644513e-8,1.5019706336563008e-5
intron,82858,2.997112824587589e-8,1.505939543886071e-5
intron,25887,3.032433348870711e-8,1.5113359368320486e-5
intron,38427,3.0185697497131514e-8,1.5113359368320486e-5
intron,108884,3.049773988905713e-8,1.5113359368320486e-5
intron,127918,3.04488394498037e-8,1.5113359368320486e-5
intron,65719,3.077010057861429e-8,1.5186881063330168e-5
intron,146442,3.0856727839534415e-8,1.5186881063330168e-5
intron,20704,3.114742652687852e-8,1.5221716525031823e-5
intron,89101,3.1213399975804634e-8,1.5221716525031823e-5
intron,162287,3.1244170473065935e-8,1.5221716525031823e-5
intron,82859,3.313843177643605e-8,1.6090214919813178e-5
intron,14834,3.372457291206388e-8,1.6256323474400648e-5
intron,26930,3.381872615282333e-8,1.6256323474400648e-5
intron,143399,3.365241330044455e-8,1.6256323474400648e-5
intron,44750,3.4019310479749265e-8,1.629841430682127e-5
intron,142631,3.4163740947334986e-8,1.6313412552292507e-5
intron,124994,3.444158891419136e-8,1.6391809282339252e-5
intron,83996,3.4627581246837735e-8,1.6426117134416873e-5
intron,46239,3.4838950169202576e-8,1.6472198318197365e-5
intron,144269,3.556236793933465e-8,1.6759288867410562e-5
intron,74574,3.605223763969434e-8,1.6934804668753752e-5
intron,76775,3.638536472116982e-8,1.6980661133804973e-5
intron,89103,3.638303602837567e-8,1.6980661133804973e-5
intron,24161,3.657512648302941e-8,1.7014158918510394e-5
intron,60523,3.730992559347612e-8,1.7300168617551163e-5
intron,65880,3.920572133608857e-8,1.8005539671061543e-5
intron,75375,3.9117747707706485e-8,1.8005539671061543e-5
intron,135573,3.9163623011262416e-8,1.8005539671061543e-5
intron,19182,3.9508889493333754e-8,1.8087169610048193e-5
intron,1444,3.9918479188827405e-8,1.8216848507541877e-5
intron,31463,4.0942822354672614e-8,1.8625367770663324e-5
intron,1443,4.120613428248987e-8,1.863922719261149e-5
intron,99758,4.1231795089302636e-8,1.863922719261149e-5
intron,6770,4.137541464999117e-8,1.864570131384774e-5
intron,89707,4.24054708014765e-8,1.8917090812327803e-5
intron,123979,4.227217687002849e-8,1.8917090812327803e-5
intron,138205,4.250235718927797e-8,1.8917090812327803e-5
intron,138724,4.2480460482607896e-8,1.8917090812327803e-5
intron,4516,4.3200470090098975e-8,1.9051407309733648e-5
intron,100321,4.307673162617931e-8,1.9051407309733648e-5
intron,141325,4.3180377495843913e-8,1.9051407309733648e-5
intron,49018,4.3938141347510395e-8,1.9317644967379365e-5
intron,18175,4.41026339892403e-8,1.9331028996007223e-5
intron,80462,4.451033341901223e-8,1.9450611064713625e-5
intron,7499,4.467815950537357e-8,1.9464964796952892e-5
intron,118165,4.53540783817985e-8,1.9699926449409687e-5
intron,101425,4.5863750464114617e-8,1.9802017554426877e-5
intron,162288,4.577652312764968e-8,1.9802017554426877e-5
intron,75341,4.671838960135233e-8,1.999145047252883e-5
intron,80460,4.653967078382948e-8,1.999145047252883e-5
intron,115704,4.6628925720604286e-8,1.999145047252883e-5
intron,73598,4.721971991195062e-8,2.011003748593562e-5
intron,158630,4.727442293184225e-8,2.011003748593562e-5
intron,20701,4.788156238166863e-8,2.011348367868103e-5
intron,27010,4.752461557622212e-8,2.011348367868103e-5
intron,39112,4.811549181304997e-8,2.011348367868103e-5
intron,83036,4.811938303372898e-8,2.011348367868103e-5
intron,141310,4.765346106605506e-8,2.011348367868103e-5
intron,156840,4.792690933008714e-8,2.011348367868103e-5
intron,156844,4.8886943160297847e-8,2.037525841710136e-5
intron,24853,4.955175458842831e-8,2.0487571818961277e-5
intron,82857,4.9561503567829845e-8,2.0487571818961277e-5
intron,161282,4.9582631667099974e-8,2.0487571818961277e-5
intron,151682,4.9837183824230635e-8,2.0533916479259506e-5
intron,161390,5.016599780027775e-8,2.061050725009873e-5
intron,16746,5.0324213574093335e-8,2.0616772349088856e-5
intron,6771,5.1457150096467785e-8,2.092656215981602e-5
intron,43370,5.1277313506403743e-08,2.092656215981602e-5
intron,152360,5.1515734789120415e-8,2.092656215981602e-5
intron,141322,5.280275594543582e-8,2.138912086130186e-5
intron,44699,5.3604935823514666e-8,2.145620384924438e-5
intron,55150,5.355059973233267e-8,2.145620384924438e-5
intron,80471,5.3712299608044134e-8,2.145620384924438e-5
intron,131767,5.347272680200632e-8,2.145620384924438e-5
intron,139258,5.324087481994866e-8,2.145620384924438e-5
intron,93531,5.465342001187423e-8,2.1771839059813113e-5
intron,91090,5.5550572031215495e-8,2.188738071285654e-5
intron,111686,5.5276518029501176e-8,2.188738071285654e-5
intron,141187,5.547579517983792e-8,2.188738071285654e-5
intron,141303,5.550023418621208e-8,2.188738071285654e-5
intron,111685,5.5980238888864164e-8,2.19439269002493e-5
intron,117103,5.5998426562453574e-8,2.19439269002493e-5
intron,138720,5.640765632364264e-8,2.2044387250578685e-5
intron,41195,5.6581565210933604e-8,2.2052588579386765e-5
intron,109802,5.713299455756271e-8,2.2173964307840084e-5
intron,114670,5.735428021402811e-8,2.2173964307840084e-5
intron,118848,5.724229523718094e-8,2.2173964307840084e-5
intron,109803,5.839474859214988e-8,2.2515859653016463e-5
intron,19737,5.895880916817475e-8,2.267272798323994e-5
intron,100322,5.9438561406111035e-8,2.2796427193327272e-5
intron,89104,6.007794461915239e-8,2.298053092757058e-5
intron,19730,6.077026837303379e-8,2.318385738431239e-5
intron,111687,6.114374007104573e-8,2.320356664322445e-5
intron,132265,6.104065541912007e-8,2.320356664322445e-5
intron,49369,6.138550379120034e-8,2.3229135681856535e-5
intron,86359,6.169436272962514e-8,2.3229135681856535e-5
intron,138177,6.16804296527107e-8,2.3229135681856535e-5
intron,156090,6.345438663402092e-8,2.3829600868052747e-5
intron,103465,6.424758058898306e-8,2.406480741297527e-5
intron,61744,6.474740898987363e-8,2.4189195876172817e-5
intron,51280,6.550223408119393e-8,2.4345053273574054e-5
intron,130562,6.544567732191808e-8,2.4345053273574054e-5
intron,103467,6.605923652536205e-8,2.4488957124968857e-5
intron,80458,6.656093076706782e-8,2.4611672161862945e-5
intron,138176,6.701557775379285e-8,2.4716407726703852e-5
intron,42502,6.76743199257146e-8,2.4813165819871947e-5
intron,46242,6.779412464741341e-8,2.4813165819871947e-5
intron,49529,6.77303155782738e-8,2.4813165819871947e-5
intron,43369,6.89033663459071e-8,2.509727824191711e-5
intron,63823,6.926651785477134e-8,2.509727824191711e-5
intron,63826,6.914821581993635e-8,2.509727824191711e-5
intron,158373,6.922946504950289e-8,2.509727824191711e-5
intron,57265,6.950675213168722e-8,2.512120352043664e-5
intron,14815,6.976523048152217e-8,2.5151586480122168e-5
intron,20705,7.005982660679422e-8,2.5194806522408913e-5
intron,45196,7.033515281307245e-8,2.52308989594894e-5
intron,141324,7.119552181134026e-8,2.5476160332128895e-5
intron,103468,7.202694229935247e-8,2.570987442614535e-5
intron,19307,7.26364600689422e-8,2.5863422215214684e-5
intron,18174,7.309212968209522e-8,2.596156833760075e-5
intron,16015,7.348357322634058e-8,2.603647578440024e-5
intron,73800,7.454146988550292e-8,2.634657291122235e-5
intron,7500,7.615303054819833e-8,2.6605075383598307e-5
intron,20328,7.617475472621038e-8,2.6605075383598307e-5
intron,75535,7.581619776431126e-8,2.6605075383598307e-5
intron,91091,7.619530351110626e-8,2.6605075383598307e-5
intron,121252,7.554690839572942e-8,2.6605075383598307e-5
intron,118164,7.641836508032185e-8,2.6618510080043414e-5
intron,158916,7.6719606889597e-8,2.6659046628260518e-5
intron,124467,7.724974437905985e-8,2.6778735306901644e-5
intron,54375,7.803749668688909e-8,2.6986938332676776e-5
intron,82830,7.852418515419402e-8,2.7090280307490086e-5
intron,43437,7.960541648088792e-8,2.739775249274321e-5
intron,12583,8.057954992146676e-8,2.7535865297452505e-5
intron,48653,8.053074451730424e-8,2.7535865297452505e-5
intron,123976,8.032714871042401e-8,2.7535865297452505e-5
intron,134235,8.083216451737485e-8,2.7556888767274408e-5
intron,74166,8.178140364911712e-8,2.7814742632142062e-5
intron,7172,8.20556769198788e-8,2.7842360003729324e-5
intron,20700,8.35970439538869e-8,2.8146663324313e-5
intron,48651,8.364079973066652e-8,2.8146663324313e-5
intron,69248,8.333512169222956e-8,2.8146663324313e-5
intron,91089,8.392841699400577e-8,2.8146663324313e-5
intron,135998,8.379913185585508e-8,2.8146663324313e-5
intron,69254,8.417403529747958e-8,2.8163538533975956e-5
intron,31147,8.459961897688828e-8,2.824041030972252e-5
intron,82322,8.571680631952461e-8,2.854725978965285e-5
intron,44697,8.60561738535992e-8,2.859424576706447e-5
intron,56899,8.70215363102389e-8,2.8817633528716025e-5
intron,65952,8.712814369982169e-8,2.8817633528716025e-5
intron,148489,8.838589971027488e-8,2.916674013620048e-5
intron,24920,8.974597287547681e-8,2.954793952158421e-5
intron,80456,9.011248258694593e-8,2.960102682554832e-5
intron,125095,9.032609260550828e-8,2.960376099173303e-5
intron,138178,9.083284047139983e-8,2.9702338834147746e-5
intron,141416,9.127595923530407e-8,2.9779710980645916e-5
intron,19180,9.187088401141352e-8,2.98930630076517e-5
intron,109817,9.203797302070882e-8,2.98930630076517e-5
intron,55204,9.3778181997628e-8,3.038982087939762e-5
intron,138723,9.469652462179567e-8,3.061861373572935e-5
intron,66308,9.656619059938976e-8,3.1153290039745406e-5
intron,12136,9.799356037731854e-8,3.135335774605136e-5
intron,16745,9.841308090674517e-8,3.135335774605136e-5
intron,31146,9.79782973642429e-8,3.135335774605136e-5
intron,46657,9.888772889432573e-8,3.135335774605136e-5
intron,121561,9.859334659800822e-8,3.135335774605136e-5
intron,141323,9.845866122404345e-8,3.135335774605136e-5
intron,146441,9.80611765122319e-8,3.135335774605136e-5
intron,161284,9.892569552416575e-8,3.135335774605136e-5
intron,19729,1.0009485107431715e-7,3.1554639475874356e-5
intron,69255,1.0007570172554381e-7,3.1554639475874356e-5
intron,162764,1.0021722163244817e-7,3.1554639475874356e-5
intron,138738,1.0089625246401113e-7,3.1699228494722555e-5
intron,5704,1.0211421908046248e-7,3.1942701064937636e-5
intron,44749,1.0203395484076339e-7,3.1942701064937636e-5
intron,6775,1.0334244193721531e-7,3.2256934035584436e-5
intron,36930,1.0423792007330235e-7,3.232054444765538e-5
intron,44751,1.0444273657039815e-7,3.232054444765538e-5
intron,85869,1.0398902960950807e-7,3.232054444765538e-5
intron,100740,1.0415463513879786e-7,3.232054444765538e-5
intron,10294,1.0666379557378036e-7,3.277878537774933e-5
intron,123977,1.0653523974113455e-7,3.277878537774933e-5
intron,162854,1.0649128978634792e-7,3.277878537774933e-5
intron,163475,1.0683274132006204e-7,3.277878537774933e-5
intron,92578,1.0735820921148331e-7,3.287007489545727e-5
intron,101422,1.0759538759952392e-7,3.2872898431280814e-5
intron,78128,1.0858551158232643e-7,3.310526610729926e-5
intron,105409,1.0950332685055741e-7,3.331465454670534e-5
intron,134234,1.09737042008895e-7,3.331547287784573e-5
intron,702,1.1198719418459291e-7,3.3886589705374424e-5
intron,113033,1.1208820160923949e-7,3.3886589705374424e-5
intron,148483,1.128314405240971e-7,3.4039923731503076e-5
intron,84215,1.134545450920399e-7,3.408529080018291e-5
intron,148486,1.1330708282741853e-7,3.408529080018291e-5
intron,121563,1.1543868394525703e-7,3.45374819412732e-5
intron,123975,1.1528241339320289e-7,3.45374819412732e-5
intron,111688,1.163617465715916e-7,3.474157016117911e-5
intron,40450,1.1734367100224574e-7,3.4962352818638124e-5
intron,131353,1.1826024470806829e-7,3.516279403838433e-5
intron,14077,1.1977958958020452e-7,3.554126599710402e-5
intron,53242,1.208275430819583e-7,3.566531766783818e-5
intron,60282,1.2085859835142543e-7,3.566531766783818e-5
intron,81716,1.209396238710525e-7,3.566531766783818e-5
intron,141304,1.234448395726062e-7,3.632981628621801e-5
intron,44700,1.2451065423135788e-7,3.649452828199477e-5
intron,69252,1.2430738749458214e-7,3.649452828199477e-5
intron,46662,1.2521615999627755e-7,3.662686974560486e-5
intron,5003,1.2611772370885177e-7,3.68060008655414e-5
intron,48835,1.2657395931370274e-7,3.68060008655414e-5
intron,53988,1.265942459749425e-7,3.68060008655414e-5
intron,161283,1.2687032024949474e-7,3.681204883746255e-5
intron,154135,1.2739554300367217e-7,3.68902190159248e-5
intron,104932,1.2768819779296336e-7,3.69008656094787e-5
intron,99759,1.2877933275312614e-7,3.714176247666012e-5
intron,103671,1.2915082925335497e-7,3.7174558151973174e-5
intron,143682,1.33261695900444e-7,3.828141310899468e-5
intron,90597,1.3415917488046603e-7,3.846260861230092e-5
intron,10295,1.3510095309143821e-7,3.857921414347927e-5
intron,77747,1.3486046868127488e-7,3.857921414347927e-5
intron,49578,1.3550754929259057e-7,3.8618848143945865e-5
intron,101428,1.3586224900663524e-7,3.862960347665665e-5
intron,132264,1.360810402140089e-7,3.862960347665665e-5
intron,50300,1.3811086030379727e-7,3.9128787488859904e-5
intron,148488,1.384637275947398e-7,3.915184071618557e-5
intron,69256,1.390011764579313e-7,3.922689364671018e-5
intron,65957,1.4021456751223127e-7,3.941505289909617e-5
intron,75536,1.4008634152684607e-7,3.941505289909617e-5
intron,155228,1.4133333614552157e-7,3.965224981622029e-5
intron,121562,1.418494239846524e-7,3.971976676612576e-5
intron,31671,1.4257952241081284e-7,3.979910474234744e-5
intron,49017,1.4268473202960763e-7,3.979910474234744e-5
intron,74165,1.4310658258409603e-7,3.983971226776976e-5
intron,26787,1.438231473915863e-7,3.99620512830414e-5
intron,10579,1.44313459404799e-7,4.002117507766894e-5
intron,19734,1.4459769070995776e-7,4.002303106374449e-5
intron,93836,1.452191158435312e-7,4.0041325121315685e-5
intron,120327,1.451870244029152e-7,4.0041325121315685e-5
intron,44463,1.4691792205034915e-7,4.043242897922652e-5
intron,85018,1.4750965604548583e-7,4.051795232257405e-5
intron,112428,1.4787351054756925e-7,4.054067554283901e-5
intron,127914,1.5040185463721656e-7,4.1155598200510606e-5
intron,53924,1.5075146486687174e-7,4.117313729935033e-5
intron,100742,1.510966596285357e-7,4.118940641786814e-5
intron,54544,1.5185885138269128e-7,4.1260138612883536e-5
intron,159549,1.519283641115976e-7,4.1260138612883536e-5
intron,316,1.5261874697358735e-7,4.136972113687991e-5
intron,161281,1.5395861696632096e-7,4.1654615904056744e-5
intron,82862,1.5434498878974523e-7,4.1680950933338563e-5
intron,39920,1.5538201458831224e-07,4.181408488336698e-5
intron,49016,1.5570786149332605e-7,4.181408488336698e-5
intron,53863,1.5562655142353776e-7,4.181408488336698e-5
intron,129443,1.5617436499582027e-7,4.1861406418126866e-5
intron,27019,1.5747900472540266e-7,4.2132791900623644e-5
intron,24919,1.584087834238801e-7,4.220392327262316e-5
intron,78139,1.5808279130169467e-7,4.220392327262316e-5
intron,115293,1.5862285751566674e-7,4.220392327262316e-5
intron,19732,1.5972985134560247e-7,4.242018908470589e-5
intron,19738,1.609356758969227e-7,4.266185848174179e-5
intron,82891,1.615097600105031e-7,4.273548249877913e-5
intron,24158,1.619632329363796e-7,4.277698156054303e-5
intron,162296,1.624670973310316e-7,4.283161371995626e-5
intron,108883,1.637488304950807e-7,4.30122542790603e-5
intron,141306,1.6367132749106617e-7,4.30122542790603e-5
intron,31668,1.640519540213603e-7,4.3013527515560554e-5
intron,83033,1.6488365939260063e-7,4.315313588026998e-5
intron,138871,1.655396975053236e-7,4.322228040984893e-5
intron,138990,1.6574730121732273e-7,4.322228040984893e-5
intron,55985,1.6764610144548442e-7,4.363852229449273e-5
intron,809,1.6896584753567367e-7,4.390280716320161e-5
intron,49574,1.713077353304726e-7,4.441269919289365e-5
intron,59212,1.7154419307274793e-7,4.441269919289365e-5
intron,38097,1.7292041876171282e-7,4.4688772093853624e-5
intron,6773,1.7377519911931927e-7,4.4829338353130006e-5
intron,2444,1.7446479494420686e-7,4.484678196884e-5
intron,31464,1.7422213294260303e-7,4.484678196884e-5
intron,123646,1.7485743164513678e-7,4.486773246485808e-5
intron,13982,1.782832856900285e-7,4.560045729810389e-5
intron,80465,1.7834541954364624e-7,4.560045729810389e-5
intron,80466,1.8131174117641535e-7,4.609466884119531e-5
intron,101424,1.8155687242504825e-7,4.609466884119531e-5
intron,110939,1.8135029278276704e-7,4.609466884119531e-5
intron,110943,1.8079213659483173e-7,4.609466884119531e-5
intron,41231,1.8383375999242446e-7,4.659071182289553e-5
intron,91092,1.8601354168090722e-7,4.70604470266291e-5
intron,16847,1.8690256931019888e-7,4.7202554838031266e-5
intron,6758,1.8772056176175056e-7,4.732625708037896e-5
intron,75924,1.8877944507611488e-7,4.736831085646762e-5
intron,76326,1.886295108999292e-7,4.736831085646762e-5
intron,136297,1.8887279218393616e-7,4.736831085646762e-5
intron,20699,1.9266742157242334e-7,4.8236095247733424e-5
intron,38428,1.9354263014470519e-7,4.8371234081936744e-5
intron,63527,1.9622881852754404e-7,4.878891247138197e-5
intron,101432,1.960156335023555e-7,4.878891247138197e-5
intron,121407,1.9607790546771753e-7,4.878891247138197e-5
intron,129901,1.9739966061749215e-7,4.899554708892718e-5
intron,82894,1.977721455492798e-7,4.90036560021048e-5
intron,4426,1.9924270122650967e-7,4.928334856907595e-5
intron,149338,2.0007870960014884e-7,4.9351686356306875e-5
intron,151683,2.0020343338700286e-7,4.9351686356306875e-5
intron,17893,2.0152504898174328e-7,4.959270091895948e-5
intron,29832,2.0197859862403078e-7,4.9619638452769345e-5
intron,6774,2.0255808119706842e-7,4.967736941358103e-5
intron,54545,2.0318330351543068e-7,4.974610297122192e-5
intron,19735,2.0498960762171947e-7,5.0083772967479026e-5
intron,71283,2.0664631339428752e-7,5.0083772967479026e-5
intron,78264,2.0606052819616139e-7,5.0083772967479026e-5
intron,82861,2.0626257890565824e-7,5.0083772967479026e-5
intron,107236,2.053547556446489e-7,5.0083772967479026e-5
intron,134236,2.0651194065912648e-7,5.0083772967479026e-5
intron,119571,2.0811578393953312e-7,5.035529002444337e-5
intron,80461,2.0898704611305163e-7,5.041152130854828e-5
intron,139575,2.0904733988302837e-7,5.041152130854828e-5
intron,10314,2.0975414816160054e-7,5.049752327869771e-5
intron,132266,2.1112341808127155e-7,5.074245791874321e-5
intron,162746,2.117304884752258e-7,5.0803691433522275e-5
intron,50278,2.1227662283518356e-7,5.085012450032112e-5
intron,115400,2.1345983980403105e-7,5.1048761390746116e-5
intron,123644,2.1395951144143055e-7,5.1083541831844995e-5
intron,37847,2.1431468888444272e-7,5.108376585117162e-5
intron,147366,2.1492029800285195e-7,5.114358319157965e-5
intron,66309,2.1856839427236707e-7,5.1755488395460164e-5
intron,138872,2.185135591359355e-7,5.1755488395460164e-5
intron,162290,2.1845975750611757e-7,5.1755488395460164e-5
intron,34189,2.2166270130519194e-7,5.240215273298003e-5
intron,80359,2.225750328488374e-7,5.24458786961312e-5
intron,138721,2.22356858037287e-7,5.24458786961312e-5
intron,44696,2.2662357124225707e-7,5.320783012085075e-5
intron,103463,2.2642142227802253e-7,5.320783012085075e-5
intron,132263,2.269155833234393e-7,5.320783012085075e-5
intron,152378,2.2734299953697246e-7,5.322151288024056e-5
intron,26637,2.281730460129694e-7,5.3329255180538535e-5
intron,112419,2.2919656716968717e-7,5.3388751610769416e-5
intron,118851,2.2953827483185307e-7,5.3388751610769416e-5
intron,134064,2.2904383290001107e-7,5.3388751610769416e-5
intron,19733,2.3076982269554236e-7,5.358876621812573e-5
intron,53987,2.3160513851205877e-7,5.369627364856666e-5
intron,80457,2.324146980425823e-7,5.37974740941038e-5
intron,141288,2.3279207050919126e-7,5.379847133320344e-5
intron,65958,2.3645648483672232e-7,5.4557888494158746e-5
intron,44994,2.370025476983173e-7,5.459652778902754e-5
intron,6772,2.3812966720715423e-7,5.46814728008632e-5
intron,31667,2.3782449887210788e-7,5.46814728008632e-5
intron,31670,2.394586967602308e-7,5.489923733498029e-5
intron,40112,2.4164565148865336e-7,5.525686649412017e-5
intron,100743,2.417849532809768e-7,5.525686649412017e-5
intron,133601,2.4322989933267536e-7,5.5499136223207456e-5
intron,2490,2.453784666567316e-7,5.5900936083992563e-5
intron,53985,2.471448492524786e-7,5.6173818500426276e-5
intron,85193,2.4735536241493605e-7,5.6173818500426276e-5
intron,6769,2.481924705755034e-7,5.618695699259281e-5
intron,69253,2.4794079067635977e-7,5.618695699259281e-5
intron,30274,2.4995317282616725e-7,5.640844631258701e-5
intron,115439,2.497756905750492e-7,5.640844631258701e-5
intron,6929,2.541588852711385e-7,5.7022888662817484e-5
intron,6930,2.5425754235364195e-7,5.7022888662817484e-5
intron,10577,2.535574716855393e-7,5.7022888662817484e-5
intron,136296,2.5397238490043605e-7,5.7022888662817484e-5
intron,2489,2.5618190147014275e-7,5.7365253828113154e-5
intron,74297,2.5703679173982863e-7,5.737849013378555e-5
intron,141293,2.5695944927406345e-7,5.737849013378555e-5
intron,100868,2.587258594033415e-7,5.7666275126704276e-5
intron,104302,2.5991040630835016e-7,5.7840895003870754e-5
intron,109819,2.611758324055913e-7,5.8032948018047923e-5
intron,103461,2.626739725730687e-7,5.82760393274531e-5
intron,35105,2.6687206555742193e-7,5.9116466909123114e-5
intron,29834,2.701750079214804e-7,5.9686406566172856e-5
intron,35104,2.703308076279498e-7,5.9686406566172856e-5
intron,55151,2.7068665109375445e-7,5.9686406566172856e-5
intron,28553,2.741518220217287e-7,6.021446169860612e-5
intron,130199,2.743341261934873e-7,6.021446169860612e-5
intron,135059,2.741267359773758e-7,6.021446169860612e-5
intron,9881,2.749666728751876e-7,6.0261579020231275e-5
intron,12135,2.77292530159734e-7,6.04954975745004e-5
intron,115402,2.7729102247686654e-7,6.04954975745004e-5
intron,138730,2.7671966162934325e-7,6.04954975745004e-5
intron,63825,2.78272483056341e-7,6.0617583027350105e-5
intron,158114,2.7979943384437433e-7,6.085827595233136e-5
intron,2593,2.8175543809183523e-7,6.109940821189367e-5
intron,123978,2.816084316847878e-7,6.109940821189367e-5
intron,109810,2.826714444736922e-7,6.120600749732393e-5
intron,154944,2.834533741058465e-7,6.12832994298078e-5
intron,33800,2.853159584148557e-7,6.150158208539775e-5
intron,66677,2.849220123168905e-7,6.150158208539775e-5
intron,44007,2.858671350747244e-7,6.15284208174937e-5
intron,6932,2.8719101674568037e-7,6.159825485509006e-5
intron,13799,2.874730458124475e-7,6.159825485509006e-5
intron,48650,2.874399982477627e-7,6.159825485509006e-5
intron,152289,2.8790340178552754e-7,6.159894044701123e-5
intron,158629,2.9145398383612076e-7,6.226622910674883e-5
intron,63824,2.94013112966951e-7,6.272004287222649e-5
intron,10665,2.945341142090996e-7,6.2723560205837e-5
intron,97571,2.948995112550534e-7,6.2723560205837e-5
intron,80470,2.9564451975439e-7,6.278940980886791e-5
intron,54411,2.9646402732730337e-7,6.287086468939475e-5
intron,82321,2.987300360413059e-7,6.325838811660587e-5
intron,18176,3.0214592561250697e-7,6.333075217267848e-5
intron,34043,3.011641046546387e-7,6.333075217267848e-5
intron,55149,3.0185607435839756e-7,6.333075217267848e-5
intron,99761,2.9951838464992164e-7,6.333075217267848e-5
intron,105408,3.006176072517519e-7,6.333075217267848e-5
intron,107237,3.0070303114193564e-7,6.333075217267848e-5
intron,139864,3.021364185507025e-7,6.333075217267848e-5
intron,118166,3.034754991748656e-7,6.35171136567632e-5
intron,114243,3.0438949827349404e-7,6.361608170655906e-5
intron,73624,3.060566424739619e-7,6.38719395676449e-5
intron,149336,3.074310148676318e-7,6.406604676447483e-5
intron,101423,3.094042824169918e-7,6.43842184047722e-5
intron,19181,3.09952492671961e-7,6.440535894920099e-5
intron,60206,3.1181222848175594e-7,6.46985698311778e-5
intron,19179,3.1497880814690404e-7,6.516807602071821e-5
intron,24753,3.146701783585115e-7,6.516807602071821e-5
intron,105565,3.156547543348154e-7,6.52143626910612e-5
intron,113027,3.1976043257664344e-7,6.590468019722184e-5
intron,125484,3.1991010240872697e-7,6.590468019722184e-5
intron,53982,3.2120422732706544e-7,6.607688731833684e-5
intron,49575,3.2476742284348603e-7,6.671472328488688e-5
intron,138175,3.289201256917451e-7,6.747167079036911e-5
intron,107238,3.294184038882264e-7,6.747789739987139e-5
intron,111510,3.312813168232509e-7,6.776324092926317e-5
intron,18173,3.34100348831079e-7,6.822650009691014e-5
intron,141327,3.344923309445136e-7,6.822650009691014e-5
intron,35638,3.3744948568781297e-7,6.873245477765881e-5
intron,64452,3.379517108381691e-7,6.873766200964718e-5
intron,83034,3.3904737040124644e-7,6.88633861175388e-5
intron,367,3.3987436298676954e-7,6.892618671010466e-5
intron,51278,3.403125017342745e-7,6.892618671010466e-5
intron,33801,3.411493796345866e-7,6.89987778246351e-5
intron,19306,3.417008280770517e-7,6.901351724720924e-5
intron,66593,3.4305317009319936e-7,6.918974615332866e-5
intron,29402,3.4547757410408053e-7,6.95555142023284e-5
intron,122604,3.4583136521160185e-7,6.95555142023284e-5
intron,63107,3.4669847082113847e-7,6.963279440348734e-5
intron,44006,3.4845524377047354e-7,6.988829671545018e-5
intron,700,3.4962711259467483e-7,6.997864117751073e-5
intron,20324,3.5133201725656704e-7,6.997864117751073e-5
intron,115176,3.511235834308124e-7,6.997864117751073e-5
intron,118152,3.5114585195117343e-7,6.997864117751073e-5
intron,135571,3.511764579133825e-7,6.997864117751073e-5
intron,132513,3.5202332349104637e-7,7.001962401472183e-5
intron,7907,3.558630945477148e-7,7.068588054468638e-5
intron,44008,3.5739440162885217e-7,7.089239955390905e-5
intron,153614,3.5825424582469623e-7,7.096534344456314e-5
intron,84000,3.6011917003975213e-7,7.123690693267838e-5
intron,58347,3.6260722213743435e-7,7.163082148325068e-5
intron,155561,3.6356297206108223e-7,7.172137552942884e-5
intron,123297,3.646907109633446e-7,7.17475489166317e-5
intron,138732,3.6420647064883127e-7,7.17475489166317e-5
intron,31666,3.6738137532132953e-7,7.21784277806035e-5
intron,31659,3.688357458342395e-7,7.236557333267779e-5
intron,65718,3.725747915739319e-7,7.299985457676902e-5
intron,57266,3.7426324928091503e-7,7.313195174668416e-5
intron,104933,3.740727561041268e-7,7.313195174668416e-5
intron,102336,3.802349464177013e-7,7.419829623553106e-5
intron,56898,3.8834191029568643e-7,7.567786737568926e-5
intron,31664,3.896569825689866e-7,7.583166597209966e-5
intron,54409,3.9147033592534797e-7,7.587736926449819e-5
intron,83037,3.9142940222447464e-7,7.587736926449819e-5
intron,143398,3.9112694594223285e-7,7.587736926449819e-5
intron,138726,3.9741126056647147e-7,7.692548409732772e-5
intron,49364,4.0029628878279766e-7,7.727647512249117e-5
intron,131061,4.001986174673178e-7,7.727647512249117e-5
intron,66607,4.0103547327419165e-7,7.731567178402587e-5
intron,39916,4.0219475971881025e-7,7.733239961969397e-5
intron,138722,4.020614633448716e-7,7.733239961969397e-5
intron,75184,4.0383091315376873e-7,7.754360118930163e-5
intron,82831,4.0501775266932327e-7,7.76680785361504e-5
intron,44702,4.0883445540096375e-7,7.802981213234084e-5
intron,57267,4.078849560329445e-7,7.802981213234084e-5
intron,151905,4.0906847775801225e-7,7.802981213234084e-5
intron,153309,4.0858510019781136e-7,7.802981213234084e-5
intron,810,4.1110479098716013e-7,7.831464807646685e-5
intron,44701,4.1200425027199117e-7,7.838244976117814e-5
intron,138725,4.1382571536185964e-7,7.84955503013661e-5
intron,149289,4.1416087848134e-7,7.84955503013661e-5
intron,160045,4.142317209243629e-7,7.84955503013661e-5
intron,17407,4.179019174044285e-7,7.907142108075179e-5
intron,117376,4.1891562618801004e-7,7.907142108075179e-5
intron,161507,4.1871289413464297e-7,7.907142108075179e-5
intron,6928,4.225732919138636e-7,7.965755125100985e-5
intron,66600,4.245937754721041e-7,7.984810309887283e-5
intron,130327,4.2469155503432887e-7,7.984810309887283e-5
intron,153104,4.253025478462291e-7,7.985886004851714e-5
intron,82832,4.27730769914092e-7,8.021036558777824e-5
intron,44926,4.294796723813832e-7,8.032941000661755e-5
intron,143066,4.293168585078888e-7,8.032941000661755e-5
intron,54287,4.3392963222643743e-7,8.105659387885734e-5
intron,80464,4.3578377761921416e-7,8.129763417740494e-5
intron,118849,4.3856856390966925e-7,8.171144301772826e-5
intron,29403,4.393020125448288e-7,8.17424842878092e-5
intron,41193,4.415338767937982e-7,8.204293439190907e-5
intron,140618,4.4205454674539624e-7,8.204293439190907e-5
intron,103227,4.4415806943476355e-7,8.23273813868624e-5
intron,113034,4.45928917125471e-7,8.233811952869756e-5
intron,119572,4.454295341460579e-7,8.233811952869756e-5
intron,149333,4.4511003349789746e-7,8.233811952869756e-5
intron,54253,4.466493863652943e-7,8.236568805572889e-5
intron,67092,4.4929506792801277e-7,8.242534983366505e-5
intron,80467,4.50402377616399e-7,8.242534983366505e-5
intron,119551,4.501181158911294e-7,8.242534983366505e-5
intron,135666,4.496782134433275e-7,8.242534983366505e-5
intron,141289,4.4851037928062e-7,8.242534983366505e-5
intron,155642,4.481676137979562e-7,8.242534983366505e-5
intron,31663,4.5535235970728394e-7,8.312025029912442e-5
intron,123643,4.549771739359443e-7,8.312025029912442e-5
intron,368,4.610048787156984e-7,8.383370812730733e-5
intron,31148,4.60789417955354e-7,8.383370812730733e-5
intron,45800,4.600603999982411e-7,8.383370812730733e-5
intron,153638,4.6215084070766466e-7,8.393625476817405e-5
intron,39437,4.6464924241540473e-7,8.428386578741921e-5
intron,142629,4.6924545715754107e-7,8.501065281446924e-5
intron,127915,4.719561258470506e-7,8.539445048936717e-5
intron,129898,4.735676726319582e-7,8.557866336746466e-5
intron,68807,4.753441751326193e-7,8.568494682918704e-5
intron,103462,4.7511978529257703e-7,8.568494682918704e-5
intron,83035,4.765261094608064e-7,8.579076238079215e-5
intron,48652,4.777598582306197e-7,8.590563076790896e-5
intron,75180,4.784057153761623e-7,8.591101956834475e-5
intron,89703,4.789813236039109e-7,8.591101956834475e-5
intron,149337,4.80248471212974e-7,8.603129352572588e-5
intron,26789,4.814796971119861e-7,8.614484203651139e-5
intron,67622,4.84859833727036e-7,8.66421090982338e-5
intron,30740,4.891340622537044e-7,8.72613912196554e-5
intron,158410,4.895356362499825e-7,8.72613912196554e-5
intron,141326,4.940590297985992e-7,8.795897593847728e-5
intron,118837,4.948500342827344e-7,8.799117002935917e-5
intron,107235,4.984202834901197e-7,8.851686431189616e-5
intron,49530,5.016771014165755e-7,8.896456678577785e-5
intron,155640,5.022437182811146e-7,8.896456678577785e-5
intron,161391,5.027919721678487e-7,8.896456678577785e-5
intron,31665,5.078019293947023e-7,8.974092258850714e-5
intron,80472,5.105716514020031e-7,9.011995854801551e-5
intron,100741,5.120003077063728e-7,9.026164837825538e-5
intron,6768,5.131271645364421e-7,9.034985227876277e-5
intron,29401,5.152622379878125e-7,9.061514823598594e-5
intron,49573,5.18127487580955e-7,9.100805188987427e-5
intron,109818,5.195053871531741e-7,9.11390673542552e-5
intron,47831,5.212753169114848e-7,9.133845641051577e-5
intron,32579,5.224086141453199e-7,9.142594541268707e-5
intron,61817,5.238397080553625e-7,9.15652760964117e-5
intron,33802,5.250625133568221e-7,9.166790540393129e-5
intron,97094,5.269824632225806e-7,9.189185014986539e-5
intron,77017,5.355001786444546e-7,9.326434089587062e-5
intron,75179,5.369371132157852e-7,9.340179769060161e-5
intron,161287,5.41379909346773e-7,9.40611717917712e-5
intron,84216,5.435192833580516e-7,9.420587174905594e-5
intron,100739,5.431921313858723e-7,9.420587174905594e-5
intron,127177,5.445623818545187e-7,9.427335822340286e-5
intron,75488,5.460295524617464e-7,9.441400919886219e-5
intron,161505,5.470244690553017e-7,9.447276360366214e-5
intron,46659,5.481034484056124e-7,9.454587797156476e-5
intron,4623,5.509323941499389e-7,9.49203199082201e-5
intron,48654,5.525109633142122e-7,9.507869747810573e-5
intron,34951,5.55438673277564e-7,9.516989657747338e-5
intron,46661,5.549851214148305e-7,9.516989657747338e-5
intron,100318,5.556807430862065e-7,9.516989657747338e-5
intron,141301,5.549577286600993e-7,9.516989657747338e-5
intron,158411,5.564125522550256e-7,9.51821885208072e-5
intron,41230,5.577426929193052e-7,9.529668307797896e-5
intron,115703,5.600710895059535e-7,9.558126817086987e-5
intron,73992,5.617825464820925e-7,9.576001853492093e-5
intron,24163,5.648266969693339e-7,9.616524615095246e-5
intron,131804,5.679678449777015e-7,9.658601299610778e-5
intron,60759,5.694182392268488e-7,9.671860544662683e-5
intron,135570,5.709987955793139e-7,9.687296860483073e-5
intron,14530,5.803267386639277e-7,9.820675712570783e-5
intron,27009,5.809035887871516e-7,9.820675712570783e-5
intron,82826,5.807065385221577e-7,9.820675712570783e-5
intron,42888,5.82329365728107e-7,9.833251855216993e-5
intron,66268,5.900582125129006e-7,9.952108146414954e-5
intron,65720,5.91014315376448e-7,9.956588945968627e-5
intron,43134,5.92027935120143e-7,9.962027122505304e-5
intron,83999,5.935749598506845e-7,9.976417743028866e-5
intron,150979,5.972384282681986e-7,1.0026305241591632e-4
intron,19308,6.010495936514815e-7,1.0078553343220835e-4
intron,138731,6.019637143195311e-7,1.0082158112761513e-4
intron,158113,6.045458589287733e-7,1.0113659475468864e-4
intron,79140,6.106405268102577e-7,1.0203781975634629e-4
intron,20507,6.11418800144925e-7,1.0204961911168889e-4
intron,5722,6.128480388722934e-7,1.0216991577070153e-4
intron,128413,6.154786389434008e-7,1.024899862426224e-4
intron,37846,6.166085151360079e-7,1.0255970489298534e-4
intron,15184,6.180106373321337e-7,1.0267449306192972e-4
intron,76328,6.192642933999792e-7,1.027643796988847e-4
intron,138733,6.24103117852215e-7,1.0344831990357973e-4
intron,5002,6.265681858907968e-7,1.0373767896986697e-4
intron,112839,6.289898225597668e-7,1.0401919190582143e-4
intron,141305,6.310635063400127e-7,1.042425831142889e-4
intron,114269,6.319776262309063e-7,1.0427413906851293e-4
intron,13981,6.329301928120756e-7,1.0431195921697256e-4
intron,105534,6.345698195797667e-7,1.0446279677184863e-4
intron,7174,6.453999419342438e-7,1.0612450333695724e-4
intron,130626,6.523604907382463e-7,1.0714686707049008e-4
intron,3856,6.546238381366365e-7,1.0727424980246584e-4
intron,142498,6.542666339814929e-7,1.0727424980246584e-4
intron,131800,6.560571590430442e-7,1.073870995846995e-4
intron,115730,6.583117599934241e-7,1.0739045698345216e-4
intron,118835,6.5807934113149e-7,1.0739045698345216e-4
intron,162748,6.570136001915472e-7,1.0739045698345216e-4
intron,119394,6.622136607958851e-7,1.0790491003660135e-4
intron,73597,6.661796683182786e-7,1.0842863592457561e-4
intron,134233,6.673409995716639e-7,1.0849520126858055e-4
intron,19183,6.688096643170383e-7,1.0861152619613416e-4
intron,44995,6.720870304732784e-7,1.0902098358094496e-4
intron,141627,6.7539310721898e-7,1.0934819887250838e-4
intron,162831,6.756207756586363e-7,1.0934819887250838e-4
intron,47665,6.780803919470557e-7,1.0962325009137788e-4
intron,50276,6.820210360913848e-7,1.0969081354987397e-4
intron,51279,6.823015509249686e-7,1.0969081354987397e-4
intron,89935,6.816788347130398e-7,1.0969081354987397e-4
intron,143679,6.810033246207325e-7,1.0969081354987397e-4
intron,161494,6.819695614890264e-7,1.0969081354987397e-4
intron,30276,6.871075028946905e-7,1.1034043615805639e-4
intron,138734,6.922828181821217e-7,1.1104786247117823e-4
intron,55132,6.989585228378559e-7,1.1199412411430964e-4
intron,161493,7.001889750224422e-7,1.1206676084468514e-4
intron,30402,7.030883462100235e-7,1.1218754743286178e-4
intron,41224,7.032775307669326e-7,1.1218754743286178e-4
intron,89533,7.026737760540414e-7,1.1218754743286178e-4
intron,39116,7.053180186566976e-7,1.1221342218677694e-4
intron,103553,7.057741574501009e-7,1.1221342218677694e-4
intron,109801,7.049212584764319e-7,1.1221342218677694e-4
intron,90882,7.066539560174334e-7,1.1222956721961015e-4
intron,127584,7.087515165871139e-7,1.1243886683440915e-4
intron,160046,7.102523533752958e-7,1.1255314409141899e-4
intron,75925,7.125352885495317e-7,1.1279097294825722e-4
intron,141298,7.141097915219774e-7,1.1291626173904582e-4
intron,91088,7.233774153014849e-7,1.1413138613608451e-4
intron,163769,7.226315820174634e-7,1.1413138613608451e-4
intron,141628,7.2485088220553e-7,1.1423887559586105e-4
intron,142627,7.290868454523647e-7,1.1465586338293256e-4
intron,161392,7.286208664192273e-7,1.1465586338293256e-4
intron,122771,7.336216613085256e-7,1.151179313518156e-4
intron,141311,7.32925969693099e-7,1.151179313518156e-4
intron,71284,7.362971177204969e-7,1.1541217223382575e-4
intron,40289,7.378445259220712e-7,1.1552914826237145e-4
intron,3245,7.40046390057536e-7,1.156488568408064e-4
intron,139254,7.40652773223438e-7,1.156488568408064e-4
intron,150978,7.410149557296464e-7,1.156488568408064e-4
intron,12597,7.431840089999753e-7,1.1582384900651186e-4
intron,60521,7.437425657563779e-7,1.1582384900651186e-4
intron,49019,7.464354316866206e-7,1.1582578539756477e-4
intron,49020,7.445730889621416e-7,1.1582578539756477e-4
intron,80469,7.460695704564202e-7,1.1582578539756477e-4
intron,135058,7.469677645310924e-7,1.1582578539756477e-4
intron,45546,7.524653808932413e-7,1.1645937925217912e-4
intron,97093,7.526690206649533e-7,1.1645937925217912e-4
intron,30739,7.538919069016714e-7,1.165235693660979e-4
intron,31461,7.55664823048896e-7,1.1665520176986275e-4
intron,102326,7.563614363714777e-7,1.1665520176986275e-4
intron,83039,7.579115613998155e-7,1.1672459166602057e-4
intron,123647,7.584301898733159e-7,1.1672459166602057e-4
intron,53240,7.611116892292102e-7,1.170124023120221e-4
intron,24752,7.630146356962797e-7,1.170559260726007e-4
intron,102444,7.630182342621694e-7,1.170559260726007e-4
intron,18292,7.69454720384033e-7,1.1791791377515434e-4
intron,43135,7.715021065335392e-7,1.1810616165274108e-4
intron,101433,7.75099054495243e-7,1.1853097492215854e-4
intron,20623,7.774799224424811e-7,1.187691177708293e-4
intron,117100,7.79225306168918e-7,1.1890978172137689e-4
intron,20325,7.877543840573153e-7,1.2008424573124026e-4
intron,97574,7.912322856906684e-7,1.2048704775353138e-4
intron,113212,7.936235475458631e-7,1.2072370350310788e-4
intron,103472,7.984234192681683e-7,1.2121297100675175e-4
intron,115441,7.985210319638725e-7,1.2121297100675175e-4
intron,47399,7.999999995789153e-7,1.2130977911595861e-4
intron,45537,8.040039500833984e-7,1.2178886305638301e-4
intron,42503,8.066221222069458e-7,1.2205724698541138e-4
intron,127583,8.100756576645551e-7,1.2245134210150157e-4
intron,160795,8.116330481033884e-7,1.2255829001868622e-4
intron,83998,8.131641362485453e-7,1.2266104664852926e-4
intron,33263,8.197376197838224e-7,1.235234095466726e-4
intron,43857,8.216938671701257e-7,1.236388952449839e-4
intron,77078,8.23076129696787e-7,1.236388952449839e-4
intron,133754,8.222700602633637e-7,1.236388952449839e-4
intron,26636,8.24185227621399e-7,1.2367666921914578e-4
intron,109799,8.279619219120349e-7,1.24024037092921e-4
intron,155329,8.28220181547934e-7,1.24024037092921e-4
intron,117373,8.347482729487155e-7,1.2487193381443507e-4
intron,54376,8.437676822792284e-7,1.2600502023268177e-4
intron,121824,8.440703263001836e-7,1.2600502023268177e-4
intron,138989,8.450573454332755e-7,1.2602190756245746e-4
intron,125492,8.487988105709832e-7,1.264491013181919e-4
intron,101430,8.542796575694567e-7,1.271342689154991e-4
intron,61809,8.581567361165554e-7,1.274482064316788e-4
intron,66250,8.573807643852405e-7,1.274482064316788e-4
intron,141297,8.617095936802599e-7,1.2784419277350745e-4
intron,16848,8.664308772665663e-7,1.2841253598970168e-4
intron,51291,8.747626990546209e-7,1.2951427571105718e-4
intron,64455,8.791389132234428e-7,1.2997033117858152e-4
intron,66606,8.810747089693649e-7,1.2997033117858152e-4
intron,109617,8.797395276705089e-7,1.2997033117858152e-4
intron,130201,8.814480843000183e-7,1.2997033117858152e-4
intron,83142,8.842949320575499e-7,1.3025691447111654e-4
intron,6764,8.860741123051241e-7,1.303671852142543e-4
intron,91528,8.875346851899835e-7,1.303671852142543e-4
intron,120637,8.877556282316235e-7,1.303671852142543e-4
intron,154951,8.915118402397226e-7,1.3078560319984707e-4
intron,39546,8.948736309744021e-7,1.3114536758325774e-4
intron,74174,8.980259940116753e-7,1.313404001201234e-4
intron,126677,8.97896308194035e-7,1.313404001201234e-4
intron,82889,9.040842652296988e-7,1.3209248190068813e-4
intron,70951,9.054151147713796e-7,1.3215303386218254e-4
intron,30712,9.093682524774493e-7,1.3259582162286707e-4
intron,100865,9.12556788468244e-7,1.3279220665453082e-4
intron,115731,9.120564432585354e-7,1.3279220665453082e-4
intron,143680,9.186660790971857e-7,1.3354645087537082e-4
intron,80210,9.230531496928762e-7,1.3404906904104793e-4
intron,143057,9.241007964400083e-7,1.3406620075676485e-4
intron,87680,9.355933041632625e-7,1.3543009303111387e-4
intron,97095,9.363193378408852e-7,1.3543009303111387e-4
intron,135568,9.349095245747563e-7,1.3543009303111387e-4
intron,56901,9.375599572258864e-7,1.35473656063801e-4
intron,73801,9.468971836623652e-7,1.3646219616916878e-4
intron,80618,9.488329546503138e-7,1.3646219616916878e-4
intron,87681,9.49132724192836e-7,1.3646219616916878e-4
intron,138174,9.491243009307482e-7,1.3646219616916878e-4
intron,141328,9.481494950280833e-7,1.3646219616916878e-4
intron,12582,9.501861928384869e-7,1.3647758995085626e-4
intron,153625,9.59277899004185e-7,1.3764635620069305e-4
intron,155267,9.61270088195576e-7,1.3779510497854814e-4
intron,6776,9.64709907180783e-7,1.3801381109605076e-4
intron,105410,9.638520552801566e-7,1.3801381109605076e-4
intron,55206,9.701969836406477e-7,1.3866124521295033e-4
intron,62773,9.777175524749993e-7,1.3959773771263586e-4
intron,75178,9.84169881035335e-7,1.403800059688057e-4
intron,25335,9.959070647047596e-7,1.419138044267582e-4
intron,128367,9.972690814263885e-7,1.4196760357873168e-4
intron,38429,1.0011666906617478e-6,1.4238189838289807e-4
intron,78571,1.0048771397208611e-6,1.4276878589923765e-4
intron,61824,1.0104104379848877e-6,1.4341363979378612e-4
intron,3692,1.0124999809679736e-6,1.4356891323052956e-4
intron,73991,1.0169985984465058e-6,1.4406514428897372e-4
intron,2486,1.0180471884391196e-6,1.440721598657901e-4
intron,12589,1.021874306172954e-6,1.4437975694521455e-4
intron,54207,1.0222231364709344e-6,1.4437975694521455e-4
intron,118153,1.0236172862665427e-6,1.4443520352313047e-4
intron,77749,1.0305076147965053e-6,1.452653094887191e-4
intron,140627,1.0331198224688976e-6,1.453493758427047e-4
intron,161504,1.0331103710292666e-6,1.453493758427047e-4
intron,112037,1.0365333135142762e-6,1.456874849336776e-4
intron,6766,1.0407858104244383e-6,1.4585869714662484e-4
intron,43858,1.0399112106984632e-6,1.4585869714662484e-4
intron,113965,1.0401827149619791e-6,1.4585869714662484e-4
intron,82833,1.044212668777078e-6,1.4619687021974378e-4
intron,19309,1.0541703072686204e-6,1.4702005560956089e-4
intron,37913,1.052510983146071e-6,1.4702005560956089e-4
intron,77407,1.0531344836195444e-6,1.4702005560956089e-4
intron,89534,1.053818685869956e-6,1.4702005560956089e-4
intron,50277,1.0559981814539654e-6,1.4713268575162512e-4
intron,161278,1.0578593145904591e-6,1.4724972797214896e-4
intron,24847,1.0593733834607377e-6,1.4731828110773636e-4
intron,34948,1.0670027448256292e-6,1.4823628595671436e-4
intron,24759,1.0757631356828057e-6,1.4930950385698785e-4
intron,55205,1.077462455922884e-6,1.4940156575122244e-4
intron,44703,1.0790220998924127e-6,1.4947410178596076e-4
intron,112420,1.0853417559131273e-6,1.5020525776867982e-4
intron,65959,1.0970795640830033e-6,1.5168413489714062e-4
intron,135577,1.0986153522463127e-6,1.51750980940023e-4
intron,25531,1.1084789123261274e-6,1.5267470726820808e-4
intron,27259,1.1083741600081964e-6,1.5267470726820808e-4
intron,63531,1.1083682298629327e-6,1.5267470726820808e-4
intron,119393,1.1194200394415432e-6,1.5403454735472006e-4
intron,135569,1.120742592286561e-6,1.5406952050130423e-4
intron,27013,1.1314924858174535e-6,1.5494728399464126e-4
intron,65884,1.1322335394803318e-6,1.5494728399464126e-4
intron,76625,1.130667298676613e-6,1.5494728399464126e-4
intron,123164,1.1323762857395892e-6,1.5494728399464126e-4
intron,131365,1.1325000681683406e-6,1.5494728399464126e-4
intron,140619,1.1355349596176012e-6,1.55215251110498e-4
intron,41232,1.1410734058747707e-6,1.5582459530396123e-4
intron,141415,1.1447183848600773e-6,1.5617445991061225e-4
intron,121826,1.1553811053444107e-6,1.574801919266554e-4
intron,160794,1.1572912768098575e-6,1.5759159882428625e-4
intron,115403,1.1627984918272105e-6,1.5819215293483635e-4
intron,31669,1.1683617319180328e-6,1.5820276082131808e-4
intron,47667,1.1662037712190099e-6,1.5820276082131808e-4
intron,53241,1.1678877083198813e-6,1.5820276082131808e-4
intron,55147,1.1651214506525065e-6,1.5820276082131808e-4
intron,74411,1.1657211422821945e-6,1.5820276082131808e-4
intron,47666,1.1745946555397069e-6,1.5889753423209614e-4
intron,161288,1.1763287663946187e-6,1.5898298258244496e-4
intron,135347,1.1831507202852976e-6,1.5975525835223027e-4
intron,31660,1.1872853522554294e-6,1.6016357230374062e-4
intron,118850,1.1977797276241375e-6,1.614282440948542e-4
intron,55129,1.2033790321996918e-6,1.6203144733559381e-4
intron,24754,1.2093662038470399e-6,1.62299214647245e-4
intron,33261,1.2096441169839878e-6,1.62299214647245e-4
intron,60205,1.2086650523768228e-6,1.62299214647245e-4
intron,123974,1.2098695330031717e-6,1.62299214647245e-4
intron,41023,1.212154420726641e-6,1.623877170254175e-4
intron,118860,1.2127814269513593e-6,1.623877170254175e-4
intron,118861,1.2145978733890672e-6,1.6248007006291023e-4
intron,62906,1.2169167804554348e-6,1.6263940515211947e-4
intron,55155,1.2267586593228685e-6,1.636514208926669e-4
intron,73594,1.226092226525033e-6,1.636514208926669e-4
intron,53463,1.230641193394888e-6,1.6401762899805603e-4
intron,41025,1.2335423822396052e-6,1.6425248967278557e-4
intron,121250,1.240358078469228e-6,1.6500767289835054e-4
intron,119550,1.24253121747131e-6,1.6514442329759003e-4
intron,39115,1.2480496016653575e-6,1.655726668880922e-4
intron,63687,1.2479039190882446e-6,1.655726668880922e-4
intron,141630,1.2599518246503294e-6,1.6699804483212322e-4
intron,67252,1.2652704792781577e-6,1.6754899908656134e-4
intron,69257,1.2686417785179316e-6,1.6784130729792236e-4
intron,40696,1.2723954485593936e-6,1.6818362094445875e-4
intron,701,1.2741003061478295e-6,1.6825474619840667e-4
intron,27260,1.2770863833111434e-6,1.6834076423962528e-4
intron,118168,1.2766441541689488e-6,1.6834076423962528e-4
intron,16744,1.281782196160819e-6,1.6880544763631341e-4
intron,141272,1.2844200579786857e-6,1.689985066614346e-4
intron,61743,1.2865144927154404e-6,1.6911977707476344e-4
intron,99433,1.2889999166931787e-6,1.6929217758340003e-4
intron,81618,1.2924627844634884e-6,1.6959252116390016e-4
intron,139504,1.293944815516923e-6,1.6963263637386267e-4
intron,13983,1.2954040838897285e-6,1.696696972983525e-4
intron,47668,1.3020154543408324e-6,1.7038089167343778e-4
intron,133602,1.3190494023707089e-6,1.7245345164793545e-4
intron,107264,1.3223306725151929e-6,1.727258508074261e-4
intron,115695,1.324547972414436e-6,1.7285890448684937e-4
intron,25533,1.3312708051493871e-6,1.7296077463605837e-4
intron,26788,1.3273754011500216e-6,1.7296077463605837e-4
intron,47930,1.331200011112088e-6,1.7296077463605837e-4
intron,100368,1.3296944114671305e-6,1.7296077463605837e-4
intron,109811,1.331325524045468e-6,1.7296077463605837e-4
intron,124995,1.3334675583731581e-6,1.730831288841746e-4
intron,95517,1.3348105230015506e-6,1.7310163767129911e-4
intron,24848,1.3419508568812688e-6,1.7371517703615542e-4
intron,89704,1.3411653388972766e-6,1.7371517703615542e-4
intron,147631,1.3434530263811695e-6,1.7375365970883345e-4
intron,31467,1.344874116737671e-6,1.7378159655232018e-4
intron,80208,1.3495922721595832e-6,1.7423514126348882e-4
intron,61813,1.3508566574227387e-6,1.7424238461266625e-4
intron,123165,1.3615083620521773e-6,1.7545937119433272e-4
intron,20744,1.3696947827046557e-6,1.763567638656163e-4
intron,40290,1.3747879024084142e-6,1.7651987661376016e-4
intron,51573,1.375857907826017e-6,1.7651987661376016e-4
intron,55157,1.3739397904943829e-6,1.7651987661376016e-4
intron,139574,1.3747326550461736e-6,1.7651987661376016e-4
intron,3683,1.377688378267905e-6,1.7659760707989313e-4
intron,49365,1.3815859352117599e-6,1.76939931580002e-4
intron,139793,1.3841308788009599e-6,1.7710857288309674e-4
intron,808,1.3874543275393947e-6,1.7721933233965764e-4
intron,49572,1.3867324712979467e-6,1.7721933233965764e-4
intron,118609,1.3895587922529984e-6,1.7733106615436118e-4
intron,86978,1.4054075350156126e-6,1.7918561532881817e-4
intron,138189,1.4065760784998105e-6,1.7918561532881817e-4
intron,76327,1.4098772949111549e-6,1.794268588296381e-4
intron,112422,1.4109582607835236e-6,1.794268588296381e-4
intron,45198,1.4128243209787783e-6,1.7950586507082527e-4
intron,151687,1.4185077614747854e-6,1.8006932109066408e-4
intron,129989,1.426241410529272e-6,1.8089181626050548e-4
intron,118832,1.4330872275536422e-6,1.8160036012638672e-4
intron,9888,1.4346489018990383e-6,1.8163864284122442e-4
intron,127180,1.439718056661654e-6,1.8212054543597118e-4
intron,19736,1.443157945368867e-6,1.8239568608922717e-4
intron,30273,1.4558439821454883e-6,1.8348601044449345e-4
intron,61803,1.4567221486849746e-6,1.8348601044449345e-4
intron,113964,1.4566267206861383e-6,1.8348601044449345e-4
intron,118838,1.4568743678111673e-6,1.8348601044449345e-4
intron,162830,1.4691925604992662e-6,1.8487596123203985e-4
intron,34379,1.4712248141979245e-6,1.8497028490064524e-4
intron,161279,1.4739550713294136e-6,1.8515212453937348e-4
intron,109942,1.4853851415530528e-6,1.864255309903752e-4
intron,74168,1.4918830673060768e-6,1.8707824477131078e-4
intron,31661,1.4962559531372932e-6,1.8746358143707182e-4
intron,100323,1.502027318633914e-6,1.878602372404517e-4
intron,133603,1.5011481020454909e-6,1.878602372404517e-4
intron,57029,1.5181066285174794e-6,1.895425130550824e-4
intron,73798,1.517121253624687e-6,1.895425130550824e-4
intron,54410,1.5195915341603694e-6,1.8956378578431174e-4
intron,76275,1.5306159586447876e-6,1.907740151670604e-4
intron,46656,1.5334574665626377e-6,1.909631268398949e-4
intron,6777,1.5356579259329095e-6,1.9107215058240473e-4
intron,143127,1.5379845141882953e-6,1.9119666623926854e-4
intron,141321,1.5428985761234415e-6,1.916423556994256e-4
intron,33803,1.5443265096726222e-6,1.9165464111907044e-4
intron,89973,1.5490314486665824e-6,1.9207323999816152e-4
intron,66601,1.5543437300591378e-6,1.9240106976878805e-4
intron,124468,1.5530910166816625e-6,1.9240106976878805e-4
intron,23770,1.5581253065555245e-6,1.9270375307242927e-4
intron,49569,1.5608919310405867e-6,1.9271536190031667e-4
intron,141300,1.5599634561880293e-6,1.9271536190031667e-4
intron,20622,1.565087343391447e-6,1.9306805006710898e-4
intron,60285,1.56857184330228e-6,1.933325126556341e-4
intron,150977,1.5716374734964234e-6,1.935449403420143e-4
intron,23255,1.5799750304745785e-6,1.944056819280269e-4
intron,130627,1.5823091252809007e-6,1.9452689857577397e-4
intron,103560,1.5945542739537188e-6,1.9553221784357477e-4
intron,153639,1.5934612749290977e-6,1.9553221784357477e-4
intron,161285,1.5929583720986074e-6,1.9553221784357477e-4
intron,20323,1.5981296834777226e-6,1.956379348601629e-4
intron,60284,1.5975247318333885e-6,1.956379348601629e-4
intron,6767,1.6000287694772908e-6,1.9570428223919566e-4
intron,151674,1.6036100017879917e-6,1.9597609112528892e-4
intron,20330,1.6110324827511846e-6,1.9671647861143108e-4
intron,16623,1.6197574526088943e-6,1.9761452027780948e-4
intron,127585,1.6240758704544334e-6,1.979738876167561e-4
intron,107472,1.6257091867144524e-6,1.980056120680161e-4
intron,46660,1.6304242029807625e-6,1.9812898508829742e-4
intron,76329,1.62919940271955e-6,1.9812898508829742e-4
intron,137352,1.6308438931522673e-6,1.9812898508829742e-4
intron,10666,1.6423616551186626e-6,1.9936030909065402e-4
intron,99751,1.6447047722634167e-6,1.994768217777885e-4
intron,162291,1.6484252776116648e-6,1.9976005378869358e-4
intron,99428,1.6529045194779712e-6,2.0013467845538186e-4
intron,7139,1.655563858782294e-6,2.002885045162905e-4
intron,144052,1.6584799551466745e-6,2.0047310887832061e-4
intron,162763,1.6608846638010988e-6,2.005956404629523e-4
intron,89971,1.664531512846068e-6,2.0086786265522422e-4
intron,130625,1.666974747793759e-6,2.009945045611159e-4
intron,158115,1.6717022017775918e-6,2.0139612315099513e-4
intron,127178,1.683327964574488e-6,2.0262744222653857e-4
intron,20733,1.6856273128418309e-6,2.0273499408088566e-4
intron,139102,1.6949017209721973e-6,2.0368057706353137e-4
intron,129444,1.6974819739834501e-6,2.0382080185031757e-4
intron,89972,1.7026676821796372e-6,2.0414600134026342e-4
intron,141275,1.7030216259428244e-6,2.0414600134026342e-4
intron,22093,1.7061305536136828e-6,2.0434881124997372e-4
intron,20743,1.708191639915313e-6,2.0442588532553323e-4
intron,19117,1.7121911126682932e-6,2.0473461342003033e-4
intron,83997,1.7216801107000634e-6,2.056986940544524e-4
intron,118442,1.7419313911304357e-6,2.079459438085652e-4
intron,113524,1.753360025835704e-6,2.0913712923547508e-4
intron,61810,1.7576381683426234e-6,2.0947415482825183e-4
intron,84452,1.7656923120279444e-6,2.102602735265184e-4
intron,130561,1.7675025236751907e-6,2.1030217527362064e-4
intron,25888,1.7694599815376577e-6,2.1036151323792333e-4
intron,85192,1.7756434398386034e-6,2.1074914693728844e-4
intron,131911,1.7741929929648848e-6,2.1074914693728844e-4
intron,63108,1.7812034874831184e-6,2.1123520667720234e-4
intron,83138,1.7952035760160356e-6,2.1264521248062296e-4
intron,131360,1.7960422781237995e-6,2.1264521248062296e-4
intron,7909,1.7985793452357512e-6,2.127709037230615e-4
intron,65955,1.804848165143369e-6,2.1333749127117198e-4
intron,64453,1.8135011039532856e-6,2.138690877042393e-4
intron,82425,1.8167608537567048e-6,2.138690877042393e-4
intron,86358,1.8163127266657142e-6,2.138690877042393e-4
intron,109812,1.8158275143509428e-6,2.138690877042393e-4
intron,135856,1.8111169115542225e-6,2.138690877042393e-4
intron,162855,1.8286049868754262e-6,2.150877971797264e-4
intron,61807,1.837105686686158e-6,2.1584145647312748e-4
intron,151677,1.838005842635937e-6,2.1584145647312748e-4
intron,2487,1.8398716192802311e-6,2.1588475720223294e-4
intron,7501,1.8499692995277428e-6,2.168931079487782e-4
intron,10297,1.8579480570712903e-6,2.176515966418193e-4
intron,34949,1.8597811928255936e-6,2.1768950200795484e-4
intron,42887,1.881513067791829e-6,2.2005462689947793e-4
intron,122605,1.8895599214197034e-6,2.208166674134288e-4
intron,61133,1.8952901916780007e-6,2.2097504390563192e-4
intron,75923,1.895512210303707e-6,2.2097504390563192e-4
intron,110890,1.8940262063171787e-6,2.2097504390563192e-4
intron,154131,1.9032861919843214e-6,2.2170209360862928e-4
intron,81862,1.9078118200788197e-6,2.220498943810382e-4
intron,40694,1.918580003090753e-6,2.231231181497647e-4
intron,84057,1.9269780993091956e-6,2.2391920287436032e-4
intron,32961,1.9299878268874693e-6,2.2408836920447767e-4
intron,162788,1.9325593916263983e-6,2.2420642975725503e-4
intron,43677,1.9618784612429607e-6,2.2688710241846647e-4
intron,44996,1.9609864000402766e-6,2.2688710241846647e-4
intron,100867,1.961958966734123e-6,2.2688710241846647e-4
intron,147367,1.958379997279991e-6,2.2688710241846647e-4
intron,39438,1.9723883286637545e-6,2.279104196407164e-4
intron,53747,1.976802807002187e-6,2.2805504191149151e-4
intron,109816,1.976164383798995e-6,2.2805504191149151e-4
intron,20734,1.9884976870665483e-6,2.2897330621316641e-4
intron,32383,1.9876565304777216e-6,2.2897330621316641e-4
intron,42234,1.9911136490691206e-6,2.2897330621316641e-4
intron,63148,1.99050655136368e-6,2.2897330621316641e-4
intron,3855,1.994591572795912e-6,2.2907738418590713e-4
intron,55130,1.9951957570540912e-6,2.2907738418590713e-4
intron,17232,1.9987374888508214e-6,2.2930146145959458e-4
intron,8438,2.0067403555534824e-6,2.2967143369309606e-4
intron,87677,2.0041466967102295e-6,2.2967143369309606e-4
intron,112629,2.005969955254372e-6,2.2967143369309606e-4
intron,135572,2.0087125376377912e-6,2.2971483657028785e-4
intron,16757,2.0168471239756514e-6,2.3009768449933288e-4
intron,53986,2.015980395508876e-6,2.3009768449933288e-4
intron,99434,2.015446212477734e-6,2.3009768449933288e-4
intron,55156,2.0221755063776214e-6,2.3035767549833147e-4
intron,113525,2.0223208109237945e-6,2.3035767549833147e-4
intron,144500,2.0326609537768547e-6,2.3135275308705516e-4
intron,63688,2.0347791653829717e-6,2.3141119803026986e-4
intron,21166,2.040464768260364e-6,2.318749431335873e-4
intron,66305,2.049671489090521e-6,2.3273777671439116e-4
intron,44303,2.076822335994599e-6,2.3563518379761853e-4
intron,2105,2.0852593409781406e-6,2.364064416544298e-4
intron,9883,2.09659528349615e-6,2.373195980372658e-4
intron,161396,2.096605351331604e-6,2.373195980372658e-4
intron,76316,2.0998899685764627e-6,2.3750496682235761e-4
intron,111572,2.105641571992223e-6,2.379688512321963e-4
intron,159854,2.112884161853401e-6,2.3860038083664323e-4
intron,140354,2.1171350823578905e-6,2.388933480607076e-4
intron,57322,2.1211030855061708e-6,2.3915395828896666e-4
intron,60607,2.133954324801124e-6,2.4041496196609038e-4
intron,55984,2.1612563827488884e-6,2.4273232023915025e-4
intron,123645,2.15963459759827e-6,2.4273232023915025e-4
intron,132514,2.156621583537799e-6,2.4273232023915025e-4
intron,162789,2.15801130842852e-6,2.4273232023915025e-4
intron,135567,2.17703592686469e-6,2.443142567357014e-4
intron,41233,2.1880462193202277e-6,2.451682837214546e-4
intron,61955,2.1879369707100693e-6,2.451682837214546e-4
intron,50275,2.192331884698362e-6,2.4526734220069564e-4
intron,82945,2.191565476317159e-6,2.4526734220069564e-4
intron,73983,2.198502735639707e-6,2.457670418592211e-4
intron,142587,2.203646796372638e-6,2.46126735914388e-4
intron,155690,2.2051338894879535e-6,2.46126735914388e-4
intron,37849,2.21394595223412e-6,2.469191832434847e-4
intron,44933,2.216972604385248e-6,2.470656633389362e-4
intron,117101,2.2218644670779497e-6,2.474196210068802e-4
intron,133600,2.225079216655601e-6,2.4758641866994924e-4
intron,51467,2.2343446450800997e-6,2.484257041118473e-4
intron,35276,2.2479809077546875e-6,2.495570306116861e-4
intron,161503,2.2469887088760743e-6,2.495570306116861e-4
intron,127141,2.271223018546209e-6,2.519432752580717e-4
intron,100866,2.275131498530314e-6,2.521828501218762e-4
intron,51574,2.280146725430754e-6,2.525446381214998e-4
intron,61808,2.2820813219137648e-6,2.5256492800400485e-4
intron,131802,2.2847863015984515e-6,2.5267038205107966e-4
intron,10664,2.2938755355195184e-6,0.00025348115659054653
intron,50279,2.3164220286364667e-6,2.5538552865717046e-4
intron,74167,2.316263983059841e-6,2.5538552865717046e-4
intron,125485,2.3136920243027603e-6,2.5538552865717046e-4
intron,49532,2.323847288376868e-6,2.5600843843771046e-4
intron,135344,2.328942281026869e-6,2.56373877496215e-4
intron,160796,2.336829952875874e-6,2.570459473793831e-4
intron,41194,2.3457938609361406e-6,2.578352860548918e-4
intron,65956,2.3503414046111004e-6,2.581383723798575e-4
intron,139865,2.361227583680403e-6,2.591366409130897e-4
intron,40143,2.3802684856466527e-6,2.6088356940395324e-4
intron,87585,2.380763606035785e-6,2.6088356940395324e-4
intron,12584,2.387274917747817e-6,2.611929943867192e-4
intron,19311,2.389021057203067e-6,2.611929943867192e-4
intron,138207,2.3884014210828752e-6,2.611929943867192e-4
intron,143059,2.391495547815481e-6,2.612654533816872e-4
intron,115175,2.4020811006941756e-6,2.622232470006094e-4
intron,82350,2.407386981984061e-6,2.62603672096048e-4
intron,157274,2.412852295186063e-6,2.630009001752809e-4
intron,97097,2.417253730402358e-6,2.6328165309677705e-4
intron,53464,2.4195493371070853e-6,2.6331943492167905e-4
intron,81623,2.4212525793210204e-6,2.6331943492167905e-4
intron,74300,2.4304310792810924e-6,2.639195592243136e-4
intron,127140,2.429403907044936e-6,2.639195592243136e-4
intron,44748,2.4447661924886788e-6,0.00026527644719354017
intron,65217,2.446894299845681e-6,2.653077340585309e-4
intron,39551,2.4488117280618837e-6,2.653161479103081e-4
intron,56564,2.453763840337686e-6,2.654538050439435e-4
intron,73599,2.4536001399511065e-6,2.654538050439435e-4
intron,55203,2.4586317555197468e-6,2.6558195473276114e-4
intron,76776,2.458607173849714e-6,2.6558195473276114e-4
intron,105399,2.471028295758515e-6,2.666235189975649e-4
intron,157363,2.4723753231370438e-6,2.666235189975649e-4
intron,158098,2.473820746695665e-6,2.666235189975649e-4
intron,25336,2.4855680107460643e-6,2.668594704205961e-4
intron,31462,2.482224623734375e-6,2.668594704205961e-4
intron,40048,2.482822334837209e-6,2.668594704205961e-4
intron,99760,2.487113165416943e-6,2.668594704205961e-4
intron,109943,2.4841421422117094e-6,2.668594704205961e-4
intron,161286,2.484517839351774e-6,2.668594704205961e-4
intron,53236,2.4971371612725335e-6,2.6713995446263225e-4
intron,124471,2.4951977330989195e-6,2.6713995446263225e-4
intron,149334,2.496250681494061e-6,2.6713995446263225e-4
intron,153640,2.4919059506967045e-6,2.6713995446263225e-4
intron,141398,2.50044660876636e-6,2.671661277083492e-4
intron,145029,2.501087134509916e-6,2.671661277083492e-4
intron,143681,2.5038440238933646e-6,2.6726264630169537e-4
intron,60662,2.509018258933793e-6,2.6761686099561056e-4
intron,28551,2.5133054574189018e-6,2.676781684623394e-4
intron,146368,2.5126997857949362e-6,2.676781684623394e-4
intron,140623,2.521019230039556e-6,2.683015646541065e-4
intron,30403,2.527338850533134e-6,2.6877577700503807e-4
intron,61823,2.5297302683746636e-6,2.6883184437104284e-4
intron,79733,2.5343822178669484e-6,2.6912787665091237e-4
intron,74296,2.5415449527166345e-6,2.6968989918793796e-4
intron,104602,2.5496929363377774e-6,2.703555656400455e-4
intron,17233,2.5526584815915854e-6,2.7047114008440685e-4
intron,55110,2.555038956630895e-6,2.705245982517412e-4
intron,61815,2.5672449546210174e-6,2.7116602236524435e-4
intron,78126,2.5669623837654143e-6,2.7116602236524435e-4
intron,124469,2.5631911191315027e-6,2.7116602236524435e-4
intron,124472,2.5703871420201807e-6,2.7116602236524435e-4
intron,135997,2.570499022747086e-6,2.7116602236524435e-4
intron,82349,2.578903953498468e-6,2.7185380294017075e-4
intron,10296,2.5989672122195273e-6,2.7356880640331486e-4
intron,30697,2.5972195047963e-6,2.7356880640331486e-4
intron,51289,2.6095857377228526e-6,2.7448616373435404e-4
intron,123641,2.61399480516733e-6,2.747495254145519e-4
intron,151675,2.633419859288111e-6,2.7658964140448697e-4
intron,23773,2.657725730714766e-6,2.7873647596304314e-4
intron,69249,2.656899124264811e-6,2.7873647596304314e-4
intron,47830,2.672692549055e-6,2.801024523412605e-4
intron,57292,2.685134353308527e-6,2.8120201139256553e-4
intron,35557,2.7097768695583113e-6,2.833850862817168e-4
intron,132267,2.709910295495277e-6,2.833850862817168e-4
intron,109618,2.7120092904731052e-6,2.833990751820689e-4
intron,62772,2.7146398600130794e-6,2.834685519861739e-4
intron,16615,2.721535891536675e-6,2.835769523724061e-4
intron,61806,2.7214886473281297e-6,2.835769523724061e-4
intron,138190,2.7215773303890245e-6,2.835769523724061e-4
intron,107234,2.72397096079402e-6,2.836214298507027e-4
intron,40938,2.74387017051847e-6,2.854872191053081e-4
intron,45590,2.757543944076346e-6,2.865847084656546e-4
intron,131763,2.7583929722574396e-6,2.865847084656546e-4
intron,151685,2.7662241082193617e-6,2.87191418267811e-4
intron,156845,2.7812402771942857e-6,2.885426738513355e-4
intron,30698,2.785114271874889e-6,2.887368611101812e-4
intron,54417,2.7929007659910354e-6,2.893360925009118e-4
intron,24996,2.8046827746930347e-6,2.8980368222595725e-4
intron,58696,2.8074624953688954e-6,2.8980368222595725e-4
intron,127992,2.80622180248713e-6,2.8980368222595725e-4
intron,145032,2.801603396496155e-6,2.8980368222595725e-4
intron,155644,2.802498821674604e-6,2.8980368222595725e-4
intron,36947,2.8158999558769437e-06,2.9025910288573727e-4
intron,151681,2.8155898336157392e-6,2.9025910288573727e-4
intron,315,2.8293386007405275e-6,2.912629803255858e-4
intron,150435,2.8296784166936817e-6,2.912629803255858e-4
intron,100551,2.845479514235194e-6,2.924718918811936e-4
intron,131799,2.8451969968923407e-6,2.924718918811936e-4
intron,101429,2.8585401181668857e-6,2.936050532909488e-4
intron,65726,2.868434665792563e-6,2.944116425978278e-4
intron,46241,2.8911063298941997e-6,2.96527575046268e-4
intron,141752,2.90964062876764e-6,2.982164507126475e-4
intron,90596,2.9174172349044625e-6,2.9872363139251464e-4
intron,107239,2.9187320770285297e-6,2.9872363139251464e-4
intron,117099,2.9353446162616592e-06,3.002108092746419e-4
intron,150056,2.946816628268678e-6,3.011705070962022e-4
intron,141299,2.953376561976029e-6,3.0162717696379405e-4
intron,19310,2.955846905905446e-6,3.0166582785556026e-4
intron,121823,2.9786118320718202e-6,3.0377417006193847e-4
intron,161280,2.9976007041021546e-6,3.0549470299396427e-4
intron,35358,3.0008980118623185e-6,3.056147596021394e-4
intron,44752,3.011326244806156e-6,3.0646035552911883e-4
intron,2389,3.0219691424804296e-6,3.073265896542139e-4
intron,16844,3.034607822582913e-6,3.08394425842998e-4
intron,127917,3.0424337005285906e-6,3.089719976423426e-4
intron,76615,3.051249719887572e-6,3.09431482669358e-4
intron,121405,3.0495893257320716e-6,3.09431482669358e-4
intron,13897,3.0575415195244204e-6,3.098516443471947e-4
intron,19184,3.0671779960300682e-6,3.106099278606096e-4
intron,16021,3.076185180250768e-6,3.108890494296888e-4
intron,49045,3.076401794199768e-6,3.108890494296888e-4
intron,160044,3.0737074899755967e-6,3.108890494296888e-4
intron,8482,3.0791180192224488e-6,3.109456387941258e-4
intron,162853,3.0903689955952274e-6,3.1186343019440235e-4
intron,61825,3.108558177533638e-6,3.1347961476055477e-4
intron,4905,3.1189366938022545e-6,3.140869439966073e-4
intron,76325,3.117819781683906e-6,3.140869439966073e-4
intron,19731,3.124594023962146e-6,3.14217803635641e-4
intron,113031,3.1235510871141514e-6,3.14217803635641e-4
intron,146993,3.1412431045207967e-6,3.1567194729869723e-4
intron,127993,3.1485296718702926e-6,3.159638262988165e-4
intron,148487,3.14846970328464e-6,3.159638262988165e-4
intron,73578,3.1622640548345515e-6,3.1712142736823793e-4
intron,17231,3.1765542344297515e-6,3.183175993454662e-4
intron,100319,3.178606746256918e-6,3.183175993454662e-4
intron,34364,3.217079214579144e-6,3.2194680242665825e-4
intron,121825,3.2233300807371634e-6,3.2212526746560233e-4
intron,162804,3.22296826493762e-6,3.2212526746560233e-4
intron,100320,3.243430792387869e-6,3.2390957359963816e-4
intron,1095,3.271065587506783e-6,3.2634864168567027e-4
intron,38425,3.272380230345817e-6,3.2634864168567027e-4
intron,133242,3.2779913150537965e-6,3.266823037802093e-4
intron,66271,3.281774022090289e-6,3.2683341602456794e-4
intron,149335,3.2896451003239235e-6,3.273912015061505e-4
intron,20942,3.3021975028857398e-6,3.2841378986113375e-4
intron,82829,3.3047062661939464e-6,3.284367860296557e-4
intron,110889,3.3147427140889363e-6,3.2875454097016727e-4
intron,115697,3.3127824023981844e-6,3.2875454097016727e-4
intron,132515,3.3108294286154916e-6,3.2875454097016727e-4
intron,26861,3.319636463050557e-6,3.2901361885026234e-4
intron,131545,3.3328803277221652e-6,3.300993636125208e-4
intron,14538,3.337774229450474e-6,3.3035717797279653e-4
intron,23781,3.347406024145627e-6,3.3093757973395117e-4
intron,120996,3.3482280945573706e-6,3.3093757973395117e-4
intron,115401,3.3571070396920533e-6,3.3158790059785746e-4
intron,128368,3.35974017073859e-6,3.316208424378507e-4
intron,8486,3.376643593511197e-6,3.32606313312479e-4
intron,13984,3.3734028309639896e-6,3.32606313312479e-4
intron,118154,3.3766071925178665e-6,3.32606313312479e-4
intron,30275,3.3894197486450395e-6,3.336368967186725e-4
intron,53458,3.3926838716169527e-6,3.337303977314229e-4
intron,50597,3.404580113164357e-6,3.346723138235122e-4
intron,152140,3.412142565606402e-6,3.351872227237074e-4
intron,91477,3.4291185976309535e-6,3.3662553138772425e-4
intron,37848,3.435374093196941e-6,3.370101985426199e-4
intron,14852,3.455261808005261e-6,3.387307542807714e-4
intron,75687,3.4863354327896445e-6,3.413129489180558e-4
intron,139861,3.4845240491909735e-6,3.413129489180558e-4
intron,10663,3.4935928459045584e-6,3.417914135205961e-4
intron,2488,3.5034329632921413e-6,3.4252173378811516e-4
intron,33721,3.517681385512006e-6,3.436817612198712e-4
intron,130325,3.522026574942494e-6,3.438733150255465e-4
intron,93301,3.543342544376493e-6,3.4572043186529156e-4
intron,44304,3.5522003738464036e-6,3.4635034436191235e-4
intron,76616,3.5612197386569733e-6,3.469951451706123e-4
intron,5708,3.5662502269051544e-6,3.472506728368073e-4
intron,107261,3.57090077085509e-6,3.474688849275978e-4
intron,28552,3.575850847759021e-6,3.477159293343123e-4
intron,122482,3.584518508459311e-6,3.483238952489164e-4
intron,153978,3.6033468190366236e-6,3.4991773382681105e-4
intron,154403,3.6086752458475146e-6,3.50199348033602e-4
intron,23769,3.617135630795687e-6,3.5078431601220824e-4
intron,124470,3.6243848091643827e-6,3.5125111570911835e-4
intron,19623,3.638632425584376e-6,3.5239507467847285e-4
intron,160797,3.642372476964084e-6,3.525205421379595e-4
intron,141284,3.6644093662774324e-6,3.5441548053841024e-4
intron,100512,3.673349127986114e-6,3.5504199577714044e-4
intron,45532,3.69167355418476e-6,3.5657412473430786e-4
intron,109616,3.723833027047263e-6,3.594396180263753e-4
intron,14688,3.741179580796228e-6,3.608724306407235e-4
intron,158372,3.7520664921686375e-6,3.6168065015786273e-4
intron,39700,3.7759428455075295e-6,3.6373907142425136e-4
intron,83144,3.801498366762246e-6,3.659563918395749e-4
intron,138736,3.8096336920645513e-6,3.664948938169131e-4
intron,148485,3.8260340921025815e-6,3.67827265546558e-4
intron,119604,3.831786092867162e-6,3.681348281772784e-4
intron,15362,3.85090708399094e-6,3.6972553785691173e-4
intron,15183,3.9050343874080795e-6,3.7349103804483344e-4
intron,32831,3.905666752457293e-6,3.7349103804483344e-4
intron,54546,3.9025136830961316e-6,3.7349103804483344e-4
intron,74689,3.898848350614159e-6,3.7349103804483344e-4
intron,74846,3.895630050876342e-6,3.7349103804483344e-4
intron,115292,3.898933889856515e-6,3.7349103804483344e-4
intron,105407,3.911187828720131e-6,3.7377114858598006e-4
intron,87599,3.93088074912562e-6,3.754043180060651e-4
intron,38423,3.941365439352751e-6,3.7615650953854547e-4
intron,46851,3.948318128443873e-6,3.7632195132088935e-4
intron,149715,3.947083259792095e-6,3.7632195132088935e-4
intron,6761,3.951509772837092e-6,3.7637739089268064e-4
intron,151986,3.963174293852845e-6,3.772392576855691e-4
intron,7140,3.9791618811069185e-6,3.780551083721633e-4
intron,32976,3.978445410668385e-6,3.780551083721633e-4
intron,61805,3.982231858490337e-6,3.780551083721633e-4
intron,158464,3.9803348726996646e-6,3.780551083721633e-4
intron,97091,3.9879264405184855e-6,3.780889564616954e-4
intron,127176,3.990453942837036e-6,3.780889564616954e-4
intron,128364,3.987176456554664e-6,3.780889564616954e-4
intron,124466,3.994208250701625e-6,3.781961846414506e-4
intron,30738,4.008931075105693e-6,3.7919354610342447e-4
intron,57326,4.010000608900555e-6,3.7919354610342447e-4
intron,43152,4.0164360435301916e-6,3.795532061136031e-4
intron,135343,4.019688849110636e-6,3.7961183357151115e-4
intron,113029,4.025916849448308e-6,3.7995117219135607e-4
intron,48028,4.036357749148678e-6,3.806874047949532e-4
intron,31672,4.040331994970003e-6,3.8081317385531976e-4
intron,42501,4.043122349473016e-6,3.808272662641772e-4
intron,109821,4.049067799716255e-6,3.8113832910814747e-4
intron,137528,4.054814946252705e-6,3.8143033199886746e-4
intron,8602,4.081591600479939e-6,3.8347434130428374e-4
intron,131768,4.081862280624904e-6,3.8347434130428374e-4
intron,49577,4.086779253564821e-6,3.8368631238204563e-4
intron,6760,4.094235531049151e-6,3.838684637728444e-4
intron,76330,4.0967051928575415e-6,3.838684637728444e-4
intron,141751,4.096321612800935e-6,3.838684637728444e-4
intron,61742,4.123330012317794e-6,3.8611237083526764e-4
intron,67249,4.173000667240245e-6,3.9050999819644e-4
intron,118155,4.182989469803111e-6,3.911908965446805e-4
intron,45539,4.2083407389981176e-6,3.93306670737979e-4
intron,119397,4.2151753363306455e-06,3.934864823662744e-4
intron,121251,4.215721950084905e-6,3.934864823662744e-4
intron,51290,4.2278417436980575e-6,3.943624672273388e-4
intron,20718,4.232240083501537e-6,3.9451754733129036e-4
intron,51468,4.24024780643073e-6,3.9500866629325345e-4
intron,20941,4.244296046063134e-6,3.9513053577445214e-4
intron,111342,4.251225941720449e-6,3.9552034798560047e-4
intron,57784,4.255335116054582e-6,3.9564739592577887e-4
intron,42805,4.274204885246213e-6,3.9714578858679163e-4
intron,127331,4.281413411688639e-6,3.9755942296161215e-4
intron,49571,4.289312755867414e-6,3.9803663100731795e-4
intron,27016,4.299197003621025e-6,3.9855141537340367e-4
intron,112427,4.3003876533109775e-6,3.9855141537340367e-4
intron,20738,4.310882987690334e-6,3.9901123427847244e-4
intron,137609,4.310426031439718e-6,3.9901123427847244e-4
intron,60758,4.340251526624428e-6,4.0147187421419423e-4
intron,20322,4.345246795933733e-6,4.016762850648819e-4
intron,141756,4.363501821869065e-6,4.0310538579517755e-4
intron,83120,4.381117711727001e-6,4.0447365035532366e-4
intron,49022,4.385781246729614e-6,4.04645141552871e-4
intron,15361,4.396260780303862e-6,4.05319217655727e-4
intron,78141,4.39870863155889e-6,4.05319217655727e-4
intron,73595,4.406517088773043e-6,4.057794443299453e-4
intron,46496,4.420879724520432e-6,4.0684224788380217e-4
intron,97092,4.430628613993903e-6,4.074793753432518e-4
intron,117102,4.444357561306234e-6,4.0822131900846375e-4
intron,135057,4.442260070458559e-6,4.0822131900846375e-4
intron,83032,4.448834800552248e-6,4.0837245072134826e-4
intron,61816,4.478364719284755e-6,4.1030325858633495e-4
intron,105566,4.478079171033045e-6,4.1030325858633495e-4
intron,120281,4.478404855623452e-6,4.1030325858633495e-4
intron,33720,4.485094148964919e-6,4.1065522027922797e-4
intron,42806,4.527549031241307e-6,4.141127296859354e-4
intron,106218,4.528599684583412e-6,4.141127296859354e-4
intron,48328,4.543484606989168e-6,4.149476154022083e-4
intron,95907,4.542574118304721e-6,4.149476154022083e-4
intron,83145,4.5524161028653864e-6,4.152458953976109e-4
intron,127971,4.5525096605825155e-6,4.152458953976109e-4
intron,106102,4.58195810848494e-6,4.176677831544171e-4
intron,15187,4.591436023160256e-6,4.1800329204032266e-4
intron,39697,4.59093627647178e-6,4.1800329204032266e-4
intron,8436,4.602411521892336e-6,4.1847412253311983e-4
intron,13063,4.601535517623212e-6,4.1847412253311983e-4
intron,135566,4.609548516332218e-6,4.1885895582528056e-4
intron,111341,4.628914687776486e-6,4.203538415492341e-4
intron,102323,4.636691060877496e-6,4.2079503323849026e-4
intron,123362,4.665705659601116e-6,4.231618968893699e-4
intron,7169,4.671224863139756e-6,4.233961809169043e-4
intron,112426,4.676230418887428e-6,4.235836432264443e-4
intron,131765,4.6883856783530575e-6,4.2441810013701156e-4
intron,6765,4.69384402634887e-6,4.246204662899806e-4
intron,149714,4.696510181423363e-6,4.246204662899806e-4
intron,95134,4.718898759414891e-6,4.2637733922239554e-4
intron,61811,4.728783994711883e-6,4.2685950388972137e-4
intron,78080,4.731260667134585e-6,4.2685950388972137e-4
intron,154284,4.733115221311479e-6,4.2685950388972137e-4
intron,91865,4.738208418508805e-6,4.2705176337993697e-4
intron,121418,4.753070157459405e-6,4.281236653321352e-4
intron,31662,4.769252388570067e-6,4.291715034849722e-4
intron,141292,4.770655516628253e-6,4.291715034849722e-4
intron,152288,4.782617837983949e-6,4.299794080811417e-4
intron,33996,4.821125227150169e-6,4.3317134307267567e-4
intron,13894,4.851286988016845e-6,4.3533885667762615e-4
intron,84587,4.850261782651799e-6,4.3533885667762615e-4
intron,49021,4.8569280020061e-6,4.354828994908553e-4
intron,60608,4.8619516956893705e-6,4.354828994908553e-4
intron,85726,4.860266102357791e-6,4.354828994908553e-4
intron,25333,4.874235641105784e-6,4.3631216579574286e-4
intron,63526,4.904836955255121e-6,4.3877904640600196e-4
intron,45798,4.908849894902367e-6,4.388657884650872e-4
intron,55530,4.922424829967298e-6,4.3980676422248705e-4
intron,20741,4.937651156167178e-6,4.403487076545456e-4
intron,80361,4.936352644535624e-6,4.403487076545456e-4
intron,131631,4.935303323128082e-6,4.403487076545456e-4
intron,42219,4.947313614334092e-6,4.40937734476067e-4
intron,105402,4.953206792945863e-6,4.4119029770867455e-4
intron,12586,4.957409946104718e-6,4.4129210870242166e-4
intron,106283,4.9677549374127494e-6,4.416808443059025e-4
intron,114271,4.967902594632534e-6,4.416808443059025e-4
intron,2388,4.972859994012424e-6,4.4184918124248285e-4
intron,159774,5.003960145355535e-6,4.443387196313335e-4
intron,46240,5.070430203701903e-6,4.4967553107807916e-4
intron,46424,5.076534180692427e-6,4.4967553107807916e-4
intron,50280,5.075042761815141e-6,4.4967553107807916e-4
intron,88568,5.07607104127672e-6,4.4967553107807916e-4
intron,113216,5.079958577680621e-6,4.4970263143743973e-4
intron,41149,5.0855480674405484e-6,4.498593603812827e-4
intron,109815,5.087968106831653e-6,4.498593603812827e-4
intron,51281,5.0962456354941565e-6,4.5031513134663345e-4
intron,7171,5.10905542339124e-6,4.5117057895957167e-4
intron,150528,5.112912376814549e-6,4.512348562566069e-4
intron,100738,5.117830818024416e-6,4.513926781497535e-4
intron,113028,5.1290097560219294e-6,4.521021454074904e-4
intron,16014,5.147135132888003e-6,4.5314585843002456e-4
intron,104878,5.144723471683932e-6,4.5314585843002456e-4
intron,152233,5.1551340130018275e-6,4.535731608376782e-4
intron,143951,5.167461852639832e-6,4.5438059230709285e-4
intron,8284,5.1822574241855435e-6,4.55403897848583e-4
intron,82825,5.188341332229562e-6,4.556523533846452e-4
intron,147632,5.191404138571443e-6,4.556523533846452e-4
intron,101431,5.206857572215284e-6,4.567307237934608e-4
intron,123642,5.218006227103444e-6,4.574304097215236e-4
intron,53746,5.233667048520907e-6,4.582461591172158e-4
intron,160086,5.231384655246529e-6,4.582461591172158e-4
intron,41297,5.251300637887368e-6,4.5951111109698037e-4
intron,41296,5.257981353423702e-6,4.598166871031969e-4
intron,73596,5.2639823873157354e-06,4.600624897743274e-4
intron,143950,5.283469826089515e-6,4.6148596802597863e-4
intron,138798,5.29375909530394e-6,4.62104792891341e-4
intron,147365,5.319199798292651e-6,4.6404467351021677e-4
intron,45197,5.342578033529222e-6,4.6483724584241035e-4
intron,45548,5.341727610019831e-6,4.6483724584241035e-4
intron,138350,5.339533985404543e-6,4.6483724584241035e-4
intron,140621,5.343342155850195e-6,4.6483724584241035e-4
intron,142497,5.344401822426903e-6,4.6483724584241035e-4
intron,154288,5.361263784808834e-6,4.6602276468711725e-4
intron,139169,5.377638917725136e-6,4.671645634990293e-4
intron,16743,5.388506673975613e-6,4.678268404178213e-4
intron,113032,5.413068573711932e-6,4.696765221475792e-4
intron,131926,5.419955714347502e-6,4.699913131081841e-4
intron,44428,5.426627693427832e-6,4.702870791984059e-4
intron,160085,5.48442623737877e-6,4.750106032514596e-4
intron,45536,5.493182214877379e-6,4.7548338995247435e-4
intron,12593,5.503471025458673e-6,4.760882100589795e-4
intron,13099,5.513706001547547e-6,4.7668765069854143e-4
intron,138329,5.520657872848389e-6,4.7700270213891415e-4
intron,45533,5.536912240811098e-6,4.78120660784818e-4
intron,40695,5.545624605085564e-6,4.7858640779507714e-4
intron,26863,5.55807620306048e-6,4.7869678621700467e-4
intron,34898,5.550826018496657e-6,4.7869678621700467e-4
intron,53961,5.56174367438711e-6,4.7869678621700467e-4
intron,91764,5.5635011733112805e-6,4.7869678621700467e-4
intron,131359,5.558902060442961e-6,4.7869678621700467e-4
intron,76331,5.571420247041381e-6,4.790923074329734e-4
intron,104601,5.585136737318308e-6,4.79985586101586e-4
intron,146995,5.6224447642083675e-6,4.8290404533186184e-4
intron,105904,5.680288761356067e-6,4.8758178655290143e-4
intron,75485,5.7019679916558985e-6,4.888607004594068e-4
intron,153641,5.701043999994937e-6,4.888607004594068e-4
intron,42920,5.7063743098551e-6,4.889477837797234e-4
intron,17234,5.714012337731944e-6,4.890664789448524e-4
intron,151772,5.714542407941892e-6,4.890664789448524e-4
intron,59258,5.726372208858521e-6,4.897882307964773e-4
intron,120547,5.730277385707083e-6,4.898317195973096e-4
intron,105404,5.7428973840867314e-6,4.906196700633858e-4
intron,87832,5.7514497926458574e-6,4.910593962392429e-4
intron,141188,5.755471155666214e-6,4.911119697900341e-4
intron,49576,5.779722815568711e-6,4.92406863709611e-4
intron,93299,5.779788337489933e-6,4.92406863709611e-4
intron,105406,5.780890111162229e-6,4.92406863709611e-4
intron,32580,5.808752681080165e-6,4.944880743096384e-4
intron,91478,5.8136344076586965e-6,4.946116678614972e-4
intron,30278,5.846229014005999e-6,4.96798554757079e-4
intron,103554,5.84472652631618e-6,4.96798554757079e-4
intron,151987,5.86665832447153e-6,4.982409876307808e-4
intron,5975,5.878750465759808e-6,4.989740838233223e-4
intron,32975,5.889988440199723e-6,4.990335165860358e-4
intron,37354,5.893292827297003e-6,4.990335165860358e-4
intron,123294,5.886617882033818e-6,4.990335165860358e-4
intron,141329,5.884253957644248e-6,4.990335165860358e-4
intron,1419,5.900008450909766e-6,4.99308989835883e-4
intron,35281,5.9051451128944166e-6,4.994120038129071e-4
intron,127916,5.911615181708463e-6,4.994120038129071e-4
intron,155691,5.9110580650223454e-6,4.994120038129071e-4
intron,129161,5.917398444355015e-6,4.996078907875314e-4
intron,93843,5.945691034181522e-6,5.014095128457396e-4
intron,162805,5.943248497786158e-6,5.014095128457396e-4
intron,139863,5.96028885824218e-6,5.023468003392929e-4
intron,162807,5.9668530612011494e-6,5.026062963765387e-4
intron,61954,6.006564678751047e-6,5.05655967675804e-4
intron,44938,6.032856040949497e-6,5.075729703017527e-4
intron,140737,6.04875921994541e-6,5.086142395514097e-4
intron,33804,6.068213804999445e-6,5.099527436932139e-4
intron,132240,6.0828515111577275e-6,5.10885129801702e-4
intron,112425,6.10069996898055e-6,5.120859373846206e-4
intron,55158,6.131229809192007e-6,5.143491896999138e-4
intron,91483,6.146581366550663e-6,5.144399646698616e-4
intron,104606,6.143502594646577e-6,5.144399646698616e-4
intron,111511,6.137314216947409e-6,5.144399646698616e-4
intron,112302,6.145390441858467e-6,5.144399646698616e-4
intron,7910,6.160036109981171e-6,5.152670112018879e-4
intron,44465,6.182683381483756e-6,5.168615781992046e-4
intron,51433,6.19393581868799e-6,5.169269432087724e-4
intron,105826,6.194219128508038e-6,5.169269432087724e-4
intron,162292,6.187753103681359e-6,5.169269432087724e-4
intron,5706,6.226245651941298e-6,5.192991363386344e-4
intron,53609,6.231311320048505e-6,5.194212205377079e-4
intron,33805,6.24505347235349e-6,5.202659884966376e-4
intron,141755,6.26519153990035e-6,5.214947615563864e-4
intron,153466,6.267035731810644e-6,5.214947615563864e-4
intron,54702,6.275829457669246e-6,5.21925339447583e-4
intron,112072,6.289949983528942e-6,5.227981655762295e-4
intron,18291,6.3073760760978814e-06,5.239445747729534e-4
intron,40142,6.314391873818437e-6,5.242253937522943e-4
intron,107529,6.318875496735821e-6,5.242957875476309e-4
intron,61822,6.330008966104472e-6,5.248317959776248e-4
intron,75678,6.332614401527437e-6,5.248317959776248e-4
intron,50858,6.336997836808855e-6,5.248934216270503e-4
intron,33997,6.343464870606219e-6,5.251274618803163e-4
intron,26858,6.350716396097411e-6,5.254261384578424e-4
intron,87679,6.362145060334612e-6,5.260698696764182e-4
intron,100513,6.368232683962027e-6,5.262714788860241e-4
intron,66928,6.375143123071858e-6,5.265408157782495e-4
intron,2259,6.382859451425915e-6,5.268763668642111e-4
intron,84829,6.398394569284704e-6,5.278565707396107e-4
intron,80207,6.404391979852875e-6,5.280492591415915e-4
intron,87586,6.419867277784874e-6,5.290227431585848e-4
intron,95906,6.438284734011646e-6,5.302374224086906e-4
intron,28019,6.455544482975029e-6,5.313554242330935e-4
intron,154818,6.4647682320728705e-6,5.318110852495907e-4
intron,57264,6.4942101771769956e-6,5.339284874687361e-4
intron,46194,6.502329481183899e-6,5.339871454972019e-4
intron,96456,6.501993142338236e-6,5.339871454972019e-4
intron,44753,6.53136217021455e-6,5.359696556275555e-4
intron,81619,6.533903725847168e-6,5.359696556275555e-4
intron,141283,6.547737728901382e-6,5.367990987331902e-4
intron,42860,6.553426150857078e-6,5.369601846230947e-4
intron,151684,6.594029434037196e-6,5.399802399739932e-4
intron,67371,6.606596447911173e-6,5.407023007740786e-4
intron,161384,6.61778088451026e-6,5.413104526446802e-4
intron,108872,6.623215997536569e-6,5.414479077986145e-4
intron,37914,6.638952769311146e-6,5.424268906538541e-4
intron,24758,6.654366658809252e-6,5.43125754920069e-4
intron,43856,6.655038999103802e-6,5.43125754920069e-4
intron,81431,6.66354878031683e-6,5.435126577845867e-4
intron,45727,6.674795506089737e-6,5.44122236035434e-4
intron,74410,6.690454525948297e-6,5.44782820905379e-4
intron,139781,6.688259786447048e-6,5.44782820905379e-4
intron,64456,6.731887183031304e-6,5.478472093698619e-4
intron,83141,6.7539083338230554e-6,5.493293057504914e-4
intron,119261,6.7608821645581685e-6,5.495865469585343e-4
intron,18316,6.786692329119326e-6,5.513738257494707e-4
intron,55131,6.8003441936470566e-6,5.521718666290884e-4
intron,66674,6.8139294215896484e-6,5.529636016315016e-4
intron,120995,6.820041643651464e-6,5.531483381923773e-4
intron,44464,6.844414711326685e-6,5.548131041463111e-4
intron,45547,6.849100368189198e-6,5.548810206716066e-4
intron,80473,6.854718633375612e-6,5.549869509715655e-4
intron,161395,6.858104992346625e-6,5.549869509715655e-4
intron,63888,6.86824574236411e-6,5.554958574139659e-4
intron,24844,6.877568666019407e-6,5.559380855496977e-4
intron,55531,6.894197040141492e-6,5.569700126429603e-4
intron,137351,6.9094100154654114e-6,5.57886500616025e-4
intron,132268,6.918700292013469e-6,5.583240139957394e-4
intron,41150,6.935900297988518e-6,5.593989788993457e-4
intron,19739,6.944119121610193e-6,5.597487904807385e-4
intron,137529,6.955945274889075e-6,5.603888269586194e-4
intron,56040,6.966671694974558e-6,5.609396008471223e-4
intron,118857,6.973378841257372e-6,5.611663183935278e-4
intron,5480,6.977974281840993e-6,5.612229432579164e-4
intron,49014,6.985128686465281e-6,5.614852020563538e-4
intron,67253,6.993815516720403e-6,5.618702809023394e-4
intron,40693,7.023903509373319e-6,5.633459696196875e-4
intron,41225,7.0201347796006175e-6,5.633459696196875e-4
intron,77552,7.020712019523145e-6,5.633459696196875e-4
intron,58697,7.051839752469924e-6,5.646444504077904e-4
intron,130117,7.051393472568002e-6,5.646444504077904e-4
intron,139101,7.044441166392801e-6,5.646444504077904e-4
intron,85521,7.075175298520975e-6,5.661985595304185e-4
intron,109820,7.0858814813501425e-6,5.667408268336439e-4
intron,46663,7.106545441226686e-6,5.680784913763729e-4
intron,64908,7.11365623451421e-6,5.68331869590355e-4
intron,31519,7.131177366614949e-6,5.694162206574983e-4
intron,35280,7.1526686566958375e-6,5.708162086198875e-4
intron,75000,7.156994297208286e-6,5.708455069787142e-4
intron,33807,7.188789730494527e-6,5.727479561687427e-4
intron,81863,7.18845840674831e-6,5.727479561687427e-4
intron,130872,7.203459830407155e-6,5.735998518848839e-4
intron,122171,7.22061348090719e-6,5.746484592942512e-4
intron,4629,7.228064475173213e-6,5.749241554171558e-4
intron,48837,7.2331214560072965e-6,5.750092314258236e-4
intron,89705,7.251826237508752e-6,5.761785709269557e-4
intron,139862,7.275318359867278e-6,5.774088248329007e-4
intron,150980,7.274246690336383e-6,5.774088248329007e-4
intron,116975,7.285721477123808e-6,5.77916412019578e-4
intron,35363,7.30316675034981e-6,5.780804607464879e-4
intron,55343,7.303824359983224e-6,5.780804607464879e-4
intron,82893,7.296408504053886e-6,5.780804607464879e-4
intron,90968,7.293596776758449e-6,5.780804607464879e-4
intron,74305,7.319487550505599e-6,5.790023813470988e-4
intron,120638,7.329534085442901e-6,5.794792334755835e-4
intron,24930,7.334771092049053e-6,5.795755259567769e-4
intron,151868,7.3482631040011626e-6,5.803236459138531e-4
intron,19312,7.397044003987219e-6,5.838563353491981e-4
intron,20116,7.420929181156666e-6,5.853621445368796e-4
intron,120639,7.424239893749629e-6,5.853621445368796e-4
intron,122170,7.432129332851645e-6,5.85663975247288e-4
intron,125491,7.448737994630861e-6,5.866521900555612e-4
intron,63691,7.468854583692064e-6,5.879154546672933e-4
intron,127991,7.477810956890707e-6,5.882993369669057e-4
intron,87619,7.492232300454482e-6,5.891125100063465e-4
intron,147364,7.525642988226444e-6,5.914171108464146e-4
intron,41421,7.536958891440904e-6,5.916694388218232e-4
intron,153626,7.5370596372970056e-6,5.916694388218232e-4
intron,141399,7.55303924626638e-6,5.926012680012708e-4
intron,20301,7.5727732511410295e-6,5.938264884324603e-4
intron,6762,7.5795167152614695e-6,5.940322646509297e-4
intron,90595,7.595748004129987e-6,5.946751743055752e-4
intron,108901,7.5959674015191325e-6,5.946751743055752e-4
intron,78360,7.604461385479766e-6,5.946944484901738e-4
intron,162295,7.603825309621115e-6,5.946944484901738e-4
intron,115466,7.638339620696932e-6,5.970200767923265e-4
intron,156019,7.644390266903223e-6,5.971693321881436e-4
intron,155638,7.652911336419876e-6,5.973211661483038e-4
intron,162289,7.654618118690948e-6,5.973211661483038e-4
intron,27262,7.67265746759449e-6,5.98081575907783e-4
intron,153629,7.669090242634624e-6,5.98081575907783e-4
intron,44853,7.67846762905755e-6,5.982111190618597e-4
intron,61804,7.709618315421274e-6,6.003136762483561e-4
intron,100511,7.72683300920285e-6,6.010050743031905e-4
intron,135855,7.726103298244524e-6,6.010050743031905e-4
intron,23780,7.738482613706132e-6,6.012625874325002e-4
intron,155335,7.737937624874291e-6,6.012625874325002e-4
intron,80468,7.772058133626025e-6,6.035461428518085e-4
intron,127580,7.781151427077582e-6,6.039270741897614e-4
intron,58568,7.80781523135321e-6,6.056705815318732e-4
intron,4032,7.822096943055357e-6,6.058008237739978e-4
intron,71705,7.818688333660617e-6,6.058008237739978e-4
intron,74169,7.816525515846884e-6,6.058008237739978e-4
intron,16784,7.830568963806961e-6,6.058062545942652e-4
intron,30542,7.827885139644053e-6,6.058062545942652e-4
intron,60995,7.85072540998577e-6,6.070399781221544e-4
intron,80206,7.87638054688955e-6,6.086973255762601e-4
intron,123460,7.883564210109384e-6,6.089261617821339e-4
intron,18571,7.920590382903825e-6,6.108075072130178e-4
intron,82347,7.917350029140735e-6,6.108075072130178e-4
intron,135447,7.920628253055284e-6,6.108075072130178e-4
intron,140355,7.938084650715993e-6,6.118264955776596e-4
intron,133839,7.967575686107509e-6,6.137714673966375e-4
intron,46245,7.974937994537079e-6,6.140106157918892e-4
intron,101190,8.00804876721628e-6,6.158149992040704e-4
intron,109800,8.002957570751867e-6,6.158149992040704e-4
intron,141308,8.011184883582878e-6,6.158149992040704e-4
intron,44009,8.023162880510526e-6,6.164071654287595e-4
intron,20302,8.02810205136062e-6,6.164582068799578e-4
intron,13899,8.044275547902657e-6,6.17043002093829e-4
intron,28018,8.044016165498213e-6,6.17043002093829e-4
intron,30404,8.087326382355542e-6,6.200154575334108e-4
intron,155539,8.10529704264873e-6,6.210630024597477e-4
intron,15363,8.109801750810774e-6,6.210781630797501e-4
intron,130328,8.123128881987185e-6,6.214387515568838e-4
intron,151678,8.119803801776015e-6,6.214387515568838e-4
intron,24925,8.14603633514377e-6,6.228607962789382e-4
intron,3142,8.152723889764957e-6,6.230417880081267e-4
intron,110944,8.158120022638826e-6,6.231239481486637e-4
intron,91730,8.196130850568473e-6,6.253692158925683e-4
intron,99762,8.196188936993032e-6,6.253692158925683e-4
intron,66673,8.201037536403888e-6,6.254082601862482e-4
intron,64450,8.215705970870957e-6,6.261957245990423e-4
intron,61093,8.229483011046312e-6,6.265560997934652e-4
intron,77150,8.2421582954239625e-06,6.265560997934652e-4
intron,131364,8.240937301784435e-6,6.265560997934652e-4
intron,133755,8.226381338571898e-6,6.265560997934652e-4
intron,153628,8.235507568343792e-6,6.265560997934652e-4
intron,57228,8.264635925514519e-6,6.279338002690581e-4
intron,55022,8.27220878296675e-6,6.28178205352968e-4
intron,66077,8.280292719264892e-6,6.284611432458065e-4
intron,19582,8.332125529753043e-6,6.317301925705031e-4
intron,60653,8.327963236798297e-6,6.317301925705031e-4
intron,158371,8.336762906235862e-6,6.317496418389674e-4
intron,63290,8.374626752405412e-6,6.342856092878819e-4
intron,16343,8.419752723032303e-6,6.37034250225771e-4
intron,155229,8.419115497204643e-6,6.37034250225771e-4
intron,129900,8.4270647500162e-6,6.372531339305643e-4
intron,30742,8.43205841583039e-6,6.372965660228789e-4
intron,44935,8.442319005319554e-6,6.376477147014965e-4
intron,72784,8.449969715718098e-6,6.376477147014965e-4
intron,91476,8.449355032968953e-6,6.376477147014965e-4
intron,4427,8.48248229678994e-6,6.381198156227739e-4
intron,26862,8.466036442555946e-6,6.381198156227739e-4
intron,41585,8.476909173493752e-6,6.381198156227739e-4
intron,60281,8.480750954609206e-6,6.381198156227739e-4
intron,60609,8.487619594932383e-6,6.381198156227739e-4
intron,64471,8.487892152908572e-6,6.381198156227739e-4
intron,93300,8.471784725072595e-6,6.381198156227739e-4
intron,140735,8.491626108164674e-6,6.381198156227739e-4
intron,75680,8.533737902105543e-6,6.402834243750958e-4
intron,78140,8.531851742654695e-6,6.402834243750958e-4
intron,133801,8.531188183003025e-6,6.402834243750958e-4
intron,122054,8.554261252569084e-6,6.414895228545137e-4
intron,35359,8.559529850238334e-6,6.415509984996463e-4
intron,121253,8.577612733429163e-6,6.419054485986607e-4
intron,130322,8.57477037863319e-6,6.419054485986607e-4
intron,131803,8.575381663877835e-6,6.419054485986607e-4
intron,67971,8.590943314623622e-6,6.425695863962286e-4
intron,87675,8.597108805741271e-6,6.426973921977873e-4
intron,131361,8.61872128210539e-6,6.439792434863068e-4
intron,18315,8.687789529115975e-6,6.484679423526022e-4
intron,24845,8.686254538980975e-6,6.484679423526022e-4
intron,27787,8.705618523285885e-6,6.494625609868017e-4
intron,89706,8.72152247244351e-6,6.499765329114528e-4
intron,152232,8.717689839343734e-6,6.499765329114528e-4
intron,155542,8.731796048433438e-6,6.504060499775004e-4
intron,16269,8.747527370012165e-6,6.512414452490161e-4
intron,82348,8.763907415998418e-6,6.52124250123263e-4
intron,16849,8.778276506693494e-6,6.528565859725368e-4
intron,53864,8.78494123002227e-6,6.530154742050625e-4
intron,160450,8.793099343207267e-6,6.532851504306494e-4
intron,25334,8.807889780304556e-6,6.533741571750921e-4
intron,61821,8.805343753248707e-6,6.533741571750921e-4
intron,154133,8.799945825699318e-6,6.533741571750921e-4
intron,83106,8.873923059260491e-6,6.579340990266209e-4
intron,14746,8.882685254008038e-6,6.582453198482719e-4
intron,44462,8.917172770628312e-6,6.602891432071889e-4
intron,118846,8.919423127640158e-6,6.602891432071889e-4
intron,80341,8.925749130028748e-6,6.60418422162163e-4
intron,156843,8.931982079962708e-6,6.605406870795807e-4
intron,33776,8.986386172971095e-6,6.642233679372848e-4
intron,99692,9.012052132328918e-6,6.657792017657563e-4
intron,112097,9.032610911008376e-6,6.669563346870379e-4
intron,26860,9.047693901642617e-6,6.677281445620148e-4
intron,45535,9.07453924559043e-6,6.69366793344685e-4
intron,91359,9.089662344585747e-6,6.701395387145587e-4
intron,156020,9.09666193238401e-6,6.703128907937153e-4
intron,32397,9.103632637508241e-6,6.703733509423772e-4
intron,74306,9.106779799150644e-6,6.703733509423772e-4
intron,115442,9.11825171845404e-6,6.70543442579492e-4
intron,130200,9.11839016759508e-6,6.70543442579492e-4
intron,143062,9.125502970386279e-6,6.707244683233915e-4
intron,33262,9.132423527624667e-6,6.708911867795061e-4
intron,144505,9.148659054991626e-6,6.717416885657725e-4
intron,109944,9.162757583225378e-6,6.724344950657415e-4
intron,23771,9.169961168398189e-6,6.726208495479133e-4
intron,105403,9.199000530202284e-6,6.744078644935846e-4
intron,40937,9.204055404277156e-6,6.744355780917662e-4
intron,45357,9.244700123867133e-6,6.770698175533306e-4
intron,44698,9.256019787406977e-6,6.775547438997958e-4
intron,54554,9.265363183796893e-6,6.777093266840257e-4
intron,79618,9.267530648449096e-6,6.777093266840257e-4
intron,48133,9.280996299931843e-6,6.783500422829555e-4
intron,1239,9.287409343805564e-6,6.784748932331151e-4
intron,33020,9.32022866506621e-6,6.805277038497231e-4
intron,73795,9.339672033426005e-6,6.816022696985142e-4
intron,134063,9.36917740856913e-6,6.834096947686032e-4
intron,130449,9.376493306678668e-6,6.835975582791762e-4
intron,49864,9.396625424207272e-6,6.847191321620303e-4
intron,144343,9.420155052564105e-6,6.860870200328848e-4
intron,135858,9.430878505689577e-6,6.865213006915582e-4
intron,41147,9.437302324499797e-6,6.865413600761074e-4
intron,67250,9.440675674765586e-6,6.865413600761074e-4
intron,83143,9.48009099543956e-6,6.890602228726576e-4
intron,89934,9.490348617191557e-6,6.89111129425651e-4
intron,110085,9.487697443910648e-6,6.89111129425651e-4
intron,77751,9.57627801301264e-6,6.948787562123921e-4
intron,98992,9.57941686152708e-6,6.948787562123921e-4
intron,123364,9.619203697019962e-6,6.974140309382391e-4
intron,99432,9.639270007522072e-6,6.98517693454641e-4
intron,108882,9.686176262402313e-6,7.015642492577852e-4
intron,98993,9.704227108775498e-6,7.02518814595978e-4
intron,82423,9.71700866148062e-6,7.030911530587735e-4
intron,8485,9.776698114416504e-6,7.070553184481749e-4
intron,35274,9.785194860389979e-6,7.073150853294524e-4
intron,127144,9.819257508092427e-6,7.094216770889202e-4
intron,61347,9.858258478212534e-6,7.118827643302929e-4
intron,47075,9.887068339375915e-6,7.136058378460373e-4
intron,5703,9.898465683999547e-6,7.140710559742484e-4
intron,19119,9.915625204248713e-6,7.149512819145471e-4
intron,72925,9.930031452221044e-6,7.156322067118641e-4
intron,57323,9.949485972993166e-6,7.160623002906931e-4
intron,122084,9.949509352402686e-6,7.160623002906931e-4
intron,145030,9.950895932808734e-6,7.160623002906931e-4
intron,58939,9.969776823770538e-6,7.170631453493656e-4
intron,16268,9.999376670788429e-6,7.176281585274856e-4
intron,39701,9.987685945178626e-6,7.176281585274856e-4
intron,89933,1.0000081433481078e-5,7.176281585274856e-4
intron,153627,1.0002514431617371e-5,7.176281585274856e-4
intron,158099,1.0000077810046193e-5,7.176281585274856e-4
intron,35608,1.0027126585931967e-5,7.1903622256464e-4
intron,23775,1.004047663277774e-5,7.196356927350793e-4
intron,43747,1.0066284286458504e-5,7.211270035257434e-4
intron,46220,1.0073562798029734e-5,7.212901044764021e-4
intron,7914,1.0103310114084607e-5,7.230610628396024e-4
intron,76276,1.012166777170087e-5,7.240155477944779e-4
intron,148762,1.0162018910131465e-5,7.265415275028895e-4
intron,14848,1.0179455903980283e-5,7.274275508153046e-4
intron,87596,1.0185633664727689e-5,7.275085061363972e-4
intron,14849,1.0211529837711453e-5,7.276722408388718e-4
intron,41674,1.0210464378102024e-5,7.276722408388718e-4
intron,78138,1.019724191220206e-5,7.276722408388718e-4
intron,96459,1.0213156195315598e-5,7.276722408388718e-4
intron,124758,1.020895854719761e-5,7.276722408388718e-4
intron,27261,1.0255043187745727e-5,7.302958088766658e-4
intron,79736,1.0262888918921576e-5,7.304937918711369e-4
intron,16812,1.0273787638737097e-5,7.309087784999311e-4
intron,23256,1.0313948125895145e-5,7.330426404095423e-4
intron,83038,1.0312945867396728e-5,7.330426404095423e-4
intron,126676,1.0320414310260873e-5,7.331408800196008e-4
intron,60204,1.0343166894855038e-5,7.343954054191829e-4
intron,65725,1.0350820016880036e-5,7.34577117211722e-4
intron,119696,1.0372676734649033e-5,7.357661553731103e-4
intron,400,1.0401981381136238e-5,7.374820693360441e-4
intron,53979,1.0486357703398674e-5,7.430988625719963e-4
intron,8427,1.0509300766625707e-5,7.439934882929766e-4
intron,19116,1.0506036040913713e-5,7.439934882929766e-4
intron,61828,1.0524037965975452e-5,7.446712183314142e-4
intron,67254,1.0560211292531818e-5,7.468643402953094e-4
intron,4857,1.059689709848044e-5,7.479635708071489e-4
intron,14076,1.059945230741377e-5,7.479635708071489e-4
intron,26491,1.0587441153786514e-5,7.479635708071489e-4
intron,56565,1.0593001600889274e-5,7.479635708071489e-4
intron,160636,1.0601687426614603e-5,7.479635708071489e-4
intron,117371,1.0627532068596679e-5,7.494203017193746e-4
intron,48792,1.0653387766623723e-5,7.5087638790885e-4
intron,63496,1.0719571590267485e-5,7.551720861346865e-4
intron,80360,1.0744228257086874e-5,7.565395138035776e-4
intron,34188,1.0761002554371402e-5,7.569814123698715e-4
intron,138735,1.0759029158702305e-5,7.569814123698715e-4
intron,18560,1.0816609320341009e-5,7.605220771615875e-4
intron,126089,1.0834994213171356e-5,7.614434749019502e-4
intron,97573,1.0849822304925816e-5,7.621141379086396e-4
intron,39824,1.0873562557911498e-5,7.630383629142303e-4
intron,46664,1.0872169153852695e-5,7.630383629142303e-4
intron,48027,1.089509402518729e-5,7.641774436236301e-4
intron,163040,1.0987482198965282e-5,7.702828611892011e-4
intron,27942,1.0993155721505943e-5,7.70306125914095e-4
intron,109205,1.1014930903829878e-5,7.712157049660663e-4
intron,141286,1.1016832416110844e-5,7.712157049660663e-4
intron,14777,1.104282783481736e-5,7.726603947479412e-4
intron,56928,1.1054263470366976e-5,7.727106991135291e-4
intron,82320,1.1049069027935232e-5,7.727106991135291e-4
intron,84830,1.1078862631408448e-5,7.740550113796115e-4
intron,46348,1.1112824804149213e-5,7.760518772551795e-4
intron,39825,1.112161135430334e-5,7.762895491626436e-4
intron,102419,1.1129761376738045e-5,7.764825829004662e-4
intron,115702,1.1135782301607833e-5,7.765269624603292e-4
intron,116974,1.1181719349551145e-5,7.789769092950348e-4
intron,127062,1.1176714236893481e-5,7.789769092950348e-4
intron,85791,1.118966459190407e-5,7.791540134257413e-4
intron,8429,1.1223680667526992e-5,7.801369283583595e-4
intron,25437,1.122541989184711e-5,7.801369283583595e-4
intron,32819,1.1223798948911679e-5,7.801369283583595e-4
intron,83107,1.1209727883265685e-5,7.801369283583595e-4
intron,13986,1.1236906478417907e-5,7.805079985167154e-4
intron,20115,1.1241584062626764e-5,7.805079985167154e-4
intron,138208,1.1252053531141115e-5,7.80858943005422e-4
intron,9011,1.1261075210544647e-5,7.811091259677786e-4
intron,77409,1.1287373103852083e-5,7.825568332630756e-4
intron,41013,1.1321808484288098e-5,7.84190219065194e-4
intron,135884,1.1320840435535828e-5,7.84190219065194e-4
intron,64498,1.133483336235308e-5,7.84715465523212e-4
intron,6759,1.135259066553651e-5,7.85155373767941e-4
intron,25439,1.1355371731802677e-5,7.85155373767941e-4
intron,45538,1.1362966187866697e-5,7.85155373767941e-4
intron,61123,1.1357673751044572e-5,7.85155373767941e-4
intron,22092,1.147197264872446e-5,7.923078351315173e-4
intron,33260,1.1539578220531865e-5,7.963839831842807e-4
intron,57321,1.1547559472413482e-5,7.963839831842807e-4
intron,112096,1.1544767264615174e-5,7.963839831842807e-4
intron,60659,1.1583760776590069e-5,7.98498752538109e-4
intron,147078,1.1613130552978745e-5,8.00140811110084e-4
intron,162856,1.1650383679562282e-5,8.023242021387956e-4
intron,16759,1.1662440115633999e-5,8.027711225561967e-4
intron,16756,1.1699759323025027e-5,8.041974816506096e-4
intron,82351,1.1699891936611806e-5,8.041974816506096e-4
intron,124961,1.1699110676999247e-5,8.041974816506096e-4
intron,127137,1.1741343729165798e-5,8.066621987383576e-4
intron,147068,1.1772496065876048e-5,8.084173048437082e-4
intron,138191,1.1841238785836872e-5,8.127508432123644e-4
intron,119395,1.184914914675872e-5,8.12906874884222e-4
intron,128876,1.187496786836384e-5,8.142907709905584e-4
intron,7822,1.188645199934335e-5,8.146452663884841e-4
intron,12405,1.189143582314145e-5,8.146452663884841e-4
intron,133353,1.189752537189559e-5,8.146754232217224e-4
intron,65951,1.1948731722943862e-5,8.177934293168322e-4
intron,88567,1.1965158273619103e-5,8.18529212127035e-4
intron,107262,1.1984549837196212e-5,8.194670357385273e-4
intron,4999,1.1997389043560958e-5,8.199561525141208e-4
intron,97096,1.2014887305955568e-5,8.207630761392395e-4
intron,151985,1.2023733885646593e-5,8.209785002118552e-4
intron,5479,1.2029871463870023e-5,8.210088377616206e-4
intron,26792,1.2123326942781176e-5,8.266045429965226e-4
intron,137527,1.2120542296822912e-5,8.266045429965226e-4
intron,131939,1.2153574288409352e-5,8.282752776033306e-4
intron,161276,1.2162858621822537e-5,8.285164635225143e-4
intron,1420,1.2182098833912747e-5,8.294168224831116e-4
intron,34866,1.2193330862331209e-5,8.294168224831116e-4
intron,44934,1.218997486951423e-5,8.294168224831116e-4
intron,154948,1.2228179642415071e-5,8.310541256213544e-4
intron,156841,1.2228926852153599e-5,8.310541256213544e-4
intron,14778,1.2243108376885914e-5,8.316259678311762e-4
intron,48832,1.225365381118948e-5,8.319504026130892e-4
intron,51548,1.2273539738316686e-5,8.327729427019192e-4
intron,65954,1.2283093394405142e-5,8.327729427019192e-4
intron,77750,1.2282097426652427e-5,8.327729427019192e-4
intron,104540,1.2332930261926833e-5,8.35758869493272e-4
intron,162803,1.243000384199e-5,8.419415519219595e-4
intron,100514,1.2463404563956004e-5,8.438075971616919e-4
intron,44461,1.2470626285621123e-5,8.439003307229307e-4
intron,141631,1.2482112304423865e-5,8.442814113902683e-4
intron,16267,1.2495082188368478e-5,8.444626677109882e-4
intron,38420,1.2502359771460192e-5,8.444626677109882e-4
intron,67572,1.2498612545819299e-5,8.444626677109882e-4
intron,89442,1.2547665911855077e-5,8.471260571867441e-4
intron,157364,1.2646144759487221e-5,8.533751040390143e-4
intron,64454,1.268572176860161e-5,8.556454064942621e-4
intron,90885,1.2709915917619163e-5,8.568765052511018e-4
intron,88570,1.2723860188690317e-5,8.574157505749834e-4
intron,6028,1.2749862390526445e-5,8.587666537835812e-4
intron,122086,1.2763733727494397e-5,8.592996030069022e-4
intron,77151,1.2769803859002948e-5,8.593070952380953e-4
intron,7167,1.280736070441435e-5,8.610307995811097e-4
intron,111345,1.2803490907487003e-5,8.610307995811097e-4
intron,16846,1.2822906790388444e-5,8.616742402243925e-4
intron,63149,1.2848998693026914e-5,8.63025409653159e-4
intron,135667,1.2868991591807877e-5,8.639658614896827e-4
intron,155896,1.2906003188817294e-5,8.660474647974758e-4
intron,116599,1.2938932037132034e-5,8.674498243973498e-4
intron,161394,1.293833034221592e-5,8.674498243973498e-4
intron,24852,1.2981388429755825e-5,8.698917663986051e-4
intron,122085,1.2988871779473499e-5,8.699889608465095e-4
intron,147362,1.3030246379885924e-5,8.723550323603571e-4
intron,76322,1.3041685812731352e-5,8.724971482240776e-4
intron,103670,1.3050520076829386e-5,8.724971482240776e-4
intron,111682,1.3047470791560656e-5,8.724971482240776e-4
intron,93780,1.306178590154694e-5,8.728456716887766e-4
intron,33809,1.3077603054467701e-5,8.734978710864398e-4
intron,153630,1.3100845145164186e-5,8.74645174004024e-4
intron,109798,1.311640184509244e-5,8.752785566289893e-4
intron,160438,1.31367438594987e-5,8.762305373481634e-4
intron,799,1.3147921271272622e-5,8.763012380167511e-4
intron,24760,1.3156033897843145e-5,8.763012380167511e-4
intron,85465,1.3155863519465072e-5,8.763012380167511e-4
intron,91131,1.317805282452511e-5,8.773626332716033e-4
intron,1429,1.3199553632325944e-5,8.783885697539581e-4
intron,2491,1.322982927476346e-5,8.795006780034005e-4
intron,88631,1.323456192325878e-5,8.795006780034005e-4
intron,151773,1.3231096697929878e-5,8.795006780034005e-4
intron,115177,1.3296697606413055e-5,8.832228796536194e-4
intron,152310,1.3305941477970151e-5,8.834299736250653e-4
intron,35285,1.3318744373602698e-5,8.83824614957335e-4
intron,42896,1.3324143161685953e-5,8.83824614957335e-4
intron,46922,1.3333613023691626e-5,8.84046130256321e-4
intron,118833,1.3402108732574192e-5,8.881791792271721e-4
intron,116982,1.3414324442351244e-5,8.885803788967137e-4
intron,155641,1.3443385867617508e-5,8.90096577507584e-4
intron,20508,1.3463778049782604e-5,8.903448002556762e-4
intron,49567,1.3465657071831671e-5,8.903448002556762e-4
intron,79619,1.3462690268584154e-5,8.903448002556762e-4
intron,48831,1.352434576396e-5,8.929969457799359e-4
intron,76777,1.3521669839144934e-5,8.929969457799359e-4
intron,127972,1.3514453216734168e-5,8.929969457799359e-4
intron,135348,1.353232448986219e-5,8.931148364803464e-4
intron,79139,1.3586494787998227e-5,8.958813108372053e-4
intron,81708,1.3586666575138295e-5,8.958813108372053e-4
intron,152534,1.3614811761208934e-5,8.973268554152911e-4
intron,5628,1.3688414602253118e-5,9.013539746790481e-4
intron,21913,1.3682173914508766e-5,9.013539746790481e-4
intron,152147,1.3709243693149631e-5,9.023135122127014e-4
intron,40050,1.3717518681843899e-5,9.02446266675485e-4
intron,16038,1.3725463847591435e-5,9.025224617348336e-4
intron,82151,1.3731193916011186e-5,9.025224617348336e-4
intron,1480,1.3775948992988951e-5,9.048412544294252e-4
intron,144497,1.3779021786231027e-5,9.048412544294252e-4
intron,82860,1.3798955592059237e-5,9.057378193282141e-4
intron,115163,1.3817001195737255e-5,9.065096867305198e-4
intron,48030,1.3893825352218059e-5,9.111354581934105e-4
intron,91596,1.3928559652320871e-5,9.117547897331982e-4
intron,131764,1.3909819104540588e-5,9.117547897331982e-4
intron,141393,1.392397875799034e-5,9.117547897331982e-4
intron,154894,1.3928100849325276e-5,9.117547897331982e-4
intron,93796,1.3943937248850347e-5,9.123472590040662e-4
intron,42886,1.4094076752568796e-5,9.213347807151805e-4
intron,148763,1.409368188975968e-5,9.213347807151805e-4
intron,10298,1.4101698889712466e-5,9.214153564969486e-4
intron,131801,1.4122243596537132e-5,9.223398470678579e-4
intron,7357,1.425384586484224e-5,9.295003455276135e-4
intron,128366,1.4259547329364963e-5,9.295003455276135e-4
intron,138209,1.4261261978121276e-5,9.295003455276135e-4
intron,147361,1.4264108293304822e-5,9.295003455276135e-4
intron,161290,1.425606623173259e-5,9.295003455276135e-4
intron,61812,1.4272558178984873e-5,9.296308930970514e-4
intron,102445,1.4295910379713561e-5,9.307315341432748e-4
intron,162828,1.4360014826353407e-5,9.344831489458238e-4
intron,60610,1.4380734932539774e-5,9.349876656522828e-4
intron,109822,1.4375991361559315e-5,9.349876656522828e-4
intron,92677,1.4407741065869395e-5,9.359096246144886e-4
intron,117098,1.4407895363222067e-5,9.359096246144886e-4
intron,85194,1.4446532442757842e-5,9.379968950800451e-4
intron,39702,1.4461368934903795e-5,9.381154430929696e-4
intron,61818,1.4458845436271517e-5,9.381154430929696e-4
intron,105739,1.4474108324780133e-5,9.382127960053014e-4
intron,128878,1.4475881691677905e-5,9.382127960053014e-4
intron,122483,1.4487825968356738e-5,9.382519976118134e-4
intron,161393,1.448949911364572e-5,9.382519976118134e-4
intron,129899,1.4499567150494386e-5,9.38482531450334e-4
intron,148484,1.4514494622419605e-5,9.390272436138465e-4
intron,14779,1.4662228624118256e-5,9.477346495733849e-4
intron,77712,1.4660949054556838e-5,9.477346495733849e-4
intron,13558,1.4694134207182685e-5,9.49371420974549e-4
intron,91482,1.4752573632925703e-5,0.00095272028028809525
intron,40019,1.4770795111473944e-5,9.530434231052898e-4
intron,118852,1.4770100435823608e-5,9.530434231052898e-4
intron,90142,1.4816042358978265e-5,9.551081897457213e-4
intron,127913,1.481224427868355e-5,9.551081897457213e-4
intron,20119,1.4936288644351592e-5,9.607124783835904e-4
intron,72328,1.493221875692452e-5,9.607124783835904e-4
intron,100316,1.4909709997068532e-5,9.607124783835904e-4
intron,117393,1.4925461266246387e-5,9.607124783835904e-4
intron,163151,1.492180340845195e-5,9.607124783835904e-4
intron,127179,1.4945264290688876e-5,9.608612249520156e-4
intron,153310,1.4994714402583043e-5,9.636108644622517e-4
intron,55881,1.502196077018958e-5,9.649318025776075e-4
intron,59213,1.5050275705030813e-5,9.657246590498881e-4
intron,105398,1.505439426341404e-5,9.657246590498881e-4
intron,151670,1.504809577479449e-5,9.657246590498881e-4
intron,60982,1.5072265309612476e-5,9.664411576270726e-4
intron,102215,1.5124155641976778e-5,9.693373834055756e-4
intron,140361,1.5164489697960803e-5,9.71490700077225e-4
intron,6029,1.5186714915293997e-5,9.724825034590593e-4
intron,39547,1.5209420999640066e-5,9.726407867384014e-4
intron,41298,1.519706104846641e-5,9.726407867384014e-4
intron,87598,1.520703434021442e-5,9.726407867384014e-4
intron,119392,1.521665715586984e-5,9.726721979062597e-4
intron,24027,1.5240534981364462e-5,9.729825206796408e-4
intron,31142,1.524175327283217e-5,9.729825206796408e-4
intron,102217,1.5228380893184124e-5,9.729825206796408e-4
intron,2104,1.5274279346222386e-5,9.746274343719874e-4
intron,24924,1.5284578240737368e-5,9.748532394347693e-4
intron,49739,1.530573392616308e-5,9.757709868656937e-4
intron,48649,1.5317970361028443e-5,9.761195545085412e-4
intron,158917,1.5334110748055352e-5,9.767164790834002e-4
intron,61814,1.5342640536486485e-5,9.76743471039345e-4
intron,78879,1.535485412529347e-5,9.76743471039345e-4
intron,107475,1.5353073642199178e-5,9.76743471039345e-4
intron,135857,1.5409080400763386e-5,9.79760695481872e-4
intron,60508,1.5432252770453125e-5,9.808016197746733e-4
intron,34187,1.547294124670806e-5,9.829543781339335e-4
intron,3689,1.5481177766618615e-5,9.830445628316912e-4
intron,53239,1.5521316486299952e-5,9.851397824231468e-4
intron,101400,1.5530897189086623e-5,9.851397824231468e-4
intron,119534,1.553893825367858e-5,9.851397824231468e-4
intron,120942,1.5541499407190074e-5,9.851397824231468e-4
intron,77748,1.5571547753445714e-5,9.865990553439904e-4
intron,163041,1.5578203894528464e-5,9.865990553439904e-4
intron,5334,1.5602511644230432e-5,9.87359244184867e-4
intron,84081,1.5603900764160628e-5,9.87359244184867e-4
intron,35279,1.5614156444687666e-5,9.873681814079297e-4
intron,87678,1.5619567832025893e-5,9.873681814079297e-4
intron,162787,1.562458264836586e-5,9.873681814079297e-4
intron,8483,1.5651020684237515e-5,9.881728282888965e-4
intron,119398,1.5644472872722304e-5,9.881728282888965e-4
intron,157491,1.567701181337533e-5,9.89380675085959e-4
intron,55942,1.577704937616442e-5,9.941679915054236e-4
intron,104543,1.5780444309609898e-5,9.941679915054236e-4
intron,104605,1.5766809200012943e-5,9.941679915054236e-4
intron,120326,1.576379498913205e-5,9.941679915054236e-4
intron,158414,1.578849288064177e-5,9.942406955627545e-4
intron,13985,1.5884634456453384e-5,9.994221121560965e-4
intron,81369,1.588221127957201e-5,9.994221121560965e-4
intron,85523,1.5907976774309773e-5,0.0010004542549903574
intron,144054,1.5918052459595877e-5,0.0010006515218138373
intron,26796,1.594434683183099e-5,0.0010018677226918745
intron,101401,1.60240290379976e-5,0.0010064360433286236
intron,795,1.605997627152078e-5,0.0010072239404039238
intron,75948,1.606110369489766e-5,0.0010072239404039238
intron,97084,1.606451186786373e-5,0.0010072239404039238
intron,118834,1.606131958942214e-5,0.0010072239404039238
intron,122432,1.6152578363515246e-5,0.0010123054620023656
intron,4625,1.618772287093062e-5,0.0010136906379086062
intron,155562,1.61887393753668e-5,0.0010136906379086062
intron,107259,1.6212129803960806e-5,0.001014714671284625
intron,105738,1.6223595158848525e-5,0.0010149917514412448
intron,60652,1.623663110095208e-5,0.0010152144008714877
intron,110940,1.624123394017296e-5,0.0010152144008714877
intron,1003,1.6279584109879508e-5,0.0010171707043905521
intron,19302,1.6315562003321737e-5,0.0010189771545314067
intron,21823,1.632798623596443e-5,0.0010193116498397067
intron,32458,1.6347272741246144e-5,0.001019632854756437
intron,67251,1.6343634073434643e-5,0.001019632854756437
intron,99906,1.636375211744312e-5,0.0010202194559447125
intron,104544,1.637902399176383e-5,0.001020730299386468
intron,58567,1.6391998721276835e-5,0.0010210976067383016
intron,90963,1.6399622438711958e-5,0.0010211314132207838
intron,41293,1.6426300297300855e-5,0.0010213251797374777
intron,53243,1.641082867909205e-5,0.0010213251797374777
intron,132512,1.6431063797117673e-5,0.0010213251797374777
intron,136913,1.6420774567205143e-5,0.0010213251797374777
intron,44010,1.644122576938134e-5,0.0010215165206915876
intron,77026,1.646615195216583e-5,0.0010226246229827639
intron,120749,1.6490754312536993e-5,0.0010237116690262687
intron,102418,1.650658236140856e-5,0.0010242533229740294
intron,82794,1.6524543355211918e-5,0.0010249268058602345
intron,67260,1.6544199531676185e-5,0.0010257048073363834
intron,93844,1.656738817268355e-5,0.001026701051232564
intron,15288,1.6655079532079675e-5,0.0010316920335406417
intron,141291,1.6677077226079362e-5,0.0010326111101508057
intron,77551,1.672347696790588e-5,0.0010350396751548513
intron,140624,1.673485931485974e-5,0.0010352998100463227
intron,48656,1.6822818127204542e-5,0.0010396343342198573
intron,91597,1.6826551665793943e-5,0.0010396343342198573
intron,162808,1.6822590418685834e-5,0.0010396343342198573
intron,27258,1.683683296926919e-5,0.001039824056530793
intron,2921,1.6918302339963276e-5,0.0010444082301109092
intron,24997,1.6971950582034268e-5,0.0010472717490729207
intron,4906,1.6995379873652183e-5,0.0010478207547839932
intron,27014,1.6988304712861613e-5,0.0010478207547839932
intron,46427,1.7007787943557062e-5,0.0010481376393062108
intron,137353,1.7037839427080925e-5,0.0010495410979329599
intron,40602,1.705948706842708e-5,0.0010501876807076723
intron,65961,1.7062900801612102e-5,0.0010501876807076723
intron,111399,1.7100657032531608e-5,0.00105206247811019
intron,71702,1.7119276793597926e-5,0.0010523101230069806
intron,118172,1.7116383781101696e-5,0.0010523101230069806
intron,60618,1.712660489561202e-5,0.0010523120205289827
intron,80740,1.715831602477902e-5,0.001053362826302813
intron,162749,1.7155755541509166e-5,0.001053362826302813
intron,41226,1.718980118603497e-5,0.0010546956127388957
intron,61831,1.719970115554581e-5,0.0010546956127388957
intron,113770,1.7201967180247024e-5,0.0010546956127388957
intron,119603,1.7231300799780414e-5,0.0010560451315061344
intron,115696,1.7315730259981343e-5,0.001060560330856647
intron,157271,1.7319683366046057e-5,0.001060560330856647
intron,105401,1.7450274793162635e-5,0.0010676503084843462
intron,160043,1.7446624613226547e-5,0.0010676503084843462
intron,87558,1.7480507227940478e-5,0.0010690464401270621
intron,135056,1.751027913465819e-5,0.0010704132357658557
intron,17229,1.7554946601716637e-5,0.0010726890612685386
intron,105903,1.7573869727005587e-5,0.0010733905259306625
intron,147752,1.7627129716757395e-5,0.001076149911487727
intron,160219,1.7633972281827504e-5,0.001076149911487727
intron,67621,1.7662452015621e-5,0.001076976413453132
intron,137532,1.766015057147463e-5,0.001076976413453132
intron,129897,1.7691711114098396e-5,0.0010783045581702398
intron,87634,1.7749786802356837e-5,0.001081387201270584
intron,121409,1.786784189206081e-5,0.0010881198799528773
intron,82424,1.7907997034161127e-5,0.0010901049085290308
intron,73579,1.7957593649198245e-5,0.0010926627457257094
intron,41021,1.8002990381682515e-5,0.0010949629835391357
intron,14851,1.8024506089453496e-5,0.0010958094222773274
intron,35640,1.8037538761506156e-5,0.0010960907796764314
intron,149994,1.804433564911445e-5,0.0010960907796764314
intron,19954,1.8062791839135173e-5,0.0010967499043141751
intron,7148,1.808865291463846e-5,0.0010978579001941365
intron,115699,1.8121255773828615e-5,0.0010993739719716042
intron,35559,1.8194791735481886e-5,0.0011033710394443381
intron,21434,1.8258116320390982e-5,0.0011067457672192611
intron,74764,1.8340899466506855e-5,0.0011112966762044346
intron,106220,1.8374389695763327e-5,0.0011128583010738943
intron,16617,1.8382645412207133e-5,0.0011128909097221468
intron,48655,1.8457462026555405e-5,0.0011169514168961289
intron,149713,1.851117936890745e-5,0.0011197322329077333
intron,29836,1.854170101689423e-5,0.001121031984320378
intron,118156,1.8548214126834495e-5,0.001121031984320378
intron,83562,1.8565835570028e-5,0.001121626916651457
intron,91474,1.8589279657255098e-5,0.0011225729696540143
intron,59404,1.8622024641201662e-5,0.0011226698609672944
intron,80344,1.8609591380780444e-5,0.0011226698609672944
intron,150444,1.8619268342678907e-5,0.0011226698609672944
intron,162747,1.861257918622794e-5,0.0011226698609672944
intron,5001,1.865168022241459e-5,0.001123987818568216
intron,19301,1.8669116127134622e-5,0.0011240990519188736
intron,76862,1.8666391146560102e-5,0.0011240990519188736
intron,61120,1.870827467587155e-5,0.0011259867137660303
intron,27264,1.8735301200667465e-5,0.0011271429204191294
intron,45534,1.8776475475323906e-5,0.0011291489569933422
intron,29550,1.8811156729636735e-5,0.0011306700219390722
intron,33886,1.881745028087245e-5,0.0011306700219390722
intron,87595,1.8846184286047674e-5,0.0011319249051803734
intron,73803,1.8867717072046375e-5,0.0011327464095789307
intron,32822,1.8901307828000924e-5,0.0011342908439253138
intron,705,1.8922094903839337e-5,0.0011343110503257772
intron,77085,1.891505445417163e-5,0.0011343110503257772
intron,147363,1.8925242097012074e-5,0.0011343110503257772
intron,62774,1.8949227546638525e-5,0.0011345701394566345
intron,82828,1.8956198329922458e-5,0.0011345701394566345
intron,119552,1.896103542886607e-5,0.0011345701394566345
intron,130295,1.8945550793736388e-5,0.0011345701394566345
intron,4599,1.8995345134831254e-5,0.0011356806533410493
intron,61827,1.8988643250450465e-5,0.0011356806533410493
intron,811,1.9012386687222715e-5,0.0011362284488206904
intron,117374,1.9022480233443773e-5,0.0011363607319901518
intron,20300,1.9049848952956694e-5,0.0011375244587822054
intron,104604,1.9060525660141714e-5,0.001137690903920553
intron,104848,1.9109846837062072e-5,0.0011401628807746007
intron,91595,1.9188836109407248e-5,0.0011439290983171935
intron,122087,1.918290380076293e-5,0.0011439290983171935
intron,131362,1.9198828391964184e-5,0.0011440518371570163
intron,62195,1.9220213741233394e-5,0.0011448531032556975
intron,161397,1.9234943879675725e-05,0.001145257453367629
intron,58593,1.9284360333271522e-5,0.0011477258566158013
intron,150695,1.9304060071556606e-5,0.0011484243361134338
intron,30331,1.9349854249672838e-5,0.001150673992487658
intron,106221,1.9412115966233046e-5,0.0011539006624660217
intron,107525,1.948111202132452e-5,0.0011575248130445592
intron,60996,1.9526133609226726e-5,0.001159722054936474
intron,123166,1.9534662556108806e-5,0.0011597509605717508
intron,105830,1.9571381536520605e-5,0.00116106519254483
intron,142017,1.9572902030251527e-5,0.00116106519254483
intron,7149,1.9609814136734016e-5,0.0011613257870988125
intron,20735,1.9625614173790495e-5,0.0011613257870988125
intron,23254,1.9610247838919292e-5,0.0011613257870988125
intron,116171,1.961725965915484e-5,0.0011613257870988125
intron,131628,1.9619607569798525e-5,0.0011613257870988125
intron,155977,1.9591215720149435e-5,0.0011613257870988125
intron,88569,1.9655578375687988e-5,0.0011626218174006716
intron,155226,1.967647561396113e-5,0.0011633806965405875
intron,12591,1.969895797926391e-5,0.001163393737480004
intron,50857,1.9700898756136453e-5,0.001163393737480004
intron,96125,1.9686512642946852e-5,0.001163393737480004
intron,122481,1.9739769982818345e-5,0.0011652120384413774
intron,128370,1.977391483976021e-5,0.001166749974344231
intron,78127,1.9839490456474707e-5,0.0011693955594907477
intron,79732,1.9829797668902138e-5,0.0011693955594907477
intron,130197,1.984307928237783e-5,0.0011693955594907477
intron,82153,1.9934462426207666e-5,0.0011743010715261964
intron,6931,1.997461697644809e-5,0.001176186031164822
intron,78125,2.001790670225212e-5,0.0011782539884945598
intron,86274,2.0044919719186538e-5,0.0011793626021806337
intron,141749,2.007383175683941e-5,0.001180581996802015
intron,159927,2.011406782287395e-5,0.0011824661143633034
intron,65710,2.0214164137444257e-5,0.001187866327533995
intron,57325,2.02513869722587e-5,0.001188959445395304
intron,73799,2.025750038026075e-5,0.001188959445395304
intron,91293,2.024808728173788e-5,0.001188959445395304
intron,63692,2.0314150382061413e-5,0.0011917993019308097
intron,46225,2.0368631567735385e-5,0.001192489971620646
intron,55207,2.0372617934083515e-5,0.001192489971620646
intron,57100,2.037553856659713e-5,0.001192489971620646
intron,87931,2.036753432577143e-5,0.001192489971620646
intron,128371,2.0342896377645303e-5,0.001192489971620646
intron,158628,2.033841633508615e-5,0.001192489971620646
intron,41146,2.0431795418440757e-5,0.0011952973314024692
intron,32460,2.047367303392722e-5,0.00119726154387816
intron,13827,2.0515315884650498e-5,0.0011992104409314123
intron,49044,2.0526404750920157e-5,0.0011993724675510304
intron,103564,2.0555492299845213e-5,0.001200585612832636
intron,131761,2.0609892773304495e-5,0.001203275630429118
intron,3688,2.065358467140399e-5,0.001205129184689008
intron,150445,2.065835461906307e-5,0.001205129184689008
intron,46850,2.0716390833785958e-5,0.0012080261111879385
intron,60994,2.075846298610351e-5,0.0012099901664660586
intron,7897,2.078248858716769e-5,0.001210901144117047
intron,4793,2.0800307926727157e-5,0.0012114499213204941
intron,131546,2.0872688663797767e-5,0.001215174733201568
intron,96202,2.0932622078251306e-5,0.0012181721678928112
intron,43174,2.0979036884138935e-5,0.0012203807873945234
intron,94902,2.1006043587012968e-5,0.0012214590836904754
intron,16991,2.1032013292621166e-5,0.0012224762357472875
intron,47389,2.107227028980141e-5,0.0012238295939111525
intron,121404,2.1068839536564354e-5,0.0012238295939111525
intron,136295,2.108135880685147e-5,0.0012238645368194967
intron,160798,2.1092361496055645e-5,0.0012240105329020911
intron,39550,2.110980668124096e-5,0.001224530125535686
intron,124576,2.1189177783487168e-5,0.0012281462060383175
intron,127533,2.118083711677432e-5,0.0012281462060383175
intron,111340,2.1215578589472983e-5,0.0012291823791290197
intron,15365,2.123414433174986e-5,0.0012292702736445814
intron,35636,2.1231330162407858e-5,0.0012292702736445814
intron,136444,2.126276417646622e-5,0.0012301655230423695
intron,159924,2.1266669779862468e-5,0.0012301655230423695
intron,84788,2.1301257016603792e-5,0.0012311785052478489
intron,144465,2.1293818875278703e-5,0.0012311785052478489
intron,7937,2.134031349987353e-5,0.0012315272356511553
intron,44299,2.134424713484684e-5,0.0012315272356511553
intron,44427,2.1358530559290045e-5,0.0012315272356511553
intron,49133,2.1347914074709706e-5,0.0012315272356511553
intron,53238,2.1353476987062692e-5,0.0012315272356511553
intron,151867,2.1339625744687396e-5,0.0012315272356511553
intron,7168,2.137140823665895e-5,0.001231777245237361
intron,46246,2.1404237074640342e-5,0.00123317651451165
intron,91638,2.1429627281799313e-5,0.0012336535973758217
intron,156846,2.142686481665379e-5,0.0012336535973758217
intron,55971,2.148169327065297e-5,0.0012361574387394463
intron,122271,2.150742229733993e-5,0.0012371443347556836
intron,141994,2.15345302425618e-5,0.0012382097299398363
intron,39989,2.154688360134216e-5,0.0012383942150816624
intron,93464,2.1554913976817858e-5,0.0012383942150816624
intron,50003,2.1589773525954037e-5,0.0012399030150765647
intron,147172,2.1679412533281983e-5,0.0012445553515871796
intron,154953,2.1688505891237497e-5,0.0012445819216305952
intron,7898,2.1701394580908584e-5,0.001244826176741879
intron,78570,2.1768668234889432e-5,0.0012481886044328828
intron,66675,2.178432234201111e-5,0.0012485897344890287
intron,115728,2.1800168606422865e-5,0.0012490015551157815
intron,26635,2.1811252557846217e-5,0.001249140308820226
intron,46195,2.188281908255263e-5,0.001252741441618764
intron,75372,2.196109444385641e-5,0.0012567236295496832
intron,56633,2.1975039034782817e-5,0.001257022790197908
intron,58848,2.1997650872851437e-5,0.0012573187631475572
intron,73804,2.198960925803295e-5,0.0012573187631475572
intron,35384,2.2021243662462275e-5,0.0012576702910228504
intron,96103,2.202028931430622e-5,0.0012576702910228504
intron,122678,2.205539006006063e-5,0.0012591217871698985
intron,57859,2.2098902896172667e-5,0.0012611066442217538
intron,76315,2.217534829385137e-5,0.0012649685329950255
intron,53983,2.2204491730959397e-5,0.001266130145925845
intron,82146,2.227861517112295e-5,0.0012693529268992996
intron,89575,2.2274101803443358e-5,0.0012693529268992996
intron,118207,2.232588955486392e-5,0.001271544058071983
intron,146369,2.2388758412761334e-5,0.001274621272968446
intron,14687,2.2403350318445092e-5,0.0012749486737853241
intron,83140,2.2471097973042475e-5,0.0012782996549895605
intron,2485,2.2501355525950117e-5,0.0012795161578591043
intron,81715,2.253597527035467e-5,0.0012809796554245313
intron,140352,2.2555592683159986e-5,0.0012815895800080584
intron,98501,2.256954209489681e-5,0.0012818770999916441
intron,129894,2.2686810482230868e-5,0.001288030267405932
intron,53058,2.2768472504375303e-5,0.001292157856921861
intron,16622,2.283155457893926e-5,0.0012944678111634098
intron,31695,2.2821006224971185e-5,0.0012944678111634098
intron,152622,2.2836104430434823e-5,0.0012944678111634098
intron,81712,2.2866853119918318e-5,0.0012957014883552302
intron,131352,2.2887174689234513e-5,0.0012963435979616816
intron,16845,2.2938818685980245e-5,0.0012982489114007666
intron,113329,2.2938235636038584e-5,0.0012982489114007666
intron,15668,2.2967167660814525e-5,0.0012993434079494233
intron,141396,2.2979549548218792e-5,0.0012995340790980343
intron,55021,2.3063007446699757e-5,0.0013037424989675547
intron,7356,2.3110555975147662e-5,0.0013059184739451877
intron,133406,2.331428992718987e-5,0.001316914926568848
intron,2044,2.3382681110906134e-5,0.00132026088291325
intron,105834,2.339185570676694e-5,0.0013202619710002896
intron,49023,2.352880493527998e-5,0.0013274368910765697
intron,55970,2.3546593212353528e-5,0.0013274368910765697
intron,58669,2.3541280176342383e-5,0.0013274368910765697
intron,33259,2.356695984984114e-5,0.0013280658769308485
intron,15364,2.3577054584000834e-5,0.0013281157462480503
intron,3246,2.36606572117104e-5,0.0013307458637009054
intron,16616,2.3659786101415392e-5,0.0013307458637009054
intron,31145,2.3657273049870753e-5,0.0013307458637009054
intron,141750,2.3633982838333623e-5,0.0013307458637009054
intron,20777,2.367369505040795e-5,0.0013309600554129355
intron,47067,2.3699618842187853e-5,0.001331898259694226
intron,45206,2.372588418286803e-5,0.0013324795801547512
intron,50720,2.37284428761253e-5,0.0013324795801547512
intron,2492,2.3746523711398737e-5,0.0013329758446281345
intron,121406,2.380260813539259e-5,0.0013356041678523577
intron,69250,2.3855270186112776e-5,0.0013380384860866453
intron,135346,2.386573283219562e-5,0.0013381048734574003
intron,162750,2.3979620922265354e-5,0.0013439678174648737
intron,100550,2.3989699534876507e-5,0.0013440103344312109
intron,41228,2.4012810803331064e-5,0.0013447826825304708
intron,127064,2.405037022579215e-5,0.001346363252775935
intron,55842,2.4064592969885723e-5,0.0013466366932123827
intron,3279,2.4106153793002072e-5,0.0013484391466359385
intron,50117,2.4161739394901183e-5,0.0013510244098179584
intron,46351,2.4171981054976754e-5,0.001351073206199625
intron,60512,2.4207543179111113e-5,0.0013525366831577204
intron,139183,2.430863774760539e-5,0.0013576590719089582
intron,6763,2.4352369629720982e-5,0.0013588149273779904
intron,24850,2.4373996693860533e-5,0.0013588149273779904
intron,41198,2.4368651831307986e-5,0.0013588149273779904
intron,53745,2.437644647712567e-5,0.0013588149273779904
intron,53984,2.4351815126832932e-5,0.0013588149273779904
intron,153977,2.443594089585055e-5,0.0013616049956599384
intron,83561,2.4469825506079346e-5,0.0013628423194966119
intron,123873,2.4477047629423154e-5,0.0013628423194966119
intron,60611,2.4541603507843845e-5,0.0013659093080106667
intron,4056,2.461124534036685e-5,0.0013692568891968682
intron,42236,2.4728748863944716e-5,0.0013752636665726478
intron,7175,2.4747048216866574e-5,0.001375750802702266
intron,75679,2.4811571288752e-5,0.0013777444208074932
intron,143123,2.4794291016427827e-5,0.0013777444208074932
intron,143678,2.4806474878902307e-5,0.0013777444208074932
intron,139534,2.4873907151112817e-5,0.0013806741834259146
intron,82796,2.5002591031109134e-5,0.0013872830491816679
intron,35278,2.5014941264056567e-5,0.0013874344749483867
intron,3743,2.5057199244282735e-5,0.0013892439567167552
intron,30873,2.5077329922185143e-5,0.0013898257171746937
intron,60619,2.513181472407755e-5,0.0013923102596677108
intron,40692,2.519377893861474e-5,0.0013946715084072231
intron,154132,2.518667637008143e-5,0.0013946715084072231
intron,55202,2.522541190863592e-5,0.001395351352170564
intron,126090,2.5225122139649336e-5,0.001395351352170564
intron,62206,2.5321277719481117e-5,0.0014001171380725512
intron,96102,2.5355863070175566e-5,0.0014014921217941005
intron,154404,2.5391253822726334e-5,0.0014029105517294623
intron,129895,2.5402686470332725e-5,0.001403004675537063
intron,16020,2.5412758933862634e-5,0.0014030236323030354
intron,54053,2.543482172723266e-5,0.001403215513783299
intron,119396,2.5445426148129613e-5,0.001403215513783299
intron,155639,2.54364506131477e-5,0.001403215513783299
intron,141117,2.5465174561034587e-5,0.0014037677476770316
intron,100000,2.553328255772147e-5,0.00140698436293517
intron,74303,2.5548863523461307e-5,0.001407305180339108
intron,78150,2.5610055310987256e-5,0.0014101371692369375
intron,63102,2.569305034760827e-5,0.0014136275129635809
intron,143063,2.5688756236097454e-5,0.0014136275129635809
intron,105516,2.5714376022278884e-5,0.0014142612597424758
intron,61826,2.573301460695454e-5,0.0014147467927659526
intron,35824,2.5823107175471094e-5,0.0014181405237293425
intron,125686,2.5824245808547808e-5,0.0014181405237293425
intron,162852,2.5810049961827453e-5,0.0014181405237293425
intron,111400,2.5947228648126597e-5,0.0014243517326457528
intron,33627,2.5978461244635653e-5,0.0014255235771328666
intron,73802,2.5994387452987766e-5,0.0014258549377835705
intron,27729,2.6019951051114987e-5,0.0014267144795544254
intron,39699,2.6129959608489628e-5,0.0014321788401279324
intron,135578,2.613947108820458e-5,0.0014321788401279324
intron,66672,2.6220951508282297e-5,0.0014360975139213312
intron,65890,2.627870019700218e-5,0.0014381679390167337
intron,141287,2.6271740628969198e-5,0.0014381679390167337
intron,131363,2.6298259002022206e-5,0.0014386923504949227
intron,129892,2.6368871925752657e-5,0.0014420083101240096
intron,136998,2.6394897693737818e-5,0.001442884386550739
intron,56561,2.6476477930748032e-5,0.0014467955486772949
intron,106399,2.6531106202098975e-5,0.001449231527305336
intron,103559,2.6579367953916133e-5,0.0014513180289778052
intron,143124,2.6598938447364162e-5,0.0014518369101737486
intron,74983,2.6632791893188568e-5,0.001453134703193736
intron,2264,2.679486915146967e-5,0.001460320368755097
intron,22091,2.6790062822801275e-5,0.001460320368755097
intron,118605,2.6782919829049234e-5,0.001460320368755097
intron,136476,2.6819612747308597e-5,0.0014611166964303478
intron,54351,2.6862362453083932e-5,0.00146234077095956
intron,159986,2.6855069186981773e-5,0.00146234077095956
intron,55345,2.699865827493486e-5,0.0014686516461160058
intron,135060,2.699361433511349e-5,0.0014686516461160058
intron,100182,2.7034434204153968e-5,0.0014700432327595895
intron,159388,2.7104850133019553e-5,0.0014733166691037886
intron,18289,2.7126959233347847e-5,0.0014739628523599824
intron,37522,2.718356690323276e-5,0.0014764823474254186
intron,47157,2.721458223842177e-5,0.0014776104144789489
intron,103466,2.7244225157208035e-5,0.0014786631453690248
intron,44854,2.725778123591205e-5,0.0014788423095136076
intron,127143,2.730184329613472e-5,0.001480675786463219
intron,76324,2.733182227654396e-5,0.0014817443966291637
intron,154905,2.7348970289886587e-5,0.0014821168577954435
intron,141296,2.7377588226573657e-5,0.0014831103927083048
intron,51546,2.7480044782590696e-5,0.0014881016965689283
intron,16614,2.7581845174928787e-5,0.0014925444027856511
intron,79735,2.7600282336059934e-5,0.0014925444027856511
intron,82346,2.7595832471805082e-5,0.0014925444027856511
intron,155225,2.7603486115301834e-5,0.0014925444027856511
intron,21413,2.7619869961803545e-5,0.0014928705350756386
intron,4624,2.7659392850432063e-5,0.0014944466334890433
intron,75183,2.773260658694987e-5,0.0014978411977843746
intron,5650,2.786141437138845e-5,0.0015042347368980958
intron,421,2.7945698827913645e-5,0.0015059661400885437
intron,3854,2.7932797843299717e-5,0.0015059661400885437
intron,91480,2.7920790591218214e-5,0.0015059661400885437
intron,100515,2.7938088541401562e-5,0.0015059661400885437
intron,119605,2.7921295840283022e-5,0.0015059661400885437
intron,90969,2.7985045412348697e-5,0.001507063578247987
intron,91475,2.7986965005499798e-5,0.001507063578247987
intron,2262,2.8068715591800242e-5,0.001510901556307106
intron,108101,2.8173300876010998e-5,0.0015159653729204918
intron,12588,2.8218752261444102e-5,0.00151614813985323
intron,47197,2.8197969448418014e-5,0.00151614813985323
intron,98498,2.821662061291974e-5,0.00151614813985323
intron,154943,2.8211788117848968e-5,0.00151614813985323
intron,114267,2.8271974258808896e-5,0.0015184419336834467
intron,127676,2.829033475837406e-5,0.0015188623620628623
intron,4679,2.8301806696995335e-5,0.0015189127794393773
intron,140620,2.8345245291938603e-5,0.0015206781204667374
intron,23452,2.83974716088764e-5,0.001522913420714481
intron,41024,2.8504921625094326e-5,0.001528022980666319
intron,77408,2.8513940661500925e-5,0.001528022980666319
intron,59206,2.8611062054761938e-5,0.0015315949734375405
intron,64126,2.8591545224831982e-5,0.0015315949734375405
intron,141290,2.8612458885080017e-5,0.0015315949734375405
intron,46426,2.8649675523517715e-5,0.0015324494652151036
intron,115729,2.864086799292398e-5,0.0015324494652151036
intron,57293,2.868899538477354e-5,0.001533434937682938
intron,85956,2.8689366409873074e-5,0.001533434937682938
intron,75004,2.875410771929765e-5,0.0015363259028813472
intron,153895,2.879965274571461e-5,0.0015381894531486173
intron,89540,2.8876388061149783e-5,0.001541716880094123
intron,55145,2.8905616429431014e-5,0.0015427062281417314
intron,46846,2.8968462115530613e-5,0.0015454883523101455
intron,20746,2.8996217811494418e-5,0.0015458253537679024
intron,155227,2.8988276805863578e-5,0.0015458253537679024
intron,129990,2.909799961159365e-5,0.0015506782076825888
intron,40637,2.9146390110867948e-5,0.001552109851816076
intron,45199,2.9145782181716484e-5,0.001552109851816076
intron,83889,2.9276915306297724e-5,0.0015579100094373713
intron,143589,2.927582099310211e-5,0.0015579100094373713
intron,50792,2.930504806375467e-5,0.0015588318207782625
intron,24603,2.9422653772037677e-5,0.0015610568920177473
intron,39826,2.9375066187387056e-5,0.0015610568920177473
intron,41019,2.9364413000942946e-5,0.0015610568920177473
intron,48029,2.9416325587283687e-5,0.0015610568920177473
intron,119619,2.938643491134929e-5,0.0015610568920177473
intron,137576,2.9399769979399082e-5,0.0015610568920177473
intron,158379,2.9416415258998185e-5,0.0015610568920177473
intron,40046,2.94549671308042e-5,0.0015621965594085625
intron,132916,2.949509969885078e-5,0.0015637499420118287
intron,106100,2.9548729078454627e-5,0.0015654421653992308
intron,123648,2.9545706429101593e-5,0.0015654421653992308
intron,36668,2.960836046406179e-5,0.001568025280000352
intron,74173,2.964625343693239e-5,0.0015694510483051528
intron,87584,2.9657049287701298e-5,0.0015694510483051528
intron,27263,2.970789184708611e-5,0.0015715649154778967
intron,24918,2.9789883130959538e-5,0.0015749256244175572
intron,141273,2.9793263180089014e-5,0.0015749256244175572
intron,76467,2.9906690205638853e-5,0.0015803422772021115
intron,43854,2.9973876769506802e-5,0.001582732642731698
intron,139103,2.9972535285471835e-5,0.001582732642731698
intron,39661,3.0034121794697555e-5,0.0015847532388027627
intron,141277,3.0028858270192416e-5,0.0015847532388027627
intron,73984,3.005996736105132e-5,0.0015855368373208223
intron,53237,3.0106348949621164e-5,0.0015874026555678317
intron,33808,3.014262432143866e-5,0.0015887344391526698
intron,61322,3.0250257389896618e-5,0.0015938249424277756
intron,41148,3.026275468664963e-5,0.001593901046419899
intron,47076,3.0330082712692885e-5,0.0015964632154353844
intron,116600,3.033354282588885e-5,0.0015964632154353844
intron,79077,3.042834677868811e-5,0.001600284684140874
intron,82800,3.042663825769676e-5,0.001600284684140874
intron,1432,3.049167035840128e-5,0.0016030303708982768
intron,51438,3.054034191973809e-5,0.0016050040405319501
intron,60660,3.061540069482227e-5,0.0016083625092889746
intron,125214,3.0641116103291566e-5,0.0016091272505125154
intron,102623,3.066812557983578e-5,0.0016099593685807712
intron,41229,3.075071803715357e-5,0.0016137077132401037
intron,58725,3.078844785175949e-5,0.0016150999270129797
intron,30277,3.088219953317761e-5,0.0016183910877227816
intron,151688,3.08848549197549e-5,0.0016183910877227816
intron,157459,3.087133761403571e-5,0.0016183910877227816
intron,18431,3.0908146523511704e-5,0.0016189668308211084
intron,44705,3.091829558954373e-5,0.0016189668308211084
intron,61820,3.098243586774352e-5,0.0016217365260180361
intron,139576,3.1024624306486004e-5,0.0016233555868524771
intron,140734,3.118636373089512e-5,0.0016312266791952093
intron,7147,3.1216605201556114e-5,0.0016322164562366942
intron,95618,3.136438665585217e-5,0.001639349078100933
intron,49015,3.147978559248088e-5,0.0016447845800488733
intron,23405,3.149205282748646e-5,0.0016448295769986745
intron,10313,3.152827745434017e-5,0.0016455296079833635
intron,93781,3.152088291646926e-5,0.0016455296079833635
intron,61599,3.174595679844572e-5,0.0016562913140497329
intron,100553,3.177508445295629e-5,0.001657211429912285
intron,60612,3.1801729309721694e-5,0.0016580014383828765
intron,13905,3.1814258794615746e-5,0.0016580552287658666
intron,150443,3.1826981193194825e-5,0.0016581190306817362
intron,103473,3.189228142896905e-5,0.0016603448619884466
intron,131629,3.1892732445082395e-5,0.0016603448619884466
intron,49134,3.195176650661047e-5,0.0016623488879545082
intron,160793,3.195428181301807e-5,0.0016623488879545082
intron,130059,3.201012655440483e-5,0.0016646535593332335
intron,135350,3.208567282064756e-5,0.0016679807571907436
intron,13895,3.2099893421122516e-5,0.0016680297891629337
intron,106314,3.2109749836806145e-5,0.0016680297891629337
intron,122607,3.213928365908281e-5,0.001668962793887416
intron,29551,3.220049123497937e-5,0.0016715393230823145
intron,62483,3.222018545168126e-5,0.0016717089104515445
intron,67093,3.2226943012858555e-5,0.0016717089104515445
intron,85943,3.226898843944337e-5,0.0016732880316025927
intron,20117,3.248769063457502e-5,0.0016834180392885948
intron,65724,3.247785487148214e-5,0.0016834180392885948
intron,159387,3.253576006667647e-5,0.0016853032873330506
intron,1238,3.255342588992516e-5,0.0016856128859276255
intron,32210,3.26011221351008e-5,0.0016864254323886425
intron,124997,3.260992663300932e-5,0.0016864254323886425
intron,132318,3.25969218804012e-5,0.0016864254323886425
intron,145010,3.261589611414095e-5,0.0016864254323886425
intron,66929,3.264938137559348e-5,0.001686947094242282
intron,99137,3.264902925337321e-5,0.001686947094242282
intron,102447,3.267608887613793e-5,0.0016877223311465698
intron,60264,3.273661666725047e-5,0.0016902432079248795
intron,132320,3.2751846923417816e-5,0.0016904243340319658
intron,14783,3.280401579008885e-5,0.0016918826120309515
intron,35494,3.281507639263381e-5,0.0016918826120309515
intron,122164,3.2815297910993024e-5,0.0016918826120309515
intron,135996,3.2845748514698236e-5,0.0016928473395493525
intron,66605,3.2869813851421625e-5,0.0016934824030267804
intron,133243,3.288450415350752e-5,0.001693634175166021
intron,144704,3.289643701021028e-5,0.0016936438743061027
intron,44436,3.294330293734937e-5,0.001695268491989579
intron,85957,3.295150431703586e-5,0.001695268491989579
intron,67094,3.2996591931899744e-5,0.0016960675168238202
intron,89577,3.299413530921669e-5,0.0016960675168238202
intron,155773,3.3002319250852175e-5,0.0016960675168238202
intron,65881,3.3084162952556895e-5,0.0016996679326324803
intron,100324,3.3151364142280926e-5,0.001701907714085406
intron,103549,3.314107712926173e-5,0.001701907714085406
intron,77404,3.319039275584412e-5,0.001703304970869044
intron,6208,3.3216843080552394e-5,0.0017034499609236199
intron,85868,3.321276633572179e-5,0.0017034499609236199
intron,16618,3.329243378891178e-5,0.0017067195163162465
intron,80345,3.332282207213488e-5,0.00170726235455943
intron,107260,3.332670070166355e-5,0.00170726235455943
intron,142599,3.3360173247842795e-5,0.001708370207227154
intron,60983,3.3401047038861265e-5,0.0017098561556027924
intron,144499,3.3501029513383074e-5,0.0017143658491967468
intron,17408,3.354785352738254e-5,0.001715937266018426
intron,45545,3.3572649911106645e-5,0.001715937266018426
intron,61127,3.357933362946319e-5,0.001715937266018426
intron,92400,3.356129932607921e-5,0.001715937266018426
intron,32818,3.3599859273203414e-5,0.001716377933478868
intron,52421,3.371385128581039e-5,0.0017209817176541094
intron,100510,3.370293981630468e-5,0.0017209817176541094
intron,40138,3.375247815273763e-5,0.0017223438135073729
intron,147174,3.381376417177506e-5,0.0017248608029427543
intron,57324,3.383846306825866e-5,0.0017255103407653385
intron,33885,3.3883381984955996e-5,0.0017271901258057792
intron,46820,3.399984882279661e-5,0.0017325145580173252
intron,146992,3.404126421968634e-5,0.001734012218060158
intron,99905,3.408662284987152e-5,0.0017357096120449937
intron,1421,3.423164141758139e-5,0.0017412494934409735
intron,89576,3.4209359599635114e-5,0.0017412494934409735
intron,150581,3.4222170494979665e-5,0.0017412494934409735
intron,103232,3.425607877782788e-5,0.001741264135465007
intron,155268,3.425490471498094e-5,0.001741264135465007
intron,116416,3.4281532198754405e-5,0.0017419439442515068
intron,57294,3.43056335341263e-5,0.001742554594947429
intron,34042,3.434230359977697e-5,0.0017438030194412105
intron,90606,3.436696336334144e-5,0.0017444409312697567
intron,13209,3.444505406580145e-5,0.001745333068048851
intron,16619,3.4441970483634066e-5,0.001745333068048851
intron,23453,3.4440317066231074e-5,0.001745333068048851
intron,24998,3.444048015632806e-5,0.001745333068048851
intron,113769,3.4413899951957205e-5,0.001745333068048851
intron,66678,3.448013554518958e-5,0.0017464969815824216
intron,35364,3.450984505970478e-5,0.0017467747372849585
intron,152661,3.449820908985046e-5,0.0017467747372849585
intron,127148,3.454118979973053e-5,0.0017477478447192071
intron,10312,3.459459754473482e-5,0.0017498362427687036
intron,78949,3.461921027736459e-5,0.0017504672007250754
intron,43855,3.4647332307291556e-5,0.001750661475135807
intron,151925,3.464135478714603e-5,0.001750661475135807
intron,23838,3.4698210541250774e-5,0.0017513912661960623
intron,134316,3.468955814800445e-5,0.0017513912661960623
intron,137698,3.4677024966955905e-5,0.0017513912661960623
intron,49013,3.478914174226411e-5,0.0017544506971035852
intron,64237,3.479532195882484e-5,0.0017544506971035852
intron,66676,3.477522456374338e-5,0.0017544506971035852
intron,36669,3.482931741771722e-5,0.001754530046127049
intron,65709,3.482398548815269e-5,0.001754530046127049
intron,137526,3.483339589660517e-5,0.001754530046127049
intron,139086,3.50303915614969e-5,0.00176383647901843
intron,71703,3.511823792679003e-5,0.0017676424909977696
intron,46214,3.5137357687231585e-5,0.001767704972771402
intron,102335,3.514399548520952e-5,0.001767704972771402
intron,16017,3.525418300154293e-5,0.0017707767217358065
intron,33047,3.52508089676018e-5,0.0017707767217358065
intron,125212,3.52429335755966e-5,0.0017707767217358065
intron,127063,3.5243548940133707e-5,0.0017707767217358065
intron,53865,3.532180302212584e-5,0.0017735554486113165
intron,128372,3.540994438488987e-5,0.0017773622867775193
intron,32174,3.542427873104437e-5,0.0017774631047208472
intron,134350,3.544551479761626e-5,0.001777910035624295
intron,133836,3.54718005435295e-5,0.0017786098543048532
intron,4031,3.5546420354082287e-5,0.0017786407494799251
intron,13559,3.552477226875794e-5,0.0017786407494799251
intron,78740,3.5501244623370454e-5,0.0017786407494799251
intron,121249,3.5532017233608215e-5,0.0017786407494799251
intron,130624,3.550693421372486e-5,0.0017786407494799251
intron,138890,3.5537369986293754e-5,0.0017786407494799251
intron,115662,3.558798826841514e-5,0.0017801030260920366
intron,87597,3.565689619799972e-5,0.0017823133552946086
intron,118855,3.5649886373168016e-5,0.0017823133552946086
intron,5000,3.573310954241293e-5,0.0017841317960269796
intron,39326,3.574143954832021e-5,0.0017841317960269796
intron,86945,3.575381909048936e-5,0.0017841317960269796
intron,111405,3.5755135953996486e-5,0.0017841317960269796
intron,163060,3.575401703215242e-5,0.0017841317960269796
intron,40139,3.601225141025566e-5,0.001796339930514956
intron,92675,3.6028729381909486e-5,0.0017965404488163974
intron,84828,3.605516388283103e-5,0.0017972371303323243
intron,17895,3.6094130590358375e-5,0.0017985578058202524
intron,106217,3.6145779622076546e-5,0.0018005093063767849
intron,19176,3.619788460984541e-5,0.0018019859692869054
intron,101170,3.6200415742815295e-5,0.0018019859692869054
intron,81713,3.621604833758951e-5,0.0018021420574944
intron,32382,3.626878454121574e-5,0.0018041437089807168
intron,46498,3.6312501594748525e-5,0.0018056954887841039
intron,25435,3.6340382767674484e-5,0.0018064590064729522
intron,109025,3.637848010473732e-5,0.0018077296624617004
intron,20943,3.640861082332414e-5,0.0018084249287381013
intron,136445,3.641755249783607e-5,0.0018084249287381013
intron,59207,3.646193793027663e-5,0.001809397561188008
intron,127973,3.646223354492051e-5,0.001809397561188008
intron,57856,3.649619810153215e-5,0.0018104600067518567
intron,77752,3.655381288425463e-5,0.001812694530467575
intron,47160,3.6618110060837594e-5,0.0018152587822424225
intron,39777,3.6632616401188756e-5,0.0018153538533904562
intron,150414,3.6675966183175035e-5,0.0018168777242793274
intron,75509,3.671896815826692e-5,0.0018178835457743905
intron,106101,3.672148209754589e-5,0.0018178835457743905
intron,113966,3.6772844157484386e-5,0.0018198014884757553
intron,6757,3.682216498934743e-5,0.0018210931946109085
intron,42517,3.682420239992101e-5,0.0018210931946109085
intron,113331,3.687664440743532e-5,0.0018230614535697722
intron,76233,3.7046714524091584e-5,0.001830765468966628
intron,161291,3.705787100427571e-5,0.001830765468966628
intron,106313,3.708575915450929e-5,0.0018315157775323017
intron,46356,3.71392677360749e-5,0.0018326792300202275
intron,74981,3.714733184501107e-5,0.0018326792300202275
intron,96297,3.716015220189828e-5,0.0018326792300202275
intron,119390,3.7150103249228295e-5,0.0018326792300202275
intron,159430,3.723289363266602e-5,0.0018354169381550036
intron,163768,3.724111839953359e-5,0.0018354169381550036
intron,42515,3.7258340524704e-5,0.001835638371044069
intron,58985,3.7298171322808216e-5,0.0018369731529877748
intron,82615,3.737127030833953e-5,0.001839886580834174
intron,121421,3.7382843286692946e-5,0.001839886580834174
intron,14832,3.7412040159723325e-5,0.001840695351522764
intron,2391,3.7489369514975834e-5,0.001843870910520505
intron,33257,3.7517145996979195e-5,0.0018446079348061297
intron,140622,3.756248352548841e-5,0.0018462075875119656
intron,40291,3.760846321587685e-5,0.0018478377018643793
intron,24755,3.769920115026526e-5,0.0018516650886499669
intron,29275,3.786348651679816e-5,0.0018591010555423604
intron,94415,3.79040923139673e-5,0.0018602223416547263
intron,143060,3.791212258852372e-5,0.0018602223416547263
intron,46965,3.7998953262952107e-5,0.0018638486575478007
intron,60921,3.8022647189883685e-5,0.0018643767029281049
intron,16266,3.8059086546859966e-5,0.0018655291276896788
intron,20625,3.8085332704218544e-5,0.0018657029755756148
intron,45585,3.8088508602873716e-5,0.0018657029755756148
intron,92404,3.8131010495323636e-5,0.0018671506385396048
intron,119533,3.819040219610326e-5,0.0018694240765422478
intron,113330,3.824989143708102e-5,0.0018710658393714867
intron,130324,3.824615071157389e-5,0.0018710658393714867
intron,53320,3.833352128412848e-5,0.001873885458922141
intron,153631,3.833182970258697e-5,0.001873885458922141
intron,36946,3.836405280333022e-5,0.0018747424475126537
intron,39698,3.846282936958989e-5,0.0018789326676492038
intron,15327,3.853011386456551e-5,0.0018815821639239412
intron,104539,3.8545754821428524e-5,0.0018817087561048555
intron,65708,3.856549817049526e-5,0.0018820354635101894
intron,91771,3.85962583285826e-5,0.001882899399455315
intron,27201,3.864461978264622e-5,0.0018842131968865277
intron,74573,3.866238705185765e-5,0.0018842131968865277
intron,99427,3.865650960799272e-5,0.0018842131968865277
intron,140362,3.875188035662447e-5,0.0018872990241768808
intron,158097,3.87390800917764e-5,0.0018872990241768808
intron,18405,3.888178485200733e-5,0.0018929863430632752
intron,158462,3.889557449654468e-5,0.0018930185998728383
intron,21012,3.892887746115292e-5,0.001894000213239028
intron,842,3.898875614383179e-5,0.0018962737123890561
intron,24849,3.9060227234100076e-5,0.001899109301668196
intron,51547,3.907945928904866e-5,0.0018994039722601413
intron,27015,3.913131071298093e-5,0.001900807195952284
intron,30805,3.914787334857728e-5,0.001900807195952284
intron,57783,3.913728026994079e-5,0.001900807195952284
intron,66736,3.9184729132335505e-5,0.0019019563224458788
intron,70952,3.922684813195687e-5,0.0019033112905494625
intron,155107,3.923904156388769e-5,0.0019033112905494625
intron,16760,3.926308325175043e-5,0.001903837070102614
intron,85518,3.9312718119743906e-5,0.001905603072905516
intron,54938,3.933199552919042e-5,0.0019058968680369499
intron,65986,3.934629000734713e-5,0.0019059490907253971
intron,63689,3.942325669115121e-5,0.00190839529293751
intron,133599,3.941112593230933e-5,0.00190839529293751
intron,152547,3.952466658008191e-5,0.0019126622797026418
intron,130042,3.967245546632192e-5,0.0019191700051767477
intron,63101,3.97129770155491e-5,0.0019204860082096878
intron,105831,3.973442237481528e-5,0.0019208789297368379
intron,78081,3.97974389612088e-5,0.0019232805899058434
intron,46217,3.982873108032692e-5,0.0019241480143720952
intron,105567,3.9876075585310033e-5,0.0019257900977665116
intron,57327,3.994557446662661e-5,0.0019259215837876375
intron,63627,3.994228757930873e-5,0.0019259215837876375
intron,75002,3.9923863554336414e-5,0.0019259215837876375
intron,85753,3.99002498725487e-5,0.0019259215837876375
intron,136912,3.992630468574454e-5,0.0019259215837876375
intron,42188,3.998333864674297e-5,0.00192709803349962
intron,40452,4.003248246386981e-5,0.0019288219841855241
intron,18313,4.006821235624791e-5,0.0019298986971467743
intron,98497,4.016720831989673e-5,0.0019340209049039559
intron,7656,4.019491741957815e-5,0.0019347090975717976
intron,16579,4.033979810702526e-5,0.0019408181407501496
intron,131544,4.0348754124064357e-5,0.0019408181407501496
intron,90603,4.043454532987045e-5,0.0019436481594615428
intron,162576,4.042454844599419e-5,0.0019436481594615428
intron,2149,4.0483738663610325e-5,0.0019453643790280752
intron,133831,4.054843731760016e-5,0.001947824283897124
intron,7912,4.0586709369572205e-5,0.0019490135191667995
intron,130424,4.060881914247361e-5,0.0019494260925694712
intron,138215,4.0695673851343095e-5,0.0019529454372980478
intron,142866,4.0739688199842305e-5,0.0019544072575630937
intron,29259,4.076597665381154e-5,0.001954851313976541
intron,47205,4.078961218079158e-5,0.001954851313976541
intron,106103,4.078568076248956e-5,0.001954851313976541
intron,91749,4.083147045463864e-5,0.001956207262409327
intron,32826,4.089002488705251e-5,0.0019583619458276923
intron,39394,4.094132004162088e-5,0.0019601676425106316
intron,5562,4.103608136185599e-5,0.0019634008576473677
intron,63100,4.1022965794779154e-5,0.0019634008576473677
intron,139780,4.1061027813205087e-5,0.0019635905016130387
intron,143414,4.106727796060472e-5,0.0019635905016130387
intron,79677,4.1104572716887944e-5,0.0019640712782585355
intron,121358,4.109402370056081e-5,0.0019640712782585355
intron,129094,4.112002498535272e-5,0.0019641588085666643
intron,14847,4.122562738984037e-5,0.001968077577397125
intron,91484,4.1229360303707274e-5,0.001968077577397125
intron,159386,4.124372593672376e-5,0.0019681118418785983
intron,50006,4.127894750094452e-5,0.0019691409799102565
intron,81068,4.141842127702855e-5,0.001975140964648299
intron,131630,4.15453025561785e-5,0.001979882169768286
intron,139168,4.1541490798158165e-5,0.001979882169768286
intron,152549,4.158917709262688e-5,0.001981318289063906
intron,22483,4.162052467238109e-5,0.001981523962605054
intron,41197,4.1634716807736893e-5,0.001981523962605054
intron,95801,4.1631183074652967e-5,0.001981523962605054
intron,499,4.1668275393536014e-5,0.0019824668392199435
intron,129896,4.17615197001453e-5,0.001986247846767432
intron,40141,4.188276723693374e-5,0.0019913578024848347
intron,150446,4.1995910150083304e-5,0.00199607917436159
intron,77079,4.2056885781738274e-5,0.0019983187241934533
intron,139184,4.211994086089632e-5,0.002000655570397653
intron,34537,4.218231968589059e-5,0.0020022994650899357
intron,56729,4.217608870527023e-5,0.0020022994650899357
intron,87618,4.2235260649836626e-5,0.0020041527583188517
intron,78569,4.2265134035490703e-5,0.0020049105867947395
intron,89702,4.245730629004463e-5,0.002013364277595681
intron,34924,4.254289328464722e-5,0.002016096947715781
intron,62775,4.253720932645422e-5,0.002016096947715781
intron,114200,4.2695026836625516e-5,0.0020226418314813585
intron,43175,4.27454771789737e-5,0.0020239094754336477
intron,155397,4.2749854460399916e-5,0.0020239094754336477
intron,105537,4.280128757905288e-5,0.0020256794479528977
intron,154651,4.2822556469590545e-5,0.002026021128874752
intron,105833,4.2869501837627944e-5,0.0020275769929481184
intron,161865,4.2903594822396585e-5,0.002028524163460113
intron,54350,4.301184942845371e-5,0.0020329759982068256
intron,30811,4.318689766458217e-5,0.002039912529157026
intron,94178,4.3182995510981925e-5,0.002039912529157026
intron,35360,4.32281434774584e-5,0.002041192169762228
intron,34186,4.336279295280576e-5,0.0020468799618151424
intron,55208,4.3450288264024195e-5,0.0020491514553899665
intron,89241,4.345898441093787e-5,0.0020491514553899665
intron,89541,4.342707310878158e-5,0.0020491514553899665
intron,93788,4.3467753313208846e-5,0.0020491514553899665
intron,37552,4.3506240824608966e-5,0.002050295578625616
intron,141754,4.352551045716524e-5,0.0020505335793846546
intron,93658,4.375975640480423e-5,0.002060895882386546
intron,158096,4.3971709202450526e-5,0.002070201850786087
intron,7502,4.399760310325185e-5,0.0020707448925295817
intron,133658,4.403866749191909e-5,0.0020713255456644413
intron,138545,4.402585701845929e-5,0.0020713255456644413
intron,37350,4.412368197159733e-5,0.002073971253610866
intron,50297,4.411324097841618e-5,0.002073971253610866
intron,158095,4.428025565372806e-5,0.002080652599236612
intron,99147,4.44118096716295e-5,0.0020860601848499537
intron,141294,4.4424270858378634e-5,0.0020860601848499537
intron,20049,4.44467540041682e-5,0.002086436541236681
intron,148836,4.450281416734647e-5,0.0020883883249692586
intron,75377,4.459462092776256e-5,0.0020920157775308574
intron,62970,4.4626154553917274e-5,0.0020921338978402955
intron,150565,4.4623129185739074e-5,0.0020921338978402955
intron,18717,4.46908799264234e-5,0.002093399249345337
intron,66596,4.467556059695177e-5,0.002093399249345337
intron,144108,4.4696694950552285e-5,0.002093399249345337
intron,159926,4.4712882939945686e-5,0.002093477503285957
intron,27021,4.474624366723745e-5,0.0020943594808572902
intron,17321,4.483515863729082e-5,0.0020978402730719653
intron,2592,4.499081252418158e-5,0.0021043915513334253
intron,151691,4.5004358625533314e-5,0.0021043915513334253
intron,36933,4.510260553303169e-5,0.002108267780243975
intron,50282,4.5116494829189335e-5,0.002108267780243975
intron,162297,4.523327006622502e-5,0.002113039901665083
intron,13014,4.52748585340057e-5,0.002113225446062863
intron,129095,4.528120429891924e-5,0.002113225446062863
intron,134568,4.525500372887237e-5,0.002113225446062863
intron,161960,4.532092144826638e-5,0.002114394732866435
intron,83789,4.535273043870802e-5,0.002115194436731814
intron,132322,4.542759379444483e-5,0.002118000975853704
intron,23783,4.547162625856416e-5,0.002118683944384091
intron,34538,4.546747462086387e-5,0.002118683944384091
intron,112337,4.5514031156601575e-5,0.0021199747709948463
intron,149083,4.553540611784701e-5,0.0021202855376287904
intron,6781,4.55738574124398e-5,0.0021207378432074138
intron,50283,4.561239266298589e-5,0.0021207378432074138
intron,58566,4.563335710106031e-5,0.0021207378432074138
intron,61670,4.558118271469347e-5,0.0021207378432074138
intron,119391,4.5590108395776596e-5,0.0021207378432074138
intron,143953,4.561963181881623e-5,0.0021207378432074138
intron,79071,4.567656543263965e-5,0.002121378573701986
intron,153311,4.566772880898462e-5,0.002121378573701986
intron,66737,4.57747145257148e-5,0.0021246267824916796
intron,153624,4.577597074484352e-5,0.0021246267824916796
intron,103558,4.5851270748520356e-5,0.0021274370015546573
intron,52419,4.595556564312986e-5,0.002130219946865583
intron,75487,4.5955271376296736e-5,0.002130219946865583
intron,130227,4.592612001252938e-5,0.002130219946865583
intron,598,4.6056734541166655e-5,0.0021340955283035245
intron,63889,4.606877183221947e-5,0.0021340955283035245
intron,125714,4.608886990020711e-5,0.002134340931823753
intron,100326,4.61633993928956e-5,0.0021371060469506566
intron,142865,4.6191418262120365e-5,0.002137716897729651
intron,2042,4.6215749333500256e-5,0.002138156741782506
intron,63104,4.6282250611762166e-5,0.002140546669009104
intron,119606,4.637812051444534e-5,0.002144292922419564
intron,80240,4.643103196122489e-5,0.0021460512262924222
intron,141360,4.6514267517894226e-5,0.0021492095405168127
intron,100552,4.6735114870744e-5,0.0021587222005654645
intron,16758,4.680939200663037e-5,0.0021602972173986002
intron,51578,4.679924526174162e-5,0.0021602972173986002
intron,54135,4.681415468299477e-5,0.0021602972173986002
intron,155887,4.683050310538839e-5,0.0021603603203194954
intron,85519,4.684925082076852e-5,0.002160534030415915
intron,98505,4.696301622231225e-5,0.002164396190594753
intron,130450,4.695205045723849e-5,0.002164396190594753
intron,8484,4.698526192159491e-5,0.002164729605727616
intron,796,4.7012675504554124e-5,0.0021647919800187876
intron,18312,4.701663914663534e-5,0.0021647919800187876
intron,156247,4.7313786116109924e-5,0.002177778217186679
intron,129445,4.7347930115071435e-5,0.002178654421858362
intron,13490,4.742354895537204e-5,0.002181437870560554
intron,18290,4.7493613380522604e-5,0.002183964127794969
intron,153464,4.756715660558797e-5,0.002186648693854646
intron,14061,4.7616217607959754e-5,0.00218820646672755
intron,155981,4.772279850784322e-5,0.002192405735718556
intron,35096,4.784929133139215e-5,0.002197516800963716
intron,9946,4.7908990423617404e-5,0.0021995580331163945
intron,138891,4.79495434335675e-5,0.0022007192265832173
intron,133352,4.797591734273521e-5,0.0022012291162086593
intron,21412,4.800645841862572e-5,0.002201929818439809
intron,111343,4.8031994341668494e-5,0.0022024005748899804
intron,154952,4.8054056868140904e-5,0.002202711817795294
intron,139866,4.835655431878472e-5,0.0022158734123447687
intron,155687,4.856659486507375e-5,0.002224791278814387
intron,58376,4.8593036786614974e-5,0.002225295667160173
intron,96051,4.866662533031807e-5,0.0022272510437985333
intron,105400,4.866308609663417e-5,0.0022272510437985333
intron,97090,4.868613062170013e-5,0.0022274368142650735
intron,76273,4.875415083238632e-5,0.0022298413666622056
intron,124473,4.877305980244273e-5,0.0022299989330789027
intron,139794,4.886362070410932e-5,0.002233431426585576
intron,162594,4.890569797066924e-5,0.0022346463837947714
intron,61598,4.8931029119625435e-5,0.002235095633909986
intron,76274,4.8956193173577134e-5,0.0022355369692786693
intron,52420,4.8984769426940744e-5,0.0022361337906776965
intron,119602,4.9023115781809956e-5,0.0022371760941605912
intron,44704,4.90392640910553e-5,0.0022372050480160745
intron,57157,4.9109241363032297e-5,0.0022396889213278934
intron,116413,4.941545110803691e-5,0.0022529414979249695
intron,4025,4.946641841241384e-5,0.0022538400631908254
intron,102417,4.946483843948357e-5,0.0022538400631908254
intron,162776,4.949108237695121e-5,0.002254251584438725
intron,57858,4.963580404249157e-5,0.002260129584324465
intron,58727,4.974672693414117e-5,0.002264465357004955
intron,30696,4.980673545484926e-5,0.0022664815082794093
intron,155223,5.000906323771037e-5,0.0022749706568834386
intron,23450,5.005733401564072e-5,0.0022764484283801646
intron,130930,5.0094982501303065e-5,0.0022774423523220086
intron,5587,5.031892828477602e-5,0.002286182007297636
intron,148010,5.0307349269695933e-5,0.002286182007297636
intron,87734,5.034519148960914e-5,0.00228665481232821
intron,129295,5.043864054998792e-5,0.0022901779086247193
intron,145027,5.0499931465664005e-5,0.0022922390987941484
intron,155791,5.0671011374125996e-5,0.002299280848718876
intron,128369,5.0765719355250205e-5,0.002302853756232327
intron,21411,5.083307120345992e-5,0.002303970629981055
intron,125486,5.080854741523755e-5,0.002303970629981055
intron,155976,5.083827098961713e-5,0.002303970629981055
intron,46222,5.0975990974588825e-5,0.002309486248970321
intron,78882,5.1024466744875596e-5,0.002310956430866292
intron,48657,5.105122834225817e-5,0.0023114425386348584
intron,20624,5.1161261051646534e-5,0.0023156974176003742
intron,120328,5.119867447977988e-5,0.0023166637121762213
intron,37352,5.123085296654395e-5,0.0023172440223775434
intron,78358,5.124363718378433e-5,0.0023172440223775434
intron,17127,5.135071269768421e-5,0.0023209336675627584
intron,48031,5.135741907946745e-5,0.0023209336675627584
intron,115693,5.1398745247510647e-5,0.002322073576412208
intron,159852,5.1478752741918044e-5,0.00232495975466764
intron,93532,5.1670317539942445e-5,0.0023328808645843705
intron,695,5.1712246509350024e-5,0.0023340431713220152
intron,153189,5.175335024509842e-5,0.0023351675152674927
intron,16016,5.1844191725880506e-5,0.0023385346750747736
intron,154128,5.1873067907770576e-5,0.002339105535889891
intron,58060,5.189776770198051e-5,0.002339487773366522
intron,129991,5.219448843019059e-5,0.0023521283103289043
intron,131762,5.237777999078652e-5,0.0023596508963234465
intron,18716,5.2615425028657015e-5,0.0023696166761734984
intron,54738,5.264035197560801e-5,0.0023699991374793957
intron,4057,5.2692471584459e-5,0.0023716052589825465
intron,10649,5.2806011637374084e-5,0.002375973953257661
intron,45422,5.297590988151413e-5,0.0023824013370043946
intron,100317,5.298190162594807e-5,0.0023824013370043946
intron,80343,5.303674127521418e-5,0.002384123861931051
intron,16037,5.312371868582133e-5,0.002387289529612414
intron,115438,5.3153121574500695e-5,0.0023878667298735273
intron,28020,5.3253493995431e-5,0.0023916308341946804
intron,10299,5.354854682959598e-5,0.0023996504949209286
intron,16748,5.353913785499653e-5,0.0023996504949209286
intron,43852,5.3497442310646015e-5,0.0023996504949209286
intron,44936,5.349303977464359e-5,0.0023996504949209286
intron,46849,5.354286696979127e-5,0.0023996504949209286
intron,162548,5.347394122456883e-5,0.0023996504949209286
intron,163067,5.3508331192331227e-5,0.0023996504949209286
intron,118209,5.361423642313845e-5,0.002401602482341977
intron,162179,5.362541342057714e-5,0.002401602482341977
intron,2591,5.3683894403744326e-5,0.0024031471203899975
intron,93390,5.3693232796581114e-5,0.0024031471203899975
intron,130031,5.375137552998677e-5,0.0024050029820207267
intron,161215,5.378350047147151e-5,0.0024056939368763933
intron,54568,5.3852788621799874e-5,0.0024080462290802774
intron,112631,5.3901727048888404e-5,0.002409487400043103
intron,46336,5.3954748364670735e-5,0.002411110132452455
intron,123337,5.399397823768748e-5,0.0024121157434083638
intron,4026,5.426150165854793e-5,0.0024213549400695414
intron,34900,5.4318328729707765e-5,0.0024213549400695414
intron,55111,5.430612494949916e-5,0.0024213549400695414
intron,77711,5.430973052056309e-5,0.0024213549400695414
intron,112632,5.42710022524151e-5,0.0024213549400695414
intron,120546,5.4252004098698237e-5,0.0024213549400695414
intron,143061,5.427657420109533e-5,0.0024213549400695414
intron,39655,5.447822624260468e-5,0.0024277322533273462
intron,35778,5.4555376357345864e-5,0.0024296686715144455
intron,73434,5.455496516881819e-5,0.0024296686715144455
intron,109163,5.458699985472215e-5,0.002430326485967866
intron,61118,5.466300437428906e-5,0.0024329592196923157
intron,16786,5.475507158358983e-5,0.0024332773820949422
intron,18515,5.473750572104752e-5,0.0024332773820949422
intron,25837,5.4805140784042194e-5,0.0024332773820949422
intron,28320,5.479072600267365e-5,0.0024332773820949422
intron,61122,5.480339430730119e-5,0.0024332773820949422
intron,65953,5.4763243586997135e-5,0.0024332773820949422
intron,76321,5.4700632506232694e-5,0.0024332773820949422
intron,91332,5.4757100555691274e-5,0.0024332773820949422
intron,148349,5.4836458936113885e-5,0.002433918508402639
intron,124918,5.48548551433381e-5,0.0024339858755862637
intron,162592,5.492761958636461e-5,0.002436464853180831
intron,25363,5.505825265561537e-5,0.0024415084381021915
intron,45530,5.5118352545235894e-5,0.002443037559183807
intron,115518,5.512661810858077e-5,0.002443037559183807
intron,15330,5.51646517990001e-5,0.002443318895074665
intron,44298,5.518379580227162e-5,0.002443318895074665
intron,130041,5.51818766202361e-5,0.002443318895074665
intron,13893,5.52223138989838e-5,0.002444273855258059
intron,130036,5.530338272663471e-5,0.002447111050279169
intron,150566,5.5348219788475816e-5,0.0024483437825266047
intron,143753,5.537424898061083e-5,0.0024487440425473616
intron,144342,5.5438962356824106e-5,0.0024508542135470673
intron,57295,5.55143077141107e-5,0.002453432967370138
intron,127975,5.563817368159363e-5,0.002457753966318211
intron,163794,5.5646166275069575e-5,0.002457753966318211
intron,20745,5.5724823183611605e-5,0.002459023036703622
intron,105905,5.5715453033733375e-5,0.002459023036703622
intron,130033,5.572605548931353e-5,0.002459023036703622
intron,115700,5.589115673265699e-5,0.002465554003960314
intron,144107,5.59225454443979e-5,0.0024661842540979473
intron,93384,5.5987041381655445e-5,0.0024675193387910716
intron,112424,5.598432014553012e-5,0.0024675193387910716
intron,82430,5.604111447432558e-5,0.002469147875037907
intron,53496,5.6061739047930104e-5,0.0024693021389385634
intron,2043,5.609536600470477e-5,0.002470028838302431
intron,89538,5.624211508648003e-5,0.0024749791547989093
intron,105832,5.6231853438615254e-5,0.0024749791547989093
intron,61128,5.635453407992763e-5,0.002479169705937805
intron,23385,5.646617303478596e-5,0.0024814586568632424
intron,60757,5.6490045004631284e-5,0.0024814586568632424
intron,81710,5.64926027896151e-5,0.0024814586568632424
intron,100555,5.646381815582746e-5,0.0024814586568632424
intron,153318,5.645773253304398e-5,0.0024814586568632424
intron,2685,5.6599306665017224e-5,0.0024823650292707237
intron,37915,5.654523353526564e-5,0.0024823650292707237
intron,77015,5.659355506248964e-5,0.0024823650292707237
intron,80334,5.6591979214593024e-5,0.0024823650292707237
intron,153623,5.659161687132652e-5,0.0024823650292707237
intron,23073,5.663285815216135e-5,0.0024830813546818883
intron,47904,5.66699938595594e-5,0.0024839543478740065
intron,155579,5.6700949972565695e-5,0.0024845560293812767
intron,152314,5.684823701002095e-5,0.0024902532547096267
intron,152143,5.6881796592134215e-5,0.002490966669044002
intron,56673,5.695283086559755e-5,0.00249332024305866
intron,133694,5.700447303436107e-5,0.002494823685240093
intron,34430,5.7022763592984305e-5,0.0024948670113633152
intron,78157,5.707024973189423e-5,0.0024961872924134884
intron,55880,5.711569059152488e-5,0.0024974173417622886
intron,14782,5.720187109115038e-5,0.0024996697649822793
intron,104546,5.719000432957699e-5,0.0024996697649822793
intron,62205,5.7254692737318535e-5,0.0025008222471384163
intron,100017,5.726292801355726e-5,0.0025008222471384163
intron,2640,5.733003829622163e-5,0.002502995105232586
intron,78131,5.7496827342240486e-5,0.002509517245926899
intron,145028,5.757292070773801e-5,0.0025120781169442586
intron,58726,5.765532045454158e-5,0.002514912521714482
intron,89580,5.768364238289969e-5,0.002515387062930395
intron,78031,5.7787781626794654e-5,0.002519166452555978
intron,28506,5.7810303718319744e-5,0.0025193866631331926
intron,150527,5.784107579631659e-5,0.0025199661683865337
intron,369,5.7952778923731074e-5,0.0025217852716519274
intron,14531,5.790699983143632e-5,0.0025217852716519274
intron,91598,5.794406548675912e-5,0.0025217852716519274
intron,148009,5.7948584565092887e-5,0.0025217852716519274
intron,64653,5.8004640062447876e-5,0.0025220762229035986
intron,72783,5.8026275986722275e-5,0.0025220762229035986
intron,128932,5.799366432435171e-5,0.0025220762229035986
intron,148761,5.8029422341454584e-5,0.0025220762229035986
intron,14630,5.8065757961189846e-5,0.002522895076320971
intron,73796,5.813579297853089e-5,0.0025251771982093382
intron,39548,5.818310415817152e-5,0.0025264712138926347
intron,45587,5.8238990310988115e-5,0.002528136687470398
intron,24841,5.831824034885358e-5,0.0025308150725209533
intron,148351,5.8364382238274004e-5,0.0025320554962198496
intron,154893,5.8532247591003284e-5,0.0025385743844679133
intron,26498,5.8585249586906585e-5,0.0025401091663196144
intron,122169,5.869401644076344e-5,0.0025440601228954537
intron,135885,5.875236266428274e-5,0.0025458239070697782
intron,163152,5.8796749729861375e-5,0.002546981943014154
intron,76314,5.892147859543062e-5,0.0025516185176610398
intron,155541,5.9007746042283316e-5,0.0025545872211106425
intron,67623,5.9084825714039724e-5,0.0025571565011238075
intron,6494,5.917762415230676e-5,0.002558837956853098
intron,103471,5.918662311255041e-5,0.002558837956853098
intron,109527,5.91424251156214e-5,0.002558837956853098
intron,130037,5.9194653685756826e-5,0.002558837956853098
intron,150316,5.93316645937092e-5,0.0025639920156023443
intron,123374,5.9473900653195244e-5,0.002568683941937894
intron,152146,5.9475862351554554e-5,0.002568683941937894
intron,82856,5.9501822098129153e-5,0.002569035706378716
intron,138213,5.952145962018207e-5,0.0025691143751713844
intron,100850,5.964730698260201e-5,0.002573775941962923
intron,53981,5.978286919872122e-5,0.00257856918246873
intron,74878,5.979415247647779e-5,0.00257856918246873
intron,23074,5.9884195105608384e-5,0.0025816801565304837
intron,25436,5.994365183026318e-5,0.0025823362844554524
intron,82345,5.994449111512701e-5,0.0025823362844554524
intron,160437,5.9953135980617134e-5,0.0025823362844554524
intron,133612,6.006096661803628e-5,0.0025862083646124687
intron,91533,6.00861329933533e-5,0.0025865196956932836
intron,28017,6.0127391001252306e-5,0.0025875233285937308
intron,95516,6.0185683546931656e-5,0.0025892592086075097
intron,138212,6.023563927848308e-5,0.002590635500576263
intron,104599,6.044421728046423e-5,0.002598831020084647
intron,2045,6.0766407331991346e-5,0.0026119050080847914
intron,18719,6.0786125625655885e-5,0.0026119740220795465
intron,23266,6.0890648387990076e-5,0.002615685949385429
intron,49095,6.114358118114449e-5,0.0026247800982470287
intron,74695,6.115223248692736e-5,0.0026247800982470287
intron,153622,6.11569558350844e-5,0.0026247800982470287
intron,16276,6.12158784127903e-5,0.002626527277082193
intron,4059,6.1294405721668e-5,0.002626884065292934
intron,10662,6.126317810672965e-5,0.002626884065292934
intron,110942,6.126084524216147e-5,0.002626884065292934
intron,141395,6.129705825452803e-5,0.002626884065292934
intron,100848,6.132352856735857e-5,0.0026272376958149366
intron,76344,6.143860856810957e-5,0.0026301189870850464
intron,80363,6.143772982247775e-5,0.0026301189870850464
intron,92577,6.144549756592621e-5,0.0026301189870850464
intron,50631,6.153370246941847e-5,0.0026323318398123493
intron,74603,6.152012651727823e-5,0.0026323318398123493
intron,49024,6.16256423131567e-5,0.0026354830963978017
intron,104603,6.173585434421369e-5,0.002638631401131009
intron,109166,6.172626512457313e-5,0.002638631401131009
intron,162593,6.181643510072554e-5,0.002641292638983801
intron,34632,6.188325348899237e-5,0.002643364435985522
intron,32821,6.202967114898872e-5,0.0026457003216155623
intron,60615,6.197746813252358e-5,0.0026457003216155623
intron,76234,6.202023845280902e-5,0.0026457003216155623
intron,130929,6.200077429263651e-5,0.0026457003216155623
intron,147071,6.19977814220185e-5,0.0026457003216155623
intron,51466,6.208459473189265e-5,0.002647259950473697
intron,53518,6.210740826317895e-5,0.002647449903460907
intron,4055,6.218691943882249e-5,0.002650055878107055
intron,45531,6.220970372683432e-5,0.0026502436470710773
intron,139572,6.229746119545965e-5,0.002653198460311178
intron,83105,6.237842002676519e-5,0.0026558620657808466
intron,54187,6.245040129915225e-5,0.0026581419776112304
intron,56515,6.251460293060784e-5,0.002660089508649798
intron,17909,6.266659538944896e-5,0.002665662652933907
intron,100508,6.268254700603215e-5,0.002665662652933907
intron,25132,6.273840701020994e-5,0.002667251609587661
intron,124638,6.277349162675527e-5,0.002667956648104774
intron,88727,6.28900730539339e-5,0.00267212397315517
intron,58468,6.300325714780897e-5,0.002676144537117552
intron,24160,6.302754266163113e-5,0.0026763877634292817
intron,115705,6.308422537915082e-5,0.002677495167810279
intron,140311,6.309075551269583e-5,0.002677495167810279
intron,130270,6.312176103961953e-5,0.002678022887390531
intron,22482,6.31455807628134e-5,0.002678245519136186
intron,7913,6.334977091748684e-5,0.0026861159702140616
intron,64933,6.338904567559922e-5,0.002686991213915678
intron,140310,6.358480911394793e-5,0.002694497375226297
intron,136304,6.379823479951696e-5,0.002702747369487057
intron,155462,6.387566300425362e-5,0.0027052328149352136
intron,119532,6.400461727995577e-5,0.0027098983687876047
intron,30699,6.404478713939454e-5,0.002710462169886856
intron,71246,6.405552487032118e-5,0.002710462169886856
intron,53610,6.413484326672769e-5,0.0027121065619392613
intron,90143,6.415080740029833e-5,0.0027121065619392613
intron,107528,6.412783433173974e-5,0.0027121065619392613
intron,148482,6.418425017939988e-5,0.002712725136465627
intron,127174,6.421868033279488e-5,0.00271338506731654
intron,145009,6.43686832253465e-5,0.0027189263918797725
intron,80342,6.454504121899962e-5,0.002725577381864796
intron,120665,6.457210698396221e-5,0.0027259220819192734
intron,79075,6.472595502915457e-5,0.0027316171486360236
intron,10670,6.480749722748147e-5,0.002732647379715329
intron,58723,6.477221190126503e-5,0.002732647379715329
intron,63995,6.481005217273683e-5,0.002732647379715329
intron,149995,6.482616437486488e-5,0.002732647379715329
intron,89715,6.489441804258256e-5,0.0027347251147477217
intron,23776,6.495580823151492e-5,0.0027365124854344352
intron,153144,6.49986024241489e-5,0.002737515613253283
intron,81662,6.505669875123132e-5,0.0027391624399470994
intron,141361,6.509192583659118e-5,0.0027398456944300363
intron,81738,6.5269461461126e-5,0.002746516845323781
intron,61911,6.534806574820529e-5,0.0027482206233162554
intron,125209,6.53460755786206e-5,0.0027482206233162554
intron,24756,6.538510534681574e-5,0.002748976643366839
intron,76466,6.543383689239235e-5,0.0027502236423028923
intron,83137,6.54557825314761e-5,0.002750344414777557
intron,81661,6.555635510041569e-5,0.0027537679289151313
intron,160220,6.566906941740669e-5,0.0027576993283273056
intron,25814,6.601783346471546e-5,0.002771538198092059
intron,17894,6.616018996075113e-5,0.002776706203047159
intron,77021,6.626055319347568e-5,0.002780109279712408
intron,162711,6.629367545984977e-5,0.002780689952599929
intron,146901,6.631335303297625e-5,0.0027807065137616764
intron,148764,6.634094323154649e-5,0.0027810547676138443
intron,2103,6.649619013276986e-5,0.002786752714465662
intron,138192,6.654709246611823e-5,0.0027880757011218803
intron,26755,6.68995473200873e-5,0.0028020281790263803
intron,77020,6.692598971003161e-5,0.002802321776456019
intron,36934,6.703240273564504e-5,0.0028059627579968545
intron,46352,6.70565085048036e-5,0.0028061572611585064
intron,108962,6.710348523675247e-5,0.0028071079482446942
intron,120994,6.711815796422993e-5,0.0028071079482446942
intron,73625,6.741113859187742e-5,0.0028185439440182275
intron,37821,6.744806561620464e-5,0.002819270492265514
intron,83197,6.76557426646518e-5,0.002827131753822498
intron,21546,6.76979937485056e-5,0.002827618906869243
intron,58511,6.770661677601986e-5,0.002827618906869243
intron,62060,6.776004004616087e-5,0.002828582312380986
intron,100517,6.776891474946645e-5,0.002828582312380986
intron,23925,6.787320415568843e-5,0.002832115495277593
intron,2688,6.804607189447864e-5,0.002838507344427851
intron,128877,6.81559123996145e-5,0.0028422671079847335
intron,61829,6.825367608809252e-5,0.002845521210649193
intron,42917,6.832171119253161e-5,0.0028467116457501895
intron,123168,6.831178780730696e-5,0.0028467116457501895
intron,45421,6.836286012790183e-5,0.002847603399903044
intron,17151,6.85348952145226e-5,0.002853945028645874
intron,2363,6.867132264498643e-5,0.0028588006422244684
intron,149084,6.881900989985645e-5,0.0028641220665594803
intron,53462,6.886710033415788e-5,0.0028652965775787377
intron,155772,6.891354407567718e-5,0.0028664019182351253
intron,131632,6.908122328108668e-5,0.0028725478563136294
intron,41143,6.910283590655375e-5,0.002872618235104179
intron,138988,6.91698756534187e-5,0.0028745764433292654
intron,162676,6.92718911459167e-5,0.002877986633961167
intron,19178,6.934362857702325e-5,0.0028801372828936612
intron,100847,6.939159196983624e-5,0.0028812995402229128
intron,3282,6.941225029799547e-5,0.0028813276852973613
intron,27728,6.95511090151868e-5,0.0028862609432382855
intron,162806,6.961785438686086e-5,0.002888199633937297
intron,71244,6.968543546026496e-5,0.0028897675903257615
intron,110083,6.969572683124259e-5,0.0028897675903257615
intron,7170,6.983077090805256e-5,0.0028938241571754074
intron,50593,6.983369785773519e-5,0.0028938241571754074
intron,5631,7.009912137778684e-5,0.0029023209866570507
intron,39410,7.006703792533653e-5,0.0029023209866570507
intron,53465,7.008322260149136e-5,0.0029023209866570507
intron,22090,7.04397270818724e-5,0.0029149260663390362
intron,114000,7.044399606948026e-5,0.0029149260663390362
intron,27591,7.053715814619999e-5,0.0029179437649997303
intron,132931,7.064173182724787e-5,0.0029214316666509705
intron,78572,7.095896790765277e-5,0.0029337098294320192
intron,161289,7.098394561744215e-5,0.0029339013601761194
intron,115134,7.105039434596172e-5,0.0029358063660309746
intron,118608,7.113687772286603e-5,0.002938537876190588
intron,160779,7.125022592402441e-5,0.0029423772422181526
intron,110084,7.134664375496591e-5,0.002945515446885877
intron,59208,7.13883652795344e-5,0.0029457057023440348
intron,151908,7.139210599826917e-5,0.0029457057023440348
intron,112338,7.143817920518547e-5,0.002946763589428542
intron,46226,7.155481018539245e-5,0.0029507304868186695
intron,139185,7.157655395917395e-5,0.0029507833381333896
intron,144101,7.161741808636712e-5,0.0029516241811891235
intron,48134,7.18076959871361e-5,0.0029578396228943254
intron,124962,7.18092500346934e-5,0.0029578396228943254
intron,45209,7.203436083469406e-5,0.0029662647266958096
intron,130928,7.207724646973723e-5,0.002967183408981272
intron,84620,7.210498758003503e-5,0.002967474169987857
intron,118843,7.212546523960306e-5,0.002967474169987857
intron,158539,7.21481709957672e-5,0.0029675616927514552
intron,121420,7.261156625748555e-5,0.0029857702125158877
intron,119262,7.274050550487576e-5,0.002990219520336836
intron,135579,7.276801471678418e-5,0.0029904978906421477
intron,114270,7.280678375742866e-5,0.002990843949676185
intron,126795,7.281791526980719e-5,0.002990843949676185
intron,25319,7.288756575940525e-5,0.0029928522766134833
intron,35362,7.298188958648755e-5,0.0029948955019041988
intron,45204,7.299963031748291e-5,0.0029948955019041988
intron,140353,7.299848232200645e-5,0.0029948955019041988
intron,135055,7.308379028114764e-5,0.0029974954906352267
intron,140569,7.31643111684388e-5,0.0029999447883614027
intron,16742,7.323362915956366e-5,0.003001933473625127
intron,41223,7.328199681211345e-5,0.003002836083000258
intron,45586,7.331811804034416e-5,0.003002836083000258
intron,118844,7.329991950455472e-5,0.003002836083000258
intron,3745,7.341534211335876e-5,0.0030059642930554023
intron,74847,7.358879878283098e-5,0.0030113191159194573
intron,123381,7.356922491019713e-5,0.0030113191159194573
intron,127303,7.360876991835408e-5,0.0030113191159194573
intron,56560,7.372920331671917e-5,0.003015390590667647
intron,2445,7.408620550775069e-5,0.0030282736501293095
intron,115406,7.407452455532315e-5,0.0030282736501293095
intron,130323,7.413064106931433e-5,0.00302894511465654
intron,155540,7.414464106969554e-5,0.00302894511465654
intron,51800,7.41928996813579e-5,0.0030300581943782435
intron,73421,7.433796770772716e-5,0.003035123247233355
intron,17872,7.483216627024447e-5,0.003054435947164773
intron,27788,7.492507188944231e-5,0.0030573627170234316
intron,158378,7.499138470912214e-5,0.003059203002757674
intron,12592,7.508693251812026e-5,0.0030622345242196183
intron,46216,7.513973144113173e-5,0.003063521417000646
intron,35273,7.517081359598166e-5,0.0030639224183820596
intron,2692,7.519466208272263e-5,0.003064028435988466
intron,129158,7.522940970516867e-5,0.0030645783856930106
intron,41497,7.534984719892446e-5,0.00306861773934349
intron,123363,7.543246299823725e-5,0.0030711149609223038
intron,158412,7.547925960627033e-5,0.003072152861993064
intron,97114,7.550062194505713e-5,0.0030721552451554324
intron,130035,7.567067330094268e-5,0.0030782061451929596
intron,60951,7.573060068732929e-5,0.003079775164500196
intron,96855,7.603333670491708e-5,0.003091214938315753
intron,40053,7.607102873596894e-5,0.0030918756597880137
intron,20118,7.621426404613718e-5,0.0030959522183947336
intron,81676,7.620436768340788e-5,0.0030959522183947336
intron,23774,7.626528159199175e-5,0.0030971522000947213
intron,46344,7.646376887049389e-5,0.003104338602901833
intron,25682,7.656181992699018e-5,0.003107444516243026
intron,41036,7.667113888198962e-5,0.003111005887663218
intron,130447,7.674376614796863e-5,0.0031130768733896234
intron,130060,7.680173478519237e-5,0.0031145522407672204
intron,108871,7.682984147427963e-5,0.00311481612299169
intron,9877,7.694806284264111e-5,0.003118732236747821
intron,17230,7.700010970501658e-5,0.003119964827263649
intron,155565,7.710588071541125e-5,0.0031233729607660983
intron,160780,7.74813470578728e-5,0.0031377008186393323
intron,139571,7.757452348799987e-5,0.003140592169745648
intron,15329,7.77434788794551e-5,0.003146548935944311
intron,159925,7.780864826201217e-5,0.0031483029573288407
intron,30401,7.797884356164353e-5,0.003153493828111315
intron,150064,7.798067355291316e-5,0.003153493828111315
intron,75596,7.80119843954985e-5,0.0031538755911751197
intron,139008,7.803700402209124e-5,0.003154002869678731
intron,5709,7.807936042658614e-5,0.0031548305769225856
intron,96509,7.810340306613206e-5,0.003154918052088993
intron,96288,7.81397204860923e-5,0.003155501168338816
intron,21113,7.84763188158566e-5,0.0031678306719963457
intron,61899,7.851093789978947e-5,0.0031678306719963457
intron,77145,7.85106339260544e-5,0.0031678306719963457
intron,156074,7.854984412991595e-5,0.0031685139503336477
intron,32581,7.864677400049036e-5,0.0031715367277093715
intron,15366,7.868160064838925e-5,0.003172054119290542
intron,83119,7.873343618713946e-5,0.003173256744616775
intron,47832,7.87864528191129e-5,0.003174506287143284
intron,62905,7.891002894111487e-5,0.003178597358522724
intron,49096,7.90777402150944e-5,0.0031844634691980222
intron,56045,7.930481218987318e-5,0.003192716094769693
intron,152962,7.952713517545007e-5,0.003200772978578322
intron,597,7.980895255021991e-5,0.00321032346454939
intron,129866,7.979654543199821e-5,0.00321032346454939
intron,80368,7.987765656258805e-5,0.003212191081963507
intron,40052,8.002116321215169e-5,0.0032161683063920733
intron,53057,8.000206738967286e-5,0.0032161683063920733
intron,127588,8.00974946613131e-5,0.003218339206638055
intron,58915,8.024266811212932e-5,0.0032214795212822476
intron,83603,8.023606333651401e-5,0.0032214795212822476
intron,140851,8.020790915674869e-5,0.0032214795212822476
intron,27018,8.033737017565379e-5,0.0032243838410577525
intron,78615,8.037447412645449e-5,0.003224975456414475
intron,157319,8.04020569549202e-5,0.0032251848198325945
intron,117781,8.043502468924046e-5,0.003225610012614377
intron,34380,8.052422550719474e-5,0.0032282894044248075
intron,4262,8.05575538513903e-5,0.003228727951152707
intron,33136,8.061711413986927e-5,0.003230217332250105
intron,55840,8.06677748519391e-5,0.0032313493911315504
intron,48710,8.073113490292272e-5,0.003232091829801715
intron,163059,8.071891412742005e-5,0.003232091829801715
intron,55113,8.080723060799322e-5,0.003234240439713261
intron,155252,8.090247417125163e-5,0.0032371540213134526
intron,141307,8.098406741341435e-5,0.0032395199471529105
intron,71247,8.106999305046436e-5,0.0032420578169241026
intron,33139,8.109633065234156e-5,0.0032422119640649347
intron,7173,8.112474015209425e-5,0.0032424488367829977
intron,83560,8.115029549649044e-5,0.0032425715330181206
intron,53474,8.119108199711178e-5,0.003243302593229224
intron,20329,8.127992414241891e-5,0.003245952373526947
intron,55809,8.133757618278281e-5,0.0032473554398091257
intron,73993,8.140418454738452e-5,0.003249115206483443
intron,86944,8.14972908630418e-5,0.003251931329133002
intron,124459,8.170448098088201e-5,0.0032584193230930005
intron,129446,8.170507861826604e-5,0.0032584193230930005
intron,24931,8.182273828638564e-5,0.003262209460897101
intron,56926,8.18937230047112e-5,0.003264137123643004
intron,10305,8.210322567581141e-5,0.003269776267614398
intron,35516,8.209297047157005e-5,0.003269776267614398
intron,60255,8.208074637638951e-5,0.003269776267614398
intron,2261,8.220079815846049e-5,0.0032727582827269774
intron,49043,8.227859714571295e-5,0.00327404791903748
intron,139977,8.22732450251884e-5,0.00327404791903748
intron,154650,8.236736297884129e-5,0.0032766759484385557
intron,78129,8.239847610336248e-5,0.0032770096644891326
intron,112000,8.247733938171464e-5,0.003279241709462069
intron,33019,8.256692982500091e-5,0.0032818989110457294
intron,93298,8.280047651698652e-5,0.0032884627697838268
intron,137232,8.276180155597501e-5,0.0032884627697838268
intron,152145,8.278004580208886e-5,0.0032884627697838268
intron,83973,8.313332124898487e-5,0.0032998642602125963
intron,111542,8.312728565074146e-5,0.0032998642602125963
intron,33739,8.318911933424822e-5,0.0033011704270319024
intron,130330,8.323976547930378e-5,0.0033022714884385035
intron,5392,8.338961011589152e-5,0.0033045796938670977
intron,39197,8.336319969004524e-5,0.0033045796938670977
intron,77411,8.338904873017583e-5,0.0033045796938670977
intron,83198,8.332861606186182e-5,0.0033045796938670977
intron,37916,8.344647003233341e-5,0.0033051424158249934
intron,95321,8.346249443680342e-5,0.0033051424158249934
intron,111795,8.347256844976059e-5,0.0033051424158249934
intron,81743,8.359205820696047e-5,0.0033089651215622152
intron,8481,8.363392940780034e-5,0.0033097140664409067
intron,156089,8.373657482985131e-5,0.003312867008638784
intron,31255,8.378351779203541e-5,0.003312906430007143
intron,121422,8.378043794254886e-5,0.003312906430007143
intron,10895,8.393472510448419e-5,0.0033170662929959856
intron,61953,8.391208881619594e-5,0.0033170662929959856
intron,42168,8.400504396810504e-5,0.0033189357193174037
intron,35774,8.420323555569098e-5,0.003324182890215036
intron,74873,8.417305623575899e-5,0.003324182890215036
intron,93846,8.4276163061614e-5,0.003324182890215036
intron,101396,8.424995181188777e-5,0.003324182890215036
intron,113398,8.426142326478647e-5,0.003324182890215036
intron,154954,8.425551683821642e-5,0.003324182890215036
intron,14776,8.43790637959918e-5,0.0033255989020406712
intron,25029,8.438124628185051e-5,0.0033255989020406712
intron,82585,8.437364181945739e-5,0.0033255989020406712
intron,121975,8.463376155576352e-5,0.0033346395772327845
intron,60924,8.473135863606984e-5,0.0033357507602598205
intron,121859,8.473087058813444e-5,0.0033357507602598205
intron,128365,8.468839432584918e-5,0.0033357507602598205
intron,22118,8.49927905903769e-5,0.0033451297359897605
intron,13717,8.506555696075058e-5,0.003347080156245282
intron,76319,8.508980072607919e-5,0.003347120811049018
intron,34539,8.52392656514045e-5,0.003352085841775863
intron,46349,8.526840019684734e-5,0.003352317390181779
intron,114139,8.55884802961615e-5,0.0033639841859003984
intron,27602,8.56134156395072e-5,0.0033640473648845815
intron,77406,8.567502709733166e-5,0.0033655512483314917
intron,16755,8.592519866990056e-5,0.003374459456587786
intron,79620,8.608082049677002e-5,0.003379650661959628
intron,1431,8.616636644853681e-5,0.0033820885156353154
intron,142018,8.620979778140025e-5,0.0033828724649421463
intron,44937,8.624581894023375e-5,0.003383365291598011
intron,2687,8.650940564691734e-5,0.003392782665250206
intron,20740,8.657486434771045e-5,0.003394426716419326
intron,5481,8.674256196783414e-5,0.0033976079383293825
intron,6976,8.671300485707523e-5,0.0033976079383293825
intron,34693,8.675024394744213e-5,0.0033976079383293825
intron,62916,8.668759111185587e-5,0.0033976079383293825
intron,80816,8.704414989779696e-5,0.0034075674827624748
intron,114811,8.7051797807991e-5,0.0034075674827624748
intron,62771,8.720884415092112e-5,0.003412788545039859
intron,163037,8.727031124144968e-5,0.0034142674371122447
intron,43760,8.732049095216965e-5,0.0034153040517329886
intron,65712,8.73839386464903e-5,0.003416858904662263
intron,9879,8.742906818459684e-5,0.003417204734411962
intron,162712,8.744017606621135e-5,0.003417204734411962
intron,26925,8.747025308730727e-5,0.0034174540197673586
intron,99635,8.752020261015847e-5,0.003418479376436382
intron,31410,8.755135243276868e-5,0.0034187700731850186
intron,105835,8.762695941655352e-5,0.003419870348195652
intron,136909,8.761113365163276e-5,0.003419870348195652
intron,63886,8.782084666436596e-5,0.003426509966160233
intron,155197,8.788265677606155e-5,0.0034279941265094697
intron,79226,8.804256289685064e-5,0.0034333028306290266
intron,137327,8.80795479810681e-5,0.003433816538444414
intron,54828,8.843469555586125e-5,0.0034467303086551577
intron,80897,8.847459205774122e-5,0.003447353552248227
intron,126088,8.853303097189347e-5,0.003448698756716327
intron,116629,8.868044492227334e-5,0.003452575842577287
intron,160451,8.865898549159645e-5,0.003452575842577287
intron,112041,8.883191922115508e-5,0.003457539696390043
intron,37820,8.887248068367715e-5,0.0034581850571913197
intron,78527,8.890770602287823e-5,0.003458622487844942
intron,43678,8.893667990128584e-5,0.003458816558393939
intron,110282,8.908022333486976e-5,0.0034634650219605182
intron,30694,8.922593083682262e-5,0.0034653928920510848
intron,33806,8.921737071543312e-5,0.0034653928920510848
intron,131358,8.91787541525968e-5,0.0034653928920510848
intron,155230,8.92033569617201e-5,0.0034653928920510848
intron,130040,8.929660805723216e-5,0.0034672040813433706
intron,25438,8.936426009131804e-5,0.0034688968654074566
intron,41422,8.950930502416021e-5,0.0034721338624961583
intron,79076,8.951988253524945e-5,0.0034721338624961583
intron,87591,8.951698986092715e-5,0.0034721338624961583
intron,57227,8.974391806026993e-5,0.003479887386855968
intron,6326,8.985353441604005e-5,0.0034832012466488945
intron,141414,9.012336825731104e-5,0.003492722538640702
intron,5707,9.022497030186649e-5,0.0034951940166602765
intron,46192,9.023561494259091e-5,0.0034951940166602765
intron,23927,9.027689936413896e-5,0.003495854142482381
intron,100509,9.034315115707958e-5,0.003497480482928584
intron,39625,9.037554012569782e-5,0.0034977953609518267
intron,1358,9.049890386769732e-5,0.0034987845210262426
intron,2686,9.051499094514526e-5,0.0034987845210262426
intron,50284,9.044474571262562e-5,0.0034987845210262426
intron,91862,9.052240909213083e-5,0.0034987845210262426
intron,144498,9.045949731878444e-5,0.0034987845210262426
intron,41202,9.059767708241573e-5,0.0034998231396009953
intron,102219,9.059781966291869e-5,0.0034998231396009953
intron,4678,9.065335027957921e-5,0.0035010304455723837
intron,17319,9.073496776879075e-5,0.0035023066105551413
intron,55997,9.073017716620946e-5,0.0035023066105551413
intron,137231,9.079729535244052e-5,0.003503774570749101
intron,162783,9.084738299680595e-5,0.0035047695451632947
intron,148008,9.109378379656974e-5,0.0035133354586659353
intron,70645,9.149089839988189e-5,0.0035267853335388664
intron,113332,9.149142505404662e-5,0.0035267853335388664
intron,56553,9.158177465817818e-5,0.0035279280616220044
intron,105829,9.159446256223891e-5,0.0035279280616220044
intron,107039,9.158169541634287e-5,0.0035279280616220044
intron,72780,9.177848811203759e-5,0.0035340722123291335
intron,122747,9.18041174096107e-5,0.0035341154189235794
intron,131925,9.191110175743589e-5,0.003537289632008155
intron,111997,9.199217162958462e-5,0.003539465073155686
intron,137575,9.202320279366738e-5,0.0035397145919622277
intron,30741,9.218331474769581e-5,0.003544927805285592
intron,66502,9.233919510709399e-5,0.003549975555534178
intron,23451,9.239305725505798e-5,0.00355015337265658
intron,27020,9.237954898067002e-5,0.00355015337265658
intron,50295,9.259326749733177e-5,0.003556898595095291
intron,95858,9.268199767509255e-5,0.0035593579918224327
intron,132927,9.270665513660958e-5,0.0035593579918224327
intron,60507,9.27791770332087e-5,0.0035611942460548117
intron,8400,9.294932220638152e-5,0.0035667756539158224
intron,46228,9.30519993236345e-5,0.003569765806454738
intron,24605,9.313008905409426e-5,0.0035718113702722792
intron,140338,9.323905234892571e-5,0.0035750396229942915
intron,33760,9.32801508453096e-5,0.0035756647296516647
intron,28893,9.344097155117304e-5,0.003580877540387991
intron,25836,9.350004380048738e-5,0.003581237932625998
intron,47204,9.349369474931368e-5,0.003581237932625998
intron,44458,9.360778582823137e-5,0.003583852385301455
intron,75686,9.364285913870951e-5,0.003583852385301455
intron,111434,9.361865735890706e-5,0.003583852385301455
intron,31490,9.398937431059906e-5,0.0035961596447886867
intron,54412,9.420539917170956e-5,0.0036034689650808276
intron,32173,9.445520167994381e-5,0.0036120661014743187
intron,120105,9.454726420965454e-5,0.0036146281362358567
intron,23301,9.459737965378245e-5,0.0036155855626114515
intron,25366,9.483711534885586e-5,0.0036237879949953516
intron,25434,9.510454512917654e-5,0.0036320818695559217
intron,63105,9.509303423982374e-5,0.0036320818695559217
intron,58172,9.527945045839648e-5,0.0036377981763976645
intron,16804,9.53051921958048e-5,0.0036378178536210755
intron,62909,9.53890934372037e-5,0.0036400568926432475
intron,44780,9.55777379323397e-5,0.0036462907021187593
intron,23926,9.564238586934337e-5,0.0036473845014630647
intron,31520,9.565699435210018e-5,0.0036473845014630647
intron,48336,9.573420536890254e-5,0.003648399194934812
intron,94647,9.571903304272933e-5,0.003648399194934812
intron,2443,9.609158434975562e-5,0.0036610512825165677
intron,85760,9.630639641100558e-5,0.0036677608788717483
intron,130566,9.631855907332731e-5,0.0036677608788717483
intron,82149,9.644175601464244e-5,0.003671130840572158
intron,158952,9.645797190793726e-5,0.003671130840572158
intron,87299,9.65878939617193e-5,0.0036751056529123103
intron,132121,9.665311565076884e-5,0.0036766172114614673
intron,155224,9.703423668483424e-5,0.003690141394939317
intron,93069,9.709038022021055e-5,0.003691303047829133
intron,139970,9.721575908117064e-5,0.0036950956694302515
intron,160838,9.728797618679952e-5,0.003696866187607325
intron,18311,9.7359900612215e-5,0.0036986246542638802
intron,60614,9.776884565759758e-5,0.0037122042985111045
intron,111519,9.775655345944934e-5,0.0037122042985111045
intron,116976,9.779472376392206e-5,0.0037122094577056886
intron,91479,9.786848201454035e-5,0.003714031627860742
intron,110999,9.805635166104665e-5,0.0037201821373282176
intron,41201,9.819934608756853e-5,0.0037239445772045267
intron,42156,9.823299265421248e-5,0.0037239445772045267
intron,160777,9.82101144644254e-5,0.0037239445772045267
intron,101358,9.856095465332615e-5,0.0037353954238350077
intron,24786,9.861252413922994e-5,0.003736367910810807
intron,122088,9.873864923837239e-5,0.0037401640112209003
intron,15747,9.883403558053061e-5,0.0037418114384251975
intron,73806,9.883023996315465e-5,0.0037418114384251975
intron,112822,9.898064629276782e-5,0.0037463784934228784
intron,78616,9.916690306588372e-5,0.003752443345689292
intron,7916,9.930031406391038e-5,0.00375493915934431
intron,33740,9.928769307721019e-5,0.00375493915934431
intron,111516,9.931097626147967e-5,0.00375493915934431
intron,7938,9.94318057637722e-5,0.003758115036643624
intron,162786,9.944709327447399e-5,0.003758115036643624
intron,79250,9.955888464396878e-5,0.003761353963283418
intron,123361,9.966447550635582e-5,0.003764356998256955
intron,146370,9.97139708820427e-5,0.0037652402720572743
intron,31144,9.978216589434652e-5,0.0037668290044832534
intron,125487,9.990125083758628e-5,0.003770337524086837
intron,61131,9.998330832061697e-5,0.003771660211290691
intron,153642,1.0000629862139121e-4,0.003771660211290691
intron,161166,1.0001476105858664e-4,0.003771660211290691
intron,131547,1.0026129338780443e-4,0.0037799687151830364
intron,82823,1.0033267910269927e-4,0.0037816713683645983
intron,130196,1.004116671228239e-4,0.0037826711809772896
intron,140636,1.0038710973381271e-4,0.0037826711809772896
intron,132093,1.0043958517846896e-4,0.003782734724427128
intron,50004,1.0049013937429851e-4,0.0037836505296995992
intron,141959,1.0073915419606116e-4,0.003792036337549306
intron,6935,1.0094440000030236e-4,0.0037987706395729653
intron,65760,1.0099496880644487e-4,0.0037992913812712257
intron,93463,1.010109298147377e-4,0.0037992913812712257
intron,7071,1.011465684913615e-4,0.0038034010958106304
intron,10667,1.0160965505812136e-4,0.0038198184376867853
intron,106216,1.0168308517366498e-4,0.0038215826592751384
intron,44939,1.0182492789234665e-4,0.003825916460805532
intron,6031,1.0185346904989512e-4,0.0038259919800151666
intron,3686,1.0201663446940401e-4,0.0038311231268045166
intron,37553,1.0217836502279809e-4,0.0038361977310186523
intron,5927,1.02581398521151e-4,0.0038464992984236688
intron,19114,1.0258611788427352e-4,0.0038464992984236688
intron,74391,1.0252755460160579e-4,0.0038464992984236688
intron,137710,1.0253481502897621e-4,0.0038464992984236688
intron,152231,1.0256091318816551e-4,0.0038464992984236688
intron,33736,1.0262211109912656e-4,0.0038468486548665828
intron,83104,1.0271628976799008e-4,0.0038490960981312915
intron,91571,1.0274821534217438e-4,0.0038490960981312915
intron,120751,1.0276214038018594e-4,0.0038490960981312915
intron,112095,1.0287120461227595e-4,0.0038521806812574595
intron,77727,1.0304185152865131e-4,0.003855567276438043
intron,85821,1.030326120327052e-4,0.003855567276438043
intron,93295,1.030224212166253e-4,0.003855567276438043
intron,19320,1.0325297291036151e-4,0.0038624647119285347
intron,97098,1.0332368289578397e-4,0.0038641074531515353
intron,85854,1.0336017854473134e-4,0.003864470123774973
intron,20299,1.0340678408637949e-4,0.003865210500970588
intron,104970,1.0366358816127352e-4,0.0038732060498823232
intron,163039,1.0367440798675354e-4,0.0038732060498823232
intron,91731,1.037784817088383e-4,0.0038760900056426946
intron,117280,1.0393654660401097e-4,0.0038809884971840007
intron,76583,1.0406290566300491e-4,0.003884700863822146
intron,32823,1.0415299005017697e-4,0.003887057514535681
intron,3247,1.0423078767196614e-4,0.0038887254917900614
intron,48329,1.0425161574167952e-4,0.0038887254917900614
intron,576,1.0435836037991919e-4,0.0038913442151030744
intron,98500,1.043757891365793e-4,0.0038913442151030744
intron,13011,1.0453098466733923e-4,0.0038927511930792603
intron,13207,1.0454849883012596e-4,0.0038927511930792603
intron,46665,1.0453376571861739e-4,0.0038927511930792603
intron,69258,1.0446747051184868e-4,0.0038927511930792603
intron,76627,1.0452660096404998e-4,0.0038927511930792603
intron,399,1.0461151764951104e-4,0.003894092185256334
intron,85708,1.0486968097866978e-4,0.0039024161282265805
intron,127330,1.0488925581286779e-4,0.0039024161282265805
intron,16342,1.0492702477327143e-4,0.003902814408428979
intron,13560,1.0520981087602799e-4,0.003911487158472049
intron,124253,1.0521443957445253e-4,0.003911487158472049
intron,31143,1.053754301238996e-4,0.003915453401668949
intron,143046,1.0535592508709168e-4,0.003915453401668949
intron,32977,1.0548136988774992e-4,0.003918380192530333
intron,81432,1.0557106133490812e-4,0.003918965908083045
intron,93294,1.0560584103969095e-4,0.003918965908083045
intron,95642,1.0559602998116979e-4,0.003918965908083045
intron,111570,1.0559622302763749e-4,0.003918965908083045
intron,22536,1.0569921096204027e-4,0.003921421691588099
intron,143677,1.0577618777107833e-4,0.0039232681867036765
intron,104225,1.0590988940673007e-4,0.003927217130798746
intron,2641,1.0611744278565816e-4,0.003929382291049893
intron,24928,1.0604349285237014e-4,0.003929382291049893
intron,57296,1.0615878890196662e-4,0.003929382291049893
intron,76783,1.0604015037007919e-4,0.003929382291049893
intron,133146,1.0615901728716626e-4,0.003929382291049893
intron,150564,1.0610409780675845e-4,0.003929382291049893
intron,160218,1.060938480450524e-4,0.003929382291049893
intron,40114,1.0639244314503138e-4,0.003937011816426877
intron,42897,1.0678748883385936e-4,0.003950616573182237
intron,43144,1.0691699010489941e-4,0.00395439302181514
intron,4500,1.0698354344174099e-4,0.003954825903384553
intron,155536,1.069743714853244e-4,0.003954825903384553
intron,42895,1.0719405064296694e-4,0.003960577110189684
intron,48661,1.071907067583533e-4,0.003960577110189684
intron,105177,1.0744444851318313e-4,0.003968811881849539
intron,78147,1.0757801494309938e-4,0.003972727989987076
intron,10672,1.0762835453870245e-4,0.003973569411920805
intron,43383,1.0785839884519532e-4,0.003981043286989783
intron,90970,1.0799940845407363e-4,0.003985227915797492
intron,66927,1.0838371488952614e-4,0.003996341184626411
intron,76323,1.0837583152578656e-4,0.003996341184626411
intron,153800,1.0837493585358349e-4,0.003996341184626411
intron,46227,1.0858493576804129e-4,0.004002737175946301
intron,4512,1.0868742053082858e-4,0.004005491145537745
intron,7138,1.0893845768289445e-4,0.004013716956330394
intron,107199,1.0903856452459948e-4,0.004016379125006109
intron,27022,1.0918218617028685e-4,0.004020642370035382
intron,39696,1.0932702279531359e-4,0.004023920871935627
intron,153317,1.0931349907461474e-4,0.004023920871935627
intron,104846,1.0937743297712021e-4,0.004024749037339009
intron,71243,1.0943333139690203e-4,0.004025778678763534
intron,116287,1.0955546846236341e-4,0.004029243927710288
intron,23404,1.0967045539456155e-4,0.004032324378810348
intron,105588,1.097231123485809e-4,0.004032324378810348
intron,125716,1.0970629281437105e-4,0.004032324378810348
intron,96124,1.0993100592238125e-4,0.004036878169352899
intron,102446,1.0988860732108474e-4,0.004036878169352899
intron,162767,1.0991215595579362e-4,0.004036878169352899
intron,19581,1.0996385234363082e-4,0.0040370563276267745
intron,111571,1.0999341639850169e-4,0.004037113921755849
intron,17228,1.1005143884645907e-4,0.004038215735809497
intron,32461,1.1014880817317163e-4,0.004040760412167021
intron,5393,1.1059431697479916e-4,0.004054896080786794
intron,53866,1.1061849412175029e-4,0.004054896080786794
intron,139067,1.1056474130843874e-4,0.004054896080786794
intron,19113,1.1072151258251228e-4,0.00405569864632487
intron,38431,1.1072476072992998e-4,0.00405569864632487
intron,56656,1.1072255825350652e-4,0.00405569864632487
intron,27427,1.1100968857657989e-4,0.004064708582038317
intron,122606,1.1102711452737335e-4,0.004064708582038317
intron,48648,1.1116291091672892e-4,0.004068647181362621
intron,46353,1.1134258489131632e-4,0.004074189327435182
intron,105587,1.1141445833517949e-4,0.004075785081973929
intron,61035,1.115418452091177e-4,0.004079410315006654
intron,78153,1.1168573031605789e-4,0.004083636945154097
intron,77867,1.1183815462889601e-4,0.004088173577837568
intron,41294,1.1204278420051672e-4,0.00409357835855179
intron,103795,1.120364086277803e-4,0.00409357835855179
intron,58508,1.121483916165511e-4,0.004096398963993917
intron,87674,1.1221117732351793e-4,0.004097654405746404
intron,31465,1.1225333562148165e-4,0.004098156144295445
intron,25815,1.1230290918273766e-4,0.004098699080104215
intron,122748,1.123250519362573e-4,0.004098699080104215
intron,41199,1.123788682988458e-4,0.00409962546439961
intron,4058,1.1249839444660292e-4,0.004102947892757023
intron,139976,1.1260512909982978e-4,0.00410580223820459
intron,7552,1.1270789692252592e-4,0.004108510538803512
intron,37353,1.130259459691807e-4,0.004119063075657731
intron,133354,1.131433168568563e-4,0.004122059829422661
intron,154819,1.1316534471061956e-4,0.004122059829422661
intron,129454,1.1319501947104627e-4,0.004122099538601305
intron,129447,1.1355343722774247e-4,0.004134107680459747
intron,75177,1.1384335816932989e-4,0.004143603803117565
intron,146994,1.1387173904009451e-4,0.004143603803117565
intron,18120,1.1402712144925609e-4,0.004148211176294872
intron,154822,1.1438837790822554e-4,0.0041603038620457704
intron,73764,1.1460615586333933e-4,0.004167173454005188
intron,112423,1.1472363738995739e-4,0.004170393641818398
intron,95913,1.1475294754326182e-4,0.004170407839307247
intron,81891,1.1486537484728387e-4,0.004173441952784648
intron,27603,1.1501348136389034e-4,0.004177770555930109
intron,76794,1.1514157333247788e-4,0.004181370149976489
intron,61832,1.1531922283958274e-4,0.004186767162141921
intron,162777,1.1537691770069358e-4,0.004187807493295726
intron,398,1.1553799618235772e-4,0.004191544104520569
intron,10311,1.155185032147843e-4,0.004191544104520569
intron,75737,1.1558054540261598e-4,0.004192033126477626
intron,100365,1.1580170046254779e-4,0.004198998194267696
intron,115440,1.1597046247002751e-4,0.004202136227226024
intron,121786,1.1600480088058696e-4,0.004202136227226024
intron,128920,1.1599953855112588e-4,0.004202136227226024
intron,143044,1.1597654300254945e-4,0.004202136227226024
intron,46193,1.160940423943213e-4,0.004204312800491685
intron,25340,1.1626105299078482e-4,0.004209303958986218
intron,44616,1.1653854310655909e-4,0.004218291587793063
intron,46354,1.1659589403256732e-4,0.004218350401501657
intron,133241,1.1659867205049412e-4,0.004218350401501657
intron,89147,1.1666673856103316e-4,0.004219754293371183
intron,63631,1.1671480883523877e-4,0.004220434412663811
intron,79779,1.168938477513759e-4,0.004225848860035765
intron,2390,1.1704974027137993e-4,0.004228304582994711
intron,46350,1.1703200849777495e-4,0.004228304582994711
intron,46355,1.170465538687937e-4,0.004228304582994711
intron,50005,1.1718167513674604e-4,0.004232010474942333
intron,125934,1.1726467039085975e-4,0.0042339475020167034
intron,42516,1.1747062951728005e-4,0.004239261028728329
intron,43554,1.1744125417079143e-4,0.004239261028728329
intron,100554,1.1776382580230838e-4,0.004247827257437712
intron,115510,1.1776691405573914e-4,0.004247827257437712
intron,158497,1.1794862520164706e-4,0.004253317678032988
intron,132317,1.1805746589588217e-4,0.00425617824611187
intron,82152,1.1809907685134124e-4,0.004256614240315262
intron,162293,1.183395853313618e-4,0.004264217036951447
intron,95638,1.184178539614944e-4,0.004265971388015294
intron,120750,1.1851961319231386e-4,0.004268570894011989
intron,66938,1.1855338304622709e-4,0.0042687210259543746
intron,94901,1.1863689057223237e-4,0.004270661527396384
intron,45769,1.187823096784335e-4,0.004274829181881173
intron,66266,1.188384284112054e-4,0.004275781747977718
intron,152550,1.1900573969869654e-4,0.004280733525749547
intron,134571,1.1926986700239173e-4,0.004289164516412445
intron,134214,1.194148133583095e-4,0.004293306404877023
intron,43151,1.1948128564442939e-4,0.004294133155244283
intron,53319,1.1949736387273369e-4,0.004294133155244283
intron,33135,1.196706712989215e-4,0.004298218803487814
intron,103552,1.1966663477092077e-4,0.004298218803487814
intron,115661,1.1981630749202665e-4,0.004301307008838111
intron,137328,1.198131415445225e-4,0.004301307008838111
intron,89570,1.1994922447966516e-4,0.004305006922483592
intron,80899,1.2001573383702002e-4,0.004305302081649595
intron,84982,1.2001715844744965e-4,0.004305302081649595
intron,73190,1.2036801646964079e-4,0.004315741061918819
intron,114293,1.2035648621888662e-4,0.004315741061918819
intron,153145,1.2057831666423269e-4,0.004321132532604127
intron,154945,1.2056480983735351e-4,0.004321132532604127
intron,51444,1.2063675422013809e-4,0.004322152649894026
intron,46221,1.2071489670639757e-4,0.004323878069880644
intron,153492,1.2076858880594177e-4,0.004324727063803935
intron,91311,1.2085655729354716e-4,0.004326802770017516
intron,31699,1.2099098055684543e-4,0.004330289450835556
intron,87109,1.2101400408348617e-4,0.004330289450835556
intron,35639,1.2107487959389651e-4,0.004331392994690407
intron,146821,1.2111245606671872e-4,0.004331662686511237
intron,121419,1.2126075500229483e-4,0.004335891320757732
intron,151957,1.2151355020173504e-4,0.004343853379757462
intron,89537,1.2161796231813238e-4,0.004345431489596362
intron,93395,1.2160299394214924e-4,0.004345431489596362
intron,24159,1.217078609614397e-4,0.004347566387333746
intron,74871,1.2181725554605283e-4,0.004350396476109371
intron,116444,1.21873347573076e-4,0.004351322068202667
intron,142496,1.2194984037017242e-4,0.004352975403530064
intron,67947,1.2201749511986382e-4,0.004354312526293047
intron,1430,1.2207867558733376e-4,0.004354340729760733
intron,137531,1.220784613993331e-4,0.004354340729760733
intron,7803,1.2222222564539642e-4,0.004358038798931773
intron,110878,1.2224279640848934e-4,0.004358038798931773
intron,162779,1.2233706906483732e-4,0.004360321729765941
intron,152144,1.2250178789030564e-4,0.004365113745069757
intron,30422,0.00012264475317991241,0.004369128439183703
intron,13234,1.232208016435088e-4,0.004388565606966034
intron,60203,1.233419663760893e-4,0.00439179628276462
intron,18433,1.236317393407127e-4,0.0043977706549349176
intron,105827,1.2360010242318253e-4,0.0043977706549349176
intron,121517,1.2362738477667e-4,0.0043977706549349176
intron,137257,1.235741222211928e-4,0.0043977706549349176
intron,125959,1.2374433201300938e-4,0.004400690230974116
intron,76866,1.2389911171717394e-4,0.004405108284861564
intron,78655,1.243173707794476e-4,0.004418889595265417
intron,1433,1.2445235583402603e-4,0.004422597554893394
intron,29553,1.2459542210652153e-4,0.0044252753959981
intron,49743,1.2461448269684983e-4,0.0044252753959981
intron,84985,1.2461977146149827e-4,0.0044252753959981
intron,3281,1.2480413500393084e-4,0.00443073114143571
intron,1354,1.2504982809025122e-4,0.004438360954814388
intron,162298,1.2515216761521675e-4,0.004440900254745955
intron,58553,1.2536784110150911e-4,0.00444745885897302
intron,53315,1.2575454487651072e-4,0.004460080091738068
intron,36929,1.2619723591345e-4,0.00447405121015798
intron,96923,1.2621051906580583e-4,0.00447405121015798
intron,44678,1.2635006958505723e-4,0.004477897391165483
intron,118845,1.2648827269789997e-4,0.004481693941264389
intron,71289,1.265984411489285e-4,0.00448449555459679
intron,5391,1.2677669465432917e-4,0.004487458275653326
intron,23816,1.2683767037358074e-4,0.004487458275653326
intron,27335,1.2679037205398647e-4,0.004487458275653326
intron,56171,1.2683237682553639e-4,0.004487458275653326
intron,154287,1.2679423023631564e-4,0.004487458275653326
intron,16750,1.2702305961975746e-4,0.004492914976351818
intron,68668,1.270796180754541e-4,0.0044938132623361954
intron,80620,1.2715560916953805e-4,0.004494704093748197
intron,121830,1.271671465497004e-4,0.004494704093748197
intron,77146,1.2732732620746035e-4,0.004498160639490258
intron,141942,1.273218356530048e-4,0.004498160639490258
intron,16620,1.2747521162181918e-4,0.00450228210686938
intron,56927,1.2804739081917482e-4,0.004521383469113797
intron,104600,1.281242117592285e-4,0.00452298854471556
intron,104875,1.2816750823196887e-4,0.004523409657270567
intron,77084,1.2842051387207398e-4,0.004530401061474547
intron,93296,1.2842843647886681e-4,0.004530401061474547
intron,66597,1.2848433053491704e-4,0.004531264331975735
intron,75373,1.2851957150583626e-4,0.004531398984875826
intron,163654,1.2865504314418796e-4,0.004535066684598854
intron,40451,1.291282192843468e-4,0.004548834189995787
intron,142758,1.2908126788813146e-4,0.004548834189995787
intron,155693,1.2914024405086266e-4,0.004548834189995787
intron,26924,1.2919704376601615e-4,0.004549723587390938
intron,12590,1.2932811411991985e-4,0.0045527578138090325
intron,122168,1.2934634770278564e-4,0.0045527578138090325
intron,25031,1.2938419554053837e-4,0.004552978693585754
intron,142892,1.2944917771884334e-4,0.004554154079361122
intron,13718,1.295096231430648e-4,0.004554276031080872
intron,54829,1.2951580716236144e-4,0.004554276031080872
intron,99420,1.296144670724919e-4,0.004556634191400011
intron,13896,1.2967705451194522e-4,0.004557123834288865
intron,14780,1.296915976056745e-4,0.004557123834288865
intron,81740,1.29726343871428e-4,0.004557234316849457
intron,33737,1.2991486567481836e-4,0.004562745502768761
intron,3188,1.3003060222471774e-4,0.004564586916996074
intron,46335,1.30000752411652e-4,0.004564586916996074
intron,151676,1.3032217084685271e-4,0.004573708759141418
intron,71704,1.3038397559705928e-4,0.004574764469324848
intron,122845,1.3041737074392934e-4,0.004574823104565755
intron,147368,1.306764653030701e-4,0.004581682721118364
intron,157225,1.3067038867364822e-4,0.004581682721118364
intron,130198,1.3102865000136354e-4,0.00459291408136768
intron,41676,1.3127998492934445e-4,0.004600605780487479
intron,63222,1.3133855717595289e-4,0.004601540163914635
intron,2282,1.3160029394432282e-4,0.004609590378632246
intron,33628,1.3183558732754452e-4,0.00461223060207259
intron,49533,1.3178139012437473e-4,0.00461223060207259
intron,93293,1.317690075361977e-4,0.00461223060207259
intron,112038,1.3182362549923887e-4,0.00461223060207259
intron,141281,1.3179638106319835e-4,0.00461223060207259
intron,17154,1.3192936384920362e-4,0.004614391892457459
intron,118859,1.3196585987595988e-4,0.004614549164678116
intron,82614,1.321598793371237e-4,0.004619093485111148
intron,120548,1.3213058424887958e-4,0.004619093485111148
intron,144503,1.3235943003730988e-4,0.004624947014148376
intron,121223,1.326359883480066e-4,0.004633487880741518
intron,5387,1.3297790814514876e-4,0.004644307386749205
intron,58312,1.3305932793117314e-4,0.0046460257876442335
intron,58670,0.00013316934033835715,0.0046487414820076175
intron,41018,1.3327092114856498e-4,0.004649409588439286
intron,142588,1.3323676204901602e-4,0.004649409588439286
intron,155731,1.3328520278910183e-4,0.004649409588439286
intron,137530,1.3337105270050387e-4,0.004651279176972566
intron,74170,1.3364460344655882e-4,0.004658565948566088
intron,140738,1.3361886088869568e-4,0.004658565948566088
intron,1861,1.337720012033472e-4,0.0046618798882385425
intron,91481,1.338799435066651e-4,0.004664514378658047
intron,66926,1.3401443976457372e-4,0.004668072539886445
intron,41020,1.340503661819703e-4,0.004668196367061915
intron,95029,1.3409535214514712e-4,0.004668635549684991
intron,41227,1.3467497856733956e-4,0.004687683957098802
intron,10661,1.3470768444512338e-4,0.004687690890631734
intron,119601,1.348757780517129e-4,0.004692408039928436
intron,54380,1.3500083327389056e-4,0.004695625944025069
intron,77153,1.3505356341370067e-4,0.004696327277357013
intron,78739,1.3511966560564304e-4,0.004697493157664649
intron,128514,1.3516044901784596e-4,0.004697778469876238
intron,160609,1.352962809237912e-4,0.004701366453777628
intron,3684,1.3550135728856993e-4,0.004703164904880661
intron,64901,1.354839500666838e-4,0.004703164904880661
intron,65758,1.353906234942137e-4,0.004703164904880661
intron,109381,1.3545112814639104e-4,0.004703164904880661
intron,151765,1.355111068102044e-4,0.004703164904880661
intron,94218,1.355667240803271e-4,0.004703963084564901
intron,2257,1.3565058751541237e-4,0.004704614758231271
intron,100325,1.3565075318622277e-4,0.004704614758231271
intron,57105,1.3598604023901117e-4,0.004715109137953134
intron,146902,1.3612815823771385e-4,0.004718902239179327
intron,41788,1.3639504280704706e-4,0.00472701752897761
intron,35361,1.365105931236954e-4,0.00472988541628754
intron,2047,1.3672393211150435e-4,0.00473437900464433
intron,84983,1.3670020880196532e-4,0.00473437900464433
intron,111998,1.3673877519360111e-4,0.00473437900464433
intron,82824,1.367726305364636e-4,0.004734414481942344
intron,43429,1.3708164028658487e-4,0.004743972186418898
intron,154289,1.3715879267417463e-4,0.004745503362563509
intron,111545,1.3732003639810308e-4,0.004749942549498981
intron,99473,1.373664736006308e-4,0.004750409366553038
intron,16272,1.3770434483484362e-4,0.004760951919347469
intron,121037,1.378836794092564e-4,0.0047660095293793475
intron,50856,1.3818637557616587e-4,0.004775327740884771
intron,134523,1.383636963530055e-4,0.004779233002337382
intron,161495,1.383656673029643e-4,0.004779233002337382
intron,162294,1.3850480429311585e-4,0.004782893274113352
intron,147680,1.3854825254755454e-4,0.0047832482296205885
intron,106385,1.385906568279749e-4,0.00478356698161603
intron,15743,1.3866672964391036e-4,0.004785047399320264
intron,79080,1.387646346722171e-4,0.004786475188989302
intron,147085,1.3877448920762703e-4,0.004786475188989302
intron,39775,1.3894118799373523e-4,0.004791078884986269
intron,8598,1.3909599725314692e-4,0.004795270493876298
intron,7412,1.3936501135902724e-4,0.004799236262514015
intron,61600,1.394736004858288e-4,0.004799236262514015
intron,91529,1.3947727347629613e-4,0.004799236262514015
intron,95914,1.3925099126343987e-4,0.004799236262514015
intron,129096,1.3946547237631002e-4,0.004799236262514015
intron,141265,1.3944621962425074e-4,0.004799236262514015
intron,154749,1.3946828662159128e-4,0.004799236262514015
intron,155543,1.3938745928387952e-4,0.004799236262514015
intron,56960,1.395844344335151e-4,0.004801777799702745
intron,7915,1.3971344383034712e-4,0.004805069543153557
intron,103252,1.3991905101318203e-4,0.00481099346434381
intron,111916,1.4039077173100267e-4,0.004826062459836163
intron,48032,1.4074765460092564e-4,0.004837177556490869
intron,162722,1.407910340434082e-4,0.0048375155221104995
intron,2469,1.4102390286530042e-4,0.004843538901402572
intron,42859,1.410335132621121e-4,0.004843538901402572
intron,20900,1.411666429289582e-4,0.004845802922365216
intron,58729,1.4113595302067683e-4,0.004845802922365216
intron,144102,1.4123793068310242e-4,0.004847096208952439
intron,6578,1.4138891982717894e-4,0.004851019741233773
intron,10578,1.414290285344233e-4,0.004851019741233773
intron,155337,1.4145317503233557e-4,0.004851019741233773
intron,120279,1.4170510167343942e-4,0.004858503946034635
intron,18436,1.4184748716328244e-4,0.00486110946084061
intron,29549,1.4184851367282647e-4,0.00486110946084061
intron,56959,1.4189837214062528e-4,0.004861662758679769
intron,10671,1.419525875117067e-4,0.00486236503261299
intron,152548,1.4201622109477618e-4,0.004863389502591875
intron,6492,1.4219657075442704e-4,0.004867253947017246
intron,155237,1.421853637755266e-4,0.004867253947017246
intron,82319,1.422564671573756e-4,0.004868148637722749
intron,132079,1.4238460434246036e-4,0.004871377612909415
intron,120278,1.4260061266746504e-4,0.004877610661986985
intron,102421,1.4276930276024835e-4,0.004882222632949285
intron,116290,1.4299855487476254e-4,0.004888902940451608
intron,115047,1.4304141096699308e-4,0.004889208995334717
intron,42508,1.4330213028723726e-4,0.004896959787282375
intron,132319,1.4335567471801536e-4,0.00489762894670951
intron,28897,1.4349377094324822e-4,0.0049000251542536104
intron,66662,1.4347584481710918e-4,0.0049000251542536104
intron,34864,1.435921178767341e-4,0.004900572086027916
intron,63694,1.4361173615395906e-4,0.004900572086027916
intron,154136,1.4355245671460182e-4,0.004900572086027916
intron,50286,1.4388697195066857e-4,0.004904161797232348
intron,51465,1.4385791286919414e-4,0.004904161797232348
intron,102365,1.4384878201978424e-4,0.004904161797232348
intron,135886,1.4381864390333732e-4,0.004904161797232348
intron,162304,1.4380819226000874e-4,0.004904161797232348
intron,109613,1.4417792815979436e-4,0.004912917411658664
intron,56041,1.4425814415408578e-4,0.004913328812949516
intron,127329,1.4424014865221935e-4,0.004913328812949516
intron,15331,1.4440317123565194e-4,0.004916409003366861
intron,23403,1.4441676574827866e-4,0.004916409003366861
intron,47388,1.446292450388853e-4,0.004922480419948675
intron,135345,1.44739960820095e-4,0.0049250862505859925
intron,44459,1.4492920342612514e-4,0.004930362264324422
intron,66023,1.4513468527777018e-4,0.004936188103738539
intron,26754,1.4547255654417945e-4,0.004946512841680379
intron,153861,1.456294557451443e-4,0.004950680557435178
intron,56043,1.4575574512065703e-4,0.004953147957900685
intron,93164,1.4577073188770662e-4,0.004953147957900685
intron,81660,1.4582869291812628e-4,0.00495395013419181
intron,17583,1.4591430268673378e-4,0.0049556909673918554
intron,154956,1.4604048643618306e-4,0.00495880867141574
intron,5630,1.4608776607294427e-4,0.004959246347005903
intron,119554,1.4624188390111037e-4,0.004963309802712973
intron,22094,1.4630101610313417e-4,0.004964148383337569
intron,10653,1.463466664693991e-4,0.004964529224077307
intron,704,1.4643926240620608e-4,0.0049662872652343265
intron,6927,1.4646736801293692e-4,0.0049662872652343265
intron,40049,1.465092505672505e-4,0.004966539608968381
intron,161385,1.4659570405384237e-4,0.004968302395885416
intron,64478,1.4676742966024392e-4,0.004972953648734679
intron,114237,1.468133012862971e-4,0.004973339379514457
intron,28337,1.46984014905982e-4,0.004977952991438926
intron,124254,1.474023761285359e-4,0.004990949625350499
intron,146473,1.47628241863762e-4,0.004997423914189561
intron,67969,1.481120618991305e-4,0.005012625231233962
intron,33018,1.482902825764576e-4,0.0050174793006811874
intron,12406,1.4837828084002247e-4,0.0050192790863469675
intron,2112,1.485376350723877e-4,0.0050234912619333515
intron,47692,1.48692745963519e-4,0.005026379469564272
intron,130733,1.486677877390319e-4,0.005026379469564272
intron,115701,1.4913318202236514e-4,0.005040086426036843
intron,112501,1.4919165766968945e-4,0.005040881297463193
intron,34540,1.4941934940382318e-4,0.005047391923044537
intron,6023,1.495025649727033e-4,0.005047838067670013
intron,127912,1.4946803330251335e-4,0.005047838067670013
intron,50818,1.495537547311354e-4,0.005048384435513306
intron,95083,1.497063085511563e-4,0.005052351424581464
intron,38430,1.5008939317329162e-4,0.005064094787398424
intron,74155,1.5019703767760184e-4,0.00506654133622782
intron,65759,1.503987745691271e-4,0.0050721599822942266
intron,140781,1.50490095019995e-4,0.005074053105575969
intron,79249,1.5060057792637416e-4,0.0050765912905630295
intron,57080,1.5078084732600416e-4,0.005081480170680318
intron,93144,1.5094202413434843e-4,0.0050845354997294985
intron,93290,1.509416288383303e-4,0.0050845354997294985
intron,78359,1.5103803948846029e-4,0.005086581634869779
intron,125451,1.512316112506351e-4,0.005091911502129428
intron,44011,1.5134863242982632e-4,0.005094662053409889
intron,142061,1.5144175527170844e-4,0.005096607048417097
intron,163036,1.5150937662300468e-4,0.005097693111216434
intron,2258,1.5173547621938344e-4,0.005101729498523812
intron,2263,1.5170106737194544e-4,0.005101729498523812
intron,56632,1.5167298249108008e-4,0.005101729498523812
intron,155564,1.5179608457072113e-4,0.00510257761484615
intron,64499,1.5191064434261214e-4,0.005105238473249842
intron,102325,1.521180370012143e-4,0.005111017185888655
intron,161831,1.523253050904616e-4,0.005116789021938084
intron,45766,1.5263437054813256e-4,0.005124783393162876
intron,53314,1.52632881114112e-4,0.005124783393162876
intron,41789,1.5288975343108469e-4,0.005131197233872637
intron,60923,1.5289656198347323e-4,0.005131197233872637
intron,100549,1.5295592337238872e-4,0.00513199507718987
intron,55943,1.5314563352886168e-4,0.005134776185607198
intron,105988,1.5312414788581918e-4,0.005134776185607198
intron,153793,1.530905712996411e-4,0.005134776185607198
intron,133659,1.5318139008391185e-4,0.005134781199402761
intron,60616,1.532187904815796e-4,0.005134841301179909
intron,32825,1.533551660268806e-4,0.0051382175713843795
intron,3338,1.5352762819342836e-4,0.00514280108685011
intron,131357,1.536298042316142e-4,0.005145028606323361
intron,40180,1.5376977342773657e-4,0.005148520482167078
intron,58728,1.5381058864072372e-4,0.005148691633266677
intron,78916,1.539070110727625e-4,0.005150263611239296
intron,80898,1.5392897823574003e-4,0.005150263611239296
intron,45200,1.5430613464273435e-4,0.00516048811651781
intron,153976,1.5429378482267886e-4,0.00516048811651781
intron,107255,1.5446326729318116e-4,0.00516454541770178
intron,39778,1.5479697796250136e-4,0.005174503430931487
intron,10652,1.5530273991148924e-4,0.005190206770432475
intron,82827,1.553618823789682e-4,0.005190546835260814
intron,91417,1.5539957098797963e-4,0.005190546835260814
intron,122173,1.554208965907078e-4,0.005190546835260814
intron,157457,1.5573018587256016e-4,0.005199671894911851
intron,65218,1.559083002597994e-4,0.005204413948047429
intron,109941,1.559649515401329e-4,0.005205100154304083
intron,45767,1.5652953699185623e-4,0.00522273367445271
intron,57401,1.5665923197683007e-4,0.005225851923590732
intron,16790,1.5682726020160853e-4,0.005229037852460893
intron,118839,1.5679659568812454e-4,0.005229037852460893
intron,139098,1.5686793160518686e-4,0.005229184885110767
intron,117795,1.569558514158409e-4,0.005230906509157422
intron,124457,1.5703226271335247e-4,0.005232243879183091
intron,61037,1.5735269921357542e-4,0.005241709562368231
intron,10606,1.5744491700664387e-4,0.005243570241749905
intron,136910,1.5769974607682258e-4,0.005250844442969373
intron,84114,1.5773677268438036e-4,0.005250864907316815
intron,2694,1.5813621431526315e-4,0.005262946932324291
intron,162851,1.5820365438667938e-4,0.005263976554716168
intron,30750,1.586089774696653e-4,0.005275028785509231
intron,96512,1.5858886511876946e-4,0.005275028785509231
intron,141394,1.5908264910313719e-4,0.005289562273280171
intron,27835,1.5939005931064898e-4,0.005296450449970792
intron,51432,1.5939999412561967e-4,0.005296450449970792
intron,91531,1.593812491583746e-4,0.005296450449970792
intron,102624,1.5970385506958173e-4,0.005305324539972166
intron,83791,1.59743509959287e-4,0.005305419700759766
intron,116720,1.59942960744619e-4,0.005310820755261173
intron,30006,1.6002684251881227e-4,0.0053123827990585555
intron,61956,1.6008054308735975e-4,0.005312942434292034
intron,2011,1.6036371720629106e-4,0.00531691597101802
intron,77091,1.6030796178001516e-4,0.00531691597101802
intron,78143,1.6038461707079676e-4,0.00531691597101802
intron,121973,1.6033883164723317e-4,0.00531691597101802
intron,136154,1.6026720401363104e-4,0.00531691597101802
intron,55994,1.6064808512461504e-4,0.005320757558926357
intron,60985,1.6064247790437136e-4,0.005320757558926357
intron,82793,1.6056164127342676e-4,0.005320757558926357
intron,116545,1.6064439990182144e-4,0.005320757558926357
intron,97088,1.6084534188054445e-4,0.005326067558339305
intron,29835,1.6100850530653688e-4,0.005330246447369092
intron,115922,1.6109180012846558e-4,0.0053317799451745775
intron,129365,1.6128539216553328e-4,0.005336962493807953
intron,130656,1.6155399070238996e-4,0.005344624073691111
intron,14811,1.618656761862569e-4,0.0053537072398604476
intron,154824,1.6258805621438555e-4,0.005376366847628503
intron,86392,1.6273243383313485e-4,0.00537944318807431
intron,160042,1.6275569583701355e-4,0.00537944318807431
intron,72323,1.628881457562681e-4,0.005382587267432208
intron,25007,1.6325969480224245e-4,0.005393629051167692
intron,89539,1.6349916322777602e-4,0.005400303213831401
intron,147179,1.63747027837724e-4,0.0054072515785195015
intron,134425,1.6385696546383777e-4,0.005409643181923914
intron,56174,1.6396188860556826e-4,0.005411868178105558
intron,57517,1.6406733633689274e-4,0.005412870823869661
intron,159855,1.6403313703561295e-4,0.005412870823869661
intron,78259,1.6413935218007047e-4,0.005414008133538752
intron,74696,1.6431636854319365e-4,0.005418607491083541
intron,60991,1.6444889636346716e-4,0.005421737996773321
intron,73180,1.6487433922618422e-4,0.0054345220198377935
intron,121787,1.651270897620183e-4,0.0054416092854916295
intron,130567,1.6517407225458136e-4,0.005441913967926985
intron,67571,1.6530909331069488e-4,0.005443874952969942
intron,95515,1.6527154041590109e-4,0.005443874952969942
intron,9880,1.6551727118885307e-4,0.005448358705306924
intron,91736,1.655208102793182e-4,0.005448358705306924
intron,47429,1.656687383626565e-4,0.005449722845086161
intron,106133,1.6566703344089717e-4,0.005449722845086161
intron,150063,1.6567562568292615e-4,0.005449722845086161
intron,21010,1.6619340767998203e-4,0.005463016353158688
intron,67265,1.6617642979932512e-4,0.005463016353158688
intron,127175,1.661194993236581e-4,0.005463016353158688
intron,91980,1.6623378339963857e-4,0.005463098268621622
intron,78878,1.6656812896831408e-4,0.005472838955145516
intron,61126,1.6660933818002377e-4,0.005472945975154143
intron,60993,1.6672748748258748e-4,0.005475579773947049
intron,70204,1.6677054710068084e-4,0.00547574687744715
intron,39383,1.6685098005841947e-4,0.005477140742382084
intron,75158,1.6688961913413625e-4,0.005477162336476192
intron,88842,1.669362480019032e-4,0.005477446078637192
intron,114289,1.6709407104231744e-4,0.005481377320927996
intron,162827,1.6730702146394716e-4,0.005487114770127684
intron,6141,1.6749804447824257e-4,0.00549213062757479
intron,133145,1.6776215612446244e-4,0.0054995401791862585
intron,23270,1.6797503540744163e-4,0.005504016344240158
intron,33131,1.6795998907914722e-4,0.005504016344240158
intron,116973,1.6804623720556577e-4,0.0055050985299189064
intron,63050,1.6808610907870225e-4,0.005505154106725509
intron,25534,1.682895545104257e-4,0.005510565800927557
intron,61079,1.6845484255112453e-4,0.005514725875089674
intron,135668,1.6860541395047335e-4,0.00551840238982204
intron,60950,1.6881053137141055e-4,0.0055231478000901234
intron,95637,1.6882700217601965e-4,0.0055231478000901234
intron,163038,1.68959477377717e-4,0.005526228023181772
intron,44781,1.6928824075113091e-4,0.005535725472561982
intron,16625,1.6939914916414e-4,0.0055380963735010514
intron,60992,1.6952690048277486e-4,0.005541016713037061
intron,42240,1.6967078296914462e-4,0.005543206751162536
intron,60511,1.6966450010658107e-4,0.005543206751162536
intron,149711,1.6975895985615885e-4,0.005544831330459139
intron,18403,1.69867939178725e-4,0.005547134489390036
intron,5563,1.708010232224222e-4,0.005576342122670554
intron,144512,1.7089829209004925e-4,0.005578254868137106
intron,35402,1.710177292810755e-4,0.005580890175704018
intron,48979,0.00017107131741389558,0.005581106190577381
intron,100849,1.7110175281742634e-4,0.005581106190577381
intron,126993,1.7128282040124176e-4,0.005585748910357728
intron,77147,1.7134937189577926e-4,0.005586655860948369
intron,79205,1.7139792429243794e-4,0.005586975693589421
intron,111552,1.715659308150208e-4,0.0055911882904049045
intron,85855,1.7170725965498512e-4,0.0055944802699099926
intron,93845,1.7174769249295174e-4,0.0055944802699099926
intron,141893,1.7178332976319766e-4,0.0055944802699099926
intron,4649,1.7188289532987788e-4,0.0055964589493871526
intron,25257,1.720085146277306e-4,0.005596758093168128
intron,73997,1.719571121949759e-4,0.005596758093168128
intron,84761,1.7199977637294417e-4,0.005596758093168128
intron,31614,1.7260852755829337e-4,0.005615014196616018
intron,61819,1.7290278567749784e-4,0.005623318000495023
intron,7141,1.7334209708985693e-4,0.005633793958764254
intron,14086,1.7333901253702155e-4,0.005633793958764254
intron,81371,1.7326568516695673e-4,0.005633793958764254
intron,72330,1.734157431689809e-4,0.005634917547356744
intron,123300,1.735366729973542e-4,0.005637576707125356
intron,106132,1.741023517475293e-4,0.005654679693345936
intron,2631,1.7418684699510578e-4,0.005656150111376541
intron,163502,1.7422916535669852e-4,0.005656250618773846
intron,19305,1.7427104096023882e-4,0.0056563367102753
intron,5394,1.744651420354515e-4,0.0056603062264276105
intron,40582,1.7447184378338587e-4,0.0056603062264276105
intron,2695,1.7500059308139804e-4,0.005676183204338544
intron,21540,1.7530342044180802e-4,0.00568472686117648
intron,16803,1.755694957851217e-4,0.005690795747063395
intron,149214,1.755503523463986e-4,0.005690795747063395
intron,41170,1.7570258880650336e-4,0.005693173435281553
intron,152142,1.757218093465518e-4,0.005693173435281553
intron,14528,1.7580060187705193e-4,0.005694446854196771
intron,121254,1.7601558557100994e-4,0.005700130147864053
intron,56039,1.7611841325382294e-4,0.005702179618341725
intron,60655,1.7615813196869556e-4,0.0057021853505745635
intron,148765,1.763349511643142e-4,0.005706627985312446
intron,91357,1.7646626112699515e-4,0.005709596167453577
intron,68667,1.7677416249739508e-4,0.005718275381619975
intron,136915,1.7699386918601512e-4,0.005724098428730138
intron,50285,1.7746935297635602e-4,0.00573818901001376
intron,3682,1.7758762709330078e-4,0.005739439475626093
intron,53612,1.7756018138903595e-4,0.005739439475626093
intron,54413,1.7785572159678686e-4,0.005742955674945777
intron,75685,1.7783551717176493e-4,0.005742955674945777
intron,140238,1.7784276485732775e-4,0.005742955674945777
intron,141629,1.7783427004181007e-4,0.005742955674945777
intron,43842,1.779137037603018e-4,0.005743541857658796
intron,13235,1.786623861547154e-4,0.005766420483485462
intron,125160,1.7877668176002892e-4,0.005768818291915079
intron,128363,1.790524966227558e-4,0.0057764258121874145
intron,48551,1.792991278122269e-4,0.00578308864334999
intron,155692,1.7934903904825994e-4,0.005783404936053761
intron,115465,1.7946049730444003e-4,0.005785312144705303
intron,159082,1.7948841967041496e-4,0.005785312144705303
intron,38439,1.799179310346677e-4,0.0057965650314379625
intron,43853,1.7991749299683946e-4,0.0057965650314379625
intron,123344,1.799838901767048e-4,0.00579739487395847
intron,35512,1.8021291575642806e-4,0.005802179938041353
intron,109739,1.8020694091358536e-4,0.005802179938041353
intron,61091,1.80378579444751e-4,0.005804921625973936
intron,142763,1.80346437019141e-4,0.005804921625973936
intron,84205,1.8074330439765696e-4,0.005815361378240277
intron,26929,1.8107350627727392e-4,0.005824685951310917
intron,56033,1.8123966377570078e-4,0.005828730640968439
intron,3752,1.8141578450880935e-4,0.005833035560258336
intron,82892,1.8145441985006894e-4,0.005833035560258336
intron,65763,1.8160578146031447e-4,0.005836600162034225
intron,75399,1.8178762258314052e-4,0.005841142533388357
intron,141397,1.8188952339392994e-4,0.005843114836281678
intron,105571,1.8208004525677168e-4,0.005847932535933914
intron,26129,1.8268023469136807e-4,0.0058659026061318445
intron,14087,1.8284855436601077e-4,0.005870000329354256
intron,84986,1.8308708663439255e-4,0.0058763497668118956
intron,148056,1.8336708276489588e-4,0.005884026903488505
intron,93387,1.8353666149328873e-4,0.005888158252272011
intron,45550,1.8366634530808668e-4,0.005889200903180292
intron,53514,1.8366707666661597e-4,0.005889200903180292
intron,146363,1.8369167698173428e-4,0.005889200903180292
intron,30386,1.8382856539322923e-4,0.005889897488224322
intron,48033,1.8383593441717583e-4,0.005889897488224322
intron,87557,1.8380730473088747e-4,0.005889897488224322
intron,2433,1.8390592604844436e-4,0.0058908311589666845
intron,60949,1.8402211819457115e-4,0.00589324397034966
intron,55998,1.8408532795222143e-4,0.005893959344583925
intron,13756,1.84702305008555e-4,0.005911088614817731
intron,60925,1.8466573931086305e-4,0.005911088614817731
intron,154866,1.848242486154339e-4,0.005913678815195446
intron,147175,1.849101119787422e-4,0.00591380184478121
intron,156075,1.848857950290661e-4,0.00591380184478121
intron,24604,1.8495884748803704e-4,0.005914048895722252
intron,106104,1.8501223321121252e-4,0.0059144444944999605
intron,40045,1.8532953199190683e-4,0.005922128286991752
intron,51575,1.8537579373734125e-4,0.005922128286991752
intron,61943,1.8536188117845853e-4,0.005922128286991752
intron,5737,1.8546114872286523e-4,0.005923379032525083
intron,128921,1.8549709591686447e-4,0.005923379032525083
intron,34637,1.856171679184282e-4,0.005925493331303012
intron,115133,1.8564548788080337e-4,0.005925493331303012
intron,115407,1.8578837493432587e-4,0.005928741797777015
intron,141224,1.860711276886473e-4,0.005936451130663
intron,19120,1.865034838328672e-4,0.005946298450826062
intron,131924,1.8648475058014036e-4,0.005946298450826062
intron,156076,1.8643222433745166e-4,0.005946298450826062
intron,134424,1.8670479580085164e-4,0.005951401080471577
intron,60367,1.8697185471250322e-4,0.005957280214875376
intron,155240,1.8695837584714603e-4,0.005957280214875376
intron,60283,1.8701494891171233e-4,0.005957337030640888
intron,161578,1.8714742397130113e-4,0.0059602404082662154
intron,64469,1.8744808560222648e-4,0.005967180150207566
intron,73602,1.874275844725437e-4,0.005967180150207566
intron,36931,1.8762902838576068e-4,0.00597162200318371
intron,57247,1.878288634720171e-4,0.005975344565345063
intron,78357,1.8779750961106512e-4,0.005975344565345063
intron,45557,1.8833107633398072e-4,0.005989787008909641
intron,97579,1.8836591902893218e-4,0.005989787008909641
intron,65889,1.8868023841500658e-4,0.005998459246277085
intron,155734,1.889398303641654e-4,0.0060053881678036585
intron,7946,1.8935407469622412e-4,0.006017228525720227
intron,62370,1.8948284345698951e-4,0.0060197005651985444
intron,127582,1.8951535338784797e-4,0.0060197005651985444
intron,55112,1.8963895252877006e-4,0.006021877235533212
intron,139078,1.8966739758674578e-4,0.006021877235533212
intron,61732,1.899338630165781e-4,0.006027830760218205
intron,67095,1.8993851182280697e-4,0.006027830760218205
intron,71288,1.9003857022958925e-4,0.0060283999192733044
intron,144615,1.900400537631075e-4,0.0060283999192733044
intron,1361,1.9018655915470362e-4,0.006031720504953232
intron,152605,1.903815891097782e-4,0.0060365782367532515
intron,104874,1.9046387287979805e-4,0.006037859687047052
intron,24792,1.9072991718904753e-4,0.006043636380593491
intron,102420,1.9068952680201257e-4,0.006043636380593491
intron,1356,1.909587120366707e-4,0.006049556895138878
intron,139677,1.9154772094820416e-4,0.006066883855650709
intron,23132,1.9166174681228831e-4,0.0060691623896705444
intron,63022,1.9176102063511724e-4,0.006070972887536411
intron,86946,1.9185734896154383e-4,0.006072689359459471
intron,61092,1.9190851273576115e-4,0.006072975838509086
intron,110941,1.9224753774560455e-4,0.006082369608530144
intron,84214,1.925975260375079e-4,0.00609210604020419
intron,83788,1.928881581043651e-4,0.00609996109994653
intron,54781,1.9327785179978907e-4,0.006108491958871506
intron,73580,1.9328499177106995e-4,0.006108491958871506
intron,103226,1.9320202879735682e-4,0.006108491958871506
intron,6779,1.9354907296198487e-4,0.006113263048566097
intron,63521,1.9348124677531775e-4,0.006113263048566097
intron,76277,1.93563135491015e-4,0.006113263048566097
intron,47891,1.9390167907085143e-4,0.006122614283724606
intron,85705,1.9424952841173848e-4,0.0061322551978265265
intron,54192,1.9437732135219044e-4,0.006134946460983876
intron,109615,1.9459886019113082e-4,0.006140594711505997
intron,16992,1.9486575763683067e-4,0.006147432674064255
intron,91285,1.9490081747641774e-4,0.006147432674064255
intron,21415,1.949822162381487e-4,0.006148655249738621
intron,42241,1.9510859877369668e-4,0.006149572572395739
intron,57248,1.9513878841803667e-4,0.006149572572395739
intron,120280,1.9513923797931376e-4,0.006149572572395739
intron,7775,1.952635503605915e-4,0.006152145686443046
intron,148908,1.9539263398127282e-4,0.006154867970410094
intron,76857,1.9548531670077196e-4,0.006156442687370217
intron,93297,1.956393707127635e-4,0.006159949068204254
intron,116628,1.9581570400573067e-4,0.006164155255960359
intron,55965,1.9596894918594288e-4,0.006167632967101106
intron,41502,1.9615555809071594e-4,0.006172158971326178
intron,33757,1.9629529092646258e-4,0.00617520833739799
intron,5049,1.964514499163128e-4,0.006178773007215206
intron,76788,1.9691399003085586e-4,0.00619072771492974
intron,77025,1.9691740365157528e-4,0.00619072771492974
intron,99138,1.9696123765067242e-4,0.0061907561460092676
intron,137790,1.9725726932295906e-4,0.00619870974880278
intron,16613,1.9739788326111896e-4,0.006200426171081721
intron,83122,1.9737242116346643e-4,0.006200426171081721
intron,113407,1.9766358432649067e-4,0.006207419970594564
intron,47155,1.9783984901677876e-4,0.0062116026795477055
intron,23837,1.981315487510349e-4,0.006216700663781656
intron,40051,1.9809350956778715e-4,0.006216700663781656
intron,75736,1.9806299674685057e-4,0.006216700663781656
intron,60984,1.9818025770268477e-4,0.006216876315538626
intron,153494,1.9826612298801116e-4,0.006218217224387152
intron,56769,1.9836717801546833e-4,0.00622003384215626
intron,35771,1.9862805149317708e-4,0.006225506503298541
intron,109165,1.9862054898178716e-4,0.006225506503298541
intron,88267,1.9880802249772067e-4,0.006229793242140114
intron,143719,1.9921542120271418e-4,0.006241203181703195
intron,1535,1.9967507380136418e-4,0.006251306086877897
intron,16805,1.9966847465435755e-4,0.006251306086877897
intron,121976,1.9975464747434835e-4,0.006251306086877897
intron,142107,1.9972887800390193e-4,0.006251306086877897
intron,162765,1.9965944286581827e-4,0.006251306086877897
intron,6579,1.9981713861272343e-4,0.0062519049919559574
intron,2046,1.9987977241675559e-4,0.006252508099978974
intron,31488,2.002471194555433e-4,0.006262640719003586
intron,3687,2.0044940373320497e-4,0.006267607797951927
intron,65887,2.0062888421579217e-4,0.006271859853914316
intron,2106,2.0099701287945582e-4,0.006282006119702576
intron,5627,2.011929064115181e-4,0.006286766079065177
intron,100364,2.0126413193155557e-4,0.006287629262013396
intron,25652,2.0147501807143975e-4,0.006291491539850176
intron,125636,2.014475411025174e-4,0.006291491539850176
intron,48728,2.0172020911113364e-4,0.006297784411190571
intron,2696,2.0180395980562427e-4,0.006299035418114645
intron,78355,2.0185717205500886e-4,0.006299332873952968
intron,58830,2.0219347783889674e-4,0.0063084627561042364
intron,63437,2.0229210310307444e-4,0.006310174629501418
intron,154950,2.025166224809416e-4,0.006315811976234677
intron,5662,2.0269918893589534e-4,0.006320138797595386
intron,91166,2.0282685401395995e-4,0.006322752299349573
intron,113217,2.029593292027787e-4,0.006325514585335014
intron,155730,2.0374369528353142e-4,0.006348588389315518
intron,1357,2.0389175560420192e-4,0.0063518294232912395
intron,58565,2.0409814100541546e-4,0.006356885663060032
intron,46503,2.0435409737395993e-4,0.0063621095250446106
intron,93491,2.043125885071717e-4,0.0063621095250446106
intron,82795,2.0447212985108543e-4,0.006364410194136731
intron,74299,2.0465301834549088e-4,0.006368665907757489
intron,107233,2.0484683178034757e-4,0.006373321913818464
intron,4246,2.0489537536727553e-4,0.006373457160394457
intron,40449,2.051299735605916e-4,0.00637937849843697
intron,16624,2.0527513268120412e-4,0.006382516398999224
intron,105589,2.05429629570264e-4,0.006385943218676237
intron,40935,2.0555239747810372e-4,0.006388382453259678
intron,17896,2.060920631847818e-4,0.006403774651085505
intron,85707,2.062327195850866e-4,0.006406764712022099
intron,8596,2.0646376924315923e-4,0.0064125610103916136
intron,111919,2.0658470010714858e-4,0.006414935367862096
intron,47851,2.0715363278012155e-4,0.006431217206097522
intron,97089,2.0723933010613482e-4,0.006432492913606411
intron,56768,2.073213877180624e-4,0.006433655123447089
intron,39553,2.0737528078940137e-4,0.006433943011359123
intron,55114,2.0769576476831197e-4,0.006442500139802961
intron,5773,2.0811442895607435e-4,0.006454098377735185
intron,36150,2.0819114803038996e-4,0.006454732165660821
intron,48113,2.0822438601908466e-4,0.006454732165660821
intron,50915,2.0849987684490312e-4,0.006461883030340198
intron,116333,2.0863864356024386e-4,0.006464794342907625
intron,73260,2.092737410348544e-4,0.006483080209111332
intron,32457,2.0940521730694606e-4,0.006485759916705922
intron,63890,2.0953323976824478e-4,0.006486938580347633
intron,93163,2.0951719667772206e-4,0.006486938580347633
intron,103531,2.0988973969582325e-4,0.006496580745292033
intron,160323,2.1027871063772352e-4,0.0065072236105009
intron,83121,2.1048916724275557e-4,0.006512338841573923
intron,36670,2.107602892302829e-4,0.006518131949638317
intron,42237,2.1076680938625358e-4,0.006518131949638317
intron,139626,2.1094717652869743e-4,0.00652231121047896
intron,4060,2.11355260250512e-4,0.006533527977480296
intron,35775,2.1148598519926676e-4,0.006536167909907986
intron,82896,2.1161544376946395e-4,0.006537537613110888
intron,100548,2.116486087148095e-4,0.006537537613110888
intron,127905,2.1166630687563526e-4,0.006537537613110888
intron,91358,2.1183547856473695e-4,0.006541361639697006
intron,163796,2.1188774479341532e-4,0.0065415748262522035
intron,60654,2.1200637353591123e-4,0.006543799186943515
intron,141268,2.1205054956130454e-4,0.006543799186943515
intron,103474,2.1210867530307986e-4,0.006544192498808566
intron,85445,2.1246288609466646e-4,0.006553718805359052
intron,74470,2.1347157434870034e-4,0.006583425004726909
intron,137350,2.1356250490256468e-4,0.006584821070020129
intron,111920,2.1362188866014264e-4,0.006585244056864726
intron,6780,2.1380789710168102e-4,0.006588974500661684
intron,76795,2.1387997557398286e-4,0.006588974500661684
intron,132321,2.1386519866073428e-4,0.006588974500661684
intron,127147,2.1424520188806362e-4,0.0065988162812199895
intron,136285,2.1444689841021436e-4,0.006603618167636512
intron,18172,2.146268886804581e-4,0.0066049295211145585
intron,56036,2.1459910641419278e-4,0.0066049295211145585
intron,81711,2.145670918045628e-4,0.0066049295211145585
intron,155461,2.1479544025981845e-4,0.006608706220086972
intron,8479,2.1498366254446566e-4,0.006612591601293213
intron,126675,2.1501343220831082e-4,0.006612591601293213
intron,798,2.1514436801806092e-4,0.00661520765005981
intron,87583,2.1520450397116697e-4,0.0066156461104604726
intron,53056,2.1532872739127296e-4,0.006618054090134975
intron,72329,2.1543052620498493e-4,0.0066197719779335735
intron,122561,2.156319865571632e-4,0.006624550891659317
intron,105020,2.156839557185819e-4,0.006624736145326846
intron,42518,2.1614561187988102e-4,0.006636089046702576
intron,76865,2.161439718786351e-4,0.006636089046702576
intron,90888,2.1620372074382388e-4,0.006636460186740019
intron,2597,0.00021671967884684396,0.006649466963290814
intron,16850,2.16705202918277e-4,0.006649466963290814
intron,53460,2.1676615841426106e-4,0.006649478282587821
intron,72779,2.168385702074893e-4,0.0066502849200151875
intron,157270,2.1718367044631925e-4,0.006659452597076836
intron,130310,2.1789259682192252e-4,0.006679769921322062
intron,1762,2.1803837819378558e-4,0.006681632076306656
intron,131938,2.1804600713626332e-4,0.006681632076306656
intron,134416,2.182184925010322e-4,0.006685496950944625
intron,154401,2.183708360655734e-4,0.0066887432363016445
intron,77082,2.185013418423143e-4,0.006691319389053858
intron,85754,2.186027190957951e-4,0.00669158189612552
intron,118338,2.1858742882396864e-4,0.00669158189612552
intron,42619,2.1875551059269416e-4,0.006693745980395402
intron,45929,2.1894873920613733e-4,0.006693745980395402
intron,58660,2.1891619390823625e-4,0.006693745980395402
intron,94220,2.1895192181742296e-4,0.006693745980395402
intron,131060,2.1876742784487924e-4,0.006693745980395402
intron,152738,2.1890983457950597e-4,0.006693745980395402
intron,32211,2.1909098473948951e-4,0.006696577710116058
intron,8311,2.193659619130761e-4,0.006702141370677747
intron,159167,2.1932191672247026e-4,0.006702141370677747
intron,151771,2.19550477570718e-4,0.006706357915492593
intron,154402,2.1960050592939595e-4,0.006706465514307582
intron,48709,2.1969630534646178e-4,0.0067079705918054655
intron,103469,2.197849758890369e-4,0.006708251069095299
intron,112840,2.197985278209469e-4,0.006708251069095299
intron,19177,2.201273724358188e-4,0.006715444890385471
intron,63827,2.2010818208229033e-4,0.006715444890385471
intron,39439,2.206730963115744e-4,0.006730669458503216
intron,72924,2.2075264904930503e-4,0.006731672078970846
intron,7548,2.2086260196907403e-4,0.006733601108277856
intron,28321,2.211218316703345e-4,0.006738655109823315
intron,67370,2.210782526270716e-4,0.006738655109823315
intron,111585,2.2119160522504622e-4,0.006739357239528468
intron,96852,2.2166154466829457e-4,0.006752248916768221
intron,145004,2.2181001121845956e-4,0.006755344516954677
intron,58724,2.2186257920053798e-4,0.0067555187835244895
intron,55711,2.2229608930768308e-4,0.0067672898777270535
intron,37854,2.2240562985342827e-4,0.006769195581315604
intron,91640,2.2250271876489425e-4,0.0067707215794321806
intron,7413,2.2263167313929522e-4,0.006773216389957456
intron,40788,2.227961974581305e-4,0.006775362979089967
intron,114513,2.2277204231091474e-4,0.006775362979089967
intron,90967,2.2294989132110032e-4,0.00677860741677038
intron,16749,2.234408092125495e-4,0.006792101343615962
intron,139270,2.2354750380215727e-4,0.006793912514393613
intron,62964,2.2376007378133167e-4,0.006798939940957542
intron,34865,2.2399169309006428e-4,0.006804543940475858
intron,24043,2.241945459255934e-4,0.006804972192021058
intron,63860,2.2411209982253766e-4,0.006804972192021058
intron,67262,2.2418726506723274e-4,0.006804972192021058
intron,74511,2.2413094039697157e-4,0.006804972192021058
intron,140921,2.2425557017025088e-4,0.006805392047041534
intron,94504,2.2465398551130278e-4,0.00681604824082231
intron,149854,2.2470888879744244e-4,0.006816279917293391
intron,150517,2.2483014635077403e-4,0.006818523851694232
intron,154955,2.2504262159817046e-4,0.006823532660388428
intron,109528,2.2522305838057477e-4,0.00682756812694714
intron,19880,2.2550940810583953e-4,0.006834811940882471
intron,4681,2.2598678412610873e-4,0.006847841180599656
intron,25690,2.2650406219948405e-4,0.006861308213737748
intron,142626,2.2652637115816443e-4,0.006861308213737748
intron,113030,2.2710202898523768e-4,0.006877299935714861
intron,23928,2.2733726300283585e-4,0.006882978099065705
intron,25840,2.275627891898946e-4,0.006887607061587717
intron,90924,2.275856764821782e-4,0.006887607061587717
intron,81418,2.2785048218543213e-4,0.006894174251891442
intron,157269,2.2814531478965172e-4,0.006901647033746865
intron,47068,2.2833288841539456e-4,0.006905872659336997
intron,31694,2.2847990692953513e-4,0.006908870190519495
intron,79468,2.2860876373076433e-4,0.006909868788791099
intron,139009,2.2857195585535006e-4,0.006909868788791099
intron,151121,2.289118279945601e-4,0.00691757920779789
intron,121416,2.2906590105886693e-4,0.006920784913889802
intron,152313,2.292910484833488e-4,0.006926136202060805
intron,24929,2.295523561151036e-4,0.006931207123942717
intron,47430,2.2960311518216425e-4,0.006931207123942717
intron,148057,2.2956777194560463e-4,0.006931207123942717
intron,41586,2.29796537249638e-4,0.006934738044929514
intron,51284,2.298162579952301e-4,0.006934738044929514
intron,61119,2.3045807519295192e-4,0.006951195910761351
intron,82608,2.304167527265033e-4,0.006951195910761351
intron,23245,2.3055558876028392e-4,0.00695268293357471
intron,50291,2.3080016391507918e-4,0.00695860322761903
intron,106833,2.3119446633690366e-4,0.006969034366021293
intron,14597,2.3129094839891007e-4,0.006970485641747466
intron,2643,2.314164162473542e-4,0.006971353068264509
intron,74175,2.314061585041438e-4,0.006971353068264509
intron,67259,2.3233222445961932e-4,0.006997097355309979
intron,121639,2.3236804894755103e-4,0.006997097355309979
intron,35291,2.3270001534503315e-4,0.007005630712497118
intron,84627,2.3279344416449188e-4,0.007006980630897283
intron,139085,2.3289783201008163e-4,0.00700865977893945
intron,93289,2.332882960605076e-4,0.007018945401626877
intron,148837,2.333760665076401e-4,0.007020121489959795
intron,37829,2.338346043793127e-4,0.007032447715063096
intron,99992,2.3396467975900226e-4,0.007034892530026363
intron,106043,2.3443289791502675e-4,0.0070475015446387875
intron,81331,2.345780374383155e-4,0.007048925827227998
intron,151818,2.3454702595471222e-4,0.007048925827227998
intron,89574,2.3470018571170037e-4,0.0070511270168598286
intron,88504,2.350295537230096e-4,0.0070595515212943235
intron,5846,2.351938302171952e-4,0.007063014717644954
intron,99930,2.3539360506541485e-4,0.007067542287251359
intron,7313,2.3611256113054147e-4,0.007084493638359109
intron,22293,2.3605848163366083e-4,0.007084493638359109
intron,113219,2.3608803020525038e-4,0.007084493638359109
intron,139533,2.3615470067051003e-4,0.007084493638359109
intron,2693,2.3627976899409653e-4,0.007086771349278635
intron,5701,2.3639802829089618e-4,0.007088843931325695
intron,3523,2.3671643493972105e-4,0.007096916202360157
intron,5565,2.3683555530618072e-4,0.007099011624202537
intron,23929,2.369743452133033e-4,0.0071006502633282195
intron,129462,2.3698870177868425e-4,0.0071006502633282195
intron,117372,2.3735230601373836e-4,0.007110067302310587
intron,16809,2.3740691927554014e-4,0.007110226294489682
intron,155336,2.3812102975384608e-4,0.007130132752847359
intron,13208,2.3927638955045794e-4,0.007163240670106475
intron,68669,2.3932852521857395e-4,0.007163314370318575
intron,147564,2.3946515859885054e-4,0.007165916606363237
intron,95598,2.3994365573398735e-4,0.007178745801334256
intron,34381,2.4004813072120434e-4,0.007180381826781314
intron,9952,2.402269908854393e-4,0.0071842417408993255
intron,84213,2.404311828440031e-4,0.007185877634069463
intron,103562,2.403869443831086e-4,0.007185877634069463
intron,159853,2.4038136217496842e-4,0.007185877634069463
intron,85559,2.4069257969205893e-4,0.007192199510910224
intron,23081,2.407829839863318e-4,0.00719341035254132
intron,135700,2.413602548403393e-4,0.007208591301355425
intron,137791,2.4143659686559626e-4,0.007208591301355425
intron,151907,2.414410949922452e-4,0.007208591301355425
intron,44921,2.4165614490323506e-4,0.007212156074380878
intron,161508,2.4166051683627288e-4,0.007212156074380878
intron,23778,2.4186684228322264e-4,0.007213366202371676
intron,58169,2.4184965454898677e-4,0.007213366202371676
intron,123346,2.4190114872835178e-4,0.007213366202371676
intron,155700,2.4180589518496554e-4,0.007213366202371676
intron,111000,2.4202065838696551e-4,0.007213973133149513
intron,158413,2.4202155247787793e-4,0.007213973133149513
intron,64124,2.4220243137729192e-4,0.007217872705440201
intron,1046,2.4235648035708657e-4,0.007219479645291135
intron,45653,2.4231046040168458e-4,0.007219479645291135
intron,139099,2.4273467394086978e-4,0.007229252194339324
intron,4858,2.4282518152440868e-4,0.007230454460477061
intron,1240,2.433893621074379e-4,0.007245757584935445
intron,18310,2.43607493703335e-4,0.007250754560263536
intron,160452,2.4368143342390347e-4,0.007251458619430633
intron,61830,2.4405457529919072e-4,0.007259497792776338
intron,96203,2.441026080368669e-4,0.007259497792776338
intron,103898,2.4405466941490594e-4,0.007259497792776338
intron,93291,2.4423588019972797e-4,0.007261963623909727
intron,21143,2.447609207395507e-4,0.00727457504062003
intron,22485,2.447391660369558e-4,0.00727457504062003
intron,27601,0.00024499965324098483,0.0072801699968931995
intron,47895,2.4515224692178705e-4,0.007283203558271559
intron,152141,2.452083482795686e-4,0.007283369779681101
intron,17320,2.455682841951967e-4,0.007292558805382359
intron,78435,2.4575899233925114e-4,0.0072967195816896
intron,78356,2.458132068454688e-4,0.0072968269081030305
intron,155241,2.46100620800771e-4,0.007303855160283347
intron,41675,2.462556222018186e-4,0.0073069515454439625
intron,80741,2.463515564349317e-4,0.007308294363055377
intron,135349,2.465478657058817e-4,0.007312613753568097
intron,93292,2.467102177881042e-4,0.0073144203076828005
intron,158116,2.466840465837894e-4,0.0073144203076828005
intron,32381,2.4694282820125757e-4,0.007319811803991521
intron,142585,2.470018282988429e-4,0.007320056032365646
intron,120625,2.4750581065913213e-4,0.0073334847827658655
intron,64231,2.477698483333013e-4,0.007339800024363266
intron,111199,2.4785780862390805e-4,0.007340897721960959
intron,1436,2.4829410056415036e-4,0.007347833889718206
intron,9010,2.4822184838513284e-4,0.007347833889718206
intron,47078,2.482958146594605e-4,0.007347833889718206
intron,47390,2.4820605446396193e-4,0.007347833889718206
intron,154448,2.4880901362567265e-4,0.007360000292906128
intron,159548,2.487635756942552e-4,0.007360000292906128
intron,31693,2.4909417996110683e-4,0.007366924612315696
intron,13013,2.492304845962412e-4,0.007368340229528473
intron,20899,2.4924423668504225e-4,0.007368340229528473
intron,151769,2.4958715206868654e-4,0.007376965451602599
intron,17713,2.4963923980536595e-4,0.007376993002994346
intron,54550,2.496937487299622e-4,0.007377092076029842
intron,55962,2.4995179653997113e-4,0.007383203343637775
intron,82352,2.505694608212483e-4,0.007399932467059134
intron,32479,2.510229256000862e-4,0.007411806517610899
intron,122166,2.514621732154776e-4,0.00742325601082587
intron,47268,2.516512181796049e-4,0.007427316254610373
intron,25337,2.517856773451843e-4,0.007429764103318395
intron,56172,2.52048836394847e-4,0.007432783879500048
intron,79251,2.5209418374028125e-4,0.007432783879500048
intron,91772,2.52050244599733e-4,0.007432783879500048
intron,127911,2.520077796979159e-4,0.007432783879500048
intron,34365,2.5235641356291527e-4,0.007438994548378438
intron,74602,2.527617823601114e-4,0.00744789913134544
intron,160039,2.527284095292792e-4,0.00744789913134544
intron,31658,2.5282224304312706e-4,0.007448158774774305
intron,17711,2.530782192124992e-4,0.007452337395944407
intron,61833,2.5311911741687787e-4,0.007452337395944407
intron,74697,2.530416375112754e-4,0.007452337395944407
intron,16018,2.5329203533952516e-4,0.0074548046204140055
intron,16035,2.5339272923463607e-4,0.0074548046204140055
intron,77528,2.533421193167129e-4,0.0074548046204140055
intron,138074,2.5340969751308506e-4,0.0074548046204140055
intron,17410,2.535270130978873e-4,0.00745521410640437
intron,112301,2.53521915360988e-4,0.00745521410640437
intron,158415,2.5374250153253897e-4,0.007460029545056646
intron,27941,2.541177819969098e-4,0.007469539948721641
intron,94007,2.5437466139621723e-4,0.007474043764458903
intron,105611,2.5437060853550353e-4,0.007474043764458903
intron,71248,2.5450851400299346e-4,0.007476453305933933
intron,140329,2.54651347458168e-4,0.0074791256339918595
intron,20684,2.549306254895356e-4,0.007485234827189423
intron,74308,2.5496316732998014e-4,0.007485234827189423
intron,34425,2.552970018704359e-4,0.0074935100241664875
intron,24042,2.5550425663212195e-4,0.007498067223473425
intron,95617,2.559045210522859e-4,0.007508285507098065
intron,120642,2.560703389264951e-4,0.007511622328228861
intron,23033,2.5659821878121214e-4,0.007524392167250928
intron,25339,2.566100167019636e-4,0.007524392167250928
intron,63052,2.567173153062985e-4,0.007526008109041551
intron,57092,2.567955888068685e-4,0.007526772657534975
intron,100516,2.5699095349041023e-4,0.007530968183294369
intron,2260,2.5735157135331477e-4,0.007537072449563564
intron,34587,2.573149158547894e-4,0.007537072449563564
intron,158417,2.5735605582011267e-4,0.007537072449563564
intron,123454,2.577336115102691e-4,0.007546597140113984
intron,122749,2.5778910270268796e-4,0.0075466896332615765
intron,56707,2.579378674406607e-4,0.007549512086465468
intron,1093,2.581820641489596e-4,0.007555125999336245
intron,49742,2.583978153434252e-4,0.007559905408242913
intron,75947,2.585431704016372e-4,0.0075626237269997764
intron,134667,2.5898809317737026e-4,0.00757410179534152
intron,142997,2.5923877144906626e-4,0.007579895684175892
intron,152139,2.5931998358563746e-4,0.007580721139207159
intron,162723,2.593721393611137e-4,0.007580721139207159
intron,134215,2.5960688747028726e-4,0.007586044664929628
intron,55143,2.600643038435102e-4,0.007597871366361644
intron,29256,2.601816517855404e-4,0.0075997600686727625
intron,54681,2.602793941941517e-4,0.007601075455357641
intron,39656,2.607228568167752e-4,0.007610943524894069
intron,144100,2.60715183318716e-4,0.007610943524894069
intron,17322,2.6090378516729906e-4,0.007614683697150515
intron,48833,2.6128797056923503e-4,0.007624353373508231
intron,843,2.615622688912911e-4,0.007630813293547726
intron,64301,2.6162750189939743e-4,0.007631172566020713
intron,121974,2.617385706983333e-4,0.007632868364953397
intron,5389,2.6181427477467434e-4,0.007633532374126863
intron,67212,2.62365861096292e-4,0.00764806826988336
intron,104969,2.6262210249905493e-4,0.007653990609353519
intron,24060,2.6298256178625135e-4,0.007662835159153182
intron,35112,2.6303185031106846e-4,0.007662835159153182
intron,80656,2.6379102965479184e-4,0.007683399921920535
intron,96458,2.6392557170451525e-4,0.007685766340628642
intron,21110,2.642630564775317e-4,0.007694040497770121
intron,148609,2.644540251577343e-4,0.007698046347582033
intron,111999,2.6497680710435567e-4,0.007711707451482909
intron,44961,2.6506455123520567e-4,0.007712704548017616
intron,64470,2.654099818534261e-4,0.007719640430241432
intron,151909,2.6540482551073996e-4,0.007719640430241432
intron,29721,2.657930907438155e-4,0.007729224488181771
intron,93595,2.6594135578017486e-4,0.00773041828119163
intron,160610,2.659382497741669e-4,0.00773041828119163
intron,46190,2.660205645078628e-4,0.0077311623430039045
intron,6584,2.6631077640282275e-4,0.0077364782700890125
intron,18718,2.6628871748357597e-4,0.0077364782700890125
intron,62295,2.6676100665123936e-4,0.007747996875358565
intron,107329,2.669447396375091e-4,0.0077517720638151984
intron,89583,2.6754931148309513e-4,0.0077677639543069655
intron,51282,2.6775420623881274e-4,0.007772147910442928
intron,90964,2.6785947496987816e-4,0.007773638822093222
intron,56173,2.680652035227382e-4,0.007778044025030887
intron,8641,2.6820794286686045e-4,0.007780620160330184
intron,54561,2.685750107205287e-4,0.007789701643398085
intron,84760,2.686370603253163e-4,0.007789934558281297
intron,1309,2.689153677852829e-4,0.007794786731583581
intron,79676,2.689665465362978e-4,0.007794786731583581
intron,131805,2.6895027920370573e-4,0.007794786731583581
intron,62372,2.6903587986470967e-4,0.007795229481143297
intron,61733,2.690987143922907e-4,0.007795483789949592
intron,37822,2.695845958042842e-4,0.00780799072246403
intron,16851,2.7010757777912175e-4,0.007821566961605183
intron,135688,2.702623923425129e-4,0.00782447878187849
intron,4794,2.70652210544009e-4,0.00783416861533924
intron,105828,2.7070573696308387e-4,0.00783416861533924
intron,120728,2.7083183012732714e-4,0.007836245129849812
intron,5396,2.711353789661697e-4,0.007843454281760167
intron,41672,2.7135081083029533e-4,0.00784811198905022
intron,2596,2.715153492920397e-4,0.007851296165100696
intron,87587,2.716233990924799e-4,0.007852845932824629
intron,3685,2.71687293213807e-4,0.007853118759768185
intron,41455,2.721661545388443e-4,0.007863807783526973
intron,114242,2.7213794902891664e-4,0.007863807783526973
intron,113882,2.723282725691778e-4,0.007866915705605654
intron,3690,2.7265876671478395e-4,0.007874361978635065
intron,20685,2.727168808508429e-4,0.007874361978635065
intron,33743,2.727498532199002e-4,0.007874361978635065
intron,55346,2.7298131845432394e-4,0.007879466971645854
intron,85861,2.7331978494582465e-4,0.007887657840240652
intron,76320,2.734775049029192e-4,0.00788890192023082
intron,127938,2.7355475753643166e-4,0.00788890192023082
intron,139129,2.7353212127023685e-4,0.00788890192023082
intron,141214,2.7358171588809377e-4,0.00788890192023082
intron,81620,2.738084318723022e-4,0.00789386096261677
intron,84451,2.7396020130909804e-4,0.00789507968628719
intron,93288,2.7395391002005276e-4,0.00789507968628719
intron,90981,2.744835845418514e-4,0.00790858227293242
intron,74874,2.749704727483815e-4,0.007921028158934449
intron,77710,2.7514975811882003e-4,0.007921854437337143
intron,85088,2.751313164517377e-4,0.007921854437337143
intron,99907,2.751639578981724e-4,0.007921854437337143
intron,56035,2.7532204204028243e-4,0.007924823496307985
intron,90886,2.761321262387817e-4,0.007944434078047923
intron,104028,2.761686189522994e-4,0.007944434078047923
intron,161509,2.7611972723207145e-4,0.007944434078047923
intron,25187,2.7640355587066345e-4,0.00794960661775843
intron,133838,2.7652201799943654e-4,0.00795142784638978
intron,131356,2.7669247154804566e-4,0.007954743071078354
intron,16741,2.7694523181209796e-4,0.007959912958417113
intron,126087,2.7698269311016155e-4,0.007959912958417113
intron,141745,2.7775083169689907e-4,0.007980397327458602
intron,86360,2.784185541132578e-4,0.0079979889308786
intron,134420,2.78718648716203e-4,0.008005014972200256
intron,151527,2.788673345276438e-4,0.008007690503828739
intron,2697,2.7914814341567507e-4,0.008012623361539324
intron,134539,2.7915024768820906e-4,0.008012623361539324
intron,48791,2.792257119891284e-4,0.008013194477376365
intron,160449,2.7930767885409047e-4,0.008013951938820499
intron,18427,2.7957848750226333e-4,0.008017223671587347
intron,79073,2.7958849323828083e-4,0.008017223671587347
intron,101397,2.7948087421925116e-4,0.008017223671587347
intron,129987,2.7965704372368005e-4,0.008017595090310284
intron,91413,2.8026681190285174e-4,0.008033479654954191
intron,90806,2.804893956225296e-4,0.008038261978246846
intron,42235,2.8077563456718746e-4,0.008044866269427856
intron,113565,2.8095261885541234e-4,0.008048338161955194
intron,14490,2.8106759185397845e-4,0.008050032615389608
intron,18117,2.812727508909596e-4,0.008054308893513227
intron,74302,2.813660948337571e-4,0.00805538225882303
intron,65707,2.8145554531322503e-4,0.008056343752081032
intron,66679,2.815276230305752e-4,0.008056807686916087
intron,49554,2.8163952602999753e-4,0.008058122540722301
intron,129364,2.816853254542506e-4,0.008058122540722301
intron,41498,2.817550464706553e-4,0.008058303722902328
intron,51640,2.8180341921402174e-4,0.008058303722902328
intron,78156,2.819707601038335e-4,0.008061425463592444
intron,118607,2.8202439176894245e-4,0.008061425463592444
intron,17978,2.8210880368995106e-4,0.008062240240530474
intron,122403,2.8220568815673364e-4,0.008063411070342398
intron,26375,2.8286112603237434e-4,0.008080537718254874
intron,146452,2.831072090769826e-4,0.008085965795081092
intron,6969,2.842952966369827e-4,0.008115077561783327
intron,16843,2.842230273071289e-4,0.008115077561783327
intron,101402,2.842471436658167e-4,0.008115077561783327
intron,157671,2.843635941975897e-4,0.008115420706204595
intron,30436,2.846260545457113e-4,0.008121303808443489
intron,151906,2.8494358682940035e-4,0.008128755652998485
intron,106219,2.85276933492562e-4,0.008136655606835816
intron,3019,2.855518404420998e-4,0.00813966678288869
intron,100315,2.8545703795934685e-4,0.00813966678288869
intron,153621,2.855291793499859e-4,0.00813966678288869
intron,821,2.858018613804969e-4,0.008145183601600261
intron,113328,2.859654030380465e-4,0.008148234118930562
intron,61486,2.8614377342095487e-4,0.008151705873906685
intron,32188,2.8627406198866723e-4,0.008153806766186003
intron,22484,2.864312832258076e-4,0.00815667378754819
intron,25433,2.865415024020379e-4,0.008158104106371527
intron,48040,2.8659465492575364e-4,0.008158104106371527
intron,106397,2.8670335810443426e-4,0.008159587756496181
intron,14336,2.869021050041498e-4,0.00816363296297029
intron,44153,2.87403419070853e-4,0.008173521911941782
intron,59217,2.874199653638554e-4,0.008173521911941782
intron,125002,2.873990811782523e-4,0.008173521911941782
intron,156322,2.8747635785619785e-4,0.008173521911941782
intron,20794,2.8774041590862165e-4,0.008179416944004456
intron,26927,2.8797819687809145e-4,0.008184562837445591
intron,38421,2.881603962030521e-4,0.008188127340936657
intron,43440,2.883066561846226e-4,0.008190669418521646
intron,75743,2.884890024038578e-4,0.00819423548742429
intron,6327,2.888901476114647e-4,0.008204013689761026
intron,24995,2.891347073326056e-4,0.00820771894078369
intron,74935,2.8913738406421974e-4,0.00820771894078369
intron,81388,2.891913703088056e-4,0.00820771894078369
intron,58174,2.8981943772188323e-4,0.008223925945604017
intron,83549,2.8996232574263203e-4,0.008225003916606207
intron,132237,2.899714986930313e-4,0.008225003916606207
intron,142279,2.9064819487278903e-4,0.008242577037958759
intron,14781,2.909186774437966e-4,0.008247832419100869
intron,85656,2.9094789792427633e-4,0.008247832419100869
intron,117130,2.911278575732368e-4,0.00825131190193863
intron,55966,2.914664148794266e-4,0.008259284199354976
intron,74485,2.9175369309308863e-4,0.008265800554002953
intron,74700,2.9187108194805855e-4,0.008267502084950635
intron,114268,2.9235289763818173e-4,0.00827952362720135
intron,96920,2.9242550797903277e-4,0.008279953903226464
intron,5793,2.9249866898606314e-4,0.008280399599229134
intron,36619,2.929403712623735e-4,0.008289649159857358
intron,60379,2.929252899496193e-4,0.008289649159857358
intron,32459,2.9323515609380735e-4,0.008296362988977766
intron,134415,2.9341653313830207e-4,0.008299866220924898
intron,60163,2.9418766562927523e-4,0.008319773951890938
intron,153188,2.9423569698172614e-4,0.008319773951890938
intron,41292,2.9449391958713544e-4,0.008323811184222275
intron,91284,2.9448090757122625e-4,0.008323811184222275
intron,114798,2.948088500109858e-4,0.0083310797243845245
intron,85958,2.94972995093179e-4,0.008332452635338307
intron,135073,2.949380419819958e-4,0.008332452635338307
intron,22545,2.9553339254784206e-4,0.008346647853338555
intron,115934,2.9561002940536873e-4,0.008347177503516745
intron,82612,2.960171371263476e-4,0.008355400918688433
intron,150568,2.9597052474139574e-4,0.008355400918688433
intron,59998,2.968679732535673e-4,0.008377776872598273
intron,7370,2.970080873961889e-4,0.00838009103094154
intron,125531,2.9707795870925757e-4,0.008380422768307102
intron,103855,2.971631795669616e-4,0.008381187294311135
intron,5629,2.974618956903541e-4,0.008385931300636567
intron,76465,2.974196800382689e-4,0.008385931300636567
intron,154947,2.975058390650709e-4,0.008385931300636567
intron,35656,2.9831741717245563e-4,0.008405521644819912
intron,103667,2.982766496799627e-4,0.008405521644819912
intron,79208,2.9867259575278027e-4,0.008413885332236996
intron,16840,2.9874571964372265e-4,0.008414301561066859
intron,77754,2.9892540927467515e-4,0.008417718511086327
intron,134070,2.991355631323245e-4,0.008421991829875656
intron,24842,3.000707653477708e-4,0.008446672820321292
intron,7543,3.0052356145726655e-4,0.008452485229299525
intron,29735,3.004892469891107e-4,0.008452485229299525
intron,68666,3.004776537451903e-4,0.008452485229299525
intron,83798,3.004354201308068e-4,0.008452485229299525
intron,156842,3.005703208294186e-4,0.008452485229299525
intron,27017,3.012264356626604e-4,0.008469284579373224
intron,84621,3.014796783755713e-4,0.008474752432652244
intron,77726,3.015569227085013e-4,0.008475271711756938
intron,105906,3.0185473375032856e-4,0.008480354980097924
intron,162778,3.0185540308613756e-4,0.008480354980097924
intron,99431,3.020310313934793e-4,0.008483636335052487
intron,506,3.022002011525693e-4,0.008486735035561549
intron,39557,3.027371766191056e-4,0.00850015966291109
intron,50625,3.02889028554576e-4,0.008502767790689068
intron,163155,3.0307826061903853e-4,0.00850642404225179
intron,90382,3.033332002982947e-4,0.008511359134469878
intron,115692,3.033721383232102e-4,0.008511359134469878
intron,57782,3.035020850931103e-4,0.008513348606306585
intron,18536,3.038574749070211e-4,0.008521659837401165
intron,45361,3.0399016967175285e-4,0.008523723585038783
intron,95599,3.0409325738278703e-4,0.008524956525544239
intron,16345,3.043607838721929e-4,0.008528884799548062
intron,121222,3.0436334201866533e-4,0.008528884799548062
intron,153167,3.0441081267396086e-4,0.008528884799548062
intron,144225,3.0469183357284546e-4,0.008535100086254726
intron,121425,3.0483361568567346e-4,0.008537413326312665
intron,35286,3.0501248067082987e-4,0.008539105960026862
intron,128512,3.0497448493482793e-4,0.008539105960026862
intron,2148,3.051936562769031e-4,0.008539204809996773
intron,5928,3.051242191245418e-4,0.008539204809996773
intron,66499,3.0518291628534033e-4,0.008539204809996773
intron,132936,3.053401119876842e-4,0.00854164530153404
intron,114199,3.056090569060199e-4,0.008547510719403881
intron,84984,3.0567577818585434e-4,0.008547719011992921
intron,142667,3.059577932676971e-4,0.008553946392740364
intron,35835,3.0629086118394433e-4,0.008559939189680826
intron,156566,3.0623585979161483e-4,0.008559939189680826
intron,125956,3.0663698852650967e-4,0.008567951986909975
intron,6577,3.068855988533903e-4,0.008571576903709249
intron,148318,3.06826169276353e-4,0.008571576903709249
intron,76223,3.0712198817939296e-4,0.008574038080354954
intron,99571,3.070539862333188e-4,0.008574038080354954
intron,128814,3.0715208501053137e-4,0.008574038080354954
intron,93782,3.078660327899829e-4,0.008592304430142262
intron,150434,3.082519560706487e-4,0.008601410570642423
intron,19299,3.086706538318884e-4,0.008611427544425447
intron,48660,3.0930014122176885e-4,0.008627320206028554
intron,41673,3.0944218649298083e-4,0.008629613109184545
intron,139978,3.095210036891949e-4,0.008630142184649598
intron,30271,3.096679091236787e-4,0.008632569141890263
intron,124600,3.0989799632918924e-4,0.008637313559459488
intron,103528,3.099670070002558e-4,0.008637567570721911
intron,103669,3.1005807520512185e-4,0.008638436022238218
intron,53318,3.102729739581367e-4,0.008642753477995174
intron,84110,3.1046756615227267e-4,0.008646503729648664
intron,46500,3.108067869740383e-4,0.008652608943854273
intron,74763,3.107768072945216e-4,0.008652608943854273
intron,35356,3.1090373640751956e-4,0.008653637351113524
intron,82429,3.111535925021114e-4,0.008658920516007714
intron,127990,3.115109617018996e-4,0.008667192987487138
intron,18314,3.118777723658539e-4,0.00867572490732305
intron,23779,3.120425806688587e-4,0.008678635377148332
intron,29255,3.1217172171571494e-4,0.008678879404946617
intron,51283,3.1215915809479355e-4,0.008678879404946617
intron,129231,3.1234231514698507e-4,0.0086819483886664
intron,55347,3.12603549139423e-4,0.008686352950749801
intron,85524,3.1262124456088447e-4,0.008686352950749801
intron,62482,3.128473081892569e-4,0.008690959694095196
intron,23777,3.1355288369927514e-4,0.008708883031514132
intron,10669,3.1372547974217735e-4,0.00870936011060837
intron,74339,3.1367436532780957e-4,0.00870936011060837
intron,81659,3.1376919378212076e-4,0.00870936011060837
intron,126850,3.138116397589652e-4,0.00870936011060837
intron,35513,3.140288594674079e-4,0.008710359634009712
intron,37828,3.139348941465503e-4,0.008710359634009712
intron,99146,3.140218084112245e-4,0.008710359634009712
intron,96935,3.144321593615551e-4,0.008718192348596766
intron,150525,3.144196164934776e-4,0.008718192348596766
intron,13296,3.1451660262782344e-4,0.008718857307795182
intron,3519,3.156183735831819e-4,0.008747718393102039
intron,118853,3.1578872703286187e-4,0.008750758062880075
intron,113218,3.160811616431669e-4,0.008757178881282645
intron,111409,3.162153987845695e-4,0.008759215138787248
intron,75870,3.163197875191148e-4,0.008760423967499325
intron,14627,3.164721970484452e-4,0.008761279731189314
intron,29844,3.164583116501696e-4,0.008761279731189314
intron,121829,3.1659041061060655e-4,0.00876287012340187
intron,55963,3.171501851867431e-4,0.008776679477110853
intron,33759,3.17473334294216e-4,0.00878393651545779
intron,142847,3.177706009007686e-4,0.008790474783061027
intron,32827,3.179543286764286e-4,0.008793304547846593
intron,104545,3.1799484918915155e-4,0.008793304547846593
intron,94937,3.1805743990154234e-4,0.008793349163320882
intron,26798,3.1846712627503493e-4,0.008801301049970097
intron,153905,3.184523646013737e-4,0.008801301049970097
intron,7411,3.188048391340459e-4,0.008808946050393437
intron,142669,3.1905244339203165e-4,0.008814098793914696
intron,25121,3.1961270877922665e-4,0.008820632091644073
intron,35618,3.19609073192062e-4,0.008820632091644073
intron,85986,3.1964118366900607e-4,0.008820632091644073
intron,117778,3.1940612495295895e-4,0.008820632091644073
intron,135351,3.196559342537597e-4,0.008820632091644073
intron,141362,3.1950721415985317e-4,0.008820632091644073
intron,77144,3.198693432657773e-4,0.008824832290860523
intron,110121,3.2005276573654484e-4,0.008828203746857291
intron,84487,3.205453067878228e-4,0.008840098882377426
intron,130657,3.2073930002041173e-4,0.008843757598096275
intron,43371,3.211370237488076e-4,0.00885303131021684
intron,16588,3.2131807218438446e-4,0.008856329364582097
intron,61346,3.2139185173196694e-4,0.008856670124729937
intron,163837,3.2156519076753654e-4,0.008859753814484934
intron,19067,3.21693973492132e-4,0.008861473675428206
intron,110300,3.217602867700009e-4,0.008861473675428206
intron,122844,3.2181196223635133e-4,0.008861473675428206
intron,63520,3.21948998324717e-4,0.008861862798513545
intron,80244,3.2191329621178433e-4,0.008861862798513545
intron,63525,3.2220017889172947e-4,0.008867084197984662
intron,44212,3.224842841763609e-4,0.008868133327273165
intron,82946,3.22354987528195e-4,0.008868133327273165
intron,107628,3.224392421836697e-4,0.008868133327273165
intron,155720,3.223942742907049e-4,0.008868133327273165
intron,46346,3.226820838809763e-4,0.008870189719829193
intron,114251,3.2262246530634364e-4,0.008870189719829193
intron,127937,3.2289655446593457e-4,0.008874393640150377
intron,79700,3.2324368758951394e-4,0.00888224132168846
intron,122431,3.2357695259244146e-4,0.008889705010954124
intron,13334,3.236504264509943e-4,0.008890029913755912
intron,95645,3.23736847529732e-4,0.008890710259325854
intron,110891,3.238509577320192e-4,0.008892150621032234
intron,63103,3.2430280363504593e-4,0.00890201325369249
intron,93816,3.2433361511507997e-4,0.00890201325369249
intron,51540,3.2453896488648937e-4,0.008905954426143859
intron,142668,3.248314514578965e-4,0.008910589522615347
intron,162966,3.248304617158304e-4,0.008910589522615347
intron,144705,3.2497083212246203e-4,0.00891271753288016
intron,4682,3.2545174535192345e-4,0.008924209895790992
intron,3211,3.258423929863863e-4,0.008932212020355337
intron,34899,3.258674505335346e-4,0.008932212020355337
intron,44568,3.260786355941958e-4,0.008936302129063512
intron,23246,3.2663201006255527e-4,0.00894667509182808
intron,44677,3.2659907690146817e-4,0.00894667509182808
intron,145488,3.266432583610701e-4,0.00894667509182808
intron,41235,3.271499846209114e-4,0.00895763868442979
intron,57466,3.271677723750699e-4,0.00895763868442979
intron,14850,3.2724011934193165e-4,0.008957918733853822
intron,111200,3.273733563678993e-4,0.008959865173988548
intron,81113,3.276200376028937e-4,0.00896491513521831
intron,54682,3.2768359675561243e-4,0.008964953222791994
intron,103556,3.2815809616915104e-4,0.008976231899519113
intron,146712,3.2866910872253463e-4,0.008988504866594074
intron,136911,3.291704141706875e-4,0.00900050775811762
intron,89569,3.2940275818749143e-4,0.009005153279610156
intron,40115,3.2950331941916655e-4,0.009006195068893054
intron,113339,3.298648035866547e-4,0.00901436682410853
intron,122751,3.29937673089975e-4,0.009014649871785909
intron,155258,3.300092964513279e-4,0.009014898771236343
intron,79317,3.302825783575436e-4,0.009020655260834525
intron,27599,3.3061895151353937e-4,0.009027779630162578
intron,114239,3.3066863610309305e-4,0.009027779630162578
intron,148947,3.3101868522678046e-4,0.009035625883115338
intron,141189,3.311968919403885e-4,0.009038779370940121
intron,54254,3.312890701366866e-4,0.009039584283292558
intron,14775,3.316290730412952e-4,0.0090440700165686
intron,19884,3.3156263902800465e-4,0.0090440700165686
intron,96936,3.3164161412146953e-4,0.0090440700165686
intron,50355,3.317921218022324e-4,0.009046463699893086
intron,154949,3.3221882561718097e-4,0.009056385668388811
intron,5395,3.3252689937990354e-4,0.0090630706064785
intron,43748,3.327118093391368e-4,0.009064683901259947
intron,143952,3.3270490151537935e-4,0.009064683901259947
intron,63690,3.3288947976384264e-4,0.009067811335153844
intron,46964,3.3328924814357563e-4,0.009076986328052995
intron,115698,3.335446139640652e-4,0.009082225858367815
intron,89573,3.3485598935123484e-4,0.009114491818870049
intron,129453,3.348538928620304e-4,0.009114491818870049
intron,128515,3.3503412558233414e-4,0.009117619578760457
intron,57468,3.3548977394270985e-4,0.009124440851026986
intron,93063,3.3538193513404924e-4,0.009124440851026986
intron,113566,3.355378714833268e-4,0.009124440851026986
intron,152529,3.3546580132681747e-4,0.009124440851026986
intron,17128,3.3593320754787825e-4,0.00913346909141344
intron,125961,3.362005068654472e-4,0.00913901347663441
intron,63043,3.365014208143169e-4,0.00914546935382024
intron,24793,3.36945484616491e-4,0.009150800828474345
intron,38283,3.3701486890391763e-4,0.009150800828474345
intron,82589,3.3697987664993434e-4,0.009150800828474345
intron,97085,3.369794660982306e-4,0.009150800828474345
intron,118856,3.368516630699592e-4,0.009150800828474345
intron,29597,3.371809539876036e-4,0.009153586941206769
intron,125675,3.373631369001373e-4,0.009156808937127442
intron,154961,3.3746048223670666e-4,0.009157727467427317
intron,54429,3.377497609768909e-4,0.009162385975274917
intron,111408,3.377592200417556e-4,0.009162385975274917
intron,99145,3.378596347916041e-4,0.009163386186645259
intron,78144,3.381856288124929e-4,0.009168778900951902
intron,115228,3.3813150960959604e-4,0.009168778900951902
intron,48100,3.3845783957109354e-4,0.009174434148689603
intron,34185,3.386668728659892e-4,0.009178375067728943
intron,13754,3.393778849358764e-4,0.009195916319606902
intron,16801,3.3965121223711314e-4,0.009201593530542434
intron,78915,0.00034018719768913463,0.009214383023508084
intron,74771,3.4034565248020066e-4,0.009216943757222967
intron,51901,3.406532289421671e-4,0.009222270936899517
intron,73628,3.406702676074236e-4,0.009222270936899517
intron,29398,3.407938313357839e-4,0.00922338373408847
intron,124476,3.409032522879718e-4,0.00922338373408847
intron,143480,3.4088059640413615e-4,0.00922338373408847
intron,78528,3.409906842695154e-4,0.009224018684384544
intron,29656,3.411168609881443e-4,0.00922570127016454
intron,10101,3.412053553537575e-4,0.009226364275173319
intron,4017,3.41619397293047e-4,0.009226765335328055
intron,57028,3.4160315610498593e-4,0.009226765335328055
intron,73794,3.4158494993474786e-4,0.009226765335328055
intron,85955,3.414382989743725e-4,0.009226765335328055
intron,101193,3.414622053513616e-4,0.009226765335328055
intron,124517,3.4166806667257354e-4,0.009226765335328055
intron,132323,3.4147969700204506e-4,0.009226765335328055
intron,112651,3.417997677649387e-4,0.009228593729653345
intron,797,3.423289384523187e-4,0.009241151109583212
intron,48708,3.425422704144143e-4,0.009245179335514027
intron,33024,3.428563168370591e-4,0.00925192381776231
intron,122480,3.4355810506925266e-4,0.00926739312714585
intron,130195,3.435394792198343e-4,0.00926739312714585
intron,1597,3.438427410382694e-4,0.009272929012347364
intron,127410,3.438919356066883e-4,0.009272929012347364
intron,11445,3.4454293572705463e-4,0.009288746145520914
intron,66508,3.446529728559078e-4,0.009289975935819044
intron,142280,3.45230324855339e-4,0.009303799188266468
intron,53461,3.453177385157602e-4,0.009304416128202958
intron,116981,3.453997051527935e-4,0.009304886097696412
intron,67844,3.4547788464101004e-4,0.00930525388689319
intron,29257,3.4557774739440994e-4,0.009306205456303581
intron,46668,3.458924140187225e-4,0.009312940132262493
intron,113362,3.459739978770582e-4,0.009313397855489439
intron,48109,3.4626329650944143e-4,0.009319445912604894
intron,83118,3.46699213361612e-4,0.009327696541275743
intron,150563,3.466618120452347e-4,0.009327696541275743
intron,37885,3.470234753769619e-4,0.009332938141306516
intron,104594,3.469955973449679e-4,0.009332938141306516
intron,64501,3.4731970534962464e-4,0.009339163294677107
intron,90937,3.475676066221345e-4,0.009342345172070485
intron,127910,3.475112046872342e-4,0.009342345172070485
intron,24840,3.4775496990635535e-4,0.009344554935178037
intron,55142,3.4777941665176115e-4,0.009344554935178037
intron,20488,3.478949002184706e-4,0.009345916519337739
intron,109164,3.479824611971605e-4,0.009346527618152155
intron,14099,3.488451458979469e-4,0.00936795380903263
intron,79731,3.4939422997237735e-4,0.009380139194992464
intron,98504,3.4942899967060903e-4,0.009380139194992464
intron,48132,3.495541914505518e-4,0.00938175344993667
intron,32766,3.4982243000969415e-4,0.009385464711217581
intron,41203,3.4982263567506777e-4,0.009385464711217581
intron,22394,3.510884679360782e-4,0.00941417156854928
intron,35619,3.5103242906375787e-4,0.00941417156854928
intron,101171,3.509834162501724e-4,0.00941417156854928
intron,138331,3.5160859597416216e-4,0.009426365644105967
intron,47850,3.5202908531006827e-4,0.009435884443365988
intron,80900,3.522002239588762e-4,0.00943871728237087
intron,124474,3.5238480005861383e-4,0.009441909115951788
intron,60986,3.525892866474978e-4,0.009445633152438364
intron,45195,3.5275494389397366e-4,0.009448315786426126
intron,35617,3.5296109376947715e-4,0.00945208179186908
intron,153493,3.539365983817877e-4,0.009476445421990802
intron,152121,3.542594892589346e-4,0.009483329899306326
intron,154400,3.543389184603729e-4,0.009483695696810505
intron,125676,3.5465344345309013e-4,0.00949035240676188
intron,138214,3.5472179708229135e-4,0.009490420443756213
intron,107019,3.5489390136611565e-4,0.00949326374221915
intron,80362,3.5509422226154275e-4,0.009496860628648051
intron,130350,3.5538843174065526e-4,0.009502966730210397
intron,41787,3.5616131090465686e-4,0.009521867660665156
intron,74772,3.563792907628205e-4,0.009525778111162876
intron,80052,3.564396921635904e-4,0.009525778111162876
intron,47697,3.566137620052423e-4,0.009528664216692604
intron,138835,3.569099321700797e-4,0.009534811150139067
intron,45928,3.5715231607902354e-4,0.009539519178515974
intron,90334,3.5722164812079793e-4,0.009539604113065907
intron,54748,3.5788374906431386e-4,0.009555515978766433
intron,44155,3.5821609401642807e-4,0.009562619079938365
intron,20303,3.5842935102614604e-4,0.009566291588738018
intron,43637,3.586853524468747e-4,0.009566291588738018
intron,49205,3.586060986329187e-4,0.009566291588738018
intron,101168,3.5861801341585675e-4,0.009566291588738018
intron,134414,3.586761049665377e-4,0.009566291588738018
intron,2642,3.5922292511925136e-4,0.009567109848806297
intron,10580,3.590440103977688e-4,0.009567109848806297
intron,11288,3.591707395077526e-4,0.009567109848806297
intron,26352,3.5883773843692346e-4,0.009567109848806297
intron,85747,3.591139355245687e-4,0.009567109848806297
intron,139066,3.5924677603227373e-4,0.009567109848806297
intron,150062,3.592174882547372e-4,0.009567109848806297
intron,159339,3.5892756755051547e-4,0.009567109848806297
intron,74872,3.5937422092580107e-4,0.009568736757209562
intron,14529,3.595376621716717e-4,0.009569156353364517
intron,25367,3.5958905100919036e-4,0.009569156353364517
intron,147757,3.595541436915983e-4,0.009569156353364517
intron,15746,3.599577597952486e-4,0.00957690009713682
intron,82281,3.600570542523496e-4,0.00957690009713682
intron,99634,3.600792771965011e-4,0.00957690009713682
intron,160087,3.6028019006639767e-4,0.009580476741453995
intron,143272,3.610815915036092e-4,0.009600017158178644
intron,25338,3.6135944887183413e-4,0.009605633556398265
intron,14846,3.6164371759861424e-4,0.009606107125390194
intron,63887,3.614580029345227e-4,0.009606107125390194
intron,125958,3.6157106115397575e-4,0.009606107125390194
intron,141969,3.615842269977243e-4,0.009606107125390194
intron,70258,3.6216163625768516e-4,0.009618092648215839
intron,46918,3.6231190582847184e-4,0.00962031172966423
intron,63996,3.6256794377753643e-4,0.009625337899176582
intron,82611,3.6387875041943296e-4,0.009658358726621604
intron,26058,3.640653138671235e-4,0.009661532336554339
intron,16747,3.646117288627071e-4,0.009672473065508535
intron,63847,3.6455029397064465e-4,0.009672473065508535
intron,78914,3.6485616400239174e-4,0.009677177274653835
intron,41144,3.655423051750484e-4,0.0096935930861306
intron,67266,3.6575605199340444e-4,0.009697478027176479
intron,88479,3.659578060531965e-4,0.009701043628219358
intron,65732,3.665393604452838e-4,0.009714674058396074
intron,58849,3.667518675116721e-4,0.009718520131983774
intron,30812,3.670894313088091e-4,0.009724532057559526
intron,57225,3.67113611137837e-4,0.009724532057559526
intron,95644,3.6802411622516296e-4,0.009746860188885598
intron,13753,3.681927753457215e-4,0.009749536458736772
intron,70322,3.683611757810956e-4,0.009752204897349818
intron,1055,3.6860793937387726e-4,0.009756946606697636
intron,51427,3.689072002401872e-4,0.009761284518355354
intron,98499,3.688598679369992e-4,0.009761284518355354
intron,141295,3.690071143618301e-4,0.009762137028210683
intron,29986,3.6934648444686413e-4,0.00976932290583803
intron,77735,3.69420946409571e-4,0.00976950053528058
intron,25648,3.694984871147611e-4,0.009769759503366034
intron,132989,3.6977230912171866e-4,0.009773415575790997
intron,155238,3.697381600458183e-4,0.009773415575790997
intron,127150,3.699172928031125e-4,0.009775455936092805
intron,126987,3.7067385704192546e-4,0.009793654251089218
intron,44737,3.7104863313053293e-4,0.009794826537106676
intron,48034,3.708734047626061e-4,0.009794826537106676
intron,59126,3.71053579016678e-4,0.009794826537106676
intron,85969,3.7112575810294146e-4,0.009794826537106676
intron,91158,3.711233899219568e-4,0.009794826537106676
intron,135678,3.7109441941929333e-4,0.009794826537106676
intron,25532,3.7135543452082587e-4,0.009797302075730834
intron,112835,3.713144547062841e-4,0.009797302075730834
intron,50353,3.718393761422689e-4,0.009808275272608042
intron,45936,3.721535770042639e-4,0.009814767900339041
intron,116977,3.724412637855501e-4,0.00982055902847373
intron,57514,3.7254224670624225e-4,0.009821425917873324
intron,25839,3.7283428950307673e-4,0.00982732852976973
intron,20742,3.7332025784875267e-4,0.009838339624195006
intron,19300,3.7356311725522673e-4,0.009842941065233781
intron,16667,3.737751839385517e-4,0.009846729621890158
intron,142849,3.7393518319905894e-4,0.00984914538147702
intron,139010,3.741833715182885e-4,0.009853273934258729
intron,142417,3.742285834802406e-4,0.009853273934258729
intron,120669,3.7442264832843186e-4,0.009856583944413687
intron,125213,3.7459910528814255e-4,0.009859429307590286
intron,134291,3.749186537820304e-4,0.009866039106924317
intron,48685,3.7500272315715844e-4,0.009866450957548685
intron,139679,3.7509732625262693e-4,0.009867139753176317
intron,97087,3.752100396668956e-4,0.00986830461248295
intron,107263,3.7587063205224425e-4,0.009883876046017138
intron,79148,3.762015142736441e-4,0.009887168173657626
intron,121694,3.760869217681595e-4,0.009887168173657626
intron,160475,3.761538465423264e-4,0.009887168173657626
intron,120106,3.7649425477670473e-4,0.009893058855427161
intron,83522,3.765770346149111e-4,0.009893431304556837
intron,154959,3.7690825597236355e-4,0.009900329484336364
intron,31641,3.7768316065056595e-4,0.009917071294234553
intron,99617,3.7762962080600815e-4,0.009917071294234553
intron,91830,3.782291708535057e-4,0.009928537791538412
intron,155975,3.7825755078957357e-4,0.009928537791538412
intron,30715,3.794434552619741e-4,0.009957853021467424
intron,139011,3.7975842977089336e-4,0.009964305655380498
intron,30713,3.799306936733693e-4,0.00996701210524933
intron,60617,3.800717495739958e-4,0.00996889901615446
intron,26928,3.8046074838671284e-4,0.009973659905944865
intron,85464,3.8035973650418775e-4,0.009973659905944865
intron,90380,3.8044482073085195e-4,0.009973659905944865
intron,155524,3.805400675593873e-4,0.009973926121871422
intron,83784,3.807796481918313e-4,0.00997839191837169
intron,56044,3.812278002197633e-4,0.009988320746055851
intron,153190,3.8227126917966814e-4,0.010013840674767011
intron,78950,3.8235001154252046e-4,0.010014084292501316
intron,118192,3.829538091045803e-4,0.010028076983755985
intron,161501,3.830692555633064e-4,0.010029278891978527
intron,8283,3.832538371369987e-4,0.010032290087495947
intron,16802,3.83475989164328e-4,0.010034462342482354
intron,40279,3.834114647598419e-4,0.010034462342482354
intron,160048,3.839606411826235e-4,0.010045321513610775
intron,141013,3.842721784592662e-4,0.010051648474347072
intron,13333,3.844988441442654e-4,0.010055753503357287
intron,150061,3.846560941946908e-4,0.010058041953859252
intron,80827,3.8492101268650103e-4,0.010063144393851026
intron,151770,3.8534413309887494e-4,0.010072380170706807
intron,116331,3.8571934575626354e-4,0.010078534099197952
intron,152551,3.8565930120215697e-4,0.010078534099197952
intron,135237,3.8584794442875214e-4,0.010080067848231351
intron,14958,3.863645759834e-4,0.010091736353710952
intron,58916,3.867831213775208e-4,0.01009905608735315
intron,140739,3.86784877089541e-4,0.01009905608735315
intron,78149,3.872232450286006e-4,0.01010867170453284
intron,82432,3.87381311475421e-4,0.010109138035457118
intron,153333,3.8732524992102224e-4,0.010109138035457118
intron,91766,3.87958979459313e-4,0.010122381138210448
intron,28852,3.885146927995464e-4,0.010131381248561337
intron,83786,3.8848056004314735e-4,0.010131381248561337
intron,119553,3.884144229209241e-4,0.010131381248561337
intron,20749,3.886959820199598e-4,0.010132444229781696
intron,163776,3.8862853807053455e-4,0.010132444229781696
intron,151072,3.891148736152594e-4,0.010141530558365391
intron,86463,3.893322820376355e-4,0.010145363280773635
intron,73420,3.902356151568309e-4,0.01016706546611041
intron,74194,3.905472868854787e-4,0.010173347651714997
intron,73591,3.9081708437160856e-4,0.010178321985578272
intron,126700,3.9094999187361257e-4,0.010178321985578272
intron,162336,3.909324998045971e-4,0.010178321985578272
intron,77586,3.913900641092649e-4,0.010187939887184977
intron,150524,3.917081313760118e-4,0.01019437908343991
intron,12595,3.919807455212698e-4,0.010196300510189125
intron,95027,3.919940781549336e-4,0.010196300510189125
intron,103555,3.9187269145291026e-4,0.010196300510189125
intron,13040,3.9246941426829274e-4,0.010206823593036554
intron,74309,3.925427226383338e-4,0.010206889362334331
intron,72334,3.9265893159701193e-4,0.010208070407212963
intron,155643,3.9279714495155105e-4,0.010209822978015199
intron,83589,3.9362175985879766e-4,0.01022941306973466
intron,155198,3.9375781299400003e-4,0.010231105033950588
intron,115136,3.9388143840368706e-4,0.010232473534116465
intron,41051,3.940881100857885e-4,0.01023599857549375
intron,24843,3.941843058037353e-4,0.010236653374219208
intron,103561,3.9448358555616014e-4,0.010242580918670722
intron,144366,3.9533761242371845e-4,0.010262907484210111
intron,43426,3.9653925415827906e-4,0.010292249140461293
intron,507,3.9679592426067334e-4,0.010295930229027077
intron,161502,3.968238727172224e-4,0.010295930229027077
intron,6333,3.9749039715619716e-4,0.010302102390852575
intron,35732,3.9737147136131856e-4,0.010302102390852575
intron,38424,3.974489640463652e-4,0.010302102390852575
intron,60623,3.97410801326048e-4,0.010302102390852575
intron,72782,3.971852655614283e-4,0.010302102390852575
intron,85560,3.9731092617811825e-4,0.010302102390852575
intron,81067,3.9775061091529285e-4,0.010306001315098332
intron,122538,3.978552311687533e-4,0.010306001315098332
intron,138328,3.978530283001991e-4,0.010306001315098332
intron,82820,3.9823801922977964e-4,0.010312212253379213
intron,83621,3.9817873933922776e-4,0.010312212253379213
intron,121801,3.985116491360685e-4,0.010317445132309701
intron,25432,3.9875209115991517e-4,0.01032181705437047
intron,67217,3.9895122617328305e-4,0.010323543908715321
intron,74875,3.9896197967692615e-4,0.010323543908715321
intron,18404,3.995342141146496e-4,0.010330936061472347
intron,56075,3.993882822312944e-4,0.010330936061472347
intron,71245,3.994765484101048e-4,0.010330936061472347
intron,94047,3.994618957726681e-4,0.010330936061472347
intron,66270,4.000525737730687e-4,0.010342485031569185
intron,44924,4.0045731714000166e-4,0.010350015351851975
intron,100366,4.0048739425502244e-4,0.010350015351851975
intron,43430,4.009761199772477e-4,0.010360788986482522
intron,147089,4.010536697376388e-4,0.010360936322439212
intron,4237,4.0155479269321503e-4,0.010372024357856073
intron,124252,4.018752437005002e-4,0.010378442562377872
intron,26793,4.022423534206787e-4,0.01038606321570919
intron,87559,4.027313785555098e-4,0.01039682848323566
intron,76613,4.031944835264367e-4,0.010406920867352221
intron,63629,4.035096037802166e-4,0.010413190664340318
intron,24796,4.037733810489108e-4,0.010418133469479384
intron,25245,4.0397587019169734e-4,0.010421493436982844
intron,43138,4.041238651432133e-4,0.010423446650099689
intron,159168,4.042130988117787e-4,0.010423883823381646
intron,111773,4.0499873536892217e-4,0.010442276529831245
intron,8195,4.053110437394203e-4,0.010446832860562215
intron,91737,4.053203371184866e-4,0.010446832860562215
intron,99572,4.062512397203788e-4,0.010468955061893614
intron,154453,4.0656415044160177e-4,0.010475146764826169
intron,90965,4.0671557530247426e-4,0.010475305048695108
intron,130057,4.0666107802123097e-4,0.010475305048695108
intron,34950,4.075993445218362e-4,0.010496192620617935
intron,39847,4.080493892684167e-4,0.010505905780794602
intron,93410,4.0922657136710505e-4,0.010534333483958607
intron,139014,4.093756200193033e-4,0.010536289494221607
intron,30316,4.0948686124686606e-4,0.01053727191288844
intron,14479,4.096301611742348e-4,0.01053808187291433
intron,48643,4.096644890994039e-4,0.01053808187291433
intron,42919,4.0988529681906805e-4,0.01054188139796457
intron,58986,4.103027117539071e-4,0.010550735227156861
intron,4061,4.110232251465229e-4,0.01056737853961573
intron,5069,4.115999996932018e-4,0.010580321061632363
intron,22457,4.119623250484761e-4,0.010587747461818854
intron,117097,4.1223706218529443e-4,0.010592920532172978
intron,57699,4.132451507226076e-4,0.010616932736549987
intron,111404,4.1432513606542987e-4,0.010642783202099652
intron,77148,4.147406378361973e-4,0.01065155888877017
intron,25030,4.149258481449536e-4,0.010652200830982145
intron,123649,4.148529235423748e-4,0.010652200830982145
intron,138791,4.149872354910489e-4,0.010652200830982145
intron,148480,4.1511504792701714e-4,0.010653585284999352
intron,134668,4.1521664058574714e-4,0.010654296457108334
intron,145465,4.1577769553902133e-4,0.010666794901369089
intron,48267,4.161940693117039e-4,0.010673679202068803
intron,127145,4.1612168754345813e-4,0.010673679202068803
intron,13233,4.167802957250055e-4,0.010686812963302964
intron,2256,4.1718415189206937e-4,0.010691796371150628
intron,78677,4.1726949715803485e-4,0.010691796371150628
intron,90383,4.1706397328900024e-4,0.010691796371150628
intron,139007,4.1727121413548396e-4,0.010691796371150628
intron,143041,4.1792486636371695e-4,0.010706642601476734
intron,106215,4.1859343215722156e-4,0.010718698746234642
intron,112439,4.1866456654005013e-4,0.010718698746234642
intron,129348,4.1869278216410954e-4,0.010718698746234642
intron,136999,4.185776654211937e-4,0.010718698746234642
intron,79757,4.194678932455398e-4,0.010736635868168186
intron,143958,4.1971234875592955e-4,0.010740986455553918
intron,131059,4.1981780271771463e-4,0.01074177889931041
intron,96488,4.202919861671095e-4,0.01075200398247301
intron,73765,4.204242395466906e-4,0.01075347965808968
intron,18402,4.20514054210841e-4,0.010753869518634997
intron,99379,4.207078967335409e-4,0.01075691908940669
intron,39405,4.2111320482884906e-4,0.010764326435468433
intron,58850,4.212215362315863e-4,0.010764326435468433
intron,76796,4.2115700529432587e-4,0.010764326435468433
intron,143640,4.214825271913192e-4,0.01076908766808621
intron,117779,4.2181069855895537e-4,0.010775563402496241
intron,62371,4.2218910216718086e-4,0.010783319847010742
intron,97540,4.227821448958835e-4,0.010796554766956025
intron,14100,4.234522989410294e-4,0.010808746497216316
intron,19847,4.2342844176457284e-4,0.010808746497216316
intron,149036,4.234844196833176e-4,0.010808746497216316
intron,81696,4.2373233246983943e-4,0.010809334595520633
intron,119536,4.2368691382754786e-4,0.010809334595520633
intron,161353,4.2371878992564227e-4,0.010809334595520633
intron,47080,4.240348498556479e-4,0.01081131428450025
intron,86102,4.2394558244529534e-4,0.01081131428450025
intron,96494,4.24028734442361e-4,0.01081131428450025
intron,14491,4.2454396235691583e-4,0.010820468571863515
intron,16842,4.2452612797261313e-4,0.010820468571863515
intron,155578,4.247656954738943e-4,0.010824206864676424
intron,62485,4.2486587520240704e-4,0.010824846866663164
intron,127300,4.251808270419044e-4,0.010830957697444252
intron,92924,4.254573779332027e-4,0.010836088325611684
intron,38379,4.2566872768223796e-4,0.010839556809619016
intron,125225,4.259430648287932e-4,0.010842713424495283
intron,159340,4.259152460922566e-4,0.010842713424495283
intron,65762,4.2608595551008044e-4,0.01084443653128171
intron,4409,4.264795839947766e-4,0.010847925942629275
intron,43441,4.2639944395128637e-4,0.010847925942629275
intron,55946,4.265239558045586e-4,0.010847925942629275
intron,67214,4.264441593437862e-4,0.010847925942629275
intron,7165,4.266121076599294e-4,0.010848254665723053
intron,19065,4.271778994965336e-4,0.010858556142838061
intron,72331,4.272431127092524e-4,0.010858556142838061
intron,126047,4.271444152124104e-4,0.010858556142838061
intron,79141,4.2746926105285965e-4,0.01086238937949775
intron,44101,4.275963473501232e-4,0.010863704450725724
intron,26757,4.2814261095802664e-4,0.010873751584787627
intron,111196,4.281105044039446e-4,0.010873751584787627
intron,30004,4.283923331955819e-4,0.01087817805830873
intron,66933,4.2856277859093517e-4,0.01087921500336803
intron,129160,4.285840523284845e-4,0.01087921500336803
intron,47932,4.287899733057543e-4,0.010882526518919907
intron,133835,4.294139557771137e-4,0.010896445243841323
intron,142846,4.296666160584772e-4,0.010900938371207746
intron,73005,4.2993273007574384e-4,0.010905771188396269
intron,80209,4.301221625364615e-4,0.010908657526010467
intron,86355,4.3125946603561616e-4,0.010935578304659415
intron,46425,4.3135930664728317e-4,0.010936186978495915
intron,122172,4.3189489001993486e-4,0.010947840816506372
intron,107330,4.3206729447531345e-4,0.01095028617476301
intron,29680,4.325589346247938e-4,0.010960018432934837
intron,45424,4.326033058053014e-4,0.010960018432934837
intron,85461,4.3279539513063625e-4,0.010961033639902295
intron,149217,4.327801966277356e-4,0.010961033639902295
intron,20793,4.3307441685214165e-4,0.010966174263563966
intron,6491,4.3325690444606657e-4,0.01096886910453896
intron,155334,4.334336899907143e-4,0.01097141866464647
intron,121408,4.33602731245486e-4,0.010973771334629307
intron,153337,4.339692287641528e-4,0.010981119595085485
intron,163042,4.3446157009152664e-4,0.010991649059331365
intron,114138,4.3534554865476416e-4,0.01101208130764034
intron,93146,4.3596064585571526e-4,0.011025706218329557
intron,47673,4.363298442215946e-4,0.01103310851230291
intron,139170,4.3643651151459295e-4,0.011033870970544339
intron,107471,4.3690049190203695e-4,0.011041729624205581
intron,153332,4.368547093769326e-4,0.011041729624205581
intron,82895,4.371676441297101e-4,0.01104654537533084
intron,26756,4.3741510730788136e-4,0.011050862014636937
intron,71278,4.378512825280456e-4,0.01105994393055209
intron,74686,4.3815557020399076e-4,0.011065691823538861
intron,21425,4.3858697760212895e-4,0.011074647571190721
intron,48131,4.387724663577064e-4,0.011077391641464594
intron,14747,4.392366369307954e-4,0.011083289186680528
intron,15748,4.391668309304819e-4,0.011083289186680528
intron,113335,4.3922168551935314e-4,0.011083289186680528
intron,106396,4.394729658763197e-4,0.011087312454535763
intron,146438,4.3990247406433536e-4,0.011096207115164528
intron,16032,4.402180989480087e-4,0.011099965513165987
intron,22486,4.401520273917825e-4,0.011099965513165987
intron,91748,4.402823908361553e-4,0.011099965513165987
intron,24668,4.4073254231147274e-4,0.01110937209038814
intron,32199,4.4144637137577547e-4,0.011123476651578972
intron,86357,4.413914380421158e-4,0.011123476651578972
intron,43615,4.4159611797622844e-4,0.011125305972221868
intron,61058,4.4247276691311566e-4,0.011145444593578982
intron,25838,4.429775501565425e-4,0.011149501570302828
intron,60825,4.4287825116429147e-4,0.011149501570302828
intron,101398,4.4294047107928947e-4,0.011149501570302828
intron,109531,4.428234572231293e-4,0.011149501570302828
intron,139012,4.430204081482536e-4,0.011149501570302828
intron,34362,4.4313827176534204e-4,0.011150521855952658
intron,39769,4.435508018630907e-4,0.01115895507401792
intron,43762,4.4439730489309603e-4,0.0111783014384648
intron,158384,4.445946108301291e-4,0.011181314099054835
intron,11287,4.4486105134722287e-4,0.011185175202862621
intron,121512,4.449032638056405e-4,0.011185175202862621
intron,67420,4.460736547419186e-4,0.01121264485434336
intron,820,4.4670922336043084e-4,0.01122666381546491
intron,84679,4.4697771057677915e-4,0.011231454035397385
intron,93389,4.4707333671345495e-4,0.011231899767846203
intron,13752,4.4732798537383545e-4,0.011236339799129887
intron,10659,4.4763567987060604e-4,0.011242110499320878
intron,57501,4.477710834934756e-4,0.011243552957921581
intron,115051,4.4800136904510346e-4,0.011247376989186497
intron,79403,4.4812083138279224e-4,0.011248417881848272
intron,39336,4.4828672560348615e-4,0.011250623710250944
intron,119869,4.484236063452274e-4,0.011252100748255821
intron,14923,4.486331107512731e-4,0.011255399269677946
intron,78173,0.00044899074374571413,0.011262412277498381
intron,76310,4.490759328762417e-4,0.011262590096049423
intron,140577,4.491770492505154e-4,0.011263167230267618
intron,7166,4.4986060483309664e-4,0.011278346356252845
intron,73592,4.5076517894149237e-4,0.011297096656172364
intron,163835,4.5069622698301615e-4,0.011297096656172364
intron,68829,4.5119823286943195e-4,0.011304020772654999
intron,153801,4.5117934911353963e-4,0.011304020772654999
intron,43136,4.5128223454160565e-4,0.011304161402907995
intron,152563,4.514055834637931e-4,0.011305287421772007
intron,85960,4.5250138018360087e-4,0.011330763419367344
intron,159317,4.5263473750312144e-4,0.011332134998457054
intron,121410,4.5296362634572596e-4,0.01133840056664435
intron,13206,4.532270431824026e-4,0.011339883634744446
intron,16924,4.5323862573720675e-4,0.011339883634744446
intron,132606,4.5325878265733976e-4,0.011339883634744446
intron,1053,4.535908724876414e-4,0.01134622358175634
intron,60505,4.537102190020903e-4,0.011347240643710446
intron,46215,4.539027152579145e-4,0.011348280584073327
intron,47394,4.539091889362856e-4,0.011348280584073327
intron,159998,4.5423034949010344e-4,0.011354341481871961
intron,127924,4.543731454769162e-4,0.011355942493897687
intron,12596,4.545464138547839e-4,0.011356336573589193
intron,23269,4.5448288425453676e-4,0.011356336573589193
intron,150515,4.5475706256803416e-4,0.011359631339294735
intron,48841,4.548871110089392e-4,0.011360911953111551
intron,114101,4.5511958005450825e-4,0.011364749659033849
intron,148350,4.553351481892953e-4,0.011368164078070241
intron,130353,4.55674399302497e-4,0.011374664722211388
intron,40689,4.55936491716491e-4,0.011377268326866242
intron,50714,4.559276110436272e-4,0.011377268326866242
intron,58512,4.566930644385181e-4,0.0113941759071774
intron,85655,4.572446039435851e-4,0.011405963086125685
intron,148007,4.5738561141450695e-4,0.011407507240617745
intron,38182,4.5794127829368314e-4,0.011419278366659718
intron,55841,4.5801594979966165e-4,0.011419278366659718
intron,66594,4.586627124087972e-4,0.011433426753385552
intron,47890,4.591359752198487e-4,0.011443246038459856
intron,117282,4.5930643192648724e-4,0.011445516265564705
intron,40116,4.5963895490241935e-4,0.0114478678358572
intron,81112,4.5959229073622154e-4,0.0114478678358572
intron,115192,4.5962242292774125e-4,0.0114478678358572
intron,51285,4.599711129426032e-4,0.011454162369903985
intron,32406,4.603557452673712e-4,0.011457804790778701
intron,92676,4.602973382520359e-4,0.011457804790778701
intron,134572,4.6031962314130315e-4,0.011457804790778701
intron,57101,4.6126408164104404e-4,0.011475849172289389
intron,114201,4.6119469444927397e-4,0.011475849172289389
intron,127076,4.6131947583516464e-4,0.011475849172289389
intron,158538,4.62046266181404e-4,0.011491946517285568
intron,60263,4.621433877429748e-4,0.011492379982109186
intron,44460,4.6231980205768686e-4,0.011494784775057389
intron,115178,4.626660157323048e-4,0.01150140977947052
intron,53798,4.6280144979626847e-4,0.01150279363508626
intron,115437,4.633070614030732e-4,0.01151337608198397
intron,21902,4.6394412236561156e-4,0.011527220891450335
intron,129460,4.641916489892539e-4,0.011531384173263281
intron,103601,4.6494069984204245e-4,0.011548002670017467
intron,44157,4.653859223927581e-4,0.011557070382382033
intron,30430,4.660713579675013e-4,0.011572099228378006
intron,130658,4.6618612006499305e-4,0.011572956070961002
intron,44754,4.663477700342922e-4,0.011574976398164401
intron,155222,4.6646857202681247e-4,0.011575982338026251
intron,153361,4.6696226366993443e-4,0.011586240047668657
intron,152625,4.6736578362671644e-4,0.011594257278420419
intron,30701,4.674814577346753e-4,0.011595132193936073
intron,14812,4.679077830538336e-4,0.011599721105525904
intron,82230,4.6788729467128753e-4,0.011599721105525904
intron,118125,4.6789766762911356e-4,0.011599721105525904
intron,162078,4.6813305772586133e-4,0.011603311078630678
intron,38284,4.684944460251472e-4,0.011608278106176702
intron,60377,4.6847763843249624e-4,0.011608278106176702
intron,2013,4.693163544611245e-4,0.011626645512416317
intron,91539,4.697375174587126e-4,0.011635080415693673
intron,76278,4.6994537486644283e-4,0.011638229894103576
intron,116972,4.703421418805753e-4,0.01164605584721362
intron,16578,4.7121809893724276e-4,0.011663739854693265
intron,57268,4.7114873910547583e-4,0.011663739854693265
intron,131685,4.715536816846111e-4,0.01167004320828775
intron,116289,4.7183978789422376e-4,0.011675120160065602
intron,100556,4.727025724822198e-4,0.011694462149587146
intron,162578,4.729456918151076e-4,0.011698469876429026
intron,105898,4.730848119982589e-4,0.011699904216057782
intron,23449,4.7326220112098305e-4,0.01170122248409277
intron,98506,4.733003997705598e-4,0.01170122248409277
intron,158498,4.738461878777134e-4,0.011712707784587146
intron,35275,4.745638618182113e-4,0.01172519101665308
intron,40047,4.745951303626317e-4,0.01172519101665308
intron,71700,4.7451837465739555e-4,0.01172519101665308
intron,161163,4.7481510481073297e-4,0.01172861627602627
intron,148061,4.7495334014269197e-4,0.011730021634176602
intron,102220,4.75557800271198e-4,0.011742938990361069
intron,155537,4.765816437694026e-4,0.011766205975527176
intron,16666,4.7684153097315995e-4,0.011770607096379062
intron,55879,4.7701986163861676e-4,0.011771652764318997
intron,146900,4.7704715273655385e-4,0.011771652764318997
intron,93408,4.7832192838437315e-4,0.011799071215621845
intron,162947,4.782517169814593e-4,0.011799071215621845
intron,121114,4.793188920331204e-4,0.011819355973071483
intron,125569,4.793901342271534e-4,0.011819355973071483
intron,162739,4.793162375495985e-4,0.011819355973071483
intron,20490,4.7969309647111213e-4,0.011823095325662765
intron,47398,4.797057753815892e-4,0.011823095325662765
intron,66284,4.8028348699191703e-4,0.011833289049828015
intron,156073,4.8026280005530886e-4,0.011833289049828015
intron,113563,4.8043710046319354e-4,0.01183505175034092
intron,55428,4.805520504008731e-4,0.011835861576799096
intron,62209,4.8135763503454054e-4,0.011853678359874657
intron,138211,4.820673602892178e-4,0.011869128875743082
intron,130269,4.824937273992802e-4,0.011877598659451689
intron,39988,4.826795492172131e-4,0.01188014503395915
intron,46920,4.830924157144256e-4,0.011888277814493205
intron,7407,4.833019561627516e-4,0.011889376525479686
intron,39411,4.832685823310534e-4,0.011889376525479686
intron,118107,4.839024033983508e-4,0.011900087634185876
intron,151956,4.838935265902844e-4,0.011900087634185876
intron,49046,4.847637203608812e-4,0.011919236457302916
intron,135993,4.8497765214761124e-4,0.011922463737342409
intron,150526,4.8539390575252916e-4,0.01193066285441537
intron,49135,4.858158676154245e-4,0.011938999458285195
intron,155535,4.8600727865322213e-4,0.011941668364754679
intron,45581,4.8646167925081585e-4,0.011950797168606883
intron,73670,4.8657795546036553e-4,0.011951617649986875
intron,16587,4.873685858899357e-4,0.011966247244851586
intron,57701,4.8732884618152283e-4,0.011966247244851586
intron,77731,4.8742249902056223e-4,0.011966247244851586
intron,46501,4.877932802145324e-4,0.011973311584663332
intron,143400,4.8808642786279943e-4,0.011978468261199917
intron,91981,4.890503769612309e-4,0.012000082986293724
intron,86118,4.89180002090861e-4,0.012001221599441442
intron,148433,4.899757735122856e-4,0.012018699841960566
intron,126994,4.90701456834941e-4,0.012034453228876928
intron,114978,4.909884701826961e-4,0.012039444706620652
intron,149709,4.911991364102697e-4,0.012042562710696321
intron,20796,4.913386158573729e-4,0.012043934689264691
intron,91893,4.914243656679584e-4,0.01204398937795365
intron,154449,4.918751620328621e-4,0.012052989208372633
intron,96489,4.922466166568107e-4,0.012060042108091862
intron,61130,4.927145515807307e-4,0.012064207060458434
intron,73904,4.925768815478015e-4,0.012064207060458434
intron,100367,4.926503133338977e-4,0.012064207060458434
intron,162591,4.927512505363829e-4,0.012064207060458434
intron,4095,4.940090378411366e-4,0.012092948789671834
intron,75688,4.944139336505726e-4,0.012100806199923306
intron,116626,4.945185884543957e-4,0.01210131377655575
intron,38422,0.00049480079460195725,0.012106165284554538
intron,84601,4.950364216167458e-4,0.012109875700099417
intron,158330,4.951967309956284e-4,0.012111742704661905
intron,136914,4.959803143718133e-4,0.012128850804581327
intron,54208,4.962465226057144e-4,0.012133303202001062
intron,100489,4.969198949578146e-4,0.012147707627086213
intron,106131,4.970054132589219e-4,0.012147738920310059
intron,354,4.97276439159422e-4,0.012152303586148579
intron,82298,4.974293465231927e-4,0.01215398064623349
intron,15443,4.978061213996021e-4,0.012159066285344246
intron,130116,4.977291646137694e-4,0.012159066285344246
intron,1355,4.981355223023787e-4,0.012165051526614585
intron,6024,4.986503739513592e-4,0.012175562898138108
intron,65723,4.999038920021626e-4,0.012204103699670874
intron,109529,5.000005425980225e-4,0.012204397130405048
intron,35101,5.001093250247557e-4,0.012204986534751217
intron,54209,5.003054919019423e-4,0.012207707964586022
intron,8729,5.005914433379166e-4,0.012212618891800194
intron,64236,5.015903711858005e-4,0.012232850102755072
intron,67861,5.015082967816387e-4,0.012232850102755072
intron,13945,5.023328193693999e-4,0.012248885506053948
intron,16785,5.027112341240425e-4,0.012256040395490414
intron,161383,5.029361626847084e-4,0.012259451523372844
intron,87642,5.03211750293997e-4,0.012264096142411092
intron,21875,5.038237733094864e-4,0.012276937289226275
intron,24044,5.040220131529161e-4,0.012279692929674365
intron,21011,5.045831611678597e-4,0.012291287824752289
intron,58349,5.047201672798707e-4,0.012292548752394581
intron,162710,5.053560991370443e-4,0.01230595862685845
intron,57263,5.055019183997089e-4,0.01230687536548255
intron,150060,5.055644293627815e-4,0.01230687536548255
intron,121221,5.057889398228932e-4,0.012310262556124888
intron,62636,5.062909103061841e-4,0.012320400489794785
intron,50715,5.070304696189742e-4,0.012336315662619102
intron,107429,5.072639931292811e-4,0.012339915428001726
intron,91542,5.081485518216855e-4,0.012359348661249756
intron,78434,5.083465819117894e-4,0.012362080191863982
intron,109668,5.08483899412715e-4,0.01236333462866454
intron,47402,5.092238090051993e-4,0.012379237664398647
intron,145431,5.094145343221834e-4,0.012381786912354475
intron,94128,5.099948362030648e-4,0.012393802720649709
intron,46429,5.105740777341383e-4,0.012405788715721464
intron,17243,5.110297584484114e-4,0.012410587466583035
intron,18054,5.108736748442588e-4,0.012410587466583035
intron,56563,5.110023706217381e-4,0.012410587466583035
intron,74980,5.113750006718876e-4,0.01241688074118385
intron,26926,5.118524462005558e-4,0.012426381432532585
intron,160628,5.119415542846895e-4,0.012426452738382799
intron,38154,5.121517806246922e-4,0.012429463451454896
intron,45768,5.125537847956441e-4,0.012437126643786881
intron,7553,5.127057404776814e-4,0.012438720847420088
intron,29645,5.13296086817272e-4,0.012449201363061152
intron,142890,5.133103892651647e-4,0.012449201363061152
intron,121891,5.135438396860481e-4,0.012452768873315275
intron,33761,5.140313247782302e-4,0.012462494158085785
intron,38440,5.144899987428175e-4,0.012467326373501175
intron,100007,5.144808062568229e-4,0.012467326373501175
intron,131633,5.143960196540842e-4,0.012467326373501175
intron,60258,5.149045174368538e-4,0.012473179194694504
intron,138097,5.148878058244266e-4,0.012473179194694504
intron,115682,5.151377151810799e-4,0.01247510146388856
intron,141226,5.151568870960244e-4,0.01247510146388856
intron,89584,5.153317926225309e-4,0.012477241742565029
intron,25773,5.155528240202711e-4,0.012480497917322687
intron,103664,5.163595732091686e-4,0.012497929669985662
intron,131054,5.167228453870631e-4,0.012504623487956406
intron,15293,5.171015655175415e-4,0.012510368308139987
intron,142291,5.171337416687294e-4,0.012510368308139987
intron,1362,5.173533306508382e-4,0.012513581307139454
intron,5878,5.176495481042931e-4,0.012518646383276169
intron,26865,5.182956096461133e-4,0.01253041110067049
intron,93492,5.183966979869226e-4,0.01253041110067049
intron,103975,5.183790310268055e-4,0.01253041110067049
intron,21581,5.185169641113152e-4,0.01253121767112459
intron,6646,5.191461424112198e-4,0.012544321005143227
intron,120753,5.201885522350125e-4,0.012567403342629326
intron,112630,5.205862222873447e-4,0.012574904079965013
intron,17646,5.212864910533188e-4,0.012587602313349957
intron,26492,5.212833285569429e-4,0.012587602313349957
intron,46633,5.215137594420938e-4,0.012590981869724764
intron,140641,5.217542570175038e-4,0.012594679635373815
intron,124806,5.219313461410913e-4,0.012594737890389616
intron,134417,5.218788669916208e-4,0.012594737890389616
intron,153146,5.224322309961282e-4,0.012604715532082762
intron,96122,5.227224161614696e-4,0.01260960713740332
intron,76232,5.231101417122463e-4,0.012616058269973156
intron,127501,5.231648148456003e-4,0.012616058269973156
intron,595,5.239444171196705e-4,0.012632745788258876
intron,157458,5.241640249633583e-4,0.01263592804210816
intron,113979,5.243178729130715e-4,0.012637524235195605
intron,91723,5.245635387227665e-4,0.012641332591676803
intron,32202,5.246776949636711e-4,0.012641970987072034
intron,90450,5.248668623389907e-4,0.01264441624078163
intron,75747,5.256329661731396e-4,0.01266075716601469
intron,25754,5.258784069664957e-4,0.01266455367959543
intron,15593,5.259964423074415e-4,0.012665281174791989
intron,139496,5.265566363317209e-4,0.012676653231300248
intron,145056,5.271683054086651e-4,0.012689260527135265
intron,58722,5.274331861828685e-4,0.012693517603450086
intron,44429,5.277637856476725e-4,0.012699354619872167
intron,40691,5.278902982240874e-4,0.012699557009576415
intron,163767,5.279483261728668e-4,0.012699557009576415
intron,66604,5.285722722270236e-4,0.012712445240333955
intron,42858,5.289558709357101e-4,0.012717307533368086
intron,61129,5.290043999230942e-4,0.012717307533368086
intron,77709,5.290390056840177e-4,0.012717307533368086
intron,33487,5.299397920055515e-4,0.0127347154783777
intron,144053,5.299149592713492e-4,0.0127347154783777
intron,43780,5.301814745657385e-4,0.012736278511194644
intron,86811,5.301493251183009e-4,0.012736278511194644
intron,54427,5.304776362253794e-4,0.01274127056748056
intron,153495,5.306630914631016e-4,0.012743602403100667
intron,95594,5.311659091205012e-4,0.012753553489267419
intron,42513,5.31762086176113e-4,0.012765742493956839
intron,44615,5.322599344668166e-4,0.012775567305202434
intron,70211,5.32538169236485e-4,0.01277863088508765
intron,130927,5.325647965728209e-4,0.01277863088508765
intron,62208,5.327804528594271e-4,0.012781678716602796
intron,110996,5.330940610331902e-4,0.012787075059782644
intron,3055,5.336763217562712e-4,0.012797253165441199
intron,118319,5.336958714692308e-4,0.012797253165441199
intron,127305,5.340526309212112e-4,0.012803678760973419
intron,112831,5.341978491393284e-4,0.012805031454593607
intron,111996,5.343579148247013e-4,0.012806739541819129
intron,22044,5.358599802587349e-4,0.012840604880885908
intron,82657,5.360102275110412e-4,0.012842071254142667
intron,124390,5.367428330441681e-4,0.012857487329701055
intron,104598,5.372541795575225e-4,0.012867598982137792
intron,57953,5.380312568625811e-4,0.012884061846713668
intron,104849,5.381202334335811e-4,0.012884061846713668
intron,85197,5.386224396841666e-4,0.012892764505930973
intron,129156,5.386625208778639e-4,0.012892764505930973
intron,131927,5.387844931565855e-4,0.012893543877303638
intron,92678,5.397947429969241e-4,0.012915576655609329
intron,120729,5.404387778695785e-4,0.012928841214372646
intron,83588,5.411352484422371e-4,0.01294335557673075
intron,76343,5.414149863245399e-4,0.012947898993847913
intron,19583,5.431469588830229e-4,0.01298716522958781
intron,85755,5.433108261969632e-4,0.012988929760176638
intron,157276,5.441024466574795e-4,0.013005698910183184
intron,7823,5.446190950674223e-4,0.013010247060631265
intron,54416,5.444069182799494e-4,0.013010247060631265
intron,83523,5.446535986812773e-4,0.013010247060631265
intron,88903,5.445401871162492e-4,0.013010247060631265
intron,152535,5.449013071402442e-4,0.013014008413178735
intron,141952,5.451099610500609e-4,0.01301683592534296
intron,67264,5.452678333368599e-4,0.013018450073180223
intron,108902,5.453873506215956e-4,0.01301914809983255
intron,102218,5.455486716008373e-4,0.013020843642095653
intron,33414,5.46190177536432e-4,0.013031510603785688
intron,95596,5.462742932533793e-4,0.013031510603785688
intron,111551,5.463570638768456e-4,0.013031510603785688
intron,140833,5.463126673082019e-4,0.013031510603785688
intron,1422,5.468279199789539e-4,0.01303211982871771
intron,15188,5.46843371830974e-4,0.01303211982871771
intron,20944,5.468201259457572e-4,0.01303211982871771
intron,39261,5.467848403957198e-4,0.01303211982871771
intron,56384,5.469248316891662e-4,0.01303211982871771
intron,139789,5.46582536260054e-4,0.01303211982871771
intron,27773,5.475594899645442e-4,0.0130450869600722
intron,3736,5.477744054012135e-4,0.01304805148326607
intron,62367,5.481726656910713e-4,0.013055381602198565
intron,41037,5.483645437525109e-4,0.013057794874656265
intron,104533,5.486764907584041e-4,0.01306306599022572
intron,23810,5.492287799468976e-4,0.013074056564840255
intron,147077,5.494824742073856e-4,0.013077936814329833
intron,48801,5.499679867695395e-4,0.013087332255457919
intron,109969,5.506088796380926e-4,0.013100421499087677
intron,8196,5.515676058656105e-4,0.013121067261475107
intron,65722,5.51890209882e-4,0.01312535531704859
intron,65757,5.520209143654586e-4,0.01312535531704859
intron,120231,5.519631828440064e-4,0.01312535531704859
intron,56929,5.522361476036908e-4,0.013128308298299609
intron,36928,5.527422913608193e-4,0.013134015955248034
intron,64643,5.528224897816125e-4,0.013134015955248034
intron,79780,5.529220737886531e-4,0.013134015955248034
intron,82569,5.528229556650555e-4,0.013134015955248034
intron,158235,5.529316251243754e-4,0.013134015955248034
intron,14928,5.535820124993318e-4,0.013145134410751052
intron,139589,5.535339239790549e-4,0.013145134410751052
intron,95341,5.54005370176025e-4,0.013153021471349035
intron,73593,5.543770544822468e-4,0.01315967932439858
intron,44160,5.549259182646704e-4,0.013170540140749396
intron,95799,5.553419230059919e-4,0.013178244642245365
intron,156072,5.556394185486369e-4,0.013183134852030811
intron,56167,5.561019326620897e-4,0.013189738156128766
intron,130329,5.561921247055901e-4,0.013189738156128766
intron,130554,5.560342302637356e-4,0.013189738156128766
intron,104877,5.564208859474284e-4,0.013192993538280304
intron,29282,5.569869555828166e-4,0.013204244271532342
intron,54134,5.571458370183802e-4,0.013205839861753707
intron,39400,5.578971080144601e-4,0.013214391995638865
intron,41538,5.57840979612978e-4,0.013214391995638865
intron,81675,5.579781837954378e-4,0.013214391995638865
intron,102283,5.580564553276934e-4,0.013214391995638865
intron,146593,5.577673396003346e-4,0.013214391995638865
intron,153316,5.577349674220633e-4,0.013214391995638865
intron,59171,5.590291676972337e-4,0.013235251877543092
intron,55429,5.591852475643755e-4,0.013236773965120796
intron,17714,5.59746322212229e-4,0.013245706906343765
intron,152173,5.597068721010512e-4,0.013245706906343765
intron,54886,5.601915798503221e-4,0.013252985014306976
intron,66272,5.602376905921025e-4,0.013252985014306976
intron,48836,5.606279495560251e-4,0.01325970006166882
intron,78573,5.607419773983047e-4,0.01325970006166882
intron,140584,5.607974000992888e-4,0.01325970006166882
intron,139497,5.610855915060275e-4,0.013264339326936018
intron,152172,5.613518788101235e-4,0.013268459332498194
intron,128362,5.616139525304042e-4,0.013272478409136678
intron,46428,5.618627197152559e-4,0.013274006753272921
intron,87641,5.61859012164545e-4,0.013274006753272921
intron,11748,5.628014778462642e-4,0.013287750157220606
intron,44736,5.628130254446972e-4,0.013287750157220606
intron,75647,5.625711804015943e-4,0.013287750157220606
intron,123032,5.626351806948815e-4,0.013287750157220606
intron,85463,5.632004667017743e-4,0.013294720854749184
intron,9005,5.636494021313831e-4,0.01330195296828326
intron,116953,5.636913228149742e-4,0.01330195296828326
intron,35773,5.63805690085406e-4,0.013302474991843283
intron,95597,5.642161779639832e-4,0.013309982394184872
intron,122012,5.643370209756915e-4,0.013310655672855993
intron,2107,5.650830329239076e-4,0.013326071779044634
intron,134419,5.653462609087612e-4,0.013327920262689181
intron,156251,5.653156701515005e-4,0.013327920262689181
intron,8017,5.659491194587307e-4,0.01333815618591474
intron,11607,5.659654365017808e-4,0.01333815618591474
intron,40140,5.661299958981125e-4,0.013339854300405083
intron,35613,5.665550853551915e-4,0.013345509505687048
intron,37855,5.665538299421957e-4,0.013345509505687048
intron,82308,5.667481773494742e-4,0.013347367472302803
intron,126086,5.668190753596036e-4,0.013347367472302803
intron,74338,5.677164243530486e-4,0.013366315494968176
intron,15745,5.678408038034544e-4,0.013367061507359574
intron,57027,5.681687381799971e-4,0.013370707474530678
intron,112437,5.681811243831714e-4,0.013370707474530678
intron,30272,5.683631183133198e-4,0.013372807995204584
intron,138095,5.685573522541398e-4,0.013375195774308768
intron,112659,5.687034418456749e-4,0.013376450373224472
intron,158329,5.696061523382534e-4,0.013395498109954747
intron,93284,5.698693924869325e-4,0.013399503584275732
intron,2494,5.703282620452832e-4,0.01340592138300964
intron,130049,5.702900390800458e-4,0.01340592138300964
intron,34952,5.711061488886671e-4,0.013422018320206652
intron,113396,5.713850517975461e-4,0.013426384905421009
intron,112040,5.715282546256972e-4,0.013427561911829247
intron,23071,5.716677979277218e-4,0.013428652571389964
intron,160608,5.719501867598176e-4,0.013433097814669871
intron,87676,5.721170275625465e-4,0.01343482823541966
intron,34069,5.722607624265574e-4,0.013436015592192539
intron,93829,5.728351677970478e-4,0.013447312557790797
intron,86361,5.731156124262338e-4,0.013451706237166324
intron,49537,5.735879818444811e-4,0.01346060245693199
intron,112435,5.737363951583418e-4,0.013461894620338269
intron,19173,5.738557748389272e-4,0.013462505241938698
intron,35357,5.742135637172296e-4,0.013466517382171172
intron,141271,5.741474803621083e-4,0.013466517382171172
intron,129165,5.745058093971078e-4,0.013471180366785159
intron,115927,5.746599674074648e-4,0.01347260444154256
intron,64300,5.752744256085629e-4,0.0134848177980712
intron,6977,5.756848143716464e-4,0.013492244437850156
intron,17910,5.76319609580711e-4,0.013504927191876112
intron,72685,5.76712994872608e-4,0.013511949772801653
intron,87589,5.768231864665685e-4,0.013512336135605011
intron,140850,5.771552971495231e-4,0.013515724900299005
intron,141270,5.771452658864806e-4,0.013515724900299005
intron,35493,5.772675723723086e-4,0.013516159248107404
intron,17875,5.782601840779167e-4,0.013535005090946945
intron,62768,5.782308771781208e-4,0.013535005090946945
intron,85706,5.786568531180869e-4,0.013542091661408627
intron,17316,5.791906432012217e-4,0.01355238440436777
intron,142952,5.793054404865661e-4,0.013552871456237221
intron,80008,5.79904376082574e-4,0.013564427580563072
intron,125715,5.799875211449645e-4,0.013564427580563072
intron,130382,5.803930200058982e-4,0.013571710107992631
intron,127152,5.806236134902054e-4,0.013574901010146247
intron,142670,5.807670777344676e-4,0.013576054138248398
intron,128145,5.817676291655083e-4,0.013597238978779652
intron,91735,5.821296718151459e-4,0.013602141726540756
intron,101192,5.82166044201804e-4,0.013602141726540756
intron,72335,5.824070401091452e-4,0.013605568124577921
intron,63497,5.832004032723104e-4,0.013621895133574678
intron,112940,5.833414064966291e-4,0.013622982057758607
intron,152724,5.837324402331312e-4,0.013629906737159836
intron,150365,5.845010080995916e-4,0.013645643010363898
intron,2049,5.853265560473719e-4,0.013660591245701719
intron,158118,5.853307627728954e-4,0.013660591245701719
intron,23080,5.859641449377229e-4,0.013672200440445577
intron,116218,5.860178141310346e-4,0.013672200440445577
intron,141276,5.8709110591737e-4,0.013695025414271462
intron,57270,5.883883476947016e-4,0.013723066222870747
intron,149522,5.886726920618646e-4,0.013727477830557132
intron,130043,5.890749822856645e-4,0.013732417712652573
intron,155582,5.890555562598765e-4,0.013732417712652573
intron,130032,5.896369861018158e-4,0.013743297374298457
intron,155371,5.9012063183983e-4,0.013752347439516218
intron,20173,5.903626411143392e-4,0.013753542065779566
intron,116602,5.903511458331678e-4,0.013753542065779566
intron,44768,5.904945775874193e-4,0.013754393724785813
intron,24125,5.914779793445568e-4,0.01376923720611115
intron,66049,5.914990939044351e-4,0.01376923720611115
intron,75157,5.913402751102081e-4,0.01376923720611115
intron,115156,5.915137579441954e-4,0.01376923720611115
intron,146670,5.918647474494332e-4,0.013775183930832862
intron,6243,5.922199935984862e-4,0.013781227790359351
intron,3737,5.925800123314229e-4,0.013786723786916961
intron,30423,5.926473801902699e-4,0.013786723786916961
intron,138984,5.929319528328314e-4,0.013791119051961953
intron,76584,5.930646590068811e-4,0.013791981177456105
intron,79275,5.932813767611789e-4,0.013794796436407502
intron,16180,5.940207641166317e-4,0.013805744043085842
intron,35294,5.941351496903113e-4,0.013805744043085842
intron,44925,5.939645219027456e-4,0.013805744043085842
intron,123375,5.940695112498506e-4,0.013805744043085842
intron,98994,5.949499957206283e-4,0.013822451108890712
intron,93657,5.954188114614123e-4,0.013831114778417506
intron,2266,5.963001355693276e-4,0.013849356361740381
intron,99424,5.970784264628382e-4,0.013865199459730516
intron,5564,5.976221608128274e-4,0.013875591522192143
intron,19279,5.979385227139478e-4,0.013880701955088582
intron,60782,5.987317231619382e-4,0.013888807016797646
intron,125957,5.987692221836038e-4,0.013888807016797646
intron,138790,5.984972646437825e-4,0.013888807016797646
intron,147633,5.986457523975419e-4,0.013888807016797646
intron,152671,5.983959047407561e-4,0.013888807016797646
intron,160439,5.997570641083083e-4,0.013909483265337218
intron,49539,5.999194358122795e-4,0.013910771266597816
intron,79074,6.000782208410715e-4,0.013910771266597816
intron,127173,6.001019926182849e-4,0.013910771266597816
intron,30431,6.005218931501854e-4,0.013916132921275113
intron,143081,6.006026789860952e-4,0.013916132921275113
intron,152229,6.006227943304854e-4,0.013916132921275113
intron,52730,6.008394229961578e-4,0.013917982047543813
intron,90384,6.008956307808067e-4,0.013917982047543813
intron,65755,6.019329067488144e-4,0.013939768537582508
intron,29258,6.021408649625748e-4,0.013942345490311179
intron,51437,6.027398059638145e-4,0.013949832552444195
intron,92904,6.02754419926077e-4,0.013949832552444195
intron,125449,6.026120905344712e-4,0.013949832552444195
intron,20489,6.030223067738927e-4,0.013953792970626244
intron,117286,6.034560700669545e-4,0.013961589843758272
intron,122615,6.039283415195662e-4,0.01397027499928009
intron,95082,6.043496519541058e-4,0.01397777871040028
intron,140568,6.044642193250294e-4,0.013978186606190587
intron,117375,6.049641770045078e-4,0.013985262756218189
intron,147360,6.049056308019551e-4,0.013985262756218189
intron,703,6.057340743852446e-4,0.013995360409484266
intron,31613,6.056886587201271e-4,0.013995360409484266
intron,45425,6.055968680025448e-4,0.013995360409484266
intron,101356,6.057891758097789e-4,0.013995360409484266
intron,89716,6.059180143591636e-4,0.013996094681514
intron,107735,6.064693596223858e-4,0.014006586634059159
intron,48231,6.077297963056338e-4,0.014033449277157172
intron,135374,6.081338827146343e-4,0.01404053199241583
intron,100158,6.087186271375167e-4,0.014051782785916418
intron,73571,6.088374209073377e-4,0.014052275601277921
intron,48314,6.093816602690261e-4,0.014062586186976388
intron,79210,6.095126392261507e-4,0.014063358266381682
intron,28233,6.09613528824271e-4,0.014063435954433155
intron,150558,6.108370282867925e-4,0.014089407443722567
intron,62967,6.119458061507599e-4,0.01411272491085601
intron,83585,6.123472606207603e-4,0.014119725201844896
intron,3016,6.134115090986603e-4,0.014142003755809833
intron,14602,6.140115437220928e-4,0.014151312559618321
intron,49744,6.139972367698032e-4,0.014151312559618321
intron,45194,6.142688431980403e-4,0.014154980356513231
intron,37349,6.146833401010632e-4,0.014157744837239103
intron,79339,6.146712983656766e-4,0.014157744837239103
intron,103557,6.146787063479042e-4,0.014157744837239103
intron,83087,0.00061569976789566105,0.014178891157606132
intron,93847,6.158377444839269e-4,0.01417980418629948
intron,11446,6.16152394548819e-4,0.01418478422105708
intron,37851,6.171358751378975e-4,0.014203050453352007
intron,80896,6.171428165117065e-4,0.014203050453352007
intron,70646,6.173014207284666e-4,0.014204433696982604
intron,110067,6.177423724380571e-4,0.01421231242855375
intron,62505,6.186152575331505e-4,0.014230124492436278
intron,161961,6.191845506859917e-4,0.01424094840522724
intron,3990,6.19559353047805e-4,0.014247114930757155
intron,22634,6.196502586262032e-4,0.014247114930757155
intron,81741,6.201618340326842e-4,0.014254331782013277
intron,140051,6.201299899997181e-4,0.014254331782013277
intron,31692,6.202709005720397e-4,0.01425456665478759
intron,26583,6.203949988732305e-4,0.014255146845524529
intron,12131,6.206709453323578e-4,0.014259215391674896
intron,5296,6.215163472447216e-4,0.014274089486720747
intron,125409,6.214381736107111e-4,0.014274089486720747
intron,42891,6.220742574896132e-4,0.014284627778631315
intron,102626,6.22651562026233e-4,0.01429438568578047
intron,148063,6.226974479607295e-4,0.01429438568578047
intron,50290,6.233234591306314e-4,0.014302599407279775
intron,81115,6.231921124644213e-4,0.014302599407279775
intron,125607,6.23352800313115e-4,0.014302599407279775
intron,136862,6.245409976168848e-4,0.014327582507689802
intron,103477,6.249268928857354e-4,0.014334154993219859
intron,49012,6.252266746291646e-4,0.014336470514906654
intron,77610,6.251907994432315e-4,0.014336470514906654
intron,163131,6.258389098090511e-4,0.01434822760998948
intron,55484,6.261024307461227e-4,0.014351987479034512
intron,151528,6.262739722523447e-4,0.014353638066845816
intron,3794,6.269724912705277e-4,0.014365081355044326
intron,134707,6.269708102729643e-4,0.014365081355044326
intron,1764,6.272255632451262e-4,0.014368596790927708
intron,25332,6.275773714640165e-4,0.014374372618600926
intron,127904,6.280407442524893e-4,0.014382701541435401
intron,113211,6.282742690673082e-4,0.014385764928451781
intron,154901,6.285526469579361e-4,0.014387570088867157
intron,160792,6.284824763895802e-4,0.014387570088867157
intron,124998,6.287695500899471e-4,0.01439025083475972
intron,1359,6.289667301055957e-4,0.014392479411034217
intron,141928,6.293536601159611e-4,0.014399048590249468
intron,61601,6.29759006262498e-4,0.014406036963213208
intron,146454,6.300436287363098e-4,0.014410261945944018
intron,107360,6.302765849230951e-4,0.014410571317771324
intron,115230,6.303569443404378e-4,0.014410571317771324
intron,133660,6.302803136870594e-4,0.014410571317771324
intron,118163,6.30484372567075e-4,0.014411199859689363
intron,48268,6.305996170321571e-4,0.01441154975805963
intron,120282,6.311528016835766e-4,0.014421906523908023
intron,111410,6.316366574320442e-4,0.014428858619015229
intron,135442,6.316571627025258e-4,0.014428858619015229
intron,25131,6.32060665874068e-4,0.014430494536568438
intron,29820,6.322192515236802e-4,0.014430494536568438
intron,87735,6.321895625992502e-4,0.014430494536568438
intron,89571,6.32229118434191e-4,0.014430494536568438
intron,99030,6.319627124793392e-4,0.014430494536568438
intron,6533,6.323948713282679e-4,0.014431267541881603
intron,8083,6.324631319193363e-4,0.014431267541881603
intron,160070,6.331039966958052e-4,0.01444360513392058
intron,135882,6.333364107138362e-4,0.014446621920248367
intron,8428,6.339871738536562e-4,0.014456892533193265
intron,29276,6.339072426897463e-4,0.014456892533193265
intron,48686,6.342243845519624e-4,0.014460015149894836
intron,30834,6.344328547307487e-4,0.014462481612734284
intron,29059,6.345396692374328e-4,0.014462630327441514
intron,33174,6.347586691771712e-4,0.014465335557211178
intron,23396,6.349628826483045e-4,0.01446770302070849
intron,154632,6.35160580323868e-4,0.01446992129648721
intron,93516,6.353880995364491e-4,0.01447281814402981
intron,7802,6.3557893698718e-4,0.01447487867436991
intron,74760,6.35964137573497e-4,0.014477891104642069
intron,115433,6.359750771796069e-4,0.014477891104642069
intron,119535,6.360123998689904e-4,0.014477891104642069
intron,16595,6.362622221314229e-4,0.014481292024448566
intron,30400,6.363818187613557e-4,0.014481728410623135
intron,99773,6.365149712690421e-4,0.014482473092741364
intron,47933,6.369516821110865e-4,0.014490123240604742
intron,5762,6.376353220107767e-4,0.01450338752069528
intron,74985,6.38725758730585e-4,0.014525898989001968
intron,129104,6.390425067868133e-4,0.014530810907632606
intron,76791,6.396070065615156e-4,0.014541353869654182
intron,114979,6.403762694051629e-4,0.014556548026814364
intron,87601,6.420812650785868e-4,0.014593004411849922
intron,29795,6.422039648706912e-4,0.014593493092043455
intron,57502,6.427412929326248e-4,0.014602569624256972
intron,84151,6.428059107725925e-4,0.014602569624256972
intron,2595,6.439907435565884e-4,0.01462718115546778
intron,121642,6.446766626004852e-4,0.014640454721831208
intron,153148,6.452218480964556e-4,0.014650528585804685
intron,158918,6.461010002888345e-4,0.01466818119468702
intron,68879,6.463434857661987e-4,0.014671376523199468
intron,146940,6.473153959543065e-4,0.014691125480702342
intron,44250,6.481127520637786e-4,0.014705888772329822
intron,86027,6.481698463800534e-4,0.014705888772329822
intron,78666,6.49598584463007e-4,0.014735986010642889
intron,121229,6.498538767361062e-4,0.014739458635181451
intron,78354,6.50214386443082e-4,0.014745316248749417
intron,103224,6.507583679172813e-4,0.014753012413495891
intron,154960,6.506744669239062e-4,0.014753012413495891
intron,85657,6.50967266402791e-4,0.014755428573742107
intron,88248,6.51217000417037e-4,0.014756450342416665
intron,99418,6.512029234266858e-4,0.014756450342416665
intron,139186,6.515980737207272e-4,0.014760446656777396
intron,146475,6.515601813295024e-4,0.014760446656777396
intron,54210,6.518827610708655e-4,0.014764576303713884
intron,116747,6.520679949676422e-4,0.01476645247335094
intron,57945,6.523183983407899e-4,0.01476980362215894
intron,53799,6.536713484650569e-4,0.014798113681020481
intron,16013,6.543018619397101e-4,0.014810062565490468
intron,29658,6.549980878198802e-4,0.014822891836671298
intron,122167,6.550742313140567e-4,0.014822891836671298
intron,62674,6.55614710506347e-4,0.014832794251331782
intron,68738,6.558375731627875e-4,0.014835508849111542
intron,46632,6.560059982271271e-4,0.014836991371759619
intron,114531,6.564799621557871e-4,0.01484538276659865
intron,72333,6.56827311572461e-4,0.014850908767627763
intron,4907,6.580831064511017e-4,0.01487696982787177
intron,20736,6.590811458764279e-4,0.014896497233871334
intron,27588,6.591535005189275e-4,0.014896497233871334
intron,28048,6.59541591082502e-4,0.014902932344912936
intron,1054,6.600096413034162e-4,0.014905535005458784
intron,26131,6.600726226994036e-4,0.014905535005458784
intron,56330,6.599094058787891e-4,0.014905535005458784
intron,111593,6.60173584360435e-4,0.014905535005458784
intron,133781,6.598640432627922e-4,0.014905535005458784
intron,94051,6.603967757510265e-4,0.01490824011282534
intron,124575,6.612269534651549e-4,0.014924644745398277
intron,1237,6.618840904774048e-4,0.014930129678628988
intron,63693,6.617000900547287e-4,0.014930129678628988
intron,74176,6.616238979499922e-4,0.014930129678628988
intron,123494,6.618688824131524e-4,0.014930129678628988
intron,33113,6.627013819183736e-4,0.014946227429199703
intron,1434,6.641726770891809e-4,0.014976667015728971
intron,128358,6.642587546554779e-4,0.014976667015728971
intron,44217,6.648874802037685e-4,0.014987123004393943
intron,60378,6.649303638666115e-4,0.014987123004393943
intron,53528,6.654958052232374e-4,0.014997523610537177
intron,161213,6.664650312137033e-4,0.015017019180661641
intron,160776,6.669187366361573e-4,0.015024894587422332
intron,132607,6.673287570515551e-4,0.015031783515797191
intron,159974,6.682379125868554e-4,0.015049911707076785
intron,35150,6.686347227992107e-4,0.01505649710660615
intron,21568,6.694690311079832e-4,0.015068225467299662
intron,46223,6.693247567359784e-4,0.015068225467299662
intron,85659,6.694210045227189e-4,0.015068225467299662
intron,7947,6.699143408865904e-4,0.015075895342732919
intron,141114,6.701065968630626e-4,0.015077868936469289
intron,35165,6.705578042444094e-4,0.015085667593864826
intron,56654,6.71092501931092e-4,0.015095341822800966
intron,130855,6.716229779897276e-4,0.01510323787270894
intron,137574,6.71653002126682e-4,0.01510323787270894
intron,17871,6.729090839643348e-4,0.01512912383399514
intron,49534,6.731224557521287e-4,0.015131561960506192
intron,66705,6.73444900788911e-4,0.0151364508740752
intron,60369,6.740628474297683e-4,0.01514797896825691
intron,44213,6.743771529710285e-4,0.015152599360034057
intron,129893,6.744785987646829e-4,0.015152599360034057
intron,154936,6.749454227187313e-4,0.015160725011526493
intron,25258,6.759023304945266e-4,0.015179854753718145
intron,118193,6.760644812623395e-4,0.01518039943287571
intron,134069,6.761371192616217e-4,0.01518039943287571
intron,42789,6.765936113231064e-4,0.015188283765266377
intron,17577,6.771096126543252e-4,0.015197501309267282
intron,110914,6.772797730821845e-4,0.015198954907697257
intron,17082,6.775895930553055e-4,0.015201176485022783
intron,34692,6.774883514469865e-4,0.015201176485022783
intron,38279,6.778268128353471e-4,0.015204133022016937
intron,100157,6.781026552307168e-4,0.015207954837147118
intron,9878,6.785218471667687e-4,0.015213090684766383
intron,25755,6.785658322779886e-4,0.015213090684766383
intron,113338,6.786481403475708e-4,0.015213090684766383
intron,49011,6.791493460391873e-4,0.015221959860782263
intron,81739,6.793004124059365e-4,0.015222979731441008
intron,84626,6.802625478107283e-4,0.015242172348064279
intron,86117,6.804208938673284e-4,0.015243351847432939
intron,30700,6.809184619591679e-4,0.01525130222642864
intron,154489,6.809872962891816e-4,0.01525130222642864
intron,18171,6.816134518021766e-4,0.015257188619555617
intron,23031,6.815587175559301e-4,0.015257188619555617
intron,55579,6.817140583001979e-4,0.015257188619555617
intron,116603,6.818849338314781e-4,0.015257188619555617
intron,121182,6.818684171417955e-4,0.015257188619555617
intron,146518,6.814305442756075e-4,0.015257188619555617
intron,134894,6.82039857736294e-4,0.015258287583707378
intron,41068,6.82449226717341e-4,0.015265077654293096
intron,33141,6.833345427065263e-4,0.015282509987605464
intron,151692,6.835530854041316e-4,0.0152850271029421
intron,5514,6.840897835852511e-4,0.015292788010593009
intron,62695,6.841122515296449e-4,0.015292788010593009
intron,26776,6.8456524723981e-4,0.015300542561796542
intron,126719,6.849171432290468e-4,0.015306035405800581
intron,44821,6.852965054064963e-4,0.015312140247157517
intron,103476,6.858667796054707e-4,0.015322508239591961
intron,153896,6.859855752668897e-4,0.015322788391033515
intron,113783,6.864530944560299e-4,0.015330856650491049
intron,41671,6.867171970295072e-4,0.015332463585308443
intron,112542,6.867376916342982e-4,0.015332463585308443
intron,37573,6.876167468907735e-4,0.015349713346575505
intron,113571,6.878692973442124e-4,0.015352974425339243
intron,39657,6.880720263913176e-4,0.01535512267251822
intron,95548,6.883093067959756e-4,0.01535804118909597
intron,43822,6.885111510548381e-4,0.015360168248787907
intron,110897,6.886690200218482e-4,0.01536131374637133
intron,115069,6.889922351562827e-4,0.015366146497862984
intron,67241,6.893280490087861e-4,0.015371258692347305
intron,97086,6.895651439802197e-4,0.015374168323740809
intron,6209,6.899173955301485e-4,0.015379644126946378
intron,86943,6.90646499913572e-4,0.01539351774544613
intron,115194,6.90755309011637e-4,0.015393563722244031
intron,144096,6.909756811599443e-4,0.015396095496451188
intron,27720,6.912379694798965e-4,0.015399560306625587
intron,74987,6.914279630325648e-4,0.015401413695557163
intron,53316,6.920060714865617e-4,0.015409072703955952
intron,79240,6.920923665530987e-4,0.015409072703955952
intron,133842,6.920134736749795e-4,0.015409072703955952
intron,43296,6.930559772289069e-4,0.015428144999729698
intron,13613,6.933519843226321e-4,0.015432352153606083
intron,39549,6.936946650322184e-4,0.015437596691404494
intron,8280,6.945591023654885e-4,0.015449832902725323
intron,62296,6.94565913640588e-4,0.015449832902725323
intron,115068,6.945364026296197e-4,0.015449832902725323
intron,132915,6.947019716943004e-4,0.01545047613080197
intron,78151,6.954324610553009e-4,0.015459569741236592
intron,95641,6.954121156210746e-4,0.015459569741236592
intron,153168,6.952521293455138e-4,0.015459569741236592
intron,41454,6.955717621557334e-4,0.015460283154314403
intron,63997,6.957202934643192e-4,0.0154612014732022
intron,85565,6.962695592859225e-4,0.015468994023493979
intron,103276,6.96285479945491e-4,0.015468994023493979
intron,102324,6.965935876837026e-4,0.015473455252480546
intron,151667,6.967310091030576e-4,0.015474124230667586
intron,141447,6.969174422886137e-4,0.01547588136743365
intron,130030,6.971957885596458e-4,0.01547967868834809
intron,63051,6.973274265944518e-4,0.015480218012146876
intron,129890,6.977675900106117e-4,0.015487605179722993
intron,30867,6.979319936575301e-4,0.015488870269216904
intron,23069,6.981150389767654e-4,0.015490548611435976
intron,46852,6.991531842334142e-4,0.015509322827838045
intron,62062,6.991762376568067e-4,0.015509322827838045
intron,134567,6.994642351230151e-4,0.015513324969914588
intron,99148,7.00464026942127e-4,0.015533110246539028
intron,65865,7.006925066920244e-4,0.015533399586861917
intron,136916,7.006014479140621e-4,0.015533399586861917
intron,55964,7.015332353950132e-4,0.015549646983800902
intron,47079,7.017337502489562e-4,0.015549682704115265
intron,66503,7.017505047492989e-4,0.015549682704115265
intron,63828,7.021050042608223e-4,0.015552758271803442
intron,93061,7.02063904219008e-4,0.015552758271803442
intron,132094,7.022932953411054e-4,0.01555453989268235
intron,78880,7.030643690015825e-4,0.015568185477183121
intron,117057,7.031253130076465e-4,0.015568185477183121
intron,13716,7.032621097400327e-4,0.015568823926816225
intron,155732,7.034716773863803e-4,0.015571072936432501
intron,82607,7.038632920003396e-4,0.01557735017641083
intron,60828,7.052948612460419e-4,0.01560663741839926
intron,134426,7.060399970129083e-4,0.015619239391569352
intron,136200,7.06189303106175e-4,0.015619239391569352
intron,155546,7.061857346394307e-4,0.015619239391569352
intron,96123,7.077276067035676e-4,0.01565086259467894
intron,63053,7.07841973285106e-4,0.015650991634701822
intron,18514,7.079915369161416e-4,0.015651898752731264
intron,84113,7.081239921223892e-4,0.01565242742673105
intron,34787,7.083996351797683e-4,0.01565372145117512
intron,155568,7.083168785508853e-4,0.01565372145117512
intron,76731,7.09136599040594e-4,0.015667605567312233
intron,56380,7.097464795939867e-4,0.01567847378974932
intron,68001,7.098459532011159e-4,0.01567847378974932
intron,45782,7.100098472860861e-4,0.01567969219717988
intron,79635,7.106640367446904e-4,0.01569173614252665
intron,55115,7.111340435841385e-4,0.01569971019950059
intron,127061,7.118167435986589e-4,0.01571237672495512
intron,73805,7.119755666169514e-4,0.015713477278103873
intron,135995,7.12915041242157e-4,0.015729397085741698
intron,155721,7.128194467926896e-4,0.015729397085741698
intron,56321,7.137319445942314e-4,0.015744918157099178
intron,108881,7.138368797015016e-4,0.015744918157099178
intron,3853,7.140584704004027e-4,0.015747397131217446
intron,48523,7.146558642237011e-4,0.01575816180613261
intron,9793,7.149645027426654e-4,0.015760147668451782
intron,40230,7.149595852955493e-4,0.015760147668451782
intron,4683,7.151520263544153e-4,0.015761526858865307
intron,6244,7.152756865564935e-4,0.015761526858865307
intron,85099,7.153549639842272e-4,0.015761526858865307
intron,36932,7.154905950735868e-4,0.015762106972773714
intron,45208,7.156072427738636e-4,0.01576226877328403
intron,12603,7.163101123937032e-4,0.015775340925161693
intron,115165,7.171900314836277e-4,0.01578993314962695
intron,120223,7.171916906256737e-4,0.01578993314962695
intron,45927,7.17981221105668e-4,0.015800079040437214
intron,81417,7.177667034858892e-4,0.015800079040437214
intron,121086,7.179524099036882e-4,0.015800079040437214
intron,135881,7.183124720357981e-4,0.01580495676760243
intron,41076,7.186539902870326e-4,0.015807647342483543
intron,46499,7.185981740348568e-4,0.015807647342483543
intron,85725,7.190708155671022e-4,0.015814403706037077
intron,6207,7.196502443893582e-4,0.015818783253499304
intron,21585,7.196301130942828e-4,0.015818783253499304
intron,78130,7.194850706960798e-4,0.015818783253499304
intron,82887,7.198184256621554e-4,0.015818783253499304
intron,133240,7.197490139386753e-4,0.015818783253499304
intron,123305,7.200263460716005e-4,0.015820941534046517
intron,141921,7.208721940292762e-4,0.01583711402869894
intron,39987,7.218339754496705e-4,0.01585582819461853
intron,74178,7.222349889457469e-4,0.015862220690054725
intron,42910,7.223872061841163e-4,0.015863147836484372
intron,121513,7.23019422281701e-4,0.015872196959807773
intron,155682,7.230099020173464e-4,0.015872196959807773
intron,77083,7.231358166434054e-4,0.0158723358768182
intron,42190,7.233914946446207e-4,0.015875531466780828
intron,47084,7.23947909119449e-4,0.015880492262000057
intron,53825,7.238888935983123e-4,0.015880492262000057
intron,96296,7.237938120129295e-4,0.015880492262000057
intron,97597,7.245324139525389e-4,0.015888480203596986
intron,120245,7.244773744707889e-4,0.015888480203596986
intron,40667,7.247881120462374e-4,0.01589167086420127
intron,113440,7.24967121420006e-4,0.015893179336973973
intron,51742,7.262420886047227e-4,0.015915478118120902
intron,56680,7.263153764751618e-4,0.015915478118120902
intron,139737,7.26182141629339e-4,0.015915478118120902
intron,111584,7.270609480370949e-4,0.015929395037007802
intron,34108,7.277802109940668e-4,0.01594273141224691
intron,155269,7.286298026571991e-4,0.015958918279432976
intron,76863,7.297319747467945e-4,0.01597868432034052
intron,115933,7.297538603102671e-4,0.01597868432034052
intron,55961,7.30371453055545e-4,0.01598797757634335
intron,147178,7.304000240830888e-4,0.01598797757634335
intron,134211,7.309358370227725e-4,0.015997277925260733
intron,36667,7.314305903509677e-4,0.016005676956410014
intron,149688,7.316724666244223e-4,0.016008540645502663
intron,79634,7.328553459222675e-4,0.016031988906160866
intron,41222,7.330561915674938e-4,0.016033950283235794
intron,88482,7.333885415150565e-4,0.016038786989120677
intron,54430,7.339951234501818e-4,0.016049618615220678
intron,67725,7.358051097037244e-4,0.01608189298601953
intron,76585,7.358056815671699e-4,0.01608189298601953
intron,106400,7.357030336905268e-4,0.01608189298601953
intron,5661,7.370118054054187e-4,0.016105813217472224
intron,20690,7.375915408878164e-4,0.016116039899516568
intron,43871,7.37865632524537e-4,0.016117804190530497
intron,129988,7.378958252087786e-4,0.016117804190530497
intron,155242,7.385018078606143e-4,0.01612859763836977
intron,23303,7.390612937926422e-4,0.016138372500598963
intron,41668,7.395653733510699e-4,0.01614512397588927
intron,46114,7.395943954504602e-4,0.01614512397588927
intron,48300,7.399337183595645e-4,0.016150086532991933
intron,106222,7.401834436787658e-4,0.016153092291553234
intron,46687,7.40353878998512e-4,0.016154367049287098
intron,162875,7.412213582922433e-4,0.016170848474319145
intron,102451,7.414421192535325e-4,0.016173217923339006
intron,113564,7.417204407966782e-4,0.016176842045669475
intron,17710,7.422871662592367e-4,0.016182707675340403
intron,86023,7.423260401532294e-4,0.016182707675340403
intron,112488,7.422962891574514e-4,0.016182707675340403
intron,15585,7.426645759855965e-4,0.016187640645277345
intron,42514,7.428694041317074e-4,0.016189658177666787
intron,54747,7.43095417378381e-4,0.01619213672618377
intron,127291,7.438187814688968e-4,0.016205450221979934
intron,33722,7.440295733958102e-4,0.016207594062037704
intron,154215,7.451432182865592e-4,0.016229401612966297
intron,117125,7.454184376028961e-4,0.016232944220990763
intron,3742,7.46009765755451e-4,0.016233564250836927
intron,33858,7.455818232425804e-4,0.016233564250836927
intron,44823,7.458191356546351e-4,0.016233564250836927
intron,60826,7.45958395932389e-4,0.016233564250836927
intron,79259,7.45926688014098e-4,0.016233564250836927
intron,129097,7.466098668973409e-4,0.01624417155637671
intron,11766,7.475460376250576e-4,0.016260921801299292
intron,121010,7.476052587087612e-4,0.016260921801299292
intron,139536,7.477702182933088e-4,0.01626205698528475
intron,9770,7.481077502544675e-4,0.016265122246838418
intron,10348,7.482495370233488e-4,0.016265122246838418
intron,50713,7.48196806904966e-4,0.016265122246838418
intron,116421,7.486792774042961e-4,0.016272010935439535
intron,118126,7.490620154619876e-4,0.016277876139802114
intron,113908,7.49364833605437e-4,0.016282003097745856
intron,23400,7.497645839540379e-4,0.016284028332496914
intron,88503,7.49767984192351e-4,0.016284028332496914
intron,110759,7.497968068663763e-4,0.016284028332496914
intron,143287,7.503677410218845e-4,0.016293973924038987
intron,42189,7.505898985938897e-4,0.01629511044831516
intron,82307,7.506460761832479e-4,0.01629511044831516
intron,15326,7.511905576630395e-4,0.016304475729818475
intron,66079,7.517524475292303e-4,0.01631421598206888
intron,9012,7.534901591134124e-4,0.01634911495829106
intron,130728,7.535873232766832e-4,0.01634911495829106
intron,38173,7.537786224716125e-4,0.016350805326528856
intron,37852,7.541373391242168e-4,0.016356126223956373
intron,158109,7.54896800283178e-4,0.016370135771193423
intron,117727,7.550856017940477e-4,0.016371768061631972
intron,20737,7.553620420441831e-4,0.016372838418317378
intron,133843,7.553336875468775e-4,0.016372838418317378
intron,69206,7.57065674335422e-4,0.01640339154890707
intron,83715,7.571128596359777e-4,0.01640339154890707
intron,154399,7.570425534360048e-4,0.01640339154890707
intron,1308,7.574721630682069e-4,0.016408710863688884
intron,60503,7.579351182374072e-4,0.016416273595022797
intron,7547,7.585470453596033e-4,0.01642530764862263
intron,90770,7.585800199700898e-4,0.01642530764862263
intron,84619,7.588096258539512e-4,0.016427812598036443
intron,59225,7.59077823993648e-4,0.016428686142075943
intron,129994,7.59022237123097e-4,0.016428686142075943
intron,67887,7.5986246269788e-4,0.016439168371009335
intron,90500,7.601321343477796e-4,0.016439168371009335
intron,141282,7.598771630124013e-4,0.016439168371009335
intron,142761,7.600064238856286e-4,0.016439168371009335
intron,153010,7.600571928797484e-4,0.016439168371009335
intron,112003,7.603937146677398e-4,0.016442359635791087
intron,55117,7.606017989105762e-4,0.016444393345651794
intron,87805,7.610349981684861e-4,0.016451292756840485
intron,67970,7.616687785314546e-4,0.016462525411523606
intron,153949,7.62081465131792e-4,0.01646897674842804
intron,41496,7.62366544286408e-4,0.01647142172171752
intron,68740,7.624230445988367e-4,0.01647142172171752
intron,58215,7.627402931400518e-4,0.016475807287724305
intron,79621,7.632116111736531e-4,0.0164835190673235
intron,2691,7.634055821419405e-4,0.016485239410593416
intron,29048,7.639170412582219e-4,0.016486408974666928
intron,78174,7.638095482307428e-4,0.016486408974666928
intron,84948,7.63745624023926e-4,0.016486408974666928
intron,125711,7.638732151180605e-4,0.016486408974666928
intron,39552,7.642677654249308e-4,0.01648959189061708
intron,57942,7.643037125421026e-4,0.01648959189061708
intron,130056,7.644973538916133e-4,0.01648959189061708
intron,163132,7.645219121170665e-4,0.01648959189061708
intron,23077,7.648673688793739e-4,0.016494575843276186
intron,162182,7.652372738893298e-4,0.016500085459892132
intron,15310,7.66055699317425e-4,0.016510190312176286
intron,41670,7.662263563229521e-4,0.016510190312176286
intron,53459,7.662783620725477e-4,0.016510190312176286
intron,73430,7.66238439944722e-4,0.016510190312176286
intron,153049,7.660425276291294e-4,0.016510190312176286
intron,793,7.67023618525764e-4,0.0165188433328472
intron,94060,7.669026048362504e-4,0.0165188433328472
intron,162547,7.669813674628934e-4,0.0165188433328472
intron,1479,7.67829323102931e-4,0.016533726026086958
intron,63168,7.686394142305542e-4,0.016548698717220887
intron,144427,7.69035553541686e-4,0.016554755944108955
intron,16344,7.692221897765972e-4,0.016556302137479665
intron,14959,7.710378297214326e-4,0.016592904388992486
intron,86551,7.716140401037297e-4,0.01660282689961781
intron,83117,7.719146968505619e-4,0.0166068182438802
intron,78178,7.723046948652224e-4,0.0166127301808516
intron,101395,7.726889910506518e-4,0.01661577273349816
intron,112436,7.727918043061166e-4,0.01661577273349816
intron,142063,7.726647641932427e-4,0.01661577273349816
intron,49974,7.731301702987858e-4,0.016620569837250597
intron,129519,7.739880681302269e-4,0.01663653261899771
intron,77299,7.742902753120617e-4,0.01664054809715745
intron,73797,7.751951499432863e-4,0.01665751258946081
intron,27592,7.760425759701928e-4,0.016673237746265435
intron,124931,7.763789365404783e-4,0.016677979636778303
intron,143082,7.766145054151075e-4,0.016680555255048617
intron,46505,7.770331792817942e-4,0.01668209374492924
intron,80053,7.76848124741103e-4,0.01668209374492924
intron,138108,7.76996901666549e-4,0.01668209374492924
intron,96057,7.773941469060297e-4,0.01668735899715359
intron,7908,7.777617229907108e-4,0.01669276451664257
intron,20797,7.780465645907952e-4,0.0166963929970156
intron,151686,7.788039861089668e-4,0.016710160158431152
intron,34960,7.793576555473747e-4,0.016719552132329705
intron,102238,7.796336725773845e-4,0.016722985723838596
intron,20687,7.814019932208538e-4,0.0167584231464009
intron,6671,7.82013193561415e-4,0.01676619279361984
intron,41540,7.820807745713143e-4,0.01676619279361984
intron,79081,7.82113066097212e-4,0.01676619279361984
intron,141278,7.822682336910969e-4,0.016767026631375147
intron,99570,7.82467982690549e-4,0.016768815630830138
intron,42239,7.829491609244732e-4,0.016776634420421325
intron,128023,7.832892726765683e-4,0.016779524611777837
intron,163150,7.83316757761332e-4,0.016779524611777837
intron,118306,7.835791026593597e-4,0.01678265136747338
intron,63583,7.841588067267757e-4,0.016792573365258117
intron,35381,7.844280771998058e-4,0.01679584554250221
intron,34032,7.846276076654002e-4,0.01679762372603984
intron,13798,7.854428538445202e-4,0.016812580915000257
intron,25341,7.870449121616385e-4,0.01684437305551995
intron,6583,7.875319147913062e-4,0.016852294826578112
intron,77090,7.878277773224474e-4,0.016853624133561514
intron,153643,7.877470832162725e-4,0.016853624133561514
intron,125745,7.879741170040422e-4,0.016854254448353888
intron,127301,7.882596797007535e-4,0.016857862024411474
intron,15610,7.885298349077363e-4,0.016861139072144118
intron,64906,7.886885247403441e-4,0.016862032036653936
intron,19068,7.893621066991097e-4,0.0168739314142838
intron,159990,7.89493301755817e-4,0.01687423455851506
intron,47664,7.896421361229811e-4,0.01687491457081902
intron,130428,7.898740498961665e-4,0.016877369553026593
intron,35391,7.908745603921741e-4,0.016896244108218408
intron,54856,7.911334970822637e-4,0.016899272435749072
intron,115119,7.914053981024072e-4,0.0169025767541697
intron,76464,7.916781307696352e-4,0.016905897853383207
intron,62675,7.924521680464647e-4,0.01691992149799771
intron,24846,7.933642544273312e-4,0.01693688808855694
intron,111523,7.937370939130606e-4,0.01694233941709898
intron,45203,7.941295777695867e-4,0.016946160865223887
intron,75376,7.941511516582622e-4,0.016946160865223887
intron,54191,7.943676325460336e-4,0.01694827240517323
intron,84759,7.945194908105524e-4,0.01694900476498777
intron,48980,7.948065771080648e-4,0.016952621219497515
intron,144133,7.951155286854972e-4,0.016956702905227668
intron,20678,7.958155438809733e-4,0.01696912200745875
intron,41002,7.960976750467363e-4,0.016972295596730736
intron,91773,7.961997663905596e-4,0.016972295596730736
intron,153315,7.963355250439896e-4,0.01697268061779761
intron,43298,7.97114857514436e-4,0.016984270428130065
intron,93287,7.970968113071297e-4,0.016984270428130065
intron,8516,7.984799810758503e-4,0.01700581932225744
intron,67995,7.984435950061375e-4,0.01700581932225744
intron,130444,7.982955463921027e-4,0.01700581932225744
intron,4912,7.987000173901304e-4,0.017007993710540244
intron,8381,7.998541920002378e-4,0.017025029293841816
intron,55023,7.998234790078662e-4,0.017025029293841816
intron,98525,7.996367982759933e-4,0.017025029293841816
intron,79190,8.00447943274829e-4,0.017035152974591686
intron,61170,8.006440971664031e-4,0.017035772844210813
intron,100543,8.007133380353304e-4,0.017035772844210813
intron,19174,8.011571172439336e-4,0.01704270016320931
intron,109202,8.013051858695164e-4,0.017043335831664508
intron,136846,8.017070163266471e-4,0.0170493678960945
intron,121133,8.019580279861049e-4,0.017052191291918643
intron,35881,8.025516188243653e-4,0.017059791481316068
intron,58004,8.025520634175054e-4,0.017059791481316068
intron,93607,8.031765368744503e-4,0.017070549573036678
intron,105397,8.038258506780638e-4,0.017081832367923894
intron,156134,8.040204114930782e-4,0.017083449459287216
intron,118183,8.046459026636033e-4,0.017094220931851832
intron,46224,8.051537786234464e-4,0.017100235500602884
intron,114100,8.051661781265373e-4,0.017100235500602884
intron,160791,8.054686871870054e-4,0.017104141212365847
intron,43428,8.058907124077752e-4,0.017110583328060664
intron,88787,8.060402665855948e-4,0.017111239323348872
intron,3017,8.065228853380013e-4,0.017116445287113636
intron,54680,8.06448518259284e-4,0.017116445287113636
intron,54786,8.068949460513508e-4,0.017121821584053436
intron,3516,8.078042908921113e-4,0.017138595465157964
intron,600,8.087892873089864e-4,0.017151923052201028
intron,56730,8.087745702649585e-4,0.017151923052201028
intron,111544,8.087221862866922e-4,0.017151923052201028
intron,44193,8.091717972076307e-4,0.017157511742379176
intron,43385,8.095232450109346e-4,0.0171624402518806
intron,119444,8.09777834073877e-4,0.01716531414350898
intron,141279,8.101086889857889e-4,0.017169803602671025
intron,14820,8.107993657786583e-4,0.01718191684656032
intron,5847,8.113136187715142e-4,0.017187763041308028
intron,93831,8.11258900013323e-4,0.017187763041308028
intron,45551,8.118098048001121e-4,0.01719574860763951
intron,29144,8.122143947079108e-4,0.017201791925046804
intron,18426,8.131693670481166e-4,0.01721728259239843
intron,115018,8.131846008642141e-4,0.01721728259239843
intron,10327,8.134198797695724e-4,0.017219637154116976
intron,50113,8.135346268280941e-4,0.017219637154116976
intron,61169,8.139874988042362e-4,0.01722669434107169
intron,14481,8.142370497090656e-4,0.017229447135347797
intron,87108,8.146820950427625e-4,0.01723380678888538
intron,106095,8.146489970153326e-4,0.01723380678888538
intron,4677,8.150726235800487e-4,0.017239539135906142
intron,99139,8.152828536649448e-4,0.01724145688201506
intron,141925,8.16351348765787e-4,0.01725899119652072
intron,147681,8.162440844592389e-4,0.01725899119652072
intron,86273,8.168119727893774e-4,0.017266198205810285
intron,95339,8.175184468039998e-4,0.01727846916630951
intron,115923,8.176321093351646e-4,0.01727846916630951
intron,26441,8.186457145629156e-4,0.017297354221241665
intron,87633,8.190960234442102e-4,0.017304333468036802
intron,112001,8.192686202146415e-4,0.0173054445459635
intron,3242,8.198051648999893e-4,0.01731424185921687
intron,14837,8.199716590839845e-4,0.017315222293384704
intron,40639,8.20538713434793e-4,0.01732212359073213
intron,40801,8.205003334327277e-4,0.01732212359073213
intron,35289,8.221247577964164e-4,0.017349554545583193
intron,46963,8.220856039073965e-4,0.017349554545583193
intron,85704,8.223193417730146e-4,0.017349554545583193
intron,124637,8.222448817460926e-4,0.017349554545583193
intron,20897,8.22831795519563e-4,0.01735196745212776
intron,66613,8.229707290879906e-4,0.01735196745212776
intron,84787,8.230060962142183e-4,0.01735196745212776
intron,102364,8.2303534067385e-4,0.01735196745212776
intron,147595,8.226167042914012e-4,0.01735196745212776
intron,36538,8.234135491003158e-4,0.017357403548473798
intron,14845,8.24096145754627e-4,0.017365443142655253
intron,105179,8.240905000442833e-4,0.017365443142655253
intron,105899,8.241561981618961e-4,0.017365443142655253
intron,89585,8.252649933979672e-4,0.017383726103263313
intron,134941,8.252028612560913e-4,0.017383726103263313
intron,123380,8.259607661191826e-4,0.01739584112746443
intron,76851,8.265328599303956e-4,0.017405348150114276
intron,85819,8.275821280855356e-4,0.017424899393317393
intron,134946,8.27951334048449e-4,0.017430128179434262
intron,112430,8.282696953310076e-4,0.017434285207210423
intron,16810,8.284178197524028e-4,0.017434858221400285
intron,132377,8.286990133328231e-4,0.0174364069559546
intron,142171,8.287332326177843e-4,0.0174364069559546
intron,18250,8.292644751908274e-4,0.017444261825651553
intron,111569,8.293484995642864e-4,0.017444261825651553
intron,4093,8.298533761341709e-4,0.01745105770486534
intron,50109,8.299136223620662e-4,0.01745105770486534
intron,152664,8.300801328467999e-4,0.017452014246601324
intron,2041,8.306855295107107e-4,0.017462196523928726
intron,23940,8.308536924133136e-4,0.017463185894453684
intron,53611,8.31216944648272e-4,0.01746827483778685
intron,46244,8.313832650541642e-4,0.017469224319345163
intron,20724,8.316690278806771e-4,0.017470137728126556
intron,29461,8.316636064280569e-4,0.017470137728126556
intron,95803,8.319321248446698e-4,0.017473119127217492
intron,73419,8.33109861574699e-4,0.01749275972744651
intron,163503,8.330879587062912e-4,0.01749275972744651
intron,73006,8.339421974450367e-4,0.017507687067543517
intron,33998,8.341501275128671e-4,0.017509503266120528
intron,8741,8.346928948070875e-4,0.01751579718880176
intron,113690,8.346750554488747e-4,0.01751579718880176
intron,35406,8.353884249027166e-4,0.017522743067628514
intron,62207,8.352564019278308e-4,0.017522743067628514
intron,115157,8.352791823984518e-4,0.017522743067628514
intron,54133,8.365593444978892e-4,0.017542200580486708
intron,73577,8.365506925757105e-4,0.017542200580486708
intron,76309,8.375430574905085e-4,0.017560275035116858
intron,51545,8.37812099315105e-4,0.017563362320967196
intron,111579,8.387701074665799e-4,0.017580889663871085
intron,38540,8.410974746054789e-4,0.017627109943385014
intron,99904,8.416275241922566e-4,0.01763565538814193
intron,114960,8.423040970131357e-4,0.017645111924081608
intron,115189,8.423235382843952e-4,0.017645111924081608
intron,5482,8.426548667915812e-4,0.0176494887981719
intron,150415,8.430369239917912e-4,0.017654926764171394
intron,109728,8.431833549698009e-4,0.0176554293698461
intron,99419,8.446829005885892e-4,0.01768261189296671
intron,114081,8.447267700641969e-4,0.01768261189296671
intron,36616,8.453854385948034e-4,0.017692447410290305
intron,51425,8.455646920865201e-4,0.017692447410290305
intron,66501,8.455272403655734e-4,0.017692447410290305
intron,6647,8.466495868602042e-4,0.017711369045307814
intron,91057,8.467146407480364e-4,0.017711369045307814
intron,161970,8.471431163169507e-4,0.017717761765731473
intron,3243,8.476624568284352e-4,0.017726052771441146
intron,40454,8.477944972250517e-4,0.017726243448069164
intron,18451,8.483243513787153e-4,0.01773475061456515
intron,18383,8.506897529225732e-4,0.017776180820263793
intron,128201,8.50643878040569e-4,0.017776180820263793
intron,158397,8.504605259134213e-4,0.017776180820263793
intron,161577,8.507991985233776e-4,0.017776180820263793
intron,112438,8.513323588399402e-4,0.017784743658008296
intron,133304,8.518221997184661e-4,0.017792399182329208
intron,45584,8.520614230446144e-4,0.01779481848414116
intron,86814,8.526401751004498e-4,0.017804326923068426
intron,8178,8.532095439690579e-4,0.01781363670293122
intron,75746,8.534792767982413e-4,0.01781474715638682
intron,116735,8.535098025995724e-4,0.01781474715638682
intron,73763,8.541302919318206e-4,0.017825118235689153
intron,3094,8.543543714241153e-4,0.017827214706982692
intron,81742,8.553320502314721e-4,0.01784503312611833
intron,59177,8.558617861518236e-4,0.017849723315092204
intron,136856,8.559281915847539e-4,0.017849723315092204
intron,158124,8.558959903586238e-4,0.017849723315092204
intron,152545,8.565390003190121e-4,0.017859878487421023
intron,95806,8.567075305035976e-4,0.017860810011758318
intron,115131,8.569897513287517e-4,0.017864111169393654
intron,8426,8.574374507943627e-4,0.017870860307371395
intron,21155,8.5762533622602e-4,0.01787219318802683
intron,59072,8.580825414832294e-4,0.017879137272023126
intron,68907,8.584395958975977e-4,0.0178839928930374
intron,47894,8.587640318948875e-4,0.01788816766538582
intron,60510,8.592078929940961e-4,0.017893422889741457
intron,93656,8.592644844664932e-4,0.017893422889741457
intron,24927,8.601097948294223e-4,0.017908439674121642
intron,127974,8.613639653332061e-4,0.01793196381533213
intron,29364,8.617535729383841e-4,0.01793748520391535
intron,2644,8.620356521802375e-4,0.017940767108378625
intron,54211,8.624179700351675e-4,0.017944076797471856
intron,159081,8.624435449269274e-4,0.017944076797471856
intron,163474,8.632730750546269e-4,0.017958744999192526
intron,33173,8.642028058322149e-4,0.017975493151687037
intron,74390,8.643626426101392e-4,0.017976224921096098
intron,86112,8.64582774774858e-4,0.017978210267045127
intron,157175,8.663550319543134e-4,0.018012465411337324
intron,61117,8.666314489155225e-4,0.01801561501423681
intron,91310,8.671445378019005e-4,0.01802368295802806
intron,106398,8.673138434208694e-4,0.018024604037785462
intron,134893,8.67524965193156e-4,0.018026393754410584
intron,77371,8.694098463986055e-4,0.01806295717037944
intron,82353,8.697273549628237e-4,0.01806695083219878
intron,510,8.702278034581346e-4,0.01807474302942348
intron,29015,8.717418606734029e-4,0.018100976026224534
intron,116989,8.716963431294467e-4,0.018100976026224534
intron,109823,8.721417803130294e-4,0.018106672864037002
intron,142281,8.722915433296841e-4,0.01810717526830916
intron,116625,8.72900913516883e-4,0.01811721675813603
intron,76318,8.733306465156243e-4,0.018118375205750492
intron,95804,8.735849355827607e-4,0.018118375205750492
intron,121970,8.735290984125399e-4,0.018118375205750492
intron,139678,8.731833725057481e-4,0.018118375205750492
intron,153319,8.735284550895894e-4,0.018118375205750492
intron,49552,8.739680245146708e-4,0.018121108110882404
intron,114532,8.738739288112196e-4,0.018121108110882404
intron,92606,8.741131681092584e-4,0.01812151202322194
intron,34107,8.747320095860989e-4,0.018131734786025956
intron,20719,8.763724106040094e-4,0.018163126791602813
intron,18537,8.766042641559224e-4,0.018165321327939805
intron,144361,8.774076833759636e-4,0.018179357729396207
intron,135499,8.775428457830081e-4,0.018179546209140963
intron,155544,8.787887410202089e-4,0.018202741737475044
intron,160786,8.789833751818854e-4,0.018204158492726434
intron,31067,8.802994049481594e-4,0.018228796135749455
intron,95796,8.805975641974495e-4,0.01823235218093634
intron,59073,8.809271364512705e-4,0.018236557503047427
intron,22119,8.811130228155717e-4,0.018237446464138767
intron,48240,8.813954933565293e-4,0.018237446464138767
intron,89137,8.81475946764354e-4,0.018237446464138767
intron,140249,8.814643856681625e-4,0.018237446464138767
intron,100547,8.82089007134601e-4,0.01824751247336959
intron,110301,8.826661905849686e-4,0.018256833526346324
intron,95932,8.833620877526371e-4,0.018268606996779655
intron,113572,8.83679618084332e-4,0.018269933574922907
intron,154780,8.836127302447316e-4,0.018269933574922907
intron,43442,8.844825928008282e-4,0.01828391359805462
intron,3100,8.851287751947545e-4,0.018294648886987237
intron,129151,8.854849935007181e-4,0.018299388715643173
intron,130432,8.858411700352065e-4,0.01830412632286388
intron,25861,8.877154188003944e-4,0.018340225988388033
intron,72781,8.879238392267563e-4,0.01834036675198509
intron,114467,8.87976593801687e-4,0.01834036675198509
intron,78574,8.892314123583045e-4,0.018361024381723084
intron,157409,8.892152971142764e-4,0.018361024381723084
intron,123345,8.900431371846595e-4,0.018375153999139325
intron,58377,8.913659173659383e-4,0.018399828921498693
intron,44782,8.915595500670337e-4,0.018401191933092417
intron,57755,8.91821538212767e-4,0.018403965163286847
intron,64451,8.926622066465217e-4,0.01841867775559808
intron,63607,8.930574282395298e-4,0.01841882505584052
intron,93373,8.929433373154883e-4,0.01841882505584052
intron,154907,8.931802451718207e-4,0.01841882505584052
intron,162178,8.930188705249531e-4,0.01841882505584052
intron,46219,8.935591378969043e-4,0.018424003803073904
intron,10027,8.940669342598628e-4,0.018431838511624308
intron,63632,8.96630282464228e-4,0.018482041615683096
intron,48989,8.971340079471091e-4,0.018489781889956945
intron,60656,8.973010718743568e-4,0.018490582405227975
intron,117992,8.974692945902252e-4,0.018491406567362853
intron,121044,8.982084942159574e-4,0.018503993189342937
intron,33140,8.985470074560631e-4,0.01850832285448029
intron,50681,8.988263541531705e-4,0.018511432741126287
intron,139013,8.994295262997332e-4,0.018521210009868002
intron,74301,8.996524123985328e-4,0.01852315468800046
intron,24606,9.003404769121204e-4,0.018534675111215725
intron,21112,9.006975304994835e-4,0.01853673309272713
intron,103711,9.006441611811855e-4,0.01853673309272713
intron,77074,9.01055059773781e-4,0.01854144506346998
intron,135398,9.013032425470024e-4,0.018543905934937304
intron,66078,9.025787505252403e-4,0.018567499839799335
intron,124807,9.029628182168903e-4,0.018572751266096577
intron,55694,9.037299966676571e-4,0.01858588015251752
intron,3741,9.042088347264166e-4,0.018590425353491924
intron,144504,9.041364219717352e-4,0.018590425353491924
intron,73955,9.043390595151468e-4,0.018590452281610943
intron,90381,9.055742998527183e-4,0.01861247035287313
intron,146592,9.05797339494363e-4,0.01861247035287313
intron,156484,9.057360015354288e-4,0.01861247035287313
intron,55116,9.065542274317995e-4,0.01862536906614297
intron,81899,9.075136236109671e-4,0.018642424091177598
intron,76861,9.07702338793448e-4,0.01864364494664389
intron,140628,9.084877218596965e-4,0.018657118898635895
intron,60987,9.09278133128133e-4,0.018670692260288863
intron,129162,9.095286742026865e-4,0.01867317789304482
intron,16007,9.104520047028553e-4,0.018684154296596648
intron,83505,9.103648277160037e-4,0.018684154296596648
intron,116978,9.102497325692571e-4,0.018684154296596648
intron,33027,9.109415955466105e-4,0.01869154164328259
intron,4904,9.11141725402187e-4,0.018691963925386457
intron,130563,9.112214136308694e-4,0.018691963925386457
intron,158100,9.120074439868953e-4,0.01870542703385268
intron,87738,9.126839304713918e-4,0.018716639869381116
intron,160432,9.133031985890661e-4,0.018726676291615733
intron,46437,9.135669416535652e-4,0.018729421091133874
intron,130614,9.15254005540378e-4,0.01876134106282321
intron,33255,9.155935132504345e-4,0.018764312640306292
intron,70329,9.156592124504037e-4,0.018764312640306292
intron,75469,9.163094773219083e-4,0.01877497027510094
intron,2430,9.167961235080346e-4,0.018782272848802836
intron,77086,9.192624181397768e-4,0.0188301243654379
intron,93465,9.199610486878562e-4,0.018841758691681535
intron,116606,9.201539866201536e-4,0.018843034073918272
intron,34382,9.203757538320811e-4,0.01884489937993226
intron,93225,9.206805486454694e-4,0.01884846392369637
intron,32666,9.212784055832035e-4,0.01885534984869955
intron,142955,9.212101845080811e-4,0.01885534984869955
intron,19893,9.218174244192134e-4,0.018859393991335766
intron,66638,9.216713503035212e-4,0.018859393991335766
intron,111677,9.218683437345332e-4,0.018859393991335766
intron,11099,9.221523850824198e-4,0.018862528935543337
intron,26866,9.22833682421853e-4,0.0188656331481539
intron,77072,9.226634928131139e-4,0.0188656331481539
intron,98769,9.224461110164395e-4,0.0188656331481539
intron,112485,9.22769893352049e-4,0.0188656331481539
intron,155549,9.229582604188824e-4,0.0188656331481539
intron,7131,9.23136839083849e-4,0.018866609148776164
intron,17095,9.233463894315896e-4,0.018868217766864284
intron,42192,9.240004351480646e-4,0.018878907729016285
intron,41780,9.247020103887449e-4,0.01888974640204134
intron,94054,9.247928990854248e-4,0.01888974640204134
intron,105485,9.253079180304713e-4,0.018897589425778242
intron,83116,9.257240038120784e-4,0.018903409999678333
intron,90927,9.266755668675408e-4,0.01892016189597444
intron,67263,9.271062908773331e-4,0.018926276456476158
intron,6026,9.274464717601294e-4,0.018929517709337644
intron,81999,9.275275966782459e-4,0.018929517709337644
intron,29365,9.284238106692655e-4,0.018942446585339952
intron,115164,9.2840678679873e-4,0.018942446585339952
intron,27624,9.286784306039575e-4,0.018944961160292106
intron,135860,9.288481584832642e-4,0.018945743478132403
intron,86025,9.296556340647744e-4,0.018959531893873418
intron,92793,9.303737349735108e-4,0.018971493947868366
intron,13153,9.307891614384056e-4,0.018971916975766525
intron,47194,9.306765606877931e-4,0.018971916975766525
intron,54549,9.306011143500603e-4,0.018971916975766525
intron,35110,9.315896589723316e-4,0.0189746479038691
intron,40638,9.313674844271258e-4,0.0189746479038691
intron,83086,9.317126201037196e-4,0.0189746479038691
intron,118208,9.313662561216685e-4,0.0189746479038691
intron,133863,9.315314606967995e-4,0.0189746479038691
intron,152626,9.315004841883301e-4,0.0189746479038691
intron,106402,9.319177620364938e-4,0.01897614582180128
intron,45728,9.324323598012274e-4,0.018983943711683694
intron,68741,9.330096798796372e-4,0.01899301622055376
intron,56278,9.332262736627683e-4,0.018994744000859116
intron,100369,9.334922754881125e-4,0.01899747679527438
intron,43597,9.340182757819893e-4,0.019004089824219705
intron,142062,9.340807913212901e-4,0.019004089824219705
intron,102233,9.343086448208027e-4,0.01900604411675462
intron,155595,9.349804113581994e-4,0.01901702682379857
intron,93779,9.358032673421057e-4,0.01903107908244296
intron,28679,9.362125988531256e-4,0.019036718872365015
intron,17897,9.365112181283219e-4,0.019038615035820453
intron,73766,9.366782319499833e-4,0.019038615035820453
intron,130354,9.367019193183834e-4,0.019038615035820453
intron,140237,9.371544672397425e-4,0.019045128841212167
intron,139081,9.378877389432105e-4,0.019057344958402646
intron,147563,9.382247059606108e-4,0.019061506082341757
intron,1344,9.393542641397135e-4,0.019081766497928674
intron,89572,9.397913578055306e-4,0.019087956666910162
intron,113523,9.407321244085942e-4,0.01910437367477681
intron,148909,9.410832921203927e-4,0.019108814180062723
intron,34383,9.414248915580181e-4,0.019113059177376757
intron,142628,9.416788647270691e-4,0.019115524218144206
intron,74934,9.418922365508342e-4,0.019117164497717967
intron,110831,9.437347489563708e-4,0.019151865598473313
intron,139975,9.443315154363807e-4,0.019161279702621943
intron,59129,9.452999510526361e-4,0.019178231575893007
intron,129993,9.456878544580327e-4,0.019183402507783023
intron,109382,9.45869959771084e-4,0.019184397930901365
intron,149073,9.461013445397626e-4,0.01918639243313817
intron,40117,9.466463725151808e-4,0.019190386317372774
intron,96508,9.466813511471717e-4,0.019190386317372774
intron,124719,9.466975130318911e-4,0.019190386317372774
intron,113397,9.469070032575022e-4,0.01919193509750592
intron,70279,9.471434398329315e-4,0.01919402951489426
intron,15411,9.475124076209207e-4,0.019198808734830704
intron,44932,9.477870448529879e-4,0.019201675523618268
intron,154820,9.484360658704727e-4,0.01921212526351781
intron,95988,9.488244533444323e-4,0.019217293250483224
intron,26629,9.493717943511726e-4,0.019225678745681724
intron,46380,9.499532976052771e-4,0.0192347536068189
intron,160471,9.504329400926714e-4,0.019241763722019356
intron,64289,9.510822533502772e-4,0.019252206416182402
intron,112710,9.514379462847167e-4,0.0192567034273516
intron,15921,9.523447476030844e-4,0.01927235181274179
intron,25772,9.525628182883716e-4,0.01927406010059088
intron,53613,9.533008586743996e-4,0.01928087754934911
intron,65669,9.532294366828564e-4,0.01928087754934911
intron,155833,9.5326453467659e-4,0.01928087754934911
intron,85727,9.546661764059383e-4,0.01930578394348214
intron,57232,9.548072255305406e-4,0.01930592899215966
intron,87600,9.553540593337795e-4,0.019314277700034535
intron,1850,9.569205149249083e-4,0.01934323474849681
intron,146810,9.598298913862102e-4,0.019399325738911174
intron,2684,9.607019893637103e-4,0.019411510687988312
intron,65721,9.605910056256217e-4,0.019411510687988312
intron,101394,9.617013941083385e-4,0.01942898191933051
intron,80521,9.627603083266489e-4,0.01944765034078457
intron,16753,9.63275942827746e-4,0.01945534088058274
intron,45408,9.637903279451354e-4,0.019463004036127173
intron,21914,9.649034881071827e-4,0.019482755153944625
intron,54562,9.658528029102831e-4,0.01949625285249778
intron,135609,9.661127607116793e-4,0.01949625285249778
intron,153363,9.660882249209468e-4,0.01949625285249778
intron,154248,9.658678123753983e-4,0.01949625285249778
intron,113334,9.667709614644693e-4,0.019506805658305124
intron,39762,9.673784072621316e-4,0.019513601619254473
intron,88502,9.672795187170014e-4,0.019513601619254473
intron,85710,9.67772037500203e-4,0.019518811498152697
intron,91964,9.681521664126613e-4,0.019523747652338226
intron,32185,9.694401550572884e-4,0.0195415231255726
intron,38282,9.692018799678515e-4,0.0195415231255726
intron,56274,9.693865955211489e-4,0.0195415231255726
intron,981,9.696522204538649e-4,0.019543066073373933
intron,89813,9.709127494805792e-4,0.019565737124698977
intron,10658,9.714284156229214e-4,0.019568371516476245
intron,63628,9.713270303177701e-4,0.019568371516476245
intron,111339,9.714505654125904e-4,0.019568371516476245
intron,140309,9.718280544060987e-4,0.01957324137454473
intron,26499,9.721739051055112e-4,0.01957747274592242
intron,96116,9.723347433453489e-4,0.019577977706451092
intron,78136,9.740077815864057e-4,0.019606709493459027
intron,111407,9.740553537818109e-4,0.019606709493459027
intron,129891,9.74169586224205e-4,0.019606709493459027
intron,112487,9.745212049800944e-4,0.019611049317131517
intron,505,9.76625011806842e-4,0.01965064365531314
intron,32725,9.771383681718149e-4,0.0196582300026441
intron,6382,9.781960716559457e-4,0.019674019652062617
intron,21009,9.78156334223268e-4,0.019674019652062617
intron,78675,9.787109259503657e-4,0.019681629688819462
intron,105024,9.797864270415513e-4,0.019700510496985638
intron,95558,9.803876956129276e-4,0.019709277073031137
intron,117040,9.804957715084939e-4,0.019709277073031137
intron,109503,9.814545179218648e-4,0.019725799535325206
intron,30259,9.821783424517339e-4,0.019737596464595483
intron,129355,9.832632632091887e-4,0.01975664558974606
intron,8185,9.842748534198975e-4,0.019768708048345844
intron,57700,9.840351972425498e-4,0.019768708048345844
intron,144341,9.841509322671138e-4,0.019768708048345844
intron,80475,9.84523291601147e-4,0.019770944201633008
intron,159897,9.850380341627218e-4,0.01977852684384623
intron,48997,9.854359745904429e-4,0.019783762437388837
intron,1375,9.857467806879683e-4,0.01978724749480371
intron,32832,9.863245737061765e-4,0.019796090160117828
intron,148113,9.876402292159359e-4,0.01981973761961348
intron,26374,9.879427214305458e-4,0.01982304939882214
intron,154821,9.883045068372898e-4,0.019827549807663474
intron,55152,9.884651203535544e-4,0.019828013577802898
intron,86812,9.889502908171366e-4,0.019834986729884117
intron,93139,9.898007536841558e-4,0.01984890984937866
intron,109223,9.8991976559204e-4,0.01984890984937866
intron,147865,9.901406251395795e-4,0.019849533447300765
intron,163836,9.902261583687455e-4,0.019849533447300765
intron,3310,9.928485545449561e-4,0.019899261502320204
intron,38292,9.931208958802173e-4,0.019899261502320204
intron,59127,9.93060847459537e-4,0.019899261502320204
intron,79791,9.939915837831048e-4,0.019913940583858043
intron,85852,9.942369981398302e-4,0.019916090400159812
intron,64468,9.945889877518432e-4,0.019920374188434727
intron,1353,9.95541164366287e-4,0.01993657874509882
intron,38281,9.95674552013437e-4,0.01993657874509882
intron,130044,9.96516861799801e-4,0.01995067431480826
intron,34249,9.989629393898358e-4,0.019991319539354714
intron,60631,9.988344702431817e-4,0.019991319539354714
intron,124626,9.98859350786696e-4,0.019991319539354714
intron,127155,9.993154422247574e-4,0.019992824913555158
intron,148481,9.992287202986727e-4,0.019992824913555158
intron,162044,9.995001689635519e-4,0.019993746825596743
intron,60912,9.99993812121236e-4,0.020000847110203477
intron,44940,0.0010004983709871462,0.020002615913620323
intron,61116,0.0010003254014745444,0.020002615913620323
intron,162656,0.0010004688870979273,0.020002615913620323
intron,124639,0.0010008099891796185,0.02000607237449754
intron,41779,0.001001083558267668,0.020008767385600222
intron,65888,0.0010014762738612681,0.020013842714067615
intron,142891,0.0010020534736179254,0.020022602919498433
intron,110947,0.0010023004764181387,0.02002476375766563
intron,74059,0.0010033562668003704,0.02004308036659939
intron,105784,0.00100413960157697,0.020053172624928693
intron,134290,0.0010040422828980766,0.020053172624928693
intron,148878,0.0010043116206492897,0.020053830778035464
intron,31489,0.001005437075467075,0.02007332884659197
intron,76854,0.0010055664953003696,0.02007332884659197
intron,143638,0.001006446345434453,0.020088111852742722
intron,11718,0.0010071082011566812,0.020098540321644275
intron,23131,0.0010074877984467268,0.020103333741608845
intron,124577,0.0010081593066600947,0.020113949797389633
intron,35290,0.0010083041646222757,0.020114057085030362
intron,153542,0.0010087128155571445,0.020119425863492274
intron,129362,0.001008998971510966,0.0201223502537245
intron,84635,0.0010091499081889,0.02012257754565773
intron,109614,0.0010106384779678956,0.02014947366131845
intron,24069,0.0010109618047124957,0.020150348164778835
intron,80476,0.0010108253008971335,0.020150348164778835
intron,39654,0.0010112947426851315,0.02015419858463167
intron,69142,0.0010122847869302731,0.020171141670423366
intron,91473,0.0010134738455858106,0.020192045157556366
intron,10718,0.0010138222380093875,0.020193406557544164
intron,151666,0.0010138060833260187,0.020193406557544164
intron,126366,0.0010139972624665372,0.02019410347030962
intron,86010,0.00101419588047591,0.020195269999418605
intron,77410,0.0010146277725169295,0.020195504098184793
intron,111344,0.0010144481066838296,0.020195504098184793
intron,130326,0.001014596718993288,0.020195504098184793
intron,63195,0.0010151338776624996,0.02020278927630087
intron,116951,0.0010161543683591123,0.020217518349608516
intron,141936,0.0010160628751658685,0.020217518349608516
intron,33416,0.0010170283906854038,0.020229325949733798
intron,91594,0.0010169565048736562,0.020229325949733798
intron,112002,0.0010177640051306502,0.02024116589268731
intron,66680,0.0010188208951361633,0.02025939117828195
intron,62969,0.0010190366750220115,0.02026088815592158
intron,63530,0.001019880649712146,0.020274873015307338
intron,56165,0.001020819118896732,0.020290649636634038
intron,79401,0.0010209556662534869,0.020290649636634038
intron,157800,0.0010223845547555621,0.020316247690179874
intron,48317,0.001022608514586798,0.020316810938071653
intron,127907,0.0010226946722382557,0.020316810938071653
intron,75684,0.0010235232024804475,0.020330469760344062
intron,133065,0.0010239806315737177,0.02033675457063092
intron,124805,0.001025894252756343,0.020370092433780535
intron,150569,0.001025941745869119,0.020370092433780535
intron,154022,0.00102717664426355,0.020391803736139004
intron,121176,0.0010280182856607922,0.020405703086068254
intron,99615,0.0010281780224312698,0.02040606497120095
intron,145005,0.0010285910924270336,0.02041145392398861
intron,3851,0.0010295773486932447,0.02042821418863604
intron,41204,0.0010308286520326337,0.02045022801261109
intron,34722,0.0010309854996422008,0.020450526265048532
intron,62640,0.0010316325771690948,0.020460547250147662
intron,104840,0.0010318438177615574,0.020461922638605735
intron,24992,0.0010329956504623317,0.020479131669813234
intron,91041,0.0010328995057284907,0.020479131669813234
intron,76843,0.0010333711397791934,0.020483759718781875
intron,14707,0.0010343360648588096,0.02050006884347091
intron,83987,0.0010350566399331962,0.020511531245684545
intron,135917,0.0010351995932921243,0.020511545445160397
intron,28550,0.0010361971976269313,0.020528491451873455
intron,63028,0.0010364492268920555,0.020530663964618494
intron,80241,0.0010368441157617703,0.02053566534839412
intron,155701,0.0010375758324696616,0.020546666453717347
intron,163476,0.0010376845214339347,0.020546666453717347
intron,54563,0.0010379941570600737,0.020549975756062884
intron,136218,0.001038506443200582,0.02055729562863779
intron,81332,0.001038780885104007,0.02055799684624414
intron,134423,0.0010388269849492815,0.02055799684624414
intron,129363,0.0010389697379413754,0.02055800068596486
intron,60513,0.001039866928218558,0.02057293045926925
intron,56566,0.001040205018670859,0.020576796313781693
intron,119558,0.001041230998317877,0.02059426670887753
intron,77019,0.0010415526753642101,0.020597803984674527
intron,86549,0.0010420647787057202,0.020605105655123516
intron,81861,0.001042250943160905,0.020605961305237817
intron,41010,0.0010433932828308734,0.02062349033256774
intron,82822,0.001043495929564875,0.02062349033256774
intron,157365,0.0010435666018761003,0.02062349033256774
intron,39814,0.0010438622249060447,0.020626505873804605
intron,43779,0.0010443076291697384,0.020632479830069935
intron,115037,0.0010448148727801865,0.02063967374780991
intron,18116,0.0010451374423048332,0.02064263980742052
intron,114255,0.0010452513114743711,0.02064263980742052
intron,55153,0.0010459354893874728,0.0206533231710392
intron,13622,0.0010461885277398553,0.020653454328225577
intron,134686,0.0010462285732848464,0.020653454328225577
intron,31640,0.0010465944756626877,0.020657849651230388
intron,50717,0.001047725327709137,0.020677340404126388
intron,28912,0.0010479765935347274,0.020679469160353372
intron,39396,0.0010488618812167783,0.020694106622606095
intron,121417,0.0010492905562805577,0.020699732318679942
intron,99908,0.0010498394176013948,0.02070772710901988
intron,59218,0.0010505025184351924,0.020717972740150956
intron,90962,0.0010525041909998922,0.02075461122268856
intron,150514,0.0010542596438470886,0.020786385077967883
intron,129360,0.0010550090932924805,0.0207983180200176
intron,47190,0.00105545574102206,0.02080427912049866
intron,15775,0.0010564895466760316,0.020817588686623274
intron,80621,0.0010563160626422263,0.020817588686623274
intron,139064,0.0010566498573088001,0.020817588686623274
intron,139592,0.001056708406568907,0.020817588686623274
intron,13834,0.0010574322763813315,0.02082615901121588
intron,128140,0.0010573976695285037,0.02082615901121588
intron,102337,0.0010582240779508645,0.02083890749816473
intron,59246,0.0010591778134430019,0.02085484092615715
intron,83720,0.0010609134839740797,0.020886163929481245
intron,83790,0.001062664224384502,0.020915530355670103
intron,93819,0.001062695229191335,0.020915530355670103
intron,23505,0.0010641142852967356,0.0209389617321179
intron,104694,0.0010641761532705907,0.0209389617321179
intron,56728,0.001064712462089834,0.020946441340947097
intron,77628,0.0010648467929468275,0.020946441340947097
intron,1332,0.0010651353031736477,0.020949258955914103
intron,82655,0.0010654286604175889,0.02095217112134723
intron,63630,0.001065596095473964,0.020952606509410138
intron,86116,0.0010660096392227647,0.02095275641121121
intron,106395,0.0010660396082649015,0.02095275641121121
intron,129839,0.0010660339017216636,0.02095275641121121
intron,27682,0.0010663607543930365,0.02095335676642003
intron,85875,0.001066232312156079,0.02095335676642003
intron,44730,0.0010670592930339673,0.020955661101804347
intron,51543,0.0010667016977436994,0.020955661101804347
intron,128025,0.001066927375879323,0.020955661101804347
intron,141923,0.0010668659908320555,0.020955661101804347
intron,129359,0.0010674130557259964,0.020959754156737304
intron,35637,0.0010679964593587332,0.02096835471950236
intron,99614,0.0010685562822847494,0.02097649003531675
intron,86509,0.0010692803945264728,0.020987606590402687
intron,102285,0.00106952632859858,0.020987606590402687
intron,109598,0.0010695591811276106,0.020987606590402687
intron,58747,0.0010703488396199834,0.020997387445936464
intron,103253,0.0010703471623321192,0.020997387445936464
intron,32867,0.0010709498414839258,0.021006319884503875
intron,7164,0.0010712196675821684,0.02100875487597195
intron,135994,0.0010720411903211158,0.021022007605743423
intron,142934,0.0010723807219998882,0.021025806495912694
intron,62294,0.001072853812815966,0.021032222646105492
intron,22481,0.001073006945661148,0.021032365449633977
intron,146813,0.0010740435094696021,0.021049822284599472
intron,43010,0.0010753337220846815,0.021072244878470668
intron,67570,0.0010759625779830362,0.021081703190652133
intron,143065,0.0010761789267501598,0.021083077637530267
intron,67994,0.0010764280222226308,0.021083733873098375
intron,86653,0.0010765048333827298,0.021083733873098375
intron,160788,0.0010772632168161156,0.02109572198633916
intron,85444,0.0010779224325351278,0.021102899840971107
intron,128412,0.001077808742351416,0.021102899840971107
intron,22869,0.001078197787976909,0.021105425330634735
intron,91187,0.0010783890192976875,0.02110630365171846
intron,76222,0.0010789598252958221,0.021114609787818515
intron,119609,0.001079384998213584,0.021120064102766116
intron,155370,0.001080597593460797,0.02114092214898944
intron,45708,0.0010809529813626817,0.021145006318959336
intron,115398,0.0010814868967411462,0.021149712627929276
intron,137277,0.001081467998813812,0.021149712627929276
intron,18756,0.0010821502238709257,0.02115981523169554
intron,58668,0.0010837243577638267,0.021187722133954468
intron,35151,0.001084441798455349,0.021196001413641977
intron,63302,0.001084393460724531,0.021196001413641977
intron,104870,0.0010850206493877579,0.021204123250399866
intron,114466,0.001085151411429064,0.021204123250399866
intron,40520,0.0010859581294557774,0.021217011783556335
intron,154946,0.0010864158758281395,0.02122307968105507
intron,133760,0.0010867133846280685,0.02122601612583772
intron,13801,0.0010879097102979296,0.02123787675550745
intron,40453,0.0010877693782004316,0.02123787675550745
intron,102174,0.001087810007161738,0.02123787675550745
intron,129087,0.001087700222972332,0.02123787675550745
intron,74575,0.0010885130808085952,0.02124676320585593
intron,116748,0.001088659588841523,0.02124676320585593
intron,33735,0.001089328375362686,0.021256103728237358
intron,53867,0.001089432986300265,0.021256103728237358
intron,153278,0.0010896587138515823,0.021257631784144363
intron,8197,0.0010898272692095867,0.02125804423250465
intron,56392,0.0010911297685732846,0.021280572158053512
intron,150420,0.0010913611003635637,0.021282205571349348
intron,67997,0.0010918525512852995,0.021288910338453107
intron,21824,0.0010921277618149983,0.021291397613634643
intron,13832,0.001092701174284172,0.021299696977561178
intron,109099,0.0010931716028497185,0.0213059869350114
intron,57226,0.0010937086650123495,0.021310693886695837
intron,139860,0.0010935853259853578,0.021310693886695837
intron,80828,0.0010958048353906236,0.02134615403901758
intron,160787,0.0010958246017935824,0.02134615403901758
intron,22140,0.0010964397820791838,0.02135525278961276
intron,66937,0.0010973159653773212,0.021369431926963858
intron,55344,0.0010976846647914318,0.021373725689384015
intron,5390,0.0010978610969296643,0.021374275037793454
intron,146987,0.0010990331364137962,0.021394205116471963
intron,54390,0.0011000580067319632,0.021411265349817278
intron,147817,0.0011018030410826496,0.021442336186964325
intron,132186,0.0011020768826989213,0.02144261001752941
intron,157804,0.0011021144982554798,0.02144261001752941
intron,35380,0.0011023160278991195,0.02144363785717636
intron,5700,0.0011029886711639847,0.02144876498454993
intron,29363,0.00110302579712096,0.02144876498454993
intron,100372,0.001102915786331371,0.02144876498454993
intron,127903,0.0011035903099173572,0.021456848836760457
intron,142583,0.0011046914305414823,0.021475362243744342
intron,13891,0.0011063420504804355,0.0215045515667384
intron,162620,0.001106685651967143,0.021508331241674634
intron,129152,0.0011074060511384598,0.021519431938623348
intron,49201,0.0011075943424510015,0.02152019096494632
intron,50287,0.0011096144400662977,0.02155653638133377
intron,17581,0.001111101092908573,0.021582510143462633
intron,41425,0.0011115643013650534,0.02158278621340383
intron,60922,0.0011115394582874583,0.02158278621340383
intron,149216,0.0011113817781802648,0.02158278621340383
intron,4792,0.0011123153098199223,0.021594460673559714
intron,25835,0.0011131700034887615,0.021600739218233876
intron,33132,0.0011129718982565429,0.021600739218233876
intron,47888,0.0011132378724327818,0.021600739218233876
intron,83584,0.001112851011042304,0.021600739218233876
intron,123167,0.001113646402034263,0.021605759006882143
intron,50596,0.0011142584551748769,0.021614613575987818
intron,141412,0.0011144025736439245,0.021614613575987818
intron,137479,0.0011147467383755272,0.021618381240037607
intron,136101,0.0011156601224777685,0.021633185327706275
intron,138995,0.0011159295238859501,0.021635499979970583
intron,127239,0.0011179696174725695,0.021669226428342316
intron,160789,0.001117940004226492,0.021669226428342316
intron,48301,0.0011183232033638024,0.021670254526670766
intron,60374,0.001118236506473913,0.021670254526670766
intron,54055,0.0011186201125759077,0.02167309560314845
intron,6515,0.0011210732430790848,0.02171478967961123
intron,147866,0.0011209603306401306,0.02171478967961123
intron,74988,0.0011221500201200607,0.02173272736388042
intron,47428,0.0011235978621259024,0.0217578456967356
intron,22544,0.0011239747012764534,0.021762220696425014
intron,7546,0.0011247411687698161,0.021774137431170477
intron,29291,0.001124909415119335,0.021774471412901203
intron,39459,0.0011258368196078727,0.02178949808685982
intron,38378,0.0011264789732552405,0.021799000710711013
intron,23258,0.001127321231332079,0.021812372575701747
intron,76790,0.0011276866452647472,0.021813589276149348
intron,145055,0.0011276073078919646,0.021813589276149348
intron,115924,0.001129287271654511,0.021840119188396238
intron,145065,0.0011293610489634398,0.021840119188396238
intron,67369,0.0011301427602266045,0.02185230584928908
intron,35772,0.0011308879429883234,0.021855000340390666
intron,46884,0.0011305176139688733,0.021855000340390666
intron,111198,0.0011306782793741865,0.021855000340390666
intron,123887,0.0011308883240064294,0.021855000340390666
intron,153491,0.0011313376366425265,0.02186075392835439
intron,91292,0.0011316993443566403,0.021864813417957936
intron,17083,0.0011326327075139586,0.021879508913479125
intron,154249,0.0011327634133435627,0.021879508913479125
intron,54531,0.001133591449339999,0.02189257026047586
intron,24053,0.0011346192607979422,0.02190655238209785
intron,85522,0.0011345036433924038,0.02190655238209785
intron,91734,0.0011351327257227428,0.021913532125609043
intron,76725,0.0011357921960571948,0.02192332823140408
intron,129157,0.0011364174694638018,0.021932461726307077
intron,26494,0.001136780513625535,0.021936532520861435
intron,161740,0.0011375618776409135,0.02194867349330522
intron,10583,0.0011382008068250293,0.021952189882281266
intron,61900,0.0011380475584708005,0.021952189882281266
intron,92834,0.001138161005023175,0.021952189882281266
intron,80474,0.0011391933471629478,0.021966097206885384
intron,108120,0.001139226535537774,0.021966097206885384
intron,142584,0.001140219449185853,0.02198230295571448
intron,58003,0.0011413415963239526,0.022000995532828263
intron,14844,0.0011424799531609686,0.022019202662255332
intron,107338,0.001142733662252593,0.022019202662255332
intron,158416,0.0011427441991326281,0.022019202662255332
intron,54887,0.001143674208116785,0.022034178561108512
intron,41577,0.0011445857856735575,0.022048795404037765
intron,62196,0.0011459930455858247,0.022070007895939506
intron,78575,0.0011458668821318074,0.022070007895939506
intron,101198,0.0011468238158107713,0.0220830580860761
intron,51434,0.00114735339231542,0.022090305827186883
intron,58503,0.0011486495254858786,0.022112308386295836
intron,95987,0.0011490780595653227,0.022117605410536104
intron,130735,0.0011502629977697687,0.02213278102260934
intron,132926,0.001150314397920571,0.02213278102260934
intron,135692,0.001150326917309541,0.02213278102260934
intron,60602,0.0011505405612992625,0.0221339384636183
intron,99144,0.0011509648543233109,0.022139147491983684
intron,33130,0.0011514715962389621,0.022145940848070422
intron,156142,0.0011520183490242308,0.02215350180793936
intron,6581,0.0011522204581319029,0.022154434080776976
intron,123459,0.0011529482907046695,0.022165473157932044
intron,13715,0.0011535304734353602,0.022173709541814583
intron,3072,0.001154127354195511,0.022179270171438174
intron,3339,0.001154062602176431,0.022179270171438174
intron,10894,0.0011552521623686696,0.02219792785858744
intron,128959,0.0011569126263479834,0.02222687171699489
intron,31382,0.001157641723100511,0.022231842474106308
intron,91703,0.0011579421860451466,0.022231842474106308
intron,91769,0.001157396195640148,0.022231842474106308
intron,121693,0.001157693726393072,0.022231842474106308
intron,159316,0.0011578169998822663,0.022231842474106308
intron,18121,0.0011585387426165106,0.022240334991546745
intron,13442,0.0011587622122373187,0.022241123044402778
intron,46345,0.001158888254770174,0.022241123044402778
intron,91883,0.0011592755074956163,0.0222455945588051
intron,80365,0.001159880403733382,0.0222521183029479
intron,91733,0.0011599240902540053,0.0222521183029479
intron,56022,0.0011601740576747677,0.022253953223610696
intron,9873,0.001160969810172774,0.02226596804318767
intron,14480,0.0011611092366166087,0.02226596804318767
intron,54361,0.0011614208588135444,0.022268982553772743
intron,156257,0.0011616370906455398,0.02227016749943118
intron,46882,0.0011618104240578297,0.02227052981817193
intron,58797,0.0011623500980993962,0.022277913423261513
intron,73996,0.001162878081635954,0.022285071032355618
intron,46163,0.0011635273099998011,0.022294549932652317
intron,78954,0.0011644198473566014,0.02230868778102211
intron,46218,0.0011648335012197641,0.022313648340913726
intron,33133,0.0011652938482599184,0.022316537845420724
intron,33417,0.001165289415771431,0.022316537845420724
intron,142954,0.0011669595414711686,0.02234547000357626
intron,116332,0.0011674760297932796,0.022352391904991963
intron,135669,0.0011680704165233369,0.022360803206634916
intron,67540,0.0011685774234921897,0.022367539754385213
intron,40501,0.0011693678525321882,0.02237969872728723
intron,20438,0.0011697833628547816,0.022381515814473035
intron,41017,0.0011699284099211393,0.022381515814473035
intron,153620,0.0011698406731288635,0.022381515814473035
intron,66498,0.0011710320705262678,0.022399658017559557
intron,48110,0.0011714272985847707,0.022404246213131834
intron,48332,0.0011720635882195296,0.022413443026969064
intron,135232,0.0011734050426416287,0.02243612052296756
intron,111406,0.0011740422085333435,0.022445327424892997
intron,46667,0.0011742089658761667,0.022445539812049893
intron,20670,0.0011761897809774435,0.022477444970237768
intron,72324,0.0011761600418482843,0.022477444970237768
intron,80347,0.0011776395125455696,0.022499505498262042
intron,130932,0.0011776561990810563,0.022499505498262042
intron,139807,0.0011778203241974428,0.02249966028501002
intron,125960,0.0011781780369475303,0.022500532402872798
intron,128416,0.001178040457927132,0.022500532402872798
intron,37830,0.0011791926244441031,0.022516926746982358
intron,59254,0.0011795448079323645,0.022518910735487244
intron,163822,0.001179608837961199,0.022518910735487244
intron,147300,0.0011809474809378884,0.022541481586182667
intron,138789,0.001181171914168666,0.02254278166047126
intron,100853,0.0011821212670154457,0.022554930081039478
intron,111458,0.0011821205947297742,0.022554930081039478
intron,109497,0.0011835114608692576,0.02257846768588081
intron,43386,0.0011841741991056587,0.02258812284794044
intron,111543,0.0011853495658733504,0.022607552552029925
intron,135934,0.0011856983497386953,0.02261121421856229
intron,60754,0.0011870403132794305,0.022631695410053495
intron,133832,0.0011870862307769015,0.022631695410053495
intron,5438,0.0011886558409159864,0.022658624302838288
intron,62287,0.001190147881162229,0.022684067604911654
intron,112861,0.0011905872399189388,0.02268944285806666
intron,1763,0.0011912432689161756,0.022697289676023018
intron,94939,0.0011913137750443337,0.022697289676023018
intron,38370,0.0011917501084732773,0.0227026034204235
intron,56426,0.0011928176157126602,0.022719937909004832
intron,161868,0.0011932121329760736,0.02272445087956691
intron,113906,0.0011938503442523452,0.022733603141898578
intron,6422,0.0011948006638211606,0.022748695448594942
intron,53812,0.0011962209072196028,0.022772729817480825
intron,93060,0.001196652908626028,0.022777946936936858
intron,1482,0.0011969121317579878,0.022779874328154173
intron,21416,0.0011972124899116698,0.02278258399745212
intron,32824,0.0011981633261064495,0.022794662106574246
intron,122711,0.0011981186691644163,0.022794662106574246
intron,599,0.0011984922792627195,0.022797912691681705
intron,17409,0.0011988055169424028,0.02279956500276385
intron,41077,0.0011988953477706232,0.02279956500276385
intron,57781,0.0011994317926404818,0.022806759034982325
intron,90141,0.0011996529383251353,0.022807956661444008
intron,13538,0.0012006607970802552,0.02282410909102984
intron,39532,0.001201810513006274,0.02284295355859968
intron,19283,0.0012026666684001874,0.022856214055085113
intron,24128,0.001204143305774119,0.022881261522699748
intron,96287,0.0012054280783093674,0.022902657034092087
intron,126037,0.0012056297044951148,0.02290347026691174
intron,41268,0.0012063676128311052,0.022914469750202213
intron,94940,0.0012086328758897924,0.022954474006774566
intron,102452,0.0012089653675382284,0.022957765177322266
intron,4212,0.0012096020647364147,0.022963807918568217
intron,44779,0.001209528364362722,0.022963807918568217
intron,67211,0.0012105939356905626,0.022979612963555215
intron,130055,0.0012110047091817844,0.02298438485087886
intron,75907,0.0012114673410271726,0.022987114585198087
intron,153390,0.0012113567237885814,0.022987114585198087
intron,141331,0.0012117088997207759,0.022988673240630697
intron,8018,0.0012121002296247019,0.02298953093317499
intron,25431,0.001212232368857702,0.02298953093317499
intron,84103,0.001212044250491262,0.02298953093317499
intron,95549,0.001213113400779342,0.02300321422566556
intron,15922,0.0012134298652379805,0.023003742800917538
intron,32212,0.0012134603139000166,0.023003742800917538
intron,44773,0.001214393240912548,0.023015377328463107
intron,47688,0.001214369751093347,0.023015377328463107
intron,50115,0.001215243703495128,0.023022418385433778
intron,73570,0.0012150144688809483,0.023022418385433778
intron,124964,0.001215190882755457,0.023022418385433778
intron,8514,0.0012156565192393831,0.02302721393274054
intron,88726,0.001216096291905444,0.023032518776833252
intron,63151,0.0012165005441278076,0.023037149568882302
intron,129778,0.001217204007824657,0.023047444637128454
intron,6336,0.0012182352862327717,0.02305835253725544
intron,70955,0.0012182597792156358,0.02305835253725544
intron,87736,0.0012182065116388419,0.02305835253725544
intron,15041,0.0012187782062145214,0.02306513763564009
intron,14097,0.0012190220604053614,0.023066725398881504
intron,160448,0.001219218775662556,0.02306742088454083
intron,113401,0.0012198633605332576,0.023076588696368815
intron,115690,0.0012203616030341813,0.02308298605571225
intron,136782,0.0012206065077136063,0.023084590512505707
intron,29320,0.0012212912457671976,0.023090828365175606
intron,100371,0.0012215680356462144,0.023090828365175606
intron,114465,0.0012214387257780679,0.023090828365175606
intron,158584,0.0012215768277401562,0.023090828365175606
intron,73569,0.0012221555724872823,0.023095723346544052
intron,136212,0.0012221561010039572,0.023095723346544052
intron,71250,0.0012226541691060522,0.023102108197625322
intron,138876,0.001223306214699571,0.023111400406548018
intron,133692,0.0012268525483780657,0.02317536356352577
intron,145489,0.0012275908345692477,0.023186272623539946
intron,35553,0.0012280208500343726,0.023191357087599104
intron,91185,0.0012285030092733518,0.023197424834134117
intron,2253,0.0012290353664945464,0.023204438739994636
intron,116179,0.0012298448877720025,0.023215423305726957
intron,117633,0.0012299391434240636,0.023215423305726957
intron,133790,0.001230110837762144,0.023215625386882016
intron,15758,0.0012307205291997025,0.023224092561410822
intron,1348,0.001230931665785251,0.02322503764593663
intron,46120,0.0012313293006323,0.023229500844620894
intron,115054,0.0012316528808660188,0.023230881288793446
intron,115694,0.001231724662007494,0.023230881288793446
intron,115829,0.0012323061376469102,0.02323880883897581
intron,116418,0.0012331306157198352,0.02325131625276023
intron,104532,0.0012336157148282734,0.023257422066706866
intron,55031,0.0012346173298285468,0.023271286378650606
intron,63891,0.001234673851359891,0.023271286378650606
intron,13755,0.0012361838686256732,0.023296702449412236
intron,160781,0.001236659759090597,0.023302625621217526
intron,28503,0.0012374758232153171,0.023314956367704632
intron,155118,0.0012377644386077913,0.023317347667970445
intron,119868,0.0012381125497835654,0.023319901216336553
intron,123877,0.001238223412271866,0.023319901216336553
intron,3015,0.0012401283616620962,0.02335272795118907
intron,67269,0.0012404166122494953,0.02335510620220172
intron,83550,0.0012412132318500024,0.023367054376683197
intron,124524,0.0012420226289839853,0.023379239950123164
intron,10647,0.0012423858238279628,0.023383024340480167
intron,87270,0.0012432874447605435,0.023393887336454033
intron,96286,0.0012432861657585281,0.023393887336454033
intron,144402,0.0012435981672045404,0.023396681134776928
intron,31429,0.0012439370127759197,0.02340000323524355
intron,130024,0.001244205292030065,0.023401997202005944
intron,47889,0.001244495624413977,0.023404405387306523
intron,113220,0.0012447609666472736,0.023406343032638336
intron,155467,0.0012450027472286074,0.023407837179869072
intron,20435,0.0012459070729913257,0.023421786113265557
intron,157494,0.0012473567172567313,0.023445981507487154
intron,153147,0.00124796127728255,0.023451231680099646
intron,154906,0.0012478450717954281,0.023451231680099646
intron,4823,0.0012487309525605061,0.02345347023650598
intron,21183,0.0012487226827921916,0.02345347023650598
intron,74171,0.0012487162506347183,0.02345347023650598
intron,79734,0.0012482632016918016,0.02345347023650598
intron,156215,0.0012493219997049554,0.023461515511323413
intron,32577,0.0012498638661704309,0.023468635227713454
intron,103536,0.0012502017607043392,0.023471923617483483
intron,123298,0.0012512440361498456,0.023488433835076903
intron,137258,0.0012524751211762108,0.02350848363913287
intron,161216,0.0012527350837789886,0.023510302996683576
intron,55541,0.0012532650625584063,0.023517188663156812
intron,84378,0.0012537338371012563,0.023522924205940786
intron,131548,0.0012542195613189921,0.023528976229885246
intron,59997,0.001254522290810467,0.023531594171553722
intron,94794,0.0012551324364378225,0.0235369158987502
intron,135693,0.0012550139248843628,0.0235369158987502
intron,29657,0.0012557130745285416,0.023544742600251904
intron,31386,0.0012564043452820695,0.023548554555980858
intron,46116,0.0012562439292376215,0.023548554555980858
intron,104803,0.0012564062684454758,0.023548554555980858
intron,62516,0.0012568925477471904,0.02355460735971138
intron,9006,0.0012571589376437764,0.023556538321309262
intron,120668,0.0012576053525993336,0.02356184163729922
intron,2448,0.0012580277662519457,0.023566693957897417
intron,105145,0.0012584907825127223,0.023572305529784666
intron,136902,0.0012595277257303472,0.023588664252518984
intron,106401,0.001260445106112229,0.023602779823026387
intron,18400,0.0012606437377553625,0.023603434366461642
intron,30260,0.0012613193906925169,0.02360382628777521
intron,31381,0.0012611939883979684,0.02360382628777521
intron,39395,0.0012610269986834677,0.02360382628777521
intron,160799,0.0012609041649788155,0.02360382628777521
intron,137788,0.0012628530878177058,0.02362946091020214
intron,58663,0.0012637085733163689,0.023639333536416344
intron,95859,0.001263662457255177,0.023639333536416344
intron,66448,0.0012639229537146912,0.023640277222611476
intron,38152,0.0012644190004882372,0.023643422044010272
intron,83101,0.0012643858146837994,0.023643422044010272
intron,146502,0.001264955665025158,0.02365039045589044
intron,15302,0.0012670378339574295,0.02368624901756534
intron,16787,0.0012691547811685133,0.023722748351000363
intron,61124,0.0012693426070187197,0.023723184205592083
intron,8480,0.0012699446740391807,0.023728286033838836
intron,155464,0.0012698177297223445,0.023728286033838836
intron,111197,0.0012707691023345902,0.023740614061454106
intron,66411,0.0012717900040948305,0.02375660895343306
intron,56770,0.0012729461955310883,0.023775126540467772
intron,85557,0.0012733753992857366,0.023776983841097787
intron,86399,0.0012732659586285333,0.023776983841097787
intron,29201,0.0012735552895443147,0.02377726406516274
intron,80346,0.0012743087100320905,0.02378566969279501
intron,144103,0.001274335393195436,0.02378566969279501
intron,76792,0.0012760919294755313,0.023813660938187337
intron,121532,0.0012761653160409114,0.023813660938187337
intron,75001,0.0012766957664507306,0.023817395393604206
intron,120324,0.0012766059894961934,0.023817395393604206
intron,18904,0.0012776069719079297,0.02383131142128144
intron,50680,0.0012781193771552735,0.023837785957246574
intron,13757,0.0012787736776129766,0.02384225844628759
intron,82306,0.0012787296796012981,0.02384225844628759
intron,158110,0.0012788551809692628,0.02384225844628759
intron,112709,0.0012791472238762314,0.02384462043866594
intron,77152,0.0012795789267439073,0.02384536481565107
intron,115435,0.0012796832213992637,0.02384536481565107
intron,130601,0.0012793788810661066,0.02384536481565107
intron,149710,0.0012800427453534269,0.02384898245209065
intron,23130,0.0012803144531088329,0.023850963226904203
intron,150614,0.0012822911137027049,0.023884700934348486
intron,60166,0.001282781196678906,0.023887658578186335
intron,61970,0.001282776612427039,0.023887658578186335
intron,29554,0.0012836110926252031,0.023900026447282462
intron,45765,0.0012847155092770013,0.023917501865002393
intron,19319,0.001285924337165123,0.023930738274560704
intron,64467,0.0012857690326881777,0.023930738274560704
intron,87064,0.0012855945082752562,0.023930738274560704
intron,53497,0.0012870694775308777,0.023948958470489716
intron,160433,0.0012874373379496706,0.023952712707225928
intron,21184,0.0012876582422366445,0.023953732215972627
intron,134563,0.0012912823570605525,0.02401569026845457
intron,141748,0.0012913219354233618,0.02401569026845457
intron,153792,0.001291651983845954,0.02401873083616679
intron,158948,0.0012920382688306198,0.02402281622398881
intron,33256,0.0012933733135007675,0.024044538535516975
intron,40632,0.001293673860732758,0.02404702583587121
intron,155563,0.0012946707700336457,0.02406245492128392
intron,154291,0.0012970805285767995,0.024104135539236404
intron,109828,0.001297754729513212,0.024113557051786076
intron,14124,0.0012984439152524674,0.024120147067733164
intron,84102,0.001298341954331761,0.024120147067733164
intron,33491,0.001302362829671444,0.024189829543847234
intron,139532,0.0013029552876606676,0.02419771708534216
intron,82821,0.0013036768078691363,0.024207999154311686
intron,42270,0.0013040399283879012,0.024208044139788495
intron,114208,0.001304182840791479,0.024208044139788495
intron,134947,0.0013040162494308838,0.024208044139788495
intron,15988,0.0013049773963250688,0.02421733581062936
intron,143126,0.0013050192888306444,0.02421733581062936
intron,116604,0.001306693445444762,0.024245283284515286
intron,25246,0.0013075525559176349,0.024258102589889922
intron,160790,0.0013080482361675916,0.02426417699935939
intron,130805,0.001308267494392279,0.024265122902099985
intron,32201,0.0013086192043909595,0.02426852489809762
intron,7796,0.001309007952970065,0.02427261281650433
intron,138787,0.0013106389549113473,0.02429973152107234
intron,155236,0.0013108686313817453,0.02430086550015006
intron,115227,0.0013120240739995515,0.024319158822526134
intron,143084,0.0013123784891775347,0.02432260182352201
intron,92907,0.0013127324067920831,0.024326034719386522
intron,155184,0.0013147521468500623,0.024360331856714237
intron,47221,0.0013154459357780368,0.024367501351486333
intron,90678,0.0013154770435646057,0.024367501351486333
intron,25792,0.0013160971240103736,0.024375856404079622
intron,60913,0.0013163100293656083,0.02437666885896061
intron,1151,0.0013168505011313947,0.024383546509585904
intron,121956,0.001317046711112102,0.02438404866726703
intron,20739,0.001317521707722591,0.024389711541149123
intron,58594,0.0013185341105894643,0.024398207668583406
intron,83990,0.0013186574200207968,0.024398207668583406
intron,91532,0.0013186523002611805,0.024398207668583406
intron,155704,0.0013183785894926858,0.024398207668583406
intron,57033,0.0013196336428744626,0.024413137747017016
intron,23930,0.0013201722109461578,0.02441996844842388
intron,24127,0.0013213961323883527,0.024439473138813284
intron,62639,0.0013217522059926212,0.024439789764018196
intron,153383,0.0013216527447670323,0.024439789764018196
intron,4416,0.001322358709336724,0.02444786953811807
intron,84603,0.0013230826649743843,0.024458118429427127
intron,136859,0.0013232976776424987,0.02445895772876081
intron,75954,0.0013237112275945595,0.024463465974334055
intron,143125,0.001324002003608049,0.024465704373950018
intron,7282,0.0013250484570079823,0.024481904271588743
intron,154208,0.0013265681877456803,0.02450684328084055
intron,116605,0.0013267520997740645,0.024507101326004678
intron,143299,0.0013278558112592709,0.02452434720469591
intron,20795,0.0013284954154231254,0.02452969737587188
intron,125448,0.001328589498638011,0.02452969737587188
intron,143085,0.0013286557948153366,0.02452969737587188
intron,30418,0.0013293889513816826,0.024534468709382508
intron,53868,0.0013295541188158566,0.024534468709382508
intron,58555,0.001329408215857697,0.024534468709382508
intron,77185,0.0013295947697672394,0.024534468709382508
intron,150562,0.0013300652254469858,0.024536870406298258
intron,161499,0.0013299129438368862,0.024536870406298258
intron,138796,0.0013323558546570746,0.02457598372122445
intron,84622,0.0013344458167472428,0.024611386097412667
intron,102284,0.0013356110617931405,0.024629726903836757
intron,33220,0.0013363555422991613,0.024637154652050006
intron,160782,0.0013362161162530084,0.024637154652050006
intron,43116,0.0013372994416585016,0.024651404906461397
intron,98503,0.001338221978385734,0.02466525777569933
intron,2538,0.0013392582322075963,0.024679844792429413
intron,57104,0.0013396622816932435,0.024679844792429413
intron,80920,0.0013402113945197858,0.024679844792429413
intron,87672,0.0013396068504512026,0.024679844792429413
intron,120533,0.0013401259793535125,0.024679844792429413
intron,129504,0.0013401390146288161,0.024679844792429413
intron,131026,0.0013397404724995177,0.024679844792429413
intron,40634,0.0013410229927866002,0.02469163722175399
intron,133824,0.0013425406915161808,0.0247164260821491
intron,144337,0.0013430322920759963,0.024722320365509726
intron,87733,0.0013432456472930454,0.02472309190289575
intron,13621,0.0013436189964095568,0.024726807633388588
intron,101675,0.0013440442594077062,0.024731477672120337
intron,55351,0.0013446768638696316,0.02473996127941413
intron,121042,0.0013459438937081236,0.02476011367265817
intron,129163,0.0013463019673070065,0.024763541811153252
intron,32200,0.0013469024164034504,0.024771426700968293
intron,54600,0.0013472372851064396,0.02477442580634332
intron,18309,0.0013484213360728248,0.02479303781857119
intron,115179,0.0013485974199999307,0.02479311424603901
intron,82731,0.0013500633393306316,0.024808851499608875
intron,104847,0.0013500072441192668,0.024808851499608875
intron,131928,0.0013501415782100068,0.024808851499608875
intron,161500,0.0013500866826074986,0.024808851499608875
intron,601,0.001350613207633633,0.024811194755824627
intron,103796,0.0013504846653181746,0.024811194755824627
intron,157672,0.0013521148264037386,0.024835616198089917
intron,39819,0.0013529080534671056,0.02484702135332793
intron,90905,0.0013543892733904883,0.0248710574236371
intron,142336,0.001354842807536949,0.024876218073144996
intron,12835,0.001355249204435971,0.024877172608403702
intron,32079,0.001355412325228511,0.024877172608403702
intron,130232,0.0013553724141044388,0.024877172608403702
intron,2265,0.0013560506995096144,0.024885721967954053
intron,55215,0.001356663813421921,0.02488818309739328
intron,80220,0.0013568751552400782,0.02488818309739328
intron,105538,0.0013568603570881521,0.02488818309739328
intron,147013,0.0013564352666958213,0.02488818309739328
intron,91993,0.0013571149560065443,0.024889415803234862
intron,86783,0.0013573869622843793,0.024891238767820893
intron,11795,0.0013581512976552634,0.02490208826204356
intron,4132,0.0013586678262169638,0.024905225780509684
intron,52576,0.0013585236274902268,0.024905225780509684
intron,46161,0.0013593170529028198,0.024913959614636116
intron,111517,0.0013596710909511422,0.02491728161301199
intron,153794,0.0013598658134997832,0.024917683528254544
intron,81709,0.0013605715929018158,0.024927448570396665
intron,159462,0.0013615851079713526,0.02494284853470844
intron,93062,0.0013620435027081879,0.024948076641056735
intron,157263,0.0013624292062133225,0.024951972128575643
intron,19115,0.0013627074640181203,0.02495389908109982
intron,30330,0.0013645097293186748,0.024983729626188184
intron,54370,0.0013660409479023805,0.02500848161584136
intron,124761,0.0013665539126159754,0.02500848161584136
intron,127870,0.0013665153150717035,0.02500848161584136
intron,157460,0.0013665552652286639,0.02500848161584136
intron,110948,0.0013690912155595036,0.025051711321176163
intron,42509,0.0013694318454737786,0.025054765052047345
intron,113528,0.0013697965351389119,0.025058258143191306
intron,110763,0.001370844524389514,0.0250742486464534
intron,148582,0.001372135498078797,0.02509467898179443
intron,155681,0.00137236759202497,0.025095740976812688
intron,53515,0.0013727068708513368,0.025098762485718108
intron,155982,0.0013734153915033742,0.025108533641294003
intron,23637,0.0013752349439772882,0.025138611429348815
intron,62644,0.0013759349186392988,0.02514503191131889
intron,153901,0.0013758397020523505,0.02514503191131889
intron,135498,0.0013772744623292699,0.025166322654475038
intron,12404,0.0013792537566221785,0.025184286513648676
intron,29085,0.0013794033645990744,0.025184286513648676
intron,91530,0.0013789263011573238,0.025184286513648676
intron,93517,0.0013794800472328728,0.025184286513648676
intron,115691,0.0013789660842229434,0.025184286513648676
intron,138160,0.0013787287847387697,0.025184286513648676
intron,146366,0.0013787908383968706,0.025184286513648676
intron,139753,0.0013799805354266503,0.02519023456611025
intron,74181,0.0013802788819249345,0.025192491675199217
intron,5972,0.0013817794687336349,0.025216688414030786
intron,22535,0.0013830752934419488,0.025236581301909162
intron,123886,0.0013832195289430471,0.025236581301909162
intron,111743,0.001383494716100886,0.025238408921538325
intron,89299,0.0013844006265750775,0.0252389710690913
intron,94048,0.0013843542745306525,0.0252389710690913
intron,126984,0.001384368683203241,0.0252389710690913
intron,139531,0.0013838904690380849,0.0252389710690913
intron,142278,0.0013838206640968131,0.0252389710690913
intron,26505,0.001384692093912454,0.02524109376650654
intron,28558,0.0013870137809492977,0.025269690262074773
intron,86553,0.001386568032828217,0.025269690262074773
intron,115377,0.001386931399212643,0.025269690262074773
intron,147069,0.0013869349914830131,0.025269690262074773
intron,160883,0.0013871370191085308,0.025269690262074773
intron,83124,0.0013873603726912709,0.025270566788517128
intron,50007,0.0013885257580764643,0.02528859989832441
intron,131460,0.0013888008849937128,0.02529041662107442
intron,39435,0.0013917796340383592,0.025341258836123117
intron,93660,0.0013919442970239393,0.025341258836123117
intron,75500,0.0013937244430604068,0.025368328459469795
intron,124759,0.001393783009038252,0.025368328459469795
intron,24791,0.001394121649010649,0.025371289833275953
intron,158223,0.001394506076843438,0.025375083637017248
intron,87798,0.0013948264209784345,0.02537771053369128
intron,121423,0.0013951563680334456,0.025380511462722227
intron,7047,0.0013955607700719685,0.025384318790234568
intron,50110,0.001395717709180344,0.025384318790234568
intron,1435,0.001395956938567644,0.025385468126106463
intron,158359,0.0013968894660696396,0.02539922320432537
intron,62666,0.0013991322367875592,0.025436795571157786
intron,90931,0.0014000410298965482,0.02544915284342323
intron,151207,0.00140016489254835,0.02544915284342323
intron,127151,0.001400603631197539,0.025453919072980908
intron,144056,0.0014014795946217795,0.025466629019861766
intron,16196,0.001402200588183744,0.025472399800269017
intron,61271,0.0014024990911261082,0.025472399800269017
intron,100159,0.0014025037232182624,0.025472399800269017
intron,139100,0.0014021558416518198,0.025472399800269017
intron,79674,0.001404223810671068,0.025500428543690053
intron,105043,0.0014045685348715864,0.025503477047119978
intron,593,0.0014055444399661,0.02551793479421084
intron,66254,0.00140571868220829,0.02551793479421084
intron,2239,0.001406240450665397,0.025524193413354927
intron,27128,0.0014065742031788009,0.025527038273068885
intron,37853,0.0014079314190129644,0.025548454277287348
intron,32837,0.001408577002118605,0.025556953163628295
intron,73431,0.0014115270913230837,0.02560585640034766
intron,113978,0.001411627440989438,0.02560585640034766
intron,29254,0.0014118266744793662,0.025606249433611616
intron,8167,0.0014120319761976585,0.0256067524134225
intron,32081,0.0014127197771433009,0.025616004137118568
intron,125450,0.0014131399760520802,0.02562040187660829
intron,144644,0.0014139220569866495,0.025631358651398338
intron,8640,0.0014143960359742636,0.02563672814979143
intron,162590,0.0014158783977936684,0.02566037151069895
intron,46901,0.0014161945477340065,0.025662875992093225
intron,141546,0.0014181895552018986,0.025695798616283478
intron,155168,0.0014186253909551638,0.02570046630068735
intron,155218,0.001419601714023333,0.025714923297847355
intron,50299,0.0014209153526868468,0.02573225420882985
intron,75401,0.0014209067459318714,0.02573225420882985
intron,73429,0.0014227383248810455,0.02575861301131558
intron,104860,0.0014229067330167045,0.02575861301131558
intron,134710,0.0014228443600314833,0.02575861301131558
intron,13335,0.0014236017193827166,0.02576149242653073
intron,58554,0.0014233131491665496,0.02576149242653073
intron,153410,0.0014234610606905784,0.02576149242653073
intron,35292,0.0014241937358272505,0.025765739061904446
intron,40996,0.001424078481552682,0.025765739061904446
intron,10668,0.0014251861642500252,0.025772361545079444
intron,17336,0.0014251590982095053,0.025772361545079444
intron,27489,0.0014249703642303935,0.025772361545079444
intron,96853,0.0014252746629637159,0.025772361545079444
intron,30617,0.0014258287094031097,0.025778945320231214
intron,39652,0.001426175052284595,0.025778945320231214
intron,56631,0.001426173353915594,0.025778945320231214
intron,64125,0.0014267572790578331,0.02578623724039265
intron,144134,0.001427164354083299,0.025790362156552667
intron,115224,0.0014276067751370913,0.025795124698934288
intron,2647,0.0014292905467122585,0.025804006101609323
intron,13230,0.0014285347397101633,0.025804006101609323
intron,119657,0.0014290384126502964,0.025804006101609323
intron,133837,0.0014291685388898578,0.025804006101609323
intron,139104,0.0014283174582527813,0.025804006101609323
intron,144070,0.0014286900396363045,0.025804006101609323
intron,162589,0.0014293508688181245,0.025804006101609323
intron,43299,0.0014296390816237459,0.02580597860104087
intron,34582,0.0014304113119696371,0.02581668636610832
intron,13598,0.001431322755087061,0.025828798273916494
intron,83196,0.001431440608327894,0.025828798273916494
intron,155689,0.0014327329126719857,0.02584888216410472
intron,121424,0.001433253161264303,0.025854837909964234
intron,141285,0.0014336008926617572,0.025854837909964234
intron,146761,0.00143356522663729,0.025854837909964234
intron,109374,0.0014339202584490174,0.025857363850213512
intron,144105,0.001434414817621521,0.02586304796258398
intron,138560,0.0014347778387737709,0.025865191047643298
intron,162688,0.0014348924003768637,0.025865191047643298
intron,160472,0.0014352974323729173,0.025869258446469354
intron,34002,0.0014355284879790098,0.025870189535864663
intron,92909,0.001435733916975268,0.025870658623672684
intron,20845,0.001435914375539582,0.025870677705326896
intron,97572,0.0014380010393585385,0.025905036337636075
intron,146717,0.0014390180351864235,0.025920119135664322
intron,45498,0.0014393534278496212,0.02592292241412643
intron,14419,0.0014419223820634208,0.02596594667210536
intron,19537,0.0014435050395358306,0.02598747072231125
intron,74304,0.0014438384782095026,0.02598747072231125
intron,104289,0.001443745184225742,0.02598747072231125
intron,125951,0.0014438369171505538,0.02598747072231125
intron,53524,0.0014441058820801045,0.025989039927258907
intron,83604,0.001444530280618861,0.025993433763065146
intron,91874,0.0014447394946575098,0.025993954872872805
intron,81386,0.0014451185640127484,0.02599753153200928
intron,96487,0.0014453742505189382,0.025998887931219225
intron,35405,0.0014459539222270168,0.02600607099807825
intron,13830,0.0014473586419232465,0.02602664382628812
intron,79745,0.0014474587467101507,0.02602664382628812
intron,13800,0.0014490594751392916,0.026052177999178635
intron,84789,0.0014502358502014312,0.0260700774432807
intron,66269,0.0014512826896481146,0.026085644126397314
intron,136257,0.0014524165328053673,0.02610277055661311
intron,158348,0.0014533687129724138,0.026116628285559235
intron,93830,0.001453799815257728,0.026121120104519214
intron,3038,0.0014542633736182031,0.026126193885556277
intron,66669,0.0014547573372981626,0.026131812573462396
intron,57941,0.0014552756932129096,0.026137867965021055
intron,1374,0.0014555492316724594,0.02613952528664886
intron,27993,0.0014565773116548275,0.026151474649129446
intron,37850,0.0014564146362185948,0.026151474649129446
intron,15999,0.0014575746561900083,0.026157679718072778
intron,82735,0.0014573418864016752,0.026157679718072778
intron,89694,0.0014572823858916006,0.026157679718072778
intron,141061,0.001457648479022744,0.026157679718072778
intron,25326,0.0014586808663730189,0.026169692920758138
intron,102563,0.001458569013151223,0.026169692920758138
intron,91184,0.0014591134863429778,0.026174198099895733
intron,6970,0.0014596548173739787,0.026178261241900508
intron,145430,0.0014597030563434643,0.026178261241900508
intron,44004,0.0014604973957978995,0.026179483897554718
intron,57409,0.0014604141421212802,0.026179483897554718
intron,65756,0.001460425577528568,0.026179483897554718
intron,111520,0.001460171593154591,0.026179483897554718
intron,4994,0.0014607106241193435,0.02618005182356179
intron,161985,0.001461265181541771,0.026186736427810883
intron,60737,0.0014615289358421713,0.026188208654447317
intron,2097,0.001462122704303681,0.026195593094734865
intron,111594,0.0014627349677230894,0.026203307017446404
intron,12587,0.0014629995439114918,0.02620479135869389
intron,47247,0.0014652068042646516,0.02624106776236868
intron,8424,0.0014662251068860988,0.02624952501411839
intron,127138,0.0014660522716545277,0.02624952501411839
intron,141927,0.0014661962546163032,0.02624952501411839
intron,61132,0.0014673680528878297,0.026260497793560114
intron,127302,0.0014673843240654572,0.026260497793560114
intron,129214,0.0014673683862622688,0.026260497793560114
intron,103223,0.0014678493544095783,0.0262655604729299
intron,85165,0.0014686355650310734,0.026276368353155832
intron,118171,0.0014696812754927402,0.026291815865895247
intron,28249,0.0014702945253982636,0.02629952401688258
intron,40292,0.0014706728907372124,0.026303029338278706
intron,58829,0.0014715389080437458,0.026311991483231795
intron,121134,0.00147152567608122,0.026311991483231795
intron,96056,0.0014728921395839034,0.026332922982020328
intron,24083,0.0014741413193910535,0.026345457584016067
intron,34488,0.0014740929964056626,0.026345457584016067
intron,62369,0.001473953353682056,0.026345457584016067
intron,44691,0.00147551018418568,0.02636665391956188
intron,13556,0.0014757116264642045,0.026366986311178734
intron,82854,0.0014760110252316494,0.0263690686218509
intron,33857,0.001476357243976656,0.026371986756118123
intron,24886,0.001476643122289678,0.02637382644736532
intron,41290,0.0014772981287917153,0.026382257741011376
intron,146519,0.0014783896861113588,0.02639848210315264
intron,51273,0.0014789641328609715,0.02640546994026026
intron,88632,0.0014796145623291457,0.026413812477073424
intron,160607,0.0014799609731090957,0.026416726333598636
intron,19894,0.0014808917033892754,0.026428220658582854
intron,103225,0.0014809714586809797,0.026428220658582854
intron,39827,0.0014849804854736304,0.026495802003880978
intron,146665,0.0014851260174427727,0.026495802003880978
intron,20896,0.001485978273267241,0.026507727468214875
intron,62063,0.0014871291616003202,0.026524976500543893
intron,13042,0.001487406213164899,0.02652663712365454
intron,114266,0.0014882967302003447,0.026539236623222592
intron,144221,0.001488754957615801,0.026544125392297453
intron,63557,0.001489068880345945,0.026544595625136135
intron,74698,0.0014891494768447533,0.026544595625136135
intron,116963,0.0014904377571931526,0.026564276066191196
intron,129601,0.001491288176030725,0.026576148541876267
intron,21961,0.0014938838193313542,0.026617514290788912
intron,82586,0.0014939785216365742,0.026617514290788912
intron,76789,0.001494930611807721,0.026627897571264332
intron,82556,0.001494752808215205,0.026627897571264332
intron,155333,0.0014956246974954235,0.026636970575734536
intron,41269,0.0014964890807189768,0.02664907395199327
intron,3098,0.0014969952946977116,0.02665266355243973
intron,59462,0.001497060300642561,0.02665266355243973
intron,155221,0.0014972878879471185,0.02665342481881127
intron,47083,0.001497736468466071,0.026658119341901595
intron,121471,0.0014980959044919029,0.026661226224739456
intron,16621,0.001498385141266656,0.02666308317702871
intron,25033,0.0014994707656332817,0.02667910927818367
intron,154823,0.0014997586554723608,0.02668093960396037
intron,24999,0.0015006289583050503,0.026693129417823657
intron,38153,0.0015015341853901187,0.026704887833638214
intron,153805,0.0015016603593651645,0.026704887833638214
intron,3408,0.0015022072682198129,0.026711319793856294
intron,155199,0.0015024087886083004,0.026711609441355835
intron,31195,0.0015037531804813487,0.026725053254733386
intron,39770,0.001503691649597183,0.026725053254733386
intron,66663,0.0015037946964653326,0.026725053254733386
intron,100093,0.0015039062400726833,0.026725053254733386
intron,7551,0.0015044021567558463,0.02673057193436303
intron,48890,0.0015047133262069412,0.026732807026281183
intron,7106,0.0015054746554968856,0.026734773892638602
intron,51429,0.0015052561193167335,0.026734773892638602
intron,74195,0.0015053143303735972,0.026734773892638602
intron,118162,0.001505565602100578,0.026734773892638602
intron,113767,0.001507194677054735,0.026760406647873946
intron,20421,0.0015074613052317165,0.02676184567814233
intron,42227,0.0015087613815338852,0.026780698572281957
intron,65733,0.00150889468541604,0.026780698572281957
intron,84101,0.0015101017113765547,0.02679882322083175
intron,14733,0.0015108232764510232,0.026808329300747228
intron,32400,0.001511170872593448,0.02681119808367167
intron,158543,0.0015126224277102196,0.026833650194711237
intron,4903,0.0015136847665989661,0.02684533393118205
intron,50716,0.0015138310028033342,0.02684533393118205
intron,127306,0.0015138395190827936,0.02684533393118205
intron,46191,0.0015145709784690764,0.02685500271635191
intron,27362,0.0015155737545693437,0.026866176327619097
intron,112339,0.0015154574007203436,0.026866176327619097
intron,47387,0.0015161979238993428,0.02687393731707873
intron,39325,0.0015166858101136604,0.02687597820337437
intron,80926,0.0015165120452608205,0.02687597820337437
intron,77223,0.001517431960483595,0.026880714888684352
intron,93596,0.0015173777983172876,0.026880714888684352
intron,163811,0.0015175123253987621,0.026880714888684352
intron,143043,0.0015193845870956624,0.02691057395619064
intron,81746,0.001520597190862727,0.02692874359606303
intron,6971,0.001521107730426241,0.026934477220232924
intron,53457,0.0015223224465705787,0.02695083171813909
intron,151869,0.0015224051202504807,0.02695083171813909
intron,82226,0.0015226005756252547,0.026950983332415752
intron,77405,0.001523077109756965,0.026956109568817214
intron,81111,0.0015236182816776855,0.02696237839561836
intron,25654,0.0015242293537738316,0.026969882505480117
intron,46824,0.0015250697096920174,0.026979913933718125
intron,76839,0.001525170472915116,0.026979913933718125
intron,142060,0.0015256627685060753,0.026985312260266847
intron,5710,0.0015279088243973504,0.027021725268563734
intron,74986,0.0015281361875587596,0.02702243227459056
intron,13831,0.0015290040508318947,0.02703171579236824
intron,60373,0.0015292235289142697,0.02703171579236824
intron,85750,0.001529194492033259,0.02703171579236824
intron,155877,0.0015294288536897849,0.027032031707812577
intron,63626,0.0015299084034829935,0.02703719376728824
intron,38543,0.0015307762396985503,0.02704590164153502
intron,120550,0.0015306757557711492,0.02704590164153502
intron,8157,0.0015317320259182754,0.027056239074106495
intron,109789,0.0015317365717406606,0.027056239074106495
intron,85556,0.0015322259284208384,0.02706156821307824
intron,154490,0.0015335759230503676,0.027082094432442368
intron,130000,0.0015341953976297784,0.02708971662862709
intron,154691,0.0015346007285987895,0.02709355622784594
intron,15367,0.001536416604487778,0.02712113476505089
intron,125438,0.001536538940762,0.02712113476505089
intron,162265,0.0015367533931294197,0.027121600362625654
intron,141746,0.0015371967289972144,0.027122785843448096
intron,161837,0.0015370515101127413,0.027122785843448096
intron,106892,0.0015375864877851253,0.0271263438517286
intron,140642,0.0015383756111604363,0.027136945780870097
intron,39776,0.0015391968174598425,0.027141471686895517
intron,66768,0.0015388514491706529,0.027141471686895517
intron,78154,0.0015390156762443707,0.027141471686895517
intron,65754,0.0015406268712128135,0.02716301167865276
intron,66412,0.0015407950760460976,0.02716301167865276
intron,6493,0.001541287382774037,0.02716836934454169
intron,42186,0.0015414775218207666,0.02716840002312482
intron,89965,0.0015422314508086732,0.027178366225927696
intron,46881,0.0015435829692538316,0.027195638134882755
intron,56046,0.001543777304653382,0.027195638134882755
intron,159247,0.0015437703450777995,0.027195638134882755
intron,46917,0.0015446490603181484,0.027197705377448013
intron,77154,0.0015441506884011913,0.027197705377448013
intron,105991,0.0015444889433946507,0.027197705377448013
intron,112486,0.0015445573826053938,0.027197705377448013
intron,87617,0.001545348452724582,0.027206698122580125
intron,38157,0.0015461867935067097,0.027218134635158948
intron,81433,0.0015465576330810915,0.027218740488023058
intron,109017,0.0015465987057414754,0.027218740488023058
intron,160629,0.001547035020497578,0.0272230969128608
intron,137482,0.001547433319691871,0.027226783398341347
intron,23079,0.0015481304839004562,0.027232404573290202
intron,154004,0.0015479925038125453,0.027232404573290202
intron,93286,0.0015510182920617233,0.02727987496564763
intron,101533,0.0015516179438550548,0.02728709375969584
intron,42510,0.0015529196789623168,0.027306656279004853
intron,32448,0.001553650677902807,0.027315428447013065
intron,109612,0.001553797385361655,0.027315428447013065
intron,103202,0.0015547571532912308,0.027328969381358915
intron,75486,0.0015560090160899875,0.02734764072922472
intron,60004,0.0015573905974994862,0.027368587118402194
intron,105900,0.0015577072138321935,0.027370815667734753
intron,144340,0.0015583675594206259,0.027379082680478825
intron,41734,0.0015588869562873642,0.027384871641531482
intron,131923,0.0015601469734771722,0.027403440150133962
intron,135689,0.001560324027770843,0.027403440150133962
intron,4856,0.0015628527265763026,0.02744450841955539
intron,15836,0.0015633182727026185,0.02744923669695305
intron,121516,0.0015635026748269665,0.02744923669695305
intron,122569,0.0015639266457410095,0.027453337772656575
intron,125016,0.0015645896709173268,0.027458305982271364
intron,146763,0.001564590486289319,0.027458305982271364
intron,22114,0.0015649314907777434,0.027460948587318814
intron,55234,0.0015654094616091019,0.02746599370121228
intron,93392,0.0015661124336723287,0.027474259906563832
intron,135607,0.0015662616287133169,0.027474259906563832
intron,44960,0.0015667250334985283,0.02747904608437391
intron,49203,0.001566956702413913,0.027479767139122358
intron,85942,0.001567550439733001,0.02748683685099427
intron,74307,0.0015680364314587525,0.02749201576551639
intron,120287,0.0015693244772350123,0.027511253937348584
intron,54567,0.0015697932919721547,0.027516127538036773
intron,35009,0.001570693809980983,0.027524331763141303
intron,87605,0.001570455812655025,0.027524331763141303
intron,135634,0.001570833942947658,0.027524331763141303
intron,85150,0.0015717657920286676,0.027537313761520844
intron,33718,0.001572653323136941,0.027549516249952485
intron,10025,0.0015743203202659428,0.027568671575542297
intron,39545,0.0015742470169259892,0.027568671575542297
intron,124522,0.0015741642627938868,0.027568671575542297
intron,121033,0.001574577082844808,0.02756981998370583
intron,24732,0.0015754827338597677,0.027575907534960874
intron,93655,0.0015756117349920995,0.027575907534960874
intron,108959,0.0015756896550658261,0.027575907534960874
intron,114475,0.0015753911546503296,0.027575907534960874
intron,94027,0.0015759989508681294,0.027577973632792175
intron,87560,0.0015770086422060015,0.027592293771730267
intron,145423,0.001577495705960219,0.02759746733827554
intron,159745,0.0015782300975811792,0.02760696599731794
intron,150512,0.001578967731320935,0.027609821708572582
intron,159851,0.0015787755340856968,0.027609821708572582
intron,162772,0.0015788965889327322,0.027609821708572582
intron,142893,0.0015800277205699764,0.02762500697141545
intron,139263,0.0015817018735623245,0.027650925212850303
intron,55693,0.0015822606020179375,0.027657339955781905
intron,45110,0.0015827591013775066,0.027662700488709984
intron,93659,0.0015829614570626038,0.027662884493289738
intron,133789,0.0015835001636010926,0.0276689456067397
intron,104767,0.0015845590913361463,0.027684094122160365
intron,103550,0.001585706230150974,0.027700779931118292
intron,99991,0.0015873719134611441,0.027726519080001358
intron,7008,0.0015887424224076963,0.02774709682792136
intron,148299,0.0015889699887441378,0.02774771072497286
intron,124585,0.001590025759396596,0.027762785408076637
intron,25526,0.001591212962160693,0.027780151045315622
intron,86561,0.00159152965276399,0.027782316503587545
intron,138193,0.0015921244447179017,0.027789335487706904
intron,83510,0.0015924397816396985,0.027791475685697207
intron,29722,0.0015938621662852093,0.02781293337530145
intron,41738,0.0015948107561811753,0.027826119142966576
intron,112844,0.001595436672722439,0.027833672424786442
intron,39985,0.0015965923667977666,0.027847096690711847
intron,41026,0.0015965580336188001,0.027847096690711847
intron,39766,0.0015980603841292407,0.027869330489070678
intron,61487,0.001599452332137874,0.02788926061714879
intron,129458,0.0015995899960781212,0.02788926061714879
intron,20689,0.0016004430128682134,0.027890095448599102
intron,60622,0.0016006048938859152,0.027890095448599102
intron,85862,0.0016002213715222702,0.027890095448599102
intron,105212,0.001600461262170727,0.027890095448599102
intron,143064,0.0016000696828739613,0.027890095448599102
intron,112094,0.001600946022817018,0.027892669217394434
intron,16782,0.0016013706659349092,0.02789278775239342
intron,63438,0.001601640113220948,0.02789278775239342
intron,89969,0.0016017265138139614,0.02789278775239342
intron,141723,0.0016012922404601282,0.02789278775239342
intron,154827,0.0016019770444397619,0.027893782135658626
intron,67255,0.001602777114541043,0.027904343759099382
intron,86258,0.0016035776425040726,0.027914910803064318
intron,88928,0.0016038208570887669,0.02791577481450812
intron,51439,0.0016045674849954894,0.027925399868301292
intron,89970,0.0016069637591368258,0.027950237946429167
intron,96121,0.0016068130326809538,0.027950237946429167
intron,109770,0.0016064413071397166,0.027950237946429167
intron,130050,0.0016067875425198608,0.027950237946429167
intron,130710,0.0016063569424191737,0.027950237946429167
intron,161919,0.0016074418130334056,0.027955181082019817
intron,15757,0.00160814160178413,0.027957236403674986
intron,44151,0.0016080156359856712,0.027957236403674986
intron,162305,0.0016078221012765237,0.027957236403674986
intron,13059,0.0016089951269788738,0.02796870302269075
intron,146917,0.0016099101863146226,0.02798123637915786
intron,26774,0.0016112044447718077,0.027998951304392578
intron,135280,0.001611317736830764,0.027998951304392578
intron,33134,0.0016120515668572866,0.028007302949225155
intron,42145,0.001612241775650336,0.028007302949225155
intron,151924,0.0016123810153769735,0.028007302949225155
intron,1438,0.0016126783048474591,0.028009093135871077
intron,67243,0.001613039218561596,0.028011987787947022
intron,125605,0.0016132748706894073,0.028012706716135746
intron,6380,0.0016156458757494718,0.02805049901326801
intron,139816,0.0016159949755654157,0.028053182549820865
intron,1310,0.0016169456731016663,0.028066307737237842
intron,162766,0.0016172909028786542,0.028068921558722117
intron,130821,0.0016186503134364427,0.028089134265912048
intron,2432,0.0016194406767069403,0.02809664750853778
intron,135234,0.001619472938837685,0.02809664750853778
intron,48099,0.001620506765635632,0.028107820441666775
intron,69437,0.001620344747163105,0.028107820441666775
intron,56276,0.0016213417514900907,0.028117772423943813
intron,116415,0.0016214704936481361,0.028117772423943813
intron,28392,0.00162188865014945,0.028118447744734612
intron,55136,0.0016218994108517792,0.028118447744734612
intron,60632,0.0016221291141913508,0.028119049545641556
intron,48822,0.0016224108699393058,0.028120553404006907
intron,120640,0.001622682861856961,0.02812188768895647
intron,87737,0.001623410318081886,0.028128293800853917
intron,109027,0.0016234426158543425,0.028128293800853917
intron,33270,0.0016241128930118975,0.028129767951305153
intron,79770,0.0016239126397670223,0.028129767951305153
intron,106278,0.001624065368349581,0.028129767951305153
intron,22117,0.0016248531750591155,0.02813921001750329
intron,20708,0.0016261060396156601,0.02815752565500186
intron,18586,0.001626578666076517,0.028162327974414248
intron,68000,0.0016269911715562912,0.028166088340530384
intron,121248,0.0016280184379351414,0.028180489122471848
intron,28247,0.0016283832542893784,0.02818342102152045
intron,3876,0.0016302650048816147,0.028209218329609195
intron,29993,0.0016302508538084126,0.028209218329609195
intron,113400,0.0016322643557831196,0.02823761454726662
intron,124930,0.0016322977030658326,0.02823761454726662
intron,82742,0.0016327114370074947,0.028241383974635936
intron,56676,0.001633228589151381,0.028246941131656655
intron,46915,0.001633823592852246,0.028253843249123854
intron,35267,0.001634235356495095,0.028257575306245585
intron,139587,0.001634959966213323,0.028266715243702754
intron,102216,0.0016365999033032264,0.0282916761275052
intron,41057,0.001638768972103355,0.02832577695794181
intron,66024,0.0016401206060625562,0.028345742118703627
intron,86333,0.0016423732113091116,0.02838127186138443
intron,2027,0.0016428072258085624,0.02838196976304964
intron,76782,0.001642673970609243,0.02838196976304964
intron,33415,0.0016434118389950791,0.028389014262813057
intron,35226,0.0016438294338106951,0.028392826824953758
intron,47892,0.0016446117183450681,0.028402936774537393
intron,57512,0.0016461448093394448,0.028426009402516262
intron,131277,0.0016467585900272752,0.028433203543111026
intron,3739,0.0016474774159839223,0.02844220947285927
intron,82609,0.001648588808942697,0.02845798974996403
intron,157801,0.0016490400317588083,0.028462371736665767
intron,22471,0.0016500700450773342,0.02847225067687606
intron,127146,0.0016501276682028276,0.02847225067687606
intron,149053,0.0016502047137609832,0.02847225067687606
intron,120346,0.00165136068812477,0.028488787026248203
intron,45205,0.0016521578869901354,0.028492654961787434
intron,96507,0.0016521104337553494,0.028492654961787434
intron,98979,0.0016521776390221454,0.028492654961787434
intron,31064,0.0016531135229016503,0.028505385842051686
intron,37285,0.0016540166805956158,0.028517549433124338
intron,58852,0.0016553652684931919,0.028537389034500624
intron,63992,0.0016558980605407836,0.028541166980629876
intron,127589,0.0016559802514921618,0.028541166980629876
intron,27973,0.0016568089387907214,0.02854862547929186
intron,37831,0.0016566366795269793,0.02854862547929186
intron,15848,0.0016580519329481014,0.028565998032827136
intron,66025,0.001658411419215633,0.028565998032827136
intron,148620,0.00165837179008832,0.028565998032827136
intron,135445,0.0016599026080283963,0.028588268887609094
intron,121087,0.0016622049883010526,0.028624503791250283
intron,4855,0.001663131787932981,0.028637044267755388
intron,125679,0.0016647725224103738,0.028661873345180607
intron,26794,0.0016653293108255252,0.028668036758531277
intron,82222,0.0016667757737974798,0.028686088317461885
intron,157669,0.001666697418036156,0.028686088317461885
intron,95795,0.0016673387272203577,0.028692352725091422
intron,28397,0.0016683675517910057,0.02870497200447963
intron,79626,0.0016684701529159351,0.02870497200447963
intron,122283,0.0016686697915522242,0.02870498206255178
intron,115162,0.0016690664652828646,0.02870838117355034
intron,100399,0.0016695602836307444,0.028713450187422634
intron,15301,0.001670607180464856,0.028728028818661516
intron,60164,0.0016713094922902183,0.028736679140896088
intron,60948,0.0016720596268419152,0.02874614957176825
intron,133840,0.0016725560698513942,0.028751256784486826
intron,40119,0.001673332241161507,0.02876117073911531
intron,90887,0.0016738630379037334,0.028766865344653045
intron,146714,0.0016741331655258929,0.02876807928991807
intron,34011,0.0016756084232349977,0.02878999927194678
intron,76778,0.0016762123578276666,0.02879694489936315
intron,17318,0.0016768575708872024,0.028801167189724967
intron,84150,0.0016766860863878241,0.028801167189724967
intron,58348,0.0016771185350654694,0.02880221895750698
intron,56526,0.001677522142673027,0.028804363009473845
intron,123458,0.0016776428669660337,0.028804363009473845
intron,163571,0.0016793705703028738,0.028830594265674588
intron,30425,0.0016804364663560722,0.028845459052947282
intron,78958,0.0016811253570923057,0.028850415847936465
intron,129806,0.0016810449990591891,0.028850415847936465
intron,128815,0.0016825720418711665,0.028871807049275975
intron,58173,0.0016840978593428702,0.02889455086285036
intron,42855,0.00168584185722076,0.028921032203691903
intron,34588,0.0016861332627259307,0.028922590628989924
intron,81231,0.001687290512532691,0.028936808311413837
intron,145467,0.0016873634503919988,0.028936808311413837
intron,2468,0.001687671167054594,0.02893864399375052
intron,96126,0.001687920345186944,0.028939475593671816
intron,135843,0.0016888723091119662,0.028952354859737198
intron,88365,0.0016904242824683502,0.02897551580909466
intron,5515,0.0016908316525848788,0.028979053972463465
intron,39440,0.001691193567098237,0.028979101769617793
intron,155020,0.0016912363511695228,0.028979101769617793
intron,15753,0.001693484919591537,0.029010736493173764
intron,130429,0.0016934201031055807,0.029010736493173764
intron,151689,0.0016954257092742786,0.029040533941954612
intron,15749,0.001695900926235172,0.02904522385624649
intron,133068,0.001696156790019554,0.02904615630190593
intron,110880,0.0016971774894278813,0.029060184542617724
intron,58851,0.0016984871909595523,0.02907915734853427
intron,84400,0.0016989476056510355,0.02908358705699417
intron,81745,0.0016994963693635068,0.029089527945021156
intron,16247,0.001701794869924278,0.029125413340513925
intron,22016,0.0017031653511438982,0.029145409492394463
intron,156216,0.0017043899986837197,0.029162905617012715
intron,134418,0.0017049213704875,0.029168536727238212
intron,68969,0.0017053053305307042,0.02917164481611403
intron,79625,0.0017062723153588033,0.029184724443238875
intron,115375,0.0017065847024236858,0.029186605809109634
intron,139106,0.0017088642275935317,0.029222125420204012
intron,114652,0.0017092997956142941,0.029225234542258102
intron,127292,0.0017097387481522786,0.029225234542258102
intron,131296,0.0017096082145722225,0.029225234542258102
intron,134537,0.0017098566909583557,0.029225234542258102
intron,61095,0.0017103060368413026,0.029229450421281552
intron,13294,0.0017105332646278892,0.029229869711126205
intron,33762,0.0017112814757049843,0.029235726545076255
intron,148062,0.001711168712889899,0.029235726545076255
intron,141001,0.0017116940029509031,0.02923931024443744
intron,130054,0.001711968030571831,0.029240527512101388
intron,79085,0.0017122324475231654,0.029241580360015763
intron,69541,0.0017125738730967566,0.029243947959462877
intron,58963,0.001712914953932887,0.029246309112218784
intron,69066,0.0017132798674380778,0.02924907657673054
intron,34183,0.0017138291267090322,0.029253155904773266
intron,131027,0.0017139245268220638,0.029253155904773266
intron,4472,0.0017145036873487118,0.02925611563619639
intron,87395,0.0017144732006894037,0.02925611563619639
intron,16589,0.0017157942185004327,0.02927467307942403
intron,124578,0.0017179929007631323,0.029305252216743436
intron,137278,0.001717877175886784,0.029305252216743436
intron,89627,0.0017183233132451736,0.029307421647918004
intron,111575,0.0017198339530112294,0.029326477303570093
intron,146707,0.0017198472928241504,0.029326477303570093
intron,49973,0.0017216476041501672,0.02935023478563461
intron,117129,0.0017215232042069317,0.02935023478563461
intron,57857,0.0017219951949896117,0.029352690435445267
intron,41537,0.001722645788260202,0.029360309796435287
intron,90966,0.0017241566407359965,0.029381253638201446
intron,113768,0.0017242821051689505,0.029381253638201446
intron,19175,0.0017251061790253264,0.029385912578173353
intron,20686,0.0017248132405980332,0.029385912578173353
intron,42076,0.0017251668496454098,0.029385912578173353
intron,64500,0.0017255041741608412,0.029388187131594714
intron,33887,0.001725936022097585,0.029388600299755162
intron,121575,0.0017259334948027671,0.029388600299755162
intron,80902,0.0017287008755355604,0.029432203914800063
intron,137279,0.0017290328269440325,0.02943438045981798
intron,138564,0.0017299195537638923,0.029445999656471863
intron,56166,0.001730896108517399,0.029459144945234106
intron,37294,0.001731389843081077,0.029464070698748276
intron,21111,0.0017354409805829807,0.02952952654713037
intron,34639,0.0017365846279877584,0.02954550017086251
intron,49531,0.0017381613237783533,0.029565349141083393
intron,103650,0.0017380053354920655,0.029565349141083393
intron,91126,0.001741425667856178,0.029617380738829562
intron,94518,0.001741716740488064,0.029618837971174792
intron,81372,0.0017421853827528366,0.02962331417175313
intron,126992,0.0017436018403254039,0.029643903629781365
intron,39671,0.0017455246692602566,0.02966959877180738
intron,143083,0.0017453350617051555,0.02966959877180738
intron,61171,0.001746493016088313,0.029682559619451664
intron,148059,0.0017486277964084973,0.029715339221857196
intron,129098,0.0017518708304580244,0.029766942011059304
intron,144612,0.0017521146972729884,0.02976757824571699
intron,162149,0.0017541584386524534,0.029798789723495624
intron,24798,0.0017547410877265524,0.029805176447324253
intron,33110,0.0017560950881242432,0.029824661921226327
intron,121518,0.0017564012550406183,0.02982634900914301
intron,99616,0.001757199580818103,0.029836392317324403
intron,111779,0.001760792549664103,0.029893879351237496
intron,37584,0.001761583680599088,0.02989675153914943
intron,41282,0.0017613425100696523,0.02989675153914943
intron,134315,0.001761514484434401,0.02989675153914943
intron,160635,0.0017622173721876244,0.029903986889981263
intron,76943,0.001763007429851804,0.02991035440431048
intron,116601,0.0017629172374633573,0.02991035440431048
intron,77215,0.0017641119771678593,0.029925572978643154
intron,74512,0.0017653792035097204,0.029943547259530256
intron,54574,0.0017657456463751053,0.029946240435942
intron,59248,0.0017660968213943917,0.029948674073708968
intron,101027,0.0017674362082811257,0.029967862820411088
intron,112628,0.0017683879609928788,0.029980475275205743
intron,116983,0.0017690506292280528,0.0299853158538055
intron,125678,0.0017690893457611434,0.0299853158538055
intron,74699,0.0017693496264437059,0.02998620302979992
intron,33232,0.0017705056346756232,0.030002268632158352
intron,23265,0.001771682441846667,0.03001614133088471
intron,51522,0.0017717405882411441,0.03001614133088471
intron,14399,0.0017726191927376345,0.030027498640563383
intron,155208,0.0017749269275101343,0.030063059365216575
intron,54348,0.0017763736623357396,0.03008403014967117
intron,1628,0.0017770350411168145,0.030091697061335423
intron,83509,0.0017796302753121385,0.030119033891482717
intron,93783,0.0017795688825896772,0.030119033891482717
intron,95800,0.0017800700233030486,0.030119033891482717
intron,99500,0.0017801030899400327,0.030119033891482717
intron,124456,0.001779239519293374,0.030119033891482717
intron,144017,0.0017791531646162984,0.030119033891482717
intron,148358,0.001780111408302698,0.030119033891482717
intron,38534,0.0017804562777439248,0.03012133487149439
intron,13750,0.0017821878324408846,0.030140511152081932
intron,95543,0.0017818985218251981,0.030140511152081932
intron,141747,0.0017822168035795949,0.030140511152081932
intron,54548,0.001783392801534056,0.03015286552566862
intron,78612,0.0017835746041034994,0.03015286552566862
intron,114105,0.0017835712602227716,0.03015286552566862
intron,54138,0.0017850957187232064,0.03017504375922136
intron,103972,0.0017870083892883581,0.030203834832876968
intron,149830,0.0017887864748844517,0.030230344683424604
intron,508,0.0017890060306465783,0.030230512381234018
intron,58539,0.0017895224840502877,0.030235696409776195
intron,54122,0.0017899132378379479,0.03023875565708727
intron,150561,0.001790322456846738,0.03024212610220189
intron,34083,0.0017912188958011388,0.030250181907342175
intron,104596,0.0017910997306481713,0.030250181907342175
intron,16819,0.001792026058035967,0.030260269525900784
intron,157159,0.0017928029641918197,0.030269843935980534
intron,145012,0.0017933549791440129,0.030275619465865215
intron,28853,0.0017940046090473283,0.030283041397271226
intron,130709,0.0017953556497338763,0.03030230011483768
intron,105768,0.0017985423438935388,0.030352533152235878
intron,82658,0.0018000118431785728,0.030373778126521464
intron,20967,0.0018003904870336207,0.03037661295936087
intron,15742,0.0018013039061046676,0.030385285910846452
intron,130664,0.0018013259359935807,0.030385285910846452
intron,66497,0.0018022681020010145,0.030397622945644482
intron,57274,0.0018026691701191755,0.030400831834332353
intron,7107,0.001803927596632171,0.03041494059716304
intron,31691,0.0018037942332047585,0.03041494059716304
intron,53054,0.0018045472362031578,0.030421831107218703
intron,81259,0.0018057842561916004,0.030435569218399034
intron,155703,0.0018056333083635856,0.030435569218399034
intron,153837,0.0018060536051671683,0.03043655162327239
intron,78123,0.0018068489051563663,0.030446396361986924
intron,25849,0.0018073277862581394,0.030450907591182092
intron,4094,0.0018077875168135416,0.030452821268950606
intron,56774,0.0018078637159325561,0.030452821268950606
intron,25989,0.0018083644979691726,0.030454158257894295
intron,50533,0.0018085766385862456,0.030454158257894295
intron,105981,0.001808420260814625,0.030454158257894295
intron,155547,0.0018107843272658908,0.03048777296929741
intron,129148,0.001811041715707229,0.030488546894348864
intron,16009,0.0018120684012752353,0.03049970721540872
intron,107804,0.0018122200244194975,0.03049970721540872
intron,155506,0.001812339145317754,0.03049970721540872
intron,28883,0.0018136656101299664,0.03051846868611576
intron,62200,0.001814221920053094,0.030524267929657747
intron,39781,0.0018144786075678931,0.030525025263829116
intron,35519,0.0018160889126874746,0.03054451153801704
intron,66665,0.0018162723476564668,0.03054451153801704
intron,155369,0.0018161524799800155,0.03054451153801704
intron,103710,0.0018170904433341128,0.0305547063388389
intron,48316,0.0018176327031526052,0.03056026107304742
intron,6030,0.001818392642594202,0.030565910690124966
intron,21958,0.0018183075611979405,0.030565910690124966
intron,29227,0.0018187440118744291,0.030568253813563616
intron,123296,0.0018191784069728767,0.030571991671639393
intron,100119,0.0018197685659259166,0.030574783360885316
intron,162649,0.0018196704859985147,0.030574783360885316
intron,47102,0.0018204343323329208,0.03058240607673969
intron,123343,0.001820813665665888,0.030585215641779934
intron,128144,0.0018243187985271803,0.030640524223061856
intron,13823,0.001824547342261451,0.030640794059100626
intron,112633,0.0018248690100014509,0.030642627541369264
intron,78841,0.0018263653940175928,0.030664183767038652
intron,120032,0.0018272914882729863,0.030665997213890184
intron,122282,0.001827324013806253,0.030665997213890184
intron,125713,0.0018267582113097314,0.030665997213890184
intron,152668,0.001827214311335923,0.030665997213890184
intron,57936,0.0018281759992317959,0.030676725194463527
intron,40179,0.0018290430151413073,0.030687702860323733
intron,83181,0.0018320004148484337,0.03073374637320243
intron,88277,0.0018326138097349842,0.030736885282676537
intron,134294,0.0018325248193712396,0.030736885282676537
intron,93309,0.0018332683593520471,0.03074428774242129
intron,152561,0.0018337593664364826,0.030748946157640213
intron,152434,0.0018344619007858443,0.030757150020535313
intron,49861,0.0018347003963689046,0.030757572664400212
intron,8143,0.0018365694684163714,0.030778172380234708
intron,8513,0.001836357290975199,0.030778172380234708
intron,49999,0.0018364259618255385,0.030778172380234708
intron,137146,0.0018370794099842325,0.03078158473085278
intron,138094,0.0018371999956898755,0.03078158473085278
intron,27600,0.001837625707885926,0.03078514062001693
intron,54132,0.001839055248957111,0.03080551054551726
intron,25893,0.0018393609072315797,0.030807052073071363
intron,157799,0.0018397394399678468,0.03080981365920837
intron,48553,0.001840575575709158,0.030813396360469876
intron,81226,0.0018405943972836791,0.030813396360469876
intron,152562,0.001840484283726962,0.030813396360469876
intron,54566,0.001842616899085714,0.030840094610776872
intron,153130,0.0018424053986275668,0.030840094610776872
intron,5738,0.0018464094134064135,0.03089723536417757
intron,76610,0.0018464594254681277,0.03089723536417757
intron,103668,0.001847126864558013,0.03090481770011804
intron,48008,0.0018493775722479011,0.030938885331920313
intron,47934,0.0018509638809289797,0.03095465016550219
intron,100609,0.0018507738525924688,0.03095465016550219
intron,132078,0.0018507505994227458,0.03095465016550219
intron,48838,0.00185404057565286,0.031002508034922542
intron,35620,0.001855124592381463,0.031013442162480132
intron,145003,0.0018551122532460829,0.031013442162480132
intron,1437,0.0018560179525829446,0.03102281543873
intron,88622,0.0018561155256358042,0.03102281543873
intron,80987,0.0018576186233816294,0.03104433987970734
intron,147070,0.0018602043381736877,0.031083949825609847
intron,32588,0.0018608701285627305,0.03108787055487091
intron,78874,0.0018607337286015158,0.03108787055487091
intron,43598,0.0018611366793703787,0.031088722011115975
intron,4680,0.0018642780167485995,0.031130377485093248
intron,23032,0.001863965193463435,0.031130377485093248
intron,79256,0.0018641580404228364,0.031130377485093248
intron,53513,0.0018646526316745682,0.031133027909678642
intron,41058,0.0018658188830529276,0.031147447829585975
intron,127997,0.0018659482674197037,0.031147447829585975
intron,85607,0.0018665564032724902,0.031153992968369907
intron,99994,0.001866821830755594,0.031154817237330393
intron,98512,0.001867489803324629,0.031162358489705482
intron,128306,0.001868207843713665,0.0311707333701743
intron,61926,0.0018700824691599838,0.031198401507421772
intron,135842,0.0018709866492818694,0.031209875272757724
intron,63725,0.0018719759512907386,0.031222766135528976
intron,23642,0.0018728021346184898,0.031230162526498354
intron,127154,0.0018728525350999448,0.031230162526498354
intron,66710,0.0018745501930499398,0.03125090751945944
intron,70342,0.0018747467248527716,0.03125090751945944
intron,154491,0.0018745406616700322,0.03125090751945944
intron,49535,0.001875386478719876,0.03125795861497424
intron,45555,0.001875766698385739,0.031260682800660154
intron,27050,0.0018769740626044529,0.03127718958238968
intron,130368,0.0018787230733545712,0.03130271730089459
intron,77519,0.0018799500463685392,0.03131954209065018
intron,123349,0.0018804004040722244,0.03132342625274844
intron,52732,0.0018810121688457304,0.03132999790167894
intron,19622,0.0018814226202482631,0.03133321535952665
intron,122295,0.0018816876680962658,0.0313340108029051
intron,62504,0.001883296863442241,0.03135718632795465
intron,149085,0.0018844898444458913,0.031373427268299316
intron,51544,0.0018853602379469425,0.03138429456696465
intron,89243,0.0018856669558950934,0.03138577732095611
intron,22142,0.0018860242502747315,0.031388101449436615
intron,73982,0.0018872476036410069,0.03140483673877898
intron,70205,0.001887766579156569,0.03140681938184049
intron,83749,0.0018878023286095225,0.03140681938184049
intron,146898,0.0018891969788659146,0.031426396208480444
intron,5964,0.0018898560964411004,0.03143373449821012
intron,86983,0.0018907709954022467,0.031445324983735645
intron,117774,0.001891117326191738,0.0314474580555964
intron,131582,0.0018918168917974043,0.03145546391276701
intron,74298,0.0018921007796388611,0.031456557197300124
intron,137185,0.001892562418321031,0.031460500709366866
intron,147173,0.0018927743046763812,0.031460500709366866
intron,17100,0.00189338764627478,0.03146706837689838
intron,91456,0.0018956388133652968,0.03150085115913452
intron,50523,0.001897328770215756,0.031521735221018185
intron,73722,0.0018975029614416439,0.031521735221018185
intron,132509,0.0018975513217365236,0.031521735221018185
intron,123373,0.0018981602391103802,0.0315282185673106
intron,138271,0.001898729885875361,0.03153404821518233
intron,73168,0.0018999785393907231,0.0315511521453153
intron,152737,0.001900199389477164,0.0315511863394742
intron,35266,0.0019014105856450803,0.03156766248262953
intron,6993,0.0019022737783223054,0.03157276541558348
intron,99928,0.001902374771654669,0.03157276541558348
intron,126564,0.0019021310431081018,0.03157276541558348
intron,93832,0.0019032460878875002,0.031579957265676306
intron,96204,0.001903131773088762,0.031579957265676306
intron,46666,0.0019049428470677698,0.031602793837705756
intron,58895,0.001905498987003762,0.031602793837705756
intron,66940,0.0019051864228805115,0.031602793837705756
intron,114530,0.001905281606289,0.031602793837705756
intron,4915,0.0019066621147423302,0.031618447973855476
intron,48299,0.0019070258208636615,0.031620270498591445
intron,134948,0.0019072105570239195,0.031620270498591445
intron,126793,0.0019079097964420644,0.031628227154330474
intron,56048,0.0019096043521183992,0.03165267986275149
intron,158461,0.0019104566994141425,0.03166316851539079
intron,144494,0.0019114712826693303,0.03167634328429052
intron,63029,0.0019121835282891464,0.03168450535033815
intron,17712,0.0019141924679508815,0.031710984678493544
intron,152171,0.001914221373624625,0.031710984678493544
intron,25753,0.001915028576792932,0.031718950563712316
intron,121140,0.001915142139828463,0.031718950563712316
intron,71685,0.0019156411969872833,0.03172357258772912
intron,57214,0.0019163394043902882,0.03172784804694722
intron,141267,0.0019163014359308006,0.03172784804694722
intron,95646,0.0019165839023358444,0.031728253335339816
intron,80598,0.0019190068990762033,0.031764718537084714
intron,8696,0.0019200311829725702,0.031775913366956704
intron,56777,0.0019201239127064618,0.031775913366956704
intron,20709,0.0019211585087072214,0.03177844747248707
intron,44855,0.0019207856806604529,0.03177844747248707
intron,80566,0.0019209469005342372,0.03177844747248707
intron,127909,0.0019210020789255378,0.03177844747248707
intron,55421,0.0019221056391696134,0.03179004015867824
intron,146616,0.0019223002363524255,0.03179004015867824
intron,6517,0.0019227709406912652,0.03179417831031594
intron,154446,0.0019242673917168052,0.031815274909115496
intron,160870,0.0019250040330696105,0.03182380563990248
intron,67219,0.0019260502937972213,0.031833803406030474
intron,133693,0.0019259070714806592,0.031833803406030474
intron,58647,0.0019273800776249406,0.03185213142952783
intron,160783,0.0019287477699931888,0.03187108166235909
intron,635,0.0019290930050046562,0.03187241437957309
intron,73169,0.0019294261436324511,0.03187241437957309
intron,153334,0.001929491477762335,0.03187241437957309
intron,31324,0.0019299075773459018,0.03187529590681185
intron,129196,0.0019301079965485801,0.03187529590681185
intron,74876,0.0019307774510828324,0.03188270054829979
intron,131936,0.0019323885073461167,0.03190565027236792
intron,147883,0.0019330794371537063,0.031913404280895764
intron,162237,0.001933536369123079,0.03191729386242352
intron,2048,0.0019357560697801368,0.03193565673890678
intron,83685,0.001935316722078806,0.03193565673890678
intron,99029,0.0019352670878050038,0.03193565673890678
intron,140068,0.0019352099211301654,0.03193565673890678
intron,147290,0.001935687957995369,0.03193565673890678
intron,63027,0.0019360946263102807,0.031937588398115606
intron,103470,0.0019368665800234552,0.031946668066503765
intron,29400,0.0019403783569686972,0.03198526601845492
intron,42191,0.0019394615320027508,0.03198526601845492
intron,56930,0.0019399296327085036,0.03198526601845492
intron,66889,0.00194045146586741,0.03198526601845492
intron,121971,0.001940537507856499,0.03198526601845492
intron,133303,0.0019398776984913546,0.03198526601845492
intron,99948,0.0019408529946849384,0.03198681003480353
intron,88413,0.0019419102024220702,0.0320005764553399
intron,4895,0.0019436458680353041,0.032025518703355474
intron,80351,0.001944508859917482,0.03203607782041818
intron,56778,0.0019460526493479957,0.032057849486466346
intron,4859,0.0019468155096473705,0.03205942950779016
intron,29010,0.0019467226943290505,0.03205942950779016
intron,130237,0.001946483796147036,0.03205942950779016
intron,3738,0.0019479255671208673,0.032074046843776995
intron,62211,0.0019489339022340513,0.03208698609880875
intron,82000,0.0019501782998345707,0.03210380845710547
intron,67998,0.001951968665071302,0.032129613660990444
intron,78656,0.0019530680377611853,0.03213452112039539
intron,141116,0.001953158151963952,0.03213452112039539
intron,153899,0.0019526333063399903,0.03213452112039539
intron,154492,0.0019527251477072793,0.03213452112039539
intron,93267,0.0019539054023849367,0.03214181326368678
intron,139706,0.001954047146690119,0.03214181326368678
intron,85608,0.001954994048268377,0.032153721112983334
intron,104864,0.0019562803926930217,0.03217120841476595
intron,128467,0.0019565925383193683,0.03217267276777892
intron,50853,0.0019574432465745417,0.03217932264691917
intron,73952,0.0019573944026953782,0.03217932264691917
intron,49202,0.0019577245749834438,0.03218027901340904
intron,33738,0.001958211830047407,0.03218461971457105
intron,48638,0.0019585036210260087,0.03218574719969204
intron,60506,0.001958753298465732,0.03218618241930809
intron,147176,0.001959606304402728,0.03219653028813993
intron,47938,0.001960675644379295,0.03220794001950085
intron,56092,0.001960747435500343,0.03220794001950085
intron,80848,0.001961031534296831,0.032208937866326094
intron,61957,0.001961328840222487,0.03221015238150145
intron,10615,0.00196202212606833,0.0322171501695927
intron,156071,0.001962201765098315,0.0322171501695927
intron,25065,0.001963321810636076,0.03223187025801419
intron,108145,0.001963763412951458,0.032235450255149796
intron,93283,0.0019641281782226683,0.032237768290115675
intron,57703,0.0019660223380305597,0.0322615138029555
intron,139063,0.0019659389091730706,0.0322615138029555
intron,39556,0.001966740728057692,0.032269630239050585
intron,31600,0.001967462124468078,0.03227779415053107
intron,31302,0.0019685326555252125,0.03228801053859467
intron,86412,0.001968426933882439,0.03228801053859467
intron,86673,0.0019687959714156378,0.03228864738630912
intron,154382,0.0019690192925114758,0.03228864738630912
intron,43599,0.0019698152987823736,0.032298027833031234
intron,53168,0.0019708189685753164,0.03231081070956578
intron,62965,0.001972501092161627,0.03233471240165417
intron,81258,0.001973322798860422,0.03234450566665888
intron,16841,0.001974117907187045,0.03235018420928661
intron,87830,0.0019739922825787737,0.03235018420928661
intron,123289,0.0019746002095355486,0.03235441113697226
intron,132122,0.001974935766462793,0.03235623291005453
intron,32578,0.0019764551210137427,0.03237744673816072
intron,28591,0.0019769839256514876,0.032382430823083154
intron,98507,0.001977209354341647,0.032382445129079604
intron,139984,0.0019792412960326633,0.032412042877240775
intron,104444,0.001979699174774585,0.03241585998600188
intron,15192,0.001980298888496712,0.0324183178355597
intron,26864,0.0019801185265438948,0.0324183178355597
intron,28010,0.0019810660522191492,0.03242719548153994
intron,124621,0.001983542269373695,0.03246404267842157
intron,82380,0.0019843439146955966,0.032469792682004756
intron,130933,0.001984255810745683,0.032469792682004756
intron,22045,0.0019854857949156424,0.032484791244315865
intron,58199,0.0019862385693868445,0.0324934209161167
intron,4071,0.001986809926586508,0.032499081111985094
intron,77708,0.001987881175741224,0.03251002051841635
intron,81114,0.001987929579919112,0.03251002051841635
intron,93996,0.0019883769946118512,0.032513650216803636
intron,62055,0.0019892333294131426,0.0325203134473561
intron,134611,0.0019892355081176927,0.0325203134473561
intron,21973,0.0019920200531422516,0.032562144162716467
intron,125490,0.0019926906192100358,0.032569413592249984
intron,77601,0.001993515988500505,0.032579211259484625
intron,20420,0.00199457909603018,0.032592891524218036
intron,93409,0.0019952658847692817,0.032600420059474715
intron,33171,0.001995934946906086,0.03260765728882813
intron,58595,0.0019966688177331937,0.03260997120400913
intron,69070,0.0019963460155774104,0.03260997120400913
intron,135356,0.001996754982292126,0.03260997120400913
intron,48130,0.0019970634116686092,0.03261131507264128
intron,62938,0.0019987902580593797,0.032635818245467504
intron,46438,0.0019991466078050912,0.03263794122854623
intron,50630,0.0020006044945350965,0.032658045318476644
intron,71688,0.0020021487347239297,0.032679554339369976
intron,50791,0.0020025073845082453,0.03268170918942741
intron,116950,0.0020031986392401446,0.032685579561332403
intron,155043,0.0020034245060407407,0.032685579561332403
intron,158361,0.0020030651524147736,0.032685579561332403
intron,79737,0.0020038477782429176,0.032688786940845746
intron,15998,0.0020041185259862537,0.032688915009127434
intron,130077,0.0020043089899290933,0.032688915009127434
intron,44942,0.002005604909128822,0.03269156404778343
intron,53342,0.0020047495304904572,0.03269156404778343
intron,54357,0.0020055193500165824,0.03269156404778343
intron,75956,0.002005263902541965,0.03269156404778343
intron,143949,0.002005342766457918,0.03269156404778343
intron,3793,0.0020101029307941776,0.03272788905284362
intron,46232,0.002009790940785239,0.03272788905284362
intron,46827,0.002009414713440405,0.03272788905284362
intron,53235,0.002010069848200735,0.03272788905284362
intron,56386,0.0020099332250053115,0.03272788905284362
intron,76786,0.002008578201046385,0.03272788905284362
intron,85959,0.002009591157509538,0.03272788905284362
intron,140372,0.00200883025289067,0.03272788905284362
intron,146371,0.0020089921511823317,0.03272788905284362
intron,154138,0.002008150359272043,0.03272788905284362
intron,134708,0.0020107720846196386,0.03273508805675595
intron,28830,0.002011371165009379,0.032741144778474715
intron,87588,0.0020125357542002398,0.03275640445891129
intron,50855,0.0020131849289544146,0.032760697937631235
intron,157174,0.0020132538997641447,0.032760697937631235
intron,3295,0.0020150285957764025,0.032785877097047014
intron,41478,0.00201882283962318,0.03284390627634701
intron,22476,0.002019503364685149,0.032851271484619436
intron,132151,0.002019916164200497,0.03285428042982868
intron,87841,0.002020758317965665,0.032864271428766745
intron,124629,0.0020217716372923356,0.03287704358356065
intron,34444,0.002022378687814852,0.032882765467750034
intron,74641,0.002022579553689785,0.032882765467750034
intron,45207,0.0020234704911950008,0.032893541779253466
intron,93462,0.0020240198452983194,0.03289546303700419
intron,124203,0.002024044904389788,0.03289546303700419
intron,4053,0.002024898197923619,0.03290191486512353
intron,50220,0.002024862542447492,0.03290191486512353
intron,32575,0.002027217779812407,0.03293489424758995
intron,128138,0.0020273846362233172,0.03293489424758995
intron,100370,0.0020277595833603224,0.03293727486344244
intron,59214,0.0020280385388777855,0.03293809590899299
intron,134422,0.0020285021885992904,0.032941916116141653
intron,3244,0.0020290384964907204,0.032946915264433885
intron,24790,0.0020295205073896927,0.03295103172811815
intron,18582,0.002029988031010843,0.03295491207789943
intron,129459,0.0020302488608878733,0.03295543645678271
intron,11289,0.0020307578758020917,0.03295627965291382
intron,30057,0.0020306570099486443,0.03295627965291382
intron,125431,0.002032804198047078,0.032985776413612576
intron,54827,0.002033546434967781,0.03299410786986935
intron,51799,0.0020343619335991825,0.03300106692514781
intron,104292,0.0020344330369854724,0.03300106692514781
intron,62770,0.0020347892173415705,0.033003104929603365
intron,159456,0.0020350163933375853,0.033003104929603365
intron,119431,0.002036563298924321,0.033024478089281405
intron,152604,0.00203685519595731,0.033025497778661546
intron,135656,0.0020374649160772584,0.03303166983167546
intron,2590,0.002039562862305999,0.033061965117419205
intron,105907,0.002040800311606583,0.03307830623084754
intron,93315,0.002041736693148777,0.03308976436377901
intron,65668,0.0020421709219129447,0.03309308260886617
intron,19964,0.002043634499447222,0.033108744403857505
intron,35403,0.002043695846653648,0.033108744403857505
intron,100602,0.002043826185158415,0.033108744403857505
intron,86701,0.002044729318527949,0.033119654143205654
intron,114812,0.002045641814443888,0.03313071306553344
intron,140959,0.002048115307801246,0.033166118863944744
intron,146897,0.002048287909756752,0.033166118863944744
intron,14821,0.0020493785295990774,0.03317260406531532
intron,28539,0.0020492445310729135,0.03317260406531532
intron,95956,0.0020491548017480543,0.03317260406531532
intron,13154,0.0020498311739605146,0.033176206970070024
intron,23030,0.002051485415740295,0.03318630139415692
intron,92833,0.0020513686775546214,0.03318630139415692
intron,104930,0.0020507253088051236,0.03318630139415692
intron,154902,0.0020514775897340076,0.03318630139415692
intron,160468,0.0020516055179631287,0.03318630139415692
intron,15734,0.0020529696702680233,0.03320128727781765
intron,37797,0.0020534528922372397,0.03320128727781765
intron,70630,0.002053341116071472,0.03320128727781765
intron,119862,0.0020532226325791214,0.03320128727781765
intron,130729,0.002054673612464475,0.03321730018303414
intron,3119,0.002056006332925353,0.03322022467811388
intron,23070,0.0020557593382679595,0.03322022467811388
intron,33734,0.002056002256556555,0.03322022467811388
intron,35609,0.0020556758461439673,0.03322022467811388
intron,112834,0.0020552241471168964,0.03322022467811388
intron,91888,0.002057149504159028,0.033234971829068004
intron,42918,0.0020578033802942652,0.03324181158979445
intron,1460,0.0020585149902592192,0.033249582347705114
intron,65129,0.002058850268009005,0.03325127344593735
intron,115681,0.002059392866726517,0.03325631210885004
intron,7917,0.0020603117679525162,0.03326742572177008
intron,24785,0.0020610966929701657,0.03327637380241252
intron,2604,0.0020628905214936655,0.03329787927390161
intron,95931,0.0020628055346192387,0.03329787927390161
intron,93059,0.0020633819280135857,0.03330208368137159
intron,80307,0.002063730064314595,0.033303975087803805
intron,41720,0.0020653097795994,0.03332464154323181
intron,78179,0.0020654728696485325,0.03332464154323181
intron,2254,0.0020665036051539243,0.03333269483019542
intron,58917,0.0020662398718285235,0.03333269483019542
intron,162587,0.0020666654495050674,0.03333269483019542
intron,116738,0.0020682987090347993,0.03335530663540386
intron,48644,0.002069088642877359,0.03336132447108495
intron,82943,0.0020691345501215874,0.03336132447108495
intron,29478,0.0020700838814202704,0.03336916904627464
intron,90152,0.0020698526027567166,0.03336916904627464
intron,25883,0.00207209766264993,0.03339789735528763
intron,58061,0.002072854567639393,0.033406363280685504
intron,91129,0.0020739116578694095,0.033419664593404175
intron,783,0.0020748062097679654,0.0334303440326267
intron,154759,0.0020769175591719424,0.03346062456211689
intron,120641,0.0020776583277162253,0.03346881975703459
intron,15042,0.0020783706073259633,0.03347655424669443
intron,4471,0.0020789536910366113,0.03348220626796031
intron,8016,0.002080087025910893,0.03349671800620124
intron,89628,0.0020806676410647373,0.033502326765857814
intron,67268,0.002082022677030837,0.0335164296545652
intron,107035,0.002082101626318389,0.0335164296545652
intron,162007,0.002082240759985643,0.0335164296545652
intron,53999,0.0020838818438998485,0.033535358672387626
intron,91286,0.002083758751539766,0.033535358672387626
intron,101563,0.002085764041838689,0.0335587864764326
intron,127936,0.0020858030691177643,0.0335587864764326
intron,98978,0.002086740076105764,0.03357011670626773
intron,51288,0.002087963015028227,0.033578552749880176
intron,129557,0.0020878897589859946,0.033578552749880176
intron,149826,0.002087952626883993,0.033578552749880176
intron,30695,0.0020888101539775494,0.03358843062830513
intron,109530,0.0020892163134154096,0.033591216067420666
intron,100092,0.0020899425832214824,0.0335991471681851
intron,6816,0.0020927257831475643,0.03364014123401636
intron,157160,0.0020954465021568724,0.03368012190554348
intron,60375,0.0020962978028451484,0.03368229816260727
intron,81233,0.002096996899960013,0.03368229816260727
intron,82213,0.002096713778833914,0.03368229816260727
intron,91257,0.002096918772633405,0.03368229816260727
intron,119759,0.0020966311489274414,0.03368229816260727
intron,142775,0.0020972168840767136,0.03368229816260727
intron,158236,0.0020969251653908394,0.03368229816260727
intron,46347,0.0020979398428412344,0.03368640584752321
intron,48438,0.002097870013625047,0.03368640584752321
intron,78159,0.0020987854667251504,0.033692480886121985
intron,146517,0.0020987269439186607,0.033692480886121985
intron,33775,0.002099494781775957,0.033700116206095886
intron,93280,0.002099834480003171,0.03370181756903921
intron,124477,0.0021002573391070145,0.033704853116025515
intron,93374,0.0021011470696863377,0.03371537949018112
intron,138936,0.0021017363689078694,0.033721083283388645
intron,54121,0.0021026433739834705,0.033731882637894575
intron,60362,0.002102953541862407,0.0337331058299613
intron,50854,0.002106153400874833,0.03378067661883628
intron,77298,0.002107606062246581,0.03379645806943097
intron,95890,0.00210747927090571,0.03379645806943097
intron,17898,0.0021085735693913144,0.03380821311109776
intron,139867,0.00210978486775959,0.03382387397721036
intron,100485,0.002111609998199926,0.03384937116612013
intron,26437,0.0021119136254772464,0.03385047551285954
intron,28240,0.002113368340969757,0.03387002760015845
intron,139182,0.002113838814828073,0.033873803085888644
intron,47987,0.0021141138139746385,0.03387444564131563
intron,150441,0.002114350139889587,0.03387446846162178
intron,16328,0.002115237372254164,0.03387787706435692
intron,62769,0.002115267671385368,0.03387787706435692
intron,110995,0.002114857954071625,0.03387787706435692
intron,147810,0.0021162224520745454,0.033889404902422426
intron,14098,0.0021174760107843804,0.03390571431125729
intron,110762,0.0021178630014844213,0.033908145870441206
intron,420,0.0021195574285344243,0.03392397537143881
intron,14624,0.002119535502440817,0.03392397537143881
intron,124255,0.0021194630665634095,0.03392397537143881
intron,130038,0.0021217865948599535,0.03395211711994777
intron,130568,0.0021215867903154884,0.03395211711994777
intron,7549,0.0021223754297234887,0.03395777139622048
intron,142845,0.0021241878923889956,0.033983000155063225
intron,26504,0.002125870561719312,0.033994834341745044
intron,56042,0.002125709348253624,0.033994834341745044
intron,107560,0.0021257228349464974,0.033994834341745044
intron,108880,0.0021256896137715753,0.033994834341745044
intron,55479,0.002126160264526611,0.03399569722436955
intron,141193,0.0021271924860761793,0.03400843091347978
intron,108144,0.0021275698827833978,0.03401069394596447
intron,159385,0.0021282877085183616,0.03401839786990771
intron,5335,0.0021288910943626504,0.03402050066985314
intron,130613,0.002128692341315741,0.03402050066985314
intron,25793,0.002129637416191432,0.03402488620393506
intron,90840,0.002129603873300634,0.03402488620393506
intron,162549,0.0021302161082952242,0.0340303616183593
intron,13751,0.0021313747532553107,0.03403839907851836
intron,35610,0.0021312360276664055,0.03403839907851836
intron,93285,0.002131427348734949,0.03403839907851836
intron,6909,0.0021319172662128683,0.03403868392479618
intron,143314,0.002131713633324539,0.03403868392479618
intron,130536,0.0021325486947196826,0.03404122754255493
intron,142764,0.0021323403391364515,0.03404122754255493
intron,112506,0.0021327872451899488,0.034041267323420804
intron,34896,0.002134119838760995,0.03405876710803528
intron,139858,0.0021354692344950355,0.03407653113852225
intron,150567,0.002136471916321714,0.03408875919860648
intron,142765,0.0021387780835484538,0.03412178018522756
intron,83111,0.0021395665318666435,0.03412680797045604
intron,138799,0.0021394652455060115,0.03412680797045604
intron,111746,0.002139869880271039,0.034127871690361175
intron,39809,0.0021403316751350543,0.03413146189054526
intron,43376,0.0021412084203477066,0.03414042084813543
intron,54651,0.002141366969504843,0.03414042084813543
intron,93851,0.0021422721299235725,0.034151076391763055
intron,133841,0.002142863341229262,0.034152950248524334
intron,134311,0.002142817652396989,0.034152950248524334
intron,28894,0.002143467567694679,0.03415880512040519
intron,10611,0.002143847805459398,0.034161089556009216
intron,153231,0.0021447966068434132,0.03417243224870933
intron,6582,0.002146197808073902,0.03419097959665413
intron,127262,0.0021469436825507504,0.034199084019617375
intron,130415,0.002147595414168535,0.03420356978397232
intron,154187,0.0021476996567009188,0.03420356978397232
intron,141991,0.002148521568088979,0.03421288093743456
intron,29654,0.002149204440993646,0.03421997624184285
intron,163149,0.002150203260583572,0.03423209997780693
intron,84152,0.0021516751250583166,0.034247970723982855
intron,84206,0.0021516227673610278,0.034247970723982855
intron,54428,0.002152876891421074,0.0342595362923371
intron,106312,0.002152795683373787,0.0342595362923371
intron,44005,0.0021544077809826367,0.03428011506920039
intron,20433,0.0021559647478169852,0.03429732028554264
intron,115399,0.002155924942203402,0.03429732028554264
intron,91044,0.0021565643259239264,0.0343022238145693
intron,139002,0.0021567487245882644,0.0343022238145693
intron,158369,0.0021572843754147364,0.034306959409509584
intron,44706,0.0021578963177192323,0.034312907077884806
intron,35376,0.0021600269531989458,0.034342999651594305
intron,87752,0.0021611846763844866,0.03435761863381961
intron,156460,0.002163695208434291,0.03439373841740342
intron,1094,0.002164399191661892,0.03439734562838731
intron,21158,0.00216439006628244,0.03439734562838731
intron,18578,0.0021683095635680605,0.034455693359058875
intron,151854,0.002168868915469968,0.03446078445275206
intron,152609,0.002172249220332656,0.03451069112223326
intron,99910,0.002173013640215826,0.03451204543617155
intron,141385,0.0021726168386821954,0.03451204543617155
intron,148354,0.0021730524354603986,0.03451204543617155
intron,60606,0.00217597782374912,0.03455470036663246
intron,80366,0.0021770704482472203,0.03456328589791507
intron,136908,0.002177051696075738,0.03456328589791507
intron,141613,0.0021772375064779137,0.03456328589791507
intron,37284,0.002178182851810373,0.03457272367668091
intron,147459,0.002178311505865338,0.03457272367668091
intron,88278,0.0021791536651875054,0.03458228376754645
intron,32082,0.002180434701464229,0.03459880578719763
intron,25316,0.002180759659743292,0.034599807006604914
intron,138330,0.0021809776619029497,0.034599807006604914
intron,56170,0.0021822728838651884,0.03461654666852351
intron,28959,0.0021844770330221586,0.034646804177768546
intron,95205,0.002184660872138311,0.034646804177768546
intron,83787,0.0021850754738560463,0.03464956882102033
intron,22635,0.0021861105311582474,0.034662170573583
intron,7130,0.0021872965678990663,0.034673351233046136
intron,15701,0.002187285444437803,0.034673351233046136
intron,92784,0.0021893210823198395,0.03470162951396978
intron,19879,0.0021898873509453853,0.0347048402093597
intron,113394,0.002190004964427339,0.0347048402093597
intron,21918,0.002191294455342163,0.03471001752213613
intron,57231,0.002190940274201303,0.03471001752213613
intron,145054,0.0021911561734615503,0.03471001752213613
intron,148297,0.002190684102057583,0.03471001752213613
intron,16590,0.0021918056127296914,0.03471048890785313
intron,152753,0.0021917814873838593,0.03471048890785313
intron,66941,0.0021920648883104743,0.034710783062324425
intron,13453,0.002192736730887712,0.03471379797465411
intron,83683,0.0021926214382237408,0.03471379797465411
intron,28555,0.0021964866101527036,0.03476934627774873
intron,8076,0.0021974333203897967,0.0347805144148229
intron,25771,0.0021979894143668854,0.034785498186743355
intron,27516,0.0022006117752746412,0.03481864438890811
intron,28545,0.00220112375860948,0.03481864438890811
intron,57302,0.002200676595412343,0.03481864438890811
intron,75890,0.002201266421996917,0.03481864438890811
intron,116438,0.002201291066963984,0.03481864438890811
intron,140022,0.002202643463809828,0.0348362147384979
intron,47887,0.002205535646682355,0.03487064183931544
intron,114464,0.0022052513306768384,0.03487064183931544
intron,143112,0.0022055456684931807,0.03487064183931544
intron,15777,0.0022059102972662448,0.03487258345076445
intron,44302,0.0022079131441333777,0.034900419903106654
intron,4824,0.0022084779048379133,0.03490552095823772
intron,110375,0.00220890379292471,0.03490842622096369
intron,143134,0.0022096558683264433,0.03491648518559626
intron,41456,0.0022124063198417643,0.03494899092620635
intron,82588,0.002212440021395201,0.03494899092620635
intron,119434,0.002212146169097484,0.03494899092620635
intron,19883,0.002212964103053716,0.03494939497117576
intron,125927,0.0022129377462898336,0.03494939497117576
intron,142939,0.002213192666630448,0.03494939497117576
intron,152174,0.0022136451426564285,0.03495271269977615
intron,1462,0.0022169860730092417,0.035001632431622916
intron,63831,0.0022179839384913747,0.035013553346253494
intron,114969,0.0022216463968592892,0.035067530861633923
intron,7337,0.002222410122339702,0.03507574658117997
intron,89968,0.0022232136021691495,0.03508458786693002
intron,55989,0.0022270842889278164,0.03514182558851227
intron,35282,0.002228013355709546,0.03515263916704667
intron,8421,0.0022287246967390706,0.03516001557189051
intron,137887,0.002229258650651378,0.035164592237418864
intron,68735,0.0022311279260951444,0.035182533060514214
intron,96472,0.0022308870858829266,0.035182533060514214
intron,129349,0.0022311180165963673,0.035182533060514214
intron,135992,0.002232584847522645,0.03520165789489373
intron,134314,0.0022332503161948125,0.035208300901662326
intron,124244,0.002234520010033325,0.035224467324756856
intron,38528,0.002236240347519125,0.03524388107045797
intron,158119,0.002236026667386093,0.03524388107045797
intron,107461,0.0022366602865044882,0.03524664735394522
intron,110042,0.0022371153020666057,0.03524996573045444
intron,40118,0.002237757021164244,0.03525622492636645
intron,153362,0.002242261749834884,0.03532333844859505
intron,122089,0.002242814313419883,0.03532818390992256
intron,12923,0.0022433825738287227,0.03532941692957504
intron,47840,0.002243215185578462,0.03532941692957504
intron,115378,0.0022443139251924205,0.03534022474451009
intron,84087,0.0022447550388998705,0.03534331148538417
intron,47393,0.002245767517115582,0.03535539261361209
intron,56726,0.0022465085045700883,0.035359337690301106
intron,100184,0.0022462944884076297,0.035359337690301106
intron,47158,0.002247396378989741,0.03536944510886727
intron,78939,0.0022476412031153803,0.03536944510886727
intron,96917,0.0022497255415310224,0.035395123779571686
intron,141505,0.00224976391273346,0.035395123779571686
intron,112508,0.002250824040418431,0.0354079396091001
intron,8402,0.0022513565583348605,0.03541009615875492
intron,67845,0.0022515671940981363,0.03541009615875492
intron,154825,0.0022516977801062543,0.03541009615875492
intron,44913,0.002252849375257604,0.03542434302232835
intron,82656,0.002253423524874454,0.03542950787740628
intron,3341,0.002254628543383208,0.03543686303603948
intron,43208,0.0022544955682863854,0.03543686303603948
intron,51508,0.002254515253655054,0.03543686303603948
intron,77250,0.002254913125664837,0.03543747353016011
intron,146934,0.002257174523110028,0.03546914748328733
intron,122429,0.002258084879054212,0.035479586636932965
intron,44923,0.002258847028572708,0.035480879726018405
intron,72336,0.0022589053011613514,0.035480879726018405
intron,95643,0.002258466417463856,0.035480879726018405
intron,60517,0.0022604345582237784,0.03550098340290575
intron,105621,0.0022606775717467498,0.03550098340290575
intron,37546,0.0022613232619592694,0.03550339070629944
intron,115512,0.0022613215623700222,0.03550339070629944
intron,34638,0.0022622717999289943,0.03551441644375794
intron,135918,0.0022628179929267134,0.03551912423054126
intron,29062,0.0022636047173201224,0.03552760616789104
intron,160611,0.002264785402061653,0.035542268851355405
intron,1369,0.0022653273757480274,0.035546905862295516
intron,152506,0.0022662921410261383,0.03555817547393715
intron,132928,0.0022672254771365363,0.03556894956281859
intron,99993,0.002268300896430153,0.03558195011111749
intron,158370,0.0022686477708309116,0.03558352067524617
intron,28898,0.0022704811043959827,0.035605167330479984
intron,115055,0.002270768575300952,0.035605167330479984
intron,116964,0.002270737798323763,0.035605167330479984
intron,77967,0.002271592976541781,0.03561422139249409
intron,67433,0.0022756320245019834,0.0356736675027022
intron,41373,0.002276824779335773,0.035686347454197784
intron,57698,0.0022769358139762552,0.035686347454197784
intron,28234,0.0022782409438633078,0.03570203728579371
intron,152252,0.002278432039645506,0.03570203728579371
intron,55194,0.0022793954778139724,0.03571325333215119
intron,10303,0.0022799298183100447,0.035717744628901316
intron,35635,0.0022812064348046723,0.035729981138685495
intron,81657,0.0022811305631844636,0.035729981138685495
intron,34718,0.002283659827163831,0.035764523533429037
intron,16789,0.0022839330238710875,0.035764917968658695
intron,104293,0.0022852473327170664,0.03578161369263084
intron,150539,0.002287086140399852,0.03580651732153311
intron,17104,0.0022881250639992246,0.035811318082543835
intron,62218,0.0022881377798065206,0.035811318082543835
intron,132610,0.002287671694357285,0.035811318082543835
intron,102254,0.0022889082550382467,0.035812734700975526
intron,120970,0.0022889733212596575,0.035812734700975526
intron,154782,0.00228847969232715,0.035812734700975526
intron,130661,0.002289566073575333,0.03581812267000196
intron,35111,0.002290545927289278,0.03582956465306486
intron,121898,0.002292979242507265,0.03586373726944091
intron,67453,0.0022947425546480105,0.03588353281046689
intron,136475,0.002294655255636102,0.03588353281046689
intron,153836,0.0022957621678996176,0.035895584402721475
intron,14835,0.002296891759893116,0.035909352777418316
intron,76868,0.0022975730357435165,0.03591611000167645
intron,127978,0.002298669569209544,0.03592935644558863
intron,76793,0.002300814935729756,0.0359550953009082
intron,113360,0.0023007633013064632,0.0359550953009082
intron,66169,0.002301911610248508,0.0359605424741747
intron,89238,0.0023018678103159385,0.0359605424741747
intron,145273,0.002301463561798056,0.0359605424741747
intron,115225,0.0023023726331050653,0.03596384860292268
intron,83984,0.0023032569316739915,0.035971942120741084
intron,125677,0.002303389665847866,0.035971942120741084
intron,138800,0.0023075734158448657,0.036030162250735034
intron,142337,0.002307617373274451,0.036030162250735034
intron,18754,0.0023085106837557046,0.036032406123212346
intron,55422,0.0023082031113885737,0.036032406123212346
intron,121141,0.0023084484648098202,0.036032406123212346
intron,39808,0.0023104422038311423,0.036043048343560966
intron,48214,0.002309495453918009,0.036043048343560966
intron,133764,0.0023102881812928633,0.036043048343560966
intron,134299,0.002309852942438795,0.036043048343560966
intron,155338,0.002310376813353443,0.036043048343560966
intron,88388,0.002312110302109316,0.03606516931706632
intron,18563,0.0023140599436967113,0.03608438886538624
intron,18583,0.0023140931315892566,0.03608438886538624
intron,50895,0.002313807655607958,0.03608438886538624
intron,122620,0.0023162407887052927,0.036113972906997964
intron,75162,0.002317648871072775,0.03613202062170721
intron,112484,0.0023181694382943263,0.03613622961713435
intron,137237,0.0023199325272875715,0.03615980436257661
intron,147491,0.0023209226581184517,0.03617132754342241
intron,152311,0.002323276368704441,0.03620409717978834
intron,31517,0.0023241298633163154,0.03621348408419837
intron,29502,0.0023244528688188826,0.036214604024823314
intron,85703,0.00232479898484228,0.03621608374280552
intron,138632,0.002325113210887908,0.0362170664077028
intron,13012,0.002326176186101092,0.03622462314584367
intron,114305,0.002326603143930628,0.03622462314584367
intron,142282,0.002326195396384234,0.03622462314584367
intron,152169,0.0023264147388668555,0.03622462314584367
intron,21963,0.00232699282019988,0.03622677897253202
intron,20843,0.0023272527666162723,0.03622691490883342
intron,80729,0.00232752084927923,0.03622717745407554
intron,56014,0.002328691265354732,0.03622975308048439
intron,125950,0.0023281087995379313,0.03622975308048439
intron,135193,0.0023285916441317944,0.03622975308048439
intron,152702,0.002328458650492915,0.03622975308048439
intron,119537,0.0023309009156815552,0.03626021880773355
intron,82220,0.0023311985530389823,0.03626093730321352
intron,158360,0.002331844094529467,0.036267066581084
intron,60601,0.0023346359473730427,0.03630657242131181
intron,154454,0.0023351721410034276,0.0363109951410051
intron,163277,0.0023356948998795035,0.03631520802446615
intron,162724,0.00233769602580014,0.036342403060862526
intron,45575,0.002338654405248386,0.036353383186122024
intron,45202,0.0023457429389411866,0.03645964130156194
intron,78660,0.002346427097393855,0.03646634469596677
intron,104713,0.002347650980201066,0.03648143371787232
intron,129367,0.0023487144279121797,0.0364940266680241
intron,54782,0.002351728159929456,0.03653551044845175
intron,90150,0.002351890986519223,0.03653551044845175
intron,120104,0.0023526392633496096,0.03653926227785215
intron,129457,0.0023526111661955618,0.03653926227785215
intron,89179,0.0023537219301619228,0.036552140683056254
intron,129461,0.002354324941166386,0.0365575682987812
intron,130058,0.002355058372261132,0.03656501966932182
intron,27590,0.0023573489506296674,0.036596643354877
intron,36713,0.0023591398725232304,0.0366126219970897
intron,103551,0.0023587342330221306,0.0366126219970897
intron,146998,0.0023590715245460636,0.0366126219970897
intron,150384,0.0023617543639309346,0.036649253369136804
intron,81271,0.0023622105859713027,0.036652388849920774
intron,55982,0.0023633306657553366,0.036665823057189864
intron,148814,0.0023636426050696047,0.03666671785168594
intron,28235,0.0023651568620808305,0.03668273436038319
intron,32478,0.002365183826602335,0.03668273436038319
intron,41022,0.002365601690252017,0.03668526970063154
intron,63336,0.0023661929322025266,0.03669049292194943
intron,39019,0.002366599315823281,0.03669284889118674
intron,24779,0.0023671857268539043,0.03669799528192012
intron,152694,0.0023675841408130616,0.03670022639946567
intron,25008,0.0023693757056184594,0.03672405012684019
intron,40497,0.0023736640057504532,0.036782609636498556
intron,44435,0.0023736035542469835,0.036782609636498556
intron,154455,0.0023757326599007644,0.03681071018441061
intron,51426,0.0023767469121582785,0.036822469054749556
intron,91779,0.0023771559705161316,0.0368248502567644
intron,138226,0.0023776735397172954,0.03682891172309474
intron,45617,0.002380335140325096,0.036866178668334346
intron,73811,0.0023841395420525213,0.036921135195529205
intron,147902,0.0023850079156629844,0.03693061704005283
intron,144495,0.002385414489639137,0.0369329468872011
intron,157805,0.0023861001599239096,0.03693959696856116
intron,139262,0.0023868363669365955,0.0369470279054128
intron,47683,0.002387709574474761,0.03695657771882386
intron,152977,0.0023883272491902474,0.03696217081175982
intron,28554,0.0023899684420264355,0.03698360115026357
intron,91398,0.0023916733041401406,0.037006012035422454
intron,162329,0.0023921973213877346,0.03701014903179498
intron,99836,0.0023932715309322727,0.03702279635927379
intron,46373,0.0023938690758904535,0.037028067985298146
intron,63854,0.0023950344800509615,0.03704212111376115
intron,33877,0.002395305957455518,0.03704234704630433
intron,27317,0.0023963309386672016,0.03705422428397825
intron,33235,0.0023988109678139136,0.03708859582240174
intron,114238,0.0023997286371061355,0.03709482983933589
intron,116739,0.002399501980678176,0.03709482983933589
intron,32398,0.002401003078698394,0.03711055208680164
intron,89966,0.002401860893975538,0.03711585447251719
intron,113363,0.0024017998642082983,0.03711585447251719
intron,27790,0.002402688247512774,0.03712466132101946
intron,25530,0.0024048129031932763,0.03714976882475061
intron,131954,0.002404828420111693,0.03714976882475061
intron,126219,0.0024056120457578434,0.03715789377491445
intron,147759,0.0024063625772050568,0.037165505855307875
intron,48550,0.0024069084918691974,0.03716995640254673
intron,114474,0.002408704628007463,0.03719371113513997
intron,43305,0.002411682614663846,0.03723570822407165
intron,7072,0.0024123988159513443,0.03724277872303774
intron,103999,0.0024134854750382795,0.03725556624907356
intron,114301,0.0024139186141365343,0.037258264110969413
intron,31129,0.0024143517343808707,0.03726096110443731
intron,130241,0.002415107247475845,0.03726863251329579
intron,10657,0.002416448180513786,0.03728533519873225
intron,16361,0.002417623831488247,0.03729549420918118
intron,41012,0.002417535979722718,0.03729549420918118
intron,43605,0.002419725144209295,0.03732391741052409
intron,131295,0.0024205161272561337,0.03733105761800369
intron,144313,0.0024207057894967132,0.03733105761800369
intron,32375,0.0024226007441512376,0.03735628587594285
intron,21007,0.0024244152455543677,0.03738026828992395
intron,57269,0.0024252544831626643,0.03738121774833672
intron,85013,0.0024251438541886827,0.03738121774833672
intron,133351,0.002424783206262937,0.03738121774833672
intron,148816,0.0024260356960968954,0.0373892625443032
intron,91024,0.002426914039403094,0.03739880240224428
intron,92385,0.002427937803627156,0.03741058092185717
intron,162647,0.0024285251254193563,0.037415632773648407
intron,92908,0.0024290458498912315,0.03741965760872394
intron,96938,0.0024312369216916707,0.03744941067788835
intron,84377,0.0024328591934028587,0.037469641393780284
intron,142564,0.0024330699758774443,0.037469641393780284
intron,111459,0.002433429650801733,0.03747117882041276
intron,111995,0.002434667010668523,0.0374862295117954
intron,75166,0.0024351174778842744,0.03748916260630485
intron,397,0.0024372410631554597,0.03751384587410176
intron,153065,0.002437058845052076,0.03751384587410176
intron,39446,0.002438568574068656,0.03751897016539606
intron,45937,0.002438063140684399,0.03751897016539606
intron,93676,0.0024386146813972776,0.03751897016539606
intron,135883,0.0024384940980211045,0.03751897016539606
intron,129556,0.0024389745031698773,0.037520503112718
intron,81240,0.0024413544777346363,0.03754914005311087
intron,151220,0.002441356779753878,0.03754914005311087
intron,128922,0.002441787904970738,0.037551765853910124
intron,35389,0.002442949216592716,0.03756561928739452
intron,84625,0.002443435111134762,0.037569084878069155
intron,20732,0.0024437211737609044,0.03756947753779731
intron,7659,0.002445459377924064,0.037592192784596044
intron,31919,0.0024473645720749504,0.03760143861551378
intron,64253,0.002446878459234414,0.03760143861551378
intron,103978,0.0024470389463540076,0.03760143861551378
intron,125210,0.0024463820631611677,0.03760143861551378
intron,143723,0.002447125768141545,0.03760143861551378
intron,66603,0.002448519237176261,0.037611164639484135
intron,131399,0.002448334399090424,0.037611164639484135
intron,129272,0.002450700983350762,0.03764066851699471
intron,88483,0.0024541418048946717,0.0376854890063301
intron,144710,0.00245394400960941,0.0376854890063301
intron,147753,0.0024545422486526025,0.03768762500547762
intron,47101,0.0024559420778116348,0.03770108997391765
intron,84090,0.002455738600355195,0.03770108997391765
intron,39815,0.00245649494690503,0.03770556325793866
intron,102251,0.002457147159746098,0.03771156028794227
intron,45578,0.002458296185071207,0.03772518015968539
intron,3280,0.0024612633167888642,0.037763447312815036
intron,35836,0.0024614071577916397,0.037763447312815036
intron,134296,0.0024615754071609652,0.037763447312815036
intron,66504,0.002462423179839357,0.037772434793648994
intron,83506,0.0024628829900984472,0.03777546983121961
intron,57467,0.002463835028901684,0.03778605317588272
intron,74122,0.002464794829839856,0.037796753299310516
intron,137789,0.0024651185469647396,0.03779769806508711
intron,155647,0.0024662861709665584,0.03781158089055651
intron,103783,0.0024684470175588835,0.03784068662284617
intron,73171,0.0024692374806817297,0.03784878075857464
intron,151208,0.0024695938718403143,0.03785022037160976
intron,7949,0.0024699257721596535,0.037851027287148294
intron,138349,0.0024701714743344816,0.037851027287148294
intron,50012,0.0024708779573177075,0.03785674893833073
intron,130469,0.0024710699047654217,0.03785674893833073
intron,48899,0.002472686973124638,0.03787749844204214
intron,85866,0.0024740865684806934,0.037894912563026587
intron,25860,0.002475739806964361,0.03791108599592377
intron,59224,0.002475623948918315,0.03791108599592377
intron,143415,0.0024759311816320295,0.03791108599592377
intron,160053,0.002476513608324349,0.037915978120355597
intron,64900,0.0024776802147130628,0.0379180154091921
intron,66664,0.0024776984418288794,0.0379180154091921
intron,76838,0.0024775631635918227,0.0379180154091921
intron,107629,0.0024776801635078005,0.0379180154091921
intron,96181,0.0024782722928737844,0.03792277297733975
intron,22384,0.002478573104065074,0.03792335189579969
intron,30065,0.002479367888171158,0.037931487911043726
intron,105176,0.0024836160612782265,0.03799244949069155
intron,108903,0.0024851293899230686,0.03801156702722062
intron,2438,0.002485700760433751,0.03801224279532025
intron,54749,0.002485630178545084,0.03801224279532025
intron,22477,0.002486355028229581,0.03801821647289823
intron,19250,0.0024870705151300854,0.0380251248701616
intron,62748,0.00248841583025583,0.038041660302523324
intron,148314,0.0024895436294418705,0.0380548673066487
intron,130023,0.00249081402794471,0.03807025103633522
intron,115917,0.0024911988592193346,0.038072097699389844
intron,32762,0.0024922051396104594,0.038083440348395205
intron,87836,0.0024930521311965492,0.03809234675603526
intron,111915,0.0024933180964097357,0.03809237448129661
intron,39773,0.002496296664563191,0.03813384037146866
intron,41429,0.002496614057524549,0.03813464923137831
intron,135444,0.0024984073594427336,0.03815799937334868
intron,135575,0.0024992255486182557,0.038166453318817406
intron,70103,0.0025005466347310934,0.038182584556826216
intron,129105,0.002502021816236266,0.03820106511953237
intron,96457,0.00250317226489849,0.0382105390922215
intron,101539,0.002503126292099478,0.0382105390922215
intron,30832,0.0025047607652273207,0.03823074043936667
intron,39436,0.0025072115839259723,0.03825976978272381
intron,80942,0.0025074586130806598,0.03825976978272381
intron,160606,0.0025069588300861145,0.03825976978272381
intron,47396,0.0025105606917605883,0.03830304969072357
intron,46495,0.002511141818886564,0.038307862929882024
intron,23129,0.002512029578817243,0.03831735238761352
intron,85849,0.0025150368005937285,0.03835916572218084
intron,30266,0.0025170545268995426,0.0383858800931263
intron,125712,0.002518489464042206,0.03840370203459178
intron,32078,0.0025190891739519383,0.03840725822160812
intron,162588,0.0025192553448736277,0.03840725822160812
intron,15040,0.002522368940521824,0.038445785050253034
intron,83123,0.0025225822473631254,0.038445785050253034
intron,118817,0.0025220714410887357,0.038445785050253034
intron,100252,0.0025242922305999116,0.03846778079870247
intron,27127,0.002527317630385495,0.038509815461221585
intron,158537,0.002529167282744549,0.038533927769967585
intron,56727,0.0025295765749120402,0.03853439212876754
intron,128490,0.002529732192494416,0.03853439212876754
intron,5068,0.0025300596900282857,0.038535310278824356
intron,42892,0.0025309010646994423,0.038544054265192994
intron,135353,0.002532594390905585,0.03856576972854505
intron,57954,0.002535080649652466,0.038599553927191756
intron,29845,0.002538176662473135,0.038638534990527114
intron,163640,0.002538026165807672,0.038638534990527114
intron,29373,0.0025391252972619682,0.0386488961095901
intron,16360,0.0025407238213560612,0.0386691461853608
intron,78834,0.002541046586861384,0.03866997732709156
intron,55043,0.002542552818011412,0.03868084177813437
intron,78941,0.002542203839300816,0.03868084177813437
intron,129999,0.0025425651959678497,0.03868084177813437
intron,46115,0.002543494049967343,0.03868703881344351
intron,49204,0.002543537195604628,0.03868703881344351
intron,73426,0.002543777361910804,0.03868703881344351
intron,40260,0.0025456850322985725,0.03871064837718687
intron,78978,0.0025458666306714672,0.03871064837718687
intron,5072,0.002547715775977677,0.038732136381819285
intron,65127,0.0025478169972188436,0.038732136381819285
intron,117296,0.00255066238844448,0.03877130505432836
intron,135907,0.002551860009003648,0.03878542119713207
intron,128139,0.002553863149076685,0.038809154595168
intron,155708,0.002554228534180414,0.038809154595168
intron,163117,0.0025542288950102243,0.038809154595168
intron,106042,0.002555568155593546,0.038825412664736464
intron,141042,0.0025565292843950926,0.03883592315545804
intron,159342,0.002556953388428651,0.03883827441385407
intron,24994,0.002557874386648562,0.03884817184575347
intron,79260,0.002559055200302196,0.038862012770638034
intron,12598,0.002561403666194506,0.03888636699067967
intron,41234,0.0025614678902166066,0.03888636699067967
intron,54553,0.002561320222363772,0.03888636699067967
intron,68663,0.002562679686222591,0.038900668369589594
intron,162965,0.0025635901958991347,0.038910393788025105
intron,29399,0.0025658670090917823,0.038928562207269715
intron,39554,0.0025654441422121588,0.038928562207269715
intron,66422,0.0025658284012890498,0.038928562207269715
intron,129361,0.0025656149515025373,0.038928562207269715
intron,36617,0.002567171261736667,0.03894425269737634
intron,57280,0.002568663497252821,0.03896279130623094
intron,91046,0.002569080247695199,0.03896501422795347
intron,143136,0.002569750335382759,0.03897107862178373
intron,61081,0.0025700836692770235,0.03897203529920418
intron,115139,0.0025733492752226805,0.039017451259808336
intron,40595,0.002573956286936241,0.0390225519628064
intron,66886,0.0025779081371994916,0.039078355801653225
intron,108873,0.0025798030657205873,0.03910297043287458
intron,114707,0.0025804766002566204,0.03910855865720129
intron,127172,0.0025807141413518586,0.03910855865720129
intron,103973,0.002581038988223927,0.039109371585038126
intron,48807,0.0025817963705900837,0.03911262834475094
intron,99480,0.002581736938351953,0.03911262834475094
intron,5659,0.002582402276827267,0.03911769801832245
intron,158409,0.0025831856210110082,0.039125454138129866
intron,86391,0.002583465926193962,0.039125539415219776
intron,155239,0.002583733881511563,0.039125539415219776
intron,14088,0.002584304753127098,0.03913007512958835
intron,8435,0.002585392858789004,0.03913760506438703
intron,55144,0.0025860454764551344,0.03913760506438703
intron,85011,0.00258615905371129,0.03913760506438703
intron,86984,0.0025859925572913056,0.03913760506438703
intron,111189,0.002585105411347821,0.03913760506438703
intron,126997,0.002587072985116734,0.039147327803224434
intron,6926,0.002588773362041108,0.03916894766759648
intron,363,0.002589472747869692,0.03917130982398455
intron,29774,0.0025893205203840752,0.03917130982398455
intron,93147,0.0025904667012000004,0.03918223532409781
intron,95769,0.002591812281320438,0.03919847652358431
intron,4200,0.0025927690530429537,0.03920553542115889
intron,33022,0.002592822756950719,0.03920553542115889
intron,86702,0.002593320656233855,0.039208952807036644
intron,119812,0.0025937944386502654,0.03921200488672175
intron,550,0.002594269953283934,0.03921336000457041
intron,161838,0.002594427925160403,0.03921336000457041
intron,100597,0.002595467123748696,0.03922084538556305
intron,147754,0.002595321146637186,0.03922084538556305
intron,62914,0.002596639219824892,0.03923444593181981
intron,36666,0.002597320291896965,0.039240625179003216
intron,33035,0.0025994165641125555,0.039262333376054954
intron,46655,0.002600360370558219,0.039262333376054954
intron,51766,0.002599754231938034,0.039262333376054954
intron,73044,0.0026009195500952265,0.039262333376054954
intron,76832,0.002601207521651716,0.039262333376054954
intron,78938,0.0026002112489361684,0.039262333376054954
intron,79084,0.002601205366767445,0.039262333376054954
intron,82078,0.0026010390161034236,0.039262333376054954
intron,148112,0.002601065654876389,0.039262333376054954
intron,112987,0.0026046371503855026,0.03930998530043351
intron,146356,0.002605772271350393,0.039323001458207
intron,121188,0.0026073619093078815,0.03934287316684751
intron,22444,0.0026098190121617293,0.0393737872822619
intron,92395,0.0026099567471145058,0.0393737872822619
intron,39450,0.002610389179265815,0.03937619167096082
intron,794,0.0026125667845739997,0.03940439715517187
intron,4639,0.0026130787686791113,0.03940439715517187
intron,53171,0.0026129368372860284,0.03940439715517187
intron,40681,0.002613434985746288,0.039405184607732804
intron,83200,0.0026136774967440157,0.039405184607732804
intron,62373,0.0026181750359033362,0.03946619959678661
intron,160052,0.0026185455473177743,0.03946619959678661
intron,161214,0.0026184318587271216,0.03946619959678661
intron,75785,0.0026222469725090125,0.039513727185434395
intron,85195,0.002622176327889303,0.039513727185434395
intron,46803,0.0026229629009374422,0.03951868117498681
intron,67339,0.002623123816506645,0.03951868117498681
intron,33242,0.0026247212909251694,0.03953861727780695
intron,13802,0.0026315297638614954,0.0396328994942219
intron,48311,0.0026314080222731295,0.0396328994942219
intron,146425,0.0026333091679453524,0.039655557140966524
intron,129874,0.002633953910723741,0.03966112473673786
intron,106142,0.002635398937307798,0.03967874029571368
intron,143267,0.002636098801384157,0.03968513413208113
intron,103665,0.0026392863224145025,0.039728973141589574
intron,117370,0.0026412026741176042,0.03975367018332923
intron,22433,0.002641661239852322,0.039756422710851995
intron,54564,0.0026427622974423137,0.03976884301651505
intron,64251,0.0026442216735604873,0.039782501291511445
intron,125000,0.002644164241164426,0.039782501291511445
intron,83083,0.0026462987763854473,0.03980959812708285
intron,146461,0.002649881092824269,0.039859330630323285
intron,130645,0.002650422627492821,0.039863318298170344
intron,78960,0.002651881048892024,0.03988109400537826
intron,55936,0.0026531590047035314,0.03989325765424057
intron,120103,0.002653243144658868,0.03989325765424057
intron,158949,0.0026543355876148533,0.039901362668943514
intron,161745,0.002654181134047251,0.039901362668943514
intron,32989,0.00265461397772504,0.039901388147362396
intron,82610,0.0026555346716310435,0.03990830500918121
intron,85087,0.0026556276385203414,0.03990830500918121
intron,113720,0.0026569364799433615,0.03992381358374412
intron,83680,0.0026584492510124402,0.03994238290693383
intron,845,0.002659909782313785,0.03995600103938792
intron,96937,0.0026597096277314325,0.03995600103938792
intron,139462,0.002660343944241861,0.03995836050070681
intron,46902,0.0026703012083565403,0.04010374154899725
intron,161415,0.0026714228986381983,0.040116409657806794
intron,141506,0.0026725238118370243,0.04012876315426715
intron,35398,0.0026735209712417385,0.04013955634563846
intron,75961,0.0026740133289513413,0.04014253822613851
intron,107258,0.0026742763162572736,0.04014253822613851
intron,7181,0.0026748301281225295,0.04014667238615379
intron,148897,0.002675290786115614,0.04014940767961019
intron,39403,0.0026761273664108742,0.040155136102919646
intron,39409,0.0026762293999955666,0.040155136102919646
intron,152542,0.0026775250126835903,0.04017039632792993
intron,145320,0.0026790537896896893,0.040189151133858424
intron,30702,0.002679859240912741,0.04019705237718989
intron,24797,0.0026807758509835855,0.04020661915161622
intron,78282,0.0026817889364216807,0.04021763073570729
intron,63848,0.0026827314756407983,0.040227582188596504
intron,116681,0.002683456484167124,0.04023427003662803
intron,153071,0.0026850922160888135,0.04025460996002906
intron,18200,0.002685867208385151,0.04025624075620159
intron,130427,0.0026854822231949793,0.04025624075620159
intron,154666,0.002686038462461404,0.04025624075620159
intron,61114,0.002687682602333763,0.04027669594042865
intron,23784,0.00269024376914917,0.04031088769926167
intron,48857,0.002691829706089277,0.04032627118491755
intron,103971,0.002691727414923406,0.04032627118491755
intron,100674,0.002692182565815715,0.04032736795144768
intron,99934,0.002692745677660424,0.04033161362052106
intron,1631,0.00269375225818691,0.04034249993731018
intron,41539,0.0026941211548403565,0.0403438348261748
intron,18371,0.0026960762373229308,0.040368919733737706
intron,96511,0.0026972434292661385,0.04038220340574979
intron,47908,0.002699244412601498,0.04040377195433094
intron,95202,0.0026991266626211763,0.04040377195433094
intron,45801,0.0027009193492122385,0.040424647285090744
intron,58918,0.0027050927535212654,0.04048290895672905
intron,105815,0.002707588106099834,0.04051604835699272
intron,15750,0.002711626142983148,0.04056763960400806
intron,71259,0.0027118797685454776,0.04056763960400806
intron,102173,0.0027118244671191505,0.04056763960400806
intron,88929,0.002712704006909483,0.04057576047343593
intron,121067,0.002713170967392986,0.040578536164160996
intron,41740,0.0027142440588595607,0.040586166839066844
intron,96120,0.002714119852296859,0.040586166839066844
intron,110898,0.0027148475788557613,0.04059098235397126
intron,118250,0.0027160442111719973,0.040604663856570626
intron,2645,0.0027187791077565304,0.04062735496208868
intron,40802,0.002718067076086017,0.04062735496208868
intron,56961,0.0027187146305485133,0.04062735496208868
intron,141635,0.002718726833240037,0.04062735496208868
intron,159700,0.002718970665356868,0.04062735496208868
intron,23782,0.0027201022280425313,0.040627424339650886
intron,41248,0.002720065138922978,0.040627424339650886
intron,116417,0.0027192635133397314,0.040627424339650886
intron,127899,0.002719999464897871,0.040627424339650886
intron,3095,0.002720496003983275,0.04062786147804288
intron,81387,0.0027206949613642895,0.04062786147804288
intron,3540,0.00272156981520022,0.04063671757512716
intron,13714,0.002722617578708064,0.04064553753469227
intron,33237,0.0027227242268761387,0.04064553753469227
intron,104861,0.002723508518308826,0.04065303725284762
intron,48108,0.002726296058787492,0.04068427885044079
intron,79211,0.002726447889566108,0.04068427885044079
intron,87112,0.002725892081804071,0.04068427885044079
intron,123004,0.0027280482968591313,0.040703948344041875
intron,104609,0.0027293074263439188,0.040718522246097406
intron,17641,0.002729945213366891,0.04072382428716244
intron,12669,0.002731204521510877,0.04072575849793393
intron,19703,0.0027311191514944877,0.04072575849793393
intron,61113,0.0027308480180182615,0.04072575849793393
intron,78366,0.0027303962328166786,0.04072575849793393
intron,113628,0.0027318992964351363,0.04073190672467139
intron,17129,0.002732277338206912,0.04073333175961999
intron,14626,0.002733201877114122,0.040742902945316954
intron,71696,0.0027386951510446345,0.04081912775020734
intron,85709,0.0027388814697691943,0.04081912775020734
intron,129889,0.002739618206522465,0.04082588846832542
intron,35284,0.002740091207641737,0.04082871799756065
intron,36671,0.0027404345337320724,0.04082961491950624
intron,33765,0.0027413227122814465,0.0408386285506168
intron,74347,0.0027429974484489694,0.04085935678633205
intron,142848,0.0027440169145834803,0.04087032092556703
intron,33296,0.0027447560567230855,0.040877107990484975
intron,105772,0.0027452898070261522,0.04088083510964687
intron,25834,0.002746562427101029,0.04089556302787384
intron,157224,0.0027469778586508564,0.04089752592013876
intron,7229,0.0027478490331143135,0.04090627289339484
intron,69194,0.002749297624313418,0.04092361297578087
intron,31638,0.0027506532900869463,0.04093891704563652
intron,104229,0.0027508935500510923,0.04093891704563652
intron,103140,0.0027513686138580518,0.04094176180978517
intron,19066,0.002752664799689164,0.04095425976776171
intron,121411,0.00275277649440675,0.04095425976776171
intron,43382,0.0027539264658240636,0.040967141928728155
intron,61619,0.0027589033015025244,0.04103694362039964
intron,93310,0.0027604802171377063,0.041056164467076856
intron,124933,0.002763248238818239,0.041093094645278105
intron,51577,0.0027648619215649983,0.04111285245649863
intron,65168,0.002766492286787381,0.0411328542324722
intron,5397,0.0027698571674215078,0.041178638406428186
intron,2252,0.0027709293196824802,0.04119033134763957
intron,129998,0.0027739186382654824,0.04123051794149149
intron,76576,0.0027749430757035842,0.04124149398309664
intron,7285,0.0027764901658133834,0.04126023468069359
intron,5501,0.002777812000582802,0.04127562443771707
intron,17060,0.0027813002668769515,0.04131894175188262
intron,25890,0.002781172772585494,0.04131894175188262
intron,55020,0.0027818379906952018,0.04132267316895169
intron,30501,0.0027865751355637958,0.04138877748215555
intron,16275,0.0027877356215193494,0.041401749822084534
intron,151871,0.0027882569508353994,0.041405228103091385
intron,43439,0.0027890335289857404,0.041412495687237094
intron,101405,0.0027902295534245614,0.041425989211437836
intron,50801,0.002791025445801454,0.041428337203350096
intron,136152,0.002791140480303489,0.041428337203350096
intron,142283,0.002791249552849373,0.041428337203350096
intron,85820,0.002792222549403922,0.041438513654614734
intron,75448,0.0027961864381822465,0.04149166281016541
intron,95883,0.0027963793078837895,0.04149166281016541
intron,7104,0.0027978154329608707,0.041508700631788915
intron,121432,0.0027985967937156353,0.041516021791106944
intron,67541,0.002799011753763958,0.041517906601012046
intron,41741,0.002800224473467283,0.041526681666161754
intron,85748,0.0028004672394781327,0.041526681666161754
intron,103475,0.0027999509194367445,0.041526681666161754
intron,130730,0.002800978078659422,0.041529986200826575
intron,6004,0.0028033036294072833,0.04155165037372146
intron,90884,0.0028030527347717715,0.04155165037372146
intron,150195,0.0028029534907570985,0.04155165037372146
intron,66118,0.0028045444903350703,0.04156244194109012
intron,121972,0.0028046136617299045,0.04156244194109012
intron,160784,0.0028048963293785256,0.04156244194109012
intron,95682,0.0028054527085662473,0.04156641515917115
intron,18399,0.002806493516509523,0.04157756426292262
intron,139165,0.0028088722812456,0.04160853056616171
intron,156037,0.0028095280481359453,0.041613969929903474
intron,105405,0.0028112239243474058,0.041634812412279586
intron,16627,0.0028130906982779535,0.04165818138494237
intron,20945,0.002814186192860113,0.04167012509639371
intron,63519,0.0028157023659618474,0.041688294772921984
intron,106874,0.002816600261054125,0.0416973076527905
intron,115044,0.0028169632880834516,0.041698401240469134
intron,79197,0.002818017709939058,0.041709727999300186
intron,80769,0.0028190646725890778,0.041712380385804756
intron,128957,0.0028189216797134264,0.041712380385804756
intron,142203,0.002818750641897072,0.041712380385804756
intron,36662,0.002819994796210201,0.04171463835127374
intron,118304,0.0028200850810748967,0.04171463835127374
intron,153601,0.0028195660514129806,0.04171463835127374
intron,135491,0.0028209989753132936,0.04172387684441068
intron,114657,0.0028227407476044686,0.04174535688542689
intron,73956,0.002823143857312971,0.0417470371443326
intron,114210,0.0028243468077129297,0.041760543432775396
intron,37028,0.0028253108550442274,0.04177051491422625
intron,150004,0.002827158577594746,0.04179354761652543
intron,114698,0.0028304695328932317,0.041836486374419765
intron,120826,0.0028306434330872543,0.041836486374419765
intron,33953,0.0028325485521434324,0.04185606404948744
intron,132529,0.002832537175169625,0.04185606404948744
intron,26589,0.0028342070752142012,0.04187494698469839
intron,78030,0.0028345181900830685,0.04187494698469839
intron,135446,0.0028349879507347797,0.04187494698469839
intron,155201,0.002834944227021463,0.04187494698469839
intron,149557,0.00283842789377875,0.041921463670437545
intron,97083,0.0028391163507797135,0.04192733759312751
intron,3092,0.002842522890071253,0.041957531286447136
intron,4034,0.0028419828134016445,0.041957531286447136
intron,14625,0.0028426156890344334,0.041957531286447136
intron,48441,0.002842282691287501,0.041957531286447136
intron,128923,0.0028419610535367346,0.041957531286447136
intron,63226,0.002843362915260217,0.04196426526670045
intron,8095,0.0028449707612333563,0.04196537690075454
intron,18721,0.0028442233321105403,0.04196537690075454
intron,38100,0.002845184283416735,0.04196537690075454
intron,79252,0.0028438153013592427,0.04196537690075454
intron,103648,0.0028447736471306495,0.04196537690075454
intron,110123,0.002845109062199258,0.04196537690075454
intron,136446,0.0028458101076553888,0.04197031480820829
intron,31408,0.002846541661128299,0.041976810852472506
intron,35495,0.0028476536584085554,0.04198576373359107
intron,41003,0.0028477310746236606,0.04198576373359107
intron,46023,0.002848049605154168,0.04198616739015203
intron,8175,0.002849662726287283,0.04200136066738657
intron,17807,0.00284940379126708,0.04200136066738657
intron,56198,0.0028512769384470005,0.04201656381183595
intron,102221,0.00285116532215246,0.04201656381183595
intron,3081,0.0028524736387940397,0.04201702410925149
intron,41477,0.002852306927705328,0.04201702410925149
intron,121085,0.0028516529590846273,0.04201702410925149
intron,133349,0.0028519996983116247,0.04201702410925149
intron,31518,0.002855636935659378,0.042059323417488706
intron,29247,0.0028565807489739914,0.042068927702950606
intron,62289,0.0028584774520055145,0.04208995911842807
intron,66267,0.0028587174281867744,0.04208995911842807
intron,162180,0.002858884447807686,0.04208995911842807
intron,26867,0.0028594448164787067,0.04209391166291801
intron,77071,0.00286023654524592,0.042101268906836624
intron,116749,0.0028608147674027418,0.042105482257894185
intron,14095,0.0028615267376466136,0.04211166305294471
intron,7101,0.002863273946305256,0.04212877726505888
intron,28016,0.002863070429904968,0.04212877726505888
intron,47833,0.0028653153682736132,0.0421545126823743
intron,146716,0.0028656216963292014,0.04215471875574265
intron,10815,0.002866283241439227,0.04215772189266185
intron,31639,0.0028669952124469322,0.04215772189266185
intron,48688,0.002866483667354869,0.04215772189266185
intron,56037,0.0028668011688176565,0.04215772189266185
intron,31487,0.002868801093250495,0.04216393162365234
intron,100094,0.0028680769628341984,0.04216393162365234
intron,129933,0.002868684258056975,0.04216393162365234
intron,130643,0.0028688794378308735,0.04216393162365234
intron,158408,0.0028678893219893364,0.04216393162365234
intron,136951,0.0028698120240466807,0.04216904244464027
intron,149685,0.002869791452512649,0.04216904244464027
intron,51336,0.0028701127931516357,0.04216916511075068
intron,6134,0.0028714430088414566,0.04218121436386693
intron,18603,0.002871517897259368,0.04218121436386693
intron,66256,0.002873563554040004,0.0422069647013085
intron,139344,0.002874348428543838,0.0422141932819046
intron,80972,0.0028753029105259564,0.04222391108128479
intron,33418,0.0028766508737850804,0.04223878074612486
intron,93224,0.0028769012911192826,0.04223878074612486
intron,100373,0.002877582781537824,0.04224448540947012
intron,83563,0.002878202643010641,0.042249284256986513
intron,129247,0.002881093440849636,0.042287413926168284
intron,66888,0.002881706738019796,0.04228780742542187
intron,99449,0.0028814194668571602,0.04228780742542187
intron,108121,0.002882144673873377,0.042289930503180514
intron,66612,0.0028825649541979192,0.04229179411435745
intron,76635,0.0028850828724023003,0.042324429886115816
intron,95647,0.0028882222370354427,0.04236617476718239
intron,27428,0.0028890546326165722,0.04236976521974352
intron,137611,0.0028887752012449752,0.04236976521974352
intron,47671,0.0028901640241272286,0.04238172497735563
intron,9442,0.0028909742904439373,0.04238929633981178
intron,79048,0.0028920530807066136,0.0424008030306485
intron,18666,0.002893566212112564,0.04240574214940208
intron,114487,0.002893421766530624,0.04240574214940208
intron,115383,0.0028934574231597177,0.04240574214940208
intron,135233,0.0028930701370681877,0.04240574214940208
intron,30435,0.002896158672501481,0.04243942218122356
intron,157514,0.0028989327880422078,0.04247575701739511
intron,115184,0.002902093694765906,0.04251775123855603
intron,141215,0.0029025586966584527,0.042520244003354885
intron,133803,0.0029029656253706237,0.0425218856209062
intron,60783,0.0029048201637846827,0.04254472896190308
intron,95201,0.0029051820811893947,0.04254570857947385
intron,15770,0.0029068375403125124,0.042556986921405734
intron,67215,0.0029067157082045547,0.042556986921405734
intron,131028,0.00290637796118165,0.042556986921405734
intron,45611,0.002908499811624665,0.04257700054156513
intron,41004,0.002909544151739496,0.042587965234459756
intron,18086,0.002910143061614745,0.042592408452885165
intron,111596,0.002910696507128274,0.04259618542758748
intron,79535,0.002911802928335927,0.0426080532609375
intron,54431,0.00291271090673606,0.042617015191526685
intron,154333,0.0029137714373739243,0.04262820712888115
intron,27484,0.002914765200241476,0.042629771321625
intron,134688,0.0029145526272369437,0.042629771321625
intron,140360,0.0029147295905980197,0.042629771321625
intron,116717,0.0029154180327248813,0.04263499525861038
intron,124526,0.0029198333148683364,0.04269523452009919
intron,879,0.0029216134571388164,0.04271693316573226
intron,135334,0.0029235533299616367,0.04274096259669279
intron,45923,0.002924537912151748,0.042751022675891245
intron,113880,0.0029249890189428918,0.04275328313953959
intron,131541,0.002927666734350076,0.042788085209326185
intron,32665,0.002928342885789359,0.04279363017136462
intron,26582,0.002929833554510486,0.04280526427997205
intron,73031,0.0029294414697855764,0.04280526427997205
intron,95639,0.002930029497233866,0.04280526427997205
intron,111346,0.0029350869346405073,0.04287480567095863
intron,24757,0.0029354713890361595,0.04287607845626835
intron,54560,0.002937863170686894,0.042906667435208115
intron,85558,0.002940100127217793,0.04293064186367925
intron,153894,0.0029400607274303603,0.04293064186367925
intron,74684,0.0029410681943924377,0.042940429392401565
intron,16821,0.0029430365040439277,0.0429648172847401
intron,111402,0.002943373427907181,0.04296538636686009
intron,152638,0.0029448370052367334,0.04298239979900543
intron,16000,0.002946065685030863,0.04299598160522677
intron,76724,0.0029466713088455165,0.04300046847143143
intron,2012,0.0029484013258586073,0.04301700829604332
intron,138224,0.002948111288113897,0.04301700829604332
intron,132040,0.002949364885184047,0.04302418399465767
intron,156309,0.0029494898511943646,0.04302418399465767
intron,143947,0.002950209914536983,0.04303033489892129
intron,62847,0.0029505377245945263,0.04303076392097521
intron,29137,0.002951992647155288,0.04304249004993449
intron,85085,0.0029522371943380143,0.04304249004993449
intron,91535,0.0029518576077629533,0.04304249004993449
intron,115169,0.0029544048247349686,0.04306973883547873
intron,130051,0.0029549466647051936,0.04307328350117678
intron,39813,0.0029578109242891504,0.04310893709524487
intron,56679,0.0029579904758954,0.04310893709524487
intron,134050,0.0029585291105245215,0.0431124300163106
intron,105643,0.0029596106177185444,0.043123832307703155
intron,35404,0.0029611876025743555,0.0431359826730799
intron,61958,0.0029613418798219993,0.0431359826730799
intron,78613,0.0029611781730420894,0.0431359826730799
intron,35614,0.002963224761986183,0.04315904991937597
intron,119861,0.0029641476867352523,0.04316813224207539
intron,128958,0.0029646539619654355,0.043168395360179974
intron,153404,0.002964764454202795,0.043168395360179974
intron,465,0.0029654832092579353,0.043170114829474915
intron,75165,0.002965774157610679,0.043170114829474915
intron,139676,0.002965780632116388,0.043170114829474915
intron,39522,0.0029676792138211283,0.043184673702068965
intron,79739,0.002967355431277574,0.043184673702068965
intron,142105,0.0029675543988763042,0.043184673702068965
intron,42194,0.0029685393212954825,0.04319283118818057
intron,153331,0.002970827716896274,0.04322176680492947
intron,44707,0.002971382971654224,0.043225484131276165
intron,121266,0.002973626058071721,0.04325375155904264
intron,93306,0.0029740677126737225,0.043255812671864804
intron,73910,0.0029746706371296394,0.043260218693884016
intron,148956,0.0029761423780518825,0.04327725762949761
intron,94501,0.002976533609154286,0.04327858259480864
intron,20271,0.002978863460832537,0.04330809185364227
intron,17372,0.0029793937300277573,0.04331143463972911
intron,27940,0.0029818148129512334,0.04334226073291589
intron,53592,0.002982168743868474,0.04334303648932081
intron,128359,0.002982505553837278,0.043343563277457656
intron,47758,0.0029838687411265497,0.04335333006375058
intron,115935,0.002984027148636992,0.04335333006375058
intron,133350,0.0029840795121789387,0.04335333006375058
intron,27181,0.002985379483516848,0.04336090770576148
intron,89242,0.0029855031490184647,0.04336090770576148
intron,91724,0.0029852947973673105,0.04336090770576148
intron,27834,0.002985974840553074,0.04336339112101079
intron,26497,0.0029875419265221748,0.043377412263188
intron,83682,0.0029872530679219134,0.043377412263188
intron,7466,0.002989294499037065,0.04339848905895883
intron,23399,0.002993158882098168,0.04345021772807837
intron,16036,0.002995387552119144,0.043478193530794705
intron,130711,0.0029974230029077287,0.043503359398179835
intron,121078,0.0030019274490202807,0.04356435057269474
intron,118954,0.0030033184693464277,0.043576734429959796
intron,151808,0.0030033851581363624,0.043576734429959796
intron,100808,0.003004012722090166,0.043581454991394014
intron,5770,0.0030048213917998057,0.043585244364853025
intron,32213,0.00300487840032293,0.043585244364853025
intron,55139,0.0030055037462555223,0.043589930477347896
intron,59257,0.0030065840665201016,0.043599430868602
intron,109738,0.0030067634718720093,0.043599430868602
intron,139171,0.0030072958827565,0.04360276667651987
intron,44300,0.003008435750376348,0.04361490844018519
intron,66739,0.0030142119184757288,0.043694255943670025
intron,50592,0.003015156326117263,0.0437035529520949
intron,48554,0.0030157618888402293,0.04370793715617919
intron,31483,0.003016662328382602,0.04371659374827353
intron,36095,0.0030176873909878443,0.043727054420436506
intron,8519,0.0030198104612748633,0.04375342180137287
intron,33320,0.003021460129402409,0.043772925545583
intron,25859,0.0030228283153515,0.04378804094742427
intron,125402,0.0030231107759856046,0.04378804094742427
intron,64330,0.0030234236910982037,0.043788175175474404
intron,121272,0.0030258385392774034,0.04381874856734048
intron,159991,0.0030262919478005745,0.0438209140392085
intron,79673,0.003027804572001136,0.043838415051663436
intron,131456,0.003028155215131001,0.043839090363256325
intron,53312,0.0030293115995991826,0.04385142921535829
intron,22115,0.003030062261947686,0.04385522366066664
intron,142950,0.003030181950632649,0.04385522366066664
intron,7948,0.0030329840814198317,0.04388696923834133
intron,114461,0.003032789325928542,0.04388696923834133
intron,61986,0.003033328023193005,0.04388754231369456
intron,35554,0.00303524658020482,0.04390649047964655
intron,49796,0.0030352295476574476,0.04390649047964655
intron,49129,0.003037568714219341,0.043935674179681895
intron,88270,0.003038937805469266,0.04395106851000967
intron,109589,0.0030397997970944557,0.043955353455145264
intron,111550,0.003039843696964528,0.043955353455145264
intron,49563,0.003041742919513424,0.04397399711220775
intron,146006,0.003041504814234597,0.04397399711220775
intron,43427,0.003044797500811436,0.044004922148678564
intron,140934,0.0030446644586963334,0.044004922148678564
intron,157272,0.0030443828157425967,0.044004922148678564
intron,18757,0.0030455860677621738,0.04401190801420782
intron,138986,0.003046111331077128,0.04401508784775946
intron,162816,0.003048100619255867,0.04403941949714766
intron,74126,0.0030488626005193975,0.04404341275999155
intron,151838,0.0030489878409716287,0.04404341275999155
intron,62645,0.00305226951960913,0.04408440762522674
intron,158227,0.003052437191938595,0.04408440762522674
intron,79738,0.0030548399072414245,0.044114690416940126
intron,152230,0.003056496134154929,0.04413418824652847
intron,33195,0.0030595796803902786,0.04416752038955767
intron,49122,0.0030600296532905524,0.04416752038955767
intron,83031,0.0030594274303290536,0.04416752038955767
intron,91652,0.0030599623492841843,0.04416752038955767
intron,117277,0.0030671985779147093,0.044266563783561495
intron,83582,0.0030690047104566798,0.04428819796665931
intron,58664,0.003070473909822069,0.04429747942137159
intron,74597,0.0030708075517562605,0.04429747942137159
intron,125823,0.0030708765994400533,0.04429747942137159
intron,130236,0.0030706991566120667,0.04429747942137159
intron,43304,0.003071523286234834,0.04430237632907248
intron,155831,0.0030736456457910455,0.0443285546197209
intron,16006,0.0030757316499198106,0.044336468816472026
intron,44253,0.003074575432137072,0.044336468816472026
intron,81230,0.0030755343371873245,0.044336468816472026
intron,85970,0.0030754459014004087,0.044336468816472026
intron,163861,0.0030755209447955734,0.044336468816472026
intron,2147,0.0030764872517361486,0.04434087564425879
intron,5059,0.003076959804809043,0.04434087564425879
intron,28896,0.0030766788548626245,0.04434087564425879
intron,153900,0.0030799134703086706,0.04437900497729841
intron,33236,0.003081640626252158,0.04439945546907233
intron,155555,0.0030824029335176917,0.04440600198139718
intron,83803,0.0030838656724344604,0.04442263680199343
intron,40229,0.003085898990088376,0.04444455629206335
intron,155844,0.0030860037456741374,0.04444455629206335
intron,158463,0.003086341795888181,0.044444986155347206
intron,1483,0.0030878731501126078,0.04445815928097931
intron,152247,0.0030876490346168906,0.04445815928097931
intron,28895,0.0030881881810198575,0.04445825626638021
intron,29751,0.0030885896825156856,0.044459597958328954
intron,81706,0.003089129880166075,0.04446293568510921
intron,29903,0.003090498476743031,0.04446726738680261
intron,76737,0.003090338511637758,0.04446726738680261
intron,90139,0.0030897916273289194,0.04446726738680261
intron,121082,0.0030906642605277312,0.04446726738680261
intron,153480,0.0030922527864469807,0.04448568411563844
intron,107286,0.0030926738949297317,0.04448730417617275
intron,84386,0.003094684751601129,0.044511789744079794
intron,77609,0.003095496644262674,0.04451902708478981
intron,98991,0.0030958781359062826,0.04452007362830448
intron,154301,0.0030971787696891795,0.044534336308761344
intron,30267,0.0030978977955536946,0.04454023403822648
intron,12098,0.0030996681421526784,0.04455680260919172
intron,112146,0.0030994478787674806,0.04455680260919172
intron,124720,0.003104088776088254,0.04461590054154877
intron,119004,0.0031050666256697834,0.04462550756308177
intron,56528,0.003105933039546205,0.04463351129385546
intron,55164,0.0031071138872169612,0.04463443465943079
intron,82401,0.003107235359906424,0.04463443465943079
intron,122679,0.003106463413065419,0.04463443465943079
intron,144135,0.0031068323223439887,0.04463443465943079
intron,121515,0.0031075991217970333,0.044635213800496495
intron,79253,0.003108243967561819,0.044640029661406955
intron,162651,0.0031089920081537326,0.044646326480763325
intron,45583,0.0031099323566536885,0.04465538338703161
intron,89587,0.003110261855906238,0.044655668205363486
intron,82577,0.0031106466076913364,0.044656746177734644
intron,27226,0.0031129107319016747,0.04468480170369747
intron,142772,0.0031138834387041125,0.04469431562110122
intron,54723,0.0031147787422167728,0.04470271676740189
intron,159552,0.0031165040273852807,0.0447230267964125
intron,153554,0.0031202683073727755,0.04477259022898566
intron,10648,0.003120836964832341,0.04477629451672245
intron,41033,0.0031237228497461578,0.04480979334489417
intron,68804,0.0031237932451005923,0.04480979334489417
intron,68805,0.003124156750439866,0.04481055027955856
intron,77149,0.0031247942787913097,0.04481523705237776
intron,120244,0.003128068548897689,0.044857734808163185
intron,160878,0.0031296167222449878,0.0448754736665788
intron,161602,0.003130570162469759,0.044884681986406494
intron,20591,0.003132254608535723,0.04489561814474719
intron,88545,0.003132266909056436,0.04489561814474719
intron,111522,0.0031320696350272126,0.04489561814474719
intron,140291,0.003132773598099714,0.04489841803430386
intron,128931,0.003133442098499528,0.044903536191823655
intron,34555,0.003135669340366798,0.04493098853003526
intron,62664,0.003137067963632889,0.04494209813546672
intron,151680,0.0031369678533030854,0.04494209813546672
intron,10307,0.00313921209136403,0.04495495114789798
intron,73778,0.003138968302970113,0.04495495114789798
intron,132063,0.0031388251064401462,0.04495495114789798
intron,144364,0.003138913929224607,0.04495495114789798
intron,56038,0.0031408351409218938,0.0449737278489647
intron,122272,0.003142498429665075,0.04499307695062663
intron,58538,0.0031430978151503197,0.04499719116741608
intron,64287,0.003145319823200099,0.045020063101162945
intron,122568,0.003145213860723861,0.045020063101162945
intron,93308,0.0031457599664084235,0.045021894350521986
intron,112882,0.003146294468342359,0.04502507555782937
intron,25122,0.0031472085021443386,0.04503368688913759
intron,61984,0.0031505291462472496,0.0450767294962672
intron,141406,0.003151980010318134,0.04509301402261381
intron,76159,0.003155708081523878,0.045141091909883385
intron,127065,0.003155966691183121,0.045141091909883385
intron,40111,0.003157683851343185,0.04515956533829338
intron,155728,0.003157884547014711,0.04515956533829338
intron,98567,0.003158494550849711,0.045163809984569585
intron,80730,0.0031595254488722135,0.04517407162458014
intron,14838,0.0031604347636371433,0.045182593036564044
intron,3139,0.00316176796106038,0.04519274940166075
intron,99136,0.0031617719577645698,0.04519274940166075
intron,93466,0.003163372717796875,0.04521114861400733
intron,53353,0.003164052835625597,0.04521638759955014
intron,20894,0.003165569357311382,0.04522909544335702
intron,160358,0.0031654536098233432,0.04522909544335702
intron,41145,0.0031678987733165798,0.04525223790812052
intron,55431,0.0031681304924198184,0.04525223790812052
intron,129867,0.0031680571781806943,0.04525223790812052
intron,55195,0.0031696149011366526,0.04526895672459278
intron,14052,0.003171955083332456,0.04529789331571831
intron,67368,0.0031739404841628627,0.04532175813443647
intron,125001,0.003175362579108665,0.04533757539064586
intron,77569,0.0031770844566022527,0.04535766936276023
intron,145429,0.0031775061485994627,0.045359199086426716
intron,148006,0.0031785996256332716,0.04537031735263755
intron,128488,0.0031795879309338693,0.04537993237887772
intron,20126,0.0031801056174383113,0.04538282936901797
intron,142830,0.0031808159377704204,0.045388474563433506
intron,87692,0.0031815302776871945,0.04539417599232584
intron,91312,0.0031821317809022087,0.045398266494713575
intron,2470,0.003186168328527028,0.045451357815006144
intron,40873,0.003186792281669404,0.04545576207346189
intron,33983,0.0031894746166731824,0.04548952290046381
intron,41587,0.0031900823333935735,0.04549369096634563
intron,120325,0.0031907493463187997,0.045498703746128265
intron,6206,0.0031939200825976677,0.04553431122521694
intron,60997,0.0031941937101132023,0.04553431122521694
intron,158493,0.0031937061618027007,0.04553431122521694
intron,158194,0.0031946842408941967,0.045536802444067354
intron,5970,0.0031960550452805325,0.045538337112416734
intron,119830,0.0031958033740806524,0.045538337112416734
intron,135691,0.0031958041443169716,0.045538337112416734
intron,152964,0.0031959546556472596,0.045538337112416734
intron,158088,0.0031964015742539376,0.045538775125314915
intron,129996,0.0031968994263283923,0.04554136872197357
intron,46528,0.0031978994076888867,0.045551114172717434
intron,108958,0.0031987777111357474,0.0455591246804694
intron,162609,0.0032006106416697655,0.045580728698723275
intron,7941,0.0032029871891452455,0.04559656205183301
intron,81066,0.003202577894374503,0.04559656205183301
intron,113336,0.0032026348923444026,0.04559656205183301
intron,119241,0.003202855168645824,0.04559656205183301
intron,111114,0.0032046899546622765,0.04561629891343233
intron,61172,0.0032059196762741493,0.04562929912716801
intron,30376,0.003206915746776673,0.045636813178272444
intron,143954,0.003207080549131547,0.045636813178272444
intron,116288,0.003209697551008972,0.045665040917359
intron,152966,0.003209558685627334,0.045665040917359
intron,135627,0.0032104733304607613,0.04567157221719986
intron,103759,0.003211093118551278,0.045675883344537795
intron,44156,0.003214408435197491,0.045718532124916125
intron,121216,0.0032152479634655062,0.04572596282716669
intron,116952,0.0032172614118822773,0.045749699621543086
intron,143641,0.0032175515305199465,0.045749699621543086
intron,48946,0.003218394439374439,0.045752662353989525
intron,50624,0.003218198004403261,0.045752662353989525
intron,93314,0.0032195616960846163,0.04576406117425558
intron,113251,0.003220465669463657,0.04576406117425558
intron,123034,0.003220150005160294,0.04576406117425558
intron,148896,0.003220194263605869,0.04576406117425558
intron,46308,0.003221763383988163,0.04577799116314721
intron,102385,0.0032225922042423694,0.045785256551446246
intron,124394,0.0032255481948370024,0.04582273948703178
intron,34634,0.003226252759777948,0.045823720253058066
intron,37034,0.0032259727477266242,0.045823720253058066
intron,56776,0.0032276404198836595,0.04583891491335069
intron,7465,0.003231028541454739,0.04588251431586052
intron,3757,0.003232384560945878,0.04589273214338114
intron,50020,0.0032320926746648437,0.04589273214338114
intron,76614,0.003233229754194822,0.04589860564361544
intron,102255,0.003233434817543457,0.04589860564361544
intron,121047,0.0032342728809655608,0.04590598320328747
intron,128271,0.0032362190302682725,0.045929085493346795
intron,74849,0.003236657440240265,0.04593078719589922
intron,44686,0.003238784198191902,0.045956445229623104
intron,37286,0.0032421519511935948,0.04599518016977616
intron,91256,0.00324193590608024,0.04599518016977616
intron,8094,0.003244910229571518,0.04602525518597619
intron,114473,0.0032447080730504396,0.04602525518597619
intron,31604,0.0032452370568332167,0.046025363911757246
intron,48315,0.0032468452071586773,0.046036431659363226
intron,90813,0.0032469751565969984,0.046036431659363226
intron,115665,0.003246931359766725,0.046036431659363226
intron,6817,0.0032488757850790417,0.04605432324180609
intron,115373,0.0032488518421565082,0.04605432324180609
intron,53166,0.0032493229435499593,0.04605613462949764
intron,118169,0.003250319803562274,0.046061209503960775
intron,134191,0.003250243271122999,0.046061209503960775
intron,31470,0.0032526562329733277,0.04608979044791045
intron,104275,0.003253869801536302,0.046097927347494405
intron,155581,0.0032536887410550275,0.046097927347494405
intron,74848,0.0032560931428629036,0.046120363800494134
intron,112444,0.003255985064700928,0.046120363800494134
intron,116425,0.0032628769995493023,0.046211913521312736
intron,34841,0.0032632302384496548,0.04621237778612485
intron,3913,0.0032644988145318354,0.04622580327446901
intron,120859,0.0032662787494619483,0.04624192613623201
intron,127861,0.003266106006760472,0.04624192613623201
intron,110830,0.0032667829545536264,0.04624452434743446
intron,91599,0.003269685544878387,0.04627198659178386
intron,152168,0.0032691149863857127,0.04627198659178386
intron,153277,0.0032694845753147295,0.04627198659178386
intron,6025,0.003270939264612416,0.046276105026190784
intron,46196,0.003270930238147063,0.046276105026190784
intron,82212,0.0032709388270825146,0.046276105026190784
intron,48987,0.0032723694865269826,0.04629179777747661
intron,141115,0.0032752490921650335,0.046327988801750174
intron,63524,0.003276114761274096,0.046335688640550564
intron,10780,0.00327877022985934,0.046368698493412366
intron,83785,0.003279955631197762,0.04638091407218431
intron,153619,0.0032807413110687023,0.04638747546281835
intron,13229,0.003281149682800688,0.04638870120663126
intron,155733,0.003282205621304435,0.04639908107356618
intron,24068,0.0032832061623669917,0.046408675853406856
intron,114224,0.0032839164038116486,0.046414165720324065
intron,4096,0.0032886156000248024,0.046468074879487446
intron,68002,0.003288455804703494,0.046468074879487446
intron,84374,0.0032886973047081547,0.046468074879487446
intron,152504,0.003291639450704542,0.046505089670593705
intron,63993,0.0032920325130884054,0.046506086658987034
intron,132041,0.0032924853624600736,0.046507927971817006
intron,34212,0.003294167004704862,0.04652256794118833
intron,142589,0.0032939507001477075,0.04652256794118833
intron,20626,0.0032965778864140205,0.04654749899795424
intron,45503,0.0032964358422128415,0.04654749899795424
intron,77330,0.00329758252854373,0.046557125875632044
intron,18971,0.0032989872688040656,0.04656328247748144
intron,41541,0.003298976830466982,0.04656328247748144
intron,132021,0.003298379683579822,0.04656328247748144
intron,48440,0.0033011180159476794,0.04657967962091653
intron,75468,0.003300475644747447,0.04657967962091653
intron,134154,0.0033010987495525335,0.04657967962091653
intron,17579,0.0033020755327494156,0.04658863187077536
intron,72337,0.003303638856416935,0.04660612879742877
intron,124640,0.003304109058947624,0.04660820258863935
intron,74687,0.003305230978187801,0.04661769326395309
intron,116340,0.003305428402393229,0.04661769326395309
intron,78831,0.0033064550589707586,0.04662761242802623
intron,89730,0.0033090601955814147,0.04665978719313671
intron,24129,0.003310004189408522,0.04666135383693289
intron,85978,0.0033101420163502704,0.04666135383693289
intron,156092,0.00331011886059962,0.04666135383693289
intron,108915,0.003312317259538844,0.04668745333264764
intron,124533,0.0033134216675254624,0.04669845566935539
intron,25330,0.0033141423322253782,0.046702021210344995
intron,141922,0.003314322363454414,0.046702021210344995
intron,63023,0.0033168151750765373,0.04673241084531801
intron,141859,0.00331712716728505,0.04673241084531801
intron,784,0.0033195738794484786,0.0467540580268187
intron,37561,0.0033194361077151235,0.0467540580268187
intron,74179,0.003319636357018707,0.0467540580268187
intron,104766,0.003320651950171616,0.0467637945096092
intron,53831,0.0033210088726747244,0.04676425412574983
intron,148578,0.0033230809609778866,0.04678886312631694
intron,39810,0.003323693141802364,0.04678966833806849
intron,141274,0.0033237870731321895,0.04678966833806849
intron,137556,0.003326021300840365,0.0468165499004672
intron,93805,0.0033264867769824402,0.04681853197816775
intron,93642,0.0033268288580530214,0.04681877711849829
intron,27789,0.0033287032429969443,0.04682326368493017
intron,65960,0.0033276067373405604,0.04682326368493017
intron,84867,0.0033286721403773534,0.04682326368493017
intron,128149,0.0033287711366154493,0.04682326368493017
intron,153696,0.0033279762240363553,0.04682326368493017
intron,163368,0.003329215178243805,0.04682494228118642
intron,18038,0.003330664294850183,0.046831663948741435
intron,40974,0.0033301882493770307,0.046831663948741435
intron,54458,0.0033309920955448824,0.046831663948741435
intron,163795,0.003330819399959606,0.046831663948741435
intron,124808,0.0033326186403559444,0.046849964541802465
intron,158335,0.0033344430603812203,0.0468710430264543
intron,74925,0.003337475582503746,0.04690452600390973
intron,108140,0.003337391271554191,0.04690452600390973
intron,123028,0.0033397473280969425,0.046931879062841145
intron,93815,0.0033409600233061942,0.04693977222144548
intron,151117,0.003340749701972956,0.04693977222144548
intron,22456,0.003342540088306478,0.04695739683530563
intron,40144,0.003343571201449902,0.04696730686221372
intron,26436,0.0033445231896733763,0.04697610359532761
intron,97642,0.003346210856593923,0.04699523071648226
intron,14410,0.0033471052927498413,0.04700321481659133
intron,74348,0.0033497333387537687,0.04703553997874048
intron,75951,0.0033502939785969854,0.04703883202916322
intron,51417,0.003352103098667736,0.0470596506570851
intron,35657,0.0033524856805251524,0.047060440234740646
intron,36663,0.0033531583396402276,0.04706122189147171
intron,153898,0.003353194053928532,0.04706122189147171
intron,152235,0.0033545122959035556,0.047075141558521216
intron,96939,0.0033567746453593283,0.04710230624533742
intron,31326,0.0033580548631679807,0.0471119348898939
intron,136117,0.0033581142297753885,0.0471119348898939
intron,21000,0.0033607872839692687,0.04714484940266112
intron,74750,0.003362147412048766,0.04715934168362187
intron,93399,0.0033656157635253425,0.047203399378593566
intron,94524,0.003366868036184467,0.04721637060138612
intron,82587,0.0033682197104003553,0.04723073315613614
intron,106223,0.0033686774373843376,0.04723255879561334
intron,82428,0.003369114247866678,0.04723409083629303
intron,28633,0.0033694796649420544,0.04723462175972575
intron,47990,0.003370449775234041,0.0472436285708763
intron,10816,0.0033718627022429892,0.04725883999439739
intron,62212,0.003372815361388004,0.04726759813602331
intron,57678,0.003373339133193709,0.04727034460989847
intron,33036,0.0033751820788863185,0.0472882678077297
intron,47893,0.0033762577776972336,0.0472882678077297
intron,76695,0.0033756366118757875,0.0472882678077297
intron,115358,0.0033757173364290516,0.0472882678077297
intron,158117,0.003376126332882423,0.0472882678077297
intron,154466,0.003376624272954265,0.047288808053793895
intron,5931,0.0033770952295897327,0.047290811009268456
intron,93677,0.003377575711238423,0.047292946945388804
intron,50900,0.0033794796803856553,0.047310093767484525
intron,130725,0.0033795898524602297,0.047310093767484525
intron,131948,0.003379784518037443,0.047310093767484525
intron,131778,0.0033833054941886376,0.047354783597055305
intron,119864,0.0033845515800692283,0.0473676271066618
intron,120471,0.0033851271904998814,0.0473710855662704
intron,2255,0.0033877391211543095,0.0474030366237434
intron,14521,0.0033889197100309687,0.04741495533369903
intron,66599,0.003390110785877254,0.0474270184418899
intron,86820,0.003390550141500581,0.04742856380399402
intron,134897,0.0033914823564993313,0.04743700253964104
intron,7363,0.0033922439507986235,0.04744305338112861
intron,106084,0.003393348147323838,0.047453894131218845
intron,37623,0.0033941561588712865,0.04746059121519942
intron,122616,0.0033947218680465685,0.047463899207425976
intron,87590,0.0033957956438002146,0.04747430949156545
intron,96470,0.003397112054203899,0.04748810953863723
intron,141735,0.003398035275008038,0.04749641105971543
intron,55979,0.0033998833121144934,0.04751763644021077
intron,18362,0.0034027652131626285,0.04755330585275154
intron,51293,0.0034045934438152736,0.047574244840336156
intron,97589,0.003406089908154053,0.047590544267529455
intron,75628,0.00340728288997727,0.047597514209247384
intron,148317,0.0034075789434373505,0.047597514209247384
intron,160200,0.0034071234826519303,0.047597514209247384
intron,96053,0.003407966771882487,0.04759832099494991
intron,50852,0.0034099682193202696,0.04762166250276178
intron,39650,0.0034115736632660543,0.04763946966772614
intron,42088,0.0034130437806841885,0.04765538385758373
intron,123932,0.003414084107320803,0.047665294497474205
intron,93885,0.0034149985156437523,0.04767344539646066
intron,124296,0.003415469235325652,0.04767540141502336
intron,4822,0.003416938869240216,0.04768668378172106
intron,17772,0.003416701095741992,0.04768668378172106
intron,56116,0.0034206652831273443,0.047729451232118525
intron,62915,0.003420392625004376,0.047729451232118525
intron,58507,0.003422397582656611,0.04774779189258295
intron,76837,0.0034226419299592248,0.04774779189258295
intron,75523,0.0034235414642957984,0.04775572102357363
intron,110044,0.003424283709062448,0.047760141390371665
intron,122570,0.0034245207373875264,0.047760141390371665
intron,85746,0.0034249525447551665,0.047761544494875574
intron,157366,0.0034263837484187487,0.04777226348334357
intron,163133,0.003426287836309383,0.04777226348334357
intron,55941,0.00342683857235504,0.04777398588588585
intron,27768,0.003427252441704054,0.04777513705759464
intron,17417,0.0034280980969916275,0.047782306424982754
intron,100851,0.00342955604678874,0.047798008006114216
intron,1236,0.0034330046691526395,0.04784144804063536
intron,78881,0.00343689463022967,0.0478910294657967
intron,2682,0.0034382793256260147,0.047901067211916795
intron,80595,0.0034382524546285875,0.047901067211916795
intron,95085,0.003439054502139993,0.04790723846504077
intron,39767,0.003440052450814912,0.04791651152078297
intron,68736,0.003441448837580019,0.04793133209589548
intron,18422,0.0034429573100449584,0.047947710749362944
intron,79584,0.003444486383346268,0.04796169741998297
intron,82148,0.003444626822406427,0.04796169741998297
intron,16008,0.0034465439510755758,0.0479837578251357
intron,67367,0.003446974284851856,0.04798511639112188
intron,141634,0.0034477836128197215,0.047991750140337214
intron,29150,0.0034492838517179436,0.04800799888086956
intron,146289,0.0034499168968823435,0.04801217582983132
intron,60628,0.0034507946027841907,0.04801975656505836
intron,58671,0.00345346241062483,0.048051974660264896
intron,115048,0.003453776289317756,0.048051974660264896
intron,93058,0.003454582204634904,0.048058550644779624
intron,29800,0.0034551221611663907,0.048061425821869556
intron,42916,0.0034568856854420016,0.048065557516119795
intron,49878,0.003456651828739332,0.048065557516119795
intron,51347,0.0034559651804545455,0.048065557516119795
intron,64934,0.0034563344855973455,0.048065557516119795
intron,155251,0.003457085734792309,0.048065557516119795
intron,125072,0.0034587687436165027,0.048084321238860986
intron,89586,0.003460458416506551,0.04810317398006171
intron,23852,0.003463665607671307,0.048139843620146554
intron,57872,0.0034637640156347516,0.048139843620146554
intron,105304,0.0034672757153798583,0.048184005886844294
intron,122163,0.003468054450418201,0.04818554081621134
intron,143075,0.0034679926497264146,0.04818554081621134
intron,75420,0.0034686979668154816,0.04818983889215416
intron,66105,0.003470358975423471,0.04820827056823933
intron,32880,0.003472435045726474,0.04823226125832414
intron,41778,0.0034734238502132087,0.04823226125832414
intron,55843,0.0034730812819273593,0.04823226125832414
intron,148640,0.0034733544908081004,0.04823226125832414
intron,15756,0.0034746936921953298,0.04824269984453511
intron,130727,0.0034750510007993674,0.04824269984453511
intron,159929,0.003475179193694,0.04824269984453511
intron,101348,0.003476601030712123,0.048257792360756877
intron,100153,0.0034776692334405057,0.04826797373885996
intron,58662,0.003478289277786928,0.048271933585008135
intron,31379,0.0034799337394730845,0.04828772787024128
intron,122614,0.003480097053231934,0.04828772787024128
intron,105035,0.0034812952500383743,0.048299705995986514
intron,146906,0.0034836544076317644,0.04832778750950975
intron,142192,0.003484696754110894,0.04833759761639762
intron,15968,0.0034854975479094996,0.048344055486331174
intron,112147,0.003487994996828836,0.04837404255700096
intron,39531,0.0034892958615941883,0.0483874303599301
intron,45566,0.0034904979509717826,0.04839651128947736
intron,142293,0.00349062191101579,0.04839651128947736
intron,58378,0.003490987137118151,0.04839692194601011
intron,123418,0.00349274601981453,0.048416651473555124
intron,134522,0.0034932973856834915,0.04841964014775656
intron,60165,0.0034936359471724465,0.04841967890763066
intron,53980,0.0034945755406745604,0.04842804679935194
intron,148157,0.003495413226008326,0.04843500096886544
intron,100608,0.003497022664475824,0.048443337884348237
intron,133844,0.003496694097195552,0.048443337884348237
intron,150003,0.003496795070688785,0.048443337884348237
intron,110049,0.003498646433194641,0.04845652191622162
intron,112471,0.0034983469922309496,0.04845652191622162
intron,53448,0.0034998991773362853,0.04846494031453209
intron,122564,0.0034999264143594777,0.04846494031453209
intron,80919,0.0035009681865336706,0.04847471140426894
intron,62217,0.0035042731160437324,0.04851581348361353
intron,134520,0.0035051302237221194,0.048523021423854826
intron,115193,0.0035077942115022687,0.04855523899578687
intron,48035,0.003509114440546357,0.04856885172548887
intron,160474,0.003509530547677664,0.048569949298364
intron,41032,0.0035107307077117955,0.04858189647509787
intron,39511,0.003512596302599258,0.04859595486551676
intron,81744,0.003512954082201647,0.04859595486551676
intron,117785,0.0035124386761491433,0.04859595486551676
intron,152553,0.0035130945756656207,0.04859595486551676
intron,93411,0.0035161712517539634,0.04863384881082714
intron,100333,0.0035167883937248234,0.04863771975581429
intron,56073,0.0035187626062294086,0.048655690781141465
intron,78769,0.0035185451994734773,0.048655690781141465
intron,17096,0.0035200359394661485,0.04866863113351821
intron,113854,0.0035207448429405153,0.048671698423253085
intron,137061,0.003520932811523547,0.048671698423253085
intron,7177,0.0035214395740394977,0.048674037827423924
intron,13205,0.003522399409095489,0.04868263864169381
intron,5077,0.0035235797965161852,0.04869428574185046
intron,27342,0.003523936573533004,0.04869454977572575
intron,122258,0.003524426208673437,0.048696649446600584
intron,693,0.0035249040758745798,0.048698586134282955
intron,30268,0.0035257111315663003,0.04870506994441819
intron,62343,0.003528269052301747,0.04873573709054387
intron,67573,0.0035293471031856427,0.04874129072103926
intron,103535,0.0035292630196309682,0.04874129072103926
intron,23364,0.0035297922631671863,0.04874277055391654
intron,10315,0.0035309699180932075,0.04875436413045454
intron,21874,0.0035315213484111707,0.04875730963047675
intron,141190,0.003532200948940578,0.04876202395595194
intron,154869,0.003535575846160488,0.048803942380325975
intron,46574,0.003536756609262448,0.04881089677020862
intron,134526,0.0035365054505773763,0.04881089677020862
intron,9945,0.0035379166481993574,0.048822234075299974
intron,13144,0.0035391173692241873,0.04883022443577781
intron,120666,0.0035391728959256463,0.04883022443577781
intron,111914,0.003540861820783725,0.04884885301729251
intron,44745,0.003541620102775589,0.04884950830125968
intron,77837,0.003541925556997727,0.04884950830125968
intron,138601,0.0035412923465193424,0.04884950830125968
intron,27817,0.003542676622206864,0.04885519438257485
intron,57170,0.0035431367027383143,0.048856866943180734
intron,57272,0.0035446848235349826,0.04887354090711438
intron,77699,0.003546929481194394,0.04889981450235181
intron,51286,0.003549978363802886,0.04893546278246296
intron,93165,0.003550193899256815,0.04893546278246296
intron,48839,0.003551122728209677,0.04894358742874251
intron,77629,0.003552671194908652,0.04896024990483486
intron,69259,0.0035533393078042153,0.04896477797998303
intron,44778,0.0035549193455151062,0.04897719060463332
intron,64175,0.00355459230655808,0.04897719060463332
intron,13596,0.0035572842017513873,0.04900509007278967
intron,37565,0.003558142753753213,0.04901223537018718
intron,67388,0.0035594211491454253,0.04902516195365944
intron,65666,0.003560257395770927,0.04903199677890727
intron,95651,0.003562662033575581,0.04905574371009585
intron,153600,0.0035623887422957523,0.04905574371009585
intron,78720,0.003563007479543856,0.04905581626910262
intron,99430,0.0035639951012869098,0.04906004596900357
intron,118123,0.003563689049519203,0.04906004596900357
intron,57393,0.003565114586970841,0.04906376555503427
intron,81473,0.003565286007275681,0.04906376555503427
intron,119870,0.0035647600570810623,0.04906376555503427
intron,77073,0.0035660813028833838,0.04907002733252902
intron,137859,0.0035670580092024284,0.04907878392644353
intron,123379,0.003569156804851148,0.04910297608826269
intron,135236,0.003569569630435643,0.04910397097169062
intron,23107,0.00357169239893973,0.049123800264559044
intron,59875,0.003571582609921853,0.049123800264559044
intron,162546,0.0035733643769392254,0.04914210916510346
intron,29410,0.003576668683397788,0.0491828607634924
intron,155566,0.0035773337869423605,0.04918731630564426
intron,17101,0.0035782173099200287,0.04919477391664006
intron,105031,0.0035792405115470105,0.04920415028109244
intron,54120,0.0035807107206841104,0.04921497816409584
intron,62641,0.0035803973067302097,0.04921497816409584
intron,109504,0.003581227517337693,0.04921739031666031
intron,113721,0.003582959833829058,0.049236505503810465
intron,6514,0.00358377323025183,0.0492429905874155
intron,81379,0.0035854828802923677,0.049261788273468124
intron,51702,0.0035868474062548117,0.04926645432077222
intron,75949,0.003586204814102545,0.04926645432077222
intron,113437,0.003586796526217073,0.04926645432077222
intron,50809,0.0035875095860500306,0.04926681179539796
intron,78748,0.003587716026492771,0.04926681179539796
intron,110913,0.0035878983508100815,0.04926681179539796
intron,57507,0.003589514234105251,0.04927961530441888
intron,133848,0.003589470930106642,0.04927961530441888
intron,93549,0.0035904015528303024,0.04928241354740143
intron,152536,0.0035901209426816294,0.04928241354740143
intron,8082,0.003592864665542317,0.04930721609510473
intron,45919,0.003592892347301868,0.04930721609510473
intron,93401,0.0035932511446978843,0.0493074476946853
intron,54946,0.003594583653367067,0.049321039476793976
intron,18255,0.0035962242993683446,0.049321236347485614
intron,25006,0.0035966501031861053,0.049321236347485614
intron,45016,0.0035962722140343573,0.049321236347485614
intron,46974,0.0035956646120047786,0.049321236347485614
intron,142663,0.0035952827406393606,0.049321236347485614
intron,163293,0.0035965641258127734,0.049321236347485614
intron,24787,0.003600097107860356,0.04935530905956742
intron,50154,0.003599774339909323,0.04935530905956742
intron,71701,0.0036001615455393265,0.04935530905956742
intron,47291,0.0036035216467094067,0.04938728816831624
intron,76867,0.003602892310750505,0.04938728816831624
intron,119555,0.00360331641171574,0.04938728816831624
intron,76754,0.003605106868445729,0.0494032214657706
intron,129886,0.003605369383634427,0.0494032214657706
intron,7503,0.0036062765080147052,0.04941095642672461
intron,158105,0.0036068244167504204,0.04941376863636024
intron,23851,0.003608007056252416,0.04941713082987271
intron,60926,0.0036078952346298987,0.04941713082987271
intron,74598,0.003608097876717009,0.04941713082987271
intron,20671,0.003611427814845136,0.04945804092073813
intron,85469,0.003614078294179368,0.04948963902466282
intron,50718,0.003614946365213312,0.04949682591039841
intron,16580,0.0036176342625190427,0.0495101247124498
intron,126940,0.003617566198802713,0.0495101247124498
intron,143086,0.003616520579572624,0.0495101247124498
intron,146847,0.0036171299212242047,0.0495101247124498
intron,163653,0.0036172224500168326,0.0495101247124498
intron,122773,0.0036186863432657868,0.049519823638577466
intron,130121,0.0036194469724469824,0.04952553274083518
intron,55359,0.003619830602094254,0.04952608269793227
intron,60003,0.003621511244823017,0.04953967672948139
intron,90772,0.00362149102773468,0.04953967672948139
intron,18917,0.0036227600265948956,0.0495520587266594
intron,121091,0.003625975729839359,0.04959133934682705
intron,35407,0.003626686221921749,0.04959635277426929
intron,31601,0.0036289466211152366,0.049622558827153884
intron,82930,0.0036302147674667218,0.049625782630777666
intron,112577,0.00363011086201126,0.049625782630777666
intron,139084,0.0036300257081325338,0.049625782630777666
intron,158120,0.0036307549000620387,0.049628461788933306
intron,107477,0.0036329880536916104,0.04965427999798181
intron,60829,0.0036334122672589952,0.049655371761241275
intron,25188,0.003633855277823228,0.049656720179006374
intron,26537,0.0036352601571679743,0.049671211055971394
intron,1821,0.0036368291051268598,0.04968794076390612
intron,49758,0.00363790370026007,0.049693206299460446
intron,115183,0.0036376314741339844,0.049693206299460446
intron,162608,0.0036401700364128153,0.04971945448389684
intron,48092,0.003641474123453614,0.04973255601106879
intron,48646,0.003643078732710414,0.04974975897802753
intron,16628,0.003645451453717641,0.049777447001823676
intron,92680,0.003648095638928872,0.049808836186613886
intron,14406,0.00364858012896474,0.049810735080717435
intron,83679,0.003650841695586715,0.04983689212376689
intron,78917,0.0036546715435649135,0.049879729252589954
intron,136760,0.0036546582335357236,0.049879729252589954
intron,77677,0.0036552960614917307,0.04988353166835791
intron,6669,0.003657670646355249,0.04991121412745566
intron,5933,0.0036590810659995476,0.049925735952748296
intron,160473,0.0036594980063738847,0.049926700946561854
intron,26597,0.0036599905165369817,0.04992869666240172
intron,23082,0.003660761250319444,0.04993448710034205
intron,15996,0.003663711011254067,0.0499699965761766
intron,8439,0.0036658910565059433,0.04999114071070888
intron,133258,0.0036659545862249843,0.04999114071070888
intron,110043,0.003666799846396618,0.04999793924445131
