species,gene_id,timepoints_observed,consistent_exon_per_tp,different_exons_across_tp
Acropora pulchra,FUN_000052,2,TRUE,TRUE
Acropora pulchra,FUN_000083,3,TRUE,TRUE
Acropora pulchra,FUN_000089,2,TRUE,TRUE
Acropora pulchra,FUN_000093,2,TRUE,TRUE
Acropora pulchra,FUN_000097,3,TRUE,TRUE
Acropora pulchra,FUN_000099,2,TRUE,TRUE
Acropora pulchra,FUN_000118,4,TRUE,TRUE
Acropora pulchra,FUN_000147,4,TRUE,TRUE
Acropora pulchra,FUN_000160,2,TRUE,TRUE
Acropora pulchra,FUN_000168,4,TRUE,TRUE
Acropora pulchra,FUN_000178,4,TRUE,TRUE
Acropora pulchra,FUN_000183,2,TRUE,TRUE
Acropora pulchra,FUN_000452,4,TRUE,TRUE
Acropora pulchra,FUN_000479,4,TRUE,TRUE
Acropora pulchra,FUN_000941,2,TRUE,TRUE
Acropora pulchra,FUN_000975,3,TRUE,TRUE
Acropora pulchra,FUN_001099,3,TRUE,TRUE
Acropora pulchra,FUN_001253,4,TRUE,TRUE
Acropora pulchra,FUN_001374,2,TRUE,TRUE
Acropora pulchra,FUN_001495,3,TRUE,TRUE
Acropora pulchra,FUN_001567,2,TRUE,TRUE
Acropora pulchra,FUN_001669,2,TRUE,TRUE
Acropora pulchra,FUN_001680,2,TRUE,TRUE
Acropora pulchra,FUN_001757,2,TRUE,TRUE
Acropora pulchra,FUN_001876,3,TRUE,TRUE
Acropora pulchra,FUN_001892,2,TRUE,TRUE
Acropora pulchra,FUN_001930,3,TRUE,TRUE
Acropora pulchra,FUN_001938,3,TRUE,TRUE
Acropora pulchra,FUN_001951,2,TRUE,TRUE
Acropora pulchra,FUN_001977,2,TRUE,TRUE
Acropora pulchra,FUN_002010,2,TRUE,TRUE
Acropora pulchra,FUN_002020,2,TRUE,TRUE
Acropora pulchra,FUN_002023,3,TRUE,TRUE
Acropora pulchra,FUN_002101,4,TRUE,TRUE
Acropora pulchra,FUN_002142,2,TRUE,TRUE
Acropora pulchra,FUN_002273,3,TRUE,TRUE
Acropora pulchra,FUN_002282,4,TRUE,TRUE
Acropora pulchra,FUN_002298,4,TRUE,TRUE
Acropora pulchra,FUN_002361,3,TRUE,TRUE
Acropora pulchra,FUN_002384,3,TRUE,TRUE
Acropora pulchra,FUN_002686,4,TRUE,TRUE
Acropora pulchra,FUN_002687,2,TRUE,TRUE
Acropora pulchra,FUN_002740,4,TRUE,TRUE
Acropora pulchra,FUN_002815,4,TRUE,TRUE
Acropora pulchra,FUN_002816,3,TRUE,TRUE
Acropora pulchra,FUN_002829,4,TRUE,TRUE
Acropora pulchra,FUN_002847,4,TRUE,TRUE
Acropora pulchra,FUN_002855,4,TRUE,TRUE
Acropora pulchra,FUN_003135,4,TRUE,TRUE
Acropora pulchra,FUN_003137,2,TRUE,TRUE
Acropora pulchra,FUN_003138,4,TRUE,TRUE
Acropora pulchra,FUN_003198,4,TRUE,TRUE
Acropora pulchra,FUN_003220,3,TRUE,TRUE
Acropora pulchra,FUN_003358,2,TRUE,TRUE
Acropora pulchra,FUN_003363,3,TRUE,TRUE
Acropora pulchra,FUN_003406,3,TRUE,TRUE
Acropora pulchra,FUN_003418,2,TRUE,TRUE
Acropora pulchra,FUN_003424,2,TRUE,TRUE
Acropora pulchra,FUN_003456,2,TRUE,TRUE
Acropora pulchra,FUN_003466,4,TRUE,TRUE
Acropora pulchra,FUN_003518,3,TRUE,TRUE
Acropora pulchra,FUN_003601,4,TRUE,TRUE
Acropora pulchra,FUN_003732,4,TRUE,TRUE
Acropora pulchra,FUN_003747,2,TRUE,TRUE
Acropora pulchra,FUN_003752,2,TRUE,TRUE
Acropora pulchra,FUN_003755,3,TRUE,TRUE
Acropora pulchra,FUN_003777,2,TRUE,TRUE
Acropora pulchra,FUN_003801,4,TRUE,TRUE
Acropora pulchra,FUN_003807,4,TRUE,TRUE
Acropora pulchra,FUN_003922,2,TRUE,TRUE
Acropora pulchra,FUN_003962,4,TRUE,TRUE
Acropora pulchra,FUN_003984,4,TRUE,TRUE
Acropora pulchra,FUN_003988,3,TRUE,TRUE
Acropora pulchra,FUN_004069,2,TRUE,TRUE
Acropora pulchra,FUN_004191,4,TRUE,TRUE
Acropora pulchra,FUN_004219,4,TRUE,TRUE
Acropora pulchra,FUN_004345,2,TRUE,TRUE
Acropora pulchra,FUN_004545,2,TRUE,TRUE
Acropora pulchra,FUN_004810,3,TRUE,TRUE
Acropora pulchra,FUN_004814,2,TRUE,TRUE
Acropora pulchra,FUN_004952,3,TRUE,TRUE
Acropora pulchra,FUN_004962,3,TRUE,TRUE
Acropora pulchra,FUN_005091,3,TRUE,TRUE
Acropora pulchra,FUN_005388,3,TRUE,TRUE
Acropora pulchra,FUN_005427,2,TRUE,TRUE
Acropora pulchra,FUN_005445,3,TRUE,TRUE
Acropora pulchra,FUN_005543,2,TRUE,TRUE
Acropora pulchra,FUN_005596,3,TRUE,TRUE
Acropora pulchra,FUN_005598,3,TRUE,TRUE
Acropora pulchra,FUN_005601,2,TRUE,TRUE
Acropora pulchra,FUN_005626,2,TRUE,TRUE
Acropora pulchra,FUN_005633,3,TRUE,TRUE
Acropora pulchra,FUN_005636,2,TRUE,TRUE
Acropora pulchra,FUN_005641,4,TRUE,TRUE
Acropora pulchra,FUN_005654,2,TRUE,TRUE
Acropora pulchra,FUN_005656,3,TRUE,TRUE
Acropora pulchra,FUN_005659,3,TRUE,TRUE
Acropora pulchra,FUN_005660,4,TRUE,TRUE
Acropora pulchra,FUN_005661,3,TRUE,TRUE
Acropora pulchra,FUN_005663,4,TRUE,TRUE
Acropora pulchra,FUN_005668,4,TRUE,TRUE
Acropora pulchra,FUN_005670,3,TRUE,TRUE
Acropora pulchra,FUN_005671,4,TRUE,TRUE
Acropora pulchra,FUN_005692,3,TRUE,TRUE
Acropora pulchra,FUN_005711,2,TRUE,TRUE
Acropora pulchra,FUN_005778,2,TRUE,TRUE
Acropora pulchra,FUN_005791,2,TRUE,TRUE
Acropora pulchra,FUN_005844,4,TRUE,TRUE
Acropora pulchra,FUN_005855,2,TRUE,TRUE
Acropora pulchra,FUN_005876,3,TRUE,TRUE
Acropora pulchra,FUN_005926,3,TRUE,TRUE
Acropora pulchra,FUN_005937,2,TRUE,TRUE
Acropora pulchra,FUN_005946,2,TRUE,TRUE
Acropora pulchra,FUN_006019,3,TRUE,TRUE
Acropora pulchra,FUN_006020,4,TRUE,TRUE
Acropora pulchra,FUN_006024,2,TRUE,TRUE
Acropora pulchra,FUN_006028,3,TRUE,TRUE
Acropora pulchra,FUN_006032,4,TRUE,TRUE
Acropora pulchra,FUN_006072,2,TRUE,TRUE
Acropora pulchra,FUN_006080,3,TRUE,TRUE
Acropora pulchra,FUN_006137,2,TRUE,TRUE
Acropora pulchra,FUN_006154,4,TRUE,TRUE
Acropora pulchra,FUN_006190,3,TRUE,TRUE
Acropora pulchra,FUN_006234,2,TRUE,TRUE
Acropora pulchra,FUN_006315,2,TRUE,TRUE
Acropora pulchra,FUN_006340,3,TRUE,TRUE
Acropora pulchra,FUN_006389,2,TRUE,TRUE
Acropora pulchra,FUN_006451,4,TRUE,TRUE
Acropora pulchra,FUN_006452,2,TRUE,TRUE
Acropora pulchra,FUN_006496,2,TRUE,TRUE
Acropora pulchra,FUN_006497,2,TRUE,TRUE
Acropora pulchra,FUN_006761,3,TRUE,TRUE
Acropora pulchra,FUN_007038,4,TRUE,TRUE
Acropora pulchra,FUN_007039,2,TRUE,TRUE
Acropora pulchra,FUN_007048,2,TRUE,TRUE
Acropora pulchra,FUN_007277,2,TRUE,TRUE
Acropora pulchra,FUN_007328,2,TRUE,TRUE
Acropora pulchra,FUN_007567,3,TRUE,TRUE
Acropora pulchra,FUN_007569,2,TRUE,TRUE
Acropora pulchra,FUN_007583,3,TRUE,TRUE
Acropora pulchra,FUN_007593,3,TRUE,TRUE
Acropora pulchra,FUN_007609,4,TRUE,TRUE
Acropora pulchra,FUN_007614,2,TRUE,TRUE
Acropora pulchra,FUN_007637,2,TRUE,TRUE
Acropora pulchra,FUN_007650,4,TRUE,TRUE
Acropora pulchra,FUN_007713,2,TRUE,TRUE
Acropora pulchra,FUN_007742,3,TRUE,TRUE
Acropora pulchra,FUN_007745,4,TRUE,TRUE
Acropora pulchra,FUN_008162,3,TRUE,TRUE
Acropora pulchra,FUN_008380,3,TRUE,TRUE
Acropora pulchra,FUN_008586,4,TRUE,TRUE
Acropora pulchra,FUN_008587,4,TRUE,TRUE
Acropora pulchra,FUN_008597,3,TRUE,TRUE
Acropora pulchra,FUN_008600,4,TRUE,TRUE
Acropora pulchra,FUN_008626,4,TRUE,TRUE
Acropora pulchra,FUN_008690,2,TRUE,TRUE
Acropora pulchra,FUN_008777,3,TRUE,TRUE
Acropora pulchra,FUN_008822,2,TRUE,TRUE
Acropora pulchra,FUN_008825,4,TRUE,TRUE
Acropora pulchra,FUN_008837,2,TRUE,TRUE
Acropora pulchra,FUN_008982,3,TRUE,TRUE
Acropora pulchra,FUN_009029,2,TRUE,TRUE
Acropora pulchra,FUN_009030,4,TRUE,TRUE
Acropora pulchra,FUN_009064,2,TRUE,TRUE
Acropora pulchra,FUN_009065,4,TRUE,TRUE
Acropora pulchra,FUN_009086,4,TRUE,TRUE
Acropora pulchra,FUN_009092,2,TRUE,TRUE
Acropora pulchra,FUN_009158,2,TRUE,TRUE
Acropora pulchra,FUN_009172,2,TRUE,TRUE
Acropora pulchra,FUN_009226,2,TRUE,TRUE
Acropora pulchra,FUN_009252,2,TRUE,TRUE
Acropora pulchra,FUN_009451,2,TRUE,TRUE
Acropora pulchra,FUN_009471,2,TRUE,TRUE
Acropora pulchra,FUN_009496,4,TRUE,TRUE
Acropora pulchra,FUN_009594,4,TRUE,TRUE
Acropora pulchra,FUN_009596,3,TRUE,TRUE
Acropora pulchra,FUN_009685,3,TRUE,TRUE
Acropora pulchra,FUN_009701,2,TRUE,TRUE
Acropora pulchra,FUN_009740,2,TRUE,TRUE
Acropora pulchra,FUN_009742,3,TRUE,TRUE
Acropora pulchra,FUN_009743,4,TRUE,TRUE
Acropora pulchra,FUN_009749,4,TRUE,TRUE
Acropora pulchra,FUN_009789,4,TRUE,TRUE
Acropora pulchra,FUN_009814,3,TRUE,TRUE
Acropora pulchra,FUN_009879,4,TRUE,TRUE
Acropora pulchra,FUN_009880,3,TRUE,TRUE
Acropora pulchra,FUN_009915,4,TRUE,TRUE
Acropora pulchra,FUN_009958,2,TRUE,TRUE
Acropora pulchra,FUN_010040,2,TRUE,TRUE
Acropora pulchra,FUN_010057,3,TRUE,TRUE
Acropora pulchra,FUN_010073,3,TRUE,TRUE
Acropora pulchra,FUN_010094,2,TRUE,TRUE
Acropora pulchra,FUN_010111,2,TRUE,TRUE
Acropora pulchra,FUN_010152,2,TRUE,TRUE
Acropora pulchra,FUN_010156,2,TRUE,TRUE
Acropora pulchra,FUN_010162,2,TRUE,TRUE
Acropora pulchra,FUN_010164,3,TRUE,TRUE
Acropora pulchra,FUN_010501,2,TRUE,TRUE
Acropora pulchra,FUN_010650,2,TRUE,TRUE
Acropora pulchra,FUN_010857,4,TRUE,TRUE
Acropora pulchra,FUN_010892,4,TRUE,TRUE
Acropora pulchra,FUN_011062,4,TRUE,TRUE
Acropora pulchra,FUN_011197,3,TRUE,TRUE
Acropora pulchra,FUN_011203,2,TRUE,TRUE
Acropora pulchra,FUN_011229,4,TRUE,TRUE
Acropora pulchra,FUN_011244,3,TRUE,TRUE
Acropora pulchra,FUN_011265,3,TRUE,TRUE
Acropora pulchra,FUN_011360,3,TRUE,TRUE
Acropora pulchra,FUN_011425,2,TRUE,TRUE
Acropora pulchra,FUN_011506,3,TRUE,TRUE
Acropora pulchra,FUN_011512,4,TRUE,TRUE
Acropora pulchra,FUN_011598,3,TRUE,TRUE
Acropora pulchra,FUN_011621,3,TRUE,TRUE
Acropora pulchra,FUN_011632,2,TRUE,TRUE
Acropora pulchra,FUN_011653,3,TRUE,TRUE
Acropora pulchra,FUN_012053,3,TRUE,TRUE
Acropora pulchra,FUN_012133,3,TRUE,TRUE
Acropora pulchra,FUN_012148,2,TRUE,TRUE
Acropora pulchra,FUN_012198,3,TRUE,TRUE
Acropora pulchra,FUN_012206,2,TRUE,TRUE
Acropora pulchra,FUN_012210,2,TRUE,TRUE
Acropora pulchra,FUN_012220,4,TRUE,TRUE
Acropora pulchra,FUN_012249,3,TRUE,TRUE
Acropora pulchra,FUN_012559,4,TRUE,TRUE
Acropora pulchra,FUN_012574,3,TRUE,TRUE
Acropora pulchra,FUN_012576,3,TRUE,TRUE
Acropora pulchra,FUN_012577,3,TRUE,TRUE
Acropora pulchra,FUN_012615,3,TRUE,TRUE
Acropora pulchra,FUN_012620,4,TRUE,TRUE
Acropora pulchra,FUN_012647,2,TRUE,TRUE
Acropora pulchra,FUN_012760,2,TRUE,TRUE
Acropora pulchra,FUN_012797,2,TRUE,TRUE
Acropora pulchra,FUN_012815,2,TRUE,TRUE
Acropora pulchra,FUN_012819,2,TRUE,TRUE
Acropora pulchra,FUN_012837,2,TRUE,TRUE
Acropora pulchra,FUN_012888,2,TRUE,TRUE
Acropora pulchra,FUN_012922,3,TRUE,TRUE
Acropora pulchra,FUN_012929,3,TRUE,TRUE
Acropora pulchra,FUN_012933,3,TRUE,TRUE
Acropora pulchra,FUN_012946,3,TRUE,TRUE
Acropora pulchra,FUN_012989,3,TRUE,TRUE
Acropora pulchra,FUN_012992,4,TRUE,TRUE
Acropora pulchra,FUN_013016,2,TRUE,TRUE
Acropora pulchra,FUN_013063,4,TRUE,TRUE
Acropora pulchra,FUN_013124,3,TRUE,TRUE
Acropora pulchra,FUN_013312,3,TRUE,TRUE
Acropora pulchra,FUN_013432,3,TRUE,TRUE
Acropora pulchra,FUN_013434,4,TRUE,TRUE
Acropora pulchra,FUN_013479,2,TRUE,TRUE
Acropora pulchra,FUN_013526,4,TRUE,TRUE
Acropora pulchra,FUN_013564,2,TRUE,TRUE
Acropora pulchra,FUN_013565,3,TRUE,TRUE
Acropora pulchra,FUN_013566,4,TRUE,TRUE
Acropora pulchra,FUN_013568,2,TRUE,TRUE
Acropora pulchra,FUN_013678,2,TRUE,TRUE
Acropora pulchra,FUN_013717,3,TRUE,TRUE
Acropora pulchra,FUN_013718,3,TRUE,TRUE
Acropora pulchra,FUN_013720,3,TRUE,TRUE
Acropora pulchra,FUN_013721,3,TRUE,TRUE
Acropora pulchra,FUN_013754,4,TRUE,TRUE
Acropora pulchra,FUN_013776,3,TRUE,TRUE
Acropora pulchra,FUN_013779,4,TRUE,TRUE
Acropora pulchra,FUN_013780,4,TRUE,TRUE
Acropora pulchra,FUN_013817,2,TRUE,TRUE
Acropora pulchra,FUN_013875,2,TRUE,TRUE
Acropora pulchra,FUN_013877,3,TRUE,TRUE
Acropora pulchra,FUN_014049,3,TRUE,TRUE
Acropora pulchra,FUN_014067,2,TRUE,TRUE
Acropora pulchra,FUN_014068,4,TRUE,TRUE
Acropora pulchra,FUN_014099,3,TRUE,TRUE
Acropora pulchra,FUN_014144,3,TRUE,TRUE
Acropora pulchra,FUN_014155,2,TRUE,TRUE
Acropora pulchra,FUN_014220,4,TRUE,TRUE
Acropora pulchra,FUN_014228,4,TRUE,TRUE
Acropora pulchra,FUN_014236,2,TRUE,TRUE
Acropora pulchra,FUN_014245,2,TRUE,TRUE
Acropora pulchra,FUN_014278,3,TRUE,TRUE
Acropora pulchra,FUN_014314,4,TRUE,TRUE
Acropora pulchra,FUN_014322,4,TRUE,TRUE
Acropora pulchra,FUN_014344,3,TRUE,TRUE
Acropora pulchra,FUN_014380,3,TRUE,TRUE
Acropora pulchra,FUN_014382,3,TRUE,TRUE
Acropora pulchra,FUN_014387,3,TRUE,TRUE
Acropora pulchra,FUN_014391,3,TRUE,TRUE
Acropora pulchra,FUN_014410,2,TRUE,TRUE
Acropora pulchra,FUN_014414,3,TRUE,TRUE
Acropora pulchra,FUN_014469,3,TRUE,TRUE
Acropora pulchra,FUN_014649,3,TRUE,TRUE
Acropora pulchra,FUN_014828,4,TRUE,TRUE
Acropora pulchra,FUN_014866,3,TRUE,TRUE
Acropora pulchra,FUN_014934,2,TRUE,TRUE
Acropora pulchra,FUN_015048,2,TRUE,TRUE
Acropora pulchra,FUN_015121,3,TRUE,TRUE
Acropora pulchra,FUN_015171,4,TRUE,TRUE
Acropora pulchra,FUN_015205,3,TRUE,TRUE
Acropora pulchra,FUN_015277,3,TRUE,TRUE
Acropora pulchra,FUN_015482,4,TRUE,TRUE
Acropora pulchra,FUN_015489,2,TRUE,TRUE
Acropora pulchra,FUN_015496,4,TRUE,TRUE
Acropora pulchra,FUN_015511,3,TRUE,TRUE
Acropora pulchra,FUN_015516,2,TRUE,TRUE
Acropora pulchra,FUN_015571,3,TRUE,TRUE
Acropora pulchra,FUN_015575,3,TRUE,TRUE
Acropora pulchra,FUN_015697,4,TRUE,TRUE
Acropora pulchra,FUN_015737,3,TRUE,TRUE
Acropora pulchra,FUN_015743,2,TRUE,TRUE
Acropora pulchra,FUN_015746,2,TRUE,TRUE
Acropora pulchra,FUN_015753,3,TRUE,TRUE
Acropora pulchra,FUN_015798,2,TRUE,TRUE
Acropora pulchra,FUN_015826,4,TRUE,TRUE
Acropora pulchra,FUN_015854,2,TRUE,TRUE
Acropora pulchra,FUN_015948,4,TRUE,TRUE
Acropora pulchra,FUN_016221,2,TRUE,TRUE
Acropora pulchra,FUN_016254,2,TRUE,TRUE
Acropora pulchra,FUN_016497,4,TRUE,TRUE
Acropora pulchra,FUN_016748,2,TRUE,TRUE
Acropora pulchra,FUN_016768,3,TRUE,TRUE
Acropora pulchra,FUN_016789,3,TRUE,TRUE
Acropora pulchra,FUN_016790,2,TRUE,TRUE
Acropora pulchra,FUN_016817,4,TRUE,TRUE
Acropora pulchra,FUN_016830,2,TRUE,TRUE
Acropora pulchra,FUN_016841,4,TRUE,TRUE
Acropora pulchra,FUN_016882,4,TRUE,TRUE
Acropora pulchra,FUN_016883,3,TRUE,TRUE
Acropora pulchra,FUN_016884,2,TRUE,TRUE
Acropora pulchra,FUN_016900,2,TRUE,TRUE
Acropora pulchra,FUN_016908,4,TRUE,TRUE
Acropora pulchra,FUN_016910,4,TRUE,TRUE
Acropora pulchra,FUN_016936,2,TRUE,TRUE
Acropora pulchra,FUN_016943,4,TRUE,TRUE
Acropora pulchra,FUN_016961,3,TRUE,TRUE
Acropora pulchra,FUN_017194,2,TRUE,TRUE
Acropora pulchra,FUN_017203,3,TRUE,TRUE
Acropora pulchra,FUN_017208,2,TRUE,TRUE
Acropora pulchra,FUN_017211,3,TRUE,TRUE
Acropora pulchra,FUN_017216,3,TRUE,TRUE
Acropora pulchra,FUN_017238,2,TRUE,TRUE
Acropora pulchra,FUN_017244,3,TRUE,TRUE
Acropora pulchra,FUN_017251,2,TRUE,TRUE
Acropora pulchra,FUN_017264,2,TRUE,TRUE
Acropora pulchra,FUN_017277,3,TRUE,TRUE
Acropora pulchra,FUN_017286,2,TRUE,TRUE
Acropora pulchra,FUN_017287,2,TRUE,TRUE
Acropora pulchra,FUN_017289,2,TRUE,TRUE
Acropora pulchra,FUN_017295,2,TRUE,TRUE
Acropora pulchra,FUN_017301,3,TRUE,TRUE
Acropora pulchra,FUN_017326,4,TRUE,TRUE
Acropora pulchra,FUN_017329,2,TRUE,TRUE
Acropora pulchra,FUN_017613,3,TRUE,TRUE
Acropora pulchra,FUN_017634,3,TRUE,TRUE
Acropora pulchra,FUN_017639,2,TRUE,TRUE
Acropora pulchra,FUN_017642,3,TRUE,TRUE
Acropora pulchra,FUN_017646,4,TRUE,TRUE
Acropora pulchra,FUN_017659,3,TRUE,TRUE
Acropora pulchra,FUN_017660,2,TRUE,TRUE
Acropora pulchra,FUN_017665,4,TRUE,TRUE
Acropora pulchra,FUN_017684,2,TRUE,TRUE
Acropora pulchra,FUN_017688,2,TRUE,TRUE
Acropora pulchra,FUN_017689,4,TRUE,TRUE
Acropora pulchra,FUN_017714,2,TRUE,TRUE
Acropora pulchra,FUN_017717,2,TRUE,TRUE
Acropora pulchra,FUN_017747,3,TRUE,TRUE
Acropora pulchra,FUN_017962,3,TRUE,TRUE
Acropora pulchra,FUN_017968,4,TRUE,TRUE
Acropora pulchra,FUN_018039,4,TRUE,TRUE
Acropora pulchra,FUN_018175,3,TRUE,TRUE
Acropora pulchra,FUN_018189,4,TRUE,TRUE
Acropora pulchra,FUN_018224,3,TRUE,TRUE
Acropora pulchra,FUN_018259,3,TRUE,TRUE
Acropora pulchra,FUN_018295,4,TRUE,TRUE
Acropora pulchra,FUN_018321,2,TRUE,TRUE
Acropora pulchra,FUN_018329,2,TRUE,TRUE
Acropora pulchra,FUN_018406,2,TRUE,TRUE
Acropora pulchra,FUN_018472,3,TRUE,TRUE
Acropora pulchra,FUN_018602,2,TRUE,TRUE
Acropora pulchra,FUN_018603,2,TRUE,TRUE
Acropora pulchra,FUN_018609,3,TRUE,TRUE
Acropora pulchra,FUN_018636,2,TRUE,TRUE
Acropora pulchra,FUN_018643,2,TRUE,TRUE
Acropora pulchra,FUN_018647,2,TRUE,TRUE
Acropora pulchra,FUN_018654,2,TRUE,TRUE
Acropora pulchra,FUN_018672,3,TRUE,TRUE
Acropora pulchra,FUN_018759,4,TRUE,TRUE
Acropora pulchra,FUN_018801,3,TRUE,TRUE
Acropora pulchra,FUN_018809,2,TRUE,TRUE
Acropora pulchra,FUN_018814,4,TRUE,TRUE
Acropora pulchra,FUN_018868,2,TRUE,TRUE
Acropora pulchra,FUN_018895,2,TRUE,TRUE
Acropora pulchra,FUN_018944,2,TRUE,TRUE
Acropora pulchra,FUN_018985,3,TRUE,TRUE
Acropora pulchra,FUN_019006,4,TRUE,TRUE
Acropora pulchra,FUN_019046,3,TRUE,TRUE
Acropora pulchra,FUN_019063,3,TRUE,TRUE
Acropora pulchra,FUN_019072,2,TRUE,TRUE
Acropora pulchra,FUN_019077,2,TRUE,TRUE
Acropora pulchra,FUN_019078,3,TRUE,TRUE
Acropora pulchra,FUN_019084,3,TRUE,TRUE
Acropora pulchra,FUN_019088,2,TRUE,TRUE
Acropora pulchra,FUN_019214,2,TRUE,TRUE
Acropora pulchra,FUN_019263,4,TRUE,TRUE
Acropora pulchra,FUN_019310,3,TRUE,TRUE
Acropora pulchra,FUN_019370,2,TRUE,TRUE
Acropora pulchra,FUN_019375,2,TRUE,TRUE
Acropora pulchra,FUN_019400,2,TRUE,TRUE
Acropora pulchra,FUN_019453,3,TRUE,TRUE
Acropora pulchra,FUN_019461,4,TRUE,TRUE
Acropora pulchra,FUN_019462,4,TRUE,TRUE
Acropora pulchra,FUN_019487,4,TRUE,TRUE
Acropora pulchra,FUN_019491,3,TRUE,TRUE
Acropora pulchra,FUN_019567,2,TRUE,TRUE
Acropora pulchra,FUN_019585,4,TRUE,TRUE
Acropora pulchra,FUN_019596,2,TRUE,TRUE
Acropora pulchra,FUN_019724,3,TRUE,TRUE
Acropora pulchra,FUN_019761,2,TRUE,TRUE
Acropora pulchra,FUN_019867,2,TRUE,TRUE
Acropora pulchra,FUN_019877,3,TRUE,TRUE
Acropora pulchra,FUN_020012,2,TRUE,TRUE
Acropora pulchra,FUN_020025,3,TRUE,TRUE
Acropora pulchra,FUN_020092,2,TRUE,TRUE
Acropora pulchra,FUN_020597,4,TRUE,TRUE
Acropora pulchra,FUN_020737,2,TRUE,TRUE
Acropora pulchra,FUN_020750,2,TRUE,TRUE
Acropora pulchra,FUN_020769,2,TRUE,TRUE
Acropora pulchra,FUN_020805,4,TRUE,TRUE
Acropora pulchra,FUN_020816,3,TRUE,TRUE
Acropora pulchra,FUN_020818,3,TRUE,TRUE
Acropora pulchra,FUN_020831,2,TRUE,TRUE
Acropora pulchra,FUN_020871,4,TRUE,TRUE
Acropora pulchra,FUN_020878,3,TRUE,TRUE
Acropora pulchra,FUN_020885,3,TRUE,TRUE
Acropora pulchra,FUN_020887,2,TRUE,TRUE
Acropora pulchra,FUN_020900,2,TRUE,TRUE
Acropora pulchra,FUN_020904,3,TRUE,TRUE
Acropora pulchra,FUN_020905,2,TRUE,TRUE
Acropora pulchra,FUN_020912,3,TRUE,TRUE
Acropora pulchra,FUN_020917,3,TRUE,TRUE
Acropora pulchra,FUN_020933,3,TRUE,TRUE
Acropora pulchra,FUN_020958,3,TRUE,TRUE
Acropora pulchra,FUN_020998,4,TRUE,TRUE
Acropora pulchra,FUN_020999,4,TRUE,TRUE
Acropora pulchra,FUN_021071,2,TRUE,TRUE
Acropora pulchra,FUN_021075,2,TRUE,TRUE
Acropora pulchra,FUN_021080,3,TRUE,TRUE
Acropora pulchra,FUN_021085,2,TRUE,TRUE
Acropora pulchra,FUN_021090,3,TRUE,TRUE
Acropora pulchra,FUN_021116,3,TRUE,TRUE
Acropora pulchra,FUN_021142,3,TRUE,TRUE
Acropora pulchra,FUN_021173,3,TRUE,TRUE
Acropora pulchra,FUN_021180,2,TRUE,TRUE
Acropora pulchra,FUN_021191,3,TRUE,TRUE
Acropora pulchra,FUN_021793,3,TRUE,TRUE
Acropora pulchra,FUN_021828,3,TRUE,TRUE
Acropora pulchra,FUN_021834,3,TRUE,TRUE
Acropora pulchra,FUN_021936,4,TRUE,TRUE
Acropora pulchra,FUN_021944,2,TRUE,TRUE
Acropora pulchra,FUN_021975,3,TRUE,TRUE
Acropora pulchra,FUN_021980,3,TRUE,TRUE
Acropora pulchra,FUN_021984,4,TRUE,TRUE
Acropora pulchra,FUN_022023,2,TRUE,TRUE
Acropora pulchra,FUN_022062,3,TRUE,TRUE
Acropora pulchra,FUN_022100,3,TRUE,TRUE
Acropora pulchra,FUN_022139,3,TRUE,TRUE
Acropora pulchra,FUN_022142,3,TRUE,TRUE
Acropora pulchra,FUN_022360,3,TRUE,TRUE
Acropora pulchra,FUN_022381,4,TRUE,TRUE
Acropora pulchra,FUN_022399,3,TRUE,TRUE
Acropora pulchra,FUN_022460,2,TRUE,TRUE
Acropora pulchra,FUN_022555,4,TRUE,TRUE
Acropora pulchra,FUN_022680,4,TRUE,TRUE
Acropora pulchra,FUN_022884,4,TRUE,TRUE
Acropora pulchra,FUN_022885,4,TRUE,TRUE
Acropora pulchra,FUN_022973,3,TRUE,TRUE
Acropora pulchra,FUN_023030,4,TRUE,TRUE
Acropora pulchra,FUN_023148,3,TRUE,TRUE
Acropora pulchra,FUN_023385,2,TRUE,TRUE
Acropora pulchra,FUN_023425,4,TRUE,TRUE
Acropora pulchra,FUN_023460,2,TRUE,TRUE
Acropora pulchra,FUN_023463,4,TRUE,TRUE
Acropora pulchra,FUN_023490,4,TRUE,TRUE
Acropora pulchra,FUN_023536,4,TRUE,TRUE
Acropora pulchra,FUN_023540,4,TRUE,TRUE
Acropora pulchra,FUN_023541,4,TRUE,TRUE
Acropora pulchra,FUN_023678,4,TRUE,TRUE
Acropora pulchra,FUN_023776,2,TRUE,TRUE
Acropora pulchra,FUN_023841,2,TRUE,TRUE
Acropora pulchra,FUN_023843,3,TRUE,TRUE
Acropora pulchra,FUN_023854,3,TRUE,TRUE
Acropora pulchra,FUN_023876,2,TRUE,TRUE
Acropora pulchra,FUN_023905,2,TRUE,TRUE
Acropora pulchra,FUN_023910,2,TRUE,TRUE
Acropora pulchra,FUN_024227,4,TRUE,TRUE
Acropora pulchra,FUN_024580,2,TRUE,TRUE
Acropora pulchra,FUN_024586,3,TRUE,TRUE
Acropora pulchra,FUN_024638,4,TRUE,TRUE
Acropora pulchra,FUN_024654,2,TRUE,TRUE
Acropora pulchra,FUN_024728,3,TRUE,TRUE
Acropora pulchra,FUN_024791,4,TRUE,TRUE
Acropora pulchra,FUN_024822,2,TRUE,TRUE
Acropora pulchra,FUN_024829,3,TRUE,TRUE
Acropora pulchra,FUN_024835,3,TRUE,TRUE
Acropora pulchra,FUN_024838,4,TRUE,TRUE
Acropora pulchra,FUN_024855,2,TRUE,TRUE
Acropora pulchra,FUN_024880,2,TRUE,TRUE
Acropora pulchra,FUN_024917,2,TRUE,TRUE
Acropora pulchra,FUN_024954,2,TRUE,TRUE
Acropora pulchra,FUN_024964,3,TRUE,TRUE
Acropora pulchra,FUN_024969,3,TRUE,TRUE
Acropora pulchra,FUN_024978,3,TRUE,TRUE
Acropora pulchra,FUN_024987,3,TRUE,TRUE
Acropora pulchra,FUN_025037,3,TRUE,TRUE
Acropora pulchra,FUN_025127,2,TRUE,TRUE
Acropora pulchra,FUN_025142,4,TRUE,TRUE
Acropora pulchra,FUN_025148,4,TRUE,TRUE
Acropora pulchra,FUN_025274,4,TRUE,TRUE
Acropora pulchra,FUN_025286,4,TRUE,TRUE
Acropora pulchra,FUN_025287,4,TRUE,TRUE
Acropora pulchra,FUN_025417,2,TRUE,TRUE
Acropora pulchra,FUN_025470,3,TRUE,TRUE
Acropora pulchra,FUN_025489,3,TRUE,TRUE
Acropora pulchra,FUN_025892,3,TRUE,TRUE
Acropora pulchra,FUN_026237,2,TRUE,TRUE
Acropora pulchra,FUN_026251,3,TRUE,TRUE
Acropora pulchra,FUN_026253,3,TRUE,TRUE
Acropora pulchra,FUN_026285,3,TRUE,TRUE
Acropora pulchra,FUN_026360,4,TRUE,TRUE
Acropora pulchra,FUN_026381,2,TRUE,TRUE
Acropora pulchra,FUN_026434,3,TRUE,TRUE
Acropora pulchra,FUN_026461,3,TRUE,TRUE
Acropora pulchra,FUN_026736,3,TRUE,TRUE
Acropora pulchra,FUN_026746,3,TRUE,TRUE
Acropora pulchra,FUN_026776,2,TRUE,TRUE
Acropora pulchra,FUN_026781,2,TRUE,TRUE
Acropora pulchra,FUN_026858,3,TRUE,TRUE
Acropora pulchra,FUN_026871,2,TRUE,TRUE
Acropora pulchra,FUN_026885,3,TRUE,TRUE
Acropora pulchra,FUN_026911,3,TRUE,TRUE
Acropora pulchra,FUN_026923,2,TRUE,TRUE
Acropora pulchra,FUN_027160,2,TRUE,TRUE
Acropora pulchra,FUN_027161,3,TRUE,TRUE
Acropora pulchra,FUN_027172,2,TRUE,TRUE
Acropora pulchra,FUN_027199,2,TRUE,TRUE
Acropora pulchra,FUN_027237,4,TRUE,TRUE
Acropora pulchra,FUN_027239,2,TRUE,TRUE
Acropora pulchra,FUN_027335,2,TRUE,TRUE
Acropora pulchra,FUN_027350,3,TRUE,TRUE
Acropora pulchra,FUN_027419,3,TRUE,TRUE
Acropora pulchra,FUN_027447,2,TRUE,TRUE
Acropora pulchra,FUN_027472,2,TRUE,TRUE
Acropora pulchra,FUN_027535,2,TRUE,TRUE
Acropora pulchra,FUN_027612,3,TRUE,TRUE
Acropora pulchra,FUN_027633,2,TRUE,TRUE
Acropora pulchra,FUN_027703,4,TRUE,TRUE
Acropora pulchra,FUN_027711,2,TRUE,TRUE
Acropora pulchra,FUN_027713,4,TRUE,TRUE
Acropora pulchra,FUN_027742,3,TRUE,TRUE
Acropora pulchra,FUN_027870,4,TRUE,TRUE
Acropora pulchra,FUN_027883,4,TRUE,TRUE
Acropora pulchra,FUN_028183,2,TRUE,TRUE
Acropora pulchra,FUN_028196,4,TRUE,TRUE
Acropora pulchra,FUN_028265,2,TRUE,TRUE
Acropora pulchra,FUN_028268,3,TRUE,TRUE
Acropora pulchra,FUN_028305,3,TRUE,TRUE
Acropora pulchra,FUN_028311,4,TRUE,TRUE
Acropora pulchra,FUN_028358,2,TRUE,TRUE
Acropora pulchra,FUN_028361,4,TRUE,TRUE
Acropora pulchra,FUN_028375,3,TRUE,TRUE
Acropora pulchra,FUN_028382,4,TRUE,TRUE
Acropora pulchra,FUN_028385,2,TRUE,TRUE
Acropora pulchra,FUN_028409,4,TRUE,TRUE
Acropora pulchra,FUN_028430,4,TRUE,TRUE
Acropora pulchra,FUN_028431,4,TRUE,TRUE
Acropora pulchra,FUN_028432,4,TRUE,TRUE
Acropora pulchra,FUN_028435,4,TRUE,TRUE
Acropora pulchra,FUN_028517,3,TRUE,TRUE
Acropora pulchra,FUN_028518,4,TRUE,TRUE
Acropora pulchra,FUN_028532,2,TRUE,TRUE
Acropora pulchra,FUN_028569,2,TRUE,TRUE
Acropora pulchra,FUN_028578,3,TRUE,TRUE
Acropora pulchra,FUN_028608,3,TRUE,TRUE
Acropora pulchra,FUN_028614,4,TRUE,TRUE
Acropora pulchra,FUN_028658,2,TRUE,TRUE
Acropora pulchra,FUN_028669,2,TRUE,TRUE
Acropora pulchra,FUN_028740,3,TRUE,TRUE
Acropora pulchra,FUN_028743,3,TRUE,TRUE
Acropora pulchra,FUN_028744,3,TRUE,TRUE
Acropora pulchra,FUN_028747,4,TRUE,TRUE
Acropora pulchra,FUN_028796,2,TRUE,TRUE
Acropora pulchra,FUN_028805,4,TRUE,TRUE
Acropora pulchra,FUN_028928,3,TRUE,TRUE
Acropora pulchra,FUN_029005,2,TRUE,TRUE
Acropora pulchra,FUN_029143,4,TRUE,TRUE
Acropora pulchra,FUN_029456,4,TRUE,TRUE
Acropora pulchra,FUN_029457,4,TRUE,TRUE
Acropora pulchra,FUN_029500,3,TRUE,TRUE
Acropora pulchra,FUN_029651,2,TRUE,TRUE
Acropora pulchra,FUN_029661,3,TRUE,TRUE
Acropora pulchra,FUN_029693,4,TRUE,TRUE
Acropora pulchra,FUN_029915,2,TRUE,TRUE
Acropora pulchra,FUN_029920,4,TRUE,TRUE
Acropora pulchra,FUN_029925,2,TRUE,TRUE
Acropora pulchra,FUN_029928,2,TRUE,TRUE
Acropora pulchra,FUN_029942,3,TRUE,TRUE
Acropora pulchra,FUN_029964,3,TRUE,TRUE
Acropora pulchra,FUN_029967,2,TRUE,TRUE
Acropora pulchra,FUN_029969,4,TRUE,TRUE
Acropora pulchra,FUN_029982,2,TRUE,TRUE
Acropora pulchra,FUN_030007,2,TRUE,TRUE
Acropora pulchra,FUN_030015,4,TRUE,TRUE
Acropora pulchra,FUN_030034,3,TRUE,TRUE
Acropora pulchra,FUN_030141,2,TRUE,TRUE
Acropora pulchra,FUN_030158,4,TRUE,TRUE
Acropora pulchra,FUN_030235,3,TRUE,TRUE
Acropora pulchra,FUN_030237,2,TRUE,TRUE
Acropora pulchra,FUN_030318,2,TRUE,TRUE
Acropora pulchra,FUN_030334,2,TRUE,TRUE
Acropora pulchra,FUN_030348,2,TRUE,TRUE
Acropora pulchra,FUN_030356,2,TRUE,TRUE
Acropora pulchra,FUN_030409,3,TRUE,TRUE
Acropora pulchra,FUN_030413,3,TRUE,TRUE
Acropora pulchra,FUN_030424,3,TRUE,TRUE
Acropora pulchra,FUN_030426,3,TRUE,TRUE
Acropora pulchra,FUN_030432,3,TRUE,TRUE
Acropora pulchra,FUN_030446,4,TRUE,TRUE
Acropora pulchra,FUN_030448,3,TRUE,TRUE
Acropora pulchra,FUN_030452,2,TRUE,TRUE
Acropora pulchra,FUN_030458,3,TRUE,TRUE
Acropora pulchra,FUN_030461,2,TRUE,TRUE
Acropora pulchra,FUN_030463,3,TRUE,TRUE
Acropora pulchra,FUN_030477,2,TRUE,TRUE
Acropora pulchra,FUN_030481,2,TRUE,TRUE
Acropora pulchra,FUN_030483,2,TRUE,TRUE
Acropora pulchra,FUN_030515,3,TRUE,TRUE
Acropora pulchra,FUN_030526,2,TRUE,TRUE
Acropora pulchra,FUN_030534,3,TRUE,TRUE
Acropora pulchra,FUN_030551,3,TRUE,TRUE
Acropora pulchra,FUN_030553,2,TRUE,TRUE
Acropora pulchra,FUN_030554,3,TRUE,TRUE
Acropora pulchra,FUN_030571,3,TRUE,TRUE
Acropora pulchra,FUN_030595,2,TRUE,TRUE
Acropora pulchra,FUN_030637,3,TRUE,TRUE
Acropora pulchra,FUN_030698,3,TRUE,TRUE
Acropora pulchra,FUN_030728,2,TRUE,TRUE
Acropora pulchra,FUN_030732,3,TRUE,TRUE
Acropora pulchra,FUN_030864,2,TRUE,TRUE
Acropora pulchra,FUN_030894,2,TRUE,TRUE
Acropora pulchra,FUN_030904,3,TRUE,TRUE
Acropora pulchra,FUN_030993,4,TRUE,TRUE
Acropora pulchra,FUN_031010,3,TRUE,TRUE
Acropora pulchra,FUN_031015,4,TRUE,TRUE
Acropora pulchra,FUN_031175,3,TRUE,TRUE
Acropora pulchra,FUN_031224,4,TRUE,TRUE
Acropora pulchra,FUN_031247,2,TRUE,TRUE
Acropora pulchra,FUN_031312,4,TRUE,TRUE
Acropora pulchra,FUN_031351,3,TRUE,TRUE
Acropora pulchra,FUN_031430,3,TRUE,TRUE
Acropora pulchra,FUN_031434,3,TRUE,TRUE
Acropora pulchra,FUN_031478,2,TRUE,TRUE
Acropora pulchra,FUN_031613,2,TRUE,TRUE
Acropora pulchra,FUN_031772,4,TRUE,TRUE
Acropora pulchra,FUN_031788,2,TRUE,TRUE
Acropora pulchra,FUN_031822,2,TRUE,TRUE
Acropora pulchra,FUN_031823,4,TRUE,TRUE
Acropora pulchra,FUN_032376,2,TRUE,TRUE
Acropora pulchra,FUN_032658,4,TRUE,TRUE
Acropora pulchra,FUN_032744,4,TRUE,TRUE
Acropora pulchra,FUN_032769,3,TRUE,TRUE
Acropora pulchra,FUN_032859,3,TRUE,TRUE
Acropora pulchra,FUN_032872,4,TRUE,TRUE
Acropora pulchra,FUN_032880,4,TRUE,TRUE
Acropora pulchra,FUN_032899,2,TRUE,TRUE
Acropora pulchra,FUN_032939,4,TRUE,TRUE
Acropora pulchra,FUN_032941,4,TRUE,TRUE
Acropora pulchra,FUN_032948,2,TRUE,TRUE
Acropora pulchra,FUN_032956,3,TRUE,TRUE
Acropora pulchra,FUN_032968,4,TRUE,TRUE
Acropora pulchra,FUN_032997,3,TRUE,TRUE
Acropora pulchra,FUN_033074,4,TRUE,TRUE
Acropora pulchra,FUN_033079,2,TRUE,TRUE
Acropora pulchra,FUN_033087,4,TRUE,TRUE
Acropora pulchra,FUN_033132,3,TRUE,TRUE
Acropora pulchra,FUN_033133,4,TRUE,TRUE
Acropora pulchra,FUN_033142,3,TRUE,TRUE
Acropora pulchra,FUN_033182,4,TRUE,TRUE
Acropora pulchra,FUN_033235,3,TRUE,TRUE
Acropora pulchra,FUN_033501,2,TRUE,TRUE
Acropora pulchra,FUN_033534,2,TRUE,TRUE
Acropora pulchra,FUN_033585,2,TRUE,TRUE
Acropora pulchra,FUN_033622,2,TRUE,TRUE
Acropora pulchra,FUN_033629,2,TRUE,TRUE
Acropora pulchra,FUN_033636,2,TRUE,TRUE
Acropora pulchra,FUN_033651,4,TRUE,TRUE
Acropora pulchra,FUN_033973,2,TRUE,TRUE
Acropora pulchra,FUN_034027,4,TRUE,TRUE
Acropora pulchra,FUN_034052,3,TRUE,TRUE
Acropora pulchra,FUN_034086,3,TRUE,TRUE
Acropora pulchra,FUN_034358,2,TRUE,TRUE
Acropora pulchra,FUN_034602,3,TRUE,TRUE
Acropora pulchra,FUN_034613,4,TRUE,TRUE
Acropora pulchra,FUN_034658,3,TRUE,TRUE
Acropora pulchra,FUN_034664,4,TRUE,TRUE
Acropora pulchra,FUN_034669,2,TRUE,TRUE
Acropora pulchra,FUN_034745,3,TRUE,TRUE
Acropora pulchra,FUN_034765,4,TRUE,TRUE
Acropora pulchra,FUN_034928,2,TRUE,TRUE
Acropora pulchra,FUN_035042,4,TRUE,TRUE
Acropora pulchra,FUN_035112,4,TRUE,TRUE
Acropora pulchra,FUN_035287,3,TRUE,TRUE
Acropora pulchra,FUN_035316,2,TRUE,TRUE
Acropora pulchra,FUN_035475,3,TRUE,TRUE
Acropora pulchra,FUN_035617,2,TRUE,TRUE
Acropora pulchra,FUN_035793,4,TRUE,TRUE
Acropora pulchra,FUN_035919,3,TRUE,TRUE
Acropora pulchra,FUN_035994,3,TRUE,TRUE
Acropora pulchra,FUN_036153,3,TRUE,TRUE
Acropora pulchra,FUN_036170,4,TRUE,TRUE
Acropora pulchra,FUN_036226,4,TRUE,TRUE
Acropora pulchra,FUN_036250,2,TRUE,TRUE
Acropora pulchra,FUN_036308,3,TRUE,TRUE
Acropora pulchra,FUN_036429,2,TRUE,TRUE
Acropora pulchra,FUN_036443,3,TRUE,TRUE
Acropora pulchra,FUN_036487,4,TRUE,TRUE
Acropora pulchra,FUN_036525,3,TRUE,TRUE
Acropora pulchra,FUN_036528,4,TRUE,TRUE
Acropora pulchra,FUN_036557,4,TRUE,TRUE
Acropora pulchra,FUN_036568,2,TRUE,TRUE
Acropora pulchra,FUN_036600,2,TRUE,TRUE
Acropora pulchra,FUN_036621,3,TRUE,TRUE
Acropora pulchra,FUN_036677,4,TRUE,TRUE
Acropora pulchra,FUN_036687,2,TRUE,TRUE
Acropora pulchra,FUN_036741,3,TRUE,TRUE
Acropora pulchra,FUN_036743,4,TRUE,TRUE
Acropora pulchra,FUN_036770,2,TRUE,TRUE
Acropora pulchra,FUN_036819,3,TRUE,TRUE
Acropora pulchra,FUN_036838,3,TRUE,TRUE
Acropora pulchra,FUN_036839,2,TRUE,TRUE
Acropora pulchra,FUN_036861,2,TRUE,TRUE
Acropora pulchra,FUN_036936,4,TRUE,TRUE
Acropora pulchra,FUN_036944,3,TRUE,TRUE
Acropora pulchra,FUN_036954,2,TRUE,TRUE
Acropora pulchra,FUN_037024,3,TRUE,TRUE
Acropora pulchra,FUN_037025,4,TRUE,TRUE
Acropora pulchra,FUN_037242,2,TRUE,TRUE
Acropora pulchra,FUN_037257,3,TRUE,TRUE
Acropora pulchra,FUN_037268,3,TRUE,TRUE
Acropora pulchra,FUN_037338,4,TRUE,TRUE
Acropora pulchra,FUN_037388,3,TRUE,TRUE
Acropora pulchra,FUN_037436,4,TRUE,TRUE
Acropora pulchra,FUN_037720,2,TRUE,TRUE
Acropora pulchra,FUN_037829,2,TRUE,TRUE
Acropora pulchra,FUN_037883,2,TRUE,TRUE
Acropora pulchra,FUN_038076,4,TRUE,TRUE
Acropora pulchra,FUN_038599,3,TRUE,TRUE
Acropora pulchra,FUN_038664,3,TRUE,TRUE
Acropora pulchra,FUN_038675,3,TRUE,TRUE
Acropora pulchra,FUN_038778,3,TRUE,TRUE
Acropora pulchra,FUN_038837,4,TRUE,TRUE
Acropora pulchra,FUN_038844,2,TRUE,TRUE
Acropora pulchra,FUN_038859,3,TRUE,TRUE
Acropora pulchra,FUN_038860,2,TRUE,TRUE
Acropora pulchra,FUN_038871,4,TRUE,TRUE
Acropora pulchra,FUN_038878,2,TRUE,TRUE
Acropora pulchra,FUN_038905,3,TRUE,TRUE
Acropora pulchra,FUN_038910,2,TRUE,TRUE
Acropora pulchra,FUN_038953,3,TRUE,TRUE
Acropora pulchra,FUN_038992,2,TRUE,TRUE
Acropora pulchra,FUN_039023,2,TRUE,TRUE
Acropora pulchra,FUN_039025,4,TRUE,TRUE
Acropora pulchra,FUN_039098,4,TRUE,TRUE
Acropora pulchra,FUN_039126,3,TRUE,TRUE
Acropora pulchra,FUN_039139,3,TRUE,TRUE
Acropora pulchra,FUN_039146,2,TRUE,TRUE
Acropora pulchra,FUN_039174,4,TRUE,TRUE
Acropora pulchra,FUN_039214,4,TRUE,TRUE
Acropora pulchra,FUN_039219,2,TRUE,TRUE
Acropora pulchra,FUN_039256,2,TRUE,TRUE
Acropora pulchra,FUN_039308,4,TRUE,TRUE
Acropora pulchra,FUN_039404,3,TRUE,TRUE
Acropora pulchra,FUN_039520,4,TRUE,TRUE
Acropora pulchra,FUN_039546,3,TRUE,TRUE
Acropora pulchra,FUN_039565,3,TRUE,TRUE
Acropora pulchra,FUN_039572,3,TRUE,TRUE
Acropora pulchra,FUN_039668,3,TRUE,TRUE
Acropora pulchra,FUN_039674,2,TRUE,TRUE
Acropora pulchra,FUN_039696,2,TRUE,TRUE
Acropora pulchra,FUN_039902,3,TRUE,TRUE
Acropora pulchra,FUN_039996,4,TRUE,TRUE
Acropora pulchra,FUN_040008,3,TRUE,TRUE
Acropora pulchra,FUN_040012,2,TRUE,TRUE
Acropora pulchra,FUN_040280,3,TRUE,TRUE
Acropora pulchra,FUN_040309,4,TRUE,TRUE
Acropora pulchra,FUN_040320,2,TRUE,TRUE
Acropora pulchra,FUN_040321,2,TRUE,TRUE
Acropora pulchra,FUN_040387,2,TRUE,TRUE
Acropora pulchra,FUN_040391,4,TRUE,TRUE
Acropora pulchra,FUN_040460,3,TRUE,TRUE
Acropora pulchra,FUN_040545,3,TRUE,TRUE
Acropora pulchra,FUN_040552,2,TRUE,TRUE
Acropora pulchra,FUN_040555,2,TRUE,TRUE
Acropora pulchra,FUN_040618,2,TRUE,TRUE
Acropora pulchra,FUN_040643,4,TRUE,TRUE
Acropora pulchra,FUN_040646,3,TRUE,TRUE
Acropora pulchra,FUN_040656,2,TRUE,TRUE
Acropora pulchra,FUN_040721,4,TRUE,TRUE
Acropora pulchra,FUN_040837,3,TRUE,TRUE
Acropora pulchra,FUN_040877,2,TRUE,TRUE
Acropora pulchra,FUN_040909,4,TRUE,TRUE
Acropora pulchra,FUN_041049,2,TRUE,TRUE
Acropora pulchra,FUN_041051,3,TRUE,TRUE
Acropora pulchra,FUN_041071,2,TRUE,TRUE
Acropora pulchra,FUN_041113,2,TRUE,TRUE
Acropora pulchra,FUN_041135,4,TRUE,TRUE
Acropora pulchra,FUN_041136,2,TRUE,TRUE
Acropora pulchra,FUN_041149,4,TRUE,TRUE
Acropora pulchra,FUN_041161,2,TRUE,TRUE
Acropora pulchra,FUN_041177,3,TRUE,TRUE
Acropora pulchra,FUN_041206,3,TRUE,TRUE
Acropora pulchra,FUN_041220,3,TRUE,TRUE
Acropora pulchra,FUN_041236,3,TRUE,TRUE
Acropora pulchra,FUN_041250,4,TRUE,TRUE
Acropora pulchra,FUN_041283,2,TRUE,TRUE
Acropora pulchra,FUN_041339,2,TRUE,TRUE
Acropora pulchra,FUN_041351,2,TRUE,TRUE
Acropora pulchra,FUN_041449,2,TRUE,TRUE
Acropora pulchra,FUN_041454,2,TRUE,TRUE
Acropora pulchra,FUN_041457,3,TRUE,TRUE
Acropora pulchra,FUN_041804,4,TRUE,TRUE
Acropora pulchra,FUN_041855,2,TRUE,TRUE
Acropora pulchra,FUN_041936,4,TRUE,TRUE
Acropora pulchra,FUN_042200,2,TRUE,TRUE
Acropora pulchra,FUN_042217,2,TRUE,TRUE
Acropora pulchra,FUN_042233,2,TRUE,TRUE
Acropora pulchra,FUN_042243,3,TRUE,TRUE
Acropora pulchra,FUN_042305,4,TRUE,TRUE
Acropora pulchra,FUN_042307,3,TRUE,TRUE
Acropora pulchra,FUN_042315,3,TRUE,TRUE
Acropora pulchra,FUN_042339,4,TRUE,TRUE
Acropora pulchra,FUN_042349,3,TRUE,TRUE
Acropora pulchra,FUN_042360,4,TRUE,TRUE
Acropora pulchra,FUN_042361,2,TRUE,TRUE
Acropora pulchra,FUN_042376,4,TRUE,TRUE
Acropora pulchra,FUN_042397,3,TRUE,TRUE
Acropora pulchra,FUN_042399,2,TRUE,TRUE
Acropora pulchra,FUN_042419,3,TRUE,TRUE
Acropora pulchra,FUN_042438,3,TRUE,TRUE
Acropora pulchra,FUN_042511,3,TRUE,TRUE
Acropora pulchra,FUN_042548,2,TRUE,TRUE
Acropora pulchra,FUN_042558,3,TRUE,TRUE
Acropora pulchra,FUN_042615,2,TRUE,TRUE
Acropora pulchra,FUN_042693,3,TRUE,TRUE
Acropora pulchra,FUN_042699,2,TRUE,TRUE
Acropora pulchra,FUN_042709,3,TRUE,TRUE
Acropora pulchra,FUN_042741,2,TRUE,TRUE
Acropora pulchra,FUN_042765,2,TRUE,TRUE
Acropora pulchra,FUN_043047,2,TRUE,TRUE
Acropora pulchra,FUN_043076,2,TRUE,TRUE
Acropora pulchra,FUN_043292,2,TRUE,TRUE
Acropora pulchra,FUN_043538,2,TRUE,TRUE
Acropora pulchra,FUN_043706,4,TRUE,TRUE
Acropora pulchra,FUN_043721,2,TRUE,TRUE
Acropora pulchra,FUN_043751,2,TRUE,TRUE
Acropora pulchra,FUN_043846,2,TRUE,TRUE
Acropora pulchra,FUN_043873,2,TRUE,TRUE
Acropora pulchra,FUN_043908,4,TRUE,TRUE
Acropora pulchra,FUN_043996,3,TRUE,TRUE
Acropora pulchra,FUN_043998,3,TRUE,TRUE
Acropora pulchra,FUN_043999,3,TRUE,TRUE
Acropora pulchra,FUN_044000,3,TRUE,TRUE
Acropora pulchra,FUN_044081,3,TRUE,TRUE
Acropora pulchra,FUN_044089,2,TRUE,TRUE
Acropora pulchra,FUN_044139,2,TRUE,TRUE
Acropora pulchra,FUN_044323,2,TRUE,TRUE
Acropora pulchra,FUN_044333,4,TRUE,TRUE
Acropora pulchra,FUN_044340,2,TRUE,TRUE
Acropora pulchra,FUN_044341,2,TRUE,TRUE
Acropora pulchra,FUN_044367,2,TRUE,TRUE
Pocillopora tuahiniensis,gene-Pocillopora_meandrina_HIv1___RNAseq.14149_t,4,TRUE,TRUE
Pocillopora tuahiniensis,gene-Pocillopora_meandrina_HIv1___RNAseq.29906_t,2,TRUE,TRUE
Pocillopora tuahiniensis,gene-Pocillopora_meandrina_HIv1___RNAseq.6936_t,3,TRUE,TRUE
Pocillopora tuahiniensis,gene-Pocillopora_meandrina_HIv1___RNAseq.g1006.t1,2,TRUE,TRUE
Pocillopora tuahiniensis,gene-Pocillopora_meandrina_HIv1___RNAseq.g10101.t1,3,TRUE,TRUE
Pocillopora tuahiniensis,gene-Pocillopora_meandrina_HIv1___RNAseq.g10121.t1,2,TRUE,TRUE
Pocillopora tuahiniensis,gene-Pocillopora_meandrina_HIv1___RNAseq.g10352.t1,2,TRUE,TRUE
Pocillopora tuahiniensis,gene-Pocillopora_meandrina_HIv1___RNAseq.g10668.t1,4,TRUE,TRUE
Pocillopora tuahiniensis,gene-Pocillopora_meandrina_HIv1___RNAseq.g10679.t1a,3,TRUE,TRUE
Pocillopora tuahiniensis,gene-Pocillopora_meandrina_HIv1___RNAseq.g107.t1,3,TRUE,TRUE
Pocillopora tuahiniensis,gene-Pocillopora_meandrina_HIv1___RNAseq.g1072.t1,2,TRUE,TRUE
Pocillopora tuahiniensis,gene-Pocillopora_meandrina_HIv1___RNAseq.g10736.t1,3,TRUE,TRUE
Pocillopora tuahiniensis,gene-Pocillopora_meandrina_HIv1___RNAseq.g10738.t1,3,TRUE,TRUE
Pocillopora tuahiniensis,gene-Pocillopora_meandrina_HIv1___RNAseq.g10934.t1,3,TRUE,TRUE
Pocillopora tuahiniensis,gene-Pocillopora_meandrina_HIv1___RNAseq.g11062.t1,2,TRUE,TRUE
Pocillopora tuahiniensis,gene-Pocillopora_meandrina_HIv1___RNAseq.g1127.t1,2,TRUE,TRUE
Pocillopora tuahiniensis,gene-Pocillopora_meandrina_HIv1___RNAseq.g11287.t1,2,TRUE,TRUE
Pocillopora tuahiniensis,gene-Pocillopora_meandrina_HIv1___RNAseq.g1136.t1,2,TRUE,TRUE
Pocillopora tuahiniensis,gene-Pocillopora_meandrina_HIv1___RNAseq.g11377.t1,3,TRUE,TRUE
Pocillopora tuahiniensis,gene-Pocillopora_meandrina_HIv1___RNAseq.g11404.t1,2,TRUE,TRUE
Pocillopora tuahiniensis,gene-Pocillopora_meandrina_HIv1___RNAseq.g11943.t1,3,TRUE,TRUE
Pocillopora tuahiniensis,gene-Pocillopora_meandrina_HIv1___RNAseq.g12179.t1a,2,TRUE,TRUE
Pocillopora tuahiniensis,gene-Pocillopora_meandrina_HIv1___RNAseq.g12389.t1,2,TRUE,TRUE
Pocillopora tuahiniensis,gene-Pocillopora_meandrina_HIv1___RNAseq.g1240.t1,3,TRUE,TRUE
Pocillopora tuahiniensis,gene-Pocillopora_meandrina_HIv1___RNAseq.g12410.t1,2,TRUE,TRUE
Pocillopora tuahiniensis,gene-Pocillopora_meandrina_HIv1___RNAseq.g12460.t1,2,TRUE,TRUE
Pocillopora tuahiniensis,gene-Pocillopora_meandrina_HIv1___RNAseq.g12480.t1,2,TRUE,TRUE
Pocillopora tuahiniensis,gene-Pocillopora_meandrina_HIv1___RNAseq.g12573.t1,2,TRUE,TRUE
Pocillopora tuahiniensis,gene-Pocillopora_meandrina_HIv1___RNAseq.g12727.t1,4,TRUE,TRUE
Pocillopora tuahiniensis,gene-Pocillopora_meandrina_HIv1___RNAseq.g12871.t1,4,TRUE,TRUE
Pocillopora tuahiniensis,gene-Pocillopora_meandrina_HIv1___RNAseq.g12913.t1,3,TRUE,TRUE
Pocillopora tuahiniensis,gene-Pocillopora_meandrina_HIv1___RNAseq.g13186.t1,2,TRUE,TRUE
Pocillopora tuahiniensis,gene-Pocillopora_meandrina_HIv1___RNAseq.g13300.t1a,2,TRUE,TRUE
Pocillopora tuahiniensis,gene-Pocillopora_meandrina_HIv1___RNAseq.g1350.t1,3,TRUE,TRUE
Pocillopora tuahiniensis,gene-Pocillopora_meandrina_HIv1___RNAseq.g13678.t1,3,TRUE,TRUE
Pocillopora tuahiniensis,gene-Pocillopora_meandrina_HIv1___RNAseq.g13751.t1,4,TRUE,TRUE
Pocillopora tuahiniensis,gene-Pocillopora_meandrina_HIv1___RNAseq.g13791.t1,2,TRUE,TRUE
Pocillopora tuahiniensis,gene-Pocillopora_meandrina_HIv1___RNAseq.g13879.t1a,4,TRUE,TRUE
Pocillopora tuahiniensis,gene-Pocillopora_meandrina_HIv1___RNAseq.g14146.t1,2,TRUE,TRUE
Pocillopora tuahiniensis,gene-Pocillopora_meandrina_HIv1___RNAseq.g14246.t1,3,TRUE,TRUE
Pocillopora tuahiniensis,gene-Pocillopora_meandrina_HIv1___RNAseq.g14311.t1,2,TRUE,TRUE
Pocillopora tuahiniensis,gene-Pocillopora_meandrina_HIv1___RNAseq.g14324.t1,3,TRUE,TRUE
Pocillopora tuahiniensis,gene-Pocillopora_meandrina_HIv1___RNAseq.g14464.t1,2,TRUE,TRUE
Pocillopora tuahiniensis,gene-Pocillopora_meandrina_HIv1___RNAseq.g14571.t1,2,TRUE,TRUE
Pocillopora tuahiniensis,gene-Pocillopora_meandrina_HIv1___RNAseq.g14583.t1,3,TRUE,TRUE
Pocillopora tuahiniensis,gene-Pocillopora_meandrina_HIv1___RNAseq.g14683.t1,2,TRUE,TRUE
Pocillopora tuahiniensis,gene-Pocillopora_meandrina_HIv1___RNAseq.g14687.t1,2,TRUE,TRUE
Pocillopora tuahiniensis,gene-Pocillopora_meandrina_HIv1___RNAseq.g14806.t1,2,TRUE,TRUE
Pocillopora tuahiniensis,gene-Pocillopora_meandrina_HIv1___RNAseq.g14825.t1,2,TRUE,TRUE
Pocillopora tuahiniensis,gene-Pocillopora_meandrina_HIv1___RNAseq.g14841.t2,3,TRUE,TRUE
Pocillopora tuahiniensis,gene-Pocillopora_meandrina_HIv1___RNAseq.g14922.t1,2,TRUE,TRUE
Pocillopora tuahiniensis,gene-Pocillopora_meandrina_HIv1___RNAseq.g15048.t1,3,TRUE,TRUE
Pocillopora tuahiniensis,gene-Pocillopora_meandrina_HIv1___RNAseq.g15402.t1,2,TRUE,TRUE
Pocillopora tuahiniensis,gene-Pocillopora_meandrina_HIv1___RNAseq.g15668.t1,2,TRUE,TRUE
Pocillopora tuahiniensis,gene-Pocillopora_meandrina_HIv1___RNAseq.g15737.t1,3,TRUE,TRUE
Pocillopora tuahiniensis,gene-Pocillopora_meandrina_HIv1___RNAseq.g1588.t1,3,TRUE,TRUE
Pocillopora tuahiniensis,gene-Pocillopora_meandrina_HIv1___RNAseq.g16014.t1,3,TRUE,TRUE
Pocillopora tuahiniensis,gene-Pocillopora_meandrina_HIv1___RNAseq.g16046.t1,4,TRUE,TRUE
Pocillopora tuahiniensis,gene-Pocillopora_meandrina_HIv1___RNAseq.g16050.t1b,3,TRUE,TRUE
Pocillopora tuahiniensis,gene-Pocillopora_meandrina_HIv1___RNAseq.g16054.t1,4,TRUE,TRUE
Pocillopora tuahiniensis,gene-Pocillopora_meandrina_HIv1___RNAseq.g16118.t1,2,TRUE,TRUE
Pocillopora tuahiniensis,gene-Pocillopora_meandrina_HIv1___RNAseq.g16142.t1,4,TRUE,TRUE
Pocillopora tuahiniensis,gene-Pocillopora_meandrina_HIv1___RNAseq.g16143.t1,4,TRUE,TRUE
Pocillopora tuahiniensis,gene-Pocillopora_meandrina_HIv1___RNAseq.g16155.t1a,3,TRUE,TRUE
Pocillopora tuahiniensis,gene-Pocillopora_meandrina_HIv1___RNAseq.g16184.t1,4,TRUE,TRUE
Pocillopora tuahiniensis,gene-Pocillopora_meandrina_HIv1___RNAseq.g16293.t1,3,TRUE,TRUE
Pocillopora tuahiniensis,gene-Pocillopora_meandrina_HIv1___RNAseq.g16594.t1,4,TRUE,TRUE
Pocillopora tuahiniensis,gene-Pocillopora_meandrina_HIv1___RNAseq.g16691.t1,3,TRUE,TRUE
Pocillopora tuahiniensis,gene-Pocillopora_meandrina_HIv1___RNAseq.g16778.t1,3,TRUE,TRUE
Pocillopora tuahiniensis,gene-Pocillopora_meandrina_HIv1___RNAseq.g16923.t1,4,TRUE,TRUE
Pocillopora tuahiniensis,gene-Pocillopora_meandrina_HIv1___RNAseq.g17036.t1,3,TRUE,TRUE
Pocillopora tuahiniensis,gene-Pocillopora_meandrina_HIv1___RNAseq.g17075.t1,3,TRUE,TRUE
Pocillopora tuahiniensis,gene-Pocillopora_meandrina_HIv1___RNAseq.g17451.t1,2,TRUE,TRUE
Pocillopora tuahiniensis,gene-Pocillopora_meandrina_HIv1___RNAseq.g17487.t1,4,TRUE,TRUE
Pocillopora tuahiniensis,gene-Pocillopora_meandrina_HIv1___RNAseq.g17497.t1,3,TRUE,TRUE
Pocillopora tuahiniensis,gene-Pocillopora_meandrina_HIv1___RNAseq.g17645.t1,3,TRUE,TRUE
Pocillopora tuahiniensis,gene-Pocillopora_meandrina_HIv1___RNAseq.g17680.t1,3,TRUE,TRUE
Pocillopora tuahiniensis,gene-Pocillopora_meandrina_HIv1___RNAseq.g17693.t1,3,TRUE,TRUE
Pocillopora tuahiniensis,gene-Pocillopora_meandrina_HIv1___RNAseq.g1775.t1,3,TRUE,TRUE
Pocillopora tuahiniensis,gene-Pocillopora_meandrina_HIv1___RNAseq.g17944.t1,4,TRUE,TRUE
Pocillopora tuahiniensis,gene-Pocillopora_meandrina_HIv1___RNAseq.g18333.t1,3,TRUE,TRUE
Pocillopora tuahiniensis,gene-Pocillopora_meandrina_HIv1___RNAseq.g18401.t1,4,TRUE,TRUE
Pocillopora tuahiniensis,gene-Pocillopora_meandrina_HIv1___RNAseq.g1845.t1,2,TRUE,TRUE
Pocillopora tuahiniensis,gene-Pocillopora_meandrina_HIv1___RNAseq.g1846.t1,2,TRUE,TRUE
Pocillopora tuahiniensis,gene-Pocillopora_meandrina_HIv1___RNAseq.g1851.t1,2,TRUE,TRUE
Pocillopora tuahiniensis,gene-Pocillopora_meandrina_HIv1___RNAseq.g1855.t1,3,TRUE,TRUE
Pocillopora tuahiniensis,gene-Pocillopora_meandrina_HIv1___RNAseq.g18697.t1,4,TRUE,TRUE
Pocillopora tuahiniensis,gene-Pocillopora_meandrina_HIv1___RNAseq.g18995.t1,4,TRUE,TRUE
Pocillopora tuahiniensis,gene-Pocillopora_meandrina_HIv1___RNAseq.g19133.t1,2,TRUE,TRUE
Pocillopora tuahiniensis,gene-Pocillopora_meandrina_HIv1___RNAseq.g19218.t1,4,TRUE,TRUE
Pocillopora tuahiniensis,gene-Pocillopora_meandrina_HIv1___RNAseq.g19229.t1,2,TRUE,TRUE
Pocillopora tuahiniensis,gene-Pocillopora_meandrina_HIv1___RNAseq.g19311.t1,2,TRUE,TRUE
Pocillopora tuahiniensis,gene-Pocillopora_meandrina_HIv1___RNAseq.g19314.t1,3,TRUE,TRUE
Pocillopora tuahiniensis,gene-Pocillopora_meandrina_HIv1___RNAseq.g19330.t1,4,TRUE,TRUE
Pocillopora tuahiniensis,gene-Pocillopora_meandrina_HIv1___RNAseq.g19622.t1,4,TRUE,TRUE
Pocillopora tuahiniensis,gene-Pocillopora_meandrina_HIv1___RNAseq.g19707.t1,3,TRUE,TRUE
Pocillopora tuahiniensis,gene-Pocillopora_meandrina_HIv1___RNAseq.g19736.t1c,3,TRUE,TRUE
Pocillopora tuahiniensis,gene-Pocillopora_meandrina_HIv1___RNAseq.g19817.t1,2,TRUE,TRUE
Pocillopora tuahiniensis,gene-Pocillopora_meandrina_HIv1___RNAseq.g20000.t1,4,TRUE,TRUE
Pocillopora tuahiniensis,gene-Pocillopora_meandrina_HIv1___RNAseq.g20300.t1,3,TRUE,TRUE
Pocillopora tuahiniensis,gene-Pocillopora_meandrina_HIv1___RNAseq.g2071.t1,4,TRUE,TRUE
Pocillopora tuahiniensis,gene-Pocillopora_meandrina_HIv1___RNAseq.g21420.t3,3,TRUE,TRUE
Pocillopora tuahiniensis,gene-Pocillopora_meandrina_HIv1___RNAseq.g21469.t1a,3,TRUE,TRUE
Pocillopora tuahiniensis,gene-Pocillopora_meandrina_HIv1___RNAseq.g21609.t1,2,TRUE,TRUE
Pocillopora tuahiniensis,gene-Pocillopora_meandrina_HIv1___RNAseq.g21792.t1,2,TRUE,TRUE
Pocillopora tuahiniensis,gene-Pocillopora_meandrina_HIv1___RNAseq.g21902.t1,3,TRUE,TRUE
Pocillopora tuahiniensis,gene-Pocillopora_meandrina_HIv1___RNAseq.g2192.t1,2,TRUE,TRUE
Pocillopora tuahiniensis,gene-Pocillopora_meandrina_HIv1___RNAseq.g2198.t1,4,TRUE,TRUE
Pocillopora tuahiniensis,gene-Pocillopora_meandrina_HIv1___RNAseq.g22039.t1a,3,TRUE,TRUE
Pocillopora tuahiniensis,gene-Pocillopora_meandrina_HIv1___RNAseq.g22054.t1,4,TRUE,TRUE
Pocillopora tuahiniensis,gene-Pocillopora_meandrina_HIv1___RNAseq.g22076.t1,2,TRUE,TRUE
Pocillopora tuahiniensis,gene-Pocillopora_meandrina_HIv1___RNAseq.g22841.t1,2,TRUE,TRUE
Pocillopora tuahiniensis,gene-Pocillopora_meandrina_HIv1___RNAseq.g22903.t1,2,TRUE,TRUE
Pocillopora tuahiniensis,gene-Pocillopora_meandrina_HIv1___RNAseq.g23014.t1,2,TRUE,TRUE
Pocillopora tuahiniensis,gene-Pocillopora_meandrina_HIv1___RNAseq.g23018.t1,4,TRUE,TRUE
Pocillopora tuahiniensis,gene-Pocillopora_meandrina_HIv1___RNAseq.g23020.t1,2,TRUE,TRUE
Pocillopora tuahiniensis,gene-Pocillopora_meandrina_HIv1___RNAseq.g23050.t1,2,TRUE,TRUE
Pocillopora tuahiniensis,gene-Pocillopora_meandrina_HIv1___RNAseq.g23441.t1,3,TRUE,TRUE
Pocillopora tuahiniensis,gene-Pocillopora_meandrina_HIv1___RNAseq.g23516.t1,2,TRUE,TRUE
Pocillopora tuahiniensis,gene-Pocillopora_meandrina_HIv1___RNAseq.g23535.t1,3,TRUE,TRUE
Pocillopora tuahiniensis,gene-Pocillopora_meandrina_HIv1___RNAseq.g23574.t1,3,TRUE,TRUE
Pocillopora tuahiniensis,gene-Pocillopora_meandrina_HIv1___RNAseq.g23599.t1,3,TRUE,TRUE
Pocillopora tuahiniensis,gene-Pocillopora_meandrina_HIv1___RNAseq.g2394.t1,2,TRUE,TRUE
Pocillopora tuahiniensis,gene-Pocillopora_meandrina_HIv1___RNAseq.g24017.t1,2,TRUE,TRUE
Pocillopora tuahiniensis,gene-Pocillopora_meandrina_HIv1___RNAseq.g24194.t1,2,TRUE,TRUE
Pocillopora tuahiniensis,gene-Pocillopora_meandrina_HIv1___RNAseq.g24218.t1,2,TRUE,TRUE
Pocillopora tuahiniensis,gene-Pocillopora_meandrina_HIv1___RNAseq.g24219.t1,2,TRUE,TRUE
Pocillopora tuahiniensis,gene-Pocillopora_meandrina_HIv1___RNAseq.g24329.t1,3,TRUE,TRUE
Pocillopora tuahiniensis,gene-Pocillopora_meandrina_HIv1___RNAseq.g24330.t1,2,TRUE,TRUE
Pocillopora tuahiniensis,gene-Pocillopora_meandrina_HIv1___RNAseq.g24332.t1,2,TRUE,TRUE
Pocillopora tuahiniensis,gene-Pocillopora_meandrina_HIv1___RNAseq.g24533.t1,3,TRUE,TRUE
Pocillopora tuahiniensis,gene-Pocillopora_meandrina_HIv1___RNAseq.g24685.t1,2,TRUE,TRUE
Pocillopora tuahiniensis,gene-Pocillopora_meandrina_HIv1___RNAseq.g2473.t1,2,TRUE,TRUE
Pocillopora tuahiniensis,gene-Pocillopora_meandrina_HIv1___RNAseq.g24815.t1,3,TRUE,TRUE
Pocillopora tuahiniensis,gene-Pocillopora_meandrina_HIv1___RNAseq.g25086.t2,2,TRUE,TRUE
Pocillopora tuahiniensis,gene-Pocillopora_meandrina_HIv1___RNAseq.g25090.t1,4,TRUE,TRUE
Pocillopora tuahiniensis,gene-Pocillopora_meandrina_HIv1___RNAseq.g25173.t1,4,TRUE,TRUE
Pocillopora tuahiniensis,gene-Pocillopora_meandrina_HIv1___RNAseq.g25185.t1,3,TRUE,TRUE
Pocillopora tuahiniensis,gene-Pocillopora_meandrina_HIv1___RNAseq.g25219.t1,2,TRUE,TRUE
Pocillopora tuahiniensis,gene-Pocillopora_meandrina_HIv1___RNAseq.g25374.t1,2,TRUE,TRUE
Pocillopora tuahiniensis,gene-Pocillopora_meandrina_HIv1___RNAseq.g25638.t1,2,TRUE,TRUE
Pocillopora tuahiniensis,gene-Pocillopora_meandrina_HIv1___RNAseq.g25712.t1a,4,TRUE,TRUE
Pocillopora tuahiniensis,gene-Pocillopora_meandrina_HIv1___RNAseq.g25764.t1,3,TRUE,TRUE
Pocillopora tuahiniensis,gene-Pocillopora_meandrina_HIv1___RNAseq.g25918.t1,4,TRUE,TRUE
Pocillopora tuahiniensis,gene-Pocillopora_meandrina_HIv1___RNAseq.g25930.t1,4,TRUE,TRUE
Pocillopora tuahiniensis,gene-Pocillopora_meandrina_HIv1___RNAseq.g25932.t1a,4,TRUE,TRUE
Pocillopora tuahiniensis,gene-Pocillopora_meandrina_HIv1___RNAseq.g26292.t1,3,TRUE,TRUE
Pocillopora tuahiniensis,gene-Pocillopora_meandrina_HIv1___RNAseq.g26685.t1,4,TRUE,TRUE
Pocillopora tuahiniensis,gene-Pocillopora_meandrina_HIv1___RNAseq.g26716.t1,2,TRUE,TRUE
Pocillopora tuahiniensis,gene-Pocillopora_meandrina_HIv1___RNAseq.g26819.t1,2,TRUE,TRUE
Pocillopora tuahiniensis,gene-Pocillopora_meandrina_HIv1___RNAseq.g26897.t1,2,TRUE,TRUE
Pocillopora tuahiniensis,gene-Pocillopora_meandrina_HIv1___RNAseq.g26974.t1,2,TRUE,TRUE
Pocillopora tuahiniensis,gene-Pocillopora_meandrina_HIv1___RNAseq.g27022.t1,2,TRUE,TRUE
Pocillopora tuahiniensis,gene-Pocillopora_meandrina_HIv1___RNAseq.g27096.t1,3,TRUE,TRUE
Pocillopora tuahiniensis,gene-Pocillopora_meandrina_HIv1___RNAseq.g27150.t1,2,TRUE,TRUE
Pocillopora tuahiniensis,gene-Pocillopora_meandrina_HIv1___RNAseq.g2722.t1,2,TRUE,TRUE
Pocillopora tuahiniensis,gene-Pocillopora_meandrina_HIv1___RNAseq.g27221.t1,2,TRUE,TRUE
Pocillopora tuahiniensis,gene-Pocillopora_meandrina_HIv1___RNAseq.g27276.t1,2,TRUE,TRUE
Pocillopora tuahiniensis,gene-Pocillopora_meandrina_HIv1___RNAseq.g27277.t1,2,TRUE,TRUE
Pocillopora tuahiniensis,gene-Pocillopora_meandrina_HIv1___RNAseq.g27462.t1,3,TRUE,TRUE
Pocillopora tuahiniensis,gene-Pocillopora_meandrina_HIv1___RNAseq.g27685.t1,3,TRUE,TRUE
Pocillopora tuahiniensis,gene-Pocillopora_meandrina_HIv1___RNAseq.g278.t1,2,TRUE,TRUE
Pocillopora tuahiniensis,gene-Pocillopora_meandrina_HIv1___RNAseq.g28130.t1,3,TRUE,TRUE
Pocillopora tuahiniensis,gene-Pocillopora_meandrina_HIv1___RNAseq.g28152.t1,2,TRUE,TRUE
Pocillopora tuahiniensis,gene-Pocillopora_meandrina_HIv1___RNAseq.g2820.t1a,3,TRUE,TRUE
Pocillopora tuahiniensis,gene-Pocillopora_meandrina_HIv1___RNAseq.g28524.t1,2,TRUE,TRUE
Pocillopora tuahiniensis,gene-Pocillopora_meandrina_HIv1___RNAseq.g28559.t1,4,TRUE,TRUE
Pocillopora tuahiniensis,gene-Pocillopora_meandrina_HIv1___RNAseq.g28586.t1,4,TRUE,TRUE
Pocillopora tuahiniensis,gene-Pocillopora_meandrina_HIv1___RNAseq.g28590.t1,2,TRUE,TRUE
Pocillopora tuahiniensis,gene-Pocillopora_meandrina_HIv1___RNAseq.g28618.t1,4,TRUE,TRUE
Pocillopora tuahiniensis,gene-Pocillopora_meandrina_HIv1___RNAseq.g28696.t1,4,TRUE,TRUE
Pocillopora tuahiniensis,gene-Pocillopora_meandrina_HIv1___RNAseq.g28820.t1,4,TRUE,TRUE
Pocillopora tuahiniensis,gene-Pocillopora_meandrina_HIv1___RNAseq.g2888.t1,3,TRUE,TRUE
Pocillopora tuahiniensis,gene-Pocillopora_meandrina_HIv1___RNAseq.g28920.t1,2,TRUE,TRUE
Pocillopora tuahiniensis,gene-Pocillopora_meandrina_HIv1___RNAseq.g2899.t1,3,TRUE,TRUE
Pocillopora tuahiniensis,gene-Pocillopora_meandrina_HIv1___RNAseq.g29057.t1,2,TRUE,TRUE
Pocillopora tuahiniensis,gene-Pocillopora_meandrina_HIv1___RNAseq.g29570.t1,2,TRUE,TRUE
Pocillopora tuahiniensis,gene-Pocillopora_meandrina_HIv1___RNAseq.g2977.t1,3,TRUE,TRUE
Pocillopora tuahiniensis,gene-Pocillopora_meandrina_HIv1___RNAseq.g2978.t1,4,TRUE,TRUE
Pocillopora tuahiniensis,gene-Pocillopora_meandrina_HIv1___RNAseq.g2982.t1,2,TRUE,TRUE
Pocillopora tuahiniensis,gene-Pocillopora_meandrina_HIv1___RNAseq.g2988.t1,3,TRUE,TRUE
Pocillopora tuahiniensis,gene-Pocillopora_meandrina_HIv1___RNAseq.g29956.t1,2,TRUE,TRUE
Pocillopora tuahiniensis,gene-Pocillopora_meandrina_HIv1___RNAseq.g30105.t1,2,TRUE,TRUE
Pocillopora tuahiniensis,gene-Pocillopora_meandrina_HIv1___RNAseq.g3026.t1,2,TRUE,TRUE
Pocillopora tuahiniensis,gene-Pocillopora_meandrina_HIv1___RNAseq.g3074.t1,2,TRUE,TRUE
Pocillopora tuahiniensis,gene-Pocillopora_meandrina_HIv1___RNAseq.g316.t1,4,TRUE,TRUE
Pocillopora tuahiniensis,gene-Pocillopora_meandrina_HIv1___RNAseq.g3230.t1,2,TRUE,TRUE
Pocillopora tuahiniensis,gene-Pocillopora_meandrina_HIv1___RNAseq.g3362.t1,2,TRUE,TRUE
Pocillopora tuahiniensis,gene-Pocillopora_meandrina_HIv1___RNAseq.g3403.t1,3,TRUE,TRUE
Pocillopora tuahiniensis,gene-Pocillopora_meandrina_HIv1___RNAseq.g3566.t1,2,TRUE,TRUE
Pocillopora tuahiniensis,gene-Pocillopora_meandrina_HIv1___RNAseq.g3623.t1,2,TRUE,TRUE
Pocillopora tuahiniensis,gene-Pocillopora_meandrina_HIv1___RNAseq.g3636.t1,2,TRUE,TRUE
Pocillopora tuahiniensis,gene-Pocillopora_meandrina_HIv1___RNAseq.g3677.t1,3,TRUE,TRUE
Pocillopora tuahiniensis,gene-Pocillopora_meandrina_HIv1___RNAseq.g3839.t1,2,TRUE,TRUE
Pocillopora tuahiniensis,gene-Pocillopora_meandrina_HIv1___RNAseq.g4074.t1,3,TRUE,TRUE
Pocillopora tuahiniensis,gene-Pocillopora_meandrina_HIv1___RNAseq.g4090.t1,2,TRUE,TRUE
Pocillopora tuahiniensis,gene-Pocillopora_meandrina_HIv1___RNAseq.g4166.t1,2,TRUE,TRUE
Pocillopora tuahiniensis,gene-Pocillopora_meandrina_HIv1___RNAseq.g4483.t1,2,TRUE,TRUE
Pocillopora tuahiniensis,gene-Pocillopora_meandrina_HIv1___RNAseq.g4543.t1,2,TRUE,TRUE
Pocillopora tuahiniensis,gene-Pocillopora_meandrina_HIv1___RNAseq.g455.t1,4,TRUE,TRUE
Pocillopora tuahiniensis,gene-Pocillopora_meandrina_HIv1___RNAseq.g4742.t1,4,TRUE,TRUE
Pocillopora tuahiniensis,gene-Pocillopora_meandrina_HIv1___RNAseq.g4876.t1,4,TRUE,TRUE
Pocillopora tuahiniensis,gene-Pocillopora_meandrina_HIv1___RNAseq.g4885.t1,4,TRUE,TRUE
Pocillopora tuahiniensis,gene-Pocillopora_meandrina_HIv1___RNAseq.g49.t1,4,TRUE,TRUE
Pocillopora tuahiniensis,gene-Pocillopora_meandrina_HIv1___RNAseq.g4972.t1,4,TRUE,TRUE
Pocillopora tuahiniensis,gene-Pocillopora_meandrina_HIv1___RNAseq.g4989.t1,2,TRUE,TRUE
Pocillopora tuahiniensis,gene-Pocillopora_meandrina_HIv1___RNAseq.g5039.t1,2,TRUE,TRUE
Pocillopora tuahiniensis,gene-Pocillopora_meandrina_HIv1___RNAseq.g5198.t1,4,TRUE,TRUE
Pocillopora tuahiniensis,gene-Pocillopora_meandrina_HIv1___RNAseq.g5408.t1,4,TRUE,TRUE
Pocillopora tuahiniensis,gene-Pocillopora_meandrina_HIv1___RNAseq.g5436.t1,2,TRUE,TRUE
Pocillopora tuahiniensis,gene-Pocillopora_meandrina_HIv1___RNAseq.g5669.t1,2,TRUE,TRUE
Pocillopora tuahiniensis,gene-Pocillopora_meandrina_HIv1___RNAseq.g5741.t1,2,TRUE,TRUE
Pocillopora tuahiniensis,gene-Pocillopora_meandrina_HIv1___RNAseq.g5806.t1,2,TRUE,TRUE
Pocillopora tuahiniensis,gene-Pocillopora_meandrina_HIv1___RNAseq.g5926.t1,2,TRUE,TRUE
Pocillopora tuahiniensis,gene-Pocillopora_meandrina_HIv1___RNAseq.g6161.t1a,4,TRUE,TRUE
Pocillopora tuahiniensis,gene-Pocillopora_meandrina_HIv1___RNAseq.g6296.t1,2,TRUE,TRUE
Pocillopora tuahiniensis,gene-Pocillopora_meandrina_HIv1___RNAseq.g6562.t1,4,TRUE,TRUE
Pocillopora tuahiniensis,gene-Pocillopora_meandrina_HIv1___RNAseq.g6583.t1,3,TRUE,TRUE
Pocillopora tuahiniensis,gene-Pocillopora_meandrina_HIv1___RNAseq.g6619.t1,2,TRUE,TRUE
Pocillopora tuahiniensis,gene-Pocillopora_meandrina_HIv1___RNAseq.g6674.t1,4,TRUE,TRUE
Pocillopora tuahiniensis,gene-Pocillopora_meandrina_HIv1___RNAseq.g6714.t1,3,TRUE,TRUE
Pocillopora tuahiniensis,gene-Pocillopora_meandrina_HIv1___RNAseq.g6728.t1,2,TRUE,TRUE
Pocillopora tuahiniensis,gene-Pocillopora_meandrina_HIv1___RNAseq.g6756.t1,3,TRUE,TRUE
Pocillopora tuahiniensis,gene-Pocillopora_meandrina_HIv1___RNAseq.g6812.t1,3,TRUE,TRUE
Pocillopora tuahiniensis,gene-Pocillopora_meandrina_HIv1___RNAseq.g6964.t1,2,TRUE,TRUE
Pocillopora tuahiniensis,gene-Pocillopora_meandrina_HIv1___RNAseq.g714.t1,2,TRUE,TRUE
Pocillopora tuahiniensis,gene-Pocillopora_meandrina_HIv1___RNAseq.g7164.t1,3,TRUE,TRUE
Pocillopora tuahiniensis,gene-Pocillopora_meandrina_HIv1___RNAseq.g7747.t1,2,TRUE,TRUE
Pocillopora tuahiniensis,gene-Pocillopora_meandrina_HIv1___RNAseq.g7884.t1,3,TRUE,TRUE
Pocillopora tuahiniensis,gene-Pocillopora_meandrina_HIv1___RNAseq.g7913.t1,2,TRUE,TRUE
Pocillopora tuahiniensis,gene-Pocillopora_meandrina_HIv1___RNAseq.g80.t1,4,TRUE,TRUE
Pocillopora tuahiniensis,gene-Pocillopora_meandrina_HIv1___RNAseq.g8244.t1,3,TRUE,TRUE
Pocillopora tuahiniensis,gene-Pocillopora_meandrina_HIv1___RNAseq.g8568.t1,2,TRUE,TRUE
Pocillopora tuahiniensis,gene-Pocillopora_meandrina_HIv1___RNAseq.g8801.t1,3,TRUE,TRUE
Pocillopora tuahiniensis,gene-Pocillopora_meandrina_HIv1___RNAseq.g8882.t1,3,TRUE,TRUE
Pocillopora tuahiniensis,gene-Pocillopora_meandrina_HIv1___RNAseq.g8908.t1a,3,TRUE,TRUE
Pocillopora tuahiniensis,gene-Pocillopora_meandrina_HIv1___RNAseq.g8934.t1,3,TRUE,TRUE
Pocillopora tuahiniensis,gene-Pocillopora_meandrina_HIv1___RNAseq.g8944.t1,2,TRUE,TRUE
Pocillopora tuahiniensis,gene-Pocillopora_meandrina_HIv1___RNAseq.g9035.t1a,2,TRUE,TRUE
Pocillopora tuahiniensis,gene-Pocillopora_meandrina_HIv1___RNAseq.g9038.t2,3,TRUE,TRUE
Pocillopora tuahiniensis,gene-Pocillopora_meandrina_HIv1___RNAseq.g9050.t1,3,TRUE,TRUE
Pocillopora tuahiniensis,gene-Pocillopora_meandrina_HIv1___RNAseq.g9100.t1,4,TRUE,TRUE
Pocillopora tuahiniensis,gene-Pocillopora_meandrina_HIv1___RNAseq.g9121.t1,2,TRUE,TRUE
Pocillopora tuahiniensis,gene-Pocillopora_meandrina_HIv1___RNAseq.g9181.t1,2,TRUE,TRUE
Pocillopora tuahiniensis,gene-Pocillopora_meandrina_HIv1___RNAseq.g9220.t1,3,TRUE,TRUE
Pocillopora tuahiniensis,gene-Pocillopora_meandrina_HIv1___RNAseq.g9248.t1,2,TRUE,TRUE
Pocillopora tuahiniensis,gene-Pocillopora_meandrina_HIv1___RNAseq.g9576.t1,4,TRUE,TRUE
Pocillopora tuahiniensis,gene-Pocillopora_meandrina_HIv1___RNAseq.g9941.t1,3,TRUE,TRUE
Pocillopora tuahiniensis,gene-Pocillopora_meandrina_HIv1___TS.g10042.t2b,3,TRUE,TRUE
Pocillopora tuahiniensis,gene-Pocillopora_meandrina_HIv1___TS.g10601.t1,3,TRUE,TRUE
Pocillopora tuahiniensis,gene-Pocillopora_meandrina_HIv1___TS.g11373.t1,4,TRUE,TRUE
Pocillopora tuahiniensis,gene-Pocillopora_meandrina_HIv1___TS.g11452.t1,4,TRUE,TRUE
Pocillopora tuahiniensis,gene-Pocillopora_meandrina_HIv1___TS.g11562.t1,3,TRUE,TRUE
Pocillopora tuahiniensis,gene-Pocillopora_meandrina_HIv1___TS.g12462.t1,2,TRUE,TRUE
Pocillopora tuahiniensis,gene-Pocillopora_meandrina_HIv1___TS.g12542.t1b,2,TRUE,TRUE
Pocillopora tuahiniensis,gene-Pocillopora_meandrina_HIv1___TS.g12796.t1,3,TRUE,TRUE
Pocillopora tuahiniensis,gene-Pocillopora_meandrina_HIv1___TS.g1284.t1,3,TRUE,TRUE
Pocillopora tuahiniensis,gene-Pocillopora_meandrina_HIv1___TS.g13158.t1,4,TRUE,TRUE
Pocillopora tuahiniensis,gene-Pocillopora_meandrina_HIv1___TS.g14154.t1b,2,TRUE,TRUE
Pocillopora tuahiniensis,gene-Pocillopora_meandrina_HIv1___TS.g14248.t1,3,TRUE,TRUE
Pocillopora tuahiniensis,gene-Pocillopora_meandrina_HIv1___TS.g14686.t1b,2,TRUE,TRUE
Pocillopora tuahiniensis,gene-Pocillopora_meandrina_HIv1___TS.g14688.t1,2,TRUE,TRUE
Pocillopora tuahiniensis,gene-Pocillopora_meandrina_HIv1___TS.g14870.t1,2,TRUE,TRUE
Pocillopora tuahiniensis,gene-Pocillopora_meandrina_HIv1___TS.g14895.t2,3,TRUE,TRUE
Pocillopora tuahiniensis,gene-Pocillopora_meandrina_HIv1___TS.g1525.t1,3,TRUE,TRUE
Pocillopora tuahiniensis,gene-Pocillopora_meandrina_HIv1___TS.g15340.t1,3,TRUE,TRUE
Pocillopora tuahiniensis,gene-Pocillopora_meandrina_HIv1___TS.g15477.t1a,3,TRUE,TRUE
Pocillopora tuahiniensis,gene-Pocillopora_meandrina_HIv1___TS.g15595.t1,3,TRUE,TRUE
Pocillopora tuahiniensis,gene-Pocillopora_meandrina_HIv1___TS.g15715.t1,2,TRUE,TRUE
Pocillopora tuahiniensis,gene-Pocillopora_meandrina_HIv1___TS.g15722.t1,4,TRUE,TRUE
Pocillopora tuahiniensis,gene-Pocillopora_meandrina_HIv1___TS.g16005.t1,3,TRUE,TRUE
Pocillopora tuahiniensis,gene-Pocillopora_meandrina_HIv1___TS.g16049.t1,3,TRUE,TRUE
Pocillopora tuahiniensis,gene-Pocillopora_meandrina_HIv1___TS.g16124.t1,2,TRUE,TRUE
Pocillopora tuahiniensis,gene-Pocillopora_meandrina_HIv1___TS.g16192.t1,4,TRUE,TRUE
Pocillopora tuahiniensis,gene-Pocillopora_meandrina_HIv1___TS.g16275.t2,4,TRUE,TRUE
Pocillopora tuahiniensis,gene-Pocillopora_meandrina_HIv1___TS.g16904.t1,3,TRUE,TRUE
Pocillopora tuahiniensis,gene-Pocillopora_meandrina_HIv1___TS.g16960.t1,4,TRUE,TRUE
Pocillopora tuahiniensis,gene-Pocillopora_meandrina_HIv1___TS.g17526.t1,4,TRUE,TRUE
Pocillopora tuahiniensis,gene-Pocillopora_meandrina_HIv1___TS.g17715.t1,2,TRUE,TRUE
Pocillopora tuahiniensis,gene-Pocillopora_meandrina_HIv1___TS.g18012.t1,2,TRUE,TRUE
Pocillopora tuahiniensis,gene-Pocillopora_meandrina_HIv1___TS.g18119.t1,3,TRUE,TRUE
Pocillopora tuahiniensis,gene-Pocillopora_meandrina_HIv1___TS.g18619.t1,2,TRUE,TRUE
Pocillopora tuahiniensis,gene-Pocillopora_meandrina_HIv1___TS.g18624.t1,4,TRUE,TRUE
Pocillopora tuahiniensis,gene-Pocillopora_meandrina_HIv1___TS.g18998.t1,2,TRUE,TRUE
Pocillopora tuahiniensis,gene-Pocillopora_meandrina_HIv1___TS.g19695.t1,2,TRUE,TRUE
Pocillopora tuahiniensis,gene-Pocillopora_meandrina_HIv1___TS.g21178.t1,3,TRUE,TRUE
Pocillopora tuahiniensis,gene-Pocillopora_meandrina_HIv1___TS.g21321.t1,3,TRUE,TRUE
Pocillopora tuahiniensis,gene-Pocillopora_meandrina_HIv1___TS.g2143.t1,4,TRUE,TRUE
Pocillopora tuahiniensis,gene-Pocillopora_meandrina_HIv1___TS.g21907.t1,3,TRUE,TRUE
Pocillopora tuahiniensis,gene-Pocillopora_meandrina_HIv1___TS.g23372.t1,3,TRUE,TRUE
Pocillopora tuahiniensis,gene-Pocillopora_meandrina_HIv1___TS.g23727.t1,4,TRUE,TRUE
Pocillopora tuahiniensis,gene-Pocillopora_meandrina_HIv1___TS.g23867.t1,4,TRUE,TRUE
Pocillopora tuahiniensis,gene-Pocillopora_meandrina_HIv1___TS.g23933.t1,3,TRUE,TRUE
Pocillopora tuahiniensis,gene-Pocillopora_meandrina_HIv1___TS.g24694.t1,3,TRUE,TRUE
Pocillopora tuahiniensis,gene-Pocillopora_meandrina_HIv1___TS.g24763.t1a,3,TRUE,TRUE
Pocillopora tuahiniensis,gene-Pocillopora_meandrina_HIv1___TS.g24824.t1,4,TRUE,TRUE
Pocillopora tuahiniensis,gene-Pocillopora_meandrina_HIv1___TS.g25133.t1,4,TRUE,TRUE
Pocillopora tuahiniensis,gene-Pocillopora_meandrina_HIv1___TS.g2605.t1,3,TRUE,TRUE
Pocillopora tuahiniensis,gene-Pocillopora_meandrina_HIv1___TS.g26554.t1,3,TRUE,TRUE
Pocillopora tuahiniensis,gene-Pocillopora_meandrina_HIv1___TS.g26741.t1,3,TRUE,TRUE
Pocillopora tuahiniensis,gene-Pocillopora_meandrina_HIv1___TS.g27606.t1,3,TRUE,TRUE
Pocillopora tuahiniensis,gene-Pocillopora_meandrina_HIv1___TS.g27663.t1,4,TRUE,TRUE
Pocillopora tuahiniensis,gene-Pocillopora_meandrina_HIv1___TS.g27804.t1,2,TRUE,TRUE
Pocillopora tuahiniensis,gene-Pocillopora_meandrina_HIv1___TS.g27940.t1,4,TRUE,TRUE
Pocillopora tuahiniensis,gene-Pocillopora_meandrina_HIv1___TS.g27978.t1,2,TRUE,TRUE
Pocillopora tuahiniensis,gene-Pocillopora_meandrina_HIv1___TS.g28748.t1,3,TRUE,TRUE
Pocillopora tuahiniensis,gene-Pocillopora_meandrina_HIv1___TS.g29446.t1,2,TRUE,TRUE
Pocillopora tuahiniensis,gene-Pocillopora_meandrina_HIv1___TS.g29461.t1,3,TRUE,TRUE
Pocillopora tuahiniensis,gene-Pocillopora_meandrina_HIv1___TS.g29695.t1,2,TRUE,TRUE
Pocillopora tuahiniensis,gene-Pocillopora_meandrina_HIv1___TS.g3041.t1,3,TRUE,TRUE
Pocillopora tuahiniensis,gene-Pocillopora_meandrina_HIv1___TS.g313.t1,3,TRUE,TRUE
Pocillopora tuahiniensis,gene-Pocillopora_meandrina_HIv1___TS.g3194.t1,3,TRUE,TRUE
Pocillopora tuahiniensis,gene-Pocillopora_meandrina_HIv1___TS.g3350.t1,2,TRUE,TRUE
Pocillopora tuahiniensis,gene-Pocillopora_meandrina_HIv1___TS.g3356.t1a,4,TRUE,TRUE
Pocillopora tuahiniensis,gene-Pocillopora_meandrina_HIv1___TS.g3887.t1,3,TRUE,TRUE
Pocillopora tuahiniensis,gene-Pocillopora_meandrina_HIv1___TS.g389.t1,3,TRUE,TRUE
Pocillopora tuahiniensis,gene-Pocillopora_meandrina_HIv1___TS.g412.t1,2,TRUE,TRUE
Pocillopora tuahiniensis,gene-Pocillopora_meandrina_HIv1___TS.g4124.t1,2,TRUE,TRUE
Pocillopora tuahiniensis,gene-Pocillopora_meandrina_HIv1___TS.g4313.t1,3,TRUE,TRUE
Pocillopora tuahiniensis,gene-Pocillopora_meandrina_HIv1___TS.g4578.t1,3,TRUE,TRUE
Pocillopora tuahiniensis,gene-Pocillopora_meandrina_HIv1___TS.g480.t1,2,TRUE,TRUE
Pocillopora tuahiniensis,gene-Pocillopora_meandrina_HIv1___TS.g5723.t1,4,TRUE,TRUE
Pocillopora tuahiniensis,gene-Pocillopora_meandrina_HIv1___TS.g635.t1,4,TRUE,TRUE
Pocillopora tuahiniensis,gene-Pocillopora_meandrina_HIv1___TS.g6589.t1b,2,TRUE,TRUE
Pocillopora tuahiniensis,gene-Pocillopora_meandrina_HIv1___TS.g6909.t1,2,TRUE,TRUE
Pocillopora tuahiniensis,gene-Pocillopora_meandrina_HIv1___TS.g6931.t1,2,TRUE,TRUE
Pocillopora tuahiniensis,gene-Pocillopora_meandrina_HIv1___TS.g7260.t1,3,TRUE,TRUE
Pocillopora tuahiniensis,gene-Pocillopora_meandrina_HIv1___TS.g7489.t1,2,TRUE,TRUE
Pocillopora tuahiniensis,gene-Pocillopora_meandrina_HIv1___TS.g7608.t1,3,TRUE,TRUE
Pocillopora tuahiniensis,gene-Pocillopora_meandrina_HIv1___TS.g8404.t1,3,TRUE,TRUE
Pocillopora tuahiniensis,gene-Pocillopora_meandrina_HIv1___TS.g8506.t1,3,TRUE,TRUE
Pocillopora tuahiniensis,gene-Pocillopora_meandrina_HIv1___TS.g8721.t1,3,TRUE,TRUE
Pocillopora tuahiniensis,gene-Pocillopora_meandrina_HIv1___TS.g8723.t1,4,TRUE,TRUE
Pocillopora tuahiniensis,gene-Pocillopora_meandrina_HIv1___TS.g8816.t1,4,TRUE,TRUE
Pocillopora tuahiniensis,gene-Pocillopora_meandrina_HIv1___TS.g8829.t1,3,TRUE,TRUE
Pocillopora tuahiniensis,gene-Pocillopora_meandrina_HIv1___TS.g9289.t1,3,TRUE,TRUE
Pocillopora tuahiniensis,gene-Pocillopora_meandrina_HIv1___TS.g9460.t1,3,TRUE,TRUE
Pocillopora tuahiniensis,gene-Pocillopora_meandrina_HIv1___TS.g9705.t1a,4,TRUE,TRUE
Pocillopora tuahiniensis,gene-Pocillopora_meandrina_HIv1___TS.g9912.t1,4,TRUE,TRUE
Porites evermanni,gene-Peve_00000018,4,TRUE,TRUE
Porites evermanni,gene-Peve_00000053,2,TRUE,TRUE
Porites evermanni,gene-Peve_00000071,3,TRUE,TRUE
Porites evermanni,gene-Peve_00000110,3,TRUE,TRUE
Porites evermanni,gene-Peve_00000130,2,TRUE,TRUE
Porites evermanni,gene-Peve_00000144,3,TRUE,TRUE
Porites evermanni,gene-Peve_00000158,4,TRUE,TRUE
Porites evermanni,gene-Peve_00000159,3,TRUE,TRUE
Porites evermanni,gene-Peve_00000188,3,TRUE,TRUE
Porites evermanni,gene-Peve_00000252,2,TRUE,TRUE
Porites evermanni,gene-Peve_00000258,3,TRUE,TRUE
Porites evermanni,gene-Peve_00000275,2,TRUE,TRUE
Porites evermanni,gene-Peve_00000325,3,TRUE,TRUE
Porites evermanni,gene-Peve_00000333,2,TRUE,TRUE
Porites evermanni,gene-Peve_00000410,4,TRUE,TRUE
Porites evermanni,gene-Peve_00000421,4,TRUE,TRUE
Porites evermanni,gene-Peve_00000423,4,TRUE,TRUE
Porites evermanni,gene-Peve_00000430,3,TRUE,TRUE
Porites evermanni,gene-Peve_00000444,2,TRUE,TRUE
Porites evermanni,gene-Peve_00000450,3,TRUE,TRUE
Porites evermanni,gene-Peve_00000468,4,TRUE,TRUE
Porites evermanni,gene-Peve_00000491,3,TRUE,TRUE
Porites evermanni,gene-Peve_00000534,2,TRUE,TRUE
Porites evermanni,gene-Peve_00000554,3,TRUE,TRUE
Porites evermanni,gene-Peve_00000556,3,TRUE,TRUE
Porites evermanni,gene-Peve_00000584,3,TRUE,TRUE
Porites evermanni,gene-Peve_00000616,4,TRUE,TRUE
Porites evermanni,gene-Peve_00000624,3,TRUE,TRUE
Porites evermanni,gene-Peve_00000630,2,TRUE,TRUE
Porites evermanni,gene-Peve_00000643,4,TRUE,TRUE
Porites evermanni,gene-Peve_00000733,3,TRUE,TRUE
Porites evermanni,gene-Peve_00000738,4,TRUE,TRUE
Porites evermanni,gene-Peve_00000760,3,TRUE,TRUE
Porites evermanni,gene-Peve_00000836,3,TRUE,TRUE
Porites evermanni,gene-Peve_00000847,3,TRUE,TRUE
Porites evermanni,gene-Peve_00000855,2,TRUE,TRUE
Porites evermanni,gene-Peve_00000858,3,TRUE,TRUE
Porites evermanni,gene-Peve_00000862,2,TRUE,TRUE
Porites evermanni,gene-Peve_00000878,3,TRUE,TRUE
Porites evermanni,gene-Peve_00000881,4,TRUE,TRUE
Porites evermanni,gene-Peve_00000953,3,TRUE,TRUE
Porites evermanni,gene-Peve_00001032,2,TRUE,TRUE
Porites evermanni,gene-Peve_00001072,4,TRUE,TRUE
Porites evermanni,gene-Peve_00001075,2,TRUE,TRUE
Porites evermanni,gene-Peve_00001084,2,TRUE,TRUE
Porites evermanni,gene-Peve_00001095,3,TRUE,TRUE
Porites evermanni,gene-Peve_00001185,4,TRUE,TRUE
Porites evermanni,gene-Peve_00001206,4,TRUE,TRUE
Porites evermanni,gene-Peve_00001267,3,TRUE,TRUE
Porites evermanni,gene-Peve_00001339,2,TRUE,TRUE
Porites evermanni,gene-Peve_00001452,2,TRUE,TRUE
Porites evermanni,gene-Peve_00001473,2,TRUE,TRUE
Porites evermanni,gene-Peve_00001508,3,TRUE,TRUE
Porites evermanni,gene-Peve_00001535,4,TRUE,TRUE
Porites evermanni,gene-Peve_00001551,2,TRUE,TRUE
Porites evermanni,gene-Peve_00001556,3,TRUE,TRUE
Porites evermanni,gene-Peve_00001567,2,TRUE,TRUE
Porites evermanni,gene-Peve_00001603,3,TRUE,TRUE
Porites evermanni,gene-Peve_00001613,2,TRUE,TRUE
Porites evermanni,gene-Peve_00001626,2,TRUE,TRUE
Porites evermanni,gene-Peve_00001639,2,TRUE,TRUE
Porites evermanni,gene-Peve_00001742,2,TRUE,TRUE
Porites evermanni,gene-Peve_00001785,3,TRUE,TRUE
Porites evermanni,gene-Peve_00001794,4,TRUE,TRUE
Porites evermanni,gene-Peve_00001795,2,TRUE,TRUE
Porites evermanni,gene-Peve_00001810,3,TRUE,TRUE
Porites evermanni,gene-Peve_00001836,4,TRUE,TRUE
Porites evermanni,gene-Peve_00001940,2,TRUE,TRUE
Porites evermanni,gene-Peve_00001968,2,TRUE,TRUE
Porites evermanni,gene-Peve_00002074,2,TRUE,TRUE
Porites evermanni,gene-Peve_00002091,3,TRUE,TRUE
Porites evermanni,gene-Peve_00002210,3,TRUE,TRUE
Porites evermanni,gene-Peve_00002231,2,TRUE,TRUE
Porites evermanni,gene-Peve_00002258,2,TRUE,TRUE
Porites evermanni,gene-Peve_00002264,2,TRUE,TRUE
Porites evermanni,gene-Peve_00002357,2,TRUE,TRUE
Porites evermanni,gene-Peve_00002359,4,TRUE,TRUE
Porites evermanni,gene-Peve_00002432,4,TRUE,TRUE
Porites evermanni,gene-Peve_00002434,3,TRUE,TRUE
Porites evermanni,gene-Peve_00002448,2,TRUE,TRUE
Porites evermanni,gene-Peve_00002506,2,TRUE,TRUE
Porites evermanni,gene-Peve_00002531,3,TRUE,TRUE
Porites evermanni,gene-Peve_00002585,3,TRUE,TRUE
Porites evermanni,gene-Peve_00002614,2,TRUE,TRUE
Porites evermanni,gene-Peve_00002713,2,TRUE,TRUE
Porites evermanni,gene-Peve_00002904,2,TRUE,TRUE
Porites evermanni,gene-Peve_00002938,2,TRUE,TRUE
Porites evermanni,gene-Peve_00002970,3,TRUE,TRUE
Porites evermanni,gene-Peve_00003040,4,TRUE,TRUE
Porites evermanni,gene-Peve_00003090,2,TRUE,TRUE
Porites evermanni,gene-Peve_00003092,3,TRUE,TRUE
Porites evermanni,gene-Peve_00003098,3,TRUE,TRUE
Porites evermanni,gene-Peve_00003144,2,TRUE,TRUE
Porites evermanni,gene-Peve_00003191,3,TRUE,TRUE
Porites evermanni,gene-Peve_00003215,4,TRUE,TRUE
Porites evermanni,gene-Peve_00003271,2,TRUE,TRUE
Porites evermanni,gene-Peve_00003342,3,TRUE,TRUE
Porites evermanni,gene-Peve_00003410,3,TRUE,TRUE
Porites evermanni,gene-Peve_00003433,3,TRUE,TRUE
Porites evermanni,gene-Peve_00003620,4,TRUE,TRUE
Porites evermanni,gene-Peve_00003640,3,TRUE,TRUE
Porites evermanni,gene-Peve_00003710,3,TRUE,TRUE
Porites evermanni,gene-Peve_00003722,4,TRUE,TRUE
Porites evermanni,gene-Peve_00003752,4,TRUE,TRUE
Porites evermanni,gene-Peve_00003819,2,TRUE,TRUE
Porites evermanni,gene-Peve_00003820,2,TRUE,TRUE
Porites evermanni,gene-Peve_00003844,2,TRUE,TRUE
Porites evermanni,gene-Peve_00003849,3,TRUE,TRUE
Porites evermanni,gene-Peve_00003862,2,TRUE,TRUE
Porites evermanni,gene-Peve_00003905,2,TRUE,TRUE
Porites evermanni,gene-Peve_00003971,4,TRUE,TRUE
Porites evermanni,gene-Peve_00004037,4,TRUE,TRUE
Porites evermanni,gene-Peve_00004203,2,TRUE,TRUE
Porites evermanni,gene-Peve_00004231,4,TRUE,TRUE
Porites evermanni,gene-Peve_00004243,2,TRUE,TRUE
Porites evermanni,gene-Peve_00004256,2,TRUE,TRUE
Porites evermanni,gene-Peve_00004267,2,TRUE,TRUE
Porites evermanni,gene-Peve_00004390,4,TRUE,TRUE
Porites evermanni,gene-Peve_00004609,2,TRUE,TRUE
Porites evermanni,gene-Peve_00004623,3,TRUE,TRUE
Porites evermanni,gene-Peve_00004653,3,TRUE,TRUE
Porites evermanni,gene-Peve_00004660,3,TRUE,TRUE
Porites evermanni,gene-Peve_00004685,3,TRUE,TRUE
Porites evermanni,gene-Peve_00004688,4,TRUE,TRUE
Porites evermanni,gene-Peve_00004696,3,TRUE,TRUE
Porites evermanni,gene-Peve_00004733,2,TRUE,TRUE
Porites evermanni,gene-Peve_00004923,2,TRUE,TRUE
Porites evermanni,gene-Peve_00004987,2,TRUE,TRUE
Porites evermanni,gene-Peve_00004990,2,TRUE,TRUE
Porites evermanni,gene-Peve_00005010,2,TRUE,TRUE
Porites evermanni,gene-Peve_00005028,4,TRUE,TRUE
Porites evermanni,gene-Peve_00005040,3,TRUE,TRUE
Porites evermanni,gene-Peve_00005056,2,TRUE,TRUE
Porites evermanni,gene-Peve_00005076,3,TRUE,TRUE
Porites evermanni,gene-Peve_00005081,3,TRUE,TRUE
Porites evermanni,gene-Peve_00005118,3,TRUE,TRUE
Porites evermanni,gene-Peve_00005142,4,TRUE,TRUE
Porites evermanni,gene-Peve_00005145,3,TRUE,TRUE
Porites evermanni,gene-Peve_00005172,3,TRUE,TRUE
Porites evermanni,gene-Peve_00005369,2,TRUE,TRUE
Porites evermanni,gene-Peve_00005393,3,TRUE,TRUE
Porites evermanni,gene-Peve_00005443,3,TRUE,TRUE
Porites evermanni,gene-Peve_00005453,4,TRUE,TRUE
Porites evermanni,gene-Peve_00005454,2,TRUE,TRUE
Porites evermanni,gene-Peve_00005461,2,TRUE,TRUE
Porites evermanni,gene-Peve_00005479,4,TRUE,TRUE
Porites evermanni,gene-Peve_00005505,4,TRUE,TRUE
Porites evermanni,gene-Peve_00005513,2,TRUE,TRUE
Porites evermanni,gene-Peve_00005602,3,TRUE,TRUE
Porites evermanni,gene-Peve_00005604,2,TRUE,TRUE
Porites evermanni,gene-Peve_00005642,2,TRUE,TRUE
Porites evermanni,gene-Peve_00005659,3,TRUE,TRUE
Porites evermanni,gene-Peve_00005667,2,TRUE,TRUE
Porites evermanni,gene-Peve_00005668,2,TRUE,TRUE
Porites evermanni,gene-Peve_00005724,2,TRUE,TRUE
Porites evermanni,gene-Peve_00005895,3,TRUE,TRUE
Porites evermanni,gene-Peve_00006054,4,TRUE,TRUE
Porites evermanni,gene-Peve_00006090,3,TRUE,TRUE
Porites evermanni,gene-Peve_00006094,3,TRUE,TRUE
Porites evermanni,gene-Peve_00006109,3,TRUE,TRUE
Porites evermanni,gene-Peve_00006110,3,TRUE,TRUE
Porites evermanni,gene-Peve_00006182,3,TRUE,TRUE
Porites evermanni,gene-Peve_00006184,4,TRUE,TRUE
Porites evermanni,gene-Peve_00006305,3,TRUE,TRUE
Porites evermanni,gene-Peve_00006456,3,TRUE,TRUE
Porites evermanni,gene-Peve_00006531,3,TRUE,TRUE
Porites evermanni,gene-Peve_00006585,3,TRUE,TRUE
Porites evermanni,gene-Peve_00006588,3,TRUE,TRUE
Porites evermanni,gene-Peve_00006589,2,TRUE,TRUE
Porites evermanni,gene-Peve_00006633,4,TRUE,TRUE
Porites evermanni,gene-Peve_00006643,3,TRUE,TRUE
Porites evermanni,gene-Peve_00006646,2,TRUE,TRUE
Porites evermanni,gene-Peve_00006699,2,TRUE,TRUE
Porites evermanni,gene-Peve_00006819,4,TRUE,TRUE
Porites evermanni,gene-Peve_00006914,3,TRUE,TRUE
Porites evermanni,gene-Peve_00006925,2,TRUE,TRUE
Porites evermanni,gene-Peve_00006930,4,TRUE,TRUE
Porites evermanni,gene-Peve_00006931,3,TRUE,TRUE
Porites evermanni,gene-Peve_00007052,4,TRUE,TRUE
Porites evermanni,gene-Peve_00007073,2,TRUE,TRUE
Porites evermanni,gene-Peve_00007089,2,TRUE,TRUE
Porites evermanni,gene-Peve_00007102,3,TRUE,TRUE
Porites evermanni,gene-Peve_00007151,3,TRUE,TRUE
Porites evermanni,gene-Peve_00007184,3,TRUE,TRUE
Porites evermanni,gene-Peve_00007300,2,TRUE,TRUE
Porites evermanni,gene-Peve_00007408,3,TRUE,TRUE
Porites evermanni,gene-Peve_00007541,3,TRUE,TRUE
Porites evermanni,gene-Peve_00007563,3,TRUE,TRUE
Porites evermanni,gene-Peve_00007608,2,TRUE,TRUE
Porites evermanni,gene-Peve_00007657,3,TRUE,TRUE
Porites evermanni,gene-Peve_00007677,2,TRUE,TRUE
Porites evermanni,gene-Peve_00007716,2,TRUE,TRUE
Porites evermanni,gene-Peve_00007839,3,TRUE,TRUE
Porites evermanni,gene-Peve_00007864,2,TRUE,TRUE
Porites evermanni,gene-Peve_00008023,4,TRUE,TRUE
Porites evermanni,gene-Peve_00008031,2,TRUE,TRUE
Porites evermanni,gene-Peve_00008057,3,TRUE,TRUE
Porites evermanni,gene-Peve_00008058,3,TRUE,TRUE
Porites evermanni,gene-Peve_00008061,3,TRUE,TRUE
Porites evermanni,gene-Peve_00008175,2,TRUE,TRUE
Porites evermanni,gene-Peve_00008244,3,TRUE,TRUE
Porites evermanni,gene-Peve_00008259,3,TRUE,TRUE
Porites evermanni,gene-Peve_00008270,4,TRUE,TRUE
Porites evermanni,gene-Peve_00008345,3,TRUE,TRUE
Porites evermanni,gene-Peve_00008352,3,TRUE,TRUE
Porites evermanni,gene-Peve_00008353,4,TRUE,TRUE
Porites evermanni,gene-Peve_00008361,4,TRUE,TRUE
Porites evermanni,gene-Peve_00008384,4,TRUE,TRUE
Porites evermanni,gene-Peve_00008410,3,TRUE,TRUE
Porites evermanni,gene-Peve_00008489,3,TRUE,TRUE
Porites evermanni,gene-Peve_00008490,3,TRUE,TRUE
Porites evermanni,gene-Peve_00008559,4,TRUE,TRUE
Porites evermanni,gene-Peve_00008626,3,TRUE,TRUE
Porites evermanni,gene-Peve_00008654,2,TRUE,TRUE
Porites evermanni,gene-Peve_00008735,3,TRUE,TRUE
Porites evermanni,gene-Peve_00008774,4,TRUE,TRUE
Porites evermanni,gene-Peve_00008788,2,TRUE,TRUE
Porites evermanni,gene-Peve_00008803,3,TRUE,TRUE
Porites evermanni,gene-Peve_00008834,2,TRUE,TRUE
Porites evermanni,gene-Peve_00008917,3,TRUE,TRUE
Porites evermanni,gene-Peve_00008980,3,TRUE,TRUE
Porites evermanni,gene-Peve_00009011,3,TRUE,TRUE
Porites evermanni,gene-Peve_00009014,3,TRUE,TRUE
Porites evermanni,gene-Peve_00009060,2,TRUE,TRUE
Porites evermanni,gene-Peve_00009110,4,TRUE,TRUE
Porites evermanni,gene-Peve_00009139,4,TRUE,TRUE
Porites evermanni,gene-Peve_00009158,2,TRUE,TRUE
Porites evermanni,gene-Peve_00009185,4,TRUE,TRUE
Porites evermanni,gene-Peve_00009196,2,TRUE,TRUE
Porites evermanni,gene-Peve_00009235,2,TRUE,TRUE
Porites evermanni,gene-Peve_00009236,2,TRUE,TRUE
Porites evermanni,gene-Peve_00009244,2,TRUE,TRUE
Porites evermanni,gene-Peve_00009271,2,TRUE,TRUE
Porites evermanni,gene-Peve_00009296,2,TRUE,TRUE
Porites evermanni,gene-Peve_00009323,3,TRUE,TRUE
Porites evermanni,gene-Peve_00009338,4,TRUE,TRUE
Porites evermanni,gene-Peve_00009342,4,TRUE,TRUE
Porites evermanni,gene-Peve_00009366,2,TRUE,TRUE
Porites evermanni,gene-Peve_00009383,3,TRUE,TRUE
Porites evermanni,gene-Peve_00009384,4,TRUE,TRUE
Porites evermanni,gene-Peve_00009391,2,TRUE,TRUE
Porites evermanni,gene-Peve_00009410,2,TRUE,TRUE
Porites evermanni,gene-Peve_00009446,2,TRUE,TRUE
Porites evermanni,gene-Peve_00009473,3,TRUE,TRUE
Porites evermanni,gene-Peve_00009587,3,TRUE,TRUE
Porites evermanni,gene-Peve_00009715,2,TRUE,TRUE
Porites evermanni,gene-Peve_00009792,3,TRUE,TRUE
Porites evermanni,gene-Peve_00009812,2,TRUE,TRUE
Porites evermanni,gene-Peve_00009813,3,TRUE,TRUE
Porites evermanni,gene-Peve_00009838,3,TRUE,TRUE
Porites evermanni,gene-Peve_00009847,3,TRUE,TRUE
Porites evermanni,gene-Peve_00009885,2,TRUE,TRUE
Porites evermanni,gene-Peve_00009901,3,TRUE,TRUE
Porites evermanni,gene-Peve_00009906,2,TRUE,TRUE
Porites evermanni,gene-Peve_00009939,3,TRUE,TRUE
Porites evermanni,gene-Peve_00009997,4,TRUE,TRUE
Porites evermanni,gene-Peve_00010007,2,TRUE,TRUE
Porites evermanni,gene-Peve_00010011,3,TRUE,TRUE
Porites evermanni,gene-Peve_00010037,3,TRUE,TRUE
Porites evermanni,gene-Peve_00010150,2,TRUE,TRUE
Porites evermanni,gene-Peve_00010185,2,TRUE,TRUE
Porites evermanni,gene-Peve_00010211,2,TRUE,TRUE
Porites evermanni,gene-Peve_00010303,4,TRUE,TRUE
Porites evermanni,gene-Peve_00010349,2,TRUE,TRUE
Porites evermanni,gene-Peve_00010357,3,TRUE,TRUE
Porites evermanni,gene-Peve_00010488,4,TRUE,TRUE
Porites evermanni,gene-Peve_00010491,2,TRUE,TRUE
Porites evermanni,gene-Peve_00010501,2,TRUE,TRUE
Porites evermanni,gene-Peve_00010543,3,TRUE,TRUE
Porites evermanni,gene-Peve_00010619,3,TRUE,TRUE
Porites evermanni,gene-Peve_00010655,2,TRUE,TRUE
Porites evermanni,gene-Peve_00010656,2,TRUE,TRUE
Porites evermanni,gene-Peve_00010806,3,TRUE,TRUE
Porites evermanni,gene-Peve_00010811,2,TRUE,TRUE
Porites evermanni,gene-Peve_00010897,2,TRUE,TRUE
Porites evermanni,gene-Peve_00010919,2,TRUE,TRUE
Porites evermanni,gene-Peve_00010921,2,TRUE,TRUE
Porites evermanni,gene-Peve_00010981,3,TRUE,TRUE
Porites evermanni,gene-Peve_00010992,3,TRUE,TRUE
Porites evermanni,gene-Peve_00010996,2,TRUE,TRUE
Porites evermanni,gene-Peve_00011058,2,TRUE,TRUE
Porites evermanni,gene-Peve_00011059,4,TRUE,TRUE
Porites evermanni,gene-Peve_00011126,3,TRUE,TRUE
Porites evermanni,gene-Peve_00011185,3,TRUE,TRUE
Porites evermanni,gene-Peve_00011218,3,TRUE,TRUE
Porites evermanni,gene-Peve_00011220,3,TRUE,TRUE
Porites evermanni,gene-Peve_00011238,3,TRUE,TRUE
Porites evermanni,gene-Peve_00011262,3,TRUE,TRUE
Porites evermanni,gene-Peve_00011336,2,TRUE,TRUE
Porites evermanni,gene-Peve_00011338,4,TRUE,TRUE
Porites evermanni,gene-Peve_00011409,3,TRUE,TRUE
Porites evermanni,gene-Peve_00011474,4,TRUE,TRUE
Porites evermanni,gene-Peve_00011477,2,TRUE,TRUE
Porites evermanni,gene-Peve_00011478,2,TRUE,TRUE
Porites evermanni,gene-Peve_00011481,2,TRUE,TRUE
Porites evermanni,gene-Peve_00011515,2,TRUE,TRUE
Porites evermanni,gene-Peve_00011567,3,TRUE,TRUE
Porites evermanni,gene-Peve_00011587,2,TRUE,TRUE
Porites evermanni,gene-Peve_00011593,2,TRUE,TRUE
Porites evermanni,gene-Peve_00011644,2,TRUE,TRUE
Porites evermanni,gene-Peve_00011669,2,TRUE,TRUE
Porites evermanni,gene-Peve_00011674,2,TRUE,TRUE
Porites evermanni,gene-Peve_00011710,2,TRUE,TRUE
Porites evermanni,gene-Peve_00011711,2,TRUE,TRUE
Porites evermanni,gene-Peve_00011712,3,TRUE,TRUE
Porites evermanni,gene-Peve_00011717,4,TRUE,TRUE
Porites evermanni,gene-Peve_00011747,4,TRUE,TRUE
Porites evermanni,gene-Peve_00011748,3,TRUE,TRUE
Porites evermanni,gene-Peve_00011749,3,TRUE,TRUE
Porites evermanni,gene-Peve_00011836,3,TRUE,TRUE
Porites evermanni,gene-Peve_00011894,3,TRUE,TRUE
Porites evermanni,gene-Peve_00011898,3,TRUE,TRUE
Porites evermanni,gene-Peve_00011921,2,TRUE,TRUE
Porites evermanni,gene-Peve_00011958,3,TRUE,TRUE
Porites evermanni,gene-Peve_00011973,2,TRUE,TRUE
Porites evermanni,gene-Peve_00011985,2,TRUE,TRUE
Porites evermanni,gene-Peve_00012001,3,TRUE,TRUE
Porites evermanni,gene-Peve_00012028,2,TRUE,TRUE
Porites evermanni,gene-Peve_00012070,2,TRUE,TRUE
Porites evermanni,gene-Peve_00012076,3,TRUE,TRUE
Porites evermanni,gene-Peve_00012362,2,TRUE,TRUE
Porites evermanni,gene-Peve_00012416,2,TRUE,TRUE
Porites evermanni,gene-Peve_00012477,3,TRUE,TRUE
Porites evermanni,gene-Peve_00012483,2,TRUE,TRUE
Porites evermanni,gene-Peve_00012488,2,TRUE,TRUE
Porites evermanni,gene-Peve_00012582,2,TRUE,TRUE
Porites evermanni,gene-Peve_00012666,3,TRUE,TRUE
Porites evermanni,gene-Peve_00012693,2,TRUE,TRUE
Porites evermanni,gene-Peve_00012732,2,TRUE,TRUE
Porites evermanni,gene-Peve_00012739,3,TRUE,TRUE
Porites evermanni,gene-Peve_00012754,4,TRUE,TRUE
Porites evermanni,gene-Peve_00012770,4,TRUE,TRUE
Porites evermanni,gene-Peve_00012782,2,TRUE,TRUE
Porites evermanni,gene-Peve_00012803,4,TRUE,TRUE
Porites evermanni,gene-Peve_00012889,2,TRUE,TRUE
Porites evermanni,gene-Peve_00012935,2,TRUE,TRUE
Porites evermanni,gene-Peve_00012970,3,TRUE,TRUE
Porites evermanni,gene-Peve_00012974,2,TRUE,TRUE
Porites evermanni,gene-Peve_00013031,3,TRUE,TRUE
Porites evermanni,gene-Peve_00013036,3,TRUE,TRUE
Porites evermanni,gene-Peve_00013039,4,TRUE,TRUE
Porites evermanni,gene-Peve_00013114,4,TRUE,TRUE
Porites evermanni,gene-Peve_00013118,2,TRUE,TRUE
Porites evermanni,gene-Peve_00013263,3,TRUE,TRUE
Porites evermanni,gene-Peve_00013286,4,TRUE,TRUE
Porites evermanni,gene-Peve_00013296,2,TRUE,TRUE
Porites evermanni,gene-Peve_00013309,3,TRUE,TRUE
Porites evermanni,gene-Peve_00013536,4,TRUE,TRUE
Porites evermanni,gene-Peve_00013566,4,TRUE,TRUE
Porites evermanni,gene-Peve_00013574,3,TRUE,TRUE
Porites evermanni,gene-Peve_00013580,3,TRUE,TRUE
Porites evermanni,gene-Peve_00013688,3,TRUE,TRUE
Porites evermanni,gene-Peve_00013748,2,TRUE,TRUE
Porites evermanni,gene-Peve_00013761,3,TRUE,TRUE
Porites evermanni,gene-Peve_00013846,3,TRUE,TRUE
Porites evermanni,gene-Peve_00013848,4,TRUE,TRUE
Porites evermanni,gene-Peve_00013861,2,TRUE,TRUE
Porites evermanni,gene-Peve_00013965,3,TRUE,TRUE
Porites evermanni,gene-Peve_00013990,2,TRUE,TRUE
Porites evermanni,gene-Peve_00014028,3,TRUE,TRUE
Porites evermanni,gene-Peve_00014031,4,TRUE,TRUE
Porites evermanni,gene-Peve_00014049,2,TRUE,TRUE
Porites evermanni,gene-Peve_00014055,4,TRUE,TRUE
Porites evermanni,gene-Peve_00014056,2,TRUE,TRUE
Porites evermanni,gene-Peve_00014073,2,TRUE,TRUE
Porites evermanni,gene-Peve_00014105,2,TRUE,TRUE
Porites evermanni,gene-Peve_00014146,2,TRUE,TRUE
Porites evermanni,gene-Peve_00014291,4,TRUE,TRUE
Porites evermanni,gene-Peve_00014305,3,TRUE,TRUE
Porites evermanni,gene-Peve_00014312,2,TRUE,TRUE
Porites evermanni,gene-Peve_00014314,3,TRUE,TRUE
Porites evermanni,gene-Peve_00014352,3,TRUE,TRUE
Porites evermanni,gene-Peve_00014359,4,TRUE,TRUE
Porites evermanni,gene-Peve_00014383,3,TRUE,TRUE
Porites evermanni,gene-Peve_00014386,3,TRUE,TRUE
Porites evermanni,gene-Peve_00014399,2,TRUE,TRUE
Porites evermanni,gene-Peve_00014407,2,TRUE,TRUE
Porites evermanni,gene-Peve_00014408,2,TRUE,TRUE
Porites evermanni,gene-Peve_00014414,3,TRUE,TRUE
Porites evermanni,gene-Peve_00014513,3,TRUE,TRUE
Porites evermanni,gene-Peve_00014515,3,TRUE,TRUE
Porites evermanni,gene-Peve_00014630,4,TRUE,TRUE
Porites evermanni,gene-Peve_00014637,2,TRUE,TRUE
Porites evermanni,gene-Peve_00014641,3,TRUE,TRUE
Porites evermanni,gene-Peve_00014685,2,TRUE,TRUE
Porites evermanni,gene-Peve_00014730,3,TRUE,TRUE
Porites evermanni,gene-Peve_00014761,2,TRUE,TRUE
Porites evermanni,gene-Peve_00014857,3,TRUE,TRUE
Porites evermanni,gene-Peve_00014865,3,TRUE,TRUE
Porites evermanni,gene-Peve_00014965,2,TRUE,TRUE
Porites evermanni,gene-Peve_00015038,3,TRUE,TRUE
Porites evermanni,gene-Peve_00015136,2,TRUE,TRUE
Porites evermanni,gene-Peve_00015164,3,TRUE,TRUE
Porites evermanni,gene-Peve_00015189,2,TRUE,TRUE
Porites evermanni,gene-Peve_00015210,2,TRUE,TRUE
Porites evermanni,gene-Peve_00015227,2,TRUE,TRUE
Porites evermanni,gene-Peve_00015228,4,TRUE,TRUE
Porites evermanni,gene-Peve_00015252,4,TRUE,TRUE
Porites evermanni,gene-Peve_00015269,3,TRUE,TRUE
Porites evermanni,gene-Peve_00015317,2,TRUE,TRUE
Porites evermanni,gene-Peve_00015451,3,TRUE,TRUE
Porites evermanni,gene-Peve_00015521,3,TRUE,TRUE
Porites evermanni,gene-Peve_00015581,3,TRUE,TRUE
Porites evermanni,gene-Peve_00015590,2,TRUE,TRUE
Porites evermanni,gene-Peve_00015622,2,TRUE,TRUE
Porites evermanni,gene-Peve_00015624,3,TRUE,TRUE
Porites evermanni,gene-Peve_00015631,4,TRUE,TRUE
Porites evermanni,gene-Peve_00015632,3,TRUE,TRUE
Porites evermanni,gene-Peve_00015701,2,TRUE,TRUE
Porites evermanni,gene-Peve_00015715,3,TRUE,TRUE
Porites evermanni,gene-Peve_00015913,2,TRUE,TRUE
Porites evermanni,gene-Peve_00015917,2,TRUE,TRUE
Porites evermanni,gene-Peve_00015970,2,TRUE,TRUE
Porites evermanni,gene-Peve_00016068,3,TRUE,TRUE
Porites evermanni,gene-Peve_00016071,3,TRUE,TRUE
Porites evermanni,gene-Peve_00016095,4,TRUE,TRUE
Porites evermanni,gene-Peve_00016293,4,TRUE,TRUE
Porites evermanni,gene-Peve_00016356,4,TRUE,TRUE
Porites evermanni,gene-Peve_00016379,3,TRUE,TRUE
Porites evermanni,gene-Peve_00016382,4,TRUE,TRUE
Porites evermanni,gene-Peve_00016394,3,TRUE,TRUE
Porites evermanni,gene-Peve_00016503,3,TRUE,TRUE
Porites evermanni,gene-Peve_00016532,3,TRUE,TRUE
Porites evermanni,gene-Peve_00016600,3,TRUE,TRUE
Porites evermanni,gene-Peve_00016693,2,TRUE,TRUE
Porites evermanni,gene-Peve_00016737,2,TRUE,TRUE
Porites evermanni,gene-Peve_00016821,3,TRUE,TRUE
Porites evermanni,gene-Peve_00016833,2,TRUE,TRUE
Porites evermanni,gene-Peve_00016846,2,TRUE,TRUE
Porites evermanni,gene-Peve_00016852,3,TRUE,TRUE
Porites evermanni,gene-Peve_00016863,3,TRUE,TRUE
Porites evermanni,gene-Peve_00016869,3,TRUE,TRUE
Porites evermanni,gene-Peve_00016943,3,TRUE,TRUE
Porites evermanni,gene-Peve_00016957,4,TRUE,TRUE
Porites evermanni,gene-Peve_00016960,4,TRUE,TRUE
Porites evermanni,gene-Peve_00016990,4,TRUE,TRUE
Porites evermanni,gene-Peve_00016998,3,TRUE,TRUE
Porites evermanni,gene-Peve_00017023,3,TRUE,TRUE
Porites evermanni,gene-Peve_00017024,2,TRUE,TRUE
Porites evermanni,gene-Peve_00017032,2,TRUE,TRUE
Porites evermanni,gene-Peve_00017046,2,TRUE,TRUE
Porites evermanni,gene-Peve_00017050,4,TRUE,TRUE
Porites evermanni,gene-Peve_00017059,2,TRUE,TRUE
Porites evermanni,gene-Peve_00017098,3,TRUE,TRUE
Porites evermanni,gene-Peve_00017099,3,TRUE,TRUE
Porites evermanni,gene-Peve_00017124,2,TRUE,TRUE
Porites evermanni,gene-Peve_00017165,2,TRUE,TRUE
Porites evermanni,gene-Peve_00017218,3,TRUE,TRUE
Porites evermanni,gene-Peve_00017230,2,TRUE,TRUE
Porites evermanni,gene-Peve_00017260,4,TRUE,TRUE
Porites evermanni,gene-Peve_00017293,3,TRUE,TRUE
Porites evermanni,gene-Peve_00017437,2,TRUE,TRUE
Porites evermanni,gene-Peve_00017548,3,TRUE,TRUE
Porites evermanni,gene-Peve_00017561,2,TRUE,TRUE
Porites evermanni,gene-Peve_00017575,3,TRUE,TRUE
Porites evermanni,gene-Peve_00017606,4,TRUE,TRUE
Porites evermanni,gene-Peve_00017631,3,TRUE,TRUE
Porites evermanni,gene-Peve_00017633,3,TRUE,TRUE
Porites evermanni,gene-Peve_00017702,3,TRUE,TRUE
Porites evermanni,gene-Peve_00017738,3,TRUE,TRUE
Porites evermanni,gene-Peve_00017786,3,TRUE,TRUE
Porites evermanni,gene-Peve_00017788,3,TRUE,TRUE
Porites evermanni,gene-Peve_00017840,4,TRUE,TRUE
Porites evermanni,gene-Peve_00017902,4,TRUE,TRUE
Porites evermanni,gene-Peve_00017963,3,TRUE,TRUE
Porites evermanni,gene-Peve_00018020,4,TRUE,TRUE
Porites evermanni,gene-Peve_00018063,3,TRUE,TRUE
Porites evermanni,gene-Peve_00018135,2,TRUE,TRUE
Porites evermanni,gene-Peve_00018167,3,TRUE,TRUE
Porites evermanni,gene-Peve_00018222,3,TRUE,TRUE
Porites evermanni,gene-Peve_00018224,2,TRUE,TRUE
Porites evermanni,gene-Peve_00018226,3,TRUE,TRUE
Porites evermanni,gene-Peve_00018255,4,TRUE,TRUE
Porites evermanni,gene-Peve_00018272,2,TRUE,TRUE
Porites evermanni,gene-Peve_00018326,3,TRUE,TRUE
Porites evermanni,gene-Peve_00018343,2,TRUE,TRUE
Porites evermanni,gene-Peve_00018365,4,TRUE,TRUE
Porites evermanni,gene-Peve_00018403,4,TRUE,TRUE
Porites evermanni,gene-Peve_00018469,2,TRUE,TRUE
Porites evermanni,gene-Peve_00018510,2,TRUE,TRUE
Porites evermanni,gene-Peve_00018607,3,TRUE,TRUE
Porites evermanni,gene-Peve_00018629,3,TRUE,TRUE
Porites evermanni,gene-Peve_00018655,4,TRUE,TRUE
Porites evermanni,gene-Peve_00018680,2,TRUE,TRUE
Porites evermanni,gene-Peve_00018700,4,TRUE,TRUE
Porites evermanni,gene-Peve_00018702,4,TRUE,TRUE
Porites evermanni,gene-Peve_00018714,4,TRUE,TRUE
Porites evermanni,gene-Peve_00018785,2,TRUE,TRUE
Porites evermanni,gene-Peve_00018814,3,TRUE,TRUE
Porites evermanni,gene-Peve_00018879,3,TRUE,TRUE
Porites evermanni,gene-Peve_00018932,3,TRUE,TRUE
Porites evermanni,gene-Peve_00019004,3,TRUE,TRUE
Porites evermanni,gene-Peve_00019065,4,TRUE,TRUE
Porites evermanni,gene-Peve_00019104,4,TRUE,TRUE
Porites evermanni,gene-Peve_00019263,3,TRUE,TRUE
Porites evermanni,gene-Peve_00019378,2,TRUE,TRUE
Porites evermanni,gene-Peve_00019452,2,TRUE,TRUE
Porites evermanni,gene-Peve_00019517,2,TRUE,TRUE
Porites evermanni,gene-Peve_00019527,2,TRUE,TRUE
Porites evermanni,gene-Peve_00019552,2,TRUE,TRUE
Porites evermanni,gene-Peve_00019563,2,TRUE,TRUE
Porites evermanni,gene-Peve_00019564,2,TRUE,TRUE
Porites evermanni,gene-Peve_00019625,2,TRUE,TRUE
Porites evermanni,gene-Peve_00019640,3,TRUE,TRUE
Porites evermanni,gene-Peve_00019652,4,TRUE,TRUE
Porites evermanni,gene-Peve_00019657,4,TRUE,TRUE
Porites evermanni,gene-Peve_00019669,3,TRUE,TRUE
Porites evermanni,gene-Peve_00019756,2,TRUE,TRUE
Porites evermanni,gene-Peve_00019763,3,TRUE,TRUE
Porites evermanni,gene-Peve_00019776,2,TRUE,TRUE
Porites evermanni,gene-Peve_00019807,2,TRUE,TRUE
Porites evermanni,gene-Peve_00019829,2,TRUE,TRUE
Porites evermanni,gene-Peve_00019849,3,TRUE,TRUE
Porites evermanni,gene-Peve_00019914,2,TRUE,TRUE
Porites evermanni,gene-Peve_00019926,3,TRUE,TRUE
Porites evermanni,gene-Peve_00019939,2,TRUE,TRUE
Porites evermanni,gene-Peve_00019975,3,TRUE,TRUE
Porites evermanni,gene-Peve_00020028,2,TRUE,TRUE
Porites evermanni,gene-Peve_00020069,2,TRUE,TRUE
Porites evermanni,gene-Peve_00020084,4,TRUE,TRUE
Porites evermanni,gene-Peve_00020119,4,TRUE,TRUE
Porites evermanni,gene-Peve_00020168,4,TRUE,TRUE
Porites evermanni,gene-Peve_00020195,4,TRUE,TRUE
Porites evermanni,gene-Peve_00020206,3,TRUE,TRUE
Porites evermanni,gene-Peve_00020234,4,TRUE,TRUE
Porites evermanni,gene-Peve_00020235,3,TRUE,TRUE
Porites evermanni,gene-Peve_00020241,2,TRUE,TRUE
Porites evermanni,gene-Peve_00020245,2,TRUE,TRUE
Porites evermanni,gene-Peve_00020252,4,TRUE,TRUE
Porites evermanni,gene-Peve_00020286,2,TRUE,TRUE
Porites evermanni,gene-Peve_00020318,3,TRUE,TRUE
Porites evermanni,gene-Peve_00020431,2,TRUE,TRUE
Porites evermanni,gene-Peve_00020446,2,TRUE,TRUE
Porites evermanni,gene-Peve_00020557,3,TRUE,TRUE
Porites evermanni,gene-Peve_00020667,3,TRUE,TRUE
Porites evermanni,gene-Peve_00020673,4,TRUE,TRUE
Porites evermanni,gene-Peve_00020714,3,TRUE,TRUE
Porites evermanni,gene-Peve_00020727,2,TRUE,TRUE
Porites evermanni,gene-Peve_00020757,2,TRUE,TRUE
Porites evermanni,gene-Peve_00020766,4,TRUE,TRUE
Porites evermanni,gene-Peve_00020775,4,TRUE,TRUE
Porites evermanni,gene-Peve_00020828,4,TRUE,TRUE
Porites evermanni,gene-Peve_00020850,4,TRUE,TRUE
Porites evermanni,gene-Peve_00020885,4,TRUE,TRUE
Porites evermanni,gene-Peve_00020902,3,TRUE,TRUE
Porites evermanni,gene-Peve_00020915,2,TRUE,TRUE
Porites evermanni,gene-Peve_00020950,3,TRUE,TRUE
Porites evermanni,gene-Peve_00020982,2,TRUE,TRUE
Porites evermanni,gene-Peve_00021002,2,TRUE,TRUE
Porites evermanni,gene-Peve_00021020,2,TRUE,TRUE
Porites evermanni,gene-Peve_00021115,2,TRUE,TRUE
Porites evermanni,gene-Peve_00021128,3,TRUE,TRUE
Porites evermanni,gene-Peve_00021162,3,TRUE,TRUE
Porites evermanni,gene-Peve_00021201,4,TRUE,TRUE
Porites evermanni,gene-Peve_00021205,2,TRUE,TRUE
Porites evermanni,gene-Peve_00021230,4,TRUE,TRUE
Porites evermanni,gene-Peve_00021266,3,TRUE,TRUE
Porites evermanni,gene-Peve_00021313,2,TRUE,TRUE
Porites evermanni,gene-Peve_00021365,2,TRUE,TRUE
Porites evermanni,gene-Peve_00021444,3,TRUE,TRUE
Porites evermanni,gene-Peve_00021525,4,TRUE,TRUE
Porites evermanni,gene-Peve_00021536,2,TRUE,TRUE
Porites evermanni,gene-Peve_00021564,3,TRUE,TRUE
Porites evermanni,gene-Peve_00021575,3,TRUE,TRUE
Porites evermanni,gene-Peve_00021665,2,TRUE,TRUE
Porites evermanni,gene-Peve_00021669,2,TRUE,TRUE
Porites evermanni,gene-Peve_00021789,4,TRUE,TRUE
Porites evermanni,gene-Peve_00021808,2,TRUE,TRUE
Porites evermanni,gene-Peve_00021839,4,TRUE,TRUE
Porites evermanni,gene-Peve_00021954,4,TRUE,TRUE
Porites evermanni,gene-Peve_00021959,3,TRUE,TRUE
Porites evermanni,gene-Peve_00022088,3,TRUE,TRUE
Porites evermanni,gene-Peve_00022100,3,TRUE,TRUE
Porites evermanni,gene-Peve_00022116,2,TRUE,TRUE
Porites evermanni,gene-Peve_00022273,2,TRUE,TRUE
Porites evermanni,gene-Peve_00022322,3,TRUE,TRUE
Porites evermanni,gene-Peve_00022359,3,TRUE,TRUE
Porites evermanni,gene-Peve_00022413,4,TRUE,TRUE
Porites evermanni,gene-Peve_00022429,2,TRUE,TRUE
Porites evermanni,gene-Peve_00022455,4,TRUE,TRUE
Porites evermanni,gene-Peve_00022511,3,TRUE,TRUE
Porites evermanni,gene-Peve_00022553,2,TRUE,TRUE
Porites evermanni,gene-Peve_00022554,2,TRUE,TRUE
Porites evermanni,gene-Peve_00022562,4,TRUE,TRUE
Porites evermanni,gene-Peve_00022628,4,TRUE,TRUE
Porites evermanni,gene-Peve_00022707,2,TRUE,TRUE
Porites evermanni,gene-Peve_00022739,3,TRUE,TRUE
Porites evermanni,gene-Peve_00022845,4,TRUE,TRUE
Porites evermanni,gene-Peve_00022847,3,TRUE,TRUE
Porites evermanni,gene-Peve_00022851,3,TRUE,TRUE
Porites evermanni,gene-Peve_00022916,2,TRUE,TRUE
Porites evermanni,gene-Peve_00022958,3,TRUE,TRUE
Porites evermanni,gene-Peve_00022979,2,TRUE,TRUE
Porites evermanni,gene-Peve_00022983,4,TRUE,TRUE
Porites evermanni,gene-Peve_00023013,2,TRUE,TRUE
Porites evermanni,gene-Peve_00023021,2,TRUE,TRUE
Porites evermanni,gene-Peve_00023040,2,TRUE,TRUE
Porites evermanni,gene-Peve_00023041,2,TRUE,TRUE
Porites evermanni,gene-Peve_00023072,2,TRUE,TRUE
Porites evermanni,gene-Peve_00023202,4,TRUE,TRUE
Porites evermanni,gene-Peve_00023257,2,TRUE,TRUE
Porites evermanni,gene-Peve_00023273,4,TRUE,TRUE
Porites evermanni,gene-Peve_00023305,2,TRUE,TRUE
Porites evermanni,gene-Peve_00023339,3,TRUE,TRUE
Porites evermanni,gene-Peve_00023342,2,TRUE,TRUE
Porites evermanni,gene-Peve_00023419,4,TRUE,TRUE
Porites evermanni,gene-Peve_00023429,3,TRUE,TRUE
Porites evermanni,gene-Peve_00023458,3,TRUE,TRUE
Porites evermanni,gene-Peve_00023508,3,TRUE,TRUE
Porites evermanni,gene-Peve_00023560,2,TRUE,TRUE
Porites evermanni,gene-Peve_00023603,2,TRUE,TRUE
Porites evermanni,gene-Peve_00023625,2,TRUE,TRUE
Porites evermanni,gene-Peve_00023718,4,TRUE,TRUE
Porites evermanni,gene-Peve_00023834,4,TRUE,TRUE
Porites evermanni,gene-Peve_00023887,2,TRUE,TRUE
Porites evermanni,gene-Peve_00023903,2,TRUE,TRUE
Porites evermanni,gene-Peve_00024045,4,TRUE,TRUE
Porites evermanni,gene-Peve_00024125,2,TRUE,TRUE
Porites evermanni,gene-Peve_00024150,2,TRUE,TRUE
Porites evermanni,gene-Peve_00024168,2,TRUE,TRUE
Porites evermanni,gene-Peve_00024175,2,TRUE,TRUE
Porites evermanni,gene-Peve_00024191,2,TRUE,TRUE
Porites evermanni,gene-Peve_00024192,2,TRUE,TRUE
Porites evermanni,gene-Peve_00024239,4,TRUE,TRUE
Porites evermanni,gene-Peve_00024338,2,TRUE,TRUE
Porites evermanni,gene-Peve_00024402,2,TRUE,TRUE
Porites evermanni,gene-Peve_00024582,3,TRUE,TRUE
Porites evermanni,gene-Peve_00024767,2,TRUE,TRUE
Porites evermanni,gene-Peve_00024768,2,TRUE,TRUE
Porites evermanni,gene-Peve_00024783,3,TRUE,TRUE
Porites evermanni,gene-Peve_00024854,3,TRUE,TRUE
Porites evermanni,gene-Peve_00024874,3,TRUE,TRUE
Porites evermanni,gene-Peve_00024956,3,TRUE,TRUE
Porites evermanni,gene-Peve_00024992,2,TRUE,TRUE
Porites evermanni,gene-Peve_00025002,2,TRUE,TRUE
Porites evermanni,gene-Peve_00025012,3,TRUE,TRUE
Porites evermanni,gene-Peve_00025031,2,TRUE,TRUE
Porites evermanni,gene-Peve_00025041,3,TRUE,TRUE
Porites evermanni,gene-Peve_00025057,2,TRUE,TRUE
Porites evermanni,gene-Peve_00025060,2,TRUE,TRUE
Porites evermanni,gene-Peve_00025142,4,TRUE,TRUE
Porites evermanni,gene-Peve_00025194,2,TRUE,TRUE
Porites evermanni,gene-Peve_00025195,3,TRUE,TRUE
Porites evermanni,gene-Peve_00025235,3,TRUE,TRUE
Porites evermanni,gene-Peve_00025311,4,TRUE,TRUE
Porites evermanni,gene-Peve_00025312,4,TRUE,TRUE
Porites evermanni,gene-Peve_00025325,4,TRUE,TRUE
Porites evermanni,gene-Peve_00025432,2,TRUE,TRUE
Porites evermanni,gene-Peve_00025551,2,TRUE,TRUE
Porites evermanni,gene-Peve_00025553,2,TRUE,TRUE
Porites evermanni,gene-Peve_00025554,2,TRUE,TRUE
Porites evermanni,gene-Peve_00025555,2,TRUE,TRUE
Porites evermanni,gene-Peve_00025567,3,TRUE,TRUE
Porites evermanni,gene-Peve_00025589,2,TRUE,TRUE
Porites evermanni,gene-Peve_00025626,2,TRUE,TRUE
Porites evermanni,gene-Peve_00025629,3,TRUE,TRUE
Porites evermanni,gene-Peve_00025708,2,TRUE,TRUE
Porites evermanni,gene-Peve_00025717,2,TRUE,TRUE
Porites evermanni,gene-Peve_00025718,2,TRUE,TRUE
Porites evermanni,gene-Peve_00025738,3,TRUE,TRUE
Porites evermanni,gene-Peve_00025778,3,TRUE,TRUE
Porites evermanni,gene-Peve_00025907,2,TRUE,TRUE
Porites evermanni,gene-Peve_00025999,3,TRUE,TRUE
Porites evermanni,gene-Peve_00026037,2,TRUE,TRUE
Porites evermanni,gene-Peve_00026065,3,TRUE,TRUE
Porites evermanni,gene-Peve_00026127,2,TRUE,TRUE
Porites evermanni,gene-Peve_00026134,3,TRUE,TRUE
Porites evermanni,gene-Peve_00026432,4,TRUE,TRUE
Porites evermanni,gene-Peve_00026575,3,TRUE,TRUE
Porites evermanni,gene-Peve_00026603,2,TRUE,TRUE
Porites evermanni,gene-Peve_00026647,4,TRUE,TRUE
Porites evermanni,gene-Peve_00026723,3,TRUE,TRUE
Porites evermanni,gene-Peve_00026766,3,TRUE,TRUE
Porites evermanni,gene-Peve_00026816,3,TRUE,TRUE
Porites evermanni,gene-Peve_00026870,3,TRUE,TRUE
Porites evermanni,gene-Peve_00026992,2,TRUE,TRUE
Porites evermanni,gene-Peve_00027042,2,TRUE,TRUE
Porites evermanni,gene-Peve_00027046,3,TRUE,TRUE
Porites evermanni,gene-Peve_00027106,3,TRUE,TRUE
Porites evermanni,gene-Peve_00027139,3,TRUE,TRUE
Porites evermanni,gene-Peve_00027143,4,TRUE,TRUE
Porites evermanni,gene-Peve_00027144,2,TRUE,TRUE
Porites evermanni,gene-Peve_00027184,2,TRUE,TRUE
Porites evermanni,gene-Peve_00027192,4,TRUE,TRUE
Porites evermanni,gene-Peve_00027235,2,TRUE,TRUE
Porites evermanni,gene-Peve_00027257,3,TRUE,TRUE
Porites evermanni,gene-Peve_00027288,4,TRUE,TRUE
Porites evermanni,gene-Peve_00027293,2,TRUE,TRUE
Porites evermanni,gene-Peve_00027323,2,TRUE,TRUE
Porites evermanni,gene-Peve_00027352,2,TRUE,TRUE
Porites evermanni,gene-Peve_00027424,3,TRUE,TRUE
Porites evermanni,gene-Peve_00027451,2,TRUE,TRUE
Porites evermanni,gene-Peve_00027468,2,TRUE,TRUE
Porites evermanni,gene-Peve_00027501,2,TRUE,TRUE
Porites evermanni,gene-Peve_00027620,3,TRUE,TRUE
Porites evermanni,gene-Peve_00027634,3,TRUE,TRUE
Porites evermanni,gene-Peve_00027640,3,TRUE,TRUE
Porites evermanni,gene-Peve_00027643,3,TRUE,TRUE
Porites evermanni,gene-Peve_00027644,2,TRUE,TRUE
Porites evermanni,gene-Peve_00027647,4,TRUE,TRUE
Porites evermanni,gene-Peve_00027655,3,TRUE,TRUE
Porites evermanni,gene-Peve_00027698,3,TRUE,TRUE
Porites evermanni,gene-Peve_00027739,3,TRUE,TRUE
Porites evermanni,gene-Peve_00027740,3,TRUE,TRUE
Porites evermanni,gene-Peve_00027781,3,TRUE,TRUE
Porites evermanni,gene-Peve_00027788,3,TRUE,TRUE
Porites evermanni,gene-Peve_00027803,2,TRUE,TRUE
Porites evermanni,gene-Peve_00027836,2,TRUE,TRUE
Porites evermanni,gene-Peve_00027878,3,TRUE,TRUE
Porites evermanni,gene-Peve_00027902,3,TRUE,TRUE
Porites evermanni,gene-Peve_00027909,4,TRUE,TRUE
Porites evermanni,gene-Peve_00027910,3,TRUE,TRUE
Porites evermanni,gene-Peve_00027946,3,TRUE,TRUE
Porites evermanni,gene-Peve_00027950,3,TRUE,TRUE
Porites evermanni,gene-Peve_00027969,2,TRUE,TRUE
Porites evermanni,gene-Peve_00027970,2,TRUE,TRUE
Porites evermanni,gene-Peve_00027971,2,TRUE,TRUE
Porites evermanni,gene-Peve_00027992,2,TRUE,TRUE
Porites evermanni,gene-Peve_00028001,2,TRUE,TRUE
Porites evermanni,gene-Peve_00028089,3,TRUE,TRUE
Porites evermanni,gene-Peve_00028108,2,TRUE,TRUE
Porites evermanni,gene-Peve_00028121,4,TRUE,TRUE
Porites evermanni,gene-Peve_00028123,3,TRUE,TRUE
Porites evermanni,gene-Peve_00028137,3,TRUE,TRUE
Porites evermanni,gene-Peve_00028142,3,TRUE,TRUE
Porites evermanni,gene-Peve_00028177,2,TRUE,TRUE
Porites evermanni,gene-Peve_00028211,3,TRUE,TRUE
Porites evermanni,gene-Peve_00028278,3,TRUE,TRUE
Porites evermanni,gene-Peve_00028357,3,TRUE,TRUE
Porites evermanni,gene-Peve_00028398,4,TRUE,TRUE
Porites evermanni,gene-Peve_00028400,2,TRUE,TRUE
Porites evermanni,gene-Peve_00028476,4,TRUE,TRUE
Porites evermanni,gene-Peve_00028495,3,TRUE,TRUE
Porites evermanni,gene-Peve_00028553,3,TRUE,TRUE
Porites evermanni,gene-Peve_00028556,3,TRUE,TRUE
Porites evermanni,gene-Peve_00028557,3,TRUE,TRUE
Porites evermanni,gene-Peve_00028575,2,TRUE,TRUE
Porites evermanni,gene-Peve_00028618,2,TRUE,TRUE
Porites evermanni,gene-Peve_00028625,3,TRUE,TRUE
Porites evermanni,gene-Peve_00028690,3,TRUE,TRUE
Porites evermanni,gene-Peve_00028761,3,TRUE,TRUE
Porites evermanni,gene-Peve_00028797,2,TRUE,TRUE
Porites evermanni,gene-Peve_00028826,4,TRUE,TRUE
Porites evermanni,gene-Peve_00028865,3,TRUE,TRUE
Porites evermanni,gene-Peve_00028874,2,TRUE,TRUE
Porites evermanni,gene-Peve_00028880,4,TRUE,TRUE
Porites evermanni,gene-Peve_00028921,3,TRUE,TRUE
Porites evermanni,gene-Peve_00028969,2,TRUE,TRUE
Porites evermanni,gene-Peve_00029058,2,TRUE,TRUE
Porites evermanni,gene-Peve_00029100,3,TRUE,TRUE
Porites evermanni,gene-Peve_00029111,3,TRUE,TRUE
Porites evermanni,gene-Peve_00029125,2,TRUE,TRUE
Porites evermanni,gene-Peve_00029141,2,TRUE,TRUE
Porites evermanni,gene-Peve_00029210,2,TRUE,TRUE
Porites evermanni,gene-Peve_00029219,2,TRUE,TRUE
Porites evermanni,gene-Peve_00029375,3,TRUE,TRUE
Porites evermanni,gene-Peve_00029410,3,TRUE,TRUE
Porites evermanni,gene-Peve_00029463,2,TRUE,TRUE
Porites evermanni,gene-Peve_00029524,4,TRUE,TRUE
Porites evermanni,gene-Peve_00029536,2,TRUE,TRUE
Porites evermanni,gene-Peve_00029593,3,TRUE,TRUE
Porites evermanni,gene-Peve_00029612,2,TRUE,TRUE
Porites evermanni,gene-Peve_00029666,3,TRUE,TRUE
Porites evermanni,gene-Peve_00029680,4,TRUE,TRUE
Porites evermanni,gene-Peve_00029716,3,TRUE,TRUE
Porites evermanni,gene-Peve_00029739,3,TRUE,TRUE
Porites evermanni,gene-Peve_00029773,2,TRUE,TRUE
Porites evermanni,gene-Peve_00029776,2,TRUE,TRUE
Porites evermanni,gene-Peve_00029877,2,TRUE,TRUE
Porites evermanni,gene-Peve_00029900,3,TRUE,TRUE
Porites evermanni,gene-Peve_00029938,2,TRUE,TRUE
Porites evermanni,gene-Peve_00029981,2,TRUE,TRUE
Porites evermanni,gene-Peve_00029988,3,TRUE,TRUE
Porites evermanni,gene-Peve_00029991,2,TRUE,TRUE
Porites evermanni,gene-Peve_00029992,4,TRUE,TRUE
Porites evermanni,gene-Peve_00030019,4,TRUE,TRUE
Porites evermanni,gene-Peve_00030021,2,TRUE,TRUE
Porites evermanni,gene-Peve_00030138,2,TRUE,TRUE
Porites evermanni,gene-Peve_00030234,2,TRUE,TRUE
Porites evermanni,gene-Peve_00030252,3,TRUE,TRUE
Porites evermanni,gene-Peve_00030267,3,TRUE,TRUE
Porites evermanni,gene-Peve_00030283,2,TRUE,TRUE
Porites evermanni,gene-Peve_00030315,3,TRUE,TRUE
Porites evermanni,gene-Peve_00030383,3,TRUE,TRUE
Porites evermanni,gene-Peve_00030384,4,TRUE,TRUE
Porites evermanni,gene-Peve_00030429,4,TRUE,TRUE
Porites evermanni,gene-Peve_00030481,3,TRUE,TRUE
Porites evermanni,gene-Peve_00030495,3,TRUE,TRUE
Porites evermanni,gene-Peve_00030510,3,TRUE,TRUE
Porites evermanni,gene-Peve_00030558,3,TRUE,TRUE
Porites evermanni,gene-Peve_00030691,3,TRUE,TRUE
Porites evermanni,gene-Peve_00030761,4,TRUE,TRUE
Porites evermanni,gene-Peve_00030767,4,TRUE,TRUE
Porites evermanni,gene-Peve_00030770,2,TRUE,TRUE
Porites evermanni,gene-Peve_00030771,3,TRUE,TRUE
Porites evermanni,gene-Peve_00030789,2,TRUE,TRUE
Porites evermanni,gene-Peve_00030807,3,TRUE,TRUE
Porites evermanni,gene-Peve_00030814,3,TRUE,TRUE
Porites evermanni,gene-Peve_00030815,4,TRUE,TRUE
Porites evermanni,gene-Peve_00030818,2,TRUE,TRUE
Porites evermanni,gene-Peve_00030825,2,TRUE,TRUE
Porites evermanni,gene-Peve_00030828,2,TRUE,TRUE
Porites evermanni,gene-Peve_00030856,2,TRUE,TRUE
Porites evermanni,gene-Peve_00030859,2,TRUE,TRUE
Porites evermanni,gene-Peve_00030910,2,TRUE,TRUE
Porites evermanni,gene-Peve_00030975,2,TRUE,TRUE
Porites evermanni,gene-Peve_00031056,3,TRUE,TRUE
Porites evermanni,gene-Peve_00031139,4,TRUE,TRUE
Porites evermanni,gene-Peve_00031165,3,TRUE,TRUE
Porites evermanni,gene-Peve_00031268,2,TRUE,TRUE
Porites evermanni,gene-Peve_00031273,3,TRUE,TRUE
Porites evermanni,gene-Peve_00031342,3,TRUE,TRUE
Porites evermanni,gene-Peve_00031642,3,TRUE,TRUE
Porites evermanni,gene-Peve_00031669,2,TRUE,TRUE
Porites evermanni,gene-Peve_00031716,3,TRUE,TRUE
Porites evermanni,gene-Peve_00031750,3,TRUE,TRUE
Porites evermanni,gene-Peve_00031784,3,TRUE,TRUE
Porites evermanni,gene-Peve_00031813,2,TRUE,TRUE
Porites evermanni,gene-Peve_00031846,2,TRUE,TRUE
Porites evermanni,gene-Peve_00031900,3,TRUE,TRUE
Porites evermanni,gene-Peve_00031973,3,TRUE,TRUE
Porites evermanni,gene-Peve_00031984,2,TRUE,TRUE
Porites evermanni,gene-Peve_00032020,4,TRUE,TRUE
Porites evermanni,gene-Peve_00032029,3,TRUE,TRUE
Porites evermanni,gene-Peve_00032139,3,TRUE,TRUE
Porites evermanni,gene-Peve_00032165,2,TRUE,TRUE
Porites evermanni,gene-Peve_00032180,2,TRUE,TRUE
Porites evermanni,gene-Peve_00032181,2,TRUE,TRUE
Porites evermanni,gene-Peve_00032407,3,TRUE,TRUE
Porites evermanni,gene-Peve_00032413,2,TRUE,TRUE
Porites evermanni,gene-Peve_00032431,2,TRUE,TRUE
Porites evermanni,gene-Peve_00032476,3,TRUE,TRUE
Porites evermanni,gene-Peve_00032730,4,TRUE,TRUE
Porites evermanni,gene-Peve_00032813,2,TRUE,TRUE
Porites evermanni,gene-Peve_00032815,3,TRUE,TRUE
Porites evermanni,gene-Peve_00032816,2,TRUE,TRUE
Porites evermanni,gene-Peve_00032834,2,TRUE,TRUE
Porites evermanni,gene-Peve_00032887,2,TRUE,TRUE
Porites evermanni,gene-Peve_00032969,2,TRUE,TRUE
Porites evermanni,gene-Peve_00033051,3,TRUE,TRUE
Porites evermanni,gene-Peve_00033296,3,TRUE,TRUE
Porites evermanni,gene-Peve_00033375,3,TRUE,TRUE
Porites evermanni,gene-Peve_00033406,4,TRUE,TRUE
Porites evermanni,gene-Peve_00033428,4,TRUE,TRUE
Porites evermanni,gene-Peve_00033435,3,TRUE,TRUE
Porites evermanni,gene-Peve_00033507,4,TRUE,TRUE
Porites evermanni,gene-Peve_00033510,2,TRUE,TRUE
Porites evermanni,gene-Peve_00033669,3,TRUE,TRUE
Porites evermanni,gene-Peve_00033722,3,TRUE,TRUE
Porites evermanni,gene-Peve_00033733,4,TRUE,TRUE
Porites evermanni,gene-Peve_00033759,4,TRUE,TRUE
Porites evermanni,gene-Peve_00033794,3,TRUE,TRUE
Porites evermanni,gene-Peve_00033924,3,TRUE,TRUE
Porites evermanni,gene-Peve_00034059,3,TRUE,TRUE
Porites evermanni,gene-Peve_00034124,2,TRUE,TRUE
Porites evermanni,gene-Peve_00034199,3,TRUE,TRUE
Porites evermanni,gene-Peve_00034277,2,TRUE,TRUE
Porites evermanni,gene-Peve_00034309,4,TRUE,TRUE
Porites evermanni,gene-Peve_00034325,3,TRUE,TRUE
Porites evermanni,gene-Peve_00034361,2,TRUE,TRUE
Porites evermanni,gene-Peve_00034387,2,TRUE,TRUE
Porites evermanni,gene-Peve_00034520,2,TRUE,TRUE
Porites evermanni,gene-Peve_00034568,2,TRUE,TRUE
Porites evermanni,gene-Peve_00034630,3,TRUE,TRUE
Porites evermanni,gene-Peve_00034637,2,TRUE,TRUE
Porites evermanni,gene-Peve_00034753,2,TRUE,TRUE
Porites evermanni,gene-Peve_00034883,2,TRUE,TRUE
Porites evermanni,gene-Peve_00034950,2,TRUE,TRUE
Porites evermanni,gene-Peve_00034962,4,TRUE,TRUE
Porites evermanni,gene-Peve_00034997,2,TRUE,TRUE
Porites evermanni,gene-Peve_00035023,2,TRUE,TRUE
Porites evermanni,gene-Peve_00035028,2,TRUE,TRUE
Porites evermanni,gene-Peve_00035036,2,TRUE,TRUE
Porites evermanni,gene-Peve_00035050,3,TRUE,TRUE
Porites evermanni,gene-Peve_00035052,2,TRUE,TRUE
Porites evermanni,gene-Peve_00035116,3,TRUE,TRUE
Porites evermanni,gene-Peve_00035191,3,TRUE,TRUE
Porites evermanni,gene-Peve_00035311,2,TRUE,TRUE
Porites evermanni,gene-Peve_00035355,2,TRUE,TRUE
Porites evermanni,gene-Peve_00035360,4,TRUE,TRUE
Porites evermanni,gene-Peve_00035372,4,TRUE,TRUE
Porites evermanni,gene-Peve_00035380,3,TRUE,TRUE
Porites evermanni,gene-Peve_00035404,2,TRUE,TRUE
Porites evermanni,gene-Peve_00035411,2,TRUE,TRUE
Porites evermanni,gene-Peve_00035436,4,TRUE,TRUE
Porites evermanni,gene-Peve_00035471,2,TRUE,TRUE
Porites evermanni,gene-Peve_00035506,3,TRUE,TRUE
Porites evermanni,gene-Peve_00035519,3,TRUE,TRUE
Porites evermanni,gene-Peve_00035530,2,TRUE,TRUE
Porites evermanni,gene-Peve_00035591,2,TRUE,TRUE
Porites evermanni,gene-Peve_00035613,2,TRUE,TRUE
Porites evermanni,gene-Peve_00035640,4,TRUE,TRUE
Porites evermanni,gene-Peve_00035703,3,TRUE,TRUE
Porites evermanni,gene-Peve_00035850,3,TRUE,TRUE
Porites evermanni,gene-Peve_00035924,2,TRUE,TRUE
Porites evermanni,gene-Peve_00035932,3,TRUE,TRUE
Porites evermanni,gene-Peve_00036066,2,TRUE,TRUE
Porites evermanni,gene-Peve_00036117,2,TRUE,TRUE
Porites evermanni,gene-Peve_00036119,4,TRUE,TRUE
Porites evermanni,gene-Peve_00036123,4,TRUE,TRUE
Porites evermanni,gene-Peve_00036136,2,TRUE,TRUE
Porites evermanni,gene-Peve_00036220,2,TRUE,TRUE
Porites evermanni,gene-Peve_00036245,3,TRUE,TRUE
Porites evermanni,gene-Peve_00036273,3,TRUE,TRUE
Porites evermanni,gene-Peve_00036303,3,TRUE,TRUE
Porites evermanni,gene-Peve_00036335,2,TRUE,TRUE
Porites evermanni,gene-Peve_00036344,2,TRUE,TRUE
Porites evermanni,gene-Peve_00036436,4,TRUE,TRUE
Porites evermanni,gene-Peve_00036461,2,TRUE,TRUE
Porites evermanni,gene-Peve_00036515,2,TRUE,TRUE
Porites evermanni,gene-Peve_00036542,4,TRUE,TRUE
Porites evermanni,gene-Peve_00036621,4,TRUE,TRUE
Porites evermanni,gene-Peve_00036662,3,TRUE,TRUE
Porites evermanni,gene-Peve_00036696,3,TRUE,TRUE
Porites evermanni,gene-Peve_00036793,3,TRUE,TRUE
Porites evermanni,gene-Peve_00036801,2,TRUE,TRUE
Porites evermanni,gene-Peve_00036869,2,TRUE,TRUE
Porites evermanni,gene-Peve_00037004,2,TRUE,TRUE
Porites evermanni,gene-Peve_00037005,2,TRUE,TRUE
Porites evermanni,gene-Peve_00037016,2,TRUE,TRUE
Porites evermanni,gene-Peve_00037086,4,TRUE,TRUE
Porites evermanni,gene-Peve_00037155,3,TRUE,TRUE
Porites evermanni,gene-Peve_00037196,4,TRUE,TRUE
Porites evermanni,gene-Peve_00037201,3,TRUE,TRUE
Porites evermanni,gene-Peve_00037256,4,TRUE,TRUE
Porites evermanni,gene-Peve_00037370,4,TRUE,TRUE
Porites evermanni,gene-Peve_00037395,2,TRUE,TRUE
Porites evermanni,gene-Peve_00037438,2,TRUE,TRUE
Porites evermanni,gene-Peve_00037468,2,TRUE,TRUE
Porites evermanni,gene-Peve_00037475,4,TRUE,TRUE
Porites evermanni,gene-Peve_00037528,2,TRUE,TRUE
Porites evermanni,gene-Peve_00037533,2,TRUE,TRUE
Porites evermanni,gene-Peve_00037535,2,TRUE,TRUE
Porites evermanni,gene-Peve_00037571,2,TRUE,TRUE
Porites evermanni,gene-Peve_00037574,2,TRUE,TRUE
Porites evermanni,gene-Peve_00037586,2,TRUE,TRUE
Porites evermanni,gene-Peve_00037628,2,TRUE,TRUE
Porites evermanni,gene-Peve_00037629,3,TRUE,TRUE
Porites evermanni,gene-Peve_00037774,4,TRUE,TRUE
Porites evermanni,gene-Peve_00037820,4,TRUE,TRUE
Porites evermanni,gene-Peve_00037885,2,TRUE,TRUE
Porites evermanni,gene-Peve_00037913,2,TRUE,TRUE
Porites evermanni,gene-Peve_00037975,3,TRUE,TRUE
Porites evermanni,gene-Peve_00038106,3,TRUE,TRUE
Porites evermanni,gene-Peve_00038136,3,TRUE,TRUE
Porites evermanni,gene-Peve_00038189,2,TRUE,TRUE
Porites evermanni,gene-Peve_00038210,2,TRUE,TRUE
Porites evermanni,gene-Peve_00038216,4,TRUE,TRUE
Porites evermanni,gene-Peve_00038224,2,TRUE,TRUE
Porites evermanni,gene-Peve_00038228,4,TRUE,TRUE
Porites evermanni,gene-Peve_00038240,2,TRUE,TRUE
Porites evermanni,gene-Peve_00038271,3,TRUE,TRUE
Porites evermanni,gene-Peve_00038346,2,TRUE,TRUE
Porites evermanni,gene-Peve_00038445,2,TRUE,TRUE
Porites evermanni,gene-Peve_00038482,2,TRUE,TRUE
Porites evermanni,gene-Peve_00038622,2,TRUE,TRUE
Porites evermanni,gene-Peve_00038626,3,TRUE,TRUE
Porites evermanni,gene-Peve_00038709,2,TRUE,TRUE
Porites evermanni,gene-Peve_00038745,2,TRUE,TRUE
Porites evermanni,gene-Peve_00038777,2,TRUE,TRUE
Porites evermanni,gene-Peve_00038843,2,TRUE,TRUE
Porites evermanni,gene-Peve_00038909,2,TRUE,TRUE
Porites evermanni,gene-Peve_00038921,4,TRUE,TRUE
Porites evermanni,gene-Peve_00038947,4,TRUE,TRUE
Porites evermanni,gene-Peve_00038955,2,TRUE,TRUE
Porites evermanni,gene-Peve_00039008,3,TRUE,TRUE
Porites evermanni,gene-Peve_00039020,3,TRUE,TRUE
Porites evermanni,gene-Peve_00039064,3,TRUE,TRUE
Porites evermanni,gene-Peve_00039071,3,TRUE,TRUE
Porites evermanni,gene-Peve_00039193,2,TRUE,TRUE
Porites evermanni,gene-Peve_00039205,2,TRUE,TRUE
Porites evermanni,gene-Peve_00039227,3,TRUE,TRUE
Porites evermanni,gene-Peve_00039280,3,TRUE,TRUE
Porites evermanni,gene-Peve_00039294,2,TRUE,TRUE
Porites evermanni,gene-Peve_00039299,3,TRUE,TRUE
Porites evermanni,gene-Peve_00039303,3,TRUE,TRUE
Porites evermanni,gene-Peve_00039328,2,TRUE,TRUE
Porites evermanni,gene-Peve_00039357,2,TRUE,TRUE
Porites evermanni,gene-Peve_00039370,3,TRUE,TRUE
Porites evermanni,gene-Peve_00039384,2,TRUE,TRUE
Porites evermanni,gene-Peve_00039389,2,TRUE,TRUE
Porites evermanni,gene-Peve_00039427,4,TRUE,TRUE
Porites evermanni,gene-Peve_00039450,3,TRUE,TRUE
Porites evermanni,gene-Peve_00039476,3,TRUE,TRUE
Porites evermanni,gene-Peve_00039493,4,TRUE,TRUE
Porites evermanni,gene-Peve_00039508,4,TRUE,TRUE
Porites evermanni,gene-Peve_00039538,3,TRUE,TRUE
Porites evermanni,gene-Peve_00039540,2,TRUE,TRUE
Porites evermanni,gene-Peve_00039578,4,TRUE,TRUE
Porites evermanni,gene-Peve_00039592,3,TRUE,TRUE
Porites evermanni,gene-Peve_00039665,4,TRUE,TRUE
Porites evermanni,gene-Peve_00039721,2,TRUE,TRUE
Porites evermanni,gene-Peve_00039948,3,TRUE,TRUE
Porites evermanni,gene-Peve_00039991,3,TRUE,TRUE
Porites evermanni,gene-Peve_00040013,2,TRUE,TRUE
Porites evermanni,gene-Peve_00040052,4,TRUE,TRUE
Porites evermanni,gene-Peve_00040094,4,TRUE,TRUE
Porites evermanni,gene-Peve_00040102,2,TRUE,TRUE
Porites evermanni,gene-Peve_00040130,2,TRUE,TRUE
Porites evermanni,gene-Peve_00040134,2,TRUE,TRUE
Porites evermanni,gene-Peve_00040170,4,TRUE,TRUE
Porites evermanni,gene-Peve_00040180,3,TRUE,TRUE
Porites evermanni,gene-Peve_00040197,3,TRUE,TRUE
Porites evermanni,gene-Peve_00040235,2,TRUE,TRUE
Porites evermanni,gene-Peve_00040280,3,TRUE,TRUE
Porites evermanni,gene-Peve_00040321,3,TRUE,TRUE
Porites evermanni,gene-Peve_00040339,3,TRUE,TRUE
Porites evermanni,gene-Peve_00040344,4,TRUE,TRUE
Porites evermanni,gene-Peve_00040348,2,TRUE,TRUE
Porites evermanni,gene-Peve_00040353,3,TRUE,TRUE
Porites evermanni,gene-Peve_00040361,3,TRUE,TRUE
Porites evermanni,gene-Peve_00040503,3,TRUE,TRUE
Porites evermanni,gene-Peve_00040645,3,TRUE,TRUE
Porites evermanni,gene-Peve_00040709,4,TRUE,TRUE
Porites evermanni,gene-Peve_00040712,3,TRUE,TRUE
Porites evermanni,gene-Peve_00040773,2,TRUE,TRUE
Porites evermanni,gene-Peve_00040830,4,TRUE,TRUE
Porites evermanni,gene-Peve_00040895,2,TRUE,TRUE
Porites evermanni,gene-Peve_00040904,3,TRUE,TRUE
Porites evermanni,gene-Peve_00040972,3,TRUE,TRUE
Porites evermanni,gene-Peve_00040997,2,TRUE,TRUE
Porites evermanni,gene-Peve_00041006,4,TRUE,TRUE
Porites evermanni,gene-Peve_00041008,4,TRUE,TRUE
Porites evermanni,gene-Peve_00041010,4,TRUE,TRUE
Porites evermanni,gene-Peve_00041075,2,TRUE,TRUE
Porites evermanni,gene-Peve_00041096,3,TRUE,TRUE
Porites evermanni,gene-Peve_00041188,3,TRUE,TRUE
Porites evermanni,gene-Peve_00041228,2,TRUE,TRUE
Porites evermanni,gene-Peve_00041260,2,TRUE,TRUE
Porites evermanni,gene-Peve_00041272,2,TRUE,TRUE
Porites evermanni,gene-Peve_00041325,2,TRUE,TRUE
Porites evermanni,gene-Peve_00041349,4,TRUE,TRUE
Porites evermanni,gene-Peve_00041350,2,TRUE,TRUE
Porites evermanni,gene-Peve_00041369,2,TRUE,TRUE
Porites evermanni,gene-Peve_00041391,2,TRUE,TRUE
Porites evermanni,gene-Peve_00041400,3,TRUE,TRUE
Porites evermanni,gene-Peve_00041403,3,TRUE,TRUE
Porites evermanni,gene-Peve_00041406,2,TRUE,TRUE
Porites evermanni,gene-Peve_00041413,3,TRUE,TRUE
Porites evermanni,gene-Peve_00041429,4,TRUE,TRUE
Porites evermanni,gene-Peve_00041457,4,TRUE,TRUE
Porites evermanni,gene-Peve_00041506,3,TRUE,TRUE
Porites evermanni,gene-Peve_00041533,2,TRUE,TRUE
Porites evermanni,gene-Peve_00041553,3,TRUE,TRUE
Porites evermanni,gene-Peve_00041603,2,TRUE,TRUE
Porites evermanni,gene-Peve_00041645,2,TRUE,TRUE
Porites evermanni,gene-Peve_00041711,3,TRUE,TRUE
Porites evermanni,gene-Peve_00041770,2,TRUE,TRUE
Porites evermanni,gene-Peve_00041780,3,TRUE,TRUE
Porites evermanni,gene-Peve_00041810,2,TRUE,TRUE
Porites evermanni,gene-Peve_00041819,2,TRUE,TRUE
Porites evermanni,gene-Peve_00041927,4,TRUE,TRUE
Porites evermanni,gene-Peve_00041935,2,TRUE,TRUE
Porites evermanni,gene-Peve_00041950,4,TRUE,TRUE
Porites evermanni,gene-Peve_00041953,2,TRUE,TRUE
Porites evermanni,gene-Peve_00042037,3,TRUE,TRUE
Porites evermanni,gene-Peve_00042090,4,TRUE,TRUE
Porites evermanni,gene-Peve_00042140,3,TRUE,TRUE
Porites evermanni,gene-Peve_00042187,3,TRUE,TRUE
Porites evermanni,gene-Peve_00042205,4,TRUE,TRUE
Porites evermanni,gene-Peve_00042219,3,TRUE,TRUE
Porites evermanni,gene-Peve_00042221,3,TRUE,TRUE
Porites evermanni,gene-Peve_00042222,4,TRUE,TRUE
Porites evermanni,gene-Peve_00042223,2,TRUE,TRUE
Porites evermanni,gene-Peve_00042225,2,TRUE,TRUE
Porites evermanni,gene-Peve_00042264,2,TRUE,TRUE
Porites evermanni,gene-Peve_00042347,3,TRUE,TRUE
Porites evermanni,gene-Peve_00042363,2,TRUE,TRUE
Porites evermanni,gene-Peve_00042446,4,TRUE,TRUE
Porites evermanni,gene-Peve_00042569,2,TRUE,TRUE
Porites evermanni,gene-Peve_00042571,2,TRUE,TRUE
Porites evermanni,gene-Peve_00042578,3,TRUE,TRUE
Porites evermanni,gene-Peve_00042581,4,TRUE,TRUE
Porites evermanni,gene-Peve_00042613,3,TRUE,TRUE
Porites evermanni,gene-Peve_00042642,3,TRUE,TRUE
Porites evermanni,gene-Peve_00042656,2,TRUE,TRUE
Porites evermanni,gene-Peve_00042717,4,TRUE,TRUE
Porites evermanni,gene-Peve_00042738,2,TRUE,TRUE
Porites evermanni,gene-Peve_00042805,4,TRUE,TRUE
Porites evermanni,gene-Peve_00042839,2,TRUE,TRUE
Porites evermanni,gene-Peve_00042890,2,TRUE,TRUE
Porites evermanni,gene-Peve_00042926,2,TRUE,TRUE
Porites evermanni,gene-Peve_00042949,3,TRUE,TRUE
Porites evermanni,gene-Peve_00043023,2,TRUE,TRUE
Porites evermanni,gene-Peve_00043032,2,TRUE,TRUE
Porites evermanni,gene-Peve_00043045,4,TRUE,TRUE
Porites evermanni,gene-Peve_00043124,2,TRUE,TRUE
Porites evermanni,gene-Peve_00043147,3,TRUE,TRUE
Porites evermanni,gene-Peve_00043206,4,TRUE,TRUE
Porites evermanni,gene-Peve_00043269,4,TRUE,TRUE
Porites evermanni,gene-Peve_00043357,3,TRUE,TRUE
Porites evermanni,gene-Peve_00043424,4,TRUE,TRUE
Porites evermanni,gene-Peve_00043444,3,TRUE,TRUE
Porites evermanni,gene-Peve_00043477,2,TRUE,TRUE
Porites evermanni,gene-Peve_00043522,3,TRUE,TRUE
Porites evermanni,gene-Peve_00043532,2,TRUE,TRUE
Porites evermanni,gene-Peve_00043533,2,TRUE,TRUE
Porites evermanni,gene-Peve_00043607,2,TRUE,TRUE
Porites evermanni,gene-Peve_00043618,3,TRUE,TRUE
Porites evermanni,gene-Peve_00043619,3,TRUE,TRUE
Porites evermanni,gene-Peve_00043636,4,TRUE,TRUE
Porites evermanni,gene-Peve_00043644,3,TRUE,TRUE
Porites evermanni,gene-Peve_00043649,2,TRUE,TRUE
Porites evermanni,gene-Peve_00043700,3,TRUE,TRUE
Porites evermanni,gene-Peve_00043788,2,TRUE,TRUE
Porites evermanni,gene-Peve_00043812,2,TRUE,TRUE
Porites evermanni,gene-Peve_00043873,3,TRUE,TRUE
Porites evermanni,gene-Peve_00043875,2,TRUE,TRUE
Porites evermanni,gene-Peve_00043944,2,TRUE,TRUE
Porites evermanni,gene-Peve_00043973,4,TRUE,TRUE
Porites evermanni,gene-Peve_00044024,2,TRUE,TRUE
Porites evermanni,gene-Peve_00044041,3,TRUE,TRUE
Porites evermanni,gene-Peve_00044129,3,TRUE,TRUE
Porites evermanni,gene-Peve_00044159,2,TRUE,TRUE
Porites evermanni,gene-Peve_00044240,3,TRUE,TRUE
Porites evermanni,gene-Peve_00044256,2,TRUE,TRUE
Porites evermanni,gene-Peve_00044266,2,TRUE,TRUE
Porites evermanni,gene-Peve_00044293,3,TRUE,TRUE
Porites evermanni,gene-Peve_00044344,3,TRUE,TRUE
Porites evermanni,gene-Peve_00044456,2,TRUE,TRUE
Porites evermanni,gene-Peve_00044535,2,TRUE,TRUE
Porites evermanni,gene-Peve_00044542,3,TRUE,TRUE
Porites evermanni,gene-Peve_00044550,3,TRUE,TRUE
Porites evermanni,gene-Peve_00044589,2,TRUE,TRUE
Porites evermanni,gene-Peve_00044619,3,TRUE,TRUE
Porites evermanni,gene-Peve_00044661,3,TRUE,TRUE
Porites evermanni,gene-Peve_00044715,2,TRUE,TRUE
Porites evermanni,gene-Peve_00044794,4,TRUE,TRUE
Porites evermanni,gene-Peve_00044797,2,TRUE,TRUE
Porites evermanni,gene-Peve_00044840,2,TRUE,TRUE
Porites evermanni,gene-Peve_00044850,3,TRUE,TRUE
Porites evermanni,gene-Peve_00044852,3,TRUE,TRUE
Porites evermanni,gene-Peve_00044858,3,TRUE,TRUE
Porites evermanni,gene-Peve_00044863,4,TRUE,TRUE
Porites evermanni,gene-Peve_00044872,2,TRUE,TRUE
Porites evermanni,gene-Peve_00044985,3,TRUE,TRUE
Porites evermanni,gene-Peve_00044997,3,TRUE,TRUE
Porites evermanni,gene-Peve_00045011,3,TRUE,TRUE
Porites evermanni,gene-Peve_00045029,2,TRUE,TRUE
Porites evermanni,gene-Peve_00045098,3,TRUE,TRUE
Porites evermanni,gene-Peve_00045137,2,TRUE,TRUE
Porites evermanni,gene-Peve_00045174,4,TRUE,TRUE
Porites evermanni,gene-Peve_00045179,2,TRUE,TRUE
Porites evermanni,gene-Peve_00045193,3,TRUE,TRUE
Porites evermanni,gene-Peve_00045232,2,TRUE,TRUE
Porites evermanni,gene-Peve_00045243,3,TRUE,TRUE
Porites evermanni,gene-Peve_00045341,3,TRUE,TRUE
