lncrna_id,n_positive,n_negative,n_total,n_biomin,mean_cor
lncRNA_11269,11027,7,11034,240,0.646097223205166
lncRNA_19259,11009,9,11018,195,0.6530202078808757
lncRNA_1903,10832,9,10841,213,0.6457404647225224
lncRNA_20387,10686,9,10695,179,0.6519025167211266
lncRNA_6947,10645,7,10652,194,0.650897673150368
lncRNA_3824,10637,6,10643,182,0.6481477394604753
lncRNA_18588,10567,7,10574,181,0.6548003167117019
lncRNA_19107,10525,25,10550,197,0.6471710254805655
lncRNA_17497,10524,11,10535,209,0.6454213355450492
lncRNA_12685,10485,6,10491,209,0.6404931715009483
lncRNA_2755,10435,5,10440,210,0.6425778455550577
lncRNA_17495,10356,11,10367,204,0.6443665457326008
lncRNA_17496,10350,11,10361,204,0.6443972336091487
lncRNA_7004,10328,9,10337,162,0.6568429538393807
lncRNA_24100,10309,7,10316,194,0.6464335430594182
lncRNA_5683,10255,6,10261,218,0.6320255370249063
lncRNA_15303,10200,11,10211,147,0.6644025165779324
lncRNA_15302,10197,11,10208,147,0.6645403270217289
lncRNA_10588,10183,7,10190,158,0.6497918991468596
lncRNA_19360,10179,5,10184,181,0.6525346165729081
lncRNA_7003,10175,9,10184,161,0.6541764442539599
lncRNA_19365,10179,5,10184,181,0.6525346165729081
lncRNA_19350,10162,5,10167,189,0.6507688516264276
lncRNA_110,10139,23,10162,219,0.6296834144604962
lncRNA_111,10139,23,10162,219,0.6296834144604962
lncRNA_2585,10136,8,10144,176,0.6520452338258765
lncRNA_19387,10128,5,10133,183,0.6522511265178569
lncRNA_3915,10126,7,10133,168,0.6549309232068216
lncRNA_19386,10122,5,10127,183,0.6521556358834019
lncRNA_19384,10122,5,10127,183,0.6521745090245712
lncRNA_19354,10120,5,10125,183,0.6523794889575402
lncRNA_19361,10120,5,10125,183,0.6523794889575402
lncRNA_19358,10120,5,10125,183,0.6523794889575402
lncRNA_19362,10120,5,10125,183,0.6523794889575402
lncRNA_19366,10120,5,10125,183,0.6523794889575402
lncRNA_19369,10120,5,10125,183,0.6523794889575402
lncRNA_19371,10120,5,10125,183,0.6523794889575402
lncRNA_19375,10120,5,10125,183,0.6523794889575402
lncRNA_19351,10120,5,10125,183,0.6523794889575402
lncRNA_19368,10113,5,10118,183,0.652294912862685
lncRNA_19370,10113,5,10118,183,0.652294912862685
lncRNA_19372,10113,5,10118,183,0.652294912862685
lncRNA_19363,10113,5,10118,183,0.652294912862685
lncRNA_19352,10113,5,10118,183,0.652294912862685
lncRNA_19356,10113,5,10118,183,0.652294912862685
lncRNA_19359,10113,5,10118,183,0.652294912862685
lncRNA_19376,10113,5,10118,183,0.652294912862685
lncRNA_19373,10113,5,10118,183,0.652294912862685
lncRNA_3916,10110,7,10117,167,0.6547203215624239
lncRNA_19378,10111,5,10116,183,0.6521714804926446
lncRNA_21968,10106,7,10113,181,0.6599475167699563
lncRNA_19381,10107,5,10112,183,0.6522204708681403
lncRNA_19383,10107,5,10112,183,0.6522204708681403
lncRNA_19379,10106,5,10111,183,0.6522199959841274
lncRNA_7323,10074,12,10086,192,0.6350492347593784
lncRNA_17635,10041,10,10051,224,0.6273319903166787
lncRNA_13136,9997,10,10007,153,0.6588517982336308
lncRNA_19382,9984,6,9990,177,0.6502501253800297
lncRNA_19380,9984,6,9990,177,0.6502501253800297
lncRNA_352,9973,11,9984,178,0.6382306086926105
lncRNA_19574,9950,8,9958,177,0.6465634051260845
lncRNA_14647,9946,6,9952,195,0.6415161409932775
lncRNA_9769,9921,10,9931,159,0.6401994106939891
lncRNA_9766,9915,10,9925,159,0.6402624205554855
lncRNA_1400,9904,7,9911,149,0.6510544723345383
lncRNA_7926,9902,5,9907,161,0.6396612193818734
lncRNA_17159,9896,8,9904,149,0.6549166478610584
lncRNA_19349,9890,6,9896,191,0.6440192257795555
lncRNA_17160,9886,8,9894,149,0.6547193715373313
lncRNA_22921,9874,9,9883,188,0.6398038304317306
lncRNA_351,9866,11,9877,178,0.6381033883374801
lncRNA_11677,9869,6,9875,177,0.6381976423924332
lncRNA_9159,9848,10,9858,161,0.6474688939595146
lncRNA_9160,9848,10,9858,161,0.6474688939595146
lncRNA_1407,9839,19,9858,195,0.6369350868101236
lncRNA_17673,9814,37,9851,207,0.630724548447042
lncRNA_17676,9814,37,9851,207,0.630724548447042
lncRNA_23580,9839,7,9846,174,0.6328578227601563
lncRNA_6509,9816,14,9830,158,0.6485613866015301
lncRNA_6511,9812,14,9826,158,0.6485429405252304
lncRNA_6513,9812,14,9826,158,0.6485429405252304
lncRNA_6084,9814,8,9822,171,0.6421301538193886
lncRNA_5301,9805,9,9814,159,0.6565976968425564
lncRNA_9768,9802,10,9812,164,0.6379650323039693
lncRNA_9164,9786,20,9806,166,0.6397832751702716
lncRNA_17559,9795,6,9801,160,0.6348194916521026
lncRNA_24101,9792,8,9800,183,0.634987753158058
lncRNA_12342,9783,16,9799,191,0.6314161767213224
lncRNA_7437,9785,9,9794,159,0.6494287701996343
lncRNA_9275,9781,12,9793,196,0.6313832852975284
lncRNA_21432,9765,15,9780,187,0.6369526169929816
lncRNA_21433,9765,15,9780,187,0.6369526169929816
lncRNA_21429,9765,15,9780,187,0.6369526169929816
lncRNA_21431,9755,15,9770,187,0.6372267885752583
lncRNA_9162,9758,10,9768,158,0.646628779652005
lncRNA_9163,9758,10,9768,158,0.646628779652005
lncRNA_9770,9755,10,9765,160,0.6385560977853597
lncRNA_22484,9755,6,9761,169,0.6496545760113792
lncRNA_11550,9728,8,9736,185,0.6386503337031745
lncRNA_12725,9721,13,9734,164,0.6484785427060473
lncRNA_9161,9713,10,9723,157,0.6459142719669845
lncRNA_16767,9711,6,9717,152,0.6336899629666453
lncRNA_11272,9705,5,9710,188,0.6337343619525745
lncRNA_11273,9705,5,9710,188,0.6337343619525745
lncRNA_16207,9698,5,9703,160,0.6415218250423067
lncRNA_16206,9698,5,9703,160,0.6415218250423067
lncRNA_15448,9691,6,9697,184,0.6455969484692022
lncRNA_23408,9688,7,9695,155,0.646219766225193
lncRNA_14126,9685,6,9691,144,0.6385943720699527
lncRNA_14133,9685,6,9691,146,0.6384165345416738
lncRNA_18637,9662,7,9669,157,0.6516005105076321
lncRNA_21422,9657,8,9665,172,0.6396361112914434
lncRNA_17671,9626,37,9663,196,0.6290938114082653
lncRNA_3679,9655,5,9660,200,0.6222314604956454
lncRNA_14324,9640,10,9650,167,0.6499078924914065
lncRNA_3682,9615,12,9627,207,0.6225190640249298
lncRNA_12420,9590,19,9609,216,0.6215735768018671
lncRNA_4583,9591,5,9596,167,0.6466231356310198
lncRNA_21667,9580,16,9596,164,0.6340732832917503
lncRNA_14382,9588,5,9593,160,0.6450303390718165
lncRNA_17556,9554,8,9562,199,0.6179286108268803
lncRNA_4642,9532,10,9542,142,0.6430487783654091
lncRNA_22590,9524,7,9531,165,0.6366954883716693
lncRNA_22021,9480,5,9485,151,0.6551799601101855
lncRNA_23711,9468,12,9480,149,0.6384993959234394
lncRNA_23710,9468,12,9480,149,0.6384993959234394
lncRNA_23713,9468,12,9480,149,0.6384993959234394
lncRNA_23714,9467,12,9479,149,0.6384709750839545
lncRNA_7929,9464,12,9476,171,0.6383253689232482
lncRNA_22589,9460,7,9467,161,0.6361507511373633
lncRNA_22192,9450,8,9458,150,0.6379787184639827
lncRNA_5418,9424,10,9434,177,0.6295721820694339
lncRNA_11271,9417,5,9422,186,0.6270137338980262
lncRNA_11274,9415,5,9420,186,0.6270267882403708
lncRNA_1277,9406,14,9420,120,0.6511260854995592
lncRNA_16497,9411,8,9419,148,0.6372481045351709
lncRNA_8959,9404,7,9411,188,0.6236517151539519
lncRNA_5402,9396,10,9406,175,0.6297446365648497
lncRNA_19026,9389,6,9395,138,0.641598443082909
lncRNA_21708,9368,8,9376,164,0.646973897755015
lncRNA_22154,9350,16,9366,136,0.6381129146333028
lncRNA_5068,9358,7,9365,152,0.650028669855411
lncRNA_19235,9332,28,9360,223,0.6182843191395349
lncRNA_2229,9343,9,9352,193,0.630320070235978
lncRNA_14134,9347,5,9352,136,0.6353316402774598
lncRNA_11282,9329,19,9348,178,0.6332160882311075
lncRNA_5136,9345,1,9346,220,0.6216320871780507
lncRNA_2224,9333,9,9342,192,0.6304886460698094
lncRNA_23292,9327,5,9332,148,0.6433624218116596
lncRNA_6383,9318,13,9331,186,0.624861358459813
lncRNA_16629,9312,18,9330,149,0.6311277527562675
lncRNA_13137,9319,6,9325,135,0.6486920245784304
lncRNA_7938,9314,5,9319,132,0.6412771859247008
lncRNA_16357,9309,8,9317,142,0.6351826622494778
lncRNA_5137,9316,1,9317,218,0.6213072826596752
lncRNA_8590,9309,6,9315,168,0.6411563479802664
lncRNA_13454,9289,19,9308,198,0.6281638431327708
lncRNA_16321,9289,12,9301,166,0.6531264950220897
lncRNA_3680,9284,6,9290,181,0.6226847358607637
lncRNA_9064,9282,7,9289,189,0.6458568276152588
lncRNA_22155,9267,16,9283,132,0.636236251738095
lncRNA_15596,9274,8,9282,146,0.6365416641351556
lncRNA_998,9271,10,9281,166,0.6379728689707171
lncRNA_16358,9269,8,9277,145,0.6354622979466027
lncRNA_6310,9236,21,9257,133,0.6430763661713191
lncRNA_20529,9247,6,9253,126,0.6542003299827807
lncRNA_1899,9250,2,9252,164,0.637520604907214
lncRNA_2473,9230,15,9245,147,0.6449428580678958
lncRNA_1866,9232,11,9243,155,0.6463504551951119
lncRNA_12681,9232,11,9243,144,0.6418278678484961
lncRNA_13319,9235,4,9239,168,0.642213550004971
lncRNA_9065,9229,7,9236,188,0.6443035723316485
lncRNA_1352,9198,24,9222,202,0.6114660699267291
lncRNA_1191,9216,5,9221,180,0.6357421341212544
lncRNA_13453,9203,17,9220,199,0.6274280763002246
lncRNA_2367,9205,5,9210,136,0.6401875505186929
lncRNA_21967,9198,8,9206,165,0.6545399771317991
lncRNA_2316,9193,10,9203,167,0.6538304113348462
lncRNA_2368,9195,5,9200,134,0.6406379940426906
lncRNA_2369,9195,5,9200,134,0.6406379940426906
lncRNA_740,9173,18,9191,169,0.6281523926067026
lncRNA_11540,9178,6,9184,134,0.6433400127331009
lncRNA_19914,9162,20,9182,138,0.6448152621459178
lncRNA_21650,9172,6,9178,177,0.6451797095990294
lncRNA_21652,9172,6,9178,177,0.6451797095990294
lncRNA_6512,9141,32,9173,151,0.635804035158161
lncRNA_6510,9141,32,9173,151,0.635804035158161
lncRNA_5082,9155,7,9162,125,0.633177615103033
lncRNA_21036,9155,6,9161,156,0.6428742267410328
lncRNA_21649,9152,6,9158,177,0.6451068435740978
lncRNA_20952,9147,10,9157,125,0.6499752117927988
lncRNA_13320,9150,3,9153,162,0.6415187890151284
lncRNA_22865,9144,8,9152,156,0.6327833028938982
lncRNA_22866,9133,8,9141,156,0.6327508795523559
lncRNA_17940,9132,7,9139,144,0.6514626862418593
lncRNA_23707,9127,8,9135,133,0.6329202923861166
lncRNA_22016,9125,6,9131,155,0.6369685638031243
lncRNA_17303,9114,11,9125,148,0.6366836407461345
lncRNA_20731,9102,22,9124,231,0.6180893196605531
lncRNA_20732,9101,22,9123,232,0.6192284313508324
lncRNA_20733,9097,23,9120,231,0.6190133991574306
lncRNA_2011,9105,6,9111,130,0.6387337938454138
lncRNA_2009,9105,6,9111,130,0.6387337938454138
lncRNA_2010,9105,6,9111,130,0.6387337938454138
lncRNA_23379,9099,8,9107,134,0.6259448713955268
lncRNA_4887,9098,8,9106,132,0.629471278199394
lncRNA_15597,9095,10,9105,132,0.6409730557104858
lncRNA_7817,9091,11,9102,193,0.6218419297550916
lncRNA_16213,9084,13,9097,167,0.6140867127248759
lncRNA_18161,9092,5,9097,134,0.6222456142785363
lncRNA_10068,9081,8,9089,129,0.6456807219842566
lncRNA_2370,9080,5,9085,134,0.6390116501883323
lncRNA_18572,9075,6,9081,176,0.6334821664858027
lncRNA_4886,9066,8,9074,132,0.628894396140474
lncRNA_4885,9066,8,9074,132,0.628894396140474
lncRNA_8107,9062,5,9067,158,0.635035299309832
lncRNA_16742,9048,19,9067,147,0.6524422748127113
lncRNA_10505,9055,7,9062,169,0.6298003359625551
lncRNA_15447,9052,8,9060,173,0.6279866808266679
lncRNA_8998,9039,20,9059,114,0.6283778976974493
lncRNA_1303,9043,10,9053,152,0.6368793991451245
lncRNA_8315,9044,5,9049,139,0.6378013799976135
lncRNA_9772,9032,11,9043,132,0.6367664925400061
lncRNA_20964,8986,57,9043,229,0.6104581521497916
lncRNA_20803,9032,11,9043,197,0.629061275541609
lncRNA_8394,9015,18,9033,145,0.6470870859277311
lncRNA_20963,8976,57,9033,228,0.6115565997523595
lncRNA_5149,9014,6,9020,186,0.6272337898875762
lncRNA_23299,9011,6,9017,149,0.6469634580804687
lncRNA_16205,9009,5,9014,156,0.6344733940102746
lncRNA_16886,9005,6,9011,163,0.627436437635287
lncRNA_6036,8965,39,9004,178,0.6233254381919526
lncRNA_21605,8979,22,9001,225,0.6201396257721032
lncRNA_21604,8979,22,9001,225,0.6201396257721032
lncRNA_21606,8979,22,9001,225,0.6201396257721032
lncRNA_7109,8990,9,8999,125,0.6448668163602375
lncRNA_3972,8988,8,8996,147,0.6312075885461218
lncRNA_9276,8970,17,8987,201,0.6137595583929517
lncRNA_4980,8969,17,8986,125,0.6411919434528206
lncRNA_3505,8975,5,8980,164,0.6314347749124525
lncRNA_23929,8948,28,8976,183,0.6172017157233002
lncRNA_23370,8970,6,8976,176,0.6248713515395918
lncRNA_11714,8950,23,8973,150,0.6171462205102294
lncRNA_5069,8951,21,8972,167,0.64669273576218
lncRNA_9771,8957,10,8967,132,0.635865148565591
lncRNA_23335,8950,9,8959,166,0.6580352495125218
lncRNA_18571,8951,6,8957,174,0.6299947573932397
lncRNA_546,8953,3,8956,162,0.6371676749656107
lncRNA_18748,8941,8,8949,182,0.6264677576086395
lncRNA_10402,8930,14,8944,189,0.6268168597069618
lncRNA_4779,8924,5,8929,170,0.6303794457451356
lncRNA_11906,8920,9,8929,131,0.6291215821439105
lncRNA_16043,8921,6,8927,143,0.6395938691012778
lncRNA_4983,8914,10,8924,119,0.6432301774811005
lncRNA_23371,8916,6,8922,168,0.6247295165677897
lncRNA_17302,8908,11,8919,148,0.6356270559426803
lncRNA_5152,8909,7,8916,206,0.6260452778793588
lncRNA_4979,8890,25,8915,125,0.6438068438522984
lncRNA_2383,8896,11,8907,160,0.6549334474046821
lncRNA_10985,8896,9,8905,160,0.6346491802276402
lncRNA_7036,8893,10,8903,139,0.6473771212364442
lncRNA_4314,8894,5,8899,168,0.6365856386056814
lncRNA_22384,8882,9,8891,135,0.6367595119870441
lncRNA_4517,8875,15,8890,147,0.6320875515275802
lncRNA_10485,8883,6,8889,162,0.6413978658192725
lncRNA_10484,8883,6,8889,162,0.6413978658192725
lncRNA_4780,8884,5,8889,171,0.6298722831031872
lncRNA_20988,8876,7,8883,161,0.6302862826356384
lncRNA_20989,8871,9,8880,162,0.6332728840791128
lncRNA_11259,8870,9,8879,146,0.6501525923874462
lncRNA_845,8872,5,8877,128,0.6423585855612198
lncRNA_7985,8861,14,8875,160,0.638868382173389
lncRNA_4982,8861,9,8870,117,0.6451263024643494
lncRNA_7346,8860,5,8865,124,0.6423871477203713
lncRNA_11260,8855,9,8864,146,0.6500498349744915
lncRNA_7986,8847,13,8860,161,0.6392803201365375
lncRNA_2136,8853,7,8860,161,0.6341752578208301
lncRNA_12603,8851,6,8857,157,0.6254618681899574
lncRNA_22385,8847,10,8857,133,0.6361142756622881
lncRNA_189,8830,26,8856,167,0.6331697013425414
lncRNA_12077,8846,6,8852,151,0.6372835101106693
lncRNA_23334,8842,9,8851,164,0.6567676619379592
lncRNA_23333,8842,9,8851,164,0.6567676619379592
lncRNA_9381,8831,10,8841,164,0.6154769737383708
lncRNA_9382,8831,10,8841,164,0.6154769737383708
lncRNA_21608,8817,23,8840,144,0.6239876439305813
lncRNA_2113,8835,5,8840,134,0.6230239075916565
lncRNA_9396,8815,20,8835,153,0.6459297525584825
lncRNA_9380,8825,9,8834,166,0.6158273417460551
lncRNA_7347,8828,5,8833,124,0.642288105129297
lncRNA_18914,8818,13,8831,132,0.6377445920816519
lncRNA_20617,8814,7,8821,163,0.6254113590970816
lncRNA_14464,8811,9,8820,146,0.6315872052842572
lncRNA_18992,8814,5,8819,173,0.623868173262378
lncRNA_4644,8801,15,8816,125,0.6307128916683029
lncRNA_22438,8804,10,8814,141,0.6205440753083497
lncRNA_4888,8806,6,8812,120,0.6265873746946464
lncRNA_4313,8793,19,8812,163,0.6315923109860794
lncRNA_1710,8799,12,8811,172,0.6241503418016471
lncRNA_15720,8794,15,8809,179,0.6159742627643464
lncRNA_14465,8795,9,8804,145,0.6314900183322657
lncRNA_770,8786,10,8796,154,0.6511123015123778
lncRNA_18996,8790,5,8795,170,0.6244406552348903
lncRNA_17557,8784,10,8794,195,0.6117378704414342
lncRNA_7513,8782,6,8788,136,0.6485512962226634
lncRNA_21710,8776,10,8786,124,0.633507820346506
lncRNA_2111,8777,6,8783,146,0.6178590204213684
lncRNA_4302,8765,15,8780,154,0.6265012929462989
lncRNA_10176,8770,5,8775,157,0.6362579673510336
lncRNA_4081,8761,8,8769,151,0.6351475655464297
lncRNA_4633,8753,12,8765,143,0.6348210410347561
lncRNA_9987,8756,8,8764,153,0.623185125252826
lncRNA_5072,8736,20,8756,165,0.6434856237348147
lncRNA_4632,8742,11,8753,143,0.6349017544561979
lncRNA_6009,8740,5,8745,187,0.625120212842259
lncRNA_6010,8740,5,8745,187,0.625120212842259
lncRNA_13245,8734,9,8743,134,0.6482528139315306
lncRNA_7339,8727,9,8736,159,0.6369290041758672
lncRNA_21952,8723,7,8730,155,0.6485257689875158
lncRNA_4328,8723,7,8730,125,0.6250392030593718
lncRNA_16086,8720,6,8726,153,0.6302412498288992
lncRNA_4883,8694,32,8726,145,0.6289477733864722
lncRNA_23162,8710,12,8722,154,0.6215254610150671
lncRNA_7403,8709,11,8720,161,0.6149055887938203
lncRNA_12327,8712,6,8718,172,0.6288322663048166
lncRNA_8303,8710,7,8717,146,0.6338187182702879
lncRNA_5289,8707,6,8713,172,0.6328699117273874
lncRNA_5290,8707,6,8713,172,0.6328699117273874
lncRNA_11120,8697,6,8703,151,0.6387355527576123
lncRNA_20458,8694,5,8699,155,0.6332612971845586
lncRNA_15019,8687,10,8697,131,0.6266626913370169
lncRNA_10711,8680,7,8687,149,0.6408476923554294
lncRNA_692,8669,9,8678,139,0.6505105054567333
lncRNA_18574,8670,7,8677,180,0.6269367133707542
lncRNA_17642,8663,13,8676,165,0.6226273808784945
lncRNA_20188,8668,6,8674,177,0.6426216001502382
lncRNA_4584,8667,5,8672,165,0.6348765250261967
lncRNA_23401,8662,6,8668,138,0.6268557017440743
lncRNA_8466,8656,9,8665,154,0.6378094452104917
lncRNA_14493,8657,6,8663,200,0.6215496744399064
lncRNA_384,8640,19,8659,167,0.638214083696846
lncRNA_9788,8648,7,8655,136,0.6367737024237766
lncRNA_9787,8648,7,8655,136,0.6367737024237766
lncRNA_4158,8645,8,8653,133,0.6350327230526045
lncRNA_6165,8642,10,8652,133,0.6459630507458175
lncRNA_6164,8642,10,8652,133,0.6459630507458175
lncRNA_9849,8645,6,8651,125,0.6277262655513024
lncRNA_20200,8637,11,8648,135,0.6348369947639805
lncRNA_14009,8643,5,8648,136,0.6222378721866463
lncRNA_4310,8641,6,8647,160,0.6342087687094592
lncRNA_14395,8640,6,8646,149,0.6227737116667473
lncRNA_12338,8645,1,8646,168,0.6154323428829414
lncRNA_385,8625,20,8645,165,0.6360790205288656
lncRNA_8016,8641,2,8643,129,0.6320672165218073
lncRNA_22813,8637,3,8640,128,0.6374219620310545
lncRNA_382,8625,13,8638,160,0.6308373694099004
lncRNA_23964,8634,3,8637,174,0.6146420042255223
lncRNA_23965,8634,3,8637,174,0.6146420042255223
lncRNA_1253,8626,6,8632,127,0.6296918890113633
lncRNA_5584,8616,10,8626,152,0.6357479357090775
lncRNA_12325,8620,6,8626,170,0.6279407099275048
lncRNA_12328,8620,6,8626,170,0.6279407099275048
lncRNA_4882,8613,12,8625,167,0.6377636444128505
lncRNA_22907,8589,35,8624,206,0.6156639865577769
lncRNA_7338,8615,8,8623,158,0.6381721733843921
lncRNA_18772,8608,10,8618,153,0.6230128422693022
lncRNA_23878,8604,8,8612,163,0.6207150359456537
lncRNA_16887,8602,7,8609,159,0.6152729517916274
lncRNA_784,8607,2,8609,147,0.614519698878169
lncRNA_22591,8607,0,8607,180,0.6173149913288499
lncRNA_9028,8589,14,8603,143,0.6202929525238117
lncRNA_3444,8569,32,8601,153,0.6124181525124919
lncRNA_21653,8576,21,8597,171,0.6344564620251445
lncRNA_18850,8540,49,8589,162,0.6099901635564805
lncRNA_11927,8572,7,8579,157,0.6288153893707052
lncRNA_23291,8565,5,8570,142,0.6353536844544035
lncRNA_23641,8560,9,8569,152,0.6142904942157269
lncRNA_9985,8560,8,8568,129,0.636972726959759
lncRNA_17492,8556,12,8568,159,0.6185621040578078
lncRNA_12078,8552,13,8565,161,0.6302626753505687
lncRNA_13404,8550,10,8560,140,0.655229380527459
lncRNA_124,8553,6,8559,141,0.6361733881876401
lncRNA_11713,8528,26,8554,151,0.6182515826416671
lncRNA_23169,8541,7,8548,151,0.6287972364412909
lncRNA_22699,8516,26,8542,133,0.6143481989712178
lncRNA_13939,8528,8,8536,139,0.6330689596341933
lncRNA_23640,8522,9,8531,152,0.6141573645778484
lncRNA_23635,8522,9,8531,152,0.6141573645778484
lncRNA_2137,8519,7,8526,145,0.6388562282119148
lncRNA_23638,8515,10,8525,151,0.6140571665949222
lncRNA_14418,8517,8,8525,166,0.6224217071375072
lncRNA_23634,8515,10,8525,151,0.6140571665949222
lncRNA_13781,8510,6,8516,115,0.6387479262081731
lncRNA_8217,8507,5,8512,154,0.6285494715326346
lncRNA_11275,8490,22,8512,142,0.6276244082675658
lncRNA_13610,8507,4,8511,151,0.6228175528032852
lncRNA_844,8506,5,8511,130,0.6330723038771524
lncRNA_6477,8500,11,8511,197,0.633433697904839
lncRNA_15918,8494,13,8507,156,0.6312517638777768
lncRNA_24016,8493,8,8501,142,0.6514067297572093
lncRNA_24017,8493,8,8501,142,0.6514067297572093
lncRNA_12830,8491,7,8498,163,0.6049365667608677
lncRNA_8218,8492,5,8497,154,0.6284513546615185
lncRNA_12947,8485,9,8494,173,0.6254417673906248
lncRNA_23108,8475,17,8492,131,0.6170780058683051
lncRNA_17742,8482,7,8489,159,0.6297416600994031
lncRNA_8468,8467,9,8476,120,0.6523374626568424
lncRNA_4607,8463,12,8475,167,0.6294801989593094
lncRNA_1699,8472,2,8474,150,0.6270856261043446
lncRNA_12079,8468,6,8474,133,0.6366858418602508
lncRNA_1717,8468,6,8474,140,0.644710095271552
lncRNA_22491,8465,6,8471,132,0.633357562285973
lncRNA_4637,8461,9,8470,151,0.6322893886029727
lncRNA_12946,8454,15,8469,170,0.6264411308510649
lncRNA_9900,8451,11,8462,124,0.6364968601568434
lncRNA_14509,8451,9,8460,113,0.6311511464989621
lncRNA_3709,8447,9,8456,141,0.6267747563996213
lncRNA_11436,8442,10,8452,183,0.6141424680813841
lncRNA_2358,8443,9,8452,172,0.6330169393606621
lncRNA_14393,8445,5,8450,154,0.6236702784244319
lncRNA_13402,8437,10,8447,138,0.6523552238920604
lncRNA_2743,8439,7,8446,151,0.6266757194445425
lncRNA_12326,8440,5,8445,176,0.6195530238262772
lncRNA_23731,8433,12,8445,135,0.6178321923518137
lncRNA_8402,8432,12,8444,128,0.6418349281332685
lncRNA_2813,8419,24,8443,192,0.6211842804314924
lncRNA_21585,8421,19,8440,161,0.6284021102984764
lncRNA_11553,8417,21,8438,137,0.6379346681273131
lncRNA_20461,8431,7,8438,144,0.6323672028538609
lncRNA_10596,8399,33,8432,122,0.6342747568935223
lncRNA_14024,8426,6,8432,194,0.63521812294746
lncRNA_4522,8426,4,8430,125,0.6223496146098246
lncRNA_22700,8400,29,8429,133,0.6128592834766047
lncRNA_11281,8424,5,8429,127,0.6258243314939506
lncRNA_10989,8404,20,8424,160,0.6318134669640733
lncRNA_10990,8404,20,8424,160,0.6318134669640733
lncRNA_21576,8415,8,8423,128,0.6327573930447863
lncRNA_407,8410,12,8422,127,0.6420895582491858
lncRNA_12654,8386,25,8411,210,0.6234341498415188
lncRNA_2308,8401,9,8410,132,0.6262626570846767
lncRNA_21651,8382,23,8405,167,0.6315475405896025
lncRNA_21594,8395,9,8404,169,0.6326625215827032
lncRNA_11706,8400,3,8403,125,0.6156311623178959
lncRNA_18026,8398,3,8401,144,0.6238482288215375
lncRNA_18722,8391,10,8401,148,0.6462295173120528
lncRNA_653,8391,8,8399,144,0.6493152705591011
lncRNA_23957,8330,59,8389,211,0.6015029808621907
lncRNA_22906,8368,20,8388,187,0.620589066769398
lncRNA_6484,8381,7,8388,148,0.6253225751528294
lncRNA_22293,8375,11,8386,139,0.6250950983058285
lncRNA_9908,8369,15,8384,107,0.6248505127552054
lncRNA_10784,8374,10,8384,137,0.6335146936131967
lncRNA_2359,8369,8,8377,171,0.6328475881838099
lncRNA_20459,8366,5,8371,145,0.62663083721845
lncRNA_18544,8360,10,8370,145,0.6244735404537984
lncRNA_8698,8351,15,8366,117,0.6425401550655522
lncRNA_2307,8354,9,8363,129,0.6252650481339849
lncRNA_16888,8355,7,8362,162,0.6101670615662985
lncRNA_8383,8355,5,8360,169,0.6490853813074219
lncRNA_1479,8344,16,8360,121,0.6269463556696306
lncRNA_8380,8355,5,8360,169,0.6491435986870705
lncRNA_6818,8348,7,8355,160,0.6192476735868384
lncRNA_1111,8333,19,8352,206,0.6120903576678607
lncRNA_7933,8343,7,8350,141,0.6490554970334201
lncRNA_7218,8341,7,8348,152,0.6310497873239973
lncRNA_8379,8342,5,8347,168,0.6491008927974586
lncRNA_8381,8339,7,8346,170,0.6488253881601815
lncRNA_8382,8338,5,8343,172,0.6491710260675732
lncRNA_9048,8297,43,8340,127,0.6131901997190665
lncRNA_17773,8333,5,8338,165,0.6214718837179979
lncRNA_8384,8333,5,8338,172,0.649197300075396
lncRNA_6326,8307,30,8337,231,0.6106452874318126
lncRNA_12882,8288,45,8333,154,0.6082005617619053
lncRNA_12883,8288,45,8333,154,0.6082005617619053
lncRNA_22207,8323,8,8331,153,0.638055752884315
lncRNA_10013,8322,7,8329,128,0.645039990910127
lncRNA_14485,8321,4,8325,128,0.6229165821233595
lncRNA_22475,8321,4,8325,123,0.6247215254935241
lncRNA_11555,8303,9,8312,133,0.6442638715453333
lncRNA_22698,8284,24,8308,128,0.6125095441756173
lncRNA_11276,8296,11,8307,146,0.6314620351906259
lncRNA_7462,8295,11,8306,138,0.6307419023299465
lncRNA_10600,8270,35,8305,114,0.6355246212369404
lncRNA_18332,8291,5,8296,125,0.6326479621107424
lncRNA_383,8278,17,8295,150,0.6353251925494471
lncRNA_17324,8288,7,8295,147,0.6172972229489424
lncRNA_16743,8270,23,8293,156,0.6161723181240135
lncRNA_17326,8285,7,8292,145,0.6172150624769469
lncRNA_17325,8285,7,8292,145,0.6172150624769469
lncRNA_6710,8283,7,8290,155,0.621784556971118
lncRNA_20311,8282,7,8289,149,0.6271121383921934
lncRNA_20312,8282,7,8289,149,0.6271121383921934
lncRNA_20165,8283,6,8289,133,0.629487946033803
lncRNA_11184,8273,13,8286,120,0.6440271850515975
lncRNA_22905,8262,21,8283,180,0.6191229678462508
lncRNA_9047,8236,44,8280,137,0.6115263878150634
lncRNA_14188,8274,5,8279,109,0.6240007666785017
lncRNA_5110,8270,7,8277,157,0.6280707426726957
lncRNA_16300,8221,48,8269,155,0.6072394163732551
lncRNA_18563,8263,5,8268,153,0.6268627439294607
lncRNA_13553,8254,11,8265,120,0.6414280381713667
lncRNA_10594,8231,33,8264,114,0.6314289804205162
lncRNA_10593,8231,33,8264,114,0.6314289804205162
lncRNA_12663,8240,22,8262,145,0.6121515978599659
lncRNA_13930,8248,12,8260,128,0.6216090141202723
lncRNA_16299,8211,49,8260,165,0.6051331964257919
lncRNA_17991,8237,21,8258,161,0.6140317728342015
lncRNA_10592,8221,34,8255,115,0.6317828493956487
lncRNA_10590,8221,34,8255,115,0.6317828493956487
lncRNA_7180,8236,19,8255,185,0.6071498019954298
lncRNA_10602,8221,34,8255,115,0.6317828493956487
lncRNA_10591,8221,34,8255,115,0.6317828493956487
lncRNA_10595,8217,33,8250,113,0.6309987532313417
lncRNA_22298,8234,12,8246,112,0.6310191625067205
lncRNA_21066,8235,6,8241,150,0.611653762228589
lncRNA_23579,8228,12,8240,161,0.6073840163292316
lncRNA_8883,8235,3,8238,134,0.6193280084749224
lncRNA_12875,8207,23,8230,196,0.6180122463294772
lncRNA_803,8201,20,8221,203,0.607825848540356
lncRNA_17938,8217,0,8217,113,0.6162380499813982
lncRNA_14561,8208,9,8217,116,0.6422120349047299
lncRNA_18669,8185,30,8215,222,0.6000464535150904
lncRNA_16399,8200,8,8208,118,0.6396347506936737
lncRNA_4634,8203,5,8208,143,0.6309919625895634
lncRNA_12320,8202,5,8207,181,0.6169000599700643
lncRNA_21383,8196,10,8206,131,0.6199040800681216
lncRNA_12528,8198,6,8204,111,0.6272919215492491
lncRNA_2048,8197,6,8203,151,0.6283748665114176
lncRNA_2047,8197,6,8203,151,0.6283748665114176
lncRNA_2046,8197,6,8203,151,0.6283748665114176
lncRNA_10589,8160,42,8202,118,0.6318948283488608
lncRNA_2170,8194,7,8201,161,0.6200587257339419
lncRNA_1478,8185,16,8201,118,0.6253368405585429
lncRNA_19713,8193,7,8200,155,0.6487862148483287
lncRNA_19715,8193,7,8200,155,0.6487862148483287
lncRNA_19704,8192,7,8199,155,0.6490171249119309
lncRNA_19711,8192,7,8199,155,0.6489100488868689
lncRNA_19709,8192,7,8199,155,0.6489100488868689
lncRNA_19707,8192,7,8199,155,0.6489100488868689
lncRNA_19712,8191,7,8198,155,0.6488458517330207
lncRNA_4523,8191,6,8197,115,0.6195665217459697
lncRNA_820,8172,20,8192,166,0.6042346366683702
lncRNA_19702,8183,7,8190,155,0.6487744963119222
lncRNA_5684,8165,18,8183,188,0.617615646738031
lncRNA_21227,8178,2,8180,186,0.6110094815981291
lncRNA_2171,8170,7,8177,160,0.6194809950837812
lncRNA_3604,8164,8,8172,121,0.6267736814211906
lncRNA_4702,8163,8,8171,128,0.6237180072175209
lncRNA_4610,8165,5,8170,136,0.6171120919012949
lncRNA_10601,8135,33,8168,114,0.632606613473904
lncRNA_22206,8156,8,8164,150,0.6359725803615854
lncRNA_19889,8155,8,8163,170,0.6279017999116698
lncRNA_15286,8150,9,8159,138,0.6319496810739603
lncRNA_2223,8143,16,8159,107,0.6414887798285892
lncRNA_6716,8154,5,8159,139,0.6507579576258007
lncRNA_3603,8149,7,8156,124,0.624200711449447
lncRNA_6195,8149,7,8156,105,0.6351647715568421
lncRNA_12545,8151,5,8156,120,0.6276020698008659
lncRNA_15008,8144,10,8154,181,0.607100622275728
lncRNA_15007,8144,10,8154,181,0.607100622275728
lncRNA_15006,8144,10,8154,181,0.607100622275728
lncRNA_6899,8147,7,8154,131,0.6341727724727355
lncRNA_15009,8144,10,8154,181,0.607100622275728
lncRNA_4638,8141,11,8152,140,0.6286797887470642
lncRNA_1305,8139,10,8149,149,0.6264399733591356
lncRNA_21734,8141,7,8148,103,0.6314737359951182
lncRNA_17560,8136,8,8144,166,0.599502148255664
lncRNA_2194,8139,0,8139,165,0.6060143284132701
lncRNA_15331,8121,16,8137,99,0.6250550753826895
lncRNA_13782,8123,11,8134,113,0.6304226723640282
lncRNA_6267,8129,5,8134,109,0.6291513829180911
lncRNA_1698,8126,4,8130,142,0.6185051606070927
lncRNA_21656,8121,8,8129,168,0.6232781051949811
lncRNA_6105,8119,6,8125,118,0.6319346229206193
lncRNA_16163,8112,5,8117,140,0.6415221855631481
lncRNA_20138,8104,9,8113,138,0.6522688460181643
lncRNA_4096,8102,9,8111,150,0.6225325472121181
lncRNA_20614,8088,18,8106,201,0.6123794285654438
lncRNA_19886,8096,7,8103,172,0.6238060988483082
lncRNA_2114,8096,6,8102,127,0.6139696960911236
lncRNA_10826,8068,33,8101,184,0.5991247606425146
lncRNA_2653,8089,11,8100,126,0.6306365591416176
lncRNA_1306,8084,11,8095,145,0.626700767789595
lncRNA_8971,8070,24,8094,133,0.6345128562514464
lncRNA_3950,8088,6,8094,167,0.6310844917117047
lncRNA_13863,8086,6,8092,140,0.6245410995581069
lncRNA_9049,8086,6,8092,165,0.6342816132276863
lncRNA_5540,8081,10,8091,138,0.6366342547777837
lncRNA_5064,8081,9,8090,124,0.616644430518404
lncRNA_15626,8078,10,8088,133,0.635658897173892
lncRNA_4462,8081,7,8088,139,0.6258402594267108
lncRNA_15532,8079,6,8085,131,0.6310317170862517
lncRNA_20212,8075,10,8085,132,0.6189732748363577
lncRNA_7893,8046,37,8083,166,0.6130941246497656
lncRNA_4097,8073,9,8082,141,0.6488934141587517
lncRNA_187,8063,14,8077,202,0.6104995301956596
lncRNA_21879,8070,7,8077,126,0.6169577922982551
lncRNA_19887,8070,6,8076,169,0.6228813953678454
lncRNA_21880,8068,7,8075,126,0.6168371989586525
lncRNA_22592,8069,1,8070,162,0.6083206118803419
lncRNA_23352,8036,31,8067,174,0.6057448898915425
lncRNA_18773,8057,9,8066,104,0.6329642929340349
lncRNA_15774,8054,6,8060,164,0.6236409791917793
lncRNA_10401,8049,10,8059,122,0.614074006945136
lncRNA_6750,8053,5,8058,164,0.6245745162261856
lncRNA_6286,8041,14,8055,173,0.6241228729041373
lncRNA_21586,8027,20,8047,152,0.6279482608256147
lncRNA_1000,8038,6,8044,147,0.6368049259476903
lncRNA_15299,8030,6,8036,162,0.6170533265787235
lncRNA_14396,8012,11,8023,138,0.622746779712101
lncRNA_16165,8018,5,8023,135,0.6400128112229446
lncRNA_23375,8006,11,8017,207,0.6062085384393943
lncRNA_12336,8008,9,8017,151,0.6276603545092672
lncRNA_12329,8008,9,8017,151,0.6276603545092672
lncRNA_23372,8007,9,8016,147,0.616694600800675
lncRNA_12052,8011,5,8016,176,0.6029586417723263
lncRNA_15531,8005,10,8015,123,0.6299386320584328
lncRNA_20683,7992,20,8012,116,0.6374279797186191
lncRNA_16166,8003,5,8008,136,0.6401371813578086
lncRNA_15860,8003,5,8008,158,0.6142127707005263
lncRNA_672,8002,5,8007,132,0.6308314862834754
lncRNA_2428,7997,9,8006,146,0.6195023251405282
lncRNA_1792,7997,7,8004,172,0.6323880636058316
lncRNA_1616,7990,7,7997,155,0.6406212493649659
lncRNA_16857,7986,10,7996,104,0.6388125999944954
lncRNA_13170,7974,17,7991,140,0.6389609411863524
lncRNA_8549,7965,22,7987,164,0.6092198499847461
lncRNA_9093,7982,5,7987,122,0.633237460963278
lncRNA_4539,7977,7,7984,147,0.630554770901793
lncRNA_1388,7972,6,7978,145,0.6411255897276626
lncRNA_16168,7964,7,7971,132,0.6412148543136627
lncRNA_12679,7962,9,7971,108,0.6376392783389734
lncRNA_4057,7962,7,7969,114,0.6363211169609491
lncRNA_22205,7958,7,7965,148,0.6351624912009807
lncRNA_9094,7959,5,7964,122,0.6331374683737025
lncRNA_14784,7961,0,7961,121,0.6188510106272215
lncRNA_8983,7936,24,7960,153,0.6217996276910682
lncRNA_220,7929,27,7956,108,0.6299377234728737
lncRNA_14786,7956,0,7956,122,0.6189145717024208
lncRNA_8216,7951,4,7955,195,0.6104257836866629
lncRNA_17609,7933,20,7953,135,0.6172693547310171
lncRNA_22204,7939,7,7946,145,0.6350891640917895
lncRNA_12322,7936,9,7945,148,0.6280762852050261
lncRNA_16167,7939,6,7945,133,0.6401912625553878
lncRNA_22996,7927,10,7937,102,0.6255088547088327
lncRNA_3209,7907,24,7931,187,0.6111840227745569
lncRNA_522,7922,8,7930,138,0.6429748806777942
lncRNA_20987,7891,38,7929,132,0.6100906900059184
lncRNA_3111,7924,5,7929,108,0.6330788540713227
lncRNA_20996,7917,11,7928,135,0.6379469499936335
lncRNA_9046,7885,42,7927,130,0.6111526053741625
lncRNA_427,7917,3,7920,135,0.6119930409886544
lncRNA_9406,7915,4,7919,95,0.6218990156943836
lncRNA_1617,7886,33,7919,121,0.619887873512221
lncRNA_21172,7913,5,7918,160,0.6166566170596102
lncRNA_7042,7908,5,7913,137,0.6220508815283031
lncRNA_1965,7905,7,7912,141,0.6364163578760533
lncRNA_13890,7903,7,7910,101,0.6285854423284503
lncRNA_20347,7902,8,7910,143,0.6389947051290124
lncRNA_22339,7898,9,7907,150,0.6399378483274683
lncRNA_6060,7906,0,7906,120,0.6142619987636385
lncRNA_14720,7892,9,7901,137,0.616347191517316
lncRNA_14002,7895,5,7900,118,0.6262977488473309
lncRNA_14003,7895,5,7900,118,0.6262977488473309
lncRNA_14004,7890,5,7895,118,0.6262561115689878
lncRNA_5589,7888,6,7894,113,0.6269213867816334
lncRNA_13076,7884,8,7892,121,0.6283727213206389
lncRNA_20984,7854,37,7891,134,0.6104625973467758
lncRNA_7085,7881,9,7890,111,0.6190675394520397
lncRNA_7086,7881,9,7890,111,0.6190675394520397
lncRNA_6779,7860,26,7886,113,0.6236537515135093
lncRNA_21283,7878,2,7880,117,0.6198220049533695
lncRNA_11547,7872,4,7876,115,0.6293861541212098
lncRNA_13283,7841,32,7873,152,0.6282030959737973
lncRNA_14394,7866,5,7871,146,0.6137013417117215
lncRNA_5050,7860,11,7871,133,0.6162668624534045
lncRNA_8582,7865,5,7870,165,0.6031225965386187
lncRNA_8581,7865,5,7870,165,0.6031225965386187
lncRNA_3725,7866,3,7869,119,0.6150142658843957
lncRNA_17194,7857,12,7869,118,0.6194184811585185
lncRNA_20330,7858,9,7867,138,0.6411548625504613
lncRNA_22002,7864,3,7867,159,0.6278792845509452
lncRNA_5681,7860,6,7866,107,0.6323356675889057
lncRNA_157,7859,7,7866,133,0.6439964534332049
lncRNA_10461,7855,8,7863,163,0.6338457139531711
lncRNA_19159,7853,8,7861,181,0.6120833406353228
lncRNA_15685,7856,5,7861,129,0.6270302381089403
lncRNA_15686,7856,5,7861,129,0.6270302381089403
lncRNA_21595,7853,8,7861,145,0.6343477390597306
lncRNA_16834,7853,6,7859,159,0.6429250424892816
lncRNA_20985,7822,37,7859,136,0.6099333053106337
lncRNA_8281,7845,11,7856,132,0.6289438557246501
lncRNA_15592,7838,18,7856,120,0.6193958014515716
lncRNA_21607,7836,18,7854,144,0.6105406267389129
lncRNA_14005,7845,7,7852,106,0.634263704413693
lncRNA_7025,7844,5,7849,133,0.6263533232107359
lncRNA_17507,7837,12,7849,173,0.597369366129467
lncRNA_2168,7844,1,7845,191,0.6072330874334599
lncRNA_14529,7837,5,7842,150,0.6160065822914946
lncRNA_11488,7825,17,7842,135,0.5946413841102115
lncRNA_11842,7832,9,7841,209,0.6003752662372408
lncRNA_9889,7835,4,7839,127,0.6199534562531718
lncRNA_6748,7829,3,7832,147,0.6206981982314751
lncRNA_8829,7807,22,7829,161,0.6096976553991403
lncRNA_17158,7823,5,7828,149,0.6169086722053867
lncRNA_17157,7823,5,7828,149,0.6169086722053867
lncRNA_158,7821,6,7827,133,0.6425547964213183
lncRNA_8517,7815,11,7826,150,0.6134450747996363
lncRNA_18393,7810,7,7817,156,0.6513420669522095
lncRNA_3605,7799,12,7811,119,0.6211663540513093
lncRNA_15573,7785,26,7811,203,0.6130503347796431
lncRNA_2494,7802,5,7807,138,0.6190233469808403
lncRNA_11712,7782,23,7805,122,0.6180381680036998
lncRNA_4465,7790,8,7798,150,0.6082165504277969
lncRNA_20718,7795,3,7798,116,0.6216460869287849
lncRNA_13257,7794,4,7798,132,0.6013658557511189
lncRNA_2739,7790,6,7796,130,0.6122994683796393
lncRNA_12547,7781,14,7795,149,0.6351548449147384
lncRNA_11554,7790,4,7794,112,0.6291565109301486
lncRNA_21504,7783,11,7794,117,0.629321993120068
lncRNA_23036,7786,5,7791,163,0.611168867563677
lncRNA_18094,7783,5,7788,117,0.625568453058381
lncRNA_19589,7768,17,7785,147,0.6217164566036993
lncRNA_18737,7780,4,7784,91,0.6250188215027881
lncRNA_18740,7780,4,7784,91,0.6250188215027881
lncRNA_12443,7770,12,7782,125,0.6265180200195235
lncRNA_12444,7770,12,7782,125,0.6265180200195235
lncRNA_20144,7767,14,7781,118,0.6372800655359209
lncRNA_9229,7770,10,7780,99,0.6299077275743495
lncRNA_16645,7770,10,7780,149,0.6184878283038577
lncRNA_6333,7769,8,7777,110,0.6257499953545154
lncRNA_13284,7742,35,7777,147,0.6270521676697596
lncRNA_24172,7770,7,7777,129,0.6361873700248786
lncRNA_2873,7758,18,7776,198,0.5956676807414268
lncRNA_127,7762,11,7773,162,0.6148114890270034
lncRNA_15612,7763,10,7773,150,0.6163042644812158
lncRNA_21439,7762,6,7768,134,0.6293933399127747
lncRNA_22006,7734,34,7768,171,0.6121542790571246
lncRNA_15667,7764,1,7765,133,0.620907217755964
lncRNA_15668,7762,1,7763,133,0.6209686445776578
lncRNA_22195,7750,9,7759,136,0.6449753306787879
lncRNA_23034,7752,5,7757,172,0.6101174287481795
lncRNA_3669,7749,5,7754,123,0.6172016323104391
lncRNA_1033,7728,25,7753,190,0.6241739185265448
lncRNA_1034,7728,25,7753,190,0.6241700401787933
lncRNA_18573,7741,11,7752,165,0.6164662785153632
lncRNA_17829,7744,6,7750,107,0.6224024654746525
lncRNA_20161,7735,11,7746,132,0.6201792760833832
lncRNA_24171,7739,7,7746,128,0.635835800097598
lncRNA_18566,7740,5,7745,134,0.620017189481714
lncRNA_14785,7744,1,7745,117,0.6198400740782901
lncRNA_19700,7712,30,7742,199,0.5930597282064135
lncRNA_13722,7733,8,7741,151,0.6304375867318175
lncRNA_18575,7735,5,7740,135,0.6199281066766004
lncRNA_5052,7729,10,7739,134,0.6140516005655697
lncRNA_21677,7733,6,7739,123,0.6342085883448373
lncRNA_21676,7733,6,7739,123,0.6342085883448373
lncRNA_15745,7730,5,7735,154,0.6174508434971144
lncRNA_18741,7728,4,7732,100,0.6257229378354083
lncRNA_771,7725,7,7732,115,0.6374820322700165
lncRNA_1619,7712,19,7731,129,0.6181155276411929
lncRNA_15031,7719,9,7728,150,0.6236489708584918
lncRNA_3878,7718,9,7727,110,0.6209759922916381
lncRNA_3879,7718,9,7727,110,0.6209759922916381
lncRNA_13632,7720,5,7725,132,0.6134036924848899
lncRNA_4345,7720,5,7725,148,0.6163884062409818
lncRNA_14255,7714,6,7720,128,0.6348892931254325
lncRNA_3355,7693,24,7717,152,0.6152423006179009
lncRNA_23035,7709,5,7714,168,0.6114551735711133
lncRNA_4458,7694,17,7711,183,0.608250972005065
lncRNA_5247,7706,5,7711,118,0.614261909360429
lncRNA_19845,7672,38,7710,123,0.610460160614489
lncRNA_14918,7691,14,7705,182,0.6183650284779004
lncRNA_11912,7680,16,7696,110,0.614526521168651
lncRNA_5557,7690,5,7695,182,0.619312979934882
lncRNA_5558,7690,5,7695,182,0.619312979934882
lncRNA_5474,7688,6,7694,126,0.625810994498021
lncRNA_19410,7683,10,7693,135,0.6353961888256273
lncRNA_8271,7683,10,7693,190,0.6150141704899472
lncRNA_19411,7683,10,7693,135,0.6353961888256273
lncRNA_13864,7669,23,7692,197,0.611220153003509
lncRNA_10113,7685,6,7691,113,0.6282246448522941
lncRNA_11571,7678,13,7691,120,0.6059386450853381
lncRNA_5303,7667,22,7689,103,0.6111623680091616
lncRNA_685,7675,13,7688,144,0.6183285462403655
lncRNA_15859,7678,6,7684,137,0.6052377265475012
lncRNA_21298,7677,5,7682,126,0.6090080700790047
lncRNA_7943,7663,18,7681,164,0.6231241104222018
lncRNA_13443,7677,2,7679,125,0.6120715537217648
lncRNA_15648,7659,19,7678,181,0.6092033658145474
lncRNA_13563,7666,11,7677,114,0.636565825151106
lncRNA_17990,7662,10,7672,159,0.6124305623418285
lncRNA_3602,7661,9,7670,117,0.6193062083575659
lncRNA_818,7653,16,7669,201,0.5979835378945557
lncRNA_408,7654,12,7666,103,0.6319895057366103
lncRNA_8964,7653,6,7659,118,0.6239921079412973
lncRNA_1990,7650,8,7658,122,0.6269526516648768
lncRNA_7506,7652,5,7657,132,0.6095576329966654
lncRNA_23969,7657,0,7657,106,0.621064929749725
lncRNA_6547,7651,6,7657,131,0.6356332500347497
lncRNA_1038,7628,25,7653,186,0.6243323925736972
lncRNA_4459,7628,21,7649,181,0.6068774377493283
lncRNA_13900,7606,42,7648,130,0.6042575233887001
lncRNA_3664,7639,6,7645,99,0.6167984714416282
lncRNA_1907,7633,9,7642,136,0.6484333657498957
lncRNA_769,7612,29,7641,157,0.6153906249809727
lncRNA_8965,7632,6,7638,116,0.6237063884398206
lncRNA_14477,7625,12,7637,114,0.6166995212885672
lncRNA_21587,7601,35,7636,156,0.6073814409515843
lncRNA_19742,7625,11,7636,115,0.6169111159644028
lncRNA_12213,7621,11,7632,164,0.6047839645330719
lncRNA_802,7626,1,7627,192,0.603935038980475
lncRNA_801,7624,1,7625,192,0.6039643984020002
lncRNA_23658,7600,24,7624,193,0.6040841387084279
lncRNA_14609,7618,5,7623,139,0.6320084053157276
lncRNA_4188,7616,6,7622,143,0.651449273831306
lncRNA_22754,7603,18,7621,106,0.6315690033649739
lncRNA_17095,7601,18,7619,109,0.6159025127451634
lncRNA_8110,7612,7,7619,136,0.6364441653010955
lncRNA_21678,7612,5,7617,129,0.6311144982603899
lncRNA_9062,7611,6,7617,138,0.6237583948417409
lncRNA_15170,7603,13,7616,140,0.621423459498073
lncRNA_8111,7608,7,7615,136,0.6363568672350017
lncRNA_6468,7600,15,7615,142,0.6127542602162763
lncRNA_9063,7608,6,7614,138,0.6237729643553745
lncRNA_11981,7559,55,7614,203,0.5933302026978629
lncRNA_23492,7608,5,7613,138,0.6240364080946892
lncRNA_13282,7601,8,7609,139,0.630342621251512
lncRNA_10542,7602,6,7608,147,0.631240621929074
lncRNA_6534,7606,1,7607,128,0.612432352378103
lncRNA_12335,7600,6,7606,141,0.6254039701215316
lncRNA_8112,7597,7,7604,136,0.6363294749247045
lncRNA_12800,7591,10,7601,133,0.6460727702199294
lncRNA_12801,7590,10,7600,133,0.6460930986703842
lncRNA_22474,7587,12,7599,116,0.6272208584517647
lncRNA_21297,7590,6,7596,115,0.6098736399963139
lncRNA_1075,7584,10,7594,161,0.608504060214331
lncRNA_13896,7547,43,7590,128,0.6059668199125922
lncRNA_11064,7549,37,7586,195,0.6077548840312764
lncRNA_9949,7578,7,7585,154,0.6232790858623827
lncRNA_15963,7578,6,7584,137,0.6209550223088394
lncRNA_8282,7546,35,7581,165,0.5960658725909347
lncRNA_7039,7567,7,7574,84,0.6205473800044828
lncRNA_18267,7543,31,7574,114,0.6037333272997057
lncRNA_12330,7561,8,7569,145,0.6221989523952278
lncRNA_3450,7545,24,7569,105,0.6074479264726814
lncRNA_12333,7561,8,7569,145,0.6221989523952278
lncRNA_12334,7561,8,7569,145,0.6221989523952278
lncRNA_16630,7560,5,7565,147,0.628880482810373
lncRNA_5587,7559,6,7565,103,0.6253054222448958
lncRNA_23659,7544,20,7564,183,0.5997170445481814
lncRNA_7024,7554,6,7560,128,0.6266945720565432
lncRNA_9696,7548,5,7553,151,0.6074060114529376
lncRNA_17268,7543,8,7551,114,0.6170778340857795
lncRNA_13860,7523,24,7547,111,0.6274326600937858
lncRNA_6287,7538,8,7546,121,0.6324153630845533
lncRNA_7781,7537,8,7545,121,0.6293489042430818
lncRNA_17902,7534,6,7540,146,0.6410349905097338
lncRNA_23000,7532,6,7538,98,0.6144989905669108
lncRNA_7041,7528,6,7534,83,0.6193142230087674
lncRNA_15958,7527,6,7533,137,0.6193010542506802
lncRNA_12948,7521,11,7532,151,0.6216349880741083
lncRNA_18020,7503,27,7530,113,0.6276834013389353
lncRNA_6865,7524,4,7528,165,0.5971653862371101
lncRNA_13901,7485,42,7527,127,0.603041796926933
lncRNA_13902,7485,42,7527,127,0.603041796926933
lncRNA_5114,7516,11,7527,139,0.629503954954799
lncRNA_9096,7520,6,7526,119,0.6351548569718797
lncRNA_1343,7517,7,7524,114,0.6192565185567047
lncRNA_22814,7510,14,7524,122,0.6336700849169522
lncRNA_17493,7494,27,7521,128,0.5966272311741492
lncRNA_19701,7510,10,7520,143,0.6428710172265799
lncRNA_23629,7508,8,7516,136,0.6274257076735724
lncRNA_3734,7511,2,7513,129,0.6034446274850602
lncRNA_11708,7482,22,7504,156,0.6069814191184111
lncRNA_10252,7485,15,7500,109,0.6087612077031899
lncRNA_21327,7482,11,7493,94,0.6090642020111223
lncRNA_20986,7468,24,7492,131,0.6077765773523961
lncRNA_8169,7487,5,7492,129,0.622913245577748
lncRNA_16926,7475,16,7491,106,0.6196096112169271
lncRNA_17505,7482,6,7488,153,0.6047794791025348
lncRNA_21680,7482,6,7488,139,0.630473143407037
lncRNA_8972,7463,22,7485,123,0.6072619658085896
lncRNA_6325,7453,31,7484,172,0.5974475865743842
lncRNA_21679,7477,5,7482,132,0.6334659051433488
lncRNA_2597,7460,21,7481,144,0.6284103255615692
lncRNA_2504,7469,11,7480,168,0.6222254285844863
lncRNA_14787,7470,9,7479,98,0.61494279935518
lncRNA_8688,7476,2,7478,108,0.60396749179514
lncRNA_9300,7467,11,7478,90,0.6163341440447766
lncRNA_15782,7462,15,7477,106,0.625557617323529
lncRNA_3410,7467,9,7476,112,0.6083543549141855
lncRNA_17474,7473,0,7473,164,0.6231978252726638
lncRNA_15300,7464,7,7471,145,0.6184654549431168
lncRNA_12720,7467,3,7470,100,0.6183524234612982
lncRNA_5942,7439,28,7467,194,0.5925335361805297
lncRNA_4912,7441,26,7467,131,0.6128748583076539
lncRNA_7349,7441,22,7463,164,0.6177787808857911
lncRNA_10809,7456,6,7462,110,0.6274676098804809
lncRNA_22302,7447,15,7462,141,0.6158131700634533
lncRNA_24137,7444,15,7459,161,0.6025001318478157
lncRNA_161,7450,7,7457,137,0.6383253252473965
lncRNA_163,7450,7,7457,137,0.6383253252473965
lncRNA_9490,7447,9,7456,88,0.6189348570597153
lncRNA_18562,7448,7,7455,147,0.6163181657840924
lncRNA_12546,7435,17,7452,142,0.6229799782003816
lncRNA_8655,7433,18,7451,123,0.6242047866953857
lncRNA_9488,7442,7,7449,87,0.6200351221746518
lncRNA_15666,7446,2,7448,127,0.6166899488447906
lncRNA_15673,7446,2,7448,127,0.6166899488447906
lncRNA_22692,7437,10,7447,126,0.6123815920564403
lncRNA_20557,7395,43,7438,194,0.598893529746465
lncRNA_1579,7430,7,7437,134,0.6218699065010044
lncRNA_10357,7422,14,7436,191,0.6050818813955452
lncRNA_162,7429,7,7436,136,0.6390899869336947
lncRNA_5473,7424,9,7433,116,0.6245758915691444
lncRNA_8776,7392,40,7432,186,0.5927845709362207
lncRNA_3260,7419,11,7430,112,0.6229199655248379
lncRNA_11096,7388,41,7429,189,0.5887559943193454
lncRNA_1365,7422,2,7424,117,0.6121693774261902
lncRNA_4826,7423,0,7423,115,0.6072451396762142
lncRNA_4827,7423,0,7423,115,0.6072451396762142
lncRNA_11929,7411,10,7421,131,0.609385001141917
lncRNA_16501,7412,8,7420,89,0.618983103618736
lncRNA_16502,7412,8,7420,89,0.618983103618736
lncRNA_14164,7411,6,7417,91,0.6215510243931535
lncRNA_14165,7411,6,7417,91,0.621515856478445
lncRNA_14166,7407,6,7413,91,0.621309002736624
lncRNA_12608,7399,9,7408,135,0.6342247711584688
lncRNA_12667,7399,8,7407,138,0.6295971644087032
lncRNA_12668,7399,8,7407,138,0.6295971644087032
lncRNA_7884,7369,32,7401,165,0.6076955184319913
lncRNA_11911,7383,18,7401,119,0.6078578663571719
lncRNA_21033,7393,6,7399,133,0.6059505896510013
lncRNA_19405,7378,19,7397,113,0.6191437911341514
lncRNA_13903,7353,43,7396,122,0.6019429714758467
lncRNA_3704,7388,6,7394,128,0.6214478339857523
lncRNA_8386,7386,6,7392,111,0.6407899458714712
lncRNA_3666,7386,5,7391,115,0.6321869577831142
lncRNA_23559,7373,16,7389,161,0.6120432292375144
lncRNA_10102,7382,6,7388,125,0.6190661266379407
lncRNA_3735,7386,0,7386,130,0.6003172961220798
lncRNA_3945,7368,17,7385,108,0.6181552752074875
lncRNA_16302,7351,34,7385,191,0.6010810663663122
lncRNA_11144,7378,6,7384,92,0.6057400746811916
lncRNA_755,7366,12,7378,174,0.6189787111238811
lncRNA_754,7366,12,7378,174,0.6189787111238811
lncRNA_12216,7363,12,7375,181,0.5986077652694691
lncRNA_19525,7365,10,7375,190,0.6025316992995495
lncRNA_1342,7363,12,7375,111,0.6179023737110647
lncRNA_8118,7351,23,7374,148,0.6292724476581564
lncRNA_8507,7360,14,7374,110,0.6161413890190935
lncRNA_7121,7364,7,7371,139,0.6143278425566792
lncRNA_3601,7360,10,7370,113,0.615600749156958
lncRNA_6712,7360,8,7368,99,0.6216662617622811
lncRNA_17262,7361,7,7368,120,0.6329775271101576
lncRNA_2395,7359,7,7366,145,0.607875892036072
lncRNA_19406,7340,20,7360,113,0.6168746907451803
lncRNA_6061,7350,5,7355,165,0.6136073566668502
lncRNA_6194,7347,7,7354,94,0.6287010195978272
lncRNA_3265,7345,6,7351,136,0.6396562348183348
lncRNA_18148,7342,8,7350,110,0.6285576669989273
lncRNA_10927,7347,3,7350,157,0.6019168978227581
lncRNA_18149,7342,8,7350,110,0.6285576669989273
lncRNA_23709,7339,10,7349,153,0.5970993733950352
lncRNA_14657,7338,9,7347,129,0.5955301341473539
lncRNA_6751,7336,7,7343,119,0.6187089589102241
lncRNA_9850,7329,9,7338,94,0.609800119352422
lncRNA_6672,7331,6,7337,154,0.6257760490643338
lncRNA_3951,7315,22,7337,127,0.6156983760842795
lncRNA_23252,7324,9,7333,115,0.6387469463642411
lncRNA_23250,7324,9,7333,115,0.6387469463642411
lncRNA_12332,7325,8,7333,138,0.6195658735322321
lncRNA_22756,7295,36,7331,99,0.6126379258673683
lncRNA_12772,7319,9,7328,131,0.6405266145720975
lncRNA_12769,7319,9,7328,131,0.6405266145720975
lncRNA_8773,7319,9,7328,157,0.6160306206433533
lncRNA_12770,7319,9,7328,131,0.6405266145720975
lncRNA_19407,7308,19,7327,111,0.6166388014983206
lncRNA_10191,7312,12,7324,181,0.6211287487751329
lncRNA_10192,7313,11,7324,187,0.6205033752040982
lncRNA_3727,7300,22,7322,108,0.6059991022925376
lncRNA_1614,7316,6,7322,142,0.6340941402026556
lncRNA_20905,7311,8,7319,107,0.6253394867804853
lncRNA_1107,7314,5,7319,134,0.6248160937596916
lncRNA_222,7312,2,7314,114,0.604132084144137
lncRNA_18993,7305,5,7310,135,0.6038184175483032
lncRNA_11202,7298,11,7309,132,0.6412417642475167
lncRNA_1120,7303,5,7308,137,0.61109782782256
lncRNA_16721,7300,8,7308,126,0.6117276685920174
lncRNA_23151,7299,6,7305,119,0.6201455804305521
lncRNA_16451,7287,18,7305,154,0.6041846533358117
lncRNA_8274,7296,6,7302,132,0.6250597039094082
lncRNA_8272,7292,6,7298,131,0.6250647931918082
lncRNA_8275,7292,6,7298,131,0.6250647931918082
lncRNA_10716,7276,22,7298,127,0.6323335286223009
lncRNA_7147,7290,5,7295,144,0.6046439684437513
lncRNA_861,7287,8,7295,102,0.636846368295095
lncRNA_860,7287,8,7295,102,0.6368397622245456
lncRNA_4921,7258,37,7295,110,0.6169695326193583
lncRNA_19220,7289,5,7294,114,0.6217872792062585
lncRNA_12718,7286,6,7292,96,0.6104125322618398
lncRNA_4710,7277,14,7291,149,0.6134018066035998
lncRNA_4709,7277,14,7291,149,0.6134018066035998
lncRNA_104,7271,19,7290,132,0.5944344925167956
lncRNA_18898,7276,8,7284,126,0.6055637945779725
lncRNA_538,7277,7,7284,85,0.6164966541952115
lncRNA_18472,7215,66,7281,179,0.604651471893736
lncRNA_7514,7272,8,7280,120,0.627075174668396
lncRNA_11072,7275,5,7280,159,0.6231154621305764
lncRNA_7787,7274,1,7275,144,0.6168717535121913
lncRNA_16448,7258,17,7275,153,0.6037281442473836
lncRNA_16449,7258,17,7275,153,0.6037281442473836
lncRNA_20307,7258,12,7270,142,0.6018546076262626
lncRNA_20308,7258,12,7270,142,0.6018546076262626
lncRNA_5243,7260,9,7269,121,0.5952222526416057
lncRNA_8013,7248,21,7269,175,0.6140770185367163
lncRNA_12719,7268,0,7268,112,0.6077692148702925
lncRNA_19832,7260,8,7268,139,0.6089786706137607
lncRNA_11417,7251,15,7266,125,0.6020434224621398
lncRNA_4193,7259,7,7266,143,0.6286054443103457
lncRNA_1149,7257,8,7265,143,0.6180183791546391
lncRNA_16085,7253,8,7261,169,0.6096037670684338
lncRNA_1121,7255,5,7260,138,0.6108504936377007
lncRNA_18162,7254,5,7259,122,0.599745692852714
lncRNA_10390,7253,4,7257,94,0.6295850619642404
lncRNA_10388,7251,4,7255,94,0.6295963973295288
lncRNA_20555,7244,9,7253,195,0.6100083925092952
lncRNA_12849,7240,11,7251,112,0.6174012202620975
lncRNA_13564,7242,8,7250,108,0.6052543888276031
lncRNA_6108,7245,3,7248,97,0.6144222664847093
lncRNA_18813,7241,7,7248,137,0.6386366163995962
lncRNA_14936,7211,30,7241,178,0.6069772971499454
lncRNA_6864,7231,3,7234,161,0.5949773279845735
lncRNA_5389,7207,27,7234,197,0.6031644430529146
lncRNA_24173,7226,5,7231,123,0.6283204079245126
lncRNA_5329,7222,7,7229,90,0.6340073660572141
lncRNA_4884,7219,7,7226,127,0.6122806832953692
lncRNA_8278,7191,33,7224,159,0.5922035864614719
lncRNA_22962,7199,25,7224,132,0.6081081225617428
lncRNA_4032,7214,10,7224,107,0.6054423378162614
lncRNA_16891,7215,7,7222,136,0.6341321419595666
lncRNA_6335,7215,6,7221,127,0.6267647767831597
lncRNA_17486,7218,0,7218,75,0.6151727105143587
lncRNA_23708,7206,10,7216,147,0.5954151228479502
lncRNA_16067,7195,18,7213,98,0.6064019337048892
lncRNA_11019,7203,7,7210,113,0.6145178635131239
lncRNA_6179,7176,26,7202,167,0.6054841674869805
lncRNA_8113,7192,7,7199,135,0.6315236115936042
lncRNA_016,7191,6,7197,103,0.633410295132731
lncRNA_20365,7185,12,7197,156,0.6067070450594871
lncRNA_20275,7189,7,7196,118,0.6172932072833657
lncRNA_2576,7189,6,7195,105,0.6230766911971435
lncRNA_18195,7186,7,7193,157,0.6384210516861294
lncRNA_6101,7187,6,7193,96,0.6140521745671529
lncRNA_6102,7187,6,7193,96,0.6126673715138052
lncRNA_16882,7184,7,7191,135,0.6344417117349735
lncRNA_16892,7178,7,7185,136,0.6342143909535422
lncRNA_6808,7176,8,7184,140,0.6056674915059985
lncRNA_23624,7175,6,7181,125,0.6226602826379484
lncRNA_23623,7175,6,7181,125,0.6226602826379484
lncRNA_11585,7175,5,7180,131,0.6229326177100494
lncRNA_13928,7163,16,7179,109,0.5993640210053494
lncRNA_10460,7164,10,7174,152,0.6051277093019812
lncRNA_6109,7164,6,7170,95,0.6137552449167781
lncRNA_1615,7162,6,7168,139,0.6319043634039756
lncRNA_11204,7160,7,7167,116,0.6237721548963088
lncRNA_13926,7151,16,7167,111,0.5997836312565485
lncRNA_10937,7153,13,7166,98,0.6173902743974423
lncRNA_9112,7135,25,7160,127,0.6291512398616845
lncRNA_057,7140,18,7158,116,0.6116637082340783
lncRNA_1304,7132,26,7158,141,0.60345064555546
lncRNA_7691,7145,8,7153,123,0.6069162327812186
lncRNA_22836,7147,6,7153,116,0.6128100948153333
lncRNA_16893,7145,8,7153,132,0.6324018305850563
lncRNA_23631,7144,6,7150,125,0.6215044647575817
lncRNA_3703,7139,7,7146,119,0.6113151816336944
lncRNA_17092,7141,5,7146,153,0.607289561345862
lncRNA_14813,7135,10,7145,96,0.6245722585331762
lncRNA_6719,7140,3,7143,78,0.6140318786260431
lncRNA_973,7132,11,7143,135,0.6297358565819658
lncRNA_22266,7128,10,7138,94,0.6196165812031887
lncRNA_7656,7135,3,7138,177,0.6089239837133371
lncRNA_21393,7132,6,7138,177,0.6195290081695835
lncRNA_16442,7081,57,7138,122,0.5953707110591218
lncRNA_16443,7081,57,7138,122,0.5953707110591218
lncRNA_16444,7081,57,7138,122,0.5953707110591218
lncRNA_1786,7120,16,7136,121,0.6107065759558131
lncRNA_23784,7126,9,7135,150,0.6347942224038744
lncRNA_23385,7122,12,7134,124,0.6304912736494968
lncRNA_23152,7124,5,7129,113,0.6158562089162093
lncRNA_6073,7120,8,7128,155,0.6305788418942528
lncRNA_3210,7113,13,7126,168,0.6047799664988467
lncRNA_6062,7108,17,7125,161,0.6120438393207864
lncRNA_3800,7116,9,7125,94,0.6149860802482466
lncRNA_21951,7113,11,7124,180,0.6059896273547549
lncRNA_10572,7100,22,7122,191,0.5964981780118283
lncRNA_21240,7107,7,7114,108,0.6274589921272307
lncRNA_21120,7104,9,7113,90,0.6163685528568241
lncRNA_6034,7099,12,7111,111,0.6308214425072834
lncRNA_21623,7092,16,7108,111,0.6186411739402711
lncRNA_11193,7101,6,7107,125,0.6092542655119013
lncRNA_22296,7096,8,7104,127,0.6444742757036732
lncRNA_1981,7095,8,7103,144,0.6064205451191981
lncRNA_23630,7097,6,7103,126,0.6197554822104899
lncRNA_156,7097,6,7103,157,0.6255907422608377
lncRNA_16503,7090,11,7101,86,0.619342806351157
lncRNA_6650,7070,29,7099,123,0.6116530949617045
lncRNA_23575,7092,7,7099,140,0.6447883251531606
lncRNA_23576,7092,7,7099,140,0.6447883251531606
lncRNA_16176,7091,6,7097,139,0.6362206373036912
lncRNA_11382,7088,8,7096,141,0.6438337702469309
lncRNA_21106,7085,10,7095,114,0.6154128584421964
lncRNA_3266,7085,6,7091,134,0.6393562764526766
lncRNA_19881,7071,20,7091,108,0.5996758689792905
lncRNA_5494,7052,39,7091,123,0.6117920138699249
lncRNA_13551,7066,22,7088,102,0.6190456840814875
lncRNA_8012,7081,7,7088,156,0.6251634004148746
lncRNA_17331,7073,10,7083,99,0.6037115922201362
lncRNA_6107,7079,2,7081,89,0.612559649232403
lncRNA_11398,7065,13,7078,98,0.6292707522577239
lncRNA_23628,7072,6,7078,117,0.6269590003013342
lncRNA_8550,7043,33,7076,163,0.5969603592863947
lncRNA_22998,7064,10,7074,86,0.6169666099424385
lncRNA_10552,7063,10,7073,135,0.6337883827885155
lncRNA_4058,7064,7,7071,103,0.6250575680248956
lncRNA_6106,7063,3,7066,89,0.6127468863982402
lncRNA_3115,7059,6,7065,127,0.6201110549987834
lncRNA_6879,7048,16,7064,122,0.6011564066473357
lncRNA_20476,7056,7,7063,120,0.5897924807119459
lncRNA_11420,7048,14,7062,144,0.6052017395854539
lncRNA_9155,7052,10,7062,107,0.6133784504668875
lncRNA_23622,7055,6,7061,126,0.6207734431642724
lncRNA_9792,7051,6,7057,90,0.613486656402038
lncRNA_10928,7053,2,7055,160,0.5977913017744767
lncRNA_24129,7012,38,7050,185,0.5910631307202414
lncRNA_166,7043,7,7050,136,0.6326261730765497
lncRNA_22750,7029,19,7048,88,0.5995068465854257
lncRNA_3473,7041,5,7046,112,0.6196656737857579
lncRNA_109,7036,6,7042,105,0.612451961597429
lncRNA_5830,7025,16,7041,129,0.601151418999893
lncRNA_9385,7033,7,7040,108,0.5957134597993927
lncRNA_9384,7033,7,7040,108,0.5957134597993927
lncRNA_15982,7033,6,7039,117,0.6213574669675623
lncRNA_5045,7029,7,7036,172,0.6037565992361762
lncRNA_9386,7027,7,7034,107,0.5959615049973868
lncRNA_263,7030,3,7033,109,0.606510878501038
lncRNA_1106,7032,1,7033,126,0.6193914881467134
lncRNA_2637,7021,8,7029,106,0.611479479789285
lncRNA_17572,7015,12,7027,129,0.620824895096398
lncRNA_17571,7015,12,7027,129,0.620824895096398
lncRNA_21707,7015,11,7026,116,0.6248547174963038
lncRNA_11930,7022,4,7026,126,0.5932984738975317
lncRNA_164,7015,8,7023,136,0.6317866281896827
lncRNA_22286,7018,5,7023,123,0.616728225559687
lncRNA_3139,7014,9,7023,180,0.6235708659199358
lncRNA_23676,7010,9,7019,83,0.6251401081934727
lncRNA_13887,7016,2,7018,120,0.6130009353416404
lncRNA_21330,6972,44,7016,222,0.5964949477539616
lncRNA_12230,7010,6,7016,152,0.6294475844634556
lncRNA_5493,6972,41,7013,121,0.6100490107529026
lncRNA_9627,7007,6,7013,117,0.6258225101632797
lncRNA_3877,7009,3,7012,77,0.5968473969462126
lncRNA_6329,7005,7,7012,108,0.6208927443423677
lncRNA_19278,6957,52,7009,180,0.5903203019058925
lncRNA_905,7004,5,7009,114,0.6392584307709392
lncRNA_9628,7003,6,7009,117,0.6256798691050219
lncRNA_7782,7000,8,7008,104,0.6275987368150786
lncRNA_4171,6999,8,7007,99,0.6177956931026025
lncRNA_3211,6998,8,7006,165,0.6065503272377667
lncRNA_1578,6993,13,7006,102,0.6090736195984493
lncRNA_9383,6997,7,7004,106,0.5955114565933571
lncRNA_3736,7001,0,7001,119,0.5970697842544163
lncRNA_24071,6989,9,6998,112,0.6272485329225698
lncRNA_12016,6965,32,6997,129,0.5969901319518279
lncRNA_21997,6989,8,6997,144,0.6427767139118808
lncRNA_15311,6982,11,6993,93,0.6105457990005726
lncRNA_15313,6982,11,6993,93,0.6105457990005726
lncRNA_8280,6960,32,6992,172,0.5913868830734424
lncRNA_15309,6981,11,6992,93,0.6104793242456967
lncRNA_19415,6985,7,6992,141,0.6120535561253974
lncRNA_8953,6988,3,6991,112,0.6337384201208801
lncRNA_15322,6980,11,6991,93,0.6105371499229222
lncRNA_15315,6980,11,6991,93,0.6105371499229222
lncRNA_15319,6980,11,6991,93,0.6105371499229222
lncRNA_15323,6980,11,6991,93,0.6105371499229222
lncRNA_15321,6980,11,6991,93,0.6105371499229222
lncRNA_15317,6980,11,6991,93,0.6105371499229222
lncRNA_15316,6980,11,6991,93,0.6105371499229222
lncRNA_6874,6981,8,6989,134,0.6222060610128334
lncRNA_19781,6977,5,6982,143,0.607178294360899
lncRNA_11629,6960,22,6982,94,0.6053816920173142
lncRNA_19780,6977,5,6982,143,0.607178294360899
lncRNA_15308,6967,11,6978,93,0.6104454948261394
lncRNA_18250,6970,8,6978,115,0.6101362267187377
lncRNA_7931,6954,22,6976,97,0.623767374078456
lncRNA_7932,6954,22,6976,97,0.6237958781594107
lncRNA_3143,6971,3,6974,93,0.6186606071671668
lncRNA_7497,6954,19,6973,88,0.6106468600218694
lncRNA_3142,6970,3,6973,93,0.6185566095710741
lncRNA_21907,6958,9,6967,102,0.5991243321898199
lncRNA_16233,6957,10,6967,176,0.6087396992903265
lncRNA_21906,6958,9,6967,102,0.5991243321898199
lncRNA_1582,6949,16,6965,111,0.6311732097644657
lncRNA_1583,6949,16,6965,111,0.6311732097644657
lncRNA_11803,6945,18,6963,143,0.6055604583015857
lncRNA_11192,6952,10,6962,122,0.6053634652731502
lncRNA_1389,6947,12,6959,128,0.6293414721507712
lncRNA_15595,6950,8,6958,141,0.5899284646516167
lncRNA_8587,6949,8,6957,131,0.6337483700680868
lncRNA_8583,6949,8,6957,131,0.6337483700680868
lncRNA_8586,6949,8,6957,131,0.6337483700680868
lncRNA_10537,6950,6,6956,124,0.6307823687881915
lncRNA_15980,6948,7,6955,115,0.617814408491689
lncRNA_2108,6949,6,6955,106,0.6193818420088654
lncRNA_2016,6947,8,6955,77,0.6191936759006386
lncRNA_14450,6951,3,6954,152,0.6019991221527583
lncRNA_20477,6946,8,6954,98,0.6112372732886585
lncRNA_19666,6940,9,6949,115,0.6200549310085737
lncRNA_2033,6939,7,6946,125,0.6347384360478007
lncRNA_548,6937,8,6945,85,0.6194583752196972
lncRNA_12215,6933,12,6945,176,0.5938601731551999
lncRNA_515,6939,6,6945,143,0.6058814015986337
lncRNA_10925,6939,3,6942,137,0.5973677069438939
lncRNA_11191,6930,10,6940,121,0.6048681903673846
lncRNA_9689,6931,7,6938,114,0.5999750351520168
lncRNA_8279,6904,34,6938,172,0.5899901596942952
lncRNA_6673,6922,15,6937,116,0.6234075607514361
lncRNA_22485,6932,2,6934,84,0.5999609248146359
lncRNA_23125,6912,21,6933,127,0.6066781761780821
lncRNA_10667,6927,6,6933,120,0.5967461577512178
lncRNA_9489,6919,11,6930,80,0.6259671236671354
lncRNA_21241,6920,8,6928,107,0.6263296336022912
lncRNA_23222,6924,2,6926,104,0.598390458918638
lncRNA_19120,6923,2,6925,100,0.6176853738636177
lncRNA_9392,6913,9,6922,94,0.6113555850069016
lncRNA_9036,6902,20,6922,114,0.612102676948472
lncRNA_4703,6915,6,6921,140,0.633208184679243
lncRNA_23297,6914,6,6920,183,0.5904470061384418
lncRNA_9037,6901,19,6920,114,0.6123204556760823
lncRNA_17597,6902,17,6919,166,0.5938320765066287
lncRNA_17596,6901,15,6916,168,0.5944633241719306
lncRNA_6202,6899,17,6916,106,0.5937899930429514
lncRNA_9692,6904,7,6911,114,0.6001590904364335
lncRNA_12214,6898,12,6910,171,0.594765179065496
lncRNA_11588,6891,19,6910,129,0.6120455248204905
lncRNA_17387,6905,5,6910,150,0.591714236585961
lncRNA_23516,6880,27,6907,117,0.6029390127078214
lncRNA_13433,6901,5,6906,101,0.6199802925140349
lncRNA_228,6886,19,6905,96,0.5897081186178581
lncRNA_11956,6899,5,6904,140,0.625968069151792
lncRNA_11955,6899,5,6904,140,0.625968069151792
lncRNA_22923,6894,9,6903,138,0.6392274942474142
lncRNA_20558,6892,9,6901,118,0.6437438179980569
lncRNA_24073,6897,3,6900,159,0.6024263691530959
lncRNA_14957,6891,6,6897,115,0.600878869476633
lncRNA_14956,6891,6,6897,115,0.600878869476633
lncRNA_14958,6891,6,6897,115,0.600878869476633
lncRNA_3112,6890,5,6895,170,0.5887464115831591
lncRNA_20164,6879,8,6887,138,0.644954980592473
lncRNA_14954,6877,6,6883,114,0.6007525841388024
lncRNA_9387,6872,7,6879,101,0.594546247264875
lncRNA_1070,6865,14,6879,178,0.596497385217498
lncRNA_17264,6849,24,6873,120,0.6039266953615583
lncRNA_23369,6859,12,6871,108,0.6212892597077491
lncRNA_3162,6841,30,6871,124,0.6117391247836499
lncRNA_20560,6861,9,6870,118,0.6429869361193498
lncRNA_4823,6851,18,6869,103,0.6159738720666738
lncRNA_010,6862,5,6867,99,0.620008976457415
lncRNA_009,6862,5,6867,99,0.620008976457415
lncRNA_4228,6838,29,6867,158,0.5985805917510623
lncRNA_23789,6859,6,6865,131,0.6096333271727318
lncRNA_15992,6857,6,6863,108,0.6197090780194253
lncRNA_24102,6855,8,6863,104,0.6207644943304136
lncRNA_008,6858,5,6863,99,0.6200092182390047
lncRNA_23804,6828,34,6862,114,0.5921532173947123
lncRNA_19770,6855,5,6860,116,0.6191535301127431
lncRNA_12212,6852,8,6860,123,0.598312856311544
lncRNA_16778,6840,17,6857,131,0.6054380804758696
lncRNA_3944,6845,12,6857,98,0.6153086629358068
lncRNA_12876,6837,19,6856,126,0.617062803989124
lncRNA_14656,6849,6,6855,146,0.5943094188395438
lncRNA_19769,6849,5,6854,118,0.6187181708821139
lncRNA_19119,6849,2,6851,97,0.6171477361123529
lncRNA_23364,6837,14,6851,119,0.5933116643663872
lncRNA_3923,6841,7,6848,146,0.6208473081591881
lncRNA_5805,6839,8,6847,95,0.6277755735161726
lncRNA_4950,6736,108,6844,208,0.5798164659043877
lncRNA_21337,6833,11,6844,160,0.602662346055149
lncRNA_9780,6817,24,6841,117,0.6159287934530521
lncRNA_16099,6832,7,6839,145,0.6145372262687009
lncRNA_15966,6831,6,6837,136,0.6009337460028824
lncRNA_4904,6831,6,6837,120,0.6358137617757988
lncRNA_12427,6829,6,6835,137,0.6348956541769427
lncRNA_12429,6829,6,6835,137,0.6348956541769427
lncRNA_23361,6818,14,6832,119,0.5932595556271741
lncRNA_23363,6818,14,6832,119,0.5932595556271741
lncRNA_23362,6818,14,6832,119,0.5932595556271741
lncRNA_23360,6818,14,6832,119,0.5932595556271741
lncRNA_6089,6813,13,6826,143,0.5942713138622353
lncRNA_6871,6817,8,6825,132,0.6210748899241232
lncRNA_792,6812,12,6824,159,0.6216293099657586
lncRNA_793,6812,12,6824,159,0.6216293099657586
lncRNA_15356,6818,5,6823,89,0.6003202225835792
lncRNA_15077,6812,7,6819,142,0.6424409684628899
lncRNA_24002,6797,22,6819,98,0.5959570444202091
lncRNA_15993,6812,7,6819,114,0.6178371752517924
lncRNA_20854,6809,7,6816,158,0.6095949698581535
lncRNA_6872,6804,8,6812,132,0.6209707477307758
lncRNA_16769,6790,20,6810,135,0.6053147089007637
lncRNA_19420,6798,10,6808,72,0.6278965033120172
lncRNA_12171,6805,2,6807,95,0.6196983877834734
lncRNA_23294,6799,7,6806,181,0.5886129026783984
lncRNA_624,6771,35,6806,103,0.6123597665884832
lncRNA_6328,6795,9,6804,103,0.5860917186817285
lncRNA_14945,6784,19,6803,116,0.6189220128873445
lncRNA_4903,6797,6,6803,118,0.6352856803355849
lncRNA_14434,6794,8,6802,107,0.6055221880506702
lncRNA_14946,6781,19,6800,116,0.6188967321228044
lncRNA_17598,6783,17,6800,163,0.5929868873371292
lncRNA_21394,6792,6,6798,163,0.621521550543704
lncRNA_15533,6788,8,6796,105,0.6145277649903076
lncRNA_11638,6775,20,6795,111,0.6054963962736898
lncRNA_8038,6776,16,6792,85,0.6166669176004544
lncRNA_24178,6760,31,6791,118,0.6044372142644969
lncRNA_15984,6783,6,6789,123,0.6282394761061306
lncRNA_21735,6782,7,6789,85,0.6080327114995061
lncRNA_2754,6734,51,6785,155,0.5949757199155633
lncRNA_10899,6768,15,6783,137,0.5899627335907197
lncRNA_18639,6775,6,6781,155,0.6086994301896793
lncRNA_6283,6772,8,6780,129,0.6313511736644853
lncRNA_12290,6772,6,6778,129,0.6477372089465717
lncRNA_7695,6767,7,6774,129,0.6015109817306147
lncRNA_20064,6767,6,6773,117,0.6068581203111697
lncRNA_20235,6767,4,6771,148,0.59709872315014
lncRNA_23003,6761,9,6770,104,0.5945468744304023
lncRNA_16586,6757,8,6765,109,0.6061622530355837
lncRNA_16571,6755,8,6763,109,0.6061071921550805
lncRNA_14947,6745,18,6763,115,0.6186635544398487
lncRNA_9540,6737,19,6756,134,0.625536611304032
lncRNA_18199,6750,5,6755,160,0.6105662655107154
lncRNA_2470,6750,5,6755,129,0.6204074057349608
lncRNA_6887,6745,7,6752,114,0.6051770376685176
lncRNA_10926,6745,7,6752,161,0.5895264110455735
lncRNA_17091,6739,9,6748,121,0.6206597517947042
lncRNA_10666,6740,7,6747,106,0.5964892959168072
lncRNA_13074,6735,8,6743,110,0.621191589404683
lncRNA_18022,6725,18,6743,81,0.6066703885529755
lncRNA_17599,6736,6,6742,139,0.6352468708253023
lncRNA_23087,6729,12,6741,117,0.6062085451542417
lncRNA_3596,6731,8,6739,93,0.605779866713858
lncRNA_8828,6730,6,6736,109,0.6159416908244377
lncRNA_11442,6718,17,6735,116,0.6075488593352945
lncRNA_8234,6713,22,6735,117,0.5952882739508378
lncRNA_18862,6731,0,6731,141,0.5976871619275811
lncRNA_15809,6685,42,6727,100,0.6065848056674973
lncRNA_8522,6726,0,6726,137,0.5951573237424901
lncRNA_18198,6719,5,6724,160,0.6102757508122211
lncRNA_18197,6717,5,6722,160,0.6102862099728301
lncRNA_5368,6712,9,6721,86,0.6075162105445112
lncRNA_5302,6705,11,6716,112,0.6259228762605983
lncRNA_15965,6708,6,6714,132,0.5995633508343539
lncRNA_20495,6699,15,6714,149,0.6074527720829899
lncRNA_16404,6704,9,6713,102,0.6145271539185602
lncRNA_5892,6705,7,6712,125,0.6144048934833122
lncRNA_8827,6705,7,6712,108,0.6158822331532448
lncRNA_16405,6699,11,6710,104,0.6138258179133629
lncRNA_6133,6700,5,6705,108,0.6210913015587312
lncRNA_15071,6698,7,6705,139,0.6418802414525664
lncRNA_3955,6684,13,6697,117,0.6025582725844192
lncRNA_6338,6684,12,6696,101,0.5877869446528048
lncRNA_9089,6689,4,6693,148,0.6028843958363249
lncRNA_16883,6682,11,6693,126,0.6254993403497698
lncRNA_19280,6687,5,6692,129,0.6033725978329145
lncRNA_15858,6683,6,6689,133,0.6042559386887285
lncRNA_5199,6665,21,6686,109,0.6096831173695053
lncRNA_23925,6684,1,6685,119,0.6055299497802978
lncRNA_20171,6682,3,6685,146,0.6278269824493692
lncRNA_18972,6677,8,6685,144,0.6089106928377368
lncRNA_23926,6684,1,6685,119,0.6055299497802978
lncRNA_14466,6662,22,6684,108,0.6137041919490661
lncRNA_22388,6657,23,6680,119,0.6219465497563649
lncRNA_16559,6670,9,6679,160,0.6110555891706715
lncRNA_5849,6668,11,6679,149,0.5887377761509928
lncRNA_13829,6672,7,6679,124,0.6149285617086858
lncRNA_8109,6628,50,6678,148,0.5986692795177869
lncRNA_16068,6671,6,6677,158,0.6025994195494943
lncRNA_13073,6665,11,6676,120,0.6203051093869404
lncRNA_21945,6668,7,6675,137,0.6147701521488279
lncRNA_848,6664,6,6670,117,0.6196125482744823
lncRNA_18677,6593,77,6670,217,0.5796211369621412
lncRNA_18676,6591,77,6668,217,0.5796513171548906
lncRNA_165,6660,7,6667,131,0.6280020922043541
lncRNA_19118,6662,3,6665,100,0.613491961690963
lncRNA_23931,6662,1,6663,114,0.6035146201999905
lncRNA_23598,6659,3,6662,80,0.615068648429023
lncRNA_11802,6642,19,6661,143,0.6028371754819492
lncRNA_9024,6655,5,6660,136,0.6266928900255601
lncRNA_4295,6653,7,6660,107,0.6054317081816825
lncRNA_928,6650,10,6660,132,0.6394957021594599
lncRNA_14131,6649,8,6657,90,0.6287438311592572
lncRNA_18196,6650,5,6655,159,0.6097908983816149
lncRNA_19116,6651,3,6654,100,0.613489152625429
lncRNA_10387,6647,5,6652,91,0.6232773463313352
lncRNA_1222,6642,10,6652,105,0.6102605656186431
lncRNA_9027,6639,10,6649,151,0.5869682592914472
lncRNA_997,6641,5,6646,127,0.622134916394559
lncRNA_23353,6611,35,6646,146,0.5916762353362308
lncRNA_22594,6592,54,6646,120,0.5843994837458101
lncRNA_13434,6641,4,6645,89,0.6135618970085647
lncRNA_11418,6630,15,6645,132,0.5997719528402989
lncRNA_5502,6631,10,6641,94,0.6154339918531709
lncRNA_23165,6635,5,6640,111,0.6174154506872043
lncRNA_9026,6629,10,6639,149,0.5868891919450046
lncRNA_6734,6636,0,6636,83,0.6082748719537385
lncRNA_1341,6623,13,6636,97,0.6068668793457468
lncRNA_11419,6620,15,6635,132,0.5996037808628962
lncRNA_3238,6594,36,6630,152,0.5846713308711899
lncRNA_8108,6578,50,6628,149,0.5983401150895602
lncRNA_2085,6544,83,6627,210,0.5844339173665818
lncRNA_10803,6599,27,6626,128,0.6079239808757867
lncRNA_10678,6618,6,6624,127,0.6051805360463051
lncRNA_10677,6618,6,6624,127,0.6051805360463051
lncRNA_17744,6615,8,6623,120,0.5945373905089422
lncRNA_154,6609,14,6623,89,0.6046583398051901
lncRNA_11187,6614,6,6620,106,0.6052523565827578
lncRNA_22627,6614,5,6619,80,0.612778476602397
lncRNA_6176,6618,0,6618,86,0.600482365126047
lncRNA_6001,6535,82,6617,144,0.612809486812802
lncRNA_9376,6606,8,6614,140,0.6014904021342656
lncRNA_16319,6536,77,6613,161,0.5883124439255145
lncRNA_15824,6597,14,6611,181,0.5914085909530207
lncRNA_18164,6605,5,6610,127,0.6013183346990889
lncRNA_16201,6599,10,6609,108,0.6067832666997465
lncRNA_1668,6604,5,6609,115,0.6120124322558868
lncRNA_765,6604,5,6609,101,0.6028193223869802
lncRNA_15357,6603,5,6608,88,0.5978120142674063
lncRNA_7942,6576,31,6607,91,0.618745107953118
lncRNA_14132,6597,8,6605,88,0.6272852964088798
lncRNA_15070,6593,7,6600,139,0.6414561356363483
lncRNA_11733,6593,5,6598,86,0.6139967490829837
lncRNA_11730,6594,4,6598,91,0.6140419311216769
lncRNA_8834,6588,10,6598,101,0.6148747940835827
lncRNA_3627,6569,29,6598,85,0.5998741143100395
lncRNA_8835,6588,10,6598,101,0.6148747940835827
lncRNA_22950,6587,11,6598,108,0.622342197755722
lncRNA_23255,6588,6,6594,113,0.6311559079958713
lncRNA_2714,6550,39,6589,99,0.595120318052997
lncRNA_1244,6582,6,6588,140,0.5888667517112148
lncRNA_11639,6554,33,6587,111,0.6047575174564387
lncRNA_16202,6576,9,6585,106,0.6063531783156365
lncRNA_10802,6556,29,6585,127,0.6073639359543761
lncRNA_5497,6584,0,6584,137,0.5928543511372463
lncRNA_12421,6573,10,6583,78,0.621498982947448
lncRNA_733,6560,23,6583,139,0.620790865087742
lncRNA_17771,6575,3,6578,106,0.6063804746772807
lncRNA_9113,6564,12,6576,97,0.6032209354339004
lncRNA_11185,6570,6,6576,105,0.6044867653261887
lncRNA_795,6548,27,6575,160,0.5860310760734541
lncRNA_9888,6571,3,6574,80,0.6135591521411171
lncRNA_3629,6561,12,6573,104,0.6158026427555777
lncRNA_10991,6571,1,6572,85,0.5986301351605002
lncRNA_11195,6564,6,6570,105,0.6046370964895225
lncRNA_12430,6563,5,6568,123,0.6319598586711356
lncRNA_11188,6562,5,6567,107,0.6042160566977275
lncRNA_16772,6545,16,6561,183,0.5952265474326525
lncRNA_6180,6537,23,6560,162,0.5843065575541142
lncRNA_20607,6555,5,6560,111,0.6149336176844505
lncRNA_14883,6544,13,6557,127,0.610624850719207
lncRNA_2619,6485,71,6556,149,0.5828474974454254
lncRNA_3777,6550,5,6555,115,0.588854420240499
lncRNA_15972,6546,6,6552,124,0.6079323225903096
lncRNA_10703,6543,8,6551,122,0.5883885850702376
lncRNA_5807,6542,9,6551,96,0.625228618316686
lncRNA_9025,6540,9,6549,148,0.5868607051947218
lncRNA_23110,6527,21,6548,85,0.5963176001552969
lncRNA_24153,6539,7,6546,157,0.6203713846909089
lncRNA_24001,6522,20,6542,91,0.593233328554466
lncRNA_1390,6532,10,6542,118,0.6271962391138269
lncRNA_5147,6531,9,6540,127,0.6040971248434952
lncRNA_12652,6520,19,6539,148,0.6146188398208795
lncRNA_23409,6534,5,6539,142,0.6182842550710486
lncRNA_22014,6533,5,6538,142,0.6011819864877438
lncRNA_15971,6530,6,6536,124,0.6077831183404042
lncRNA_2501,6523,11,6534,103,0.598206887067378
lncRNA_10406,6520,14,6534,153,0.6248038874231059
lncRNA_6946,6525,6,6531,127,0.6254453583221632
lncRNA_18900,6527,3,6530,134,0.5890580838024846
lncRNA_14423,6512,17,6529,97,0.5999509478437884
lncRNA_23405,6527,0,6527,134,0.5951781142241667
lncRNA_22922,6515,8,6523,128,0.635550907639393
lncRNA_14130,6513,10,6523,85,0.6256884923284446
lncRNA_17678,6473,48,6521,124,0.592846806251274
lncRNA_17422,6495,25,6520,70,0.6036256857639097
lncRNA_14789,6512,8,6520,125,0.601766003028033
lncRNA_16771,6502,17,6519,184,0.5950519628789012
lncRNA_1215,6511,7,6518,97,0.6139578143075998
lncRNA_1216,6511,7,6518,97,0.6139578143075998
lncRNA_16450,6510,8,6518,120,0.5968253388735004
lncRNA_16447,6510,8,6518,120,0.5968253388735004
lncRNA_20499,6511,6,6517,93,0.6124607278426424
lncRNA_1571,6499,17,6516,96,0.6176881178035777
lncRNA_17873,6508,7,6515,132,0.6337594756117544
lncRNA_19156,6507,7,6514,148,0.5983526564291797
lncRNA_18675,6435,79,6514,209,0.577030428589734
lncRNA_1781,6500,13,6513,113,0.6044910065011012
lncRNA_14953,6505,8,6513,109,0.5970022719343456
lncRNA_15828,6494,17,6511,172,0.5958429346410589
lncRNA_11175,6504,7,6511,102,0.6050405574570701
lncRNA_3947,6497,12,6509,121,0.6076196903422696
lncRNA_13627,6502,7,6509,125,0.6356391583164162
lncRNA_24151,6499,6,6505,155,0.6236015225578841
lncRNA_22025,6505,0,6505,100,0.5944838724068165
lncRNA_17090,6489,15,6504,98,0.6246847437481848
lncRNA_20641,6487,16,6503,87,0.6275913657534191
lncRNA_1588,6484,19,6503,98,0.6266536559779344
lncRNA_12112,6483,18,6501,131,0.590422217602637
lncRNA_2461,6492,9,6501,70,0.6138185964217201
lncRNA_4704,6494,6,6500,130,0.6278815225027121
lncRNA_19475,6492,8,6500,112,0.6395200721860163
lncRNA_16403,6446,49,6495,174,0.5901351430140802
lncRNA_2086,6410,84,6494,202,0.5808900632467254
lncRNA_24069,6484,9,6493,98,0.6052602367755024
lncRNA_3237,6451,41,6492,148,0.5828921548017498
lncRNA_1098,6484,6,6490,145,0.6206427949877121
lncRNA_19157,6483,7,6490,146,0.5981623340399342
lncRNA_15307,6480,8,6488,93,0.6063721276955606
lncRNA_23689,6466,22,6488,114,0.5902460781565512
lncRNA_6765,6462,25,6487,112,0.6254132007452707
lncRNA_13927,6465,22,6487,99,0.5934966816773302
lncRNA_18362,6461,23,6484,60,0.6177978577135528
lncRNA_20386,6477,6,6483,110,0.6084265387460749
lncRNA_1032,6444,39,6483,163,0.6082276510141791
lncRNA_20384,6477,6,6483,110,0.6084265387460749
lncRNA_1876,6468,2,6470,101,0.6130622717553494
lncRNA_19158,6462,7,6469,146,0.5978638363101252
lncRNA_12238,6462,7,6469,136,0.6349040045600697
lncRNA_12289,6455,11,6466,118,0.6416211664723629
lncRNA_13135,6454,10,6464,109,0.5951487958940437
lncRNA_21759,6454,7,6461,162,0.6043784970728105
lncRNA_19732,6454,5,6459,106,0.6123514239251473
lncRNA_17337,6440,16,6456,81,0.6092457205922392
lncRNA_18589,6448,7,6455,138,0.6421202167576422
lncRNA_4977,6443,12,6455,111,0.6174169594010418
lncRNA_1589,6436,19,6455,99,0.6250510547170891
lncRNA_8256,6437,18,6455,83,0.6086579112348626
lncRNA_21758,6446,7,6453,161,0.6043233770114214
lncRNA_919,6451,1,6452,78,0.6226621432866184
lncRNA_4905,6445,7,6452,98,0.6102145670354477
lncRNA_15073,6444,7,6451,135,0.6414100020745481
lncRNA_013,6441,8,6449,69,0.6239789095004148
lncRNA_10003,6441,8,6449,82,0.6184948241429222
lncRNA_21950,6441,5,6446,154,0.6032627804727968
lncRNA_5843,6433,12,6445,97,0.6049731063452488
lncRNA_8513,6425,19,6444,99,0.5954489144546328
lncRNA_212,6426,17,6443,149,0.6037479482172524
lncRNA_10735,6431,11,6442,122,0.6238649140370572
lncRNA_3412,6423,12,6435,111,0.6017940554846914
lncRNA_23266,6425,9,6434,104,0.6243585683172709
lncRNA_19775,6423,8,6431,107,0.6148266629540984
lncRNA_16770,6411,18,6429,178,0.594068638704307
lncRNA_6709,6415,13,6428,71,0.6250067140453675
lncRNA_14935,6427,1,6428,117,0.5937002948717696
lncRNA_22465,6421,6,6427,138,0.6137897284732639
lncRNA_21943,6397,29,6426,111,0.6014477724590227
lncRNA_15529,6418,6,6424,110,0.6068412824543137
lncRNA_20300,6414,8,6422,87,0.6200609130553512
lncRNA_8658,6403,19,6422,109,0.5984600098426013
lncRNA_5488,6397,25,6422,109,0.6143057982895693
lncRNA_19526,6421,0,6421,155,0.5945712317306568
lncRNA_12311,6402,19,6421,118,0.5737121387853391
lncRNA_15808,6394,27,6421,119,0.5927198583336688
lncRNA_19524,6421,0,6421,155,0.5945712317306568
lncRNA_11381,6410,11,6421,136,0.6331252094008893
lncRNA_805,6402,18,6420,134,0.589344243549117
lncRNA_12002,6410,8,6418,128,0.5861022594127905
lncRNA_23207,6409,9,6418,65,0.6056960993607693
lncRNA_5611,6407,2,6409,81,0.6151573822755075
lncRNA_12288,6397,11,6408,120,0.6413405194472034
lncRNA_22642,6397,11,6408,118,0.6163769313513532
lncRNA_19698,6398,8,6406,102,0.6278735179533607
lncRNA_23677,6398,6,6404,99,0.6037220225530331
lncRNA_14649,6394,9,6403,196,0.5924373188063256
lncRNA_142,6386,12,6398,159,0.6124297035291609
lncRNA_21949,6388,9,6397,161,0.6032476284638892
lncRNA_3723,6364,30,6394,145,0.5808766063379673
lncRNA_13277,6382,11,6393,114,0.5901453772674963
lncRNA_6357,6387,5,6392,123,0.6151085050283424
lncRNA_11279,6391,1,6392,90,0.6062229894681967
lncRNA_8990,6385,6,6391,73,0.6081518251780452
lncRNA_15827,6363,27,6390,160,0.5935885562355727
lncRNA_19098,6387,2,6389,91,0.5917468151198612
lncRNA_143,6374,12,6386,158,0.6123332046685278
lncRNA_18734,6366,20,6386,74,0.6094100474779784
lncRNA_20096,6373,12,6385,91,0.5972378976170015
lncRNA_13476,6348,36,6384,102,0.6154553366926186
lncRNA_8036,6377,5,6382,135,0.5944688862260931
lncRNA_561,6362,19,6381,73,0.6013094558406592
lncRNA_9023,6375,6,6381,122,0.6199707491202026
lncRNA_10789,6298,81,6379,147,0.5834319452935517
lncRNA_7920,6329,50,6379,102,0.5819413887791559
lncRNA_7786,6373,5,6378,123,0.6074776400721005
lncRNA_21356,6372,5,6377,100,0.6168277589710845
lncRNA_7803,6371,5,6376,110,0.6114504050216162
lncRNA_7804,6371,5,6376,110,0.6114504050216162
lncRNA_6985,6365,9,6374,141,0.5940047377215922
lncRNA_17285,6352,22,6374,66,0.6002206853332128
lncRNA_14991,6369,5,6374,83,0.6164121419662797
lncRNA_5207,6364,10,6374,108,0.5885018620255108
lncRNA_4123,6361,9,6370,116,0.6132293205194179
lncRNA_9759,6354,14,6368,157,0.5886208022901392
lncRNA_4535,6346,19,6365,109,0.5763498425294332
lncRNA_12231,6356,7,6363,130,0.6344781582640497
lncRNA_20213,6357,6,6363,92,0.6067884474701092
lncRNA_15076,6354,8,6362,133,0.6406310941934626
lncRNA_14088,6346,13,6359,128,0.5973824702138636
lncRNA_12437,6333,24,6357,99,0.5960678798680726
lncRNA_17574,6349,8,6357,132,0.6321210076740352
lncRNA_11336,6339,16,6355,91,0.6032525209582467
lncRNA_12264,6344,11,6355,84,0.6077305750531584
lncRNA_14942,6338,16,6354,109,0.618337150027856
lncRNA_14938,6338,16,6354,109,0.618337150027856
lncRNA_14940,6338,16,6354,109,0.618337150027856
lncRNA_7061,6347,6,6353,72,0.6137182404252138
lncRNA_6918,6351,2,6353,125,0.594330727028147
lncRNA_24138,6333,20,6353,85,0.6049610861688296
lncRNA_8699,6335,18,6353,87,0.592205594660784
lncRNA_7060,6346,5,6351,72,0.6143508027009222
lncRNA_8232,6346,5,6351,120,0.6061527595539953
lncRNA_9631,6345,5,6350,98,0.622122660499355
lncRNA_9630,6345,5,6350,98,0.622122660499355
lncRNA_12286,6341,9,6350,120,0.6414533962024103
lncRNA_15002,6289,60,6349,97,0.6032170070291958
lncRNA_10247,6341,6,6347,85,0.6033917002682747
lncRNA_23625,6339,8,6347,117,0.6163948677034009
lncRNA_5091,6341,5,6346,162,0.6009749593919125
lncRNA_19089,6336,8,6344,91,0.6222134707159248
lncRNA_20675,6330,13,6343,89,0.632877948004678
lncRNA_12664,6334,6,6340,107,0.585436102752388
lncRNA_5895,6334,5,6339,116,0.6022691648438275
lncRNA_12237,6330,7,6337,133,0.6336588420767214
lncRNA_2707,6318,18,6336,116,0.6251205012233823
lncRNA_2382,6321,15,6336,64,0.6213354907464774
lncRNA_6545,6329,5,6334,116,0.6228343768219141
lncRNA_5806,6264,66,6330,123,0.5919503124278612
lncRNA_9632,6324,5,6329,98,0.6220924363706282
lncRNA_4287,6321,8,6329,84,0.6108982297610268
lncRNA_20682,6310,13,6323,88,0.6329308669768288
lncRNA_12683,6322,1,6323,144,0.5961145537380472
lncRNA_11415,6310,12,6322,127,0.5952667073664756
lncRNA_15026,6311,10,6321,117,0.5913350465244841
lncRNA_737,6299,21,6320,127,0.6182779598990326
lncRNA_735,6299,21,6320,127,0.6182779598990326
lncRNA_734,6299,21,6320,127,0.6182779598990326
lncRNA_12548,6311,7,6318,121,0.6311861571098286
lncRNA_9726,6312,5,6317,126,0.5964561964113624
lncRNA_7948,6310,7,6317,128,0.6127231361070595
lncRNA_4821,6311,4,6315,104,0.600035795302992
lncRNA_16939,6287,25,6312,124,0.6005824084861394
lncRNA_9832,6308,4,6312,163,0.5817094987218407
lncRNA_4322,6299,8,6307,92,0.6248267455313951
lncRNA_11643,6300,7,6307,103,0.611648625614749
lncRNA_6809,6300,7,6307,143,0.6211860601067766
lncRNA_19864,6286,18,6304,148,0.596072896059372
lncRNA_19862,6286,18,6304,148,0.5960894425896613
lncRNA_19859,6286,18,6304,148,0.5960894425896613
lncRNA_9022,6296,6,6302,122,0.6196346711617821
lncRNA_12436,6277,24,6301,98,0.59535578893844
lncRNA_12226,6292,7,6299,135,0.6337489125221599
lncRNA_12236,6292,7,6299,135,0.6337489125221599
lncRNA_12229,6292,7,6299,135,0.6337489125221599
lncRNA_12232,6292,7,6299,135,0.6337489125221599
lncRNA_019,6285,13,6298,96,0.6120258937767554
lncRNA_23471,6250,47,6297,169,0.5899402522288691
lncRNA_2056,6290,5,6295,122,0.6204291996225416
lncRNA_20676,6286,8,6294,67,0.6058041834262213
lncRNA_17050,6284,10,6294,121,0.5945898993020523
lncRNA_7785,6287,6,6293,121,0.6049421656333857
lncRNA_24020,6287,4,6291,110,0.6320045789274117
lncRNA_2237,6245,46,6291,87,0.5949010396197777
lncRNA_16366,6275,15,6290,104,0.6058350463496077
lncRNA_17241,6283,5,6288,107,0.5992908479956712
lncRNA_15278,6276,10,6286,97,0.598343344734882
lncRNA_16938,6259,25,6284,125,0.6000132229098206
lncRNA_18700,6276,7,6283,135,0.6007823439467255
lncRNA_4976,6262,11,6273,113,0.6161217168051917
lncRNA_21001,6265,6,6271,112,0.5969395447873392
lncRNA_15396,6262,8,6270,114,0.6183324853495739
lncRNA_22080,6259,8,6267,120,0.6324213746173104
lncRNA_18021,6253,12,6265,95,0.6152071805900514
lncRNA_15649,6248,15,6263,140,0.6037115417480613
lncRNA_3236,6220,42,6262,136,0.5812770001186042
lncRNA_12248,6249,11,6260,93,0.6215869332621433
lncRNA_4907,6238,22,6260,148,0.5878819201899005
lncRNA_12386,6248,11,6259,86,0.589386163731688
lncRNA_12250,6243,11,6254,92,0.6211016175072518
lncRNA_19756,6239,14,6253,90,0.6198372576261199
lncRNA_17856,6233,15,6248,107,0.5960722634370711
lncRNA_14629,6245,3,6248,87,0.6229216907005463
lncRNA_8302,6232,14,6246,78,0.6144871276295867
lncRNA_19867,6226,18,6244,148,0.5952652633230217
lncRNA_5153,6243,1,6244,143,0.5849673256249956
lncRNA_8500,6234,9,6243,139,0.6451685258389553
lncRNA_3477,6231,11,6242,76,0.6178964805475244
lncRNA_2051,6228,12,6240,105,0.6008552572305009
lncRNA_19279,6191,47,6238,149,0.5784103923420264
lncRNA_9461,6220,16,6236,97,0.5903870661360492
lncRNA_18667,6231,5,6236,116,0.5989995696575219
lncRNA_3591,6222,10,6232,112,0.5929931121946673
lncRNA_12549,6225,6,6231,116,0.6298306085284079
lncRNA_4052,6231,0,6231,118,0.5930212977054894
lncRNA_4286,6225,5,6230,86,0.6110653503111443
lncRNA_8681,6202,27,6229,147,0.6095871884154394
lncRNA_3580,6214,14,6228,110,0.5967239830623872
lncRNA_6876,6218,7,6225,127,0.6236399197146977
lncRNA_5293,6212,12,6224,158,0.5806079913730343
lncRNA_23384,6206,16,6222,100,0.6147058375297976
lncRNA_21589,6209,12,6221,82,0.6067984526668619
lncRNA_10352,6216,5,6221,106,0.5994621147901364
lncRNA_15397,6210,10,6220,113,0.6175692443629737
lncRNA_11414,6201,15,6216,122,0.5950582471243065
lncRNA_12377,6165,49,6214,153,0.5950208086773211
lncRNA_1688,6201,11,6212,68,0.6078907973474884
lncRNA_23208,6201,9,6210,66,0.6036097699994959
lncRNA_22464,6197,11,6208,143,0.6081703757883097
lncRNA_5294,6192,12,6204,168,0.5803904900907443
lncRNA_12906,6159,39,6198,99,0.602878430332146
lncRNA_23818,6192,6,6198,117,0.6217302131908797
lncRNA_14368,6188,9,6197,141,0.6058726298673767
lncRNA_11205,6186,9,6195,91,0.6071580762745697
lncRNA_1782,6183,11,6194,114,0.6011859534062302
lncRNA_8610,6190,4,6194,75,0.616471760476947
lncRNA_23822,6184,8,6192,99,0.5944136776003119
lncRNA_14020,6182,10,6192,111,0.6323271359943045
lncRNA_13897,6160,31,6191,99,0.5908397948589513
lncRNA_21783,6184,6,6190,110,0.6173040984967529
lncRNA_22023,6183,6,6189,82,0.6104947757631756
lncRNA_23253,6177,9,6186,104,0.6139091104368622
lncRNA_3007,6096,87,6183,192,0.5991559681091173
lncRNA_23088,6177,6,6183,109,0.608741971683545
lncRNA_10103,6176,6,6182,105,0.6234929504600387
lncRNA_23842,6179,3,6182,125,0.600847072720741
lncRNA_17695,6160,20,6180,130,0.5893130729807743
lncRNA_14501,6174,5,6179,147,0.6013487162520649
lncRNA_21957,6165,14,6179,166,0.5996069652584357
lncRNA_2546,6176,1,6177,82,0.590831386112259
lncRNA_2545,6176,1,6177,82,0.590831386112259
lncRNA_1056,6157,20,6177,83,0.596982499783807
lncRNA_1285,6165,10,6175,120,0.6323296279788644
lncRNA_3005,6088,83,6171,187,0.5985969783353586
lncRNA_10133,6149,22,6171,149,0.5982734039276235
lncRNA_19868,6154,17,6171,145,0.5938165871376853
lncRNA_3413,6153,16,6169,107,0.6005580257310407
lncRNA_18861,6159,10,6169,89,0.5981012673198984
lncRNA_13138,6162,6,6168,112,0.6159202087366838
lncRNA_24152,6160,8,6168,146,0.6246441977362305
lncRNA_21259,6162,3,6165,88,0.6021189472364961
lncRNA_15074,6158,6,6164,132,0.6352743620240064
lncRNA_9793,6156,7,6163,79,0.6081856638003132
lncRNA_5496,6162,0,6162,133,0.5888596717517115
lncRNA_14199,6147,14,6161,173,0.5968102081443645
lncRNA_20498,6149,9,6158,110,0.6085831667826332
lncRNA_13233,6080,74,6154,144,0.6159182885541354
lncRNA_18994,6114,39,6153,153,0.5901694005567107
lncRNA_17419,6140,13,6153,118,0.6296398558941515
lncRNA_8101,6147,6,6153,104,0.5937792471449874
lncRNA_20420,6150,0,6150,138,0.5881099527474299
lncRNA_16727,6138,12,6150,140,0.5826202902107996
lncRNA_23870,6148,1,6149,83,0.6029662088811923
lncRNA_15075,6142,6,6148,132,0.6348143137358566
lncRNA_14726,6143,4,6147,97,0.6158055027543062
lncRNA_8501,6136,9,6145,129,0.6413993518148662
lncRNA_5307,6134,11,6145,87,0.609064939246793
lncRNA_6555,6077,67,6144,162,0.600877267362255
lncRNA_23644,6141,1,6142,83,0.5900948448771934
lncRNA_5526,6135,6,6141,111,0.6090249446748949
lncRNA_14146,6116,23,6139,139,0.5898203027178639
lncRNA_687,6065,74,6139,147,0.5892099335919677
lncRNA_2393,6139,0,6139,112,0.6078744092240577
lncRNA_11495,6114,24,6138,141,0.5774019155459085
lncRNA_21955,6128,9,6137,180,0.5943863426453437
lncRNA_21961,6123,14,6137,169,0.5959031712615014
lncRNA_18701,6125,6,6131,129,0.6006155769554513
lncRNA_504,6124,6,6130,144,0.61126330598812
lncRNA_6875,6121,8,6129,126,0.6222511661473624
lncRNA_21800,6125,3,6128,149,0.5913998646269215
lncRNA_18702,6121,7,6128,129,0.6003208971961341
lncRNA_4167,6120,8,6128,91,0.6032705641475864
lncRNA_12457,6115,11,6126,151,0.5975826297784739
lncRNA_18166,6121,5,6126,136,0.5902487866937545
lncRNA_12456,6115,11,6126,151,0.5975826297784739
lncRNA_2971,6112,13,6125,132,0.5990409728661685
lncRNA_5074,6117,6,6123,122,0.6073439931202652
lncRNA_9394,6112,11,6123,87,0.6130403854630296
lncRNA_7674,6111,10,6121,83,0.6001522077671009
lncRNA_3653,6073,48,6121,120,0.6078324766261879
lncRNA_625,6096,22,6118,75,0.6033559541032028
lncRNA_20537,6102,13,6115,123,0.6016905401893232
lncRNA_6334,6097,13,6110,82,0.6161723849941533
lncRNA_15253,6097,11,6108,156,0.5820456794985284
lncRNA_15252,6097,11,6108,156,0.5820456794985284
lncRNA_5576,6096,8,6104,107,0.5910800522064236
lncRNA_22056,6086,18,6104,114,0.6006587084382725
lncRNA_9968,6069,31,6100,53,0.6027410131618383
lncRNA_13452,6087,10,6097,101,0.5885059443121096
lncRNA_18591,6085,6,6091,139,0.6337838371360155
lncRNA_18033,6055,35,6090,71,0.6075846981502387
lncRNA_11640,6046,43,6089,100,0.5970677645643051
lncRNA_17338,6089,0,6089,63,0.6041523499836616
lncRNA_3002,6006,82,6088,183,0.598242896664445
lncRNA_23812,6048,37,6085,124,0.6132794997078097
lncRNA_19567,6016,69,6085,107,0.6028500788232962
lncRNA_3003,6002,82,6084,183,0.5983245230155315
lncRNA_494,6073,10,6083,171,0.5856647960730111
lncRNA_3004,5999,82,6081,183,0.5984174992845266
lncRNA_13929,6051,27,6078,94,0.5874252341363392
lncRNA_1284,6070,8,6078,116,0.637101061018594
lncRNA_8471,6071,6,6077,136,0.6247112764400821
lncRNA_4382,6066,10,6076,94,0.6124803057294654
lncRNA_23561,6038,36,6074,92,0.599503875047487
lncRNA_10605,6066,8,6074,99,0.6151463237546019
lncRNA_1283,6065,8,6073,116,0.6371209127451231
lncRNA_17386,6001,71,6072,164,0.5767211568459055
lncRNA_11634,6063,9,6072,142,0.5947574943961044
lncRNA_10409,6061,11,6072,140,0.6256705247654133
lncRNA_17625,6043,23,6066,102,0.6054442046303038
lncRNA_2989,6058,6,6064,79,0.5951589440988736
lncRNA_13562,6054,6,6060,83,0.6017024176201948
lncRNA_11399,6045,11,6056,88,0.6166625407558081
lncRNA_11206,5989,66,6055,160,0.5795465721555974
lncRNA_4335,6051,3,6054,146,0.6024255215015283
lncRNA_23355,6018,36,6054,76,0.5927465641013665
lncRNA_2050,6041,12,6053,104,0.6000834872538955
lncRNA_15973,6048,5,6053,110,0.591850593162353
lncRNA_2017,6048,5,6053,67,0.6096481790369302
lncRNA_7140,6047,5,6052,116,0.6015694309375799
lncRNA_2373,6042,9,6051,89,0.6075436357875611
lncRNA_5495,6050,0,6050,133,0.5881222698122882
lncRNA_24109,6037,11,6048,85,0.6084525745861618
lncRNA_4016,6039,9,6048,109,0.5965342267413012
lncRNA_22015,6046,2,6048,164,0.5826478271199773
lncRNA_9222,6039,6,6045,90,0.6072644139872652
lncRNA_18070,6038,6,6044,83,0.5936328391869933
lncRNA_7765,6036,6,6042,75,0.6156297850874396
lncRNA_19111,6034,7,6041,110,0.6192667925430392
lncRNA_21702,6034,5,6039,130,0.6085740274790781
lncRNA_20348,6026,12,6038,184,0.5895636337864952
lncRNA_18069,6032,6,6038,83,0.5935821325049504
lncRNA_8955,6025,6,6031,107,0.6323599167293832
lncRNA_14312,5970,59,6029,120,0.5803112100170502
lncRNA_18203,6005,24,6029,95,0.5887057574329281
lncRNA_22930,6017,10,6027,94,0.6050861198832457
lncRNA_19150,6019,5,6024,146,0.5957091667477534
lncRNA_18269,5996,28,6024,130,0.6053309859221744
lncRNA_10960,6021,1,6022,138,0.5876734800025731
lncRNA_11739,6005,16,6021,94,0.6070198018473821
lncRNA_16879,6009,12,6021,76,0.6129429757539842
lncRNA_015,6012,5,6017,124,0.6181750000697018
lncRNA_15443,6008,9,6017,117,0.6044024642215353
lncRNA_1991,5949,66,6015,121,0.5743310700429953
lncRNA_12870,6010,1,6011,116,0.6199035364153505
lncRNA_6454,6002,7,6009,85,0.606871725607877
lncRNA_15018,6004,3,6007,72,0.613733319487677
lncRNA_4227,5980,26,6006,97,0.5859186115944223
lncRNA_14980,6006,0,6006,143,0.6059413447007729
lncRNA_15305,5993,9,6002,77,0.6013696019800857
lncRNA_23214,5980,20,6000,107,0.5988984924980725
lncRNA_3234,5954,46,6000,126,0.5776797886230599
lncRNA_21954,5994,6,6000,132,0.6002607320220126
lncRNA_10959,5999,1,6000,137,0.588049222612328
lncRNA_19330,5975,19,5994,68,0.5847631145138655
lncRNA_12433,5970,24,5994,91,0.5918008603452765
lncRNA_19331,5975,19,5994,68,0.5847631145138655
lncRNA_9150,5984,7,5991,113,0.6263638542888803
lncRNA_9151,5984,7,5991,113,0.6263638542888803
lncRNA_9149,5984,7,5991,113,0.6263638542888803
lncRNA_18755,5983,7,5990,97,0.596088689270772
lncRNA_8125,5978,11,5989,69,0.602342502416139
lncRNA_22417,5982,5,5987,101,0.5968819408879587
lncRNA_9250,5967,17,5984,156,0.5923261928655112
lncRNA_18594,5976,6,5982,126,0.6206023161445219
lncRNA_14979,5982,0,5982,142,0.6057838401418514
lncRNA_20309,5977,5,5982,100,0.6076386471919945
lncRNA_8578,5975,7,5982,91,0.5925258947480349
lncRNA_1119,5975,5,5980,114,0.5966654664458753
lncRNA_21958,5965,13,5978,164,0.5974697111454571
lncRNA_23254,5962,10,5972,106,0.6132872258179443
lncRNA_5296,5957,14,5971,172,0.5784624135089426
lncRNA_807,5953,18,5971,122,0.5848723255585369
lncRNA_16402,5966,5,5971,83,0.6097301530268348
lncRNA_3099,5961,8,5969,72,0.6110469011292815
lncRNA_8514,5953,15,5968,76,0.5844249829361523
lncRNA_16400,5955,10,5965,80,0.6063387380054697
lncRNA_2032,5963,2,5965,118,0.6341119926448543
lncRNA_17132,5954,9,5963,121,0.5964512340278258
lncRNA_23111,5951,10,5961,72,0.6018456604838185
lncRNA_17494,5955,6,5961,115,0.6218637152161681
lncRNA_24155,5955,2,5957,124,0.5845189455312187
lncRNA_19152,5945,7,5952,108,0.5914295661262153
lncRNA_2734,5943,7,5950,124,0.6258140682800154
lncRNA_794,5933,17,5950,138,0.6103453147554703
lncRNA_2740,5924,25,5949,85,0.5789769926805207
lncRNA_6618,5942,5,5947,98,0.5985113254643943
lncRNA_13188,5933,14,5947,114,0.6391339828555849
lncRNA_2015,5894,50,5944,90,0.6018417766493676
lncRNA_19281,5938,6,5944,128,0.6247361694322379
lncRNA_3006,5855,87,5942,186,0.5966427245525676
lncRNA_1683,5929,10,5939,92,0.5925311674032601
lncRNA_2210,5920,19,5939,75,0.5938364221959183
lncRNA_20768,5933,5,5938,78,0.5936044233511165
lncRNA_18178,5927,11,5938,93,0.6203633014084534
lncRNA_5092,5927,10,5937,150,0.5957782067992246
lncRNA_7947,5932,5,5937,111,0.60064812816344
lncRNA_683,5894,43,5937,138,0.5924956805832898
lncRNA_19153,5935,1,5936,118,0.58247178201463
lncRNA_16740,5922,9,5931,110,0.6088550404914017
lncRNA_13526,5924,5,5929,84,0.5944269026297178
lncRNA_7500,5882,42,5924,139,0.6002108064302605
lncRNA_7465,5917,7,5924,111,0.6371754475609648
lncRNA_15022,5910,12,5922,82,0.6138381255845603
lncRNA_15023,5910,12,5922,82,0.6137737752106533
lncRNA_13457,5909,12,5921,110,0.5978837053314284
lncRNA_23198,5911,9,5920,110,0.599198573490491
lncRNA_14782,5914,3,5917,135,0.6186293348082732
lncRNA_8956,5909,6,5915,103,0.6275205133248166
lncRNA_23704,5901,13,5914,81,0.605148265411141
lncRNA_11492,5911,0,5911,86,0.6064582643170627
lncRNA_23204,5907,3,5910,116,0.606239483005137
lncRNA_22545,5904,6,5910,113,0.6293448414918592
lncRNA_9491,5892,17,5909,75,0.5811842299995443
lncRNA_20202,5873,32,5905,66,0.6023005853924278
lncRNA_12644,5892,11,5903,139,0.5706371423564256
lncRNA_7895,5890,10,5900,107,0.5945224483297915
lncRNA_3837,5900,0,5900,119,0.6038124708249042
lncRNA_11189,5871,29,5900,157,0.5824944135820225
lncRNA_3509,5891,9,5900,73,0.6153822493520874
lncRNA_12845,5885,13,5898,101,0.6083675286386744
lncRNA_12884,5862,35,5897,108,0.5965130602016414
lncRNA_6156,5882,13,5895,140,0.5948690040274485
lncRNA_4718,5889,5,5894,141,0.6223909316730011
lncRNA_4719,5889,5,5894,141,0.6223909316730011
lncRNA_12829,5886,8,5894,131,0.5889199549764307
lncRNA_5135,5883,8,5891,127,0.619739008856369
lncRNA_21242,5886,5,5891,113,0.6029708905903364
lncRNA_1916,5882,9,5891,95,0.5946196967390317
lncRNA_21769,5881,8,5889,108,0.6009496556704234
lncRNA_7802,5882,7,5889,104,0.6086856715830297
lncRNA_17147,5864,22,5886,110,0.5896483181188044
lncRNA_15471,5877,6,5883,153,0.5904705586019463
lncRNA_11853,5859,24,5883,84,0.5757437848644447
lncRNA_7087,5869,11,5880,71,0.5938712487283184
lncRNA_16374,5868,12,5880,112,0.5797078036989964
lncRNA_1955,5871,6,5877,130,0.6133691672154785
lncRNA_19776,5869,6,5875,107,0.6078898992799651
lncRNA_17857,5873,2,5875,110,0.6121547354191824
lncRNA_8428,5872,1,5873,107,0.5733298792506288
lncRNA_13083,5858,14,5872,100,0.6023206446824181
lncRNA_19285,5868,2,5870,60,0.6107840620703562
lncRNA_2894,5854,15,5869,93,0.6022891123132528
lncRNA_20203,5836,32,5868,65,0.6013505742101327
lncRNA_1696,5860,6,5866,125,0.628569996663762
lncRNA_13456,5852,12,5864,108,0.5969814494142365
lncRNA_18251,5855,9,5864,113,0.5991300013002552
lncRNA_5224,5855,8,5863,96,0.6170522376129549
lncRNA_2490,5849,14,5863,88,0.5821219838868747
lncRNA_12553,5852,10,5862,108,0.6212957810310464
lncRNA_6870,5856,6,5862,120,0.6204023696785154
lncRNA_21243,5854,5,5859,114,0.6024706786220938
lncRNA_6285,5851,6,5857,113,0.6134281016646451
lncRNA_20017,5810,47,5857,131,0.6115700433883433
lncRNA_11183,5849,5,5854,83,0.6106098770568252
lncRNA_11701,5845,7,5852,90,0.602773180650957
lncRNA_11626,5840,10,5850,115,0.6341523782043056
lncRNA_23469,5800,50,5850,74,0.5984141152747584
lncRNA_23922,5810,39,5849,123,0.5767967963118507
lncRNA_13215,5840,9,5849,85,0.5958600858383967
lncRNA_3822,5842,6,5848,124,0.6030144810343282
lncRNA_1784,5840,6,5846,120,0.5884549378956674
lncRNA_11624,5833,10,5843,114,0.6341887660833808
lncRNA_11625,5833,10,5843,114,0.6341887660833808
lncRNA_11157,5826,16,5842,89,0.5889509330971612
lncRNA_8056,5808,33,5841,132,0.5766004147431373
lncRNA_21002,5832,7,5839,103,0.5938985709735876
lncRNA_11437,5823,16,5839,87,0.5956941584773826
lncRNA_2998,5748,91,5839,182,0.5952742248009562
lncRNA_3116,5838,0,5838,78,0.596823497652315
lncRNA_3271,5833,5,5838,112,0.6038260402675565
lncRNA_21255,5827,10,5837,89,0.5927673719214287
lncRNA_6873,5831,6,5837,118,0.6199798959192837
lncRNA_14638,5828,8,5836,89,0.5895510504643825
lncRNA_15379,5830,2,5832,142,0.6151903680608942
lncRNA_7830,5726,104,5830,143,0.5944172417979472
lncRNA_17697,5826,3,5829,79,0.5899776396989497
lncRNA_2211,5809,19,5828,76,0.5918382889438987
lncRNA_8607,5815,6,5821,131,0.6385242705004969
lncRNA_8635,5810,11,5821,103,0.6215998186980398
lncRNA_6796,5811,9,5820,113,0.5925767285053533
lncRNA_5242,5800,20,5820,112,0.5824919126812254
lncRNA_22055,5795,25,5820,108,0.5947748695954674
lncRNA_4444,5785,32,5817,64,0.590982780322535
lncRNA_11159,5806,9,5815,112,0.6090590806048313
lncRNA_16625,5806,7,5813,118,0.5845661651270934
lncRNA_11543,5807,6,5813,108,0.5972844116230778
lncRNA_6795,5803,9,5812,115,0.5923837822481036
lncRNA_326,5806,5,5811,100,0.5991038614467862
lncRNA_23627,5804,6,5810,109,0.6144008089053362
lncRNA_1947,5789,20,5809,100,0.590558622069304
lncRNA_4987,5783,25,5808,76,0.5746429057961188
lncRNA_1946,5788,20,5808,100,0.5907301607429942
lncRNA_23735,5796,7,5803,118,0.6011504515079938
lncRNA_13066,5798,2,5800,123,0.59051469018252
lncRNA_3547,5673,127,5800,125,0.5901917360220268
lncRNA_2895,5787,12,5799,92,0.5983668791087914
lncRNA_15195,5772,26,5798,110,0.589541609315351
lncRNA_23643,5784,13,5797,78,0.5799821668759721
lncRNA_14859,5786,10,5796,111,0.6158330008081281
lncRNA_14857,5786,10,5796,111,0.6158330008081281
lncRNA_14853,5786,10,5796,111,0.6158330008081281
lncRNA_8102,5783,12,5795,97,0.5866337929284124
lncRNA_9168,5782,12,5794,77,0.6013956443971744
lncRNA_5838,5763,28,5791,84,0.5788515960661207
lncRNA_942,5777,14,5791,130,0.6261978673832982
lncRNA_21336,5769,18,5787,96,0.6209492488393066
lncRNA_2662,5778,9,5787,94,0.6313629617687944
lncRNA_20613,5766,20,5786,141,0.5787983073443618
lncRNA_10528,5783,3,5786,67,0.6089573794684918
lncRNA_15670,5768,17,5785,101,0.5911550791784999
lncRNA_11953,5733,52,5785,190,0.5820331672261525
lncRNA_13363,5777,5,5782,91,0.6115424093228704
lncRNA_2599,5770,9,5779,110,0.6078027626659577
lncRNA_7892,5768,8,5776,127,0.6446294869833806
lncRNA_2598,5764,9,5773,110,0.6077429940002025
lncRNA_18674,5764,7,5771,121,0.6047109725601837
lncRNA_14989,5744,27,5771,88,0.5887874171925895
lncRNA_6717,5767,3,5770,96,0.6370121455539911
lncRNA_6175,5765,2,5767,82,0.5969258108418718
lncRNA_19097,5762,4,5766,87,0.6021617593005887
lncRNA_21226,5755,10,5765,103,0.6037186295489301
lncRNA_3419,5751,9,5760,132,0.5858251480201182
lncRNA_10209,5753,6,5759,95,0.6063169209175225
lncRNA_7934,5751,6,5757,107,0.60413761845632
lncRNA_7937,5751,6,5757,107,0.60413761845632
lncRNA_7935,5751,6,5757,107,0.60413761845632
lncRNA_12643,5744,12,5756,140,0.5683438343788192
lncRNA_6288,5751,5,5756,149,0.6136698217611587
lncRNA_10105,5750,5,5755,103,0.6034764692302109
lncRNA_6122,5743,9,5752,94,0.5895943262551148
lncRNA_10028,5745,7,5752,122,0.6128051812894398
lncRNA_7805,5745,6,5751,100,0.6032978134963894
lncRNA_7806,5745,6,5751,100,0.6032978134963894
lncRNA_22285,5746,5,5751,130,0.5991168107144622
lncRNA_13914,5738,6,5744,123,0.6150909577244884
lncRNA_16575,5741,2,5743,151,0.5923267060854926
lncRNA_2314,5727,15,5742,68,0.6229943025819022
lncRNA_3624,5730,11,5741,76,0.5918420525824712
lncRNA_23199,5733,8,5741,112,0.6063720944633237
lncRNA_6123,5731,10,5741,96,0.5891546008901816
lncRNA_23197,5733,8,5741,112,0.6063720944633237
lncRNA_11724,5730,9,5739,119,0.6111326318298241
lncRNA_8105,5726,12,5738,58,0.5988804665449599
lncRNA_11950,5685,53,5738,103,0.5950630100468749
lncRNA_17874,5681,56,5737,112,0.5795730367330062
lncRNA_9678,5731,4,5735,163,0.5881737390289545
lncRNA_19117,5732,1,5733,86,0.6056979930237574
lncRNA_422,5716,17,5733,118,0.5865460683121957
lncRNA_19108,5727,3,5730,85,0.6054137366119795
lncRNA_19109,5727,3,5730,85,0.6054137366119795
lncRNA_5440,5711,18,5729,188,0.5906052334167722
lncRNA_22020,5700,28,5728,148,0.5764617363659108
lncRNA_11081,5680,47,5727,115,0.5808317734867802
lncRNA_18848,5711,12,5723,73,0.6049909044464133
lncRNA_330,5714,5,5719,100,0.5985833165640342
lncRNA_7675,5714,5,5719,72,0.5990002135244037
lncRNA_2459,5710,9,5719,48,0.6145626851659378
lncRNA_21340,5693,23,5716,92,0.6188768433306585
lncRNA_2457,5709,6,5715,109,0.6028634499624471
lncRNA_2731,5694,19,5713,122,0.6093366728887503
lncRNA_2730,5694,19,5713,122,0.6093366728887503
lncRNA_2729,5694,19,5713,122,0.6093366728887503
lncRNA_22019,5685,27,5712,147,0.5764035703664953
lncRNA_19749,5708,3,5711,134,0.6117456015407132
lncRNA_19014,5708,2,5710,69,0.6076591832962103
lncRNA_9538,5672,37,5709,102,0.5766974742987041
lncRNA_7690,5698,11,5709,97,0.5843288453718658
lncRNA_7571,5664,44,5708,139,0.5777694665165211
lncRNA_17855,5676,31,5707,106,0.5826336288563526
lncRNA_15378,5705,1,5706,138,0.6146676968255166
lncRNA_23542,5701,5,5706,74,0.596883712389046
lncRNA_10709,5624,78,5702,172,0.5698380009749779
lncRNA_10922,5695,7,5702,61,0.6051901060260441
lncRNA_23961,5678,21,5699,113,0.573973964157011
lncRNA_19751,5694,3,5697,136,0.6117282941830148
lncRNA_8438,5687,10,5697,122,0.6043136585029988
lncRNA_13368,5694,3,5697,80,0.593907978580694
lncRNA_19750,5693,3,5696,134,0.6118463271481768
lncRNA_7162,5675,18,5693,56,0.6078328544714786
lncRNA_1712,5688,3,5691,109,0.5912063774097794
lncRNA_9694,5683,7,5690,80,0.6056031320000543
lncRNA_9860,5676,12,5688,122,0.5917997523893568
lncRNA_637,5676,11,5687,117,0.5994374505727447
lncRNA_17999,5676,10,5686,80,0.6004695769172862
lncRNA_20324,5685,0,5685,97,0.591603713431375
lncRNA_12441,5684,1,5685,91,0.5933707308656554
lncRNA_10963,5677,7,5684,124,0.5832479020649456
lncRNA_3544,5676,8,5684,105,0.6060466960959484
lncRNA_258,5672,10,5682,84,0.6021169780156137
lncRNA_9232,5680,1,5681,144,0.5927073921120131
lncRNA_9235,5680,1,5681,144,0.5927073921120131
lncRNA_9236,5680,1,5681,144,0.5927073921120131
lncRNA_6682,5669,10,5679,122,0.6275131070957346
lncRNA_7807,5670,8,5678,101,0.6013400206933517
lncRNA_4528,5670,7,5677,62,0.6184887285469091
lncRNA_4527,5670,7,5677,62,0.6184887285469091
lncRNA_9233,5675,1,5676,144,0.592633614631512
lncRNA_15921,5667,7,5674,101,0.603353701406666
lncRNA_24103,5668,5,5673,92,0.595975801668656
lncRNA_2290,5613,59,5672,165,0.6022708163307435
lncRNA_8188,5586,84,5670,190,0.5727410460142199
lncRNA_4099,5659,9,5668,101,0.6265993889604573
lncRNA_11570,5646,20,5666,107,0.5900484612087857
lncRNA_6289,5656,5,5661,147,0.6132835477282685
lncRNA_15380,5660,1,5661,137,0.6081148943995186
lncRNA_7006,5658,2,5660,123,0.5954733525148544
lncRNA_21011,5654,3,5657,73,0.5949103823743793
lncRNA_16472,5639,17,5656,87,0.6061540420419042
lncRNA_1783,5650,6,5656,120,0.5849111386482518
lncRNA_7151,5642,13,5655,104,0.5717306742647924
lncRNA_20002,5640,13,5653,134,0.6272068228286266
lncRNA_1288,5643,10,5653,111,0.6291997938953044
lncRNA_10708,5575,78,5653,172,0.5693553738737172
lncRNA_21477,5647,6,5653,110,0.6146056213802475
lncRNA_20003,5640,13,5653,134,0.6272068228286266
lncRNA_1780,5646,6,5652,104,0.5957280985553258
lncRNA_14141,5633,19,5652,106,0.5832465831556367
lncRNA_15530,5644,6,5650,98,0.6038390895691896
lncRNA_2288,5644,5,5649,134,0.5982479644881801
lncRNA_1189,5635,11,5646,105,0.635238738484457
lncRNA_18523,5640,6,5646,98,0.6230165304543648
lncRNA_7949,5637,7,5644,112,0.6041345425880641
lncRNA_7570,5600,43,5643,138,0.5772627564179662
lncRNA_4991,5599,43,5642,66,0.5712720818283716
lncRNA_5839,5614,28,5642,81,0.5776802722170341
lncRNA_8524,5637,4,5641,77,0.5909259530426682
lncRNA_18638,5626,14,5640,127,0.5850556057700887
lncRNA_8344,5634,5,5639,91,0.6039364081186277
lncRNA_18818,5626,11,5637,84,0.6088396213292964
lncRNA_23411,5630,6,5636,129,0.6416665427657914
lncRNA_10706,5570,66,5636,178,0.5686750088100259
lncRNA_11218,5611,24,5635,71,0.6084476685419045
lncRNA_1767,5594,41,5635,73,0.6002362420683486
lncRNA_22079,5629,5,5634,114,0.6133172687845904
lncRNA_11732,5618,15,5633,88,0.6158587802208637
lncRNA_7192,5615,17,5632,143,0.6101709803768872
lncRNA_7200,5615,17,5632,143,0.6101709803768872
lncRNA_18954,5623,6,5629,82,0.5827896960583728
lncRNA_18955,5623,6,5629,82,0.5827896960583728
lncRNA_17334,5625,3,5628,106,0.5846558350108758
lncRNA_23265,5598,29,5627,84,0.5838439964221399
lncRNA_11361,5620,6,5626,99,0.5794533102424665
lncRNA_21733,5615,11,5626,61,0.5969878744847799
lncRNA_15615,5597,27,5624,106,0.6017308893321178
lncRNA_15613,5597,27,5624,106,0.6017308893321178
lncRNA_1989,5554,70,5624,111,0.5696603212075949
lncRNA_10656,5553,69,5622,122,0.5707058113254182
lncRNA_14482,5603,19,5622,74,0.5854613738679836
lncRNA_1988,5552,70,5622,111,0.569614642201332
lncRNA_3643,5612,10,5622,96,0.5944839082312062
lncRNA_3641,5612,10,5622,96,0.5944839082312062
lncRNA_4975,5599,20,5619,148,0.5764983375657576
lncRNA_10162,5606,12,5618,159,0.584659044142816
lncRNA_4055,5612,6,5618,105,0.5952466017196809
lncRNA_5521,5610,7,5617,109,0.5938841020392167
lncRNA_2733,5595,21,5616,122,0.6073575278573513
lncRNA_2735,5595,21,5616,122,0.607412693638767
lncRNA_21434,5547,66,5613,96,0.5820094725403291
lncRNA_18819,5600,9,5609,83,0.6086275413319263
lncRNA_643,5600,6,5606,93,0.5687494609581107
lncRNA_13224,5596,9,5605,73,0.6046999519987946
lncRNA_1768,5552,46,5598,74,0.6013136677993731
lncRNA_13223,5585,9,5594,74,0.6048118389400862
lncRNA_23810,5587,6,5593,103,0.5972922538613032
lncRNA_8246,5589,4,5593,92,0.6041702909003008
lncRNA_5071,5579,11,5590,97,0.6105400960720547
lncRNA_9673,5582,6,5588,156,0.5865786785032095
lncRNA_9671,5582,6,5588,156,0.5865786785032095
lncRNA_9674,5582,6,5588,156,0.5865786785032095
lncRNA_20489,5580,7,5587,94,0.6013353603827329
lncRNA_153,5568,18,5586,68,0.5958026037036152
lncRNA_16278,5582,0,5582,143,0.5912782416348908
lncRNA_8426,5571,10,5581,91,0.5887214278826913
lncRNA_4589,5538,43,5581,80,0.5854077411188531
lncRNA_1956,5570,7,5577,119,0.6116455004819685
lncRNA_12211,5566,10,5576,81,0.59420124987611
lncRNA_18820,5564,10,5574,82,0.6080758682842689
lncRNA_21959,5559,14,5573,155,0.5940090011455569
lncRNA_18396,5567,5,5572,142,0.5747575002280219
lncRNA_23809,5567,5,5572,102,0.5979745934944157
lncRNA_5603,5569,2,5571,66,0.60553164338136
lncRNA_12954,5559,11,5570,74,0.6076766724896505
lncRNA_4669,5557,12,5569,105,0.6109243640148965
lncRNA_23802,5563,5,5568,92,0.5943074327027354
lncRNA_1587,5563,4,5567,94,0.6161264788104411
lncRNA_8294,5555,10,5565,94,0.5987651959738529
lncRNA_8312,5562,1,5563,65,0.6119230578423445
lncRNA_14363,5559,4,5563,91,0.5936364161617687
lncRNA_2021,5551,8,5559,56,0.6066444304339439
lncRNA_13323,5534,23,5557,139,0.5865923676790307
lncRNA_11343,5548,8,5556,104,0.6104918615105543
lncRNA_23656,5541,11,5552,89,0.6066017481071141
lncRNA_24086,5544,7,5551,87,0.5940192467897025
lncRNA_8343,5546,5,5551,88,0.6029016267654677
lncRNA_15650,5535,16,5551,127,0.6012610926316405
lncRNA_22196,5540,11,5551,109,0.622257879781474
lncRNA_14495,5510,37,5547,97,0.581427029382166
lncRNA_14364,5544,3,5547,91,0.593901069847381
lncRNA_6546,5512,33,5545,125,0.5820427011375857
lncRNA_2661,5534,8,5542,92,0.6292320051608484
lncRNA_6336,5533,5,5538,109,0.6329588890252916
lncRNA_4059,5532,6,5538,102,0.5951957352387476
lncRNA_19690,5514,18,5532,115,0.6314202357137925
lncRNA_19746,5528,4,5532,134,0.6086340015237864
lncRNA_12638,5527,5,5532,68,0.5899735636585979
lncRNA_2816,5502,27,5529,72,0.5952545870540813
lncRNA_18867,5526,1,5527,134,0.58464147436478
lncRNA_11957,5527,0,5527,116,0.6139342033624015
lncRNA_22162,5522,4,5526,108,0.5868013817630916
lncRNA_9573,5503,20,5523,140,0.5847107107347763
lncRNA_16937,5482,34,5516,110,0.5925631468200308
lncRNA_9343,5511,5,5516,104,0.611357402654218
lncRNA_16122,5439,77,5516,105,0.5734072054371098
lncRNA_21960,5498,14,5512,154,0.5938059285756351
lncRNA_22596,5506,5,5511,72,0.58547709370179
lncRNA_19689,5490,20,5510,119,0.6294260892728727
lncRNA_9629,5503,6,5509,84,0.6077839660780585
lncRNA_17088,5490,17,5507,104,0.5880562442654729
lncRNA_7779,5500,3,5503,88,0.589922165550492
lncRNA_16720,5494,5,5499,102,0.6033412057039755
lncRNA_13324,5473,23,5496,139,0.5858429943034605
lncRNA_1144,5483,12,5495,97,0.5904081488007505
lncRNA_15974,5487,7,5494,86,0.5865398933556049
lncRNA_7673,5488,5,5493,71,0.5976209438697166
lncRNA_4411,5465,27,5492,101,0.5938095040717472
lncRNA_5765,5470,22,5492,65,0.5888851667548187
lncRNA_9319,5480,11,5491,156,0.5790411257944651
lncRNA_3838,5477,10,5487,114,0.6103853359547222
lncRNA_12780,5480,5,5485,108,0.602103078366868
lncRNA_2603,5476,8,5484,109,0.5839165577935047
lncRNA_592,5483,0,5483,134,0.6011062919927
lncRNA_17612,5457,22,5479,144,0.5805635944632298
lncRNA_23642,5470,9,5479,104,0.58816965533048
lncRNA_3408,5469,9,5478,130,0.6277856240121403
lncRNA_8651,5464,9,5473,118,0.637813210037347
lncRNA_13162,5460,10,5470,110,0.5850132261109253
lncRNA_3466,5465,5,5470,100,0.5996141104232697
lncRNA_10813,5459,10,5469,137,0.5815526177423881
lncRNA_591,5467,0,5467,135,0.6012654323895056
lncRNA_23123,5456,11,5467,75,0.6168571906665863
lncRNA_3639,5457,8,5465,106,0.5961880012144121
lncRNA_18590,5459,5,5464,127,0.6329815162696631
lncRNA_19972,5448,12,5460,100,0.6291630629899122
lncRNA_18957,5454,5,5459,73,0.581451757989795
lncRNA_14808,5454,5,5459,116,0.6261186685444364
lncRNA_23121,5447,11,5458,75,0.6166357152051211
lncRNA_23122,5447,11,5458,75,0.6166357152051211
lncRNA_14807,5450,7,5457,111,0.6246512061830677
lncRNA_22437,5450,7,5457,124,0.6027468795833599
lncRNA_10377,5451,6,5457,89,0.593171651278342
lncRNA_7554,5454,2,5456,91,0.6109009480909047
lncRNA_5184,5448,7,5455,88,0.589406245415154
lncRNA_16022,5448,7,5455,70,0.58446072124088
lncRNA_579,5440,12,5452,110,0.5923871470252273
lncRNA_17133,5442,9,5451,89,0.5818243661355529
lncRNA_6573,5443,7,5450,106,0.5962397944224396
lncRNA_1182,5432,14,5446,98,0.630492595368526
lncRNA_8119,5380,60,5440,142,0.5789277761086709
lncRNA_1677,5434,5,5439,77,0.5866203548140121
lncRNA_23520,5409,29,5438,87,0.5832102354414667
lncRNA_1193,5420,12,5432,98,0.6308088403088141
lncRNA_7887,5353,79,5432,118,0.5795407761496367
lncRNA_1184,5420,12,5432,98,0.6306736748794419
lncRNA_5741,5363,69,5432,83,0.5723505406720693
lncRNA_14047,5420,11,5431,121,0.5849340011078835
lncRNA_14809,5425,6,5431,115,0.6260792985827598
lncRNA_1185,5418,12,5430,98,0.630715118236528
lncRNA_14318,5424,6,5430,85,0.5849953312460903
lncRNA_1183,5417,12,5429,98,0.6308202237752872
lncRNA_806,5411,18,5429,113,0.583872817558481
lncRNA_10547,5411,17,5428,115,0.6037072442612679
lncRNA_1186,5414,12,5426,98,0.630634087299761
lncRNA_12879,5421,3,5424,91,0.6205716947844926
lncRNA_8342,5418,5,5423,89,0.6022350237573725
lncRNA_5401,5410,11,5421,106,0.6341728947314264
lncRNA_2340,5362,55,5417,52,0.5932171523346212
lncRNA_12881,5412,3,5415,91,0.6205811269224867
lncRNA_9199,5402,9,5411,88,0.612147912933021
lncRNA_6290,5403,8,5411,142,0.6043822731433038
lncRNA_6322,5404,6,5410,93,0.609179580450926
lncRNA_22081,5402,6,5408,126,0.6242418782008352
lncRNA_20904,5398,8,5406,83,0.5792974115637558
lncRNA_14628,5398,5,5403,66,0.614486141365581
lncRNA_14560,5379,21,5400,116,0.5978486071839457
lncRNA_9983,5395,5,5400,96,0.597485366785479
lncRNA_14559,5379,21,5400,116,0.5978486071839457
lncRNA_2660,5391,8,5399,89,0.6257906415233212
lncRNA_500,5394,2,5396,124,0.6175692572316969
lncRNA_18071,5386,9,5395,74,0.5870975641559868
lncRNA_16867,5390,5,5395,60,0.6007015044179068
lncRNA_2981,5383,10,5393,79,0.5870696313864986
lncRNA_4161,5336,56,5392,96,0.5696511455770275
lncRNA_16240,5385,7,5392,85,0.5920565802665977
lncRNA_5514,5283,108,5391,165,0.5635546334958792
lncRNA_9460,5366,24,5390,83,0.5766645017238439
lncRNA_19959,5373,16,5389,135,0.5734917311043661
lncRNA_2335,5379,8,5387,92,0.5859049510127236
lncRNA_10619,5370,15,5385,71,0.5790434713937098
lncRNA_16000,5366,18,5384,94,0.5730391760140288
lncRNA_7505,5383,1,5384,118,0.5783635101315286
lncRNA_520,5372,11,5383,85,0.587176589754762
lncRNA_11511,5378,5,5383,119,0.6047128509754752
lncRNA_4133,5376,7,5383,97,0.5996014708557323
lncRNA_1471,5382,0,5382,126,0.5929221570244434
lncRNA_10962,5375,6,5381,129,0.5834875680352187
lncRNA_613,5370,5,5375,116,0.5981367845011043
lncRNA_17346,5371,4,5375,99,0.5997473338282473
lncRNA_3071,5343,29,5372,79,0.5776911993681022
lncRNA_3166,5341,31,5372,135,0.5885683642019026
lncRNA_9492,5360,11,5371,68,0.5903604378336638
lncRNA_13081,5360,10,5370,74,0.5941715095800101
lncRNA_10679,5322,47,5369,152,0.5866070160638515
lncRNA_10241,5352,14,5366,116,0.6001102142945729
lncRNA_15133,5353,7,5360,127,0.6261445079911749
lncRNA_3642,5349,10,5359,101,0.5937030840952605
lncRNA_7448,5337,22,5359,79,0.6092930888746906
lncRNA_7987,5346,12,5358,104,0.6202139192596448
lncRNA_23173,5350,6,5356,85,0.5992922293110289
lncRNA_12604,5325,30,5355,93,0.5873898016601178
lncRNA_18521,5349,6,5355,111,0.6021426571530716
lncRNA_17936,5340,11,5351,66,0.593864737925832
lncRNA_3570,5340,9,5349,110,0.6023348337975603
lncRNA_20616,5341,7,5348,118,0.5732508799669175
lncRNA_17910,5339,8,5347,126,0.6372504386250218
lncRNA_6425,5341,5,5346,93,0.5969585442570366
lncRNA_15132,5338,7,5345,127,0.625893504315557
lncRNA_15131,5337,7,5344,127,0.6259213654691714
lncRNA_19412,5336,3,5339,86,0.5948851122807047
lncRNA_5185,5324,12,5336,88,0.5888774798832005
lncRNA_2334,5331,5,5336,113,0.5879211327193643
lncRNA_24107,5328,7,5335,79,0.6174034025258408
lncRNA_22554,5318,16,5334,131,0.575124458284315
lncRNA_9848,5329,4,5333,83,0.5867719895192317
lncRNA_775,5320,13,5333,80,0.6133635378876575
lncRNA_7882,5255,78,5333,91,0.5754796433246132
lncRNA_5585,5329,3,5332,64,0.6000924481198197
lncRNA_20132,5323,7,5330,60,0.5977370401824734
lncRNA_12847,5323,6,5329,110,0.6156739613642335
lncRNA_7449,5304,22,5326,79,0.6095669135490389
lncRNA_6924,5318,7,5325,106,0.5983432178076235
lncRNA_2341,5319,5,5324,113,0.5878251999291115
lncRNA_612,5315,6,5321,106,0.5929964892813093
lncRNA_517,5314,5,5319,73,0.6257353490860428
lncRNA_420,5310,7,5317,71,0.5940042665571432
lncRNA_23614,5297,20,5317,89,0.6154473905996805
lncRNA_19414,5306,9,5315,70,0.6034474534623093
lncRNA_15693,5309,5,5314,109,0.5933710321576432
lncRNA_17034,5284,30,5314,72,0.577025300926411
lncRNA_23823,5300,14,5314,85,0.5802307267757677
lncRNA_18545,5263,48,5311,101,0.5694813778283547
lncRNA_10118,5299,11,5310,111,0.5945869336143573
lncRNA_9217,5262,48,5310,60,0.5917673858917478
lncRNA_3047,5257,53,5310,115,0.5858797078274778
lncRNA_13556,5298,11,5309,125,0.5762702382111948
lncRNA_684,5300,6,5306,107,0.6137642418591143
lncRNA_2018,5282,23,5305,94,0.6103285638177353
lncRNA_9475,5274,31,5305,118,0.5941909074859948
lncRNA_22461,5294,9,5303,118,0.6048387837301402
lncRNA_24084,5260,43,5303,115,0.571952262912728
lncRNA_20316,5293,9,5302,78,0.6034478183046095
lncRNA_15625,5295,6,5301,114,0.602684164450836
lncRNA_12357,5291,9,5300,100,0.600655457099213
lncRNA_9187,5280,20,5300,86,0.5885978887685643
lncRNA_17611,5294,4,5298,89,0.5941416045416814
lncRNA_9814,5289,8,5297,108,0.6419862311737811
lncRNA_6684,5289,8,5297,123,0.6368926073090003
lncRNA_12492,5281,15,5296,117,0.6099753690970747
lncRNA_20634,5292,1,5293,75,0.5981665864085423
lncRNA_19584,5287,4,5291,81,0.6038669409211663
lncRNA_17618,5284,5,5289,58,0.5895799708601003
lncRNA_12107,5279,10,5289,83,0.6107556022942887
lncRNA_10214,5281,6,5287,98,0.622909040361399
lncRNA_16574,5284,1,5285,78,0.600162432137916
lncRNA_15041,5269,13,5282,96,0.6159104660345646
lncRNA_15197,5211,70,5281,55,0.5907499653920534
lncRNA_22243,5267,10,5277,74,0.6047270704172163
lncRNA_13317,5256,20,5276,179,0.583662517891221
lncRNA_23797,5233,41,5274,110,0.5739396625417154
lncRNA_23821,5264,8,5272,98,0.5858617446081994
lncRNA_16326,5244,28,5272,65,0.5708587933364073
lncRNA_7139,5261,10,5271,90,0.5879622901804099
lncRNA_23223,5264,7,5271,72,0.578295078633224
lncRNA_17672,5261,9,5270,103,0.5725087920988374
lncRNA_20109,5255,15,5270,80,0.5857836363339656
lncRNA_8054,5252,15,5267,88,0.6081974718568034
lncRNA_10033,5236,28,5264,153,0.5802441404778313
lncRNA_21948,5262,1,5263,99,0.593187618953234
lncRNA_1499,5258,5,5263,135,0.6032176804492473
lncRNA_762,5254,9,5263,68,0.588436104935909
lncRNA_6323,5253,9,5262,89,0.6085979367884903
lncRNA_10571,5207,54,5261,138,0.5733339191412955
lncRNA_21876,5226,33,5259,156,0.5740695206349127
lncRNA_18146,5243,16,5259,96,0.5926056855786833
lncRNA_3409,5243,15,5258,131,0.6156274144762162
lncRNA_2964,5250,6,5256,109,0.605767546264143
lncRNA_2959,5243,11,5254,93,0.5907079618797784
lncRNA_23962,5195,59,5254,148,0.5676011714357133
lncRNA_14025,5237,11,5248,112,0.6309218224522619
lncRNA_23171,5240,4,5244,103,0.6337656318503798
lncRNA_5957,5237,6,5243,74,0.6088611163730687
lncRNA_11335,5238,4,5242,61,0.6164990841986888
lncRNA_2338,5229,12,5241,76,0.6209454441870433
lncRNA_1068,5227,14,5241,149,0.5965653395593262
lncRNA_9067,5236,4,5240,94,0.5797849689510775
lncRNA_23404,5229,8,5237,120,0.626672152585349
lncRNA_8400,5123,113,5236,142,0.5951751541030089
lncRNA_13442,5206,29,5235,69,0.5788716174642133
lncRNA_6002,5166,68,5234,132,0.598320251929839
lncRNA_18873,5227,7,5234,97,0.5899178680632631
lncRNA_9506,5228,5,5233,104,0.5959869747398147
lncRNA_9129,5206,25,5231,66,0.5866945935828506
lncRNA_12380,5211,17,5228,59,0.5856338088927587
lncRNA_10829,5206,19,5225,90,0.5910048703665449
lncRNA_22595,5160,64,5224,89,0.575764900331344
lncRNA_3726,5217,5,5222,68,0.6080697803250248
lncRNA_8401,5105,115,5220,142,0.5942977253089006
lncRNA_2732,5209,10,5219,97,0.6053873662017025
lncRNA_5390,5217,2,5219,108,0.5856105191479706
lncRNA_12202,5212,6,5218,77,0.598767363772412
lncRNA_21116,5183,33,5216,90,0.576598092413097
lncRNA_17810,5193,22,5215,114,0.5800038035532208
lncRNA_4940,5200,14,5214,95,0.6144749500796883
lncRNA_8439,5210,4,5214,107,0.5973956644130576
lncRNA_5897,5212,0,5212,96,0.5981795930662559
lncRNA_8431,5142,69,5211,79,0.5665456170624704
lncRNA_11122,5202,7,5209,115,0.5776234324810089
lncRNA_12573,5195,12,5207,77,0.597536702494535
lncRNA_20229,5130,71,5201,95,0.5756165198345492
lncRNA_20228,5130,71,5201,95,0.5756165198345492
lncRNA_9252,5184,17,5201,102,0.597005342679334
lncRNA_18956,5178,22,5200,96,0.5771146730857333
lncRNA_19773,5154,45,5199,89,0.5661279963753051
lncRNA_23848,5186,10,5196,98,0.5899861857442202
lncRNA_4098,5188,7,5195,109,0.6199889692350185
lncRNA_10830,5174,20,5194,97,0.5841893092813177
lncRNA_12846,5186,5,5191,107,0.6119658756001118
lncRNA_9663,5180,10,5190,86,0.5889339385674145
lncRNA_1566,5132,55,5187,117,0.5692200477651969
lncRNA_4824,5167,20,5187,57,0.5961578927283605
lncRNA_3566,5176,9,5185,108,0.6036426664840177
lncRNA_23260,5174,8,5182,114,0.6160691361978688
lncRNA_13043,5172,8,5180,87,0.6242126546257991
lncRNA_1067,5164,16,5180,148,0.5955024993486708
lncRNA_341,5167,11,5178,64,0.5997541483673305
lncRNA_17555,5176,1,5177,87,0.5834838332975366
lncRNA_23690,5146,30,5176,87,0.580049256395972
lncRNA_1176,5150,23,5173,66,0.5840115126538505
lncRNA_1294,5163,9,5172,56,0.5991668963703863
lncRNA_2886,5129,42,5171,162,0.575580947970701
lncRNA_261,5165,6,5171,105,0.5882689783788423
lncRNA_505,5164,6,5170,101,0.6070551697740598
lncRNA_23645,5160,9,5169,99,0.5858624806071829
lncRNA_6203,5161,7,5168,78,0.5921789069351047
lncRNA_7894,5116,50,5166,88,0.578473236471306
lncRNA_14614,5161,5,5166,77,0.6167676935153353
lncRNA_6548,5147,18,5165,106,0.6064476838041503
lncRNA_15609,5147,18,5165,69,0.5929326788923205
lncRNA_16283,5149,16,5165,113,0.5840299227266087
lncRNA_17244,5134,30,5164,161,0.5718859771790769
lncRNA_7008,5162,0,5162,90,0.5962723174971535
lncRNA_7009,5162,0,5162,90,0.5962723174971535
lncRNA_19757,5160,1,5161,97,0.6024390608991369
lncRNA_9790,5112,46,5158,79,0.593510352439797
lncRNA_6801,5030,127,5157,195,0.5663512862265178
lncRNA_22242,5154,2,5156,80,0.5832346776565706
lncRNA_3000,5144,11,5155,64,0.5879020346749445
lncRNA_7096,5145,7,5152,85,0.5950653862572933
lncRNA_5775,5120,32,5152,148,0.5795339641131009
lncRNA_5604,5147,3,5150,65,0.5988594277444027
lncRNA_3475,5144,5,5149,86,0.6018871687773923
lncRNA_14724,5142,5,5147,96,0.5972512164425827
lncRNA_14721,5142,5,5147,96,0.5972512164425827
lncRNA_14723,5142,5,5147,96,0.5972512164425827
lncRNA_11247,5146,0,5146,95,0.6190370425318535
lncRNA_3565,5133,8,5141,109,0.6026152873680686
lncRNA_23976,5130,10,5140,156,0.6038942113041751
lncRNA_3651,5066,74,5140,125,0.5727122894367067
lncRNA_3652,5066,74,5140,125,0.5727122894367067
lncRNA_112,5129,9,5138,126,0.5948036981594077
lncRNA_17307,5129,8,5137,85,0.5873714524595134
lncRNA_17726,5131,5,5136,70,0.5932971513674307
lncRNA_11350,5128,8,5136,107,0.6300592384627088
lncRNA_17639,5124,10,5134,51,0.5852622257058105
lncRNA_11351,5126,8,5134,107,0.6301101434497988
lncRNA_21175,5094,39,5133,82,0.5785594232770268
lncRNA_10274,5129,4,5133,72,0.5844669724794719
lncRNA_13658,5115,18,5133,96,0.5713697267545431
lncRNA_20170,5123,0,5123,114,0.6200988447892355
lncRNA_7281,5122,0,5122,114,0.5848251033834141
lncRNA_20299,5115,7,5122,70,0.5931707162178008
lncRNA_22798,5103,19,5122,141,0.5676071944229171
lncRNA_8011,5113,7,5120,117,0.6133590154582202
lncRNA_16244,5100,20,5120,68,0.5920227395456708
lncRNA_11349,5111,8,5119,107,0.6302438053245952
lncRNA_23331,5100,19,5119,82,0.5759081901562131
lncRNA_3050,5114,5,5119,71,0.5903596576457407
lncRNA_1060,5108,6,5114,146,0.5977221019824177
lncRNA_063,5093,20,5113,165,0.597501184569169
lncRNA_1069,5106,6,5112,146,0.5977086385156181
lncRNA_1066,5107,5,5112,147,0.6032444264994715
lncRNA_9190,5001,109,5110,60,0.5878854607890167
lncRNA_24088,5062,47,5109,109,0.568600609993628
lncRNA_13811,5079,29,5108,80,0.5839453125236657
lncRNA_8519,5069,39,5108,85,0.578082884495695
lncRNA_17767,5100,7,5107,97,0.6206018423648318
lncRNA_15163,5102,5,5107,84,0.5862402621144888
lncRNA_6011,5099,6,5105,53,0.5798274358122667
lncRNA_6028,5095,8,5103,155,0.5827082742700596
lncRNA_6552,5088,14,5102,101,0.5805926325779515
lncRNA_062,5081,20,5101,164,0.5977422540164631
lncRNA_20415,5092,7,5099,114,0.5997791139947349
lncRNA_3638,5086,11,5097,104,0.5900550639047896
lncRNA_10358,5034,63,5097,125,0.5750504335696867
lncRNA_21700,5085,10,5095,92,0.6089861585136342
lncRNA_7891,5087,7,5094,112,0.6479861906187607
lncRNA_9585,5093,1,5094,75,0.6028479076950396
lncRNA_4547,5088,6,5094,108,0.5898151049363374
lncRNA_20230,5022,71,5093,94,0.5743634154959069
lncRNA_15109,5073,20,5093,74,0.5934458365745235
lncRNA_061,5072,21,5093,163,0.5979784752522418
lncRNA_12455,5083,7,5090,48,0.5877895852743429
lncRNA_058,5067,21,5088,160,0.5986525525350874
lncRNA_17420,5067,20,5087,108,0.6132442063434054
lncRNA_21699,5079,7,5086,70,0.6066482482168942
lncRNA_2038,5084,1,5085,94,0.6256069677658453
lncRNA_11347,5076,8,5084,108,0.6289668958158572
lncRNA_11348,5076,8,5084,108,0.6289668958158572
lncRNA_17937,5068,15,5083,72,0.5797255033368695
lncRNA_21881,5072,10,5082,175,0.5733922765547862
lncRNA_3983,5075,7,5082,111,0.6060644745764244
lncRNA_21528,5072,10,5082,86,0.6175187893918808
lncRNA_060,5058,20,5078,159,0.5984628434995152
lncRNA_20414,5069,7,5076,114,0.5993005000865008
lncRNA_14580,5063,10,5073,100,0.6307862952563509
lncRNA_14581,5063,10,5073,100,0.6307862952563509
lncRNA_14579,5063,10,5073,100,0.630780781762606
lncRNA_688,4956,112,5068,98,0.580238279227455
lncRNA_23109,5018,49,5067,75,0.5703806341790962
lncRNA_4893,6,5061,5067,90,-0.5822617774536141
lncRNA_23841,5065,2,5067,83,0.5860048896372314
lncRNA_14498,5062,5,5067,176,0.5882083651756468
lncRNA_501,5058,6,5064,98,0.6055836442563182
lncRNA_4166,5038,26,5064,60,0.5869133138210202
lncRNA_7045,5051,12,5063,92,0.5749665105144474
lncRNA_9513,5056,7,5063,92,0.5766223880555216
lncRNA_16910,5051,10,5061,133,0.5942448322238767
lncRNA_20271,5038,22,5060,80,0.5866696829524353
lncRNA_18738,5057,2,5059,95,0.5878205967767659
lncRNA_11472,5046,13,5059,81,0.5927826515373024
lncRNA_12833,5045,14,5059,98,0.6308510302562753
lncRNA_18739,5057,2,5059,95,0.5878205967767659
lncRNA_11344,5051,8,5059,108,0.6280322503641566
lncRNA_17039,5056,3,5059,56,0.5942690962986239
lncRNA_2728,5048,9,5057,90,0.6019203760174059
lncRNA_3898,5051,5,5056,117,0.5785821934531022
lncRNA_5113,5005,49,5054,89,0.5756388165106705
lncRNA_8399,4918,136,5054,142,0.5806544710070768
lncRNA_3308,5031,22,5053,68,0.5753821503425999
lncRNA_23406,5002,50,5052,204,0.5911215153167462
lncRNA_5053,5050,0,5050,92,0.5796084202134267
lncRNA_13160,5007,43,5050,52,0.5902599581566217
lncRNA_22163,5049,0,5049,100,0.5822637492272357
lncRNA_18915,5044,2,5046,73,0.622951397567737
lncRNA_21647,5037,8,5045,83,0.5809663774122017
lncRNA_20296,5031,10,5041,71,0.5912130983390272
lncRNA_4939,5033,7,5040,122,0.6107429798709432
lncRNA_1898,5033,5,5038,79,0.5998197092408633
lncRNA_2794,5035,2,5037,89,0.5830218229093408
lncRNA_808,5026,11,5037,117,0.5842438273167918
lncRNA_17304,5028,6,5034,106,0.6226137250364803
lncRNA_22356,5025,7,5032,81,0.5803186259138146
lncRNA_19984,5021,11,5032,76,0.6005491021466378
lncRNA_8398,4892,138,5030,143,0.578967720075756
lncRNA_11327,5011,18,5029,107,0.5814108917279757
lncRNA_20297,5019,9,5028,70,0.5913898341908539
lncRNA_8047,5010,18,5028,87,0.6066298098406142
lncRNA_9670,5018,8,5026,141,0.5839377692737221
lncRNA_331,5013,6,5019,101,0.5912903166479406
lncRNA_23647,5008,11,5019,53,0.6014522448059934
lncRNA_23329,4998,19,5017,81,0.5748539829235717
lncRNA_23330,4998,19,5017,81,0.5748539829235717
lncRNA_14939,5001,15,5016,74,0.6043941752861849
lncRNA_4002,4914,102,5016,133,0.6025819285619143
lncRNA_4003,4914,102,5016,133,0.6025819285619143
lncRNA_7689,5014,0,5014,61,0.5866082719101547
lncRNA_1015,5002,12,5014,111,0.5900485935215461
lncRNA_12642,5003,5,5008,120,0.5619997629844351
lncRNA_8701,5002,6,5008,106,0.5814578961919861
lncRNA_8702,5002,6,5008,106,0.5814578961919861
lncRNA_16671,4840,165,5005,155,0.5812875728177958
lncRNA_5954,4990,13,5003,103,0.6012416154651228
lncRNA_19989,4994,9,5003,76,0.6026239717093483
lncRNA_19987,4994,9,5003,76,0.6026239717093483
lncRNA_22620,4969,33,5002,99,0.5811780042995165
lncRNA_16974,4967,35,5002,105,0.5730545956469641
lncRNA_5219,4983,19,5002,73,0.595879938324629
lncRNA_14471,4929,73,5002,135,0.5643914044920202
lncRNA_2452,4988,11,4999,107,0.5914685034563348
lncRNA_22054,4992,7,4999,64,0.5781704801429955
lncRNA_7623,4998,0,4998,88,0.6221212476857314
lncRNA_13617,4984,13,4997,70,0.5828843720468674
lncRNA_4612,4988,8,4996,63,0.5851476583359921
lncRNA_8230,4918,77,4995,131,0.569384921451952
lncRNA_8239,4993,0,4993,81,0.5992386088326189
lncRNA_8241,4993,0,4993,81,0.5992386088326189
lncRNA_8240,4993,0,4993,81,0.5992386088326189
lncRNA_22463,4915,77,4992,90,0.5705488249546369
lncRNA_11203,4983,9,4992,61,0.5819153785120802
lncRNA_7847,4986,5,4991,93,0.5902721537225751
lncRNA_5098,4953,37,4990,144,0.5763412031598337
lncRNA_5100,4953,37,4990,144,0.5763412031598337
lncRNA_19991,4982,8,4990,72,0.6020311901805844
lncRNA_19323,4981,8,4989,57,0.592605963599204
lncRNA_7345,4906,82,4988,124,0.5803552414124852
lncRNA_7599,4966,21,4987,72,0.5718404226875973
lncRNA_3896,4981,6,4987,48,0.5831737399112658
lncRNA_18564,4984,0,4984,89,0.5842116779918486
lncRNA_17414,4951,33,4984,71,0.5798843379612075
lncRNA_19992,4973,7,4980,73,0.6022740107858628
lncRNA_22898,4973,7,4980,99,0.5908491122844728
lncRNA_22264,4972,6,4978,93,0.6052064988846306
lncRNA_9620,4972,1,4973,102,0.5855477857101143
lncRNA_248,4950,21,4971,73,0.5866580413864999
lncRNA_12686,4956,12,4968,68,0.6095626537824899
lncRNA_23085,4959,7,4966,65,0.5993874199532387
lncRNA_9414,4962,1,4963,96,0.5765236327076823
lncRNA_8650,4941,20,4961,49,0.5961585588466173
lncRNA_18115,4948,12,4960,73,0.5918178443316391
lncRNA_6248,4922,37,4959,85,0.5696794041809029
lncRNA_12821,4952,7,4959,99,0.6148967141055672
lncRNA_5254,4925,31,4956,84,0.5717409224656208
lncRNA_5255,4925,31,4956,84,0.5717409224656208
lncRNA_5256,4925,31,4956,84,0.5717409224656208
lncRNA_23808,4950,5,4955,99,0.5999022920992877
lncRNA_16088,4931,22,4953,82,0.5782528317583636
lncRNA_15834,4930,22,4952,116,0.5767517830776336
lncRNA_23290,4942,9,4951,60,0.5824530624576043
lncRNA_1327,4944,6,4950,84,0.5865566128014855
lncRNA_17266,4909,37,4946,154,0.5688128393881564
lncRNA_8709,4930,16,4946,62,0.581840449019747
lncRNA_9308,4937,8,4945,86,0.5811992119847431
lncRNA_6320,4935,7,4942,54,0.589375903849514
lncRNA_3569,4933,9,4942,108,0.5999840453610588
lncRNA_14098,4928,13,4941,118,0.5868767833905648
lncRNA_23263,4912,27,4939,67,0.5738773150588837
lncRNA_21963,4788,151,4939,135,0.5817558286762521
lncRNA_23264,4912,27,4939,67,0.5738773150588837
lncRNA_2451,4927,11,4938,106,0.5915918892695335
lncRNA_8223,4896,41,4937,87,0.6143562524369284
lncRNA_2961,4925,7,4932,99,0.6040171864623277
lncRNA_4035,4918,12,4930,51,0.5966676719385967
lncRNA_6012,4923,6,4929,58,0.5757684282597717
lncRNA_21962,4778,151,4929,135,0.5816986159185044
lncRNA_9676,4923,2,4925,134,0.5805047790874536
lncRNA_23807,4919,5,4924,98,0.6005762726585622
lncRNA_23019,4908,15,4923,41,0.5950660653414827
lncRNA_6013,4916,6,4922,58,0.5759516406876619
lncRNA_15042,4898,23,4921,158,0.5845043628677499
lncRNA_16445,4909,9,4918,91,0.5783693240175283
lncRNA_23992,4912,6,4918,89,0.6070437289886332
lncRNA_9816,4910,8,4918,103,0.6328985855075832
lncRNA_4988,4872,46,4918,53,0.5641429396800114
lncRNA_23889,4894,22,4916,103,0.5789622155033587
lncRNA_2963,4907,7,4914,99,0.6036011731544892
lncRNA_20504,4887,25,4912,60,0.5821028780329133
lncRNA_20725,4905,6,4911,75,0.5903173375227873
lncRNA_20726,4905,6,4911,75,0.5903173375227873
lncRNA_20724,4905,6,4911,75,0.5903173375227873
lncRNA_17354,4800,108,4908,203,0.5611331681972327
lncRNA_5257,4872,33,4905,82,0.5720023895578963
lncRNA_15833,4799,104,4903,187,0.568545407989209
lncRNA_646,4877,26,4903,84,0.571633408988145
lncRNA_9797,4894,8,4902,121,0.608827654372278
lncRNA_1484,4718,181,4899,134,0.5662222279047476
lncRNA_2218,4879,15,4894,109,0.5732155418644219
lncRNA_23438,4888,1,4889,43,0.6004183796992036
lncRNA_14725,4850,38,4888,88,0.5668904100793174
lncRNA_14841,4862,24,4886,92,0.5671495259330603
lncRNA_20705,4853,33,4886,139,0.578884371358049
lncRNA_10603,4875,8,4883,129,0.5997453071109312
lncRNA_12109,4874,7,4881,100,0.6046947971510611
lncRNA_12108,4874,7,4881,100,0.6046947971510611
lncRNA_14528,4847,33,4880,63,0.5881900791595237
lncRNA_13134,4853,27,4880,112,0.5675245957360538
lncRNA_22397,4868,10,4878,86,0.6359511710832858
lncRNA_22398,4868,10,4878,86,0.6359511710832858
lncRNA_4781,4866,11,4877,48,0.5884950163095105
lncRNA_19632,4870,6,4876,117,0.5930799248291554
lncRNA_21392,4874,2,4876,112,0.6116326155988654
lncRNA_20771,4873,1,4874,79,0.5757055774757608
lncRNA_6711,4861,9,4870,64,0.5712938871192933
lncRNA_4333,4861,9,4870,121,0.6168654938156833
lncRNA_3986,4844,26,4870,126,0.5728951779399029
lncRNA_21125,4864,5,4869,57,0.5892620721172896
lncRNA_1112,4857,12,4869,56,0.5809142448491846
lncRNA_13552,4818,48,4866,61,0.5861071757652587
lncRNA_18116,4856,9,4865,72,0.5908838082776171
lncRNA_8509,4857,8,4865,66,0.5712974019801911
lncRNA_082,4843,21,4864,104,0.6348763120571813
lncRNA_2960,4856,7,4863,100,0.6034074769052993
lncRNA_21295,4849,14,4863,133,0.5910313260331019
lncRNA_4672,4845,17,4862,120,0.5758365826145327
lncRNA_7044,4858,1,4859,59,0.5794762694618988
lncRNA_18524,4853,6,4859,96,0.6107823531058755
lncRNA_8614,4844,12,4856,48,0.5909844245577804
lncRNA_7252,4777,79,4856,103,0.5910451567782347
lncRNA_18406,4844,10,4854,79,0.6239697551862062
lncRNA_7141,4846,0,4846,51,0.5956527877511235
lncRNA_9108,4833,10,4843,64,0.5839045129393765
lncRNA_18409,4834,7,4841,62,0.5860391255587816
lncRNA_15043,4834,5,4839,143,0.5913166107720653
lncRNA_1058,4798,41,4839,63,0.5804480966909629
lncRNA_22095,4796,41,4837,109,0.5699006080374823
lncRNA_7569,4793,43,4836,124,0.5678419188471631
lncRNA_13440,4827,5,4832,75,0.5736021123640677
lncRNA_7348,4812,18,4830,117,0.5891852034720849
lncRNA_23164,4828,2,4830,76,0.5836521051324087
lncRNA_3749,4824,4,4828,54,0.5749853942890787
lncRNA_7940,4809,14,4823,137,0.6050289882427661
lncRNA_21080,4771,52,4823,128,0.5910067763457372
lncRNA_4033,4786,36,4822,50,0.5794777096968394
lncRNA_20295,4809,13,4822,66,0.5871675105602298
lncRNA_5097,4804,18,4822,136,0.578663864721464
lncRNA_13291,4809,12,4821,97,0.5990125405937051
lncRNA_7253,4742,79,4821,105,0.5916225161223435
lncRNA_14620,4748,72,4820,80,0.5633169967563197
lncRNA_24108,4811,8,4819,60,0.6147624844377182
lncRNA_20071,4812,5,4817,92,0.6108389719122732
lncRNA_20070,4812,5,4817,92,0.6108389719122732
lncRNA_20075,4812,5,4817,92,0.6108389719122732
lncRNA_12868,4815,1,4816,80,0.5906849942777654
lncRNA_6367,4789,22,4811,62,0.5809388051591685
lncRNA_11681,4809,2,4811,73,0.5869561353977664
lncRNA_21246,4804,6,4810,125,0.6011614095044174
lncRNA_23119,4797,12,4809,55,0.5793663962130879
lncRNA_17634,4782,27,4809,60,0.5789787190451854
lncRNA_8052,4805,3,4808,82,0.5997314410361905
lncRNA_8051,4805,3,4808,82,0.5997314410361905
lncRNA_8048,4805,3,4808,82,0.5997314410361905
lncRNA_2882,4743,61,4804,113,0.5845475186735275
lncRNA_15027,4798,6,4804,110,0.5943311792029609
lncRNA_20712,4667,135,4802,156,0.5651079933853156
lncRNA_21220,4788,12,4800,66,0.5835910718009416
lncRNA_3686,4790,7,4797,60,0.5904770831142303
lncRNA_11401,4787,6,4793,82,0.5945477085072958
lncRNA_20293,4777,15,4792,64,0.585945413822728
lncRNA_24075,4765,27,4792,48,0.5907936134347059
lncRNA_12385,4761,24,4785,74,0.5649416110820673
lncRNA_13898,4779,4,4783,72,0.592065222001116
lncRNA_1411,4754,28,4782,111,0.5737977894944272
lncRNA_8046,4778,4,4782,82,0.600619260901413
lncRNA_16318,4774,4,4778,158,0.5771759115805887
lncRNA_7711,4711,66,4777,104,0.5764114478007224
lncRNA_17698,4773,4,4777,61,0.5760673990536754
lncRNA_12339,4763,12,4775,60,0.6010490841963256
lncRNA_12904,4768,7,4775,53,0.569698178837889
lncRNA_20004,4760,14,4774,116,0.5920777893073176
lncRNA_8547,4740,33,4773,50,0.5779013494583343
lncRNA_7459,4769,0,4769,78,0.620850968558949
lncRNA_4548,4763,6,4769,90,0.5883645217605292
lncRNA_4782,4767,2,4769,101,0.583930217863167
lncRNA_7248,4693,76,4769,106,0.5907820825110016
lncRNA_12869,4767,1,4768,78,0.5891834464203031
lncRNA_10722,4757,7,4764,86,0.5961389416108465
lncRNA_686,4734,29,4763,76,0.6063257565834501
lncRNA_9940,4639,124,4763,140,0.5805380262718108
lncRNA_22164,4762,0,4762,90,0.5786017481639665
lncRNA_23308,4692,69,4761,104,0.5619346486788105
lncRNA_23309,4692,69,4761,104,0.5619346486788105
lncRNA_2780,4744,14,4758,111,0.5983083552307858
lncRNA_8551,4744,13,4757,79,0.5794093359754091
lncRNA_3035,4751,6,4757,46,0.5885818491646039
lncRNA_22761,4674,83,4757,41,0.5628496359669996
lncRNA_1190,4735,20,4755,88,0.6291733688176464
lncRNA_7941,4741,13,4754,135,0.6032930137929345
lncRNA_7568,4712,42,4754,121,0.5669270199090441
lncRNA_15748,4739,13,4752,69,0.5901773748237232
lncRNA_7289,4744,7,4751,91,0.6150036848546212
lncRNA_21544,4745,6,4751,106,0.6218026860461985
lncRNA_18872,4745,5,4750,85,0.5838109544640718
lncRNA_19325,4706,36,4742,80,0.5842120288163392
lncRNA_10459,4741,0,4741,82,0.5733868055992682
lncRNA_3101,4739,0,4739,62,0.59642020326021
lncRNA_24154,4730,9,4739,123,0.6169257874672184
lncRNA_1725,4731,8,4739,101,0.6441648286612178
lncRNA_10604,4725,11,4736,121,0.5962787615215785
lncRNA_8045,4731,4,4735,82,0.6004769783223307
lncRNA_8050,4732,3,4735,82,0.6005321554235377
lncRNA_8520,4694,38,4732,76,0.5737328790429957
lncRNA_7589,4722,10,4732,66,0.5982089082454897
lncRNA_1410,4703,28,4731,133,0.5726804893810697
lncRNA_11152,4705,26,4731,148,0.5833326765258658
lncRNA_7971,4715,13,4728,71,0.5813437190940931
lncRNA_3406,4721,7,4728,127,0.6284253758108196
lncRNA_11669,4725,0,4725,65,0.5735693279851012
lncRNA_14553,4694,31,4725,108,0.5909322162612487
lncRNA_554,4720,4,4724,72,0.5783099686278492
lncRNA_20005,4708,16,4724,110,0.5898098458030125
lncRNA_12503,4712,11,4723,99,0.6298069607534682
lncRNA_19920,4519,204,4723,185,0.55531687275583
lncRNA_14621,4710,13,4723,56,0.5830905831026566
lncRNA_3514,4714,7,4721,63,0.5894412402079997
lncRNA_18666,4713,5,4718,103,0.5916827327956868
lncRNA_7996,4704,14,4718,74,0.5843058067487384
lncRNA_070,4709,7,4716,100,0.5877248302568026
lncRNA_10557,4710,6,4716,77,0.5882394493957206
lncRNA_12982,4689,27,4716,93,0.5966939212170669
lncRNA_22173,4709,6,4715,109,0.5876424678561329
lncRNA_4602,4713,0,4713,98,0.6137329230972225
lncRNA_5066,4690,22,4712,139,0.5791465018091688
lncRNA_18945,4704,7,4711,85,0.6058573809586438
lncRNA_13391,4703,7,4710,88,0.5890604074924964
lncRNA_11545,4708,1,4709,153,0.5762180925063032
lncRNA_6791,4664,41,4705,99,0.5714740152659761
lncRNA_6794,4664,41,4705,99,0.5714740152659761
lncRNA_8100,4686,19,4705,71,0.5800860574784864
lncRNA_10359,4634,69,4703,115,0.5701536419252822
lncRNA_19535,4699,2,4701,88,0.5833937586547665
lncRNA_4154,4696,5,4701,122,0.5743343537452411
lncRNA_14371,4687,13,4700,125,0.5918033385993743
lncRNA_9833,4694,3,4697,127,0.5653247910645829
lncRNA_19728,4677,20,4697,72,0.591849519510242
lncRNA_593,4632,64,4696,99,0.5757371355879446
lncRNA_16058,4680,14,4694,72,0.5812503020338852
lncRNA_6778,4689,4,4693,71,0.5867085107797118
lncRNA_6777,4689,4,4693,71,0.5867085107797118
lncRNA_2142,4675,15,4690,141,0.5848831945052333
lncRNA_18351,4588,102,4690,133,0.5753354833289515
lncRNA_20780,4657,31,4688,50,0.5803605166926621
lncRNA_19478,4678,8,4686,57,0.5838657564352258
lncRNA_13858,4680,4,4684,57,0.5803406267312217
lncRNA_4754,4673,9,4682,92,0.5867103226975927
lncRNA_760,4651,30,4681,177,0.5675950626577458
lncRNA_1820,4679,1,4680,117,0.5752900417122666
lncRNA_18350,4573,105,4678,132,0.5743962915553283
lncRNA_23215,4644,33,4677,86,0.5810777865067834
lncRNA_22641,4654,22,4676,79,0.5643859343078195
lncRNA_22287,4674,2,4676,103,0.6286329483711269
lncRNA_13558,4668,7,4675,110,0.6100251590353968
lncRNA_13548,4665,9,4674,47,0.5997152497561777
lncRNA_9152,4664,10,4674,81,0.6020838885135157
lncRNA_5150,4624,49,4673,144,0.5981533255869257
lncRNA_8407,4562,109,4671,131,0.5950479426350009
lncRNA_15741,4665,5,4670,118,0.5827607538013995
lncRNA_19560,4664,5,4669,121,0.5878357436955621
lncRNA_10496,4615,53,4668,95,0.5841017551982597
lncRNA_2549,4590,77,4667,161,0.5691036727276302
lncRNA_13547,4657,8,4665,47,0.5993310434406627
lncRNA_11680,4662,2,4664,74,0.5855082394164861
lncRNA_21545,4657,6,4663,106,0.6216835568513136
lncRNA_21546,4657,6,4663,106,0.6216835568513136
lncRNA_21547,4657,6,4663,106,0.6217877694403465
lncRNA_1302,4642,18,4660,68,0.5862464892546957
lncRNA_15222,4651,8,4659,95,0.59827454596343
lncRNA_15394,4657,2,4659,84,0.5847225314988921
lncRNA_2905,4627,32,4659,86,0.5978308589733218
lncRNA_2910,4627,32,4659,86,0.5978308589733218
lncRNA_10497,4606,52,4658,95,0.5827698611934672
lncRNA_11397,4653,5,4658,95,0.6009398225624621
lncRNA_7874,4611,47,4658,146,0.5684629600382586
lncRNA_14374,4644,13,4657,124,0.5912516895994762
lncRNA_081,4634,21,4655,97,0.6406957608928582
lncRNA_206,4648,6,4654,122,0.5832199871131805
lncRNA_3926,4645,8,4653,105,0.6080544876922646
lncRNA_18252,4566,85,4651,61,0.5599594262246608
lncRNA_11222,4638,13,4651,84,0.6018566239024328
lncRNA_18352,4514,136,4650,124,0.5723352237013811
lncRNA_18353,4514,136,4650,124,0.5723352237013811
lncRNA_15198,4568,80,4648,49,0.5792830383723621
lncRNA_10104,4619,27,4646,86,0.5794592524790645
lncRNA_14240,4544,101,4645,167,0.5553969281042775
lncRNA_20689,4642,1,4643,60,0.5893411338115692
lncRNA_5776,4614,25,4639,126,0.5800256030103442
lncRNA_3876,4630,5,4635,97,0.5904554416216562
lncRNA_21317,4613,21,4634,107,0.5890358523943735
lncRNA_12540,4625,7,4632,82,0.5862663007849578
lncRNA_21548,4623,6,4629,105,0.6216424282519597
lncRNA_7536,4617,11,4628,82,0.5998248204004498
lncRNA_11421,4620,6,4626,62,0.6011869139676552
lncRNA_5183,4616,8,4624,78,0.5787248318660861
lncRNA_5182,4616,8,4624,78,0.5787248318660861
lncRNA_21391,4622,1,4623,71,0.5919610379361497
lncRNA_5956,4610,13,4623,93,0.5958192272096949
lncRNA_15047,4618,5,4623,95,0.5916750165843275
lncRNA_21308,4615,6,4621,78,0.5997104463660776
lncRNA_20595,4620,0,4620,106,0.5761794797053045
lncRNA_6160,4445,174,4619,188,0.556441017659784
lncRNA_508,4610,8,4618,57,0.5844569000493366
lncRNA_922,4617,1,4618,45,0.5726952759167176
lncRNA_2779,4603,15,4618,108,0.5962158783187047
lncRNA_21631,4596,22,4618,86,0.5957533309130887
lncRNA_18916,4615,2,4617,68,0.6145172170734786
lncRNA_19147,4540,76,4616,65,0.5541094449283497
lncRNA_4794,4594,21,4615,60,0.5673179082045459
lncRNA_8301,4596,18,4614,69,0.581369829569865
lncRNA_069,4606,7,4613,100,0.5863570395215978
lncRNA_21756,4594,19,4613,103,0.5712739656370694
lncRNA_22908,4603,10,4613,101,0.5930886491062209
lncRNA_19673,4597,14,4611,134,0.5818055514202273
lncRNA_20374,4608,2,4610,70,0.5982401370981596
lncRNA_10598,4591,19,4610,67,0.5807332523738613
lncRNA_21632,4585,21,4606,87,0.596337572867967
lncRNA_12251,4591,15,4606,53,0.5880178935844618
lncRNA_23328,4584,20,4604,73,0.5722162594612736
lncRNA_17532,4565,39,4604,92,0.566360309369584
lncRNA_18539,4596,7,4603,98,0.5846090928690841
lncRNA_3890,4590,13,4603,58,0.5663543413178833
lncRNA_8492,4561,41,4602,117,0.5599464090467479
lncRNA_16325,4583,18,4601,55,0.5641858871551237
lncRNA_4068,4575,23,4598,66,0.5690448962603611
lncRNA_23186,4594,3,4597,73,0.5737220479083546
lncRNA_14292,4553,42,4595,114,0.5688595389692798
lncRNA_20573,4571,18,4589,83,0.5732143227634452
lncRNA_20575,4571,18,4589,83,0.5732143227634452
lncRNA_20574,4571,18,4589,83,0.5732143227634452
lncRNA_15970,4582,6,4588,98,0.5830800226984967
lncRNA_3797,4556,31,4587,73,0.5903801956643862
lncRNA_21049,4575,9,4584,65,0.5965313506600046
lncRNA_244,4580,1,4581,129,0.5743056849871824
lncRNA_5894,4546,30,4576,66,0.5738842548382248
lncRNA_23216,4542,33,4575,84,0.5800889541969756
lncRNA_13657,4543,26,4569,124,0.5613981921216957
lncRNA_5740,4493,76,4569,69,0.5604697448682392
lncRNA_9481,4500,68,4568,109,0.5659339857713794
lncRNA_12451,4535,32,4567,62,0.5695102509777185
lncRNA_5489,4514,52,4566,88,0.5727280704981054
lncRNA_14746,4513,53,4566,155,0.5775959862440401
lncRNA_8510,4538,27,4565,82,0.575955363822383
lncRNA_6945,4562,1,4563,64,0.5857319146610334
lncRNA_7310,4551,9,4560,110,0.6035443509420825
lncRNA_3100,4559,0,4559,61,0.5933794730487079
lncRNA_11773,4493,63,4556,64,0.5699708489800823
lncRNA_22383,4478,77,4555,90,0.5607856072254693
lncRNA_277,4545,9,4554,95,0.580846319170319
lncRNA_7822,4390,161,4551,89,0.5740473113104655
lncRNA_24070,4548,2,4550,61,0.5933846653331479
lncRNA_9281,4541,7,4548,63,0.5836364041141111
lncRNA_10329,4537,6,4543,156,0.5846063535867749
lncRNA_8637,4519,21,4540,63,0.5762802240360912
lncRNA_11077,4538,1,4539,42,0.5868546431585807
lncRNA_20799,4506,32,4538,122,0.5674859425917699
lncRNA_16699,4533,5,4538,92,0.5898686412586871
lncRNA_2611,4523,12,4535,99,0.5911762491205638
lncRNA_12001,4508,25,4533,127,0.590794844761394
lncRNA_20166,4531,0,4531,87,0.5960113427328007
lncRNA_463,4454,76,4530,115,0.5640470147891993
lncRNA_10143,4515,15,4530,129,0.582025554867599
lncRNA_23350,4460,70,4530,43,0.5626089666237867
lncRNA_7115,4478,49,4527,87,0.5718044169484534
lncRNA_9119,4496,31,4527,76,0.5757006277406712
lncRNA_2624,4508,19,4527,41,0.5839592211932758
lncRNA_19982,4522,5,4527,68,0.5933714263346132
lncRNA_22553,4517,9,4526,38,0.5864335974117489
lncRNA_24013,4517,6,4523,91,0.5824723690540484
lncRNA_2418,4509,13,4522,102,0.5728245986951045
lncRNA_19572,4517,2,4519,41,0.5865240872619949
lncRNA_19518,4514,5,4519,78,0.5689033155267438
lncRNA_1626,4500,16,4516,95,0.5711169188998465
lncRNA_20674,4505,8,4513,81,0.5679143699842439
lncRNA_23813,4505,8,4513,32,0.5828397171926487
lncRNA_169,4464,44,4508,151,0.5643405156589958
lncRNA_23805,4499,8,4507,31,0.5826165491525686
lncRNA_23806,4499,8,4507,31,0.5826165491525686
lncRNA_14086,4493,11,4504,44,0.5847390215783158
lncRNA_17036,4471,31,4502,66,0.566365963366747
lncRNA_3637,4474,24,4498,64,0.5795590839846041
lncRNA_22794,4480,18,4498,128,0.5612556410698428
lncRNA_2812,4485,12,4497,98,0.5780414383708977
lncRNA_5407,4486,5,4491,85,0.5844852729878172
lncRNA_13269,4479,12,4491,70,0.5909305896463479
lncRNA_14372,4479,11,4490,123,0.5910453701504995
lncRNA_3479,4464,25,4489,113,0.5667108882526195
lncRNA_16716,4477,11,4488,44,0.5860373656815494
lncRNA_17898,4469,18,4487,68,0.5854676703437215
lncRNA_14899,4477,6,4483,86,0.5697448256269931
lncRNA_14900,4477,6,4483,86,0.5697448256269931
lncRNA_21642,4459,23,4482,81,0.592721112811329
lncRNA_15663,4472,10,4482,111,0.6310814496468341
lncRNA_21638,4459,23,4482,81,0.592721112811329
lncRNA_21641,4459,23,4482,81,0.592721112811329
lncRNA_23519,4451,30,4481,77,0.5765879886152248
lncRNA_21168,4475,6,4481,82,0.5886233073384984
lncRNA_19439,4480,0,4480,68,0.5975666092322509
lncRNA_1431,4446,34,4480,56,0.5779342326672621
lncRNA_17300,4419,60,4479,158,0.5702463307726829
lncRNA_17298,4419,60,4479,158,0.5702463307726829
lncRNA_19811,4413,66,4479,95,0.5625953835009858
lncRNA_15548,4469,6,4475,90,0.5971428410270209
lncRNA_16975,4472,2,4474,85,0.5921742624467102
lncRNA_7905,4472,1,4473,85,0.5897572721751774
lncRNA_15535,4467,6,4473,92,0.600130955824949
lncRNA_15537,4467,6,4473,92,0.600130955824949
lncRNA_15538,4467,6,4473,92,0.600130955824949
lncRNA_15534,4467,6,4473,92,0.600131281668701
lncRNA_22871,4463,8,4471,93,0.5833612113705421
lncRNA_6606,4463,5,4468,96,0.5827761150880532
lncRNA_23569,4463,4,4467,47,0.5963270853665383
lncRNA_399,4423,43,4466,149,0.5645899119235145
lncRNA_2377,4465,0,4465,109,0.5805481876492685
lncRNA_12115,4455,10,4465,81,0.570031162498041
lncRNA_23814,4456,7,4463,31,0.5825027924889163
lncRNA_17627,4443,20,4463,85,0.5856287062728402
lncRNA_3223,4444,19,4463,83,0.5795926025613165
lncRNA_20887,4447,15,4462,125,0.5826660183837601
lncRNA_17424,4454,7,4461,68,0.5879891527518817
lncRNA_18725,4454,5,4459,65,0.5851945788666076
lncRNA_10360,4392,66,4458,118,0.5698743699549058
lncRNA_16157,4408,49,4457,67,0.5721992157708862
lncRNA_10546,4424,30,4454,125,0.5680272606261755
lncRNA_22480,4439,15,4454,87,0.5666780782307232
lncRNA_21583,4443,10,4453,123,0.5721917200186761
lncRNA_20787,4416,32,4448,119,0.5656460413971403
lncRNA_4006,4427,18,4445,112,0.5683808154901853
lncRNA_20168,4442,0,4442,80,0.597762755718504
lncRNA_12905,4240,202,4442,178,0.5431686653265302
lncRNA_23733,4436,3,4439,85,0.5803129037647544
lncRNA_3917,4433,6,4439,110,0.592208784385159
lncRNA_10458,4412,25,4437,95,0.5938261715194619
lncRNA_9480,4371,66,4437,105,0.565018926089426
lncRNA_4005,4419,17,4436,108,0.5687645123532696
lncRNA_12205,4425,8,4433,66,0.6123122841784397
lncRNA_16087,4412,21,4433,73,0.5717653275837261
lncRNA_14470,4431,2,4433,103,0.5717500100170384
lncRNA_22156,4428,1,4429,72,0.5729298590439404
lncRNA_15823,4421,8,4429,80,0.5910672531407923
lncRNA_6404,4404,24,4428,53,0.5856593247775468
lncRNA_15949,4419,9,4428,102,0.5914701457908456
lncRNA_22971,4418,7,4425,112,0.594736073847717
lncRNA_11790,4403,21,4424,93,0.5678154933907346
lncRNA_7401,4422,1,4423,64,0.5867797470557683
lncRNA_5161,4376,47,4423,93,0.6162923929829076
lncRNA_18542,4413,9,4422,82,0.6245231037445728
lncRNA_7460,4414,1,4415,68,0.615219411630751
lncRNA_23337,4394,21,4415,86,0.6226751317448017
lncRNA_596,4400,14,4414,77,0.578540969094989
lncRNA_3918,4408,6,4414,111,0.5919397932362798
lncRNA_12196,4328,85,4413,76,0.5599964905100099
lncRNA_1954,4407,6,4413,98,0.5921990028669869
lncRNA_3712,4388,21,4409,129,0.5796718116698032
lncRNA_235,4286,123,4409,149,0.5536569419016315
lncRNA_495,4394,13,4407,73,0.5782776525977603
lncRNA_6251,4395,9,4404,82,0.5878397344083826
lncRNA_22997,4396,8,4404,114,0.5814210280667161
lncRNA_6607,4397,6,4403,98,0.5836853795592643
lncRNA_6608,4397,6,4403,98,0.5836853795592643
lncRNA_15651,4381,22,4403,108,0.6126310188439875
lncRNA_3614,4212,190,4402,183,0.5449927567474518
lncRNA_2053,4395,6,4401,74,0.5818339782004445
lncRNA_11651,4395,5,4400,84,0.6037776058385821
lncRNA_19993,4388,12,4400,60,0.592792918726901
lncRNA_17355,4317,82,4399,190,0.5616367719122888
lncRNA_22172,4392,6,4398,102,0.5855742749372643
lncRNA_1849,4350,48,4398,63,0.5572223783075262
lncRNA_804,4320,78,4398,78,0.5646077931542124
lncRNA_4895,4371,26,4397,59,0.574995875519916
lncRNA_14637,4396,0,4396,82,0.5796063315933263
lncRNA_5160,4345,50,4395,93,0.6155907296297525
lncRNA_6713,4386,8,4394,47,0.579937884321574
lncRNA_16833,4394,0,4394,72,0.574263351654064
lncRNA_3973,4392,1,4393,56,0.5751834588338546
lncRNA_15183,4357,35,4392,79,0.5757398928777818
lncRNA_10073,4387,5,4392,128,0.5709643593976204
lncRNA_23734,4389,3,4392,83,0.5798251754145529
lncRNA_10453,4336,54,4390,68,0.5660467661771482
lncRNA_8088,4378,11,4389,109,0.5898770057769279
lncRNA_6423,4375,14,4389,101,0.576610565165464
lncRNA_6422,4374,14,4388,100,0.5766300323225902
lncRNA_6426,4374,14,4388,100,0.5766300323225902
lncRNA_6427,4374,14,4388,100,0.5766300323225902
lncRNA_8058,4363,24,4387,90,0.5701736059374911
lncRNA_4575,4299,88,4387,152,0.5607063619181774
lncRNA_8377,4381,6,4387,62,0.616165021916652
lncRNA_17139,4309,78,4387,111,0.5875114078403766
lncRNA_14816,4278,108,4386,142,0.5705784967843842
lncRNA_22949,4366,16,4382,54,0.5896431407835366
lncRNA_22171,4374,6,4380,100,0.5850641439679692
lncRNA_22662,4369,10,4379,103,0.5716495150278003
lncRNA_3636,4355,23,4378,63,0.5785607802792735
lncRNA_4701,4351,25,4376,80,0.5730004906610922
lncRNA_17788,4356,19,4375,80,0.5616975142446953
lncRNA_20690,4371,1,4372,55,0.5884521721475386
lncRNA_17140,4291,81,4372,113,0.5868214575477609
lncRNA_22951,4342,27,4369,98,0.5830209522654168
lncRNA_20173,4352,16,4368,97,0.5789289261399032
lncRNA_5337,4364,2,4366,74,0.5893743534128465
lncRNA_21685,4330,35,4365,92,0.5788258160698095
lncRNA_6935,4359,5,4364,51,0.5906633918929326
lncRNA_8910,4360,2,4362,66,0.5670305878043701
lncRNA_15029,4344,17,4361,118,0.6217867210704054
lncRNA_22774,4359,2,4361,100,0.5823881515207155
lncRNA_18063,4351,9,4360,95,0.5979774617656922
lncRNA_2408,4352,6,4358,116,0.6183769560625422
lncRNA_7461,4356,1,4357,66,0.6152459961916283
lncRNA_1496,4346,11,4357,92,0.6233353085184794
lncRNA_16324,4343,13,4356,72,0.5924006211806367
lncRNA_23044,4349,2,4351,100,0.5788191894733618
lncRNA_6291,4331,20,4351,95,0.5721767748482177
lncRNA_8296,4348,2,4350,47,0.5798110079910845
lncRNA_2814,4344,4,4348,67,0.5905038576185088
lncRNA_6223,4342,5,4347,68,0.5801755365206385
lncRNA_19324,4335,12,4347,55,0.5833688912032833
lncRNA_20074,4346,0,4346,78,0.5811869409881982
lncRNA_2240,4333,10,4343,46,0.5703348460217414
lncRNA_1694,4337,6,4343,123,0.5754551948664742
lncRNA_13541,4319,23,4342,104,0.6152983027588438
lncRNA_13536,4319,23,4342,104,0.6152983027588438
lncRNA_4229,4335,6,4341,90,0.6216998049925745
lncRNA_22740,4336,5,4341,53,0.5845028285702255
lncRNA_13543,4318,22,4340,103,0.6156622434998811
lncRNA_18543,4330,7,4337,79,0.6181436991040602
lncRNA_8912,4328,9,4337,94,0.5981031073572279
lncRNA_6853,4328,7,4335,115,0.5700258502613831
lncRNA_2249,4316,17,4333,93,0.6355169204035702
lncRNA_20053,4238,94,4332,173,0.5607322693206764
lncRNA_6617,4325,6,4331,95,0.5835500289299878
lncRNA_19679,4320,11,4331,48,0.5794733881472895
lncRNA_2681,4182,147,4329,38,0.5632437557331292
lncRNA_7010,4325,2,4327,58,0.5687381577371156
lncRNA_14378,4283,44,4327,68,0.5867236999493142
lncRNA_19215,4316,11,4327,114,0.5871993265320505
lncRNA_9533,4286,38,4324,121,0.5877241107121491
lncRNA_233,4187,136,4323,146,0.5443093667781559
lncRNA_7727,4311,9,4320,50,0.57604177929543
lncRNA_2099,4284,35,4319,158,0.5702794154273715
lncRNA_16599,4313,6,4319,70,0.5789017892690196
lncRNA_12459,4305,13,4318,83,0.6004044751490678
lncRNA_2684,4306,12,4318,114,0.6135232923291242
lncRNA_8373,4266,51,4317,114,0.5598288948824517
lncRNA_13810,4317,0,4317,63,0.6034310381538068
lncRNA_23238,4249,65,4314,131,0.5766488131245511
lncRNA_17601,4310,3,4313,89,0.6340416137632496
lncRNA_17600,4310,3,4313,89,0.6340416137632496
lncRNA_2685,4301,11,4312,116,0.6136630127103756
lncRNA_23888,4278,27,4305,104,0.5629106206278905
lncRNA_913,4261,43,4304,70,0.568919239091666
lncRNA_20072,4297,6,4303,79,0.6008763356578516
lncRNA_1556,4302,1,4303,105,0.6005726454200696
lncRNA_1461,4288,13,4301,41,0.5732942443050957
lncRNA_4892,6,4295,4301,71,-0.5673696954770351
lncRNA_18068,4299,1,4300,58,0.5735027470656698
lncRNA_11587,4290,6,4296,107,0.5890354441517679
lncRNA_3167,4295,1,4296,66,0.5710981671584632
lncRNA_23235,4294,1,4295,117,0.5772410614732455
lncRNA_16943,4243,50,4293,54,0.5842640485152549
lncRNA_3023,4273,18,4291,51,0.5926104994733845
lncRNA_20276,4290,0,4290,82,0.5885406787354955
lncRNA_7565,4239,50,4289,118,0.5629064315057839
lncRNA_13321,4280,9,4289,80,0.5593777376647342
lncRNA_8095,4286,2,4288,62,0.5947404928637812
lncRNA_232,4148,139,4287,145,0.5430472937884663
lncRNA_8338,4128,159,4287,105,0.5658956465302587
lncRNA_4909,4265,20,4285,43,0.58836568118371
lncRNA_19155,4276,7,4283,59,0.6043720926726764
lncRNA_19154,4276,7,4283,59,0.6043720926726764
lncRNA_1462,4270,13,4283,41,0.5732398374022449
lncRNA_20427,4280,2,4282,83,0.584554432300214
lncRNA_11891,4277,4,4281,126,0.6067480111184674
lncRNA_20315,4267,13,4280,88,0.5926804512564439
lncRNA_9784,4271,8,4279,50,0.5937846484870328
lncRNA_13538,4256,22,4278,102,0.6163608761757502
lncRNA_6718,4270,8,4278,71,0.6215992554133849
lncRNA_8341,4114,161,4275,104,0.5652009498325932
lncRNA_8340,4112,161,4273,104,0.5650827290865457
lncRNA_9165,4271,1,4272,59,0.5768651554554783
lncRNA_10334,4267,5,4272,53,0.584529567817525
lncRNA_10288,4268,1,4269,140,0.568148879789503
lncRNA_7334,4251,18,4269,104,0.5890187793780336
lncRNA_12000,4240,29,4269,122,0.5888243189915061
lncRNA_16452,4228,38,4266,127,0.5691264830838595
lncRNA_2745,4261,3,4264,57,0.5704615219073782
lncRNA_9509,4258,6,4264,81,0.5798506942170065
lncRNA_22279,4264,0,4264,70,0.5848660323849557
lncRNA_16276,4250,10,4260,119,0.5750931938131552
lncRNA_14646,4252,7,4259,39,0.5879714674206211
lncRNA_15671,4218,40,4258,74,0.5689610609670769
lncRNA_21244,4250,8,4258,112,0.6058809875917415
lncRNA_9624,4240,17,4257,77,0.6048972175603651
lncRNA_6754,4223,31,4254,87,0.5832358380395909
lncRNA_11220,4236,18,4254,75,0.5919974074816701
lncRNA_3478,4142,109,4251,58,0.5703688334098566
lncRNA_12877,4247,2,4249,81,0.5864906855975162
lncRNA_15944,4243,6,4249,90,0.596600724157437
lncRNA_2721,4244,4,4248,74,0.5764045509383642
lncRNA_20684,4207,40,4247,87,0.5874270965313325
lncRNA_4290,4237,8,4245,85,0.6116108536313057
lncRNA_10771,4238,6,4244,64,0.5813803175706401
lncRNA_6859,4218,26,4244,68,0.5597224427168106
lncRNA_3919,4236,7,4243,111,0.5796742353070145
lncRNA_21527,4234,9,4243,66,0.6078633634790506
lncRNA_7566,4192,50,4242,117,0.5626945918648112
lncRNA_1061,4241,1,4242,112,0.5953716138787939
lncRNA_13700,4234,6,4240,87,0.5907621661504107
lncRNA_22772,4236,2,4238,97,0.5818639098312038
lncRNA_16323,4235,0,4235,80,0.5856036475536983
lncRNA_5227,4209,26,4235,85,0.592988147506405
lncRNA_9802,4227,8,4235,59,0.5810139438002517
lncRNA_23302,4225,9,4234,68,0.5829489923329939
lncRNA_8962,4226,7,4233,77,0.6027161332354982
lncRNA_13190,4199,31,4230,98,0.5832237282617209
lncRNA_24157,4141,88,4229,170,0.5599636804607467
lncRNA_23746,4228,1,4229,85,0.6075139578667504
lncRNA_10938,4222,6,4228,120,0.5627505175794387
lncRNA_10804,4209,18,4227,136,0.5711900578043088
lncRNA_14752,4161,65,4226,51,0.560098028176439
lncRNA_5298,4218,2,4220,77,0.6071463383240702
lncRNA_16496,4186,33,4219,47,0.5763553376018332
lncRNA_9400,4209,10,4219,75,0.61062324445999
lncRNA_5101,4156,60,4216,130,0.5645137325614493
lncRNA_5299,4212,2,4214,77,0.6070816056896673
lncRNA_5538,4189,18,4207,82,0.6014766160372093
lncRNA_17299,4180,27,4207,135,0.5710525746811348
lncRNA_5539,4189,18,4207,82,0.6014766160372093
lncRNA_11854,4143,63,4206,61,0.5610399854018041
lncRNA_23743,4204,1,4205,84,0.6073673516198121
lncRNA_9976,4199,5,4204,83,0.5749880433684948
lncRNA_9254,4191,9,4200,78,0.5860664885417085
lncRNA_14508,4199,0,4199,45,0.5815342209136558
lncRNA_917,4173,25,4198,75,0.5949526205837095
lncRNA_14124,4186,12,4198,100,0.5664843911020975
lncRNA_19217,4187,8,4195,111,0.588043834627094
lncRNA_10354,4182,12,4194,160,0.5762348785366755
lncRNA_7376,4186,6,4192,116,0.5847928015772287
lncRNA_7984,4176,16,4192,83,0.565933125862127
lncRNA_22755,4168,23,4191,55,0.5795724196667861
lncRNA_17082,4133,57,4190,77,0.5541627878076562
lncRNA_9975,4185,5,4190,84,0.5749231548255104
lncRNA_9978,4184,5,4189,83,0.5749969258293582
lncRNA_4231,4182,6,4188,87,0.622983096314738
lncRNA_4232,4182,6,4188,87,0.622983096314738
lncRNA_7378,4181,6,4187,116,0.5843429650449362
lncRNA_3109,4182,5,4187,131,0.5701343533165526
lncRNA_17246,4142,41,4183,154,0.5629190263616685
lncRNA_17245,4142,41,4183,154,0.5629190263616685
lncRNA_15372,4144,38,4182,101,0.5811616429470128
lncRNA_9845,4170,11,4181,127,0.5684284673523478
lncRNA_8180,4160,21,4181,68,0.5727430254779209
lncRNA_1371,4167,13,4180,78,0.6110508921828546
lncRNA_9960,4176,3,4179,93,0.5687858215876334
lncRNA_24078,4140,39,4179,149,0.5625623441319613
lncRNA_21584,4169,10,4179,114,0.5679404859026008
lncRNA_1494,4105,73,4178,75,0.5518153967938064
lncRNA_15987,4172,6,4178,59,0.5820323163081014
lncRNA_281,4168,5,4173,92,0.5735842063640461
lncRNA_9395,4139,33,4172,50,0.5693005276273005
lncRNA_8427,4159,13,4172,72,0.5750766343875764
lncRNA_22663,4160,11,4171,92,0.5692858968315399
lncRNA_1574,4166,2,4168,105,0.5798561526646009
lncRNA_4004,4146,21,4167,101,0.5667206980760945
lncRNA_11410,4166,1,4167,86,0.5852660525858611
lncRNA_17602,4162,3,4165,88,0.6331765359101651
lncRNA_3790,4155,10,4165,75,0.5827514960105691
lncRNA_17342,4120,43,4163,35,0.5832095260857556
lncRNA_17344,4120,43,4163,35,0.5832095260857556
lncRNA_2412,3970,192,4162,157,0.5521530351279565
lncRNA_2496,4161,1,4162,63,0.576258732786096
lncRNA_5544,4142,18,4160,82,0.6022804902129829
lncRNA_2888,3991,169,4160,126,0.5717430595810414
lncRNA_2889,3991,169,4160,126,0.5717430595810414
lncRNA_6544,4151,9,4160,119,0.6153712858955507
lncRNA_5115,4148,11,4159,67,0.5753722485347849
lncRNA_5107,4149,7,4156,102,0.6036864453961569
lncRNA_234,4023,129,4152,146,0.5484821722524736
lncRNA_9972,4145,5,4150,83,0.5745565323346145
lncRNA_9971,4145,5,4150,83,0.5745565323346145
lncRNA_8010,4142,8,4150,78,0.5953164133498449
lncRNA_9969,4145,5,4150,83,0.5746118150695315
lncRNA_14635,4144,5,4149,57,0.5936623615373052
lncRNA_20304,4114,34,4148,51,0.5714911643818122
lncRNA_5658,4142,6,4148,83,0.5759993436821893
lncRNA_15078,4140,6,4146,85,0.5821741003267696
lncRNA_18786,4113,33,4146,52,0.5658762839987609
lncRNA_15021,4134,12,4146,87,0.5648148243563673
lncRNA_9974,4140,5,4145,83,0.5744439929443094
lncRNA_9973,4140,5,4145,83,0.5744439929443094
lncRNA_8147,4142,1,4143,59,0.5838269613939835
lncRNA_20056,4139,3,4142,97,0.5667219420363268
lncRNA_15765,4127,15,4142,71,0.6041759809169956
lncRNA_8053,4139,3,4142,77,0.5906005064987878
lncRNA_7808,4123,18,4141,73,0.5771108436838918
lncRNA_7540,4129,9,4138,88,0.5750144627329833
lncRNA_14335,4124,14,4138,69,0.5829255866222762
lncRNA_7811,4117,18,4135,72,0.5771680082282814
lncRNA_22338,4135,0,4135,63,0.5847226654083736
lncRNA_3737,4121,13,4134,127,0.57902127767765
lncRNA_21247,4127,7,4134,102,0.5999784722159127
lncRNA_23447,4115,17,4132,133,0.5778114582761579
lncRNA_11644,4127,5,4132,61,0.5880052317592364
lncRNA_12949,4037,90,4127,157,0.5484036226627845
lncRNA_23449,4109,17,4126,133,0.5777811937453489
lncRNA_23448,4109,17,4126,133,0.5777811937453489
lncRNA_22169,4117,9,4126,94,0.5789846598327011
lncRNA_1664,4120,4,4124,62,0.5647228149186352
lncRNA_18884,4115,9,4124,74,0.5763070572451895
lncRNA_23446,4106,17,4123,132,0.5775202208709672
lncRNA_11636,4083,39,4122,72,0.5788368744046356
lncRNA_7981,4109,11,4120,57,0.5943865323480731
lncRNA_5490,4067,52,4119,78,0.5673572011863249
lncRNA_18035,4104,11,4115,53,0.5893709606570412
lncRNA_3117,4095,20,4115,49,0.5823521151970021
lncRNA_2683,4102,12,4114,107,0.6198953379419309
lncRNA_9778,4109,2,4111,39,0.5884498296303656
lncRNA_16282,4097,11,4108,162,0.5888077930520738
lncRNA_2692,4098,9,4107,106,0.6202410559097035
lncRNA_6350,4058,47,4105,66,0.5763118519206646
lncRNA_13596,4098,6,4104,68,0.5733111843924303
lncRNA_689,3982,122,4104,88,0.5603607243251536
lncRNA_11725,4045,59,4104,53,0.5512840669795762
lncRNA_6822,4095,8,4103,93,0.5735465287522601
lncRNA_3900,4050,53,4103,62,0.5580233253616041
lncRNA_7539,4094,9,4103,86,0.5743069418349624
lncRNA_11605,4080,22,4102,91,0.580411183248983
lncRNA_11604,4080,22,4102,91,0.580409087932764
lncRNA_11601,4079,22,4101,91,0.5804557215871867
lncRNA_11600,4079,22,4101,91,0.5804557215871867
lncRNA_15994,4090,11,4101,71,0.5757310137034861
lncRNA_11603,4079,22,4101,91,0.5804557215871867
lncRNA_11602,4079,22,4101,91,0.5804557215871867
lncRNA_23864,4094,6,4100,60,0.5746933844763054
lncRNA_23771,4092,7,4099,63,0.5778487322959112
lncRNA_526,4085,14,4099,59,0.5675216183304931
lncRNA_10868,4069,29,4098,70,0.5680638792311727
lncRNA_11372,4083,14,4097,50,0.5903519098742992
lncRNA_20765,4086,10,4096,82,0.5808046216775251
lncRNA_19847,4092,3,4095,61,0.5687476584841921
lncRNA_1493,4025,69,4094,66,0.5507512842368109
lncRNA_19208,4076,16,4092,89,0.6090822777612976
lncRNA_15069,4082,8,4090,89,0.5990275220410975
lncRNA_1151,4061,27,4088,116,0.5596153176435277
lncRNA_4389,4073,15,4088,91,0.6384568426514686
lncRNA_6986,4076,9,4085,64,0.598336344147546
lncRNA_6973,4043,41,4084,76,0.5545236520067102
lncRNA_21084,4063,20,4083,47,0.5740972594659856
lncRNA_1008,4072,10,4082,59,0.5829481329908011
lncRNA_8360,4065,17,4082,86,0.5885988104400678
lncRNA_22489,4075,4,4079,39,0.5861443725471008
lncRNA_3261,4063,14,4077,62,0.5642621328331036
lncRNA_18683,4076,0,4076,85,0.5923949042281436
lncRNA_19178,4063,12,4075,43,0.5868393947594809
lncRNA_15674,4032,41,4073,71,0.5665908145947123
lncRNA_14424,4047,25,4072,61,0.591937992450919
lncRNA_23747,4070,2,4072,77,0.6043468212502499
lncRNA_2068,3990,81,4071,121,0.5938434901498177
lncRNA_18073,4044,27,4071,72,0.5564385343922071
lncRNA_12871,3985,86,4071,168,0.5761198353595426
lncRNA_22299,4024,44,4068,75,0.5802459869646245
lncRNA_14745,4056,10,4066,133,0.5825838174027556
lncRNA_923,4056,7,4063,53,0.568921373311583
lncRNA_10279,4041,21,4062,68,0.5690867936687684
lncRNA_9455,4007,54,4061,75,0.5830049706067882
lncRNA_13654,4037,21,4058,69,0.5664213430621536
lncRNA_4233,3987,69,4056,60,0.5575335406001848
lncRNA_12874,3968,86,4054,168,0.5760935554885842
lncRNA_22007,4031,19,4050,117,0.6046941608722589
lncRNA_14472,4009,39,4048,88,0.5605932841056376
lncRNA_19283,4026,22,4048,74,0.5642621632574547
lncRNA_6880,4027,21,4048,49,0.5905489011363426
lncRNA_11496,4010,37,4047,73,0.5576969794285276
lncRNA_4298,4040,7,4047,88,0.5746743923024736
lncRNA_13087,4039,5,4044,50,0.5779681698456789
lncRNA_1450,4036,5,4041,98,0.5936494194321906
lncRNA_1726,4032,7,4039,87,0.6503190820028213
lncRNA_4293,4017,18,4035,106,0.5619177844736548
lncRNA_21956,4029,5,4034,73,0.5846234957020497
lncRNA_3333,3941,91,4032,166,0.5701302354484558
lncRNA_5928,4012,18,4030,143,0.5793770260428477
lncRNA_20790,4030,0,4030,52,0.5883290743390049
lncRNA_13819,4029,0,4029,56,0.5833167325897682
lncRNA_14153,3999,29,4028,49,0.5670234486653072
lncRNA_1289,4010,18,4028,86,0.602076454031777
lncRNA_20796,4001,25,4026,86,0.5637457663775475
lncRNA_1755,4015,11,4026,49,0.5707808903332585
lncRNA_23745,4025,1,4026,79,0.6045439167526158
lncRNA_3108,3900,125,4025,139,0.573899352201834
lncRNA_5093,4018,7,4025,99,0.5748093111086154
lncRNA_11645,4018,5,4023,59,0.5871173606438497
lncRNA_11497,3980,39,4019,71,0.5573181767775538
lncRNA_18703,4010,6,4016,71,0.5787774229008582
lncRNA_8123,4003,12,4015,51,0.598094611765823
lncRNA_21799,3975,39,4014,48,0.5777416679588645
lncRNA_2909,4012,1,4013,71,0.5837153002639349
lncRNA_1893,4001,12,4013,49,0.5636485586878632
lncRNA_9979,4006,5,4011,80,0.5728581448984539
lncRNA_275,3998,12,4010,85,0.5713532121365845
lncRNA_14337,3957,52,4009,140,0.5646501811853173
lncRNA_18222,3962,46,4008,69,0.5518929205699961
lncRNA_8577,4001,6,4007,88,0.5774188328353366
lncRNA_8388,4005,2,4007,69,0.578238514691579
lncRNA_15924,3983,22,4005,66,0.5951232240021214
lncRNA_607,3998,5,4003,94,0.590562630441946
lncRNA_20730,3937,66,4003,90,0.5593054066391825
lncRNA_13872,4001,1,4002,61,0.5872782711379843
lncRNA_20648,3995,6,4001,65,0.5758189262494372
lncRNA_15206,3937,62,3999,42,0.5780908745752291
lncRNA_11149,3941,57,3998,138,0.5672312848659559
lncRNA_11150,3941,57,3998,138,0.5672312848659559
lncRNA_23811,3997,0,3997,78,0.6075909380946068
lncRNA_7730,3975,19,3994,128,0.5687494539326912
lncRNA_10111,3962,29,3991,89,0.5586891822342168
lncRNA_12480,3978,12,3990,84,0.5887091647442272
lncRNA_19061,3988,2,3990,62,0.5719336444502057
lncRNA_15444,3978,11,3989,84,0.5777607816651712
lncRNA_14381,3974,9,3983,46,0.5978883757702332
lncRNA_21338,3963,19,3982,70,0.5951725137167135
lncRNA_22770,3981,0,3981,90,0.579297754484465
lncRNA_2483,3974,6,3980,49,0.5847012811569662
lncRNA_23213,3972,8,3980,66,0.5898137743878495
lncRNA_8257,3972,6,3978,50,0.5960630585431346
lncRNA_5516,3957,20,3977,73,0.57472498584535
lncRNA_8356,3959,17,3976,39,0.5751043250398497
lncRNA_4845,3969,7,3976,107,0.5916333092337892
lncRNA_3741,3972,4,3976,49,0.5916521259753009
lncRNA_4844,3969,7,3976,107,0.5916333092337892
lncRNA_16797,3965,9,3974,97,0.6004578874850287
lncRNA_9898,3816,158,3974,163,0.5691838873287246
lncRNA_9897,3816,158,3974,163,0.5691838873287246
lncRNA_12878,3973,0,3973,77,0.5864352396848471
lncRNA_1575,3971,1,3972,99,0.5777157285460971
lncRNA_8548,3959,8,3967,47,0.579592202856071
lncRNA_3841,3848,118,3966,54,0.5507499772835257
lncRNA_15923,3941,25,3966,68,0.5945289430731939
lncRNA_12247,3934,31,3965,158,0.563049832790116
lncRNA_17461,3962,3,3965,56,0.5589773794169451
lncRNA_8429,3951,14,3965,84,0.6291450009643456
lncRNA_23460,3848,114,3962,158,0.555422883314201
lncRNA_13921,3960,1,3961,115,0.6188205468790485
lncRNA_19253,3950,10,3960,55,0.5747261944224165
lncRNA_17570,3812,148,3960,138,0.556193283211248
lncRNA_742,3948,10,3958,142,0.5626484328675414
lncRNA_8877,3943,13,3956,59,0.5761644835803073
lncRNA_16234,3946,9,3955,100,0.5857381388429816
lncRNA_4189,3949,5,3954,54,0.5753909599736566
lncRNA_194,3953,1,3954,63,0.5634073431381761
lncRNA_704,3943,10,3953,73,0.5953317433497763
lncRNA_22435,3933,20,3953,127,0.5785813109759245
lncRNA_18410,3943,9,3952,52,0.5722250669411252
lncRNA_4828,3944,8,3952,99,0.5964868552433897
lncRNA_11213,3945,5,3950,37,0.575766806232247
lncRNA_3859,3897,52,3949,47,0.5717438116452043
lncRNA_3742,3945,3,3948,49,0.5905844990275926
lncRNA_13922,3946,1,3947,114,0.618887068033559
lncRNA_9571,3942,5,3947,39,0.5774231942886929
lncRNA_17164,3925,22,3947,69,0.5680903470733242
lncRNA_22586,3940,6,3946,93,0.5942925040431947
lncRNA_19160,3900,45,3945,140,0.5680186686717315
lncRNA_19583,3845,97,3942,68,0.5485944240593883
lncRNA_17727,3938,2,3940,60,0.5820904304002189
lncRNA_2090,3856,82,3938,78,0.5512905603579131
lncRNA_14341,3926,9,3935,52,0.561776212714392
lncRNA_18602,3933,2,3935,62,0.5835850778918963
lncRNA_9980,3928,5,3933,76,0.5715302073729319
lncRNA_1250,3925,7,3932,114,0.5797941526612554
lncRNA_13974,3882,50,3932,42,0.5673506760936498
lncRNA_21654,3903,27,3930,90,0.5636843167079753
lncRNA_21582,3925,5,3930,116,0.5896890014564369
lncRNA_22494,3926,4,3930,46,0.5714325357905491
lncRNA_21721,3835,95,3930,144,0.5689317004176577
lncRNA_3151,3929,0,3929,73,0.5789908993563889
lncRNA_5655,3921,6,3927,83,0.57541059228367
lncRNA_5657,3921,6,3927,83,0.57541059228367
lncRNA_10752,3923,0,3923,62,0.5793888026385662
lncRNA_16928,3912,11,3923,66,0.561835974427101
lncRNA_13472,3897,25,3922,48,0.5780630652539587
lncRNA_21993,3886,33,3919,71,0.5552432030212655
lncRNA_15672,3872,42,3914,66,0.5648022891110329
lncRNA_372,3868,46,3914,69,0.5650400254807437
lncRNA_21287,3821,91,3912,53,0.5743860574574837
lncRNA_15025,3884,26,3910,52,0.5836854435198816
lncRNA_4082,3818,90,3908,112,0.5800232545496532
lncRNA_14781,3897,9,3906,74,0.6457331086377803
lncRNA_23192,3897,6,3903,96,0.5772900352873024
lncRNA_14021,3894,9,3903,89,0.593175922659045
lncRNA_17301,3882,21,3903,119,0.5693805088551106
lncRNA_19015,3828,72,3900,101,0.5800957471376282
lncRNA_6610,3896,4,3900,69,0.5712200714245603
lncRNA_1297,3885,12,3897,52,0.5892362126719272
lncRNA_5896,3884,12,3896,64,0.5838493774772605
lncRNA_7994,3876,19,3895,67,0.5589210990427003
lncRNA_19218,3886,8,3894,104,0.5857631822160522
lncRNA_12994,3893,1,3894,87,0.6182189028268333
lncRNA_7007,3892,0,3892,76,0.5815787982196261
lncRNA_18810,3886,5,3891,58,0.5735708919599888
lncRNA_16744,3888,2,3890,57,0.5924978255536153
lncRNA_4312,3889,0,3889,94,0.5863477478826236
lncRNA_9345,3876,11,3887,76,0.5630660071937906
lncRNA_23172,3882,3,3885,77,0.6118378572175905
lncRNA_1280,3867,18,3885,44,0.5643792934769609
lncRNA_5086,3877,8,3885,59,0.5884436278642348
lncRNA_1278,3867,18,3885,44,0.5643792934769609
lncRNA_3244,3882,2,3884,56,0.5855180833152926
lncRNA_14152,3867,15,3882,47,0.5862778210210843
lncRNA_14151,3867,15,3882,47,0.5862778210210843
lncRNA_19219,3873,9,3882,101,0.5849613496849555
lncRNA_23552,3880,0,3880,81,0.5677984225853919
lncRNA_21600,3863,14,3877,86,0.57473707766785
lncRNA_24166,3875,2,3877,86,0.6069356200845645
lncRNA_20369,3818,56,3874,47,0.56166931456129
lncRNA_8728,3865,9,3874,87,0.5783588888892643
lncRNA_6541,3644,228,3872,174,0.5280872324037914
lncRNA_3392,3850,20,3870,67,0.611844108887926
lncRNA_8369,3749,118,3867,72,0.5585316885819357
lncRNA_9111,3855,12,3867,54,0.5863654189509914
lncRNA_11262,3858,7,3865,73,0.5607247224312105
lncRNA_20428,3861,3,3864,74,0.577415336223024
lncRNA_20445,3850,10,3860,45,0.5935339792944377
lncRNA_13054,3801,58,3859,101,0.5457868074919389
lncRNA_2247,3811,47,3858,70,0.5654000900738959
lncRNA_15675,3813,43,3856,66,0.5641522937089942
lncRNA_15226,3776,80,3856,36,0.5586443709909906
lncRNA_12995,3855,1,3856,87,0.6187670826955713
lncRNA_22170,3847,6,3853,87,0.5783610089139146
lncRNA_14194,3839,13,3852,164,0.5621201601258894
lncRNA_12996,3850,1,3851,87,0.6188548471710325
lncRNA_8039,3846,3,3849,81,0.5747942372367146
lncRNA_23190,3841,6,3847,96,0.5743454558316836
lncRNA_23191,3841,6,3847,96,0.5743454558316836
lncRNA_23189,3841,6,3847,96,0.5743454558316836
lncRNA_23040,3835,11,3846,40,0.5763838367925151
lncRNA_225,3808,37,3845,55,0.5641562662467693
lncRNA_18541,3830,15,3845,68,0.6197535568982752
lncRNA_227,3808,37,3845,55,0.5641562662467693
lncRNA_226,3808,37,3845,55,0.5641562662467693
lncRNA_7700,3821,21,3842,65,0.5882576094802877
lncRNA_12495,3832,7,3839,81,0.577687887259513
lncRNA_20577,3822,15,3837,69,0.5709916577145568
lncRNA_13573,3800,35,3835,71,0.5576101524288574
lncRNA_19477,3820,14,3834,98,0.6264291767332368
lncRNA_10911,3828,3,3831,54,0.5713496419009865
lncRNA_16745,3828,2,3830,56,0.5909767722085573
lncRNA_2491,3823,6,3829,96,0.5905780089498236
lncRNA_819,3794,33,3827,133,0.5722129084732902
lncRNA_17475,3826,0,3826,61,0.5741789824588077
lncRNA_7254,3760,66,3826,88,0.5742761134853639
lncRNA_249,3791,26,3817,73,0.6005545643115656
lncRNA_9299,3814,3,3817,105,0.5718652015257465
lncRNA_11546,3809,7,3816,62,0.5761820255659714
lncRNA_16312,3787,25,3812,61,0.5864828636202511
lncRNA_7331,3808,3,3811,54,0.5664744340419385
lncRNA_17343,3808,3,3811,49,0.5981630875764217
lncRNA_14338,3750,60,3810,138,0.5597963694029412
lncRNA_18308,3736,71,3807,112,0.5591433134227716
lncRNA_16309,3730,76,3806,44,0.5466986726427373
lncRNA_13984,3666,140,3806,126,0.5574857410000452
lncRNA_4060,3798,6,3804,68,0.5773626703394813
lncRNA_13874,3795,7,3802,93,0.5864754864268296
lncRNA_19115,3753,48,3801,77,0.5644971186154443
lncRNA_12276,3761,40,3801,55,0.56767597914515
lncRNA_5852,3789,10,3799,88,0.6293311269163682
lncRNA_23193,3793,6,3799,98,0.5749096560166027
lncRNA_2625,3780,17,3797,56,0.5714335872600702
lncRNA_2626,3780,17,3797,56,0.5714335872600702
lncRNA_17984,3791,3,3794,110,0.5689382483992833
lncRNA_16588,3789,5,3794,69,0.580139368682068
lncRNA_1146,3789,3,3792,46,0.5713859012446172
lncRNA_1217,3786,5,3791,78,0.5766376020997691
lncRNA_535,3779,10,3789,59,0.5786562663787934
lncRNA_1013,3638,151,3789,103,0.5531116175181778
lncRNA_20783,3725,63,3788,63,0.5688866568970853
lncRNA_1065,3711,76,3787,150,0.5514547667531344
lncRNA_9367,3772,15,3787,71,0.5617987979036958
lncRNA_915,3737,49,3786,76,0.5900202055242043
lncRNA_3001,3760,24,3784,49,0.5658113018233961
lncRNA_4230,3773,7,3780,82,0.5998675521854588
lncRNA_8725,3770,7,3777,84,0.5789741465711882
lncRNA_5158,3708,68,3776,81,0.5994385003373347
lncRNA_7404,3750,26,3776,68,0.5786425427976243
lncRNA_21719,3655,121,3776,144,0.5688307810302101
lncRNA_19005,3773,3,3776,77,0.6195746973547888
lncRNA_7405,3748,26,3774,68,0.5784870646432325
lncRNA_5088,3766,6,3772,97,0.5707678607961493
lncRNA_23323,3765,5,3770,50,0.5686186026258878
lncRNA_336,3740,26,3766,53,0.5790696908515994
lncRNA_2878,3719,46,3765,91,0.5634407969038292
lncRNA_22817,3765,0,3765,85,0.5966028541827304
lncRNA_15739,3754,9,3763,113,0.5694584970996556
lncRNA_16313,3736,24,3760,60,0.5860590129391822
lncRNA_8720,3753,5,3758,80,0.573321412333937
lncRNA_16097,3747,9,3756,76,0.5945146053935387
lncRNA_1187,3747,9,3756,82,0.6144558429514384
lncRNA_19506,3749,6,3755,81,0.6124438367278944
lncRNA_19505,3748,6,3754,81,0.6127786106036666
lncRNA_18480,3749,4,3753,46,0.5840656016169141
lncRNA_19957,3674,78,3752,73,0.5523206996980041
lncRNA_16756,3714,38,3752,76,0.5626549934409603
lncRNA_5028,3679,70,3749,44,0.5467684192546067
lncRNA_5104,3674,75,3749,112,0.5912058400799681
lncRNA_10822,3735,11,3746,46,0.5814623741900518
lncRNA_1218,3740,5,3745,77,0.5763679670562267
lncRNA_15220,3735,6,3741,34,0.5878793785664715
lncRNA_17715,3733,7,3740,77,0.5799175817154585
lncRNA_12714,3722,15,3737,68,0.5840004632863781
lncRNA_5522,3727,9,3736,73,0.5509912990283333
lncRNA_465,3690,44,3734,76,0.5590786490346427
lncRNA_14193,3716,18,3734,166,0.5605300945763483
lncRNA_3969,3729,4,3733,33,0.5772435246214405
lncRNA_3968,3729,4,3733,33,0.5772435246214405
lncRNA_2492,3727,6,3733,94,0.5901475670218015
lncRNA_13225,3728,4,3732,56,0.5792473382709991
lncRNA_22396,3731,1,3732,49,0.5849326563015755
lncRNA_7397,3728,2,3730,57,0.5688133691758995
lncRNA_7398,3728,2,3730,57,0.5688133691758995
lncRNA_7399,3728,2,3730,57,0.5688133691758995
lncRNA_7393,3728,2,3730,57,0.5688133691758995
lncRNA_7395,3728,2,3730,57,0.5688133691758995
lncRNA_15161,3721,8,3729,47,0.5810791218058079
lncRNA_14403,3726,2,3728,66,0.5626108664461738
lncRNA_10411,3722,4,3726,78,0.5801469547895138
lncRNA_17192,3625,101,3726,127,0.5645134504447589
lncRNA_12880,3725,0,3725,69,0.5840056390590987
lncRNA_23632,3717,4,3721,75,0.5910211755314856
lncRNA_24156,3607,114,3721,164,0.5497719672575768
lncRNA_9403,3709,12,3721,96,0.5673694602863698
lncRNA_2001,3692,29,3721,107,0.5917521978293291
lncRNA_4440,3689,30,3719,75,0.5932523765208105
lncRNA_24158,3604,115,3719,164,0.5494017201040288
lncRNA_22468,3718,0,3718,70,0.5847581778041683
lncRNA_9819,3704,13,3717,64,0.5788934857022853
lncRNA_16649,3707,9,3716,69,0.5814083473706502
lncRNA_5155,3650,65,3715,77,0.598606877094354
lncRNA_22012,3633,82,3715,166,0.5598567572558792
lncRNA_2049,3705,9,3714,64,0.5743916754240129
lncRNA_12312,3444,269,3713,76,0.5213795473419486
lncRNA_2087,3710,0,3710,78,0.6093251860432963
lncRNA_17716,3702,8,3710,32,0.5942980548659347
lncRNA_5156,3643,66,3709,78,0.5989506263180576
lncRNA_17522,3697,10,3707,82,0.5780732868402682
lncRNA_19507,3700,6,3706,77,0.6102654620232492
lncRNA_3738,3700,4,3704,133,0.5705729262199899
lncRNA_24019,3659,39,3698,63,0.5700196174900577
lncRNA_12991,3696,1,3697,90,0.6155474785481718
lncRNA_279,3554,143,3697,105,0.5603119643063675
lncRNA_3481,3672,25,3697,60,0.620395495257778
lncRNA_19494,3688,8,3696,77,0.6155087895384962
lncRNA_2002,3665,31,3696,107,0.5914389027039602
lncRNA_19491,3688,8,3696,77,0.6155087895384962
lncRNA_19490,3688,8,3696,77,0.6155087895384962
lncRNA_18568,3696,0,3696,52,0.5772428875844364
lncRNA_19499,3688,8,3696,77,0.6155087895384962
lncRNA_14192,3683,11,3694,151,0.5641171475537342
lncRNA_15227,3612,78,3690,36,0.5561792802295619
lncRNA_22011,3593,97,3690,162,0.5565935712525497
lncRNA_22010,3593,97,3690,162,0.5565935712525497
lncRNA_22008,3670,19,3689,101,0.6065042722887626
lncRNA_4670,3667,17,3684,66,0.5824582625226046
lncRNA_5264,3680,4,3684,97,0.5954293520248743
lncRNA_549,3470,212,3682,152,0.5407411716956968
lncRNA_17980,3498,184,3682,163,0.5321268485407378
lncRNA_4899,3675,6,3681,59,0.5741959222517924
lncRNA_8542,3665,16,3681,99,0.5936112645991731
lncRNA_8657,3665,16,3681,66,0.5674591602013482
lncRNA_7904,3678,1,3679,53,0.570570707931665
lncRNA_3740,3675,4,3679,45,0.5872855149034201
lncRNA_15562,3647,32,3679,50,0.5721765795591741
lncRNA_17617,3675,2,3677,34,0.5718587439372863
lncRNA_6662,3665,5,3670,44,0.569677970728717
lncRNA_23007,3655,14,3669,70,0.5575042125430051
lncRNA_15922,3663,5,3668,81,0.5988501505223026
lncRNA_5003,3601,66,3667,76,0.5806233203186726
lncRNA_7251,3607,60,3667,83,0.5714974731552114
lncRNA_17577,3494,172,3666,111,0.5491382094707491
lncRNA_4843,3658,6,3664,92,0.5884875574459757
lncRNA_7392,3660,3,3663,58,0.5683126447615581
lncRNA_19805,3658,4,3662,67,0.5638126007002545
lncRNA_16103,3635,25,3660,62,0.5619361907442157
lncRNA_12313,3389,270,3659,72,0.5187161944299552
lncRNA_16322,3658,0,3658,80,0.5828430649731408
lncRNA_4069,3621,31,3652,40,0.5575340235116043
lncRNA_17694,3642,10,3652,97,0.6082060414775068
lncRNA_1252,3644,7,3651,82,0.5895649685260719
lncRNA_20945,3643,3,3646,39,0.5697170672367681
lncRNA_916,3593,51,3644,69,0.5850098683209316
lncRNA_15171,3570,74,3644,89,0.5747430844549049
lncRNA_9741,3639,3,3642,53,0.5892111494034648
lncRNA_15304,3625,14,3639,90,0.5996320438037835
lncRNA_8043,3630,7,3637,65,0.5976213918337531
lncRNA_6352,3587,49,3636,70,0.5725260861122987
lncRNA_14783,3624,11,3635,71,0.6459035398428146
lncRNA_23563,3625,10,3635,84,0.600192039254629
lncRNA_11871,3626,8,3634,68,0.598851959544042
lncRNA_20291,3602,32,3634,46,0.5549022720454556
lncRNA_11037,3558,72,3630,42,0.5563626001693087
lncRNA_12140,3561,68,3629,96,0.5434720660229097
lncRNA_13697,3626,2,3628,94,0.6059202743527049
lncRNA_6327,3622,5,3627,86,0.6086341932648366
lncRNA_9789,3609,15,3624,72,0.5983866742267964
lncRNA_14376,3616,8,3624,37,0.5749738107954349
lncRNA_9336,3479,144,3623,174,0.5341694693597671
lncRNA_17193,3524,99,3623,128,0.565379184193033
lncRNA_23978,3582,40,3622,136,0.5799226435086411
lncRNA_18943,3615,1,3616,73,0.5750806627208602
lncRNA_5848,3607,8,3615,83,0.6088174978510968
lncRNA_17711,3607,8,3615,33,0.592521562485465
lncRNA_18442,3590,22,3612,32,0.5816184155001467
lncRNA_16695,3597,14,3611,119,0.5637120063020845
lncRNA_16055,3578,33,3611,82,0.5573497066655461
lncRNA_20135,3591,19,3610,70,0.5934238279200246
lncRNA_15165,3547,62,3609,87,0.5760542839966081
lncRNA_17717,3602,6,3608,37,0.5723667107730792
lncRNA_15464,3552,52,3604,94,0.5717998014815191
lncRNA_3690,3553,50,3603,146,0.5707270650426907
lncRNA_1196,3576,27,3603,119,0.566419147010669
lncRNA_8404,3579,23,3602,92,0.5818158372423592
lncRNA_2380,3594,7,3601,103,0.6065782184986582
lncRNA_21853,3561,38,3599,91,0.5886242387594006
lncRNA_8396,3591,7,3598,86,0.5829611504609226
lncRNA_8397,3591,7,3598,86,0.5829611504609226
lncRNA_5027,3524,73,3597,44,0.5443225951712286
lncRNA_20798,3583,13,3596,71,0.5643527442384613
lncRNA_7256,3530,64,3594,74,0.5688702740865219
lncRNA_4386,3589,5,3594,81,0.6265421339958613
lncRNA_20269,3578,16,3594,83,0.5989529428029418
lncRNA_6351,3544,48,3592,64,0.5715032229388436
lncRNA_23725,3579,11,3590,83,0.5799808143219358
lncRNA_7187,3572,18,3590,48,0.5569404396933452
lncRNA_5405,3584,5,3589,91,0.5515818564072553
lncRNA_14778,3567,22,3589,57,0.5558550555829458
lncRNA_5017,3526,63,3589,106,0.5545663353177551
lncRNA_13261,3542,46,3588,93,0.5688416894616793
lncRNA_11089,3554,33,3587,35,0.5642355528259269
lncRNA_1287,3581,6,3587,47,0.5875638136754391
lncRNA_3583,3574,9,3583,75,0.5740052597424231
lncRNA_3582,3574,9,3583,75,0.5740052597424231
lncRNA_1286,3577,6,3583,47,0.5869907198132706
lncRNA_6515,3545,37,3582,71,0.5564484434712065
lncRNA_3874,3579,2,3581,52,0.5638474829750075
lncRNA_2522,3579,0,3579,50,0.5821921510071428
lncRNA_6321,3569,8,3577,41,0.5731366460211258
lncRNA_16894,3459,117,3576,31,0.5401585871514661
lncRNA_17175,3548,27,3575,51,0.5856076178467994
lncRNA_21542,3566,8,3574,84,0.5606350901476209
lncRNA_4235,3569,5,3574,58,0.5637547363495582
lncRNA_3525,3570,4,3574,43,0.5759196263965003
lncRNA_19091,3569,5,3574,55,0.6136026321263988
lncRNA_5154,3495,79,3574,73,0.5941053766388491
lncRNA_8261,3512,61,3573,162,0.5591454414569121
lncRNA_1354,3565,6,3571,69,0.5664547215069176
lncRNA_20339,3532,39,3571,63,0.5756260017491878
lncRNA_20340,3532,39,3571,63,0.5756260017491878
lncRNA_20341,3532,39,3571,63,0.5756260017491878
lncRNA_21443,3513,57,3570,76,0.6203427176073083
lncRNA_22617,3546,24,3570,62,0.5707149460683371
lncRNA_1671,3537,28,3565,67,0.5710094172816262
lncRNA_3411,3504,60,3564,124,0.5688903447655719
lncRNA_10067,3543,19,3562,93,0.6262818064329057
lncRNA_16066,3562,0,3562,86,0.5722443831817936
lncRNA_8403,3550,11,3561,85,0.5873439863282394
lncRNA_13226,3552,9,3561,83,0.6142801300449426
lncRNA_13293,3546,14,3560,50,0.5585272685493328
lncRNA_10918,3556,4,3560,62,0.5626724616882045
lncRNA_11505,3552,7,3559,85,0.6346940708044551
lncRNA_23496,3539,19,3558,129,0.5640578538457985
lncRNA_24165,3555,1,3556,83,0.6084130661853913
lncRNA_19804,3550,5,3555,60,0.5590378842166798
lncRNA_10852,3539,13,3552,63,0.5893481681952216
lncRNA_17508,3513,39,3552,111,0.5880545441727599
lncRNA_18876,3518,28,3546,97,0.554969195099036
lncRNA_2629,3458,88,3546,78,0.5435607636844351
lncRNA_21566,3543,2,3545,49,0.5780498884140434
lncRNA_15740,3541,4,3545,106,0.5687897668599098
lncRNA_2220,3538,5,3543,59,0.5742349820663425
lncRNA_6429,3537,5,3542,72,0.5637683032564089
lncRNA_1349,3513,28,3541,101,0.566489626941949
lncRNA_23863,3462,78,3540,151,0.5474625855958019
lncRNA_7648,3526,13,3539,99,0.559528861476143
lncRNA_278,3385,150,3535,101,0.5540060716236459
lncRNA_13420,3529,4,3533,46,0.5869460424325382
lncRNA_22816,3462,70,3532,77,0.6069522402010827
lncRNA_8487,3497,34,3531,38,0.5530888187517792
lncRNA_023,3514,17,3531,102,0.5644625125585734
lncRNA_5858,3522,8,3530,92,0.600133776461761
lncRNA_19561,3513,16,3529,75,0.6189609219348641
lncRNA_10331,3518,8,3526,109,0.5804186998052733
lncRNA_22618,3502,23,3525,63,0.5709322822813104
lncRNA_16188,3508,15,3523,80,0.6147136707529107
lncRNA_13595,3520,2,3522,45,0.5712487259499051
lncRNA_18603,3516,5,3521,74,0.57297243324728
lncRNA_8624,3515,6,3521,79,0.592987753254149
lncRNA_9925,3401,119,3520,47,0.550579779658622
lncRNA_7980,3482,36,3518,138,0.5735341147056564
lncRNA_16308,3444,74,3518,41,0.5435913117247386
lncRNA_20426,3507,10,3517,76,0.5725029698818322
lncRNA_221,3512,4,3516,43,0.5589237172584045
lncRNA_23718,3491,25,3516,94,0.5563593458204319
lncRNA_8406,3506,8,3514,88,0.5824792632356055
lncRNA_8405,3506,8,3514,88,0.5824600087784221
lncRNA_21760,3509,3,3512,53,0.5932155836556225
lncRNA_17429,3509,2,3511,108,0.5735181733178604
lncRNA_21474,3490,20,3510,50,0.5816562719141446
lncRNA_11153,3418,90,3508,144,0.5500328631216528
lncRNA_5586,3501,6,3507,54,0.5691208465306689
lncRNA_901,3494,11,3505,92,0.5683097298759248
lncRNA_4788,3499,5,3504,83,0.575176868501747
lncRNA_2374,3499,4,3503,98,0.581947100820507
lncRNA_15948,3491,9,3500,84,0.5792606304967312
lncRNA_18188,3446,54,3500,74,0.5553814629186681
lncRNA_11332,3496,1,3497,79,0.5701356655008358
lncRNA_18729,3489,8,3497,40,0.5720600803194817
lncRNA_14604,3459,36,3495,58,0.5879460614434807
lncRNA_21811,3464,30,3494,62,0.5852598979888126
lncRNA_21814,3464,30,3494,62,0.5852617435430734
lncRNA_20729,3407,83,3490,58,0.5510389911584087
lncRNA_426,3485,5,3490,107,0.5906791829937023
lncRNA_13871,3487,3,3490,89,0.585240623479
lncRNA_13870,3487,3,3490,89,0.585240623479
lncRNA_7032,3460,29,3489,83,0.5746819656438148
lncRNA_14879,3457,31,3488,49,0.5623016980669078
lncRNA_1482,3460,28,3488,61,0.5588787407277503
lncRNA_22580,3456,31,3487,60,0.5719703062777688
lncRNA_20310,3479,5,3484,59,0.5859497241452583
lncRNA_17425,3478,4,3482,62,0.5749720402231384
lncRNA_17423,3476,6,3482,39,0.5707932275664358
lncRNA_2986,3458,23,3481,55,0.5715373645097294
lncRNA_19326,3373,107,3480,142,0.5437662203416737
lncRNA_12848,3464,16,3480,106,0.5646772260740193
lncRNA_5162,3433,46,3479,72,0.5915583907300588
lncRNA_7035,3464,10,3474,59,0.5723051551692322
lncRNA_15068,3472,2,3474,45,0.5758621824575151
lncRNA_8236,3463,11,3474,37,0.5843210747403439
lncRNA_8944,3467,5,3472,113,0.56801876945917
lncRNA_20385,3460,12,3472,79,0.5695765790997728
lncRNA_15916,3454,17,3471,66,0.5997684689675953
lncRNA_16899,3424,46,3470,56,0.5487085406070686
lncRNA_411,3464,5,3469,56,0.576410084408723
lncRNA_6493,3438,29,3467,35,0.5710681136799772
lncRNA_8893,3410,55,3465,73,0.5439959048309781
lncRNA_2372,3433,30,3463,96,0.554108740177047
lncRNA_7343,3450,12,3462,48,0.5800069477058143
lncRNA_14099,3428,33,3461,131,0.5716965965308715
lncRNA_1773,3412,48,3460,81,0.5620441797238123
lncRNA_21357,3434,26,3460,55,0.6031953891468024
lncRNA_21740,3377,82,3459,112,0.5581353035183613
lncRNA_20078,3448,11,3459,56,0.5803366275450559
lncRNA_4065,3430,28,3458,35,0.5678125955632979
lncRNA_13869,3455,3,3458,85,0.584282424691663
lncRNA_6300,3427,31,3458,75,0.5789381101119007
lncRNA_14293,3448,9,3457,78,0.6303397650904926
lncRNA_17383,3441,16,3457,61,0.5606325510024828
lncRNA_17382,3441,16,3457,61,0.5606325510024828
lncRNA_14469,3402,54,3456,101,0.5527281620247416
lncRNA_7342,3444,12,3456,48,0.579697712215088
lncRNA_527,3435,20,3455,52,0.5568885216110584
lncRNA_3193,3346,108,3454,162,0.5404738619608075
lncRNA_19327,3363,91,3454,133,0.5476607555667802
lncRNA_4064,3440,13,3453,40,0.5716526531907828
lncRNA_9739,3446,4,3450,45,0.587541359312768
lncRNA_9736,3446,4,3450,45,0.587541359312768
lncRNA_5258,3434,15,3449,83,0.592971011470942
lncRNA_5259,3434,15,3449,83,0.592971011470942
lncRNA_10512,3440,8,3448,77,0.6010277786538071
lncRNA_4962,3274,172,3446,43,0.5232645492977129
lncRNA_523,3443,2,3445,55,0.5874372492375114
lncRNA_11060,3423,21,3444,82,0.5707232914465691
lncRNA_16618,3231,213,3444,108,0.525488925107837
lncRNA_15401,3409,34,3443,55,0.5834872226008563
lncRNA_17521,3428,15,3443,80,0.5715216658113544
lncRNA_21815,3411,31,3442,62,0.5853081998001634
lncRNA_17428,3439,3,3442,108,0.5729091135316764
lncRNA_6487,3376,64,3440,74,0.5686948096659816
lncRNA_654,3405,35,3440,41,0.5521554020807515
lncRNA_16281,3434,5,3439,101,0.5993506772598872
lncRNA_5116,3427,12,3439,81,0.5605309254591665
lncRNA_21565,3431,2,3433,47,0.5768333157542398
lncRNA_4285,3422,11,3433,42,0.5704378158055613
lncRNA_778,3295,138,3433,144,0.5657223498358904
lncRNA_4608,3418,13,3431,78,0.5804744798661315
lncRNA_21058,3403,27,3430,44,0.5547703911867302
lncRNA_16092,3366,62,3428,126,0.5539705617830658
lncRNA_23246,3410,16,3426,83,0.596940981348938
lncRNA_4292,3410,15,3425,101,0.5583993922746697
lncRNA_3075,3414,10,3424,83,0.6310341423207381
lncRNA_3074,3411,10,3421,83,0.6311122905498677
lncRNA_21166,3404,15,3419,41,0.5708824408927919
lncRNA_4156,3413,6,3419,96,0.5655587618032311
lncRNA_12170,3412,7,3419,65,0.559561649204877
lncRNA_9899,3243,176,3419,151,0.5549642964033399
lncRNA_22615,3255,162,3417,115,0.5449814096444345
lncRNA_11033,3410,7,3417,64,0.6329658990017829
lncRNA_21593,3404,11,3415,90,0.5898030335842046
lncRNA_20111,3413,1,3414,58,0.5742222346950244
lncRNA_8040,3371,43,3414,53,0.6110858306910715
lncRNA_19286,3281,132,3413,115,0.5526015949108148
lncRNA_21167,3393,15,3408,41,0.5706920138887579
lncRNA_6299,3363,44,3407,86,0.5794871742950602
lncRNA_360,3406,1,3407,59,0.57770010121037
lncRNA_18182,3382,25,3407,41,0.5629755846849397
lncRNA_4938,3398,7,3405,82,0.6093590089024429
lncRNA_8902,3390,12,3402,62,0.5607408903735056
lncRNA_12997,3402,0,3402,77,0.6182197974130195
lncRNA_9242,3395,6,3401,62,0.5804828811489705
lncRNA_17130,3388,12,3400,67,0.5570902246815497
lncRNA_15915,3381,17,3398,66,0.5993611412333203
lncRNA_2893,3383,14,3397,69,0.6043220658464202
lncRNA_21059,3368,27,3395,44,0.55445535266046
lncRNA_23770,3383,10,3393,68,0.6337574611029554
lncRNA_20403,3385,7,3392,51,0.5761895303713815
lncRNA_23002,3370,20,3390,76,0.5948670232603944
lncRNA_10164,3371,19,3390,85,0.5626274248816163
lncRNA_12341,3173,216,3389,134,0.5296504222989373
lncRNA_16301,3324,63,3387,125,0.5792516155922816
lncRNA_1296,3377,8,3385,47,0.5824894754555475
lncRNA_11926,3361,19,3380,39,0.56711702312816
lncRNA_18348,3193,186,3379,125,0.5306518038897537
lncRNA_5417,3363,15,3378,75,0.6133250185412015
lncRNA_22966,3344,34,3378,64,0.6082531943161315
lncRNA_5608,3364,14,3378,112,0.5901357199826267
lncRNA_3102,3362,15,3377,67,0.5673868543567049
lncRNA_23773,3338,39,3377,76,0.6268674351091139
lncRNA_22896,3370,6,3376,41,0.5659017257391347
lncRNA_4858,3344,31,3375,92,0.5711798060765777
lncRNA_9831,3294,81,3375,66,0.533973892581017
lncRNA_3197,3281,94,3375,157,0.5420080452783657
lncRNA_847,3367,5,3372,84,0.5589915689518563
lncRNA_23717,3358,13,3371,62,0.5588392098223421
lncRNA_23716,3358,13,3371,62,0.5588392098223421
lncRNA_12701,3315,55,3370,74,0.6046731394686342
lncRNA_10119,3362,8,3370,74,0.56779874562288
lncRNA_6651,3369,0,3369,55,0.58593708769735
lncRNA_056,3357,12,3369,57,0.570917180036054
lncRNA_4891,6,3360,3366,60,-0.5621458831583996
lncRNA_14076,3358,8,3366,61,0.5676799755105628
lncRNA_4889,6,3359,3365,60,-0.5621659531345993
lncRNA_4890,6,3359,3365,60,-0.5621659531345993
lncRNA_12484,3358,7,3365,59,0.58428357363839
lncRNA_8512,3248,112,3360,77,0.5469030105262092
lncRNA_5597,3325,35,3360,73,0.5557272261388156
lncRNA_15228,3280,78,3358,35,0.5517777981476544
lncRNA_20319,3333,22,3355,37,0.5744902188276981
lncRNA_9471,3354,1,3355,92,0.5716177329263767
lncRNA_16266,3346,9,3355,41,0.5678548513916714
lncRNA_080,3256,98,3354,130,0.556874033378019
lncRNA_9738,3347,6,3353,47,0.5865912415583544
lncRNA_9740,3347,6,3353,47,0.5865912415583544
lncRNA_19114,3317,36,3353,119,0.555151047139701
lncRNA_11331,3349,2,3351,78,0.5668729344821922
lncRNA_15111,3344,6,3350,46,0.5633195790748173
lncRNA_18163,3336,14,3350,99,0.6159168149092517
lncRNA_8886,3341,8,3349,30,0.5784451018650839
lncRNA_24169,3344,4,3348,71,0.6026549664643726
lncRNA_20444,3345,1,3346,53,0.5806328866056033
lncRNA_5009,3274,72,3346,74,0.5789110182061731
lncRNA_14877,3320,25,3345,77,0.5680132590497341
lncRNA_6233,3336,8,3344,109,0.5828700710277029
lncRNA_159,3339,5,3344,56,0.5588530223313517
lncRNA_23715,3317,24,3341,96,0.5555025740346994
lncRNA_5004,3257,83,3340,78,0.5787590169299597
lncRNA_15743,3333,6,3339,92,0.5680908968212139
lncRNA_17851,3319,19,3338,68,0.5667758183227893
lncRNA_2000,3316,20,3336,105,0.5886392272300838
lncRNA_16578,3328,4,3332,77,0.5707381594275871
lncRNA_3457,3297,34,3331,68,0.5869938161108088
lncRNA_9714,3321,9,3330,49,0.5693567031780213
lncRNA_13412,3305,22,3327,71,0.5740166845729122
lncRNA_19846,3226,101,3327,51,0.5401127871034748
lncRNA_15676,3270,55,3325,59,0.553944126293384
lncRNA_17757,3307,17,3324,85,0.5617108103699247
lncRNA_3377,3308,15,3323,104,0.5564482396108903
lncRNA_21451,3225,97,3322,62,0.5519199969080766
lncRNA_6284,3309,13,3322,45,0.5630754743007432
lncRNA_5669,3319,0,3319,77,0.5650634213583554
lncRNA_7919,3268,50,3318,47,0.5507394851030827
lncRNA_1293,3304,12,3316,43,0.5785056030739706
lncRNA_17710,3302,11,3313,65,0.5722116235243572
lncRNA_21965,3312,0,3312,49,0.5822913983251724
lncRNA_23666,3273,39,3312,77,0.5665969464943237
lncRNA_10289,3267,44,3311,60,0.551748856101606
lncRNA_3609,3296,15,3311,55,0.5683192885173788
lncRNA_15778,3303,5,3308,68,0.5616867486011611
lncRNA_15914,3307,1,3308,75,0.6090153104380096
lncRNA_5008,3216,90,3306,86,0.5766979943165338
lncRNA_15742,3299,5,3304,91,0.5706141886679459
lncRNA_12144,3232,72,3304,74,0.5413084464407606
lncRNA_12143,3232,72,3304,74,0.5413084464407606
lncRNA_12145,3232,72,3304,74,0.5413084464407606
lncRNA_1702,3235,68,3303,119,0.5517068378409272
lncRNA_3110,3302,1,3303,126,0.5629484565471883
lncRNA_9827,3294,7,3301,119,0.568552693058788
lncRNA_21964,3297,0,3297,49,0.582339158709409
lncRNA_11333,3286,10,3296,74,0.5674038924902148
lncRNA_18046,3268,28,3296,69,0.5703653398729155
lncRNA_13542,3276,19,3295,87,0.6276505294940693
lncRNA_8778,3241,53,3294,40,0.5459097695992626
lncRNA_15779,3288,5,3293,67,0.5602526490973792
lncRNA_12578,3293,0,3293,103,0.5646298820834627
lncRNA_21761,3291,1,3292,50,0.5903605565626519
lncRNA_1769,3235,57,3292,82,0.5576570477910003
lncRNA_7312,3267,25,3292,60,0.5798811285140473
lncRNA_1772,3235,57,3292,82,0.5576570477910003
lncRNA_1771,3235,57,3292,82,0.5576570477910003
lncRNA_24159,3172,119,3291,158,0.5424672215599309
lncRNA_3196,3284,7,3291,45,0.5573827206266577
lncRNA_16125,3253,36,3289,64,0.558478951537846
lncRNA_20998,3285,2,3287,60,0.5597226912434297
lncRNA_17666,3272,13,3285,75,0.5572235791510338
lncRNA_14001,3284,1,3285,101,0.5545836995637369
lncRNA_4086,3140,144,3284,101,0.5492211814748825
lncRNA_3379,3272,12,3284,39,0.5674642701337329
lncRNA_5005,3188,96,3284,74,0.5748364714188497
lncRNA_11330,3283,1,3284,78,0.5643116767022122
lncRNA_5006,3196,87,3283,75,0.5779169594540339
lncRNA_5007,3196,87,3283,75,0.5779169594540339
lncRNA_1618,3268,15,3283,54,0.569478089937815
lncRNA_10212,3274,9,3283,99,0.5660116630986046
lncRNA_8262,3215,67,3282,149,0.555239380684289
lncRNA_11181,3272,10,3282,85,0.5586811583949195
lncRNA_7064,3276,5,3281,68,0.6224316882265974
lncRNA_11948,3275,5,3280,41,0.5577224330500293
lncRNA_10292,3235,43,3278,59,0.5520217508715277
lncRNA_19334,3269,9,3278,45,0.5599690701142682
lncRNA_10291,3234,43,3277,59,0.5520137386320305
lncRNA_14327,3187,90,3277,151,0.5475055259998786
lncRNA_3681,2972,304,3276,54,0.4820890082231493
lncRNA_21752,3234,42,3276,56,0.5451304830702662
lncRNA_16436,3233,42,3275,23,0.571239171697273
lncRNA_12199,3204,71,3275,61,0.5467216999953003
lncRNA_3476,3166,105,3271,35,0.5554166212900782
lncRNA_8489,3241,30,3271,33,0.5512874202618383
lncRNA_4434,3250,20,3270,40,0.5644258195259942
lncRNA_12493,3258,12,3270,88,0.5600033286319182
lncRNA_12487,3258,10,3268,57,0.5856085722755809
lncRNA_9846,3265,2,3267,100,0.5611424938686368
lncRNA_18091,3232,35,3267,105,0.5509592312678303
lncRNA_9862,3253,13,3266,39,0.5901309452386627
lncRNA_3675,3251,15,3266,37,0.573485691053762
lncRNA_4698,3247,18,3265,74,0.563138202327125
lncRNA_18034,3260,3,3263,43,0.5718560361660948
lncRNA_4071,3222,40,3262,56,0.5532223403552163
lncRNA_3644,3232,28,3260,64,0.5581251791115848
lncRNA_3645,3232,28,3260,64,0.5581251791115848
lncRNA_23736,3258,1,3259,66,0.584463815279116
lncRNA_16124,3214,44,3258,58,0.5586984184531554
lncRNA_20561,3236,21,3257,108,0.5898385621094551
lncRNA_18912,3244,12,3256,76,0.6386200457646656
lncRNA_862,3245,10,3255,67,0.5697075113116326
lncRNA_4387,3240,14,3254,75,0.6310559695208766
lncRNA_17031,3225,29,3254,73,0.5598735430751336
lncRNA_11143,3220,30,3250,117,0.5526866701823857
lncRNA_6302,3236,14,3250,31,0.5625586938617979
lncRNA_16194,3229,21,3250,87,0.55786415614819
lncRNA_12402,3236,13,3249,60,0.5848423670873746
lncRNA_15605,3242,6,3248,107,0.5556675893460445
lncRNA_3696,3231,16,3247,153,0.5651247692751845
lncRNA_10213,3236,9,3245,98,0.5659139837854333
lncRNA_4699,3223,19,3242,74,0.5620786663224365
lncRNA_8592,3240,2,3242,129,0.5797190573365375
lncRNA_13411,3219,23,3242,69,0.5725111898739266
lncRNA_11088,3176,66,3242,34,0.5521181719758854
lncRNA_8591,3239,2,3241,129,0.5797230907744537
lncRNA_23705,3226,14,3240,98,0.5646199049789238
lncRNA_8349,3221,16,3237,100,0.6021828290925271
lncRNA_18074,3199,37,3236,61,0.6020724850321079
lncRNA_22482,3211,25,3236,58,0.5783027704162534
lncRNA_8352,3218,17,3235,99,0.6017853466145056
lncRNA_22315,3212,22,3234,80,0.5607489083814078
lncRNA_8593,3226,7,3233,120,0.5752339466194465
lncRNA_2333,3226,7,3233,78,0.6001254402104905
lncRNA_3389,3227,5,3232,80,0.5728341823137788
lncRNA_3728,3220,12,3232,41,0.5593773830791265
lncRNA_3024,3220,9,3229,115,0.5630356228802915
lncRNA_19834,3176,53,3229,77,0.6002760489777348
lncRNA_6923,3215,12,3227,55,0.5622964024595071
lncRNA_22490,3227,0,3227,37,0.5645678878303755
lncRNA_11034,3216,11,3227,61,0.6313388473180204
lncRNA_20703,3188,34,3222,109,0.5620160552781523
lncRNA_18911,3205,12,3217,72,0.6373697480742888
lncRNA_18913,3205,12,3217,72,0.6373697480742888
lncRNA_8299,3208,5,3213,82,0.5925368329205087
lncRNA_1220,3178,34,3212,46,0.5629413210337968
lncRNA_20743,3191,21,3212,70,0.5835298629119714
lncRNA_15780,3206,5,3211,63,0.560358789703559
lncRNA_22372,3180,31,3211,53,0.5598632224148643
lncRNA_4786,3203,6,3209,79,0.573365327205724
lncRNA_11973,3188,21,3209,41,0.5757580792153099
lncRNA_21296,3202,6,3208,91,0.5697808906026889
lncRNA_20615,3168,39,3207,67,0.5940970742710644
lncRNA_14089,3192,13,3205,73,0.57968245377316
lncRNA_21288,3158,47,3205,128,0.556790393822957
lncRNA_23737,3204,1,3205,64,0.5841335435660999
lncRNA_3012,3132,70,3202,105,0.5486006663877788
lncRNA_16127,3147,52,3199,72,0.5571768267304895
lncRNA_11947,3160,39,3199,64,0.6101661446581702
lncRNA_7332,3193,4,3197,43,0.559537240637428
lncRNA_284,3186,9,3195,54,0.5537283627000893
lncRNA_18055,3188,6,3194,93,0.5782322816456792
lncRNA_1745,3185,8,3193,54,0.5684271156346791
lncRNA_6739,3192,0,3192,40,0.5673007924757578
lncRNA_23158,3174,18,3192,60,0.5605214959210754
lncRNA_18333,3186,5,3191,85,0.5555808575427282
lncRNA_13653,3136,55,3191,61,0.5458261516247644
lncRNA_19527,3188,2,3190,73,0.5643570461717358
lncRNA_4388,3174,15,3189,83,0.6119483683127834
lncRNA_22788,3186,3,3189,57,0.5664981312774297
lncRNA_10773,3180,8,3188,84,0.6039624134037054
lncRNA_11118,3186,2,3188,80,0.5735388977005792
lncRNA_20785,3108,79,3187,51,0.5531754850920962
lncRNA_10791,3179,8,3187,71,0.5799981357686584
lncRNA_23868,3181,5,3186,62,0.5691030000798799
lncRNA_20745,3166,19,3185,68,0.583547875005134
lncRNA_20744,3166,19,3185,68,0.583547875005134
lncRNA_24164,3184,1,3185,60,0.5660836154815319
lncRNA_9110,3129,56,3185,72,0.5826674576851856
lncRNA_10756,3120,62,3182,53,0.5443066337519611
lncRNA_10757,3120,62,3182,53,0.5443066337519611
lncRNA_10755,3120,62,3182,53,0.5443066337519611
lncRNA_10759,3120,62,3182,53,0.5443066337519611
lncRNA_7171,3108,73,3181,42,0.550106266878055
lncRNA_7172,3107,73,3180,42,0.5500989988468122
lncRNA_22252,3174,4,3178,63,0.5677861836076682
lncRNA_11452,3149,29,3178,100,0.5529183632761439
lncRNA_14934,3168,9,3177,82,0.5558169399996225
lncRNA_202,3165,10,3175,26,0.5651278178361611
lncRNA_14328,3079,92,3171,146,0.545539715665485
lncRNA_3069,3155,14,3169,72,0.561309588911922
lncRNA_3070,3155,14,3169,72,0.561309588911922
lncRNA_5102,3102,67,3169,52,0.5493401842106866
lncRNA_18078,3073,95,3168,50,0.5389707438557121
lncRNA_5685,3153,10,3163,22,0.5779096233576226
lncRNA_19699,3158,1,3159,41,0.5792394991580898
lncRNA_18835,3147,11,3158,156,0.5597400189440013
lncRNA_5261,3019,138,3157,68,0.5423555535945179
lncRNA_6424,3144,13,3157,70,0.5626233627061086
lncRNA_21816,3127,30,3157,59,0.579398780862891
lncRNA_22639,3156,0,3156,45,0.5609724110940614
lncRNA_6063,3107,49,3156,49,0.5810490024080077
lncRNA_22929,3154,1,3155,33,0.5750423976410207
lncRNA_21534,3141,12,3153,44,0.5638439800423205
lncRNA_15089,3135,16,3151,57,0.5865982361091199
lncRNA_2139,3124,26,3150,69,0.5781062033462107
lncRNA_5863,3143,6,3149,41,0.5704547392558728
lncRNA_18487,3071,76,3147,62,0.5530537711815353
lncRNA_5443,3142,4,3146,44,0.5786798567471924
lncRNA_12586,3132,14,3146,47,0.5537422301767215
lncRNA_13844,3143,3,3146,66,0.6098767846772656
lncRNA_12588,3132,14,3146,47,0.5537422301767215
lncRNA_14676,3140,6,3146,53,0.5611270230655353
lncRNA_12587,3132,14,3146,47,0.5537422301767215
lncRNA_16944,3091,54,3145,48,0.5543630676737561
lncRNA_918,3122,23,3145,29,0.563043762550259
lncRNA_13585,3137,7,3144,34,0.5773494575132434
lncRNA_7340,3142,1,3143,35,0.5654351737842078
lncRNA_14290,3143,0,3143,49,0.5649942969042965
lncRNA_19844,3060,82,3142,50,0.5432241360860246
lncRNA_21966,3142,0,3142,45,0.5811474548570793
lncRNA_871,3080,61,3141,128,0.5613460573666101
lncRNA_1807,3118,23,3141,57,0.5752256810585507
lncRNA_6315,3132,9,3141,68,0.5587567226888771
lncRNA_4036,3129,11,3140,84,0.5563443488317076
lncRNA_5637,3132,8,3140,53,0.5624452656430117
lncRNA_12084,3138,1,3139,93,0.5741487551832891
lncRNA_7344,3124,12,3136,46,0.5755581102945886
lncRNA_17267,3071,65,3136,146,0.5474013941074667
lncRNA_17658,3113,22,3135,53,0.5604548112217584
lncRNA_10326,3114,21,3135,54,0.5629696979537886
lncRNA_17347,3124,8,3132,73,0.5733957256785075
lncRNA_22818,3124,7,3131,83,0.5993570851044998
lncRNA_9282,3127,1,3128,70,0.5764203399422518
lncRNA_1846,3109,18,3127,129,0.5589420273447376
lncRNA_23021,3095,32,3127,25,0.56232741926037
lncRNA_13315,3125,2,3127,50,0.5600652438697362
lncRNA_8787,3115,11,3126,100,0.5984808715317372
lncRNA_5044,2943,183,3126,170,0.5224825015485216
lncRNA_2140,3098,27,3125,68,0.577284558586593
lncRNA_2037,3114,10,3124,61,0.5690555534398729
lncRNA_23960,3121,3,3124,70,0.5585162710714116
lncRNA_5041,2942,180,3122,169,0.5233112641544083
lncRNA_5042,2942,180,3122,169,0.5233112641544083
lncRNA_5043,2942,180,3122,169,0.5233112641544083
lncRNA_9887,3108,13,3121,119,0.5933688541326754
lncRNA_12722,3115,6,3121,50,0.5741567243550252
lncRNA_16603,3107,12,3119,22,0.5858230965668818
lncRNA_7065,3068,50,3118,77,0.5910725276071335
lncRNA_7170,3048,70,3118,39,0.5493798740084231
lncRNA_13555,3109,8,3117,82,0.5542017022620912
lncRNA_7646,3102,15,3117,44,0.5706429683299689
lncRNA_10255,3031,85,3116,66,0.6120120364367804
lncRNA_17297,3110,5,3115,56,0.5974605968651544
lncRNA_7169,3041,73,3114,41,0.548685123418389
lncRNA_280,2828,286,3114,86,0.4902786401191218
lncRNA_12613,3084,29,3113,78,0.5768346716928344
lncRNA_8263,3061,51,3112,147,0.5557436870065412
lncRNA_2874,3089,22,3111,94,0.5569912944944955
lncRNA_13667,3096,11,3107,43,0.5781087214775408
lncRNA_9218,3033,74,3107,18,0.5454130854299633
lncRNA_2271,3079,28,3107,38,0.5628567591556805
lncRNA_22964,3095,12,3107,87,0.5785036782084209
lncRNA_17295,3028,77,3105,101,0.5525198007294864
lncRNA_13738,3090,15,3105,36,0.5586041765951717
lncRNA_12945,3086,17,3103,86,0.5779603583756725
lncRNA_23242,3056,45,3101,147,0.5515851772185633
lncRNA_10524,3100,1,3101,39,0.5734416885042901
lncRNA_8805,3044,56,3100,98,0.5507061422403254
lncRNA_21346,3078,20,3098,48,0.5615689897584463
lncRNA_22577,3080,18,3098,78,0.5550444448082262
lncRNA_3372,3083,14,3097,44,0.5554480968468872
lncRNA_1634,3036,60,3096,53,0.5413368353213652
lncRNA_050,2999,97,3096,34,0.5289627811609579
lncRNA_052,2999,97,3096,34,0.5289627811609579
lncRNA_053,2999,97,3096,34,0.5289627811609579
lncRNA_054,2999,97,3096,34,0.5289627811609579
lncRNA_8901,3079,16,3095,56,0.5522949247091042
lncRNA_17468,3091,2,3093,72,0.573735205259137
lncRNA_1036,3072,20,3092,29,0.5722913257273324
lncRNA_16680,3087,5,3092,75,0.5616046650379085
lncRNA_18613,3075,17,3092,52,0.5587819588505577
lncRNA_21185,3087,3,3090,98,0.5689617390119153
lncRNA_6577,3023,67,3090,70,0.5554924608126653
lncRNA_6582,3021,69,3090,69,0.5536541756199463
lncRNA_22820,3085,5,3090,79,0.599898438711403
lncRNA_6583,3023,67,3090,70,0.555487607966911
lncRNA_10328,3084,6,3090,93,0.5781789226816947
lncRNA_11711,3082,7,3089,68,0.5726578120336159
lncRNA_10614,3008,79,3087,141,0.5377148689630492
lncRNA_20611,3026,59,3085,133,0.5497826254354596
lncRNA_12135,3010,73,3083,84,0.5376120045403249
lncRNA_2166,3074,8,3082,65,0.5847390275546235
lncRNA_10522,3055,27,3082,45,0.5509093677929519
lncRNA_1900,3082,0,3082,61,0.5820431390994275
lncRNA_6654,2998,81,3079,114,0.5580347391366276
lncRNA_17713,3066,13,3079,38,0.566431704504469
lncRNA_3891,2969,109,3078,38,0.5374166106899454
lncRNA_7972,3069,8,3077,45,0.5605592925331304
lncRNA_22863,3019,58,3077,49,0.5795796109382332
lncRNA_22862,3019,58,3077,49,0.5795796109382332
lncRNA_21245,3069,7,3076,79,0.6173701898213625
lncRNA_22819,3071,5,3076,77,0.5995044006193673
lncRNA_16831,3075,0,3075,73,0.6060712845929085
lncRNA_4326,3072,2,3074,86,0.6079487187813928
lncRNA_7456,3054,19,3073,50,0.5510635216944265
lncRNA_9304,3071,1,3072,35,0.5726031848923075
lncRNA_11440,3028,44,3072,109,0.5516198779766208
lncRNA_13861,3068,3,3071,94,0.5582764051167333
lncRNA_17665,3058,13,3071,70,0.5553129463894716
lncRNA_17441,3070,0,3070,79,0.589925334769751
lncRNA_14221,3064,2,3066,89,0.5585141890026392
lncRNA_7300,3063,2,3065,69,0.5668905120649412
lncRNA_22042,3062,2,3064,86,0.6006314898509038
lncRNA_6741,3051,13,3064,33,0.555526236203709
lncRNA_23792,3007,55,3062,53,0.5907160805233599
lncRNA_15781,3057,5,3062,61,0.5597859020821291
lncRNA_23790,3007,55,3062,53,0.5906806224458022
lncRNA_21444,2929,131,3060,65,0.5909044485947306
lncRNA_7973,3051,8,3059,44,0.5607210891889857
lncRNA_22551,3000,58,3058,32,0.5437968318382508
lncRNA_7223,3004,53,3057,96,0.5534749793291072
lncRNA_3833,3051,0,3051,33,0.5635971763755133
lncRNA_10498,3009,42,3051,62,0.5838524800907052
lncRNA_986,3039,12,3051,71,0.5870403395009072
lncRNA_1945,3038,12,3050,63,0.6052161585442366
lncRNA_5332,3044,4,3048,44,0.5663929850771927
lncRNA_10523,3022,25,3047,43,0.5505289376796931
lncRNA_11453,3015,32,3047,99,0.5508449442918883
lncRNA_2543,3009,35,3044,36,0.581398927042287
lncRNA_2901,3034,8,3042,44,0.572278781177195
lncRNA_16126,2986,53,3039,55,0.5535904153362058
lncRNA_18160,3024,14,3038,86,0.6105514106600632
lncRNA_18159,3024,14,3038,86,0.6105018355006341
lncRNA_13146,2954,83,3037,61,0.5945250801003854
lncRNA_8178,3028,7,3035,40,0.584172368249749
lncRNA_1358,3030,5,3035,67,0.6082420847224468
lncRNA_10615,2958,77,3035,136,0.5380318980694546
lncRNA_20756,3018,12,3030,61,0.581383822845783
lncRNA_20757,3018,12,3030,61,0.581383822845783
lncRNA_20752,3018,12,3030,61,0.581383822845783
lncRNA_18358,2867,163,3030,116,0.5372853986708266
lncRNA_20827,3028,2,3030,59,0.5914519463261447
lncRNA_20751,3018,12,3030,61,0.581383822845783
lncRNA_20826,3028,2,3030,59,0.5914519463261447
lncRNA_20758,3017,12,3029,61,0.5812304819497722
lncRNA_23336,3026,2,3028,65,0.6009999967287322
lncRNA_12723,3020,8,3028,49,0.5746165572816463
lncRNA_4321,3019,6,3025,46,0.5771247369498016
lncRNA_20759,3012,12,3024,61,0.5815385726016272
lncRNA_12406,2997,25,3022,58,0.5871260119761906
lncRNA_6596,3009,13,3022,68,0.615866120890933
lncRNA_17348,3013,8,3021,70,0.572582418073392
lncRNA_10346,3014,6,3020,39,0.5690319053867168
lncRNA_20825,3018,2,3020,59,0.5911397537501244
lncRNA_15677,2949,71,3020,51,0.5465911046759725
lncRNA_4725,2992,24,3016,72,0.5978048076854852
lncRNA_2526,2934,81,3015,74,0.5517278435469133
lncRNA_10978,2971,43,3014,67,0.5540446768404201
lncRNA_22049,3009,5,3014,87,0.5855618936082903
lncRNA_22267,3005,7,3012,35,0.5743526603587993
lncRNA_7687,3006,4,3010,67,0.5649392329983256
lncRNA_10613,2934,75,3009,136,0.5382259843597037
lncRNA_23539,2997,11,3008,50,0.5696783131711146
lncRNA_9182,2963,45,3008,44,0.5569155768655443
lncRNA_20748,2994,12,3006,62,0.5807806959255918
lncRNA_969,3001,5,3006,73,0.6189830318721302
lncRNA_23259,3003,2,3005,74,0.5890614634362095
lncRNA_1428,3002,1,3003,81,0.5721825487363474
lncRNA_19517,2995,5,3000,74,0.5725662886649747
lncRNA_13806,2953,46,2999,55,0.5699642657039374
lncRNA_15465,2941,58,2999,93,0.5577153754011978
lncRNA_14586,2947,51,2998,57,0.5771549491755522
lncRNA_16255,2992,5,2997,51,0.5631615613305903
lncRNA_5409,2993,3,2996,45,0.5598206397705525
lncRNA_16900,2989,4,2993,36,0.5738011435053723
lncRNA_7643,2898,94,2992,138,0.5355213805194621
lncRNA_8780,2984,7,2991,93,0.5687660370231344
lncRNA_22815,2940,46,2986,75,0.6067507105708604
lncRNA_970,2975,8,2983,74,0.6315425024081729
lncRNA_2716,2959,24,2983,59,0.5530379246568929
lncRNA_10381,2879,103,2982,111,0.5560605004651303
lncRNA_23430,2923,59,2982,45,0.5467385278779067
lncRNA_1632,2910,71,2981,50,0.5364341720948054
lncRNA_15301,2946,35,2981,46,0.5474203648120054
lncRNA_20721,2978,3,2981,60,0.5670929901791257
lncRNA_5410,2975,3,2978,45,0.5597928527123714
lncRNA_19092,2962,16,2978,77,0.614625464935788
lncRNA_15140,2971,6,2977,74,0.6146140534674577
lncRNA_21703,2937,37,2974,76,0.5760999121654536
lncRNA_21805,2909,63,2972,56,0.5637916105833793
lncRNA_20194,2955,16,2971,77,0.56738392396482
lncRNA_16728,2964,4,2968,67,0.5638386905813243
lncRNA_2424,2950,18,2968,58,0.5775440927622812
lncRNA_953,2957,11,2968,47,0.5666875353345732
lncRNA_2425,2950,18,2968,58,0.5775440927622812
lncRNA_9261,2955,11,2966,60,0.5756190070504296
lncRNA_12279,2907,57,2964,109,0.5438075538603357
lncRNA_2824,2945,19,2964,35,0.5550493499649646
lncRNA_4160,2962,1,2963,59,0.5703819220599966
lncRNA_20306,2927,36,2963,65,0.5628533652171723
lncRNA_4412,2952,9,2961,55,0.5620675688350955
lncRNA_4325,2959,2,2961,81,0.6080184162249724
lncRNA_20478,2950,9,2959,34,0.5746476291407042
lncRNA_7916,2881,78,2959,34,0.5337188397835292
lncRNA_14625,2926,32,2958,53,0.5781718935231887
lncRNA_11462,2955,2,2957,66,0.5603377615231698
lncRNA_11277,2741,215,2956,137,0.5186428001374077
lncRNA_11635,2951,3,2954,69,0.571498888743732
lncRNA_14301,2941,13,2954,44,0.5691851569632347
lncRNA_22904,2950,2,2952,87,0.5698918178800109
lncRNA_12485,2944,4,2948,54,0.5833272101383845
lncRNA_10167,2938,10,2948,60,0.562229646614885
lncRNA_7897,2937,10,2947,65,0.5706795080320377
lncRNA_12598,2939,5,2944,43,0.5600061753745357
lncRNA_22991,2938,5,2943,74,0.5992990349761825
lncRNA_10865,2916,27,2943,39,0.5712378559576468
lncRNA_3886,2899,42,2941,80,0.5591580465796686
lncRNA_3888,2899,42,2941,80,0.5591580465796686
lncRNA_3887,2899,42,2941,80,0.5591580465796686
lncRNA_14795,2850,91,2941,38,0.535587217340745
lncRNA_3885,2899,42,2941,80,0.5591580465796686
lncRNA_2251,2923,17,2940,67,0.6310076078591366
lncRNA_1037,2938,2,2940,58,0.5731846006998721
lncRNA_19566,2934,5,2939,69,0.6231377873263336
lncRNA_13685,2864,74,2938,73,0.5364298308180419
lncRNA_5266,2823,114,2937,61,0.5471197829299022
lncRNA_3542,2703,232,2935,136,0.525531396090841
lncRNA_21974,2924,11,2935,75,0.5667656533387532
lncRNA_9852,2926,9,2935,55,0.5510999514823216
lncRNA_21107,2933,2,2935,31,0.5603575364657931
lncRNA_16884,2927,7,2934,57,0.551620336918696
lncRNA_2214,2930,3,2933,119,0.5652920899601585
lncRNA_3373,2920,13,2933,40,0.5533516048386812
lncRNA_2119,2915,18,2933,28,0.5566865580664488
lncRNA_6201,2902,30,2932,75,0.6281483144405587
lncRNA_2376,2926,6,2932,90,0.5767438454259307
lncRNA_6207,2903,29,2932,74,0.6286812959914874
lncRNA_6208,2903,29,2932,75,0.6287009402416796
lncRNA_6205,2901,30,2931,75,0.6281655032145002
lncRNA_6206,2901,30,2931,75,0.6281746366669746
lncRNA_23596,2915,16,2931,42,0.5606510164039135
lncRNA_6204,2900,30,2930,75,0.6282111658487877
lncRNA_4403,2925,4,2929,92,0.6070444873749695
lncRNA_6200,2899,29,2928,75,0.6285546350526698
lncRNA_12778,2921,5,2926,64,0.5577392134092205
lncRNA_16269,2886,39,2925,75,0.5709313903322407
lncRNA_8041,2917,6,2923,64,0.5950628525453868
lncRNA_3676,2909,12,2921,36,0.5798001895313704
lncRNA_7075,2890,30,2920,44,0.5483052392558196
lncRNA_458,2917,3,2920,76,0.5598576681013357
lncRNA_14361,2884,35,2919,80,0.553995370560787
lncRNA_6196,2886,31,2917,75,0.6279068174312034
lncRNA_9574,2889,28,2917,65,0.5606481865236731
lncRNA_9253,2909,7,2916,74,0.5737216724633108
lncRNA_587,2904,11,2915,44,0.555137099552352
lncRNA_13154,2906,6,2912,56,0.5559730391920046
lncRNA_19390,2889,22,2911,59,0.5714813621199908
lncRNA_10216,2880,29,2909,58,0.6107707232580554
lncRNA_6083,2856,53,2909,97,0.5491613148244214
lncRNA_15917,2780,128,2908,139,0.530543065056493
lncRNA_13287,2905,1,2906,77,0.5771656486125267
lncRNA_13286,2905,1,2906,77,0.5771656486125267
lncRNA_13289,2905,1,2906,77,0.5771656486125267
lncRNA_22038,2896,6,2902,84,0.583902633071522
lncRNA_24077,2894,8,2902,92,0.554378990512534
lncRNA_5087,2842,59,2901,58,0.5421452180271819
lncRNA_10616,2822,78,2900,134,0.5358716350215407
lncRNA_14207,2709,190,2899,120,0.526499319826269
lncRNA_10617,2822,77,2899,137,0.5364620451488441
lncRNA_13832,2897,0,2897,78,0.5872697285793889
lncRNA_2422,2867,28,2895,64,0.5682465000055711
lncRNA_22039,2892,1,2893,75,0.5868507685429706
lncRNA_13422,2886,7,2893,32,0.5590958105227751
lncRNA_6146,2883,10,2893,63,0.5718297067064403
lncRNA_16195,2804,88,2892,122,0.5602761661399951
lncRNA_361,2821,70,2891,75,0.5443333836655216
lncRNA_18672,2882,6,2888,51,0.5565209851330699
lncRNA_10330,2881,7,2888,79,0.5692513836499524
lncRNA_17747,2808,76,2884,109,0.5539988003796369
lncRNA_19113,2848,36,2884,107,0.5528579030747641
lncRNA_5029,2804,79,2883,33,0.5317944288051766
lncRNA_23407,2867,12,2879,64,0.563413396273788
lncRNA_14838,2850,29,2879,48,0.5604207361090475
lncRNA_5414,2857,20,2877,74,0.55514309584373
lncRNA_22105,2874,2,2876,38,0.5634647118823317
lncRNA_14788,2875,1,2876,62,0.5679881914806062
lncRNA_10369,2875,1,2876,40,0.5766269659093517
lncRNA_12483,2872,3,2875,61,0.5857722032001669
lncRNA_4545,2760,114,2874,142,0.5266218128465042
lncRNA_21981,2847,27,2874,53,0.5544535643700101
lncRNA_3689,2802,71,2873,129,0.5536277765481625
lncRNA_10261,2834,39,2873,73,0.6231734417561755
lncRNA_3688,2802,71,2873,129,0.5536277765481625
lncRNA_19508,2858,14,2872,73,0.6098674760486781
lncRNA_10260,2831,40,2871,70,0.6238165106391238
lncRNA_4402,2864,6,2870,91,0.5940775561322744
lncRNA_7382,2819,50,2869,32,0.5538184866477702
lncRNA_17323,2868,1,2869,72,0.5567521089614699
lncRNA_23732,2862,6,2868,63,0.5605019747204237
lncRNA_4934,2860,5,2865,88,0.554057935988404
lncRNA_4708,2862,2,2864,44,0.56541447971816
lncRNA_1360,2859,5,2864,64,0.60611904051101
lncRNA_1359,2858,5,2863,63,0.6061802820895106
lncRNA_10323,2823,39,2862,101,0.5513709631158041
lncRNA_16747,2756,102,2858,82,0.546508861343649
lncRNA_3141,2789,67,2856,36,0.5408699862420775
lncRNA_4556,2830,26,2856,47,0.579207805996509
lncRNA_7037,2819,36,2855,37,0.5984246581281089
lncRNA_22141,2793,59,2852,45,0.5411522134332074
lncRNA_14300,2843,9,2852,45,0.5677730334058538
lncRNA_12152,2837,13,2850,72,0.576861319871102
lncRNA_10715,2850,0,2850,70,0.5768858322121251
lncRNA_11715,2845,2,2847,39,0.5863581136264492
lncRNA_8233,2841,5,2846,69,0.5662696750284629
lncRNA_777,2693,153,2846,137,0.5232205837554861
lncRNA_12486,2840,5,2845,53,0.5815095516376111
lncRNA_23227,2830,15,2845,89,0.567887331628619
lncRNA_20260,2827,17,2844,45,0.5701988217633089
lncRNA_20267,2827,17,2844,45,0.5702156649884134
lncRNA_20268,2827,17,2844,45,0.5702156649884134
lncRNA_5063,2800,44,2844,40,0.5423326242052452
lncRNA_20266,2827,17,2844,45,0.5702119625140333
lncRNA_14018,2826,18,2844,29,0.5628620800863869
lncRNA_20265,2827,17,2844,45,0.5702082357688925
lncRNA_3192,2751,92,2843,138,0.5349232619947376
lncRNA_20263,2826,17,2843,45,0.5702284674042244
lncRNA_12116,2812,31,2843,43,0.5557813082024304
lncRNA_776,2691,152,2843,138,0.5237000795519445
lncRNA_21592,2834,8,2842,67,0.5893067649026715
lncRNA_6578,2765,76,2841,62,0.5471894253294868
lncRNA_14826,2799,40,2839,75,0.5473153528554753
lncRNA_8115,2791,48,2839,144,0.5519222902871147
lncRNA_3924,2828,11,2839,39,0.5746478700215168
lncRNA_10258,2798,41,2839,70,0.6238176380539602
lncRNA_14298,2825,11,2836,47,0.5657193703492555
lncRNA_11278,2828,8,2836,79,0.5686833863618305
lncRNA_7885,2775,59,2834,77,0.5530833065603814
lncRNA_7886,2775,59,2834,77,0.5530833065603814
lncRNA_20057,2759,75,2834,30,0.5310620917842953
lncRNA_15785,2776,57,2833,60,0.5512312293196775
lncRNA_4461,2786,46,2832,55,0.6256311220475732
lncRNA_20366,2620,211,2831,152,0.5110763694509671
lncRNA_24190,2813,18,2831,75,0.5576296610084582
lncRNA_4460,2784,46,2830,55,0.6256851636569735
lncRNA_8490,2793,35,2828,23,0.5462931281695268
lncRNA_6732,2820,8,2828,42,0.5463572739345964
lncRNA_21047,2772,55,2827,151,0.5559233155242209
lncRNA_2112,2807,20,2827,84,0.5563950629448597
lncRNA_598,2812,15,2827,59,0.6163625775523085
lncRNA_19854,2818,6,2824,83,0.5742359801030797
lncRNA_19853,2818,6,2824,83,0.5742359801030797
lncRNA_19093,2805,16,2821,79,0.6011545172475583
lncRNA_22925,2817,1,2818,40,0.5772925043821344
lncRNA_16270,2780,38,2818,72,0.5697184408028366
lncRNA_4327,2817,0,2817,82,0.599815264909586
lncRNA_12689,2808,9,2817,55,0.5615598383288452
lncRNA_21809,2738,75,2813,54,0.5521597805311922
lncRNA_21217,2806,7,2813,37,0.5550311619857068
lncRNA_13509,2769,37,2806,24,0.5716857172896554
lncRNA_21807,2729,77,2806,55,0.552931844246667
lncRNA_19422,2792,8,2800,25,0.567160271926246
lncRNA_8963,2796,4,2800,34,0.5542839929330811
lncRNA_18014,2786,11,2797,32,0.562436632220393
lncRNA_7015,2774,23,2797,50,0.5439367379639161
lncRNA_21229,2796,1,2797,58,0.5660517387099738
lncRNA_11813,2735,61,2796,86,0.5427433968042066
lncRNA_4628,2736,59,2795,30,0.5562134314367091
lncRNA_18451,2751,43,2794,58,0.5639975522468114
lncRNA_4831,2778,15,2793,79,0.5572850263862421
lncRNA_12425,2788,1,2789,33,0.5564767273166682
lncRNA_4446,5,2782,2787,58,-0.5583099641026988
lncRNA_10866,2781,2,2783,28,0.5562999498490888
lncRNA_8532,2713,70,2783,72,0.5471899752848051
lncRNA_21213,2739,44,2783,47,0.5567120940547997
lncRNA_8413,2781,1,2782,63,0.5580959942301185
lncRNA_22567,2776,5,2781,77,0.5633950943625566
lncRNA_21588,2758,23,2781,53,0.5640260975324538
lncRNA_21903,2774,6,2780,72,0.5654211075342598
lncRNA_6071,2759,20,2779,58,0.5624597818286744
lncRNA_6378,2756,21,2777,82,0.554212699248225
lncRNA_18059,2717,58,2775,90,0.5655938394819577
lncRNA_2776,2530,242,2772,127,0.5127101132755637
lncRNA_2775,2530,242,2772,127,0.5127101132755637
lncRNA_22319,2694,78,2772,71,0.5341948595104691
lncRNA_16832,2771,0,2771,61,0.6093100708783004
lncRNA_8874,2730,40,2770,59,0.544624882411969
lncRNA_22318,2692,78,2770,71,0.5341892776914264
lncRNA_12337,2758,12,2770,26,0.5633397659900443
lncRNA_23429,2710,59,2769,43,0.5426717792686225
lncRNA_396,2751,17,2768,26,0.5550602592853071
lncRNA_5408,2759,5,2764,44,0.5582926433503264
lncRNA_4643,2753,11,2764,36,0.5486445165051246
lncRNA_13352,2738,25,2763,59,0.5526097924067204
lncRNA_457,2759,3,2762,83,0.5580164687996799
lncRNA_6099,2750,11,2761,59,0.5614627289478732
lncRNA_9176,2760,0,2760,57,0.5668758180509911
lncRNA_16556,2747,5,2752,67,0.567287544122556
lncRNA_10256,2687,65,2752,65,0.6220402385005727
lncRNA_5411,2746,5,2751,45,0.5582079450241171
lncRNA_1100,2735,14,2749,50,0.563044117964443
lncRNA_20782,2647,102,2749,37,0.5390107626928047
lncRNA_10549,2730,19,2749,46,0.5695760924051543
lncRNA_18205,2740,8,2748,72,0.6171071362989199
lncRNA_10262,2708,40,2748,72,0.618117518851629
lncRNA_17309,2743,5,2748,44,0.5629615359105172
lncRNA_2238,2675,70,2745,30,0.5348408874349188
lncRNA_20784,2640,103,2743,37,0.5385223573659784
lncRNA_4963,2626,116,2742,31,0.5276895896495722
lncRNA_19646,2601,141,2742,61,0.5695594380059942
lncRNA_2193,2667,75,2742,128,0.5486597044878679
lncRNA_19842,2718,22,2740,52,0.556258845874074
lncRNA_1099,2691,49,2740,63,0.5520671276687134
lncRNA_13191,2714,26,2740,77,0.6214620956738232
lncRNA_5631,2728,10,2738,13,0.564168605644066
lncRNA_16304,2696,42,2738,64,0.5513373389277857
lncRNA_1631,2664,74,2738,44,0.5324677010055051
lncRNA_16056,2727,8,2735,101,0.5617498088587872
lncRNA_5670,2734,0,2734,57,0.5590758990562024
lncRNA_18540,2729,5,2734,65,0.5667085394521909
lncRNA_17179,2730,2,2732,28,0.5702070689922991
lncRNA_6381,2728,4,2732,54,0.577037232909332
lncRNA_9185,2557,175,2732,122,0.5053151170994011
lncRNA_21048,2650,79,2729,157,0.5448610346896492
lncRNA_22483,2708,20,2728,50,0.5674175863209973
lncRNA_10257,2662,65,2727,65,0.6220040700437235
lncRNA_22040,2725,0,2725,67,0.5855634470611882
lncRNA_16035,2703,20,2723,49,0.5823998793518426
lncRNA_5249,2710,12,2722,44,0.5566900794913996
lncRNA_22253,2717,5,2722,49,0.561423927658875
lncRNA_5248,2710,12,2722,44,0.5566900794913996
lncRNA_21314,2706,15,2721,85,0.5576448309973219
lncRNA_10370,2716,4,2720,35,0.5737902073532063
lncRNA_17758,2658,62,2720,83,0.5541001933969532
lncRNA_18858,2641,78,2719,25,0.5400458214925333
lncRNA_5128,2610,108,2718,123,0.5454085670602229
lncRNA_19662,2679,37,2716,54,0.5690585076949514
lncRNA_12626,2702,14,2716,35,0.5599860988772579
lncRNA_259,2714,2,2716,86,0.5694810644043671
lncRNA_10355,2708,3,2711,76,0.5669085872744976
lncRNA_1251,2704,6,2710,48,0.569911277491853
lncRNA_21591,2700,5,2705,65,0.5935409744354474
lncRNA_20767,2627,77,2704,42,0.5495634553090172
lncRNA_6400,2702,1,2703,42,0.5652758048088801
lncRNA_13856,2696,6,2702,31,0.565349614557244
lncRNA_8104,2688,14,2702,60,0.5584817766464009
lncRNA_11655,2651,50,2701,29,0.5406751873393124
lncRNA_12903,2694,6,2700,32,0.5538948028714517
lncRNA_12266,6,2693,2699,52,-0.5534939033045196
lncRNA_9169,2682,16,2698,25,0.5642620680024204
lncRNA_7264,2609,88,2697,47,0.5407219809104169
lncRNA_6070,2694,0,2694,46,0.5815309291389504
lncRNA_18053,2643,50,2693,90,0.5647208700425485
lncRNA_18052,2643,50,2693,90,0.5647208700425485
lncRNA_8243,2650,42,2692,37,0.5462844580247556
lncRNA_4475,2654,38,2692,47,0.5438003159540795
lncRNA_5133,2668,23,2691,30,0.5453408868553251
lncRNA_768,2604,85,2689,91,0.5324869710597973
lncRNA_11841,2682,6,2688,63,0.5599158325447812
lncRNA_16669,2504,184,2688,120,0.5251840715276197
lncRNA_18081,2660,27,2687,56,0.553022024185084
lncRNA_14747,2674,11,2685,73,0.6003036062018616
lncRNA_12401,2682,3,2685,45,0.5716582123020117
lncRNA_8287,2679,6,2685,57,0.5538554823193411
lncRNA_13688,2610,75,2685,63,0.5330832664323664
lncRNA_13687,2610,75,2685,63,0.5330832664323664
lncRNA_13686,2610,75,2685,63,0.5330832664323664
lncRNA_11637,2644,39,2683,50,0.5609115890473814
lncRNA_16133,2623,60,2683,54,0.5505329407940194
lncRNA_15653,2682,1,2683,45,0.5641884937661579
lncRNA_14150,2631,50,2681,33,0.5408215055262031
lncRNA_7019,2659,22,2681,24,0.5599581976311285
lncRNA_21780,2601,79,2680,38,0.5315656152500317
lncRNA_18394,2667,8,2675,62,0.6076559576105353
lncRNA_21801,2663,12,2675,100,0.5512927931692634
lncRNA_22340,2596,78,2674,30,0.5378493299522016
lncRNA_968,2659,15,2674,62,0.6296763824938986
lncRNA_2510,2620,54,2674,78,0.5583282227759685
lncRNA_2421,2652,22,2674,50,0.5662558255735898
lncRNA_8235,2667,6,2673,75,0.577290155059457
lncRNA_19164,2669,3,2672,40,0.5569587675341805
lncRNA_6167,2669,2,2671,40,0.5711263802898126
lncRNA_7257,2622,49,2671,65,0.5601953935479345
lncRNA_23354,2641,28,2669,71,0.560064141081085
lncRNA_6497,2663,6,2669,72,0.5822827325735596
lncRNA_13689,2593,75,2668,63,0.5328238354259843
lncRNA_160,2637,30,2667,92,0.5475249568088792
lncRNA_24110,2654,13,2667,24,0.5575615538206597
lncRNA_2212,2665,1,2666,64,0.5847823611736164
lncRNA_19963,2661,5,2666,91,0.5577647208452707
lncRNA_11083,2593,72,2665,57,0.6141633893573868
lncRNA_20679,2660,5,2665,27,0.5690405468726992
lncRNA_1845,2642,18,2660,110,0.555751629644189
lncRNA_22032,2579,81,2660,64,0.5370244004013456
lncRNA_14820,2658,0,2658,40,0.5563204051782461
lncRNA_12826,2628,28,2656,60,0.6336296868691444
lncRNA_2987,2628,26,2654,38,0.5604664289444772
lncRNA_3510,2647,6,2653,65,0.5548339613977873
lncRNA_16656,2631,22,2653,52,0.5542808436876882
lncRNA_7736,2638,14,2652,41,0.5594281635754532
lncRNA_18609,2638,11,2649,52,0.550318530519983
lncRNA_9924,2509,140,2649,31,0.5197705048979031
lncRNA_15237,2641,4,2645,77,0.5691837059221969
lncRNA_15243,2641,4,2645,77,0.5691837059221969
lncRNA_5244,2630,13,2643,59,0.6203836078632096
lncRNA_11665,2568,73,2641,58,0.5419178117984373
lncRNA_19163,2638,3,2641,39,0.5567906026860695
lncRNA_4414,2641,0,2641,61,0.5647205129151679
lncRNA_6254,2629,11,2640,61,0.5654851027258501
lncRNA_11664,2566,73,2639,58,0.5419983911529681
lncRNA_462,2638,1,2639,61,0.5615375235167528
lncRNA_332,2629,10,2639,95,0.5666619239028647
lncRNA_22616,2499,139,2638,76,0.5237292293681859
lncRNA_7377,2620,18,2638,105,0.5638573791268566
lncRNA_5300,2638,0,2638,56,0.5943669829379922
lncRNA_855,2627,9,2636,77,0.5572900167237694
lncRNA_7341,2632,4,2636,43,0.5741547898740789
lncRNA_5547,2630,4,2634,77,0.5622578701141705
lncRNA_19088,2617,15,2632,70,0.5943311287369726
lncRNA_8729,2625,6,2631,63,0.5663763966895452
lncRNA_12217,2622,9,2631,78,0.5571950898663078
lncRNA_15449,2551,79,2630,80,0.5328020449589034
lncRNA_14189,2530,99,2629,48,0.5268237994930245
lncRNA_8285,2547,80,2627,112,0.5291680106681974
lncRNA_4497,2597,29,2626,86,0.545712203802549
lncRNA_8913,2623,2,2625,65,0.5626204014774489
lncRNA_5138,2543,81,2624,26,0.5353233020702493
lncRNA_5505,2448,175,2623,133,0.5231267355383915
lncRNA_1999,2504,118,2622,122,0.5287048734281822
lncRNA_4061,2613,9,2622,47,0.5716373732552689
lncRNA_20680,2616,5,2621,27,0.5680864789774323
lncRNA_12624,2425,196,2621,45,0.502354654704518
lncRNA_23839,2529,91,2620,59,0.5306133071242841
lncRNA_3107,2532,85,2617,110,0.5418102868298725
lncRNA_9595,2615,2,2617,53,0.55471780911462
lncRNA_15236,2611,5,2616,78,0.5689734736948998
lncRNA_11223,2472,143,2615,138,0.5220425685302398
lncRNA_11075,2607,5,2612,26,0.5677817761250478
lncRNA_17263,2472,139,2611,125,0.5250277042734561
lncRNA_7632,2593,13,2606,75,0.5830824653034735
lncRNA_10413,2586,20,2606,64,0.5868902298701194
lncRNA_4343,2574,32,2606,35,0.5483151311897669
lncRNA_22320,2554,51,2605,68,0.5387923784144061
lncRNA_3543,2351,253,2604,134,0.5009007443138898
lncRNA_11942,2493,109,2602,138,0.5225198121942382
lncRNA_10218,2596,4,2600,61,0.5810621473218126
lncRNA_7662,2503,93,2596,55,0.6048339495280917
lncRNA_10081,2591,2,2593,41,0.5642683021824856
lncRNA_14096,2467,126,2593,135,0.5211020134991301
lncRNA_1693,2581,10,2591,40,0.561643818204425
lncRNA_5528,2540,49,2589,40,0.5468424678794508
lncRNA_16454,2528,61,2589,107,0.5641602940022682
lncRNA_20828,2588,1,2589,57,0.5883219373413849
lncRNA_9136,2576,11,2587,61,0.5810369009191068
lncRNA_10371,2583,2,2585,31,0.5735541641821664
lncRNA_20290,2500,85,2585,29,0.531570832217033
lncRNA_17654,2568,16,2584,56,0.5575932340993597
lncRNA_3581,2572,11,2583,53,0.5728754101235726
lncRNA_5223,2579,2,2581,95,0.559616109231472
lncRNA_20551,2533,46,2579,89,0.5519548721096357
lncRNA_1727,2574,5,2579,58,0.5615939604257756
lncRNA_23412,2574,2,2576,42,0.5572541347692217
lncRNA_19814,2564,12,2576,62,0.5529988823783434
lncRNA_11840,2539,36,2575,32,0.560684267651559
lncRNA_16376,2563,10,2573,95,0.5557408335569565
lncRNA_18853,2515,56,2571,51,0.5653438462164484
lncRNA_9579,2553,14,2567,53,0.5668188074797726
lncRNA_15211,2544,22,2566,20,0.567243207610733
lncRNA_16885,2557,9,2566,42,0.5493619618162336
lncRNA_5406,2563,2,2565,58,0.5472295395523217
lncRNA_16054,2498,67,2565,48,0.5334464717893596
lncRNA_5752,2559,4,2563,44,0.5599185860231812
lncRNA_2258,2553,9,2562,92,0.5624078347496698
lncRNA_16429,2546,14,2560,86,0.5659421158485738
lncRNA_8625,2550,8,2558,45,0.5748934556944674
lncRNA_16187,2547,11,2558,91,0.5552305725102263
lncRNA_18138,2507,48,2555,29,0.5340054569312747
lncRNA_11800,2550,4,2554,101,0.5641283507822872
lncRNA_638,2530,24,2554,104,0.5501426558100668
lncRNA_2394,2351,202,2553,105,0.5158173889471809
lncRNA_19950,2550,3,2553,87,0.5589664445816858
lncRNA_14370,2497,52,2549,48,0.5671332057308441
lncRNA_4428,2531,12,2543,61,0.5861595786021866
lncRNA_9844,2377,165,2542,95,0.5131265182937714
lncRNA_2612,2459,81,2540,39,0.5275318646290439
lncRNA_10527,2490,50,2540,63,0.5402143744974438
lncRNA_4413,2539,1,2540,61,0.5617184166494368
lncRNA_19782,2514,26,2540,93,0.5545775626970115
lncRNA_12454,2516,23,2539,55,0.5733605170364869
lncRNA_14754,2462,77,2539,16,0.5447652496300288
lncRNA_24029,2509,29,2538,103,0.5471913765245146
lncRNA_13737,2517,16,2533,36,0.5508432626416649
lncRNA_21753,2529,3,2532,71,0.5793402007249141
lncRNA_11569,2530,2,2532,68,0.5670579370257455
lncRNA_16212,283,2248,2531,107,-0.46272099805298494
lncRNA_4019,2477,52,2529,98,0.5730381899924485
lncRNA_23751,2527,1,2528,39,0.5609588139839553
lncRNA_24028,2498,28,2526,99,0.5478927756453633
lncRNA_4020,2473,52,2525,96,0.5730679296898802
lncRNA_8276,2513,7,2520,70,0.5758778165812038
lncRNA_1669,2454,66,2520,53,0.5448286524495777
lncRNA_23626,2519,1,2520,54,0.5602820961454001
lncRNA_19504,2461,58,2519,57,0.6063331245909082
lncRNA_10507,2516,3,2519,40,0.5886376718657289
lncRNA_19496,2460,59,2519,57,0.6059834702465687
lncRNA_18006,2504,14,2518,56,0.611225332001429
lncRNA_7633,2504,13,2517,73,0.579807293118113
lncRNA_22556,2496,21,2517,28,0.5457845476020551
lncRNA_10509,2513,3,2516,39,0.5881806074519987
lncRNA_10510,2513,3,2516,39,0.5881806074519987
lncRNA_10511,2513,3,2516,39,0.5881806074519987
lncRNA_19094,2490,24,2514,60,0.6057432675948228
lncRNA_2892,2505,9,2514,52,0.5505835764731253
lncRNA_10508,2511,3,2514,39,0.588302854043515
lncRNA_9823,2319,195,2514,45,0.5253093178895168
lncRNA_9821,2319,195,2514,45,0.5253093178895168
lncRNA_19503,2454,59,2513,57,0.6059387114498987
lncRNA_9820,2318,195,2513,45,0.525301175912517
lncRNA_21010,2383,127,2510,48,0.5592260947049317
lncRNA_5706,2505,5,2510,86,0.5642432222901999
lncRNA_16241,2494,15,2509,56,0.5601823008876998
lncRNA_22128,2497,12,2509,37,0.5646902640323505
lncRNA_6599,2492,16,2508,86,0.5492406257923805
lncRNA_5991,2422,85,2507,71,0.5333935747677158
lncRNA_19520,2498,8,2506,27,0.5543215419107788
lncRNA_17530,2442,63,2505,44,0.5402742874617679
lncRNA_4427,2495,9,2504,61,0.5862239810650098
lncRNA_20681,2497,6,2503,25,0.5664698544978202
lncRNA_23281,2479,20,2499,34,0.5526545361323084
lncRNA_22394,2495,3,2498,72,0.5909533850521997
lncRNA_7890,2496,1,2497,70,0.5656027137026859
lncRNA_15291,2468,27,2495,28,0.544544319409495
lncRNA_10210,2489,5,2494,60,0.5638662771339935
lncRNA_19937,2439,49,2488,50,0.5854261354587702
lncRNA_19938,2439,49,2488,50,0.5854261354587702
lncRNA_2464,2485,2,2487,44,0.5621175901819383
lncRNA_7737,2478,8,2486,28,0.5586549644517564
lncRNA_23982,2470,16,2486,60,0.5814614486626906
lncRNA_23983,2470,16,2486,60,0.5814614486626906
lncRNA_16349,2483,1,2484,35,0.5663671834894152
lncRNA_9283,2483,1,2484,62,0.5610545084697837
lncRNA_4253,2444,40,2484,46,0.583552415444131
lncRNA_21655,2477,6,2483,24,0.5650090777123397
lncRNA_4324,2407,73,2480,64,0.5724211747674415
lncRNA_19660,2448,32,2480,31,0.5443635209738615
lncRNA_8320,2461,18,2479,55,0.5567632421512272
lncRNA_11090,2415,62,2477,26,0.5354884058287596
lncRNA_5416,2468,8,2476,59,0.5721040386301925
lncRNA_21286,2473,3,2476,54,0.5657500947513544
lncRNA_10327,2470,5,2475,33,0.5618340289850076
lncRNA_2471,2467,7,2474,60,0.565681858452589
lncRNA_13171,2454,20,2474,47,0.5573117004451854
lncRNA_514,2451,22,2473,34,0.5496229167138268
lncRNA_10793,2428,43,2471,67,0.55063009051465
lncRNA_12197,2422,49,2471,53,0.6303928534481021
lncRNA_12198,2422,49,2471,53,0.6303928534481021
lncRNA_18938,2468,1,2469,71,0.5890795496095644
lncRNA_18653,2428,40,2468,20,0.542254390447056
lncRNA_18652,2428,40,2468,20,0.542254390447056
lncRNA_21051,2409,57,2466,134,0.5405269834088363
lncRNA_10476,2466,0,2466,42,0.5687858307250059
lncRNA_10096,2457,8,2465,39,0.552118084282852
lncRNA_19497,2401,63,2464,57,0.6040919652449311
lncRNA_13311,2461,3,2464,84,0.5845672859804081
lncRNA_670,2358,102,2460,24,0.5264294517841062
lncRNA_3490,2456,4,2460,62,0.5576301825975638
lncRNA_23167,2412,47,2459,26,0.5381846783254299
lncRNA_13316,2442,14,2456,53,0.6231118500385724
lncRNA_6389,2436,19,2455,68,0.5980439609692257
lncRNA_2375,2447,5,2452,79,0.5724916002258548
lncRNA_2296,2305,146,2451,120,0.5116806878834198
lncRNA_12703,2399,48,2447,57,0.5813462486830123
lncRNA_20283,2439,6,2445,84,0.5587695530093779
lncRNA_456,2440,2,2442,67,0.5524678889743618
lncRNA_7957,2432,9,2441,63,0.5565225053788598
lncRNA_18007,2396,42,2438,53,0.6042203209830671
lncRNA_2495,2380,58,2438,44,0.535714230933383
lncRNA_16829,2396,37,2433,51,0.6225003695987938
lncRNA_10148,2359,73,2432,63,0.5291145791950861
lncRNA_14499,2432,0,2432,84,0.5670830990988635
lncRNA_2371,2355,77,2432,124,0.537296009481111
lncRNA_16712,2413,17,2430,72,0.5568800361139897
lncRNA_21552,2342,88,2430,49,0.5228248600867408
lncRNA_11839,2386,43,2429,29,0.5549200705793977
lncRNA_11838,2386,43,2429,29,0.5549332129489293
lncRNA_2827,2420,9,2429,54,0.5582811978378583
lncRNA_19925,2414,14,2428,35,0.5451815061424462
lncRNA_20802,2361,64,2425,96,0.5377903963646943
lncRNA_20496,2424,1,2425,36,0.5653621190895501
lncRNA_23521,2168,256,2424,53,0.5120611937332656
lncRNA_14319,2332,91,2423,94,0.5355458436166086
lncRNA_23349,2311,110,2421,44,0.5720147876333449
lncRNA_20786,2373,45,2418,93,0.5472289227338631
lncRNA_8615,2401,17,2418,24,0.5557596328170198
lncRNA_10187,2387,26,2413,61,0.594521877391547
lncRNA_1523,2404,2,2406,74,0.5647663239242818
lncRNA_6797,2061,344,2405,135,0.4316359596603997
lncRNA_16655,2379,25,2404,40,0.5581510606941551
lncRNA_285,2359,44,2403,31,0.5467361939224871
lncRNA_18673,2397,6,2403,38,0.5508639313448582
lncRNA_9175,2402,0,2402,47,0.5649366696855123
lncRNA_22476,2394,7,2401,30,0.5633338341848444
lncRNA_7950,2383,18,2401,40,0.5553136798782758
lncRNA_14125,2361,38,2399,42,0.5583405053626609
lncRNA_7066,2309,89,2398,74,0.5293265930897918
lncRNA_4323,2349,49,2398,58,0.5779749232468694
lncRNA_22622,2395,2,2397,37,0.5685976932526808
lncRNA_12581,2396,0,2396,66,0.5766957001176771
lncRNA_5751,2384,9,2393,78,0.553372328273257
lncRNA_4724,2342,51,2393,85,0.5665865258122846
lncRNA_6637,2344,46,2390,53,0.5444805637965415
lncRNA_22263,2376,12,2388,25,0.574930003496137
lncRNA_11106,2360,28,2388,49,0.5490674460829247
lncRNA_11105,2360,28,2388,49,0.5490674460829247
lncRNA_18651,2342,45,2387,17,0.5379163441980365
lncRNA_17339,2380,6,2386,44,0.5566348508081534
lncRNA_1703,2296,90,2386,88,0.5319955063116533
lncRNA_11899,2370,15,2385,44,0.5530682938299035
lncRNA_23533,2325,57,2382,56,0.5395348407805302
lncRNA_18975,2336,42,2378,67,0.5421733585562142
lncRNA_2287,2299,79,2378,41,0.5515468476414803
lncRNA_4789,2367,10,2377,33,0.550624010495422
lncRNA_8996,2376,0,2376,59,0.6124555452080482
lncRNA_12824,2309,66,2375,52,0.5965263613783985
lncRNA_7722,2278,95,2373,60,0.579911003817465
lncRNA_20302,2356,16,2372,41,0.5610677484635815
lncRNA_19610,2363,5,2368,57,0.5986590307728052
lncRNA_498,2325,41,2366,34,0.5532157864782277
lncRNA_11900,2350,15,2365,43,0.5530390882709416
lncRNA_9321,2348,16,2364,55,0.5465490481550527
lncRNA_4534,2255,109,2364,67,0.5250781632354695
lncRNA_4555,2352,11,2363,32,0.5740584118645681
lncRNA_15582,2343,18,2361,42,0.5578175270418011
lncRNA_16499,2348,13,2361,37,0.55598013783946
lncRNA_20592,2348,12,2360,15,0.5676587539088545
lncRNA_22992,2340,19,2359,57,0.6119487799531949
lncRNA_21161,2358,1,2359,61,0.5749854402179112
lncRNA_11354,2349,9,2358,66,0.5712904316795898
lncRNA_6868,2316,40,2356,33,0.5339929555973875
lncRNA_18883,2352,2,2354,47,0.5573198251202883
lncRNA_22194,2342,12,2354,69,0.5611093650242323
lncRNA_7246,2345,8,2353,70,0.5558058420508573
lncRNA_6111,2301,51,2352,73,0.5473625058345822
lncRNA_10356,2349,3,2352,55,0.5588409279105419
lncRNA_21050,2259,93,2352,70,0.5267703085909101
lncRNA_2419,2333,18,2351,84,0.551354639769951
lncRNA_17043,2313,35,2348,72,0.5748973586917399
lncRNA_11248,2320,27,2347,22,0.5427711386906965
lncRNA_10273,2336,10,2346,43,0.5593160490833745
lncRNA_2429,2325,21,2346,58,0.5645294259783816
lncRNA_6665,2324,22,2346,39,0.5641655822284924
lncRNA_6661,2335,8,2343,66,0.5562059722902957
lncRNA_19650,2255,87,2342,40,0.5304449430524295
lncRNA_5607,2225,117,2342,68,0.519823708013799
lncRNA_9320,2326,16,2342,55,0.5465042041685506
lncRNA_13489,2331,10,2341,48,0.5630833161015995
lncRNA_16396,2324,15,2339,17,0.5598489968909096
lncRNA_9312,2333,6,2339,37,0.5528955125472546
lncRNA_9313,2333,6,2339,37,0.5528955125472546
lncRNA_22158,2318,20,2338,59,0.5469018595145071
lncRNA_13883,2246,92,2338,116,0.5350495530916921
lncRNA_14369,2282,56,2338,36,0.5527214940186796
lncRNA_19131,2300,37,2337,55,0.5475922653997757
lncRNA_2988,2315,21,2336,32,0.5597426317149633
lncRNA_20637,2307,29,2336,55,0.5456909480346159
lncRNA_350,1954,382,2336,64,0.4161390926745951
lncRNA_6255,2299,36,2335,75,0.5406952873429361
lncRNA_23293,2318,16,2334,54,0.5606443913659108
lncRNA_15655,2317,15,2332,96,0.5486118156096983
lncRNA_2679,2331,0,2331,42,0.5737064994990465
lncRNA_4018,2319,11,2330,70,0.597451070023564
lncRNA_22611,2310,20,2330,32,0.5392460144889468
lncRNA_17044,2312,16,2328,52,0.6031743100481085
lncRNA_14882,2315,13,2328,68,0.5600772094131954
lncRNA_21403,2263,65,2328,57,0.5321772549274728
lncRNA_22145,2314,13,2327,34,0.5575252416534137
lncRNA_406,2301,24,2325,32,0.5515429511922618
lncRNA_13885,2233,92,2325,116,0.5349701649990717
lncRNA_22608,2191,132,2323,30,0.5338345513802999
lncRNA_18648,2248,74,2322,55,0.5345010047172057
lncRNA_23442,2305,16,2321,75,0.5638414084303393
lncRNA_11610,2307,11,2318,47,0.5755614298292783
lncRNA_17445,2229,89,2318,24,0.5277040818609117
lncRNA_10548,2305,13,2318,65,0.5903950947535156
lncRNA_15691,2255,63,2318,68,0.5384147132227658
lncRNA_7507,2247,70,2317,31,0.5231103952231513
lncRNA_19413,2299,17,2316,22,0.564817478736852
lncRNA_15822,2269,46,2315,50,0.5357558945043284
lncRNA_6557,2244,71,2315,87,0.5429153633106706
lncRNA_11612,2304,10,2314,46,0.5763067749264598
lncRNA_487,2304,9,2313,25,0.5621454726692048
lncRNA_4681,2312,1,2313,32,0.5599212703289457
lncRNA_14241,2254,56,2310,98,0.531252331327729
lncRNA_6253,2305,5,2310,60,0.6009903554463873
lncRNA_11611,2298,10,2308,46,0.5761206717467068
lncRNA_10322,2217,90,2307,52,0.5398929449380626
lncRNA_2236,2215,90,2305,27,0.5211052495876554
lncRNA_12317,2229,76,2305,57,0.5324302879711976
lncRNA_22132,2239,65,2304,26,0.5331069217025071
lncRNA_10478,2164,139,2303,41,0.5095774001132262
lncRNA_6437,1002,1300,2302,70,-0.06906654641016884
lncRNA_12488,2300,1,2301,57,0.5855462686763904
lncRNA_15174,2293,8,2301,20,0.5514080699212413
lncRNA_4146,2281,19,2300,58,0.6227943250495785
lncRNA_11609,2289,11,2300,48,0.5752151219452033
lncRNA_17377,2240,59,2299,51,0.60249081048998
lncRNA_23599,2293,6,2299,38,0.5689542916651457
lncRNA_17378,2240,58,2298,51,0.603358642851544
lncRNA_4143,2295,3,2298,56,0.6005697206836089
lncRNA_8260,2209,88,2297,126,0.5300845330342229
lncRNA_13592,2295,2,2297,29,0.5657484277284976
lncRNA_4337,2257,35,2292,55,0.5641360340960041
lncRNA_9847,2279,12,2291,65,0.5507762281207935
lncRNA_7263,2270,16,2286,26,0.5545868385582544
lncRNA_16678,2278,7,2285,50,0.5570115960407112
lncRNA_11743,2278,7,2285,41,0.5564128893365733
lncRNA_8469,2014,269,2283,136,0.4602981709132469
lncRNA_8420,2236,44,2280,43,0.5380211768997729
lncRNA_19614,2274,5,2279,56,0.5976943420416487
lncRNA_21882,2275,3,2278,85,0.5555524347048485
lncRNA_19502,2193,83,2276,52,0.5944145995097517
lncRNA_19498,2193,83,2276,52,0.5944145995097517
lncRNA_19493,2193,83,2276,52,0.5944145995097517
lncRNA_19501,2193,83,2276,52,0.5944145995097517
lncRNA_19444,2258,17,2275,91,0.55262347283704
lncRNA_8876,2222,53,2275,58,0.5388807435090621
lncRNA_13979,2259,15,2274,52,0.6130830292825428
lncRNA_4028,2273,1,2274,49,0.5673816858780725
lncRNA_11502,2175,98,2273,107,0.5317292494565088
lncRNA_16455,2253,20,2273,30,0.5505966861748922
lncRNA_4147,2252,20,2272,55,0.6225977003441361
lncRNA_2623,2259,11,2270,52,0.6021565014430215
lncRNA_3942,2266,0,2266,50,0.5966790409307612
lncRNA_3842,2199,66,2265,40,0.5386180056861839
lncRNA_22481,2235,30,2265,26,0.542609886305692
lncRNA_14095,2125,138,2263,125,0.5092239410593677
lncRNA_10275,2191,72,2263,80,0.5240150745569678
lncRNA_19917,2245,12,2257,60,0.606477169227103
lncRNA_669,2153,103,2256,21,0.5194544634026499
lncRNA_24012,2250,6,2256,55,0.5465595045390658
lncRNA_9877,2252,0,2252,45,0.5527827970401274
lncRNA_13132,2187,64,2251,58,0.5277697406955297
lncRNA_3334,2221,29,2250,82,0.5609882034264547
lncRNA_5282,2173,75,2248,50,0.5419326099256463
lncRNA_5568,2208,39,2247,73,0.5436406573338729
lncRNA_23103,2235,11,2246,62,0.5611276606092995
lncRNA_17529,2209,37,2246,56,0.5876192774751304
lncRNA_13204,2194,52,2246,39,0.5378063134834097
lncRNA_17573,2087,157,2244,116,0.5120728216814893
lncRNA_16252,2196,47,2243,49,0.5943217272457214
lncRNA_9572,2243,0,2243,32,0.56102859974936
lncRNA_12114,2241,1,2242,50,0.5803609466522991
lncRNA_2977,2114,128,2242,51,0.5631369514625113
lncRNA_15219,2197,44,2241,29,0.5472677989408701
lncRNA_15665,2208,32,2240,59,0.5446991326391222
lncRNA_16935,2202,38,2240,103,0.5585579681631875
lncRNA_10182,2204,34,2238,63,0.5813369844625946
lncRNA_11951,2141,97,2238,122,0.5175503715260462
lncRNA_22832,2229,9,2238,17,0.5670254915381688
lncRNA_18784,2207,30,2237,14,0.5418301193263818
lncRNA_17524,2236,1,2237,38,0.5715723076498533
lncRNA_7135,2224,13,2237,48,0.5554612217572786
lncRNA_17525,2236,1,2237,38,0.5715723076498533
lncRNA_9594,2237,0,2237,45,0.5738926617812832
lncRNA_7678,2182,54,2236,48,0.6153573307753375
lncRNA_19916,2213,23,2236,58,0.602852769683567
lncRNA_16722,2215,20,2235,29,0.5519299225229365
lncRNA_6386,2213,22,2235,64,0.5950561085222184
lncRNA_12993,2156,78,2234,94,0.5256558130580872
lncRNA_12803,2205,28,2233,27,0.5533131009197874
lncRNA_639,2221,11,2232,56,0.5459622840621204
lncRNA_11952,2137,93,2230,121,0.5191470531061507
lncRNA_10116,2227,2,2229,31,0.5613557796956034
lncRNA_20678,2224,3,2227,25,0.5655155265157896
lncRNA_12522,2115,110,2225,16,0.5124215985671725
lncRNA_8765,2066,158,2224,51,0.49885707808800184
lncRNA_13776,2212,4,2216,99,0.5554938821749408
lncRNA_1357,2189,26,2215,79,0.5540633713868279
lncRNA_10142,2203,10,2213,43,0.5963019707880423
lncRNA_18924,2198,11,2209,45,0.5616040267400995
lncRNA_18043,2186,22,2208,45,0.5570586641111637
lncRNA_18145,2190,14,2204,42,0.5507063220774475
lncRNA_15190,2183,20,2203,59,0.6136911504246041
lncRNA_9191,1857,346,2203,52,0.45130577592706783
lncRNA_8270,2190,13,2203,71,0.5546151719679732
lncRNA_4569,2183,19,2202,17,0.5537973120849655
lncRNA_11251,2197,5,2202,59,0.5685901156805035
lncRNA_23574,2172,29,2201,60,0.5526772566017238
lncRNA_23359,2198,3,2201,23,0.5553958105947726
lncRNA_9562,2167,33,2200,58,0.5515635971928818
lncRNA_16555,2195,5,2200,54,0.5617268657378208
lncRNA_9965,2173,25,2198,65,0.561777266741519
lncRNA_19312,2190,7,2197,58,0.6063274581005124
lncRNA_9005,2163,30,2193,24,0.5459220971356197
lncRNA_22487,2099,94,2193,28,0.5132044656816365
lncRNA_15187,2170,22,2192,58,0.6155576422928881
lncRNA_20110,2156,33,2189,52,0.5449874037439134
lncRNA_20172,2151,34,2185,72,0.5624964129319407
lncRNA_20490,2158,26,2184,14,0.5491493641655311
lncRNA_20430,2151,32,2183,27,0.5492624098121142
lncRNA_20429,2149,32,2181,27,0.5495064745053557
lncRNA_13155,2175,5,2180,24,0.5531298137412137
lncRNA_012,2161,19,2180,50,0.6052485059751105
lncRNA_22037,2168,12,2180,64,0.5798632625576486
lncRNA_13588,2148,31,2179,30,0.5469772961812237
lncRNA_16216,2172,7,2179,44,0.5703832546383052
lncRNA_4649,2170,8,2178,51,0.5523112230990059
lncRNA_4648,2170,8,2178,51,0.5523112230990059
lncRNA_3663,2143,35,2178,42,0.5357953896213944
lncRNA_9798,2037,141,2178,50,0.5648441287699122
lncRNA_18837,2175,0,2175,52,0.5589137095561522
lncRNA_13895,1973,202,2175,113,0.4846930357317135
lncRNA_10186,2140,32,2172,62,0.5813413487314592
lncRNA_1844,2114,57,2171,114,0.542948615004648
lncRNA_4145,2150,19,2169,50,0.6236843528847958
lncRNA_22288,2150,18,2168,53,0.5966898672176684
lncRNA_9633,2109,58,2167,49,0.5900627690479077
lncRNA_7385,2125,39,2164,47,0.5452801706978523
lncRNA_7386,2125,39,2164,47,0.5452801706978523
lncRNA_7388,2125,39,2164,47,0.5452801706978523
lncRNA_7387,2125,39,2164,47,0.5452801706978523
lncRNA_9799,2038,124,2162,50,0.5720931678814136
lncRNA_13978,2147,15,2162,52,0.6150184398008663
lncRNA_6469,2160,1,2161,48,0.5617090846177275
lncRNA_9800,2035,123,2158,50,0.5728184919665498
lncRNA_3269,2137,21,2158,30,0.5643039687726782
lncRNA_1159,2152,5,2157,38,0.5660853187138338
lncRNA_11768,1741,415,2156,48,0.410217680598459
lncRNA_6675,2135,18,2153,46,0.5507840353945112
lncRNA_17579,2148,4,2152,41,0.5484955614973623
lncRNA_219,2146,4,2150,46,0.5787993423730003
lncRNA_8766,2148,2,2150,37,0.557525129878656
lncRNA_2337,2068,81,2149,35,0.5179594601514413
lncRNA_9118,2149,0,2149,41,0.5651266631334155
lncRNA_23147,2125,24,2149,45,0.5389549877282186
lncRNA_10514,2103,45,2148,39,0.5483244594344868
lncRNA_7820,2105,42,2147,24,0.5408920243756726
lncRNA_6147,2140,3,2143,64,0.5510536180286913
lncRNA_9836,2115,24,2139,59,0.5888539113951516
lncRNA_15189,2117,22,2139,57,0.6183942604001801
lncRNA_7777,2107,32,2139,37,0.5433804176435629
lncRNA_7778,2107,32,2139,37,0.5433804176435629
lncRNA_3206,2119,18,2137,22,0.5617868603634599
lncRNA_18192,1927,210,2137,85,0.4905081771045223
lncRNA_5501,2134,3,2137,66,0.5559490374843715
lncRNA_17920,2076,59,2135,43,0.5363066430219311
lncRNA_10477,2044,91,2135,32,0.5226038764582813
lncRNA_20358,1873,262,2135,39,0.476726531725163
lncRNA_20888,2089,45,2134,82,0.5395784784576853
lncRNA_18193,2105,28,2133,54,0.5407555778855806
lncRNA_23939,2132,0,2132,53,0.5590118559376371
lncRNA_14128,2120,12,2132,62,0.5565075937292223
lncRNA_4405,2127,3,2130,66,0.5794518721612764
lncRNA_4842,2123,7,2130,58,0.5640520745879419
lncRNA_6112,2070,60,2130,67,0.5398427364208388
lncRNA_4840,2120,7,2127,58,0.564100055827126
lncRNA_4841,2120,7,2127,58,0.564100055827126
lncRNA_5382,2104,23,2127,18,0.5411278817539313
lncRNA_14917,2104,20,2124,44,0.5654994905384476
lncRNA_556,2119,4,2123,72,0.5922552850033315
lncRNA_559,2117,5,2122,72,0.5882024253108793
lncRNA_16828,2111,10,2121,59,0.5919413467527277
lncRNA_7898,2102,17,2119,47,0.5457645294436803
lncRNA_8767,2117,2,2119,36,0.5571222893812616
lncRNA_22043,2068,50,2118,64,0.5460798543565397
lncRNA_18742,2071,47,2118,95,0.5355146742575184
lncRNA_558,2111,5,2116,72,0.5891047287285524
lncRNA_23470,2042,73,2115,67,0.5288272909638685
lncRNA_11000,2098,14,2112,23,0.5593069317645898
lncRNA_2760,2106,5,2111,21,0.5534418666488619
lncRNA_7265,2025,86,2111,27,0.5262799016076004
lncRNA_3436,2063,47,2110,33,0.5410381216921292
lncRNA_3432,2063,47,2110,33,0.5410381216921292
lncRNA_240,2075,35,2110,71,0.5394318223895339
lncRNA_20793,2102,8,2110,72,0.5516146312029897
lncRNA_22571,2106,2,2108,41,0.5653409268744282
lncRNA_5507,2083,25,2108,54,0.5878193954463435
lncRNA_8682,2105,3,2108,46,0.5598514847683402
lncRNA_4257,2075,31,2106,47,0.5603368129522965
lncRNA_8634,2004,100,2104,49,0.5779735348397771
lncRNA_9864,2055,49,2104,80,0.5360208397596856
lncRNA_16682,2015,88,2103,70,0.522633544500777
lncRNA_4406,2098,4,2102,65,0.5779599168255491
lncRNA_13880,2080,22,2102,39,0.5517918931281511
lncRNA_8365,2017,84,2101,43,0.5218822880552668
lncRNA_11767,1680,420,2100,48,0.3999023342439278
lncRNA_20131,2098,2,2100,37,0.5788784330511335
lncRNA_5560,2089,11,2100,62,0.5570404294773614
lncRNA_19529,2085,15,2100,48,0.5844006271775546
lncRNA_014,2082,18,2100,75,0.5451104958786058
lncRNA_5262,2057,41,2098,51,0.6086045404593109
lncRNA_18004,2053,44,2097,99,0.5391947302236472
lncRNA_15652,2092,5,2097,78,0.5709663989522742
lncRNA_9801,2089,6,2095,34,0.5523570335671588
lncRNA_23466,2026,67,2093,42,0.5241162120281149
lncRNA_15270,2060,31,2091,34,0.552464596414245
lncRNA_13294,2064,26,2090,113,0.5500515529813562
lncRNA_21812,2079,11,2090,37,0.5561277757002085
lncRNA_13559,2031,57,2088,62,0.5777572349991377
lncRNA_3729,2074,13,2087,58,0.5518165464555879
lncRNA_14632,1917,168,2085,44,0.5380948990269742
lncRNA_16648,2057,28,2085,45,0.6077614645000972
lncRNA_10037,2077,8,2085,19,0.5639698234047381
lncRNA_2254,1925,160,2085,51,0.5392951426895536
lncRNA_21284,2078,7,2085,114,0.549751470833241
lncRNA_5109,2070,13,2083,42,0.572489627191631
lncRNA_3677,2080,1,2081,58,0.5634739439243124
lncRNA_1373,2049,32,2081,55,0.5354064749934747
lncRNA_22424,2044,37,2081,51,0.5693277798317714
lncRNA_18525,1814,265,2079,107,0.45091992748381815
lncRNA_14129,2062,15,2077,60,0.5540819266674861
lncRNA_19311,2047,30,2077,53,0.598650388847434
lncRNA_14601,2064,10,2074,44,0.5523216902846809
lncRNA_14603,2064,10,2074,44,0.5523216902846809
lncRNA_23741,2074,0,2074,36,0.5761630856855086
lncRNA_20677,2071,3,2074,20,0.5621397755044414
lncRNA_14602,2064,10,2074,44,0.5523216902846809
lncRNA_14800,1749,324,2073,41,0.4125767796153348
lncRNA_13011,2064,8,2072,16,0.5549005712015412
lncRNA_10721,2003,68,2071,49,0.545214486064257
lncRNA_21452,2069,0,2069,45,0.5568659319755467
lncRNA_8074,2047,22,2069,36,0.5565510408061912
lncRNA_23990,1946,122,2068,44,0.5757573990043471
lncRNA_23148,2043,23,2066,43,0.5373369392962011
lncRNA_2027,1876,189,2065,111,0.4839623924687659
lncRNA_14761,1937,128,2065,105,0.505432756252168
lncRNA_12225,2056,8,2064,60,0.5518151521101977
lncRNA_8430,1949,114,2063,63,0.5063998275155176
lncRNA_5383,2036,27,2063,18,0.5398646389378583
lncRNA_15279,2044,19,2063,16,0.5525345143389065
lncRNA_19145,2057,6,2063,37,0.5589292500270631
lncRNA_10115,1993,70,2063,45,0.5323079456552507
lncRNA_20838,2061,1,2062,36,0.5504419049355692
lncRNA_11425,2054,8,2062,21,0.5498610029421427
lncRNA_9773,2051,9,2060,24,0.5621032903571465
lncRNA_23824,2012,47,2059,94,0.5467693991342357
lncRNA_9634,2009,48,2057,53,0.6103573184575273
lncRNA_5857,1985,71,2056,39,0.5303642974450078
lncRNA_12927,2027,29,2056,27,0.5423581574030556
lncRNA_011,2032,23,2055,44,0.6036866201321757
lncRNA_9350,2040,15,2055,31,0.5460069741986495
lncRNA_5226,2050,1,2051,47,0.5700420211151493
lncRNA_21530,2007,42,2049,51,0.5353558094491411
lncRNA_23989,1928,121,2049,44,0.576758820227115
lncRNA_13458,2045,4,2049,30,0.5575326419373037
lncRNA_22593,2044,3,2047,64,0.5730145562728592
lncRNA_4466,2046,1,2047,52,0.5551941282852836
lncRNA_8139,1854,193,2047,42,0.46853768788950134
lncRNA_3782,2035,8,2043,32,0.556715187595164
lncRNA_5002,1928,115,2043,80,0.5205546249769665
lncRNA_19530,2028,14,2042,48,0.5847656599420916
lncRNA_1731,2018,24,2042,29,0.5534807739194944
lncRNA_17243,2011,27,2038,89,0.5402472304367723
lncRNA_17846,1986,52,2038,50,0.6048555147054403
lncRNA_15169,2032,6,2038,39,0.5721354676637197
lncRNA_16961,1616,421,2037,48,0.39095577105842866
lncRNA_716,1962,73,2035,95,0.5304863910131431
lncRNA_14422,2017,18,2035,68,0.5605801326719339
lncRNA_18961,1826,208,2034,133,0.4722956197381438
lncRNA_8073,2012,22,2034,32,0.5560031923453888
lncRNA_3362,2017,16,2033,26,0.5492240147362929
lncRNA_8291,2026,6,2032,30,0.5615129673873706
lncRNA_14421,2013,18,2031,67,0.5597782016600085
lncRNA_16964,1622,409,2031,47,0.3970516585439406
lncRNA_6308,1999,31,2030,48,0.6106110474563831
lncRNA_16714,2008,21,2029,68,0.5491472374377043
lncRNA_6635,1984,43,2027,35,0.5362539211867441
lncRNA_6636,1984,43,2027,35,0.5362539211867441
lncRNA_17096,1919,106,2025,79,0.510609476617229
lncRNA_23102,2017,7,2024,52,0.5637224539637654
lncRNA_16962,1621,403,2024,46,0.40040962911383604
lncRNA_17899,1887,136,2023,49,0.5355775756299371
lncRNA_6653,1948,74,2022,90,0.5381264089819269
lncRNA_5108,1984,36,2020,40,0.5440034282205924
lncRNA_20761,2005,14,2019,38,0.5645723555410216
lncRNA_203,2011,6,2017,48,0.583820956032084
lncRNA_24023,2008,9,2017,56,0.56421321222328
lncRNA_14420,1994,22,2016,69,0.5584426388222226
lncRNA_16958,1673,343,2016,48,0.4360098998518479
lncRNA_9109,1989,27,2016,13,0.5515673840635439
lncRNA_4022,1941,75,2016,123,0.5336942311709885
lncRNA_3522,1982,33,2015,98,0.5425926625228242
lncRNA_15474,2013,1,2014,66,0.560719588106066
lncRNA_23100,1991,21,2012,26,0.5508455427094519
lncRNA_16044,1942,70,2012,88,0.5548098972842214
lncRNA_20519,1979,31,2010,13,0.550861554646548
lncRNA_23556,1949,60,2009,50,0.5727420386121419
lncRNA_22610,647,1362,2009,26,-0.20024196866916086
lncRNA_12915,1883,125,2008,15,0.5052365916312147
lncRNA_21539,1661,346,2007,117,0.3999390998112806
lncRNA_21541,1663,343,2006,117,0.4017382807714411
lncRNA_16159,1897,109,2006,25,0.5011097932473614
lncRNA_23149,1983,23,2006,44,0.536728375238756
lncRNA_2138,2004,0,2004,26,0.5679833243011798
lncRNA_9591,1883,121,2004,110,0.5116560285142829
lncRNA_21189,2004,0,2004,41,0.5619938883290939
lncRNA_23131,1889,114,2003,48,0.5507388732429792
lncRNA_15466,1996,7,2003,42,0.5513915572652559
lncRNA_16981,1640,362,2002,46,0.42283206759801606
lncRNA_16982,1640,362,2002,46,0.42283206759801606
lncRNA_19310,1971,31,2002,49,0.596961220050411
lncRNA_16984,1640,362,2002,46,0.42283206759801606
lncRNA_16983,1640,362,2002,46,0.42283206759801606
lncRNA_21771,1998,2,2000,34,0.5766991375019138
lncRNA_16987,1633,367,2000,47,0.41957076488475803
lncRNA_14259,1933,67,2000,29,0.5243585480637519
lncRNA_20289,1855,143,1998,132,0.4937107573212053
lncRNA_9429,1975,22,1997,49,0.6151202106098345
lncRNA_16959,1645,350,1995,48,0.4297764283285981
lncRNA_17187,1930,63,1993,82,0.5273399972200776
lncRNA_23565,1981,12,1993,54,0.5613176794797167
lncRNA_5413,1948,44,1992,41,0.5901273585973358
lncRNA_16986,1627,365,1992,46,0.4195363415978041
lncRNA_8014,1985,7,1992,29,0.5566022222538565
lncRNA_9472,1985,6,1991,46,0.5949634188268255
lncRNA_5412,1948,43,1991,42,0.5906805409491266
lncRNA_13205,1933,58,1991,38,0.5311549318897931
lncRNA_12059,1858,131,1989,34,0.499969091547744
lncRNA_3711,1985,3,1988,67,0.564713661957082
lncRNA_9423,1659,321,1980,36,0.43462195296030176
lncRNA_19175,1943,37,1980,48,0.556194505936411
lncRNA_15777,1947,32,1979,16,0.54950299795845
lncRNA_17191,1918,61,1979,80,0.527787153547697
lncRNA_15776,1947,32,1979,16,0.54950299795845
lncRNA_22047,1976,2,1978,45,0.5811284545648625
lncRNA_2208,1955,23,1978,47,0.6100311583761757
lncRNA_19059,1963,15,1978,31,0.5502915498606127
lncRNA_17593,1770,207,1977,116,0.4598914813957096
lncRNA_17190,1917,59,1976,80,0.5285547257900444
lncRNA_3781,1969,7,1976,31,0.5566198403657056
lncRNA_5284,1945,31,1976,33,0.5411417798421537
lncRNA_5283,1945,31,1976,33,0.5411417798421537
lncRNA_19176,1937,38,1975,50,0.5564840435290247
lncRNA_5263,1936,39,1975,45,0.6100500189107481
lncRNA_20973,1948,27,1975,41,0.5566893076267277
lncRNA_17184,1910,62,1972,82,0.5269746938630226
lncRNA_13635,1662,310,1972,114,0.4225699618502907
lncRNA_12449,1831,141,1972,105,0.5050025981659749
lncRNA_4696,1918,54,1972,115,0.5444283892405304
lncRNA_12450,1831,141,1972,105,0.5049825746961152
lncRNA_13325,1959,11,1970,56,0.570530066229628
lncRNA_15168,1965,4,1969,38,0.5739759479116766
lncRNA_10422,1897,71,1968,37,0.5286067653540473
lncRNA_2209,1944,23,1967,47,0.6106587209483693
lncRNA_11943,1961,6,1967,29,0.5669060561086969
lncRNA_19177,1930,37,1967,50,0.5568804727532464
lncRNA_15421,1965,2,1967,58,0.5592903970001794
lncRNA_20320,1960,6,1966,32,0.5521336817873278
lncRNA_16581,1939,25,1964,89,0.5439515087304047
lncRNA_2207,1941,23,1964,47,0.6100644609250312
lncRNA_24163,1950,13,1963,52,0.5601883821338222
lncRNA_4513,1748,214,1962,42,0.4867668072127506
lncRNA_13206,1905,57,1962,38,0.5306214508320115
lncRNA_12595,1862,100,1962,30,0.5085047568808722
lncRNA_10599,1937,24,1961,35,0.5467193343960407
lncRNA_23742,1960,0,1960,40,0.5727943900268962
lncRNA_8726,1952,8,1960,44,0.5792278739508426
lncRNA_9966,1956,4,1960,62,0.5553572661768686
lncRNA_19314,1952,8,1960,51,0.6058438750953302
lncRNA_12405,1922,32,1954,22,0.549691043107583
lncRNA_16268,1935,18,1953,46,0.5700284701182432
lncRNA_19979,1946,6,1952,42,0.5582811703211431
lncRNA_21622,1913,38,1951,62,0.5359965113885203
lncRNA_5672,1951,0,1951,44,0.558773862279989
lncRNA_16838,1613,337,1950,36,0.40572191598263807
lncRNA_10758,1929,21,1950,31,0.5427732400539377
lncRNA_18917,1928,22,1950,47,0.5901537227460603
lncRNA_21156,1930,19,1949,39,0.5540757466798886
lncRNA_7769,1945,3,1948,53,0.6030360592979592
lncRNA_10423,1877,71,1948,36,0.5282527719984104
lncRNA_4516,1906,40,1946,37,0.5812892936372518
lncRNA_23494,1817,129,1946,99,0.5109733129956492
lncRNA_8055,1937,9,1946,37,0.5557731146057481
lncRNA_20169,1944,0,1944,39,0.576276233318782
lncRNA_555,1933,11,1944,70,0.5975071368516479
lncRNA_22139,1909,35,1944,52,0.5452050480012526
lncRNA_7157,1935,7,1942,39,0.582451078113699
lncRNA_15654,1875,66,1941,55,0.5275018541238813
lncRNA_5472,1889,51,1940,21,0.5281312106194043
lncRNA_1429,1680,258,1938,59,0.4328317341154724
lncRNA_3630,1907,29,1936,30,0.5431713736388978
lncRNA_22967,1878,57,1935,46,0.5664749272057513
lncRNA_15847,1919,14,1933,48,0.541991443813085
lncRNA_4142,1930,3,1933,58,0.6075145546923678
lncRNA_16736,1929,3,1932,22,0.5586002330737582
lncRNA_17765,1899,33,1932,43,0.5394616660657722
lncRNA_3216,1929,2,1931,30,0.5504734398315868
lncRNA_18631,1918,12,1930,43,0.5605555077974861
lncRNA_20552,1838,92,1930,37,0.5037186350998304
lncRNA_3984,1928,1,1929,33,0.5788281709091314
lncRNA_7925,1821,106,1927,81,0.5155134396806231
lncRNA_5596,1927,0,1927,21,0.5590051239779783
lncRNA_2586,1895,31,1926,54,0.5389694497866392
lncRNA_19096,1902,23,1925,24,0.5630141533641527
lncRNA_14655,1904,20,1924,58,0.5497700786146301
lncRNA_23860,1892,31,1923,54,0.5839735620527374
lncRNA_1521,1922,1,1923,27,0.5606335045448808
lncRNA_13723,1903,18,1921,61,0.5481411338651466
lncRNA_23522,1524,396,1920,48,0.3635470640971357
lncRNA_2426,1882,38,1920,47,0.5408488254925092
lncRNA_3610,1915,1,1916,34,0.5551847360463377
lncRNA_8528,1900,16,1916,25,0.5474192858940826
lncRNA_21633,1897,19,1916,57,0.5581745663599309
lncRNA_15434,1879,37,1916,17,0.5415313649678285
lncRNA_19607,1909,5,1914,47,0.5821376089521013
lncRNA_1519,1912,1,1913,27,0.5612914968012409
lncRNA_13953,1911,0,1911,36,0.5590893623594344
lncRNA_20231,1903,7,1910,20,0.5509930114007264
lncRNA_087,1869,40,1909,22,0.5384496876839774
lncRNA_21772,1907,1,1908,31,0.557371757919526
lncRNA_15554,1906,2,1908,20,0.5572538029738037
lncRNA_5018,1786,122,1908,47,0.5538854457441148
lncRNA_11607,1875,32,1907,42,0.5554767563620274
lncRNA_470,1896,9,1905,26,0.5536657506031583
lncRNA_7988,1883,21,1904,38,0.5526280613239483
lncRNA_6496,1792,112,1904,18,0.49566924461120376
lncRNA_6337,1867,36,1903,45,0.6043136979201348
lncRNA_19077,1896,5,1901,40,0.5576907733600939
lncRNA_1544,1644,257,1901,91,0.4450430723949339
lncRNA_22970,1891,9,1900,46,0.561326076572693
lncRNA_22193,1894,5,1899,54,0.5500616896329729
lncRNA_5535,1896,1,1897,45,0.5496543492755313
lncRNA_22811,1843,53,1896,51,0.5815081053889235
lncRNA_23769,1868,27,1895,50,0.5661995477248782
lncRNA_5386,1588,306,1894,59,0.3987229867706629
lncRNA_7924,1782,112,1894,81,0.5099189760496825
lncRNA_19317,1844,49,1893,53,0.594648322624229
lncRNA_19316,1845,48,1893,53,0.5922571828006463
lncRNA_9297,1891,1,1892,41,0.5734437108708186
lncRNA_18437,1885,5,1890,53,0.5472190817359454
lncRNA_19774,1872,18,1890,55,0.5551034203107686
lncRNA_23820,1882,7,1889,43,0.5804560209320636
lncRNA_20899,1714,173,1887,129,0.46737141330007625
lncRNA_2100,1876,11,1887,75,0.5630713341283752
lncRNA_9177,1870,16,1886,27,0.5582505739359173
lncRNA_7021,1870,16,1886,35,0.5400233734476734
lncRNA_7383,1808,78,1886,20,0.5199834483793973
lncRNA_15750,1803,81,1884,19,0.5195834037496685
lncRNA_16941,1883,0,1883,36,0.5637135877178351
lncRNA_425,1878,5,1883,81,0.5658466214251496
lncRNA_4148,1572,308,1880,130,0.40223184364992864
lncRNA_6387,1831,46,1877,62,0.5692072132893489
lncRNA_4894,1843,31,1874,65,0.535468687798836
lncRNA_1518,1873,1,1874,32,0.5621591366655333
lncRNA_22102,1873,0,1873,41,0.5451577054556891
lncRNA_22415,1862,7,1869,58,0.569696860049705
lncRNA_1997,1847,20,1867,45,0.6194541100703712
lncRNA_1996,1847,20,1867,45,0.6194814809167907
lncRNA_6030,1863,4,1867,33,0.5597204849553187
lncRNA_18814,1857,8,1865,27,0.5562192657146969
lncRNA_22048,1862,2,1864,44,0.578713141322937
lncRNA_2427,1825,39,1864,45,0.5388094789204403
lncRNA_13501,1862,1,1863,73,0.5565426975839477
lncRNA_9424,1585,278,1863,29,0.44895249233984774
lncRNA_22425,1822,41,1863,50,0.564131690399044
lncRNA_5127,1756,104,1860,60,0.5006408706626998
lncRNA_8479,1829,30,1859,18,0.5421078570636982
lncRNA_14386,1807,51,1858,40,0.6111380467520504
lncRNA_5260,1788,70,1858,55,0.5362920220116955
lncRNA_1513,1856,1,1857,29,0.5614219540172701
lncRNA_19320,1809,47,1856,54,0.583802204791869
lncRNA_3988,1750,106,1856,42,0.5206102435928848
lncRNA_23865,1844,11,1855,37,0.5796553780748697
lncRNA_23020,1849,5,1854,18,0.5544273380764833
lncRNA_16579,1854,0,1854,68,0.5633591372055549
lncRNA_16003,1739,113,1852,111,0.5058309975553975
lncRNA_3072,1824,28,1852,48,0.5573842026980301
lncRNA_3788,1831,19,1850,44,0.5525436886766939
lncRNA_18958,1781,68,1849,59,0.5211594969089915
lncRNA_10750,1835,14,1849,49,0.5599951811014484
lncRNA_10811,1831,18,1849,93,0.5465940564707534
lncRNA_3286,1813,35,1848,53,0.5332970532275293
lncRNA_22420,1762,86,1848,49,0.5600936635724495
lncRNA_19958,1812,36,1848,19,0.5356528089237264
lncRNA_22044,1845,3,1848,62,0.577840689896935
lncRNA_17918,1822,24,1846,38,0.5513801478690952
lncRNA_18960,1582,262,1844,126,0.4225803859097738
lncRNA_14670,1835,9,1844,29,0.5424193573119974
lncRNA_3008,1841,1,1842,24,0.5485642350244325
lncRNA_3990,1716,126,1842,42,0.5076517227304262
lncRNA_3009,1841,1,1842,24,0.5485642350244325
lncRNA_16942,1842,0,1842,35,0.5634821613922338
lncRNA_3282,1764,75,1839,50,0.5205557381274057
lncRNA_3068,1809,29,1838,48,0.5565449502410795
lncRNA_2206,1817,21,1838,48,0.603522697476645
lncRNA_5945,1782,56,1838,14,0.5188967899165687
lncRNA_18408,1487,350,1837,24,0.3612905993147888
lncRNA_7311,1794,42,1836,39,0.5575982367756552
lncRNA_9515,1790,45,1835,42,0.5252399757223257
lncRNA_18839,1816,17,1833,62,0.5523693531947373
lncRNA_21985,1829,3,1832,57,0.5918617008535959
lncRNA_19179,1796,35,1831,49,0.5537902128070923
lncRNA_14608,1818,12,1830,35,0.555865621729982
lncRNA_7922,1807,23,1830,64,0.5628154174714449
lncRNA_23220,1758,71,1829,76,0.519747330517885
lncRNA_17703,1826,3,1829,21,0.5583323266550401
lncRNA_6463,1602,226,1828,27,0.4371140956957865
lncRNA_18147,1825,2,1827,25,0.5556947684654029
lncRNA_7143,1803,19,1822,46,0.5429139937087432
lncRNA_3440,1798,21,1819,42,0.5454146199847613
lncRNA_3441,1798,21,1819,42,0.5454146199847613
lncRNA_10165,1801,18,1819,58,0.5469384358895568
lncRNA_6388,1767,50,1817,60,0.5638626630159583
lncRNA_17189,1766,49,1815,72,0.5308351690836404
lncRNA_22423,1772,43,1815,49,0.5629102811641795
lncRNA_2823,1782,30,1812,22,0.5343116289028357
lncRNA_15072,1730,79,1809,21,0.5128799764872022
lncRNA_6919,1803,6,1809,25,0.5512294996716707
lncRNA_17443,1711,97,1808,41,0.5727186763004459
lncRNA_22111,1804,2,1806,17,0.5521684332695027
lncRNA_10790,1802,2,1804,39,0.564038583223293
lncRNA_8952,1698,105,1803,19,0.5026529079670558
lncRNA_14984,1669,134,1803,32,0.4914567894874942
lncRNA_16077,1800,3,1803,35,0.5635250141427239
lncRNA_11498,1787,15,1802,36,0.584259024691148
lncRNA_11499,1787,15,1802,36,0.584259024691148
lncRNA_21782,1765,35,1800,34,0.5361132923143852
lncRNA_763,1795,4,1799,24,0.5494274257141819
lncRNA_4072,1705,93,1798,26,0.49916952877719123
lncRNA_23726,1755,42,1797,36,0.5363908460676454
lncRNA_3073,1768,28,1796,46,0.5549725614523054
lncRNA_6968,1656,139,1795,45,0.5221128586272233
lncRNA_20763,1775,18,1793,30,0.5587150231271155
lncRNA_20762,1774,19,1793,30,0.5581074065415018
lncRNA_11115,1786,5,1791,38,0.5417245980849799
lncRNA_18329,1785,6,1791,18,0.5572167823894832
lncRNA_11798,1751,38,1789,85,0.5415180895858076
lncRNA_8814,1786,1,1787,23,0.54944671819775
lncRNA_7816,1779,6,1785,37,0.6242660994004817
lncRNA_23376,1770,15,1785,78,0.5427900113102558
lncRNA_4144,1784,0,1784,48,0.5957495854420403
lncRNA_16715,1782,2,1784,40,0.5578917043370404
lncRNA_15045,1784,0,1784,29,0.562076825730752
lncRNA_12239,1676,107,1783,25,0.5058247449506035
lncRNA_20051,1773,9,1782,23,0.5452464998379346
lncRNA_5990,1715,64,1779,57,0.5282421404307
lncRNA_7073,1348,430,1778,39,0.325688375975151
lncRNA_17585,1776,2,1778,38,0.548637842279335
lncRNA_18593,1729,48,1777,17,0.5421692310916955
lncRNA_12087,1769,7,1776,49,0.5422293118732392
lncRNA_21919,1628,148,1776,27,0.473640710070025
lncRNA_21471,955,821,1776,27,0.053323504773783906
lncRNA_22850,1749,26,1775,33,0.5417545984419517
lncRNA_6019,1721,53,1774,44,0.5423790046462478
lncRNA_23386,1747,27,1774,25,0.5459927376215615
lncRNA_21470,954,817,1771,27,0.05478389534775888
lncRNA_22919,1765,6,1771,47,0.5739263380956006
lncRNA_17465,1713,57,1770,12,0.5311175387936543
lncRNA_24011,1758,12,1770,47,0.5823881536393603
lncRNA_13247,1759,10,1769,41,0.6079427866419129
lncRNA_22918,1763,6,1769,47,0.5739233838315753
lncRNA_9478,1751,17,1768,19,0.5546858311537027
lncRNA_18953,1727,41,1768,43,0.5290076778595165
lncRNA_21732,1665,102,1767,18,0.5015569387205046
lncRNA_16963,1535,231,1766,42,0.47868179988176235
lncRNA_7222,1684,82,1766,46,0.5084258924539908
lncRNA_22847,1736,26,1762,32,0.5417735130012702
lncRNA_9511,1722,39,1761,19,0.5319143184603714
lncRNA_9368,1755,6,1761,56,0.5459258322273114
lncRNA_11119,1757,1,1758,52,0.5708221579145695
lncRNA_11012,1703,54,1757,34,0.540140499308933
lncRNA_16960,1508,246,1754,40,0.4664049966681957
lncRNA_21902,1746,6,1752,23,0.5638336599425345
lncRNA_12551,1723,28,1751,40,0.6272304948417481
lncRNA_12142,1634,117,1751,30,0.492118840370809
lncRNA_23879,1727,22,1749,28,0.541944570597442
lncRNA_4023,1699,50,1749,103,0.538904737750598
lncRNA_19670,1742,4,1746,46,0.5474181412431748
lncRNA_24104,1732,13,1745,20,0.5464070394124402
lncRNA_18002,1736,9,1745,41,0.5589273751496743
lncRNA_15969,1704,41,1745,32,0.5342860681432183
lncRNA_5308,1729,14,1743,42,0.6198685012966314
lncRNA_12867,1723,18,1741,26,0.546195909651845
lncRNA_14536,1507,234,1741,50,0.4431618138369779
lncRNA_12085,1706,35,1741,21,0.5462855464475286
lncRNA_19303,1731,10,1741,45,0.5602744377737543
lncRNA_13250,1737,2,1739,36,0.6007571507771637
lncRNA_5309,1725,14,1739,42,0.6196334493160003
lncRNA_21512,1692,47,1739,39,0.5275607716352667
lncRNA_22910,1726,12,1738,23,0.556643890516631
lncRNA_3779,1686,51,1737,90,0.5386706262537747
lncRNA_18272,1732,4,1736,39,0.6198950575114252
lncRNA_18668,1727,7,1734,42,0.5538646629084888
lncRNA_18271,1730,4,1734,39,0.6200012586168202
lncRNA_13428,1667,67,1734,18,0.5109424822231192
lncRNA_13377,1710,24,1734,69,0.536885744008786
lncRNA_7669,1712,21,1733,42,0.5435796420417746
lncRNA_17046,1703,30,1733,43,0.529224748221172
lncRNA_23923,1579,153,1732,102,0.4792103517286675
lncRNA_10183,1727,5,1732,45,0.5745168751059644
lncRNA_12781,1624,106,1730,24,0.49909522330712386
lncRNA_19724,1705,25,1730,19,0.5377701967430585
lncRNA_7666,1726,4,1730,43,0.5555570816865596
lncRNA_23977,1674,54,1728,29,0.5333510073295888
lncRNA_1024,1623,103,1726,29,0.4965438929996259
lncRNA_1517,1723,1,1724,35,0.5687762316871324
lncRNA_1309,1710,13,1723,40,0.5574103141660876
lncRNA_21543,1428,290,1718,112,0.39707514195862764
lncRNA_7751,1638,79,1717,60,0.5362171037019039
lncRNA_16702,1644,73,1717,101,0.5199555182204518
lncRNA_22439,1480,237,1717,66,0.4286598663872916
lncRNA_6706,1713,3,1716,28,0.5486042299558836
lncRNA_12952,1674,41,1715,32,0.5515608052677696
lncRNA_4617,1635,80,1715,53,0.5115633874441872
lncRNA_22916,1642,73,1715,30,0.5251595214024138
lncRNA_11999,1577,138,1715,25,0.47870480053954045
lncRNA_7661,1712,1,1713,65,0.5682589235666581
lncRNA_5868,1683,29,1712,21,0.5327904785417659
lncRNA_13148,1621,89,1710,40,0.5727420199827411
lncRNA_11124,1686,23,1709,46,0.5483064421730668
lncRNA_11123,1686,23,1709,46,0.5483064421730668
lncRNA_10506,1697,11,1708,41,0.5435950300716902
lncRNA_16617,1617,90,1707,58,0.503165417179158
lncRNA_23595,1685,19,1704,55,0.5409545443015866
lncRNA_691,1704,0,1704,30,0.5550122162962003
lncRNA_3839,1673,29,1702,36,0.5434994667871004
lncRNA_1515,1700,1,1701,32,0.5641697741395323
lncRNA_6435,1545,156,1701,39,0.5074013786852303
lncRNA_21209,1584,117,1701,35,0.49810639882924346
lncRNA_5450,1666,35,1701,26,0.5356266305524426
lncRNA_21190,1615,81,1696,68,0.5071054527042751
lncRNA_16685,1667,29,1696,74,0.5354817357121577
lncRNA_761,1680,16,1696,106,0.5507919805921423
lncRNA_13560,1625,70,1695,45,0.5643582592490508
lncRNA_1639,1686,7,1693,26,0.5490365823098375
lncRNA_1483,1685,8,1693,19,0.5435493433493569
lncRNA_20746,1492,199,1691,33,0.44090633219247727
lncRNA_16582,1669,22,1691,80,0.5402129213730047
lncRNA_20755,1496,195,1691,33,0.4435656347519366
lncRNA_8659,1652,39,1691,57,0.5438421952683905
lncRNA_21191,1609,81,1690,68,0.5069091745282738
lncRNA_9635,1630,59,1689,43,0.5893561008482241
lncRNA_14661,1657,31,1688,32,0.578655291647086
lncRNA_17011,1625,61,1686,40,0.5894843585140708
lncRNA_22472,1647,39,1686,31,0.5430335727731564
lncRNA_7707,1686,0,1686,40,0.5555256069054102
lncRNA_19192,1650,36,1686,40,0.5414174286086736
lncRNA_17749,1664,20,1684,18,0.5454654396491728
lncRNA_9457,1677,6,1683,41,0.5556414056195199
lncRNA_9503,1647,35,1682,34,0.5295101226439797
lncRNA_4834,1312,369,1681,31,0.3561310641619071
lncRNA_9537,1676,5,1681,29,0.5473144762522596
lncRNA_7350,1597,84,1681,46,0.5368313122338471
lncRNA_17018,1618,63,1681,40,0.588900507056993
lncRNA_17000,1618,62,1680,40,0.5897198670814844
lncRNA_17012,1618,62,1680,40,0.5897403851097113
lncRNA_17014,1618,62,1680,40,0.5897307027310039
lncRNA_3787,1651,28,1679,23,0.5421373968268981
lncRNA_9371,1652,25,1677,48,0.5760002660937892
lncRNA_9265,1617,59,1676,15,0.5184915253753621
lncRNA_12147,1553,122,1675,28,0.48645964392027413
lncRNA_9963,1635,40,1675,47,0.5577005972143705
lncRNA_1828,1605,66,1671,26,0.5154608341949991
lncRNA_1829,1605,66,1671,26,0.5154608341949991
lncRNA_8890,1668,2,1670,36,0.55006986508202
lncRNA_20909,1668,2,1670,64,0.5531158348209607
lncRNA_20908,1668,2,1670,64,0.5531158348209607
lncRNA_15442,1664,4,1668,47,0.5510761691483647
lncRNA_15495,1620,47,1667,36,0.5273274576177451
lncRNA_7723,1658,9,1667,47,0.567848641774905
lncRNA_21119,1591,76,1667,39,0.5105574756021357
lncRNA_16580,1644,22,1666,83,0.5433500594443962
lncRNA_15942,1641,25,1666,32,0.5324117220714472
lncRNA_17352,1658,8,1666,30,0.5502063014423595
lncRNA_8117,1655,10,1665,22,0.5473101677149782
lncRNA_16101,1638,26,1664,32,0.5438438953939522
lncRNA_16104,1638,26,1664,32,0.5438438953939522
lncRNA_13798,1656,8,1664,31,0.543673548186916
lncRNA_16672,1611,52,1663,22,0.5358696050980535
lncRNA_7496,1650,12,1662,38,0.5401210531189069
lncRNA_16862,1638,24,1662,35,0.5535349578597588
lncRNA_5498,1652,9,1661,30,0.5534440470407822
lncRNA_20252,1601,56,1657,22,0.5222504780081164
lncRNA_20247,1601,56,1657,22,0.5222504780081164
lncRNA_18277,1654,3,1657,40,0.6221212395591814
lncRNA_18276,1654,3,1657,40,0.62194428906979
lncRNA_20237,1601,56,1657,22,0.5222441622928239
lncRNA_20245,1601,56,1657,22,0.5222441622928239
lncRNA_5955,1598,59,1657,38,0.6030539115787683
lncRNA_18274,1653,3,1656,40,0.6218369448759965
lncRNA_3806,1648,8,1656,58,0.5448372068357256
lncRNA_18275,1653,3,1656,40,0.6222166895500034
lncRNA_10185,1626,29,1655,44,0.5613756479930111
lncRNA_10305,1588,67,1655,16,0.5134734530526756
lncRNA_4062,1645,9,1654,35,0.5679515575872712
lncRNA_5455,1603,51,1654,31,0.5282711690955584
lncRNA_5449,1603,51,1654,31,0.5282711690955584
lncRNA_23914,1595,59,1654,18,0.5183944498131658
lncRNA_5454,1603,51,1654,31,0.5282711690955584
lncRNA_5448,1603,51,1654,31,0.5282711690955584
lncRNA_12892,1641,12,1653,40,0.5843053343444873
lncRNA_3835,1611,40,1651,41,0.5979173461217664
lncRNA_3836,1610,40,1650,41,0.5978478541726696
lncRNA_11394,1575,75,1650,13,0.5088798236331037
lncRNA_21975,1622,28,1650,75,0.5335348849876447
lncRNA_13831,1571,78,1649,24,0.5182748450499747
lncRNA_5216,1590,59,1649,35,0.5840751757337663
lncRNA_3817,1608,40,1648,41,0.5978874545874231
lncRNA_6695,1574,74,1648,34,0.5092340876497446
lncRNA_19450,1613,34,1647,35,0.5510847170821266
lncRNA_22961,1550,97,1647,19,0.49240229854890516
lncRNA_10729,1644,2,1646,40,0.5558861538660936
lncRNA_11795,1599,47,1646,25,0.5207776489504722
lncRNA_3963,1570,75,1645,38,0.5428051867928141
lncRNA_12726,1581,63,1644,40,0.5391264265006133
lncRNA_16100,1582,62,1644,32,0.5145378732630604
lncRNA_6628,1557,87,1644,36,0.5044567033300904
lncRNA_21382,1549,92,1641,32,0.5035360417662798
lncRNA_17322,1640,1,1641,46,0.5470181099409667
lncRNA_6166,1486,154,1640,26,0.4687113509011766
lncRNA_11063,1635,5,1640,34,0.5447424206630125
lncRNA_20850,1614,24,1638,63,0.5489362408965934
lncRNA_15719,1603,34,1637,61,0.5472577052861902
lncRNA_9328,1574,62,1636,22,0.5154232750058038
lncRNA_18560,1625,8,1633,42,0.5614587591534687
lncRNA_10792,1627,6,1633,38,0.5558581739960358
lncRNA_17150,1583,49,1632,52,0.5310200136182326
lncRNA_13362,1630,1,1631,17,0.5470875603866376
lncRNA_13948,1621,10,1631,20,0.5435837295755288
lncRNA_18493,1621,8,1629,32,0.5527408867310345
lncRNA_6925,1544,84,1628,24,0.5044654110473182
lncRNA_20965,108,1520,1628,19,-0.48022699950909237
lncRNA_21003,1627,0,1627,25,0.5446381990260142
lncRNA_22974,1558,69,1627,24,0.5125361444661308
lncRNA_17723,1592,35,1627,24,0.5353363570359856
lncRNA_22022,1443,183,1626,116,0.44982608966848614
lncRNA_17640,1605,21,1626,36,0.5393693930518529
lncRNA_15433,1581,45,1626,14,0.5319903412582188
lncRNA_9069,1621,4,1625,30,0.5502075268838094
lncRNA_19391,1564,60,1624,19,0.5168465652115927
lncRNA_11799,1620,4,1624,88,0.5530785684926487
lncRNA_8554,1622,0,1622,28,0.553763093697829
lncRNA_14205,1573,49,1622,53,0.5291666407368235
lncRNA_4404,1609,11,1620,58,0.5642288422093009
lncRNA_5222,1468,151,1619,20,0.46642627559331445
lncRNA_7745,1511,108,1619,66,0.5084529777832126
lncRNA_17186,1567,52,1619,72,0.5227623382797129
lncRNA_7746,1511,108,1619,66,0.5084529777832126
lncRNA_12148,1531,86,1617,32,0.5025663410292337
lncRNA_15703,1544,73,1617,50,0.513579036383238
lncRNA_14995,1565,51,1616,47,0.5293593260624715
lncRNA_14718,1608,7,1615,35,0.6174579576389844
lncRNA_2336,1544,71,1615,24,0.5071561598630072
lncRNA_11329,1601,12,1613,43,0.5521490565531757
lncRNA_1148,1603,8,1611,21,0.5553447461504405
lncRNA_3469,1510,101,1611,8,0.5016044011083723
lncRNA_6967,1595,16,1611,41,0.5990671180018392
lncRNA_3820,1563,47,1610,41,0.5920869334303991
lncRNA_5980,1506,104,1610,28,0.49154804767329485
lncRNA_3819,1563,47,1610,41,0.5920797954584
lncRNA_5981,1506,104,1610,28,0.49154804767329485
lncRNA_4043,1442,167,1609,29,0.4527542536613209
lncRNA_7704,1600,9,1609,50,0.5405272740837296
lncRNA_12863,1489,119,1608,38,0.48659272283262406
lncRNA_11982,1560,47,1607,36,0.5333960223055038
lncRNA_3470,1509,98,1607,7,0.5031788672610032
lncRNA_5148,1502,105,1607,45,0.4891399059845626
lncRNA_10454,1597,8,1605,22,0.5448142307417856
lncRNA_417,1483,121,1604,32,0.4975791528485361
lncRNA_9075,1551,53,1604,22,0.522540350545949
lncRNA_23041,1596,8,1604,19,0.5544164125381114
lncRNA_8676,1563,40,1603,28,0.5259726111264957
lncRNA_5105,1582,20,1602,61,0.5404341621147916
lncRNA_4037,1600,1,1601,21,0.550215651261805
lncRNA_12864,1484,117,1601,40,0.48641983585145065
lncRNA_15046,1553,47,1600,42,0.5701190094808731
lncRNA_3625,1457,143,1600,13,0.46824116181845193
lncRNA_13729,1592,8,1600,27,0.5722688708375776
lncRNA_20183,1597,3,1600,19,0.5465425203415739
lncRNA_3626,1457,143,1600,13,0.46824116181845193
lncRNA_9967,1577,22,1599,34,0.5641784292189141
lncRNA_16687,1588,11,1599,74,0.5450853635548398
lncRNA_16686,1588,11,1599,74,0.5450853635548398
lncRNA_7979,1597,1,1598,15,0.5440270722116828
lncRNA_4407,1590,8,1598,46,0.563621912082631
lncRNA_20687,1590,8,1598,18,0.5632853802966307
lncRNA_9543,1569,28,1597,18,0.5514069177977408
lncRNA_8974,1581,16,1597,21,0.5442938603965772
lncRNA_14204,1548,48,1596,52,0.5290624844198227
lncRNA_15441,1588,8,1596,49,0.5981607046793039
lncRNA_16945,1511,84,1595,34,0.5046936984669753
lncRNA_1831,1560,34,1594,33,0.5408168301310544
lncRNA_9422,1458,136,1594,32,0.49308390065003127
lncRNA_1830,1560,34,1594,33,0.5408168301310544
lncRNA_1832,1560,34,1594,33,0.5408168301310544
lncRNA_4165,1590,4,1594,39,0.5493829115174987
lncRNA_21358,1584,10,1594,64,0.551931396605776
lncRNA_8277,1218,375,1593,24,0.2969906262087246
lncRNA_12794,1572,20,1592,47,0.536257706728443
lncRNA_17748,1582,9,1591,30,0.540752188398521
lncRNA_12865,1475,116,1591,39,0.4867358127744265
lncRNA_22090,1494,96,1590,44,0.5001779458862425
lncRNA_13055,1582,8,1590,36,0.5788581957395368
lncRNA_20688,1581,8,1589,18,0.5631331166809347
lncRNA_363,1578,10,1588,26,0.5453989308235373
lncRNA_3504,1576,12,1588,23,0.5487027811889253
lncRNA_16874,1521,66,1587,32,0.5143516873949483
lncRNA_13713,1552,35,1587,14,0.5425590955634622
lncRNA_12861,1466,121,1587,36,0.48415482927842657
lncRNA_12862,1463,121,1584,36,0.48400337251051445
lncRNA_16651,1562,21,1583,27,0.5369507464676844
lncRNA_21728,1572,11,1583,45,0.6060333938835849
lncRNA_16585,1561,22,1583,74,0.5360840961121249
lncRNA_10609,1573,8,1581,36,0.5587635581309943
lncRNA_7092,1532,47,1579,24,0.5254265213345168
lncRNA_7744,1456,122,1578,62,0.4981557209671818
lncRNA_5542,1562,16,1578,16,0.5385689322826046
lncRNA_7626,1561,12,1573,11,0.5528136529489827
lncRNA_12136,1470,100,1570,40,0.49257202271826805
lncRNA_485,1546,24,1570,12,0.5481516088304358
lncRNA_24000,1469,100,1569,15,0.48908297713154014
lncRNA_16389,1559,6,1565,33,0.5623203116528369
lncRNA_11976,1548,16,1564,52,0.5695157293399009
lncRNA_16583,1541,22,1563,75,0.5372316538780088
lncRNA_5916,1561,1,1562,17,0.5488495114404754
lncRNA_3818,1528,32,1560,42,0.5967977981848916
lncRNA_3965,1470,90,1560,37,0.5295409650820506
lncRNA_3697,1551,8,1559,26,0.5426280332696874
lncRNA_8601,1555,4,1559,38,0.547337587445671
lncRNA_10117,1489,69,1558,43,0.5364988666876461
lncRNA_13031,1415,143,1558,47,0.4699505700042223
lncRNA_17045,1549,7,1556,34,0.6061203875807551
lncRNA_19923,1547,9,1556,36,0.546135137775651
lncRNA_22421,1511,44,1555,44,0.5443370494415047
lncRNA_3270,1546,9,1555,21,0.5505210840010993
lncRNA_14950,1547,8,1555,27,0.5532648749425302
lncRNA_239,1515,38,1553,30,0.5266204480778169
lncRNA_7228,1526,26,1552,33,0.5488229140815092
lncRNA_21285,1548,0,1548,43,0.5523463154325066
lncRNA_11469,1364,184,1548,118,0.4364868649851976
lncRNA_15281,1468,80,1548,34,0.5646989165565122
lncRNA_19609,1538,9,1547,37,0.6059815707023782
lncRNA_14294,1547,0,1547,55,0.5481330530593277
lncRNA_12866,1433,113,1546,38,0.48629818004694186
lncRNA_16584,1524,22,1546,75,0.5363941436927522
lncRNA_3103,1526,20,1546,22,0.5341750041407478
lncRNA_6958,1488,58,1546,42,0.5881365265108486
lncRNA_7091,1498,48,1546,24,0.5232770214984707
lncRNA_23113,1545,1,1546,45,0.5628658185014853
lncRNA_16641,1534,8,1542,12,0.5436002352729754
lncRNA_6391,1494,47,1541,18,0.5212910070256634
lncRNA_1265,300,1241,1541,19,-0.3429527383114914
lncRNA_2902,1537,4,1541,36,0.5971113459520044
lncRNA_3964,1454,86,1540,35,0.5303051514459688
lncRNA_12860,1419,121,1540,35,0.4812340165346791
lncRNA_4667,1518,21,1539,37,0.5398492605399884
lncRNA_4668,1518,20,1538,37,0.5401809912465746
lncRNA_4666,1517,20,1537,37,0.5402964166892428
lncRNA_18492,1536,0,1536,16,0.554861704537248
lncRNA_10864,1497,38,1535,24,0.5245015320385413
lncRNA_20380,1514,21,1535,42,0.5797556668692238
lncRNA_8565,1521,14,1535,62,0.5466517284087562
lncRNA_20130,1402,132,1534,55,0.4894423666497116
lncRNA_20554,1525,6,1531,21,0.5568569617746675
lncRNA_10769,1517,14,1531,40,0.5368083619928332
lncRNA_11468,1295,234,1529,120,0.40334596494778535
lncRNA_18504,1415,111,1526,15,0.48300717939018434
lncRNA_18503,1415,111,1526,15,0.48300717939018434
lncRNA_12164,1482,44,1526,36,0.5294214475149097
lncRNA_14008,1436,89,1525,47,0.5144392199322202
lncRNA_22360,1525,0,1525,24,0.563615965428202
lncRNA_1136,1486,39,1525,17,0.526804060776684
lncRNA_7063,1440,85,1525,39,0.5001019497889803
lncRNA_20377,1506,18,1524,27,0.5547062695761297
lncRNA_2615,1518,5,1523,35,0.5470686469866123
lncRNA_7590,1496,24,1520,41,0.5365396255518532
lncRNA_2529,1405,114,1519,46,0.5233991304064634
lncRNA_18336,1502,15,1517,29,0.5505369495582643
lncRNA_21483,1505,9,1514,17,0.5401118381752259
lncRNA_569,1511,3,1514,39,0.5551076596342871
lncRNA_23104,1498,15,1513,25,0.5476657190207181
lncRNA_16277,1461,50,1511,30,0.5220950398759129
lncRNA_11910,1456,55,1511,19,0.5177278193489376
lncRNA_4306,1217,294,1511,31,0.4078593455105171
lncRNA_18273,1507,4,1511,36,0.6192423933762813
lncRNA_21153,1353,156,1509,85,0.47377758918330454
lncRNA_16988,1111,396,1507,29,0.3125678206134353
lncRNA_1093,1503,3,1506,34,0.5507692597484454
lncRNA_12146,1386,120,1506,24,0.4770685506147583
lncRNA_3628,1364,142,1506,11,0.462592356256845
lncRNA_20764,1502,4,1506,9,0.5471443971994651
lncRNA_5442,1501,5,1506,51,0.5603674953965996
lncRNA_23101,1489,15,1504,25,0.5477063748784345
lncRNA_8523,1479,25,1504,23,0.5363355957103534
lncRNA_6644,1375,128,1503,33,0.4692986374680778
lncRNA_14658,1451,50,1501,65,0.5178756934156109
lncRNA_15374,1445,56,1501,15,0.5102764363213587
lncRNA_5508,1479,21,1500,35,0.5613931880891981
lncRNA_12261,1489,11,1500,53,0.5438646096624679
lncRNA_16650,1485,15,1500,24,0.5390146698322089
lncRNA_22661,1496,3,1499,11,0.5542783195536943
lncRNA_19442,1494,4,1498,63,0.5484870620473545
lncRNA_2778,1494,4,1498,33,0.5456421558366003
lncRNA_21150,1442,56,1498,15,0.5174108336936515
lncRNA_6965,1481,17,1498,36,0.5992820398507033
lncRNA_15096,1393,105,1498,37,0.5464428499095564
lncRNA_8135,1259,238,1497,35,0.3901233116778257
lncRNA_4307,1217,280,1497,32,0.4168570934312628
lncRNA_4304,1215,282,1497,32,0.41502507666562316
lncRNA_23240,1448,47,1495,95,0.5281757587874906
lncRNA_23241,1448,47,1495,95,0.5281757587874906
lncRNA_21804,1490,5,1495,36,0.5495734993295582
lncRNA_15687,1482,12,1494,31,0.5558634246243491
lncRNA_22300,1492,0,1492,33,0.5519151276463299
lncRNA_20686,1486,6,1492,18,0.5616479984367874
lncRNA_4825,1482,9,1491,16,0.5504679175012619
lncRNA_19451,1460,31,1491,31,0.5527742106972579
lncRNA_14997,1471,19,1490,75,0.5468004609518997
lncRNA_22301,1488,1,1489,42,0.5513837431611534
lncRNA_4305,1194,295,1489,31,0.4028350693976224
lncRNA_23177,1433,55,1488,35,0.5246808612423957
lncRNA_3289,1401,87,1488,100,0.5028271587546117
lncRNA_21309,1482,5,1487,30,0.5468124116792432
lncRNA_3508,1334,153,1487,13,0.45489015833328994
lncRNA_19510,1469,18,1487,35,0.5663212011320908
lncRNA_14173,1473,13,1486,41,0.593152008101154
lncRNA_22150,1371,115,1486,34,0.47689709351271375
lncRNA_19509,1467,18,1485,35,0.5663615578355908
lncRNA_23768,1477,8,1485,9,0.5535475857424388
lncRNA_20288,1379,105,1484,123,0.4907663830765245
lncRNA_717,1455,28,1483,57,0.5409391823694251
lncRNA_11145,1441,42,1483,18,0.5204843781191626
lncRNA_2868,1467,15,1482,16,0.5566185620863491
lncRNA_6190,1412,70,1482,35,0.5085487521077252
lncRNA_12704,1418,63,1481,17,0.5091618074960756
lncRNA_14174,1466,15,1481,41,0.592055055503528
lncRNA_19685,1327,153,1480,25,0.4506795521540482
lncRNA_9435,1471,5,1476,29,0.5488037118395759
lncRNA_19409,1442,33,1475,17,0.536662940822434
lncRNA_22917,1391,84,1475,27,0.508433017244761
lncRNA_822,1334,140,1474,51,0.4741765239130157
lncRNA_6189,1403,70,1473,35,0.5078662923536562
lncRNA_18836,1468,4,1472,33,0.5525279264784982
lncRNA_13867,1465,6,1471,24,0.552455007896776
lncRNA_15813,1458,12,1470,42,0.5630985623003724
lncRNA_10853,1443,27,1470,31,0.5444685265528981
lncRNA_12729,990,479,1469,40,0.2256434007452921
lncRNA_1966,1464,4,1468,50,0.5642093424622221
lncRNA_18309,1370,98,1468,30,0.49715752046028594
lncRNA_7688,1418,49,1467,14,0.5159394447058934
lncRNA_3840,1445,21,1466,25,0.5449829549981744
lncRNA_5345,1366,100,1466,14,0.4836381425316246
lncRNA_720,1448,18,1466,26,0.5395999879317439
lncRNA_3982,1385,78,1463,17,0.49849102300933534
lncRNA_20806,1449,10,1459,18,0.535996588242343
lncRNA_23279,1414,45,1459,38,0.6093760996601538
lncRNA_10114,1454,4,1458,57,0.5501473141004666
lncRNA_484,1438,14,1452,17,0.5449432506424369
lncRNA_2283,1383,68,1451,91,0.5155131763292219
lncRNA_1737,1140,311,1451,31,0.3346601099782912
lncRNA_6960,1434,16,1450,34,0.5960171214282677
lncRNA_5322,1404,46,1450,43,0.5344152754512442
lncRNA_3523,1370,79,1449,32,0.5012740387254158
lncRNA_3722,1301,146,1447,17,0.4490200590149717
lncRNA_23916,1417,28,1445,17,0.5328841166774633
lncRNA_22651,1443,2,1445,26,0.5405823219035352
lncRNA_6966,1427,16,1443,34,0.5959114602914344
lncRNA_1168,1431,12,1443,22,0.5384390117690036
lncRNA_19766,1403,39,1442,43,0.5631975757274449
lncRNA_16868,1432,9,1441,47,0.5513683917536827
lncRNA_4463,1377,64,1441,33,0.5091773663530117
lncRNA_5902,1373,65,1438,88,0.5075592766793424
lncRNA_23224,1362,76,1438,67,0.5081148441205844
lncRNA_23915,1410,28,1438,17,0.5328394917279138
lncRNA_5899,1373,65,1438,88,0.5075592766793424
lncRNA_17956,1437,1,1438,22,0.5480850720353129
lncRNA_5898,1373,65,1438,88,0.5075592766793424
lncRNA_11356,1418,18,1436,38,0.5882059974184521
lncRNA_19765,1394,42,1436,43,0.5620105099389433
lncRNA_2938,1423,11,1434,12,0.5450050922006855
lncRNA_19767,1392,42,1434,43,0.562003627705248
lncRNA_13873,877,556,1433,67,0.13972627478978877
lncRNA_6436,1308,125,1433,84,0.47200831586730224
lncRNA_15893,1293,140,1433,23,0.45649344603778136
lncRNA_22711,1397,33,1430,61,0.5305857807391358
lncRNA_22810,1405,23,1428,21,0.5317677431840314
lncRNA_1094,1421,3,1424,32,0.5503194253507796
lncRNA_16653,1409,14,1423,24,0.5379828184067014
lncRNA_16652,1409,14,1423,24,0.5379828184067014
lncRNA_23967,1414,9,1423,22,0.5392208553073783
lncRNA_3283,1289,133,1422,38,0.4656158823916497
lncRNA_10368,1415,4,1419,20,0.5778013775349964
lncRNA_17849,1275,144,1419,27,0.4810196277762928
lncRNA_21410,1193,225,1418,42,0.39968228361835895
lncRNA_7872,1199,219,1418,96,0.39648690646940254
lncRNA_7637,1410,5,1415,12,0.5537391395425385
lncRNA_21419,1406,8,1414,21,0.5529672672489975
lncRNA_14253,1385,29,1414,16,0.5480062773153388
lncRNA_4541,390,1023,1413,103,-0.26402119051307493
lncRNA_16608,1297,116,1413,23,0.4729087894205024
lncRNA_23686,1322,90,1412,14,0.488126999717722
lncRNA_22749,1410,0,1410,29,0.5549393734674923
lncRNA_22214,1361,49,1410,16,0.5162476171840806
lncRNA_10304,1337,72,1409,15,0.5021852190856659
lncRNA_718,1379,29,1408,56,0.537587579891108
lncRNA_12314,1363,44,1407,18,0.522489013905077
lncRNA_2205,1404,3,1407,27,0.5522822159467375
lncRNA_6022,1374,33,1407,34,0.5538578945056263
lncRNA_3019,1401,5,1406,32,0.5564914112770054
lncRNA_13194,1366,39,1405,39,0.5897669171560377
lncRNA_12141,1302,103,1405,37,0.48396930368314445
lncRNA_14342,1325,79,1404,34,0.5161826633842836
lncRNA_11944,1403,0,1403,42,0.553338112043239
lncRNA_1005,1326,75,1401,26,0.5061312186987708
lncRNA_5785,1232,168,1400,85,0.4434473349941108
lncRNA_10303,1333,66,1399,15,0.5055430212959736
lncRNA_11430,1397,2,1399,36,0.5567906688631515
lncRNA_5163,1289,109,1398,43,0.4727141145781719
lncRNA_22024,1373,24,1397,66,0.5419106444988552
lncRNA_20236,1389,7,1396,13,0.535384398922133
lncRNA_714,1308,87,1395,88,0.49629457920043374
lncRNA_715,1308,87,1395,88,0.49629457920043374
lncRNA_21915,1324,69,1393,11,0.505638777570698
lncRNA_713,1303,90,1393,92,0.492561581674632
lncRNA_23959,1385,8,1393,78,0.5401385437663101
lncRNA_3051,1352,40,1392,15,0.5285818228845796
lncRNA_9794,1075,317,1392,38,0.34737255786448057
lncRNA_12259,1379,12,1391,49,0.5403365248717678
lncRNA_12260,1379,12,1391,49,0.5403365248717678
lncRNA_12258,1379,12,1391,49,0.5403365248717678
lncRNA_12256,1379,12,1391,49,0.5403365248717678
lncRNA_21590,1388,1,1389,30,0.5537003505100241
lncRNA_20126,1340,49,1389,45,0.5564786190040275
lncRNA_14710,1370,17,1387,31,0.6123239434797324
lncRNA_19608,1374,13,1387,33,0.6021923237437501
lncRNA_22660,1247,139,1386,23,0.45422780404721247
lncRNA_20375,1358,28,1386,37,0.5515462252141878
lncRNA_17185,1330,54,1384,59,0.5149099211099111
lncRNA_12149,1242,141,1383,31,0.45384033817666597
lncRNA_11807,1370,11,1381,18,0.5403528941765832
lncRNA_22426,1357,22,1379,52,0.558781171161455
lncRNA_1258,1357,22,1379,31,0.6145140991219467
lncRNA_19949,1374,4,1378,27,0.5726340761833493
lncRNA_8269,1376,1,1377,39,0.5761501380190711
lncRNA_14045,1354,22,1376,25,0.5272856711260105
lncRNA_7012,1352,24,1376,27,0.5364279911752585
lncRNA_8465,1372,4,1376,47,0.5586535468513069
lncRNA_2680,1353,20,1373,22,0.5376414848743367
lncRNA_13570,1365,8,1373,33,0.54416902505859
lncRNA_23938,1372,0,1372,28,0.5489175728921436
lncRNA_14846,1152,219,1371,27,0.4041810665509856
lncRNA_6020,1331,39,1370,33,0.5490827678164268
lncRNA_20740,1216,153,1369,31,0.4430815026251973
lncRNA_20741,1216,153,1369,31,0.4430815026251973
lncRNA_4936,1274,94,1368,35,0.48625800812883013
lncRNA_3821,1326,42,1368,37,0.5768586061853683
lncRNA_20372,1361,6,1367,20,0.5424082789963763
lncRNA_1789,1288,78,1366,18,0.5106225306298825
lncRNA_12265,1357,9,1366,16,0.5395843195269419
lncRNA_1790,1288,78,1366,18,0.5106225306298825
lncRNA_3093,1361,2,1363,37,0.5484801526487186
lncRNA_3094,1361,2,1363,37,0.5484801526487186
lncRNA_18473,736,625,1361,28,0.06418743980529099
lncRNA_21278,1349,11,1360,33,0.5430206938357598
lncRNA_5906,1305,53,1358,85,0.5125559389516473
lncRNA_21329,1203,155,1358,21,0.43273856727262644
lncRNA_23557,1241,117,1358,20,0.4671285112574571
lncRNA_1791,1278,79,1357,19,0.509143301181861
lncRNA_9929,1325,32,1357,17,0.5277086783844013
lncRNA_21423,1330,26,1356,23,0.5358767060562589
lncRNA_20839,1346,10,1356,44,0.5450784096288043
lncRNA_21151,1306,48,1354,14,0.5180791591588534
lncRNA_22419,1344,8,1352,14,0.5440987340298856
lncRNA_8289,1324,27,1351,22,0.5305009106212297
lncRNA_8290,1324,27,1351,22,0.5305009106212297
lncRNA_22432,1349,2,1351,44,0.5388212492080219
lncRNA_22106,1152,199,1351,102,0.4191969014434562
lncRNA_3987,1342,8,1350,24,0.5406311680819781
lncRNA_2923,1246,102,1348,13,0.4817444434144693
lncRNA_2920,1246,102,1348,13,0.4817444434144693
lncRNA_20912,1337,10,1347,50,0.5460810839135636
lncRNA_12797,1308,35,1343,40,0.5238072730539212
lncRNA_16993,1261,82,1343,31,0.5607930550673227
lncRNA_179,1307,34,1341,23,0.5341471620305261
lncRNA_24040,1341,0,1341,23,0.5771800310114871
lncRNA_7090,1299,41,1340,22,0.5237816380585804
lncRNA_3173,1337,3,1340,29,0.550568947715804
lncRNA_14585,46,1294,1340,36,-0.5207777156155541
lncRNA_15919,1322,18,1340,27,0.5572197773654041
lncRNA_3174,1337,3,1340,29,0.550568947715804
lncRNA_14122,1306,33,1339,31,0.5290813964665786
lncRNA_11355,1334,5,1339,32,0.5515602665448
lncRNA_20913,1325,11,1336,50,0.5455416417300765
lncRNA_22609,1322,12,1334,41,0.5478404269735392
lncRNA_12859,1203,131,1334,28,0.45900643371931893
lncRNA_16994,1252,77,1329,34,0.5669502390333635
lncRNA_8175,1290,38,1328,57,0.5319253210111389
lncRNA_3776,971,357,1328,23,0.26114677558480087
lncRNA_10872,1305,22,1327,27,0.5428627268138788
lncRNA_23949,1292,34,1326,10,0.5347733132844811
lncRNA_2110,1306,18,1324,38,0.5394283949482263
lncRNA_16500,1294,29,1323,38,0.5399164087902157
lncRNA_18705,1313,9,1322,33,0.5469010179303218
lncRNA_1852,1149,173,1322,58,0.4210213996077905
lncRNA_601,1257,63,1320,17,0.5075077239034093
lncRNA_23752,1244,70,1314,22,0.49631914043493713
lncRNA_12739,1194,119,1313,38,0.4630381501647736
lncRNA_5786,1306,6,1312,14,0.5446834027682421
lncRNA_19538,1231,80,1311,13,0.4923841022157171
lncRNA_22604,1291,20,1311,40,0.5540212069393291
lncRNA_6256,1278,33,1311,37,0.5235592522246879
lncRNA_11001,1117,193,1310,15,0.40153182119414604
lncRNA_10785,1300,9,1309,23,0.5580118859235457
lncRNA_16498,1308,0,1308,32,0.5683052852844775
lncRNA_23399,1224,84,1308,25,0.48634451562305236
lncRNA_3549,1277,30,1307,21,0.526481204884497
lncRNA_22972,1299,8,1307,32,0.547984859040365
lncRNA_22215,1278,27,1305,14,0.5237547219850479
lncRNA_2345,1303,1,1304,38,0.5384554787722373
lncRNA_22218,1275,28,1303,13,0.5240949991585452
lncRNA_22217,1275,28,1303,13,0.5240855072728883
lncRNA_21567,1294,9,1303,32,0.5441725584965912
lncRNA_19592,1235,68,1303,43,0.5020676173605976
lncRNA_13251,1296,6,1302,28,0.6087261250720696
lncRNA_17832,1301,1,1302,24,0.5487809698492209
lncRNA_9052,1250,51,1301,15,0.5090289179742389
lncRNA_22479,1281,20,1301,33,0.5582198801150773
lncRNA_20061,1236,63,1299,50,0.5153734856947295
lncRNA_22725,1294,5,1299,32,0.5427228524133092
lncRNA_13505,1295,4,1299,41,0.5850512765519965
lncRNA_8068,1249,50,1299,16,0.5111641483980333
lncRNA_18219,1187,112,1299,25,0.4640037369040803
lncRNA_12796,1265,33,1298,36,0.5245561554197576
lncRNA_1576,1295,3,1298,27,0.5965475257839976
lncRNA_18976,1187,110,1297,61,0.46208872874701096
lncRNA_23571,1293,4,1297,24,0.548540842465735
lncRNA_3775,1278,19,1297,11,0.5366675594873921
lncRNA_12270,1277,19,1296,13,0.5367873578548975
lncRNA_21135,1282,14,1296,20,0.5426704452371678
lncRNA_17706,1293,3,1296,22,0.5486013842406811
lncRNA_21370,1242,54,1296,7,0.5091125334449694
lncRNA_17707,1292,3,1295,22,0.5485861610741785
lncRNA_9178,1146,149,1295,14,0.4385282992865013
lncRNA_9181,1146,149,1295,14,0.4385282992865013
lncRNA_18072,1260,34,1294,52,0.5334294360118129
lncRNA_23994,1242,51,1293,37,0.5109488121584639
lncRNA_17182,1282,10,1292,43,0.5437688088268491
lncRNA_2750,1231,61,1292,28,0.5037813218702921
lncRNA_23232,437,855,1292,92,-0.18038555687995664
lncRNA_20911,1277,12,1289,51,0.5444819716578985
lncRNA_14000,1287,1,1288,24,0.5899573469612104
lncRNA_18064,1221,66,1287,33,0.5014276654383382
lncRNA_16967,1194,92,1286,33,0.5536530502217322
lncRNA_3014,1239,45,1284,11,0.5289131211866616
lncRNA_2026,1276,7,1283,39,0.5499920642502334
lncRNA_22121,1144,139,1283,13,0.4462916542478046
lncRNA_1514,1277,5,1282,16,0.5469395822850274
lncRNA_5310,1278,3,1281,23,0.5424460061440999
lncRNA_22771,1270,8,1278,13,0.541325091064337
lncRNA_11864,1206,71,1277,18,0.5070532555039489
lncRNA_5777,1208,69,1277,21,0.4962030319359297
lncRNA_5453,1178,98,1276,25,0.48603912589488485
lncRNA_13056,1240,35,1275,15,0.5228039402019715
lncRNA_9097,1177,96,1273,29,0.4765564165207341
lncRNA_21999,1255,18,1273,19,0.5342266570137744
lncRNA_21998,1255,18,1273,19,0.5342266570137744
lncRNA_5703,1262,11,1273,48,0.5345352647960221
lncRNA_9834,1265,5,1270,35,0.5433578963790964
lncRNA_9098,1173,96,1269,28,0.4762477891982521
lncRNA_17138,1255,13,1268,25,0.5525060913178823
lncRNA_3913,1217,50,1267,20,0.5121403162354995
lncRNA_10318,1265,2,1267,39,0.5518610896340729
lncRNA_5379,1218,48,1266,9,0.5084790165594285
lncRNA_18962,1152,112,1264,114,0.4758969015654553
lncRNA_18294,1064,198,1262,89,0.3944053171682644
lncRNA_22701,1259,2,1261,36,0.5990580343826584
lncRNA_600,1195,65,1260,17,0.5034628288323884
lncRNA_7693,1225,34,1259,72,0.5229970405842406
lncRNA_4711,1247,12,1259,70,0.5511089783904451
lncRNA_4190,1256,3,1259,37,0.5417425383691135
lncRNA_4360,1155,104,1259,14,0.4671500550896464
lncRNA_24034,1259,0,1259,27,0.5764924220012467
lncRNA_3823,1242,15,1257,42,0.5334401202085913
lncRNA_4437,1022,235,1257,48,0.3736553591489067
lncRNA_9334,1189,67,1256,13,0.5032410539095918
lncRNA_17705,1253,3,1256,21,0.5481355004369886
lncRNA_3674,1242,13,1255,17,0.5427263200805281
lncRNA_10754,1246,7,1253,68,0.5421116772832955
lncRNA_14007,1127,125,1252,46,0.4664803388100181
lncRNA_23236,1211,38,1249,8,0.5210448696946189
lncRNA_19882,1206,41,1247,45,0.5359147704359832
lncRNA_17583,1204,42,1246,11,0.5204390993063764
lncRNA_6964,1137,109,1246,69,0.4701313134366896
lncRNA_17584,1204,42,1246,11,0.5204390993063764
lncRNA_20128,1243,2,1245,33,0.5525969254881461
lncRNA_13068,1160,85,1245,26,0.48975016046847997
lncRNA_13694,1140,104,1244,24,0.4714323453691199
lncRNA_22767,1242,1,1243,16,0.5439209228754729
lncRNA_3497,1213,24,1237,88,0.5457940210787924
lncRNA_3498,1213,24,1237,88,0.5457940210787924
lncRNA_5705,1228,7,1235,75,0.5484707886517283
lncRNA_16996,1162,73,1235,30,0.5662363450759098
lncRNA_16980,1127,107,1234,29,0.5372924029069052
lncRNA_16979,1132,102,1234,29,0.5427426965433491
lncRNA_16997,1161,72,1233,30,0.567106986139479
lncRNA_17001,1161,72,1233,30,0.567106986139479
lncRNA_17002,1161,72,1233,30,0.567106986139479
lncRNA_17010,1161,72,1233,30,0.567106986139479
lncRNA_1460,1230,3,1233,30,0.5447350426827079
lncRNA_17009,1161,72,1233,30,0.567106986139479
lncRNA_13532,1122,111,1233,16,0.46504753449085723
lncRNA_17006,1161,72,1233,30,0.567106986139479
lncRNA_16995,1161,72,1233,30,0.5671881247461994
lncRNA_16999,1161,72,1233,30,0.567106986139479
lncRNA_17013,1161,72,1233,30,0.567109921220341
lncRNA_17007,1161,72,1233,30,0.567106986139479
lncRNA_2725,1196,37,1233,39,0.589923903551716
lncRNA_5218,1192,41,1233,99,0.5290915422836369
lncRNA_17015,1161,72,1233,30,0.567109921220341
lncRNA_16218,1223,7,1230,35,0.6013406714411008
lncRNA_12798,1222,7,1229,29,0.547288660883407
lncRNA_22856,1220,9,1229,34,0.5398007516181766
lncRNA_21706,1122,105,1227,30,0.5200261052716422
lncRNA_18928,1160,66,1226,22,0.5005703531600476
lncRNA_19759,1222,2,1224,59,0.5504216291555468
lncRNA_23443,1146,77,1223,84,0.49350849535387387
lncRNA_14642,1165,57,1222,15,0.5047456453241567
lncRNA_10420,1174,47,1221,38,0.5736697086177566
lncRNA_20134,1215,5,1220,18,0.5399025822326888
lncRNA_22433,1213,6,1219,29,0.5458992991377887
lncRNA_7780,1210,9,1219,30,0.5695511889946431
lncRNA_10681,1160,59,1219,24,0.5015252902817072
lncRNA_072,1212,6,1218,35,0.5579286241828467
lncRNA_12075,1212,5,1217,26,0.546913142550671
lncRNA_5351,1216,1,1217,28,0.5417317982555836
lncRNA_5352,1216,1,1217,28,0.5417414091858661
lncRNA_2907,1216,1,1217,28,0.5514106486225606
lncRNA_13731,1207,10,1217,18,0.5762950164831696
lncRNA_3140,1180,36,1216,11,0.5272997788135666
lncRNA_22769,1206,8,1214,11,0.540877367886575
lncRNA_19613,1203,10,1213,32,0.572012301898639
lncRNA_14388,1212,1,1213,63,0.5480639161531559
lncRNA_19638,1210,0,1210,19,0.5458747105698327
lncRNA_22773,1200,9,1209,11,0.5400948432407668
lncRNA_13322,1182,26,1208,29,0.5687300276371343
lncRNA_3015,1081,126,1207,10,0.44784244186843686
lncRNA_10211,1203,4,1207,33,0.5475065541668442
lncRNA_14599,512,695,1207,18,-0.07957120082237307
lncRNA_5908,1147,59,1206,80,0.5032161336506228
lncRNA_2347,1190,16,1206,12,0.5317081033076922
lncRNA_5907,1147,59,1206,80,0.5032161336506228
lncRNA_13725,1197,9,1206,19,0.5766978207204013
lncRNA_599,1106,99,1205,33,0.5036959717963305
lncRNA_7440,1175,29,1204,13,0.5301087072177902
lncRNA_18567,1196,8,1204,17,0.542726524560098
lncRNA_13730,1195,9,1204,19,0.5773997808298806
lncRNA_7791,747,456,1203,77,0.15721659963507303
lncRNA_2763,1203,0,1203,18,0.5622600751927
lncRNA_22993,1193,10,1203,31,0.5503806072428292
lncRNA_18181,1091,112,1203,35,0.46509234156193496
lncRNA_9890,1185,18,1203,23,0.5375848234503634
lncRNA_2850,1191,11,1202,19,0.54128896321713
lncRNA_16504,1102,99,1201,14,0.46846354198647827
lncRNA_20533,1198,2,1200,15,0.5444749269083954
lncRNA_3694,1198,1,1199,48,0.5548919673437481
lncRNA_16875,1076,123,1199,23,0.4532197628606122
lncRNA_1022,1192,6,1198,39,0.5573137655730503
lncRNA_18604,1120,76,1196,15,0.4907324280230678
lncRNA_3661,1026,170,1196,93,0.4187718456968416
lncRNA_4712,1161,33,1194,79,0.5341137869923221
lncRNA_4220,1150,41,1191,66,0.5160062502739605
lncRNA_19630,985,206,1191,23,0.37103984161349124
lncRNA_14367,1190,0,1190,25,0.5448346099221373
lncRNA_7538,1092,98,1190,6,0.46678423754369996
lncRNA_12579,1187,3,1190,29,0.5544138154304581
lncRNA_903,1104,84,1188,26,0.4758994579225702
lncRNA_4941,1082,104,1186,29,0.46594459555170875
lncRNA_18433,1148,36,1184,24,0.5385639675035714
lncRNA_10751,1176,8,1184,12,0.548994813452252
lncRNA_15501,1084,100,1184,26,0.4715546956302145
lncRNA_13248,1179,3,1182,21,0.5425979491212848
lncRNA_18721,1098,84,1182,10,0.48303487098993086
lncRNA_11801,1178,3,1181,30,0.5423089713734685
lncRNA_12580,1175,3,1178,29,0.5543741584740388
lncRNA_20482,931,246,1177,18,0.3329431834175238
lncRNA_23231,440,737,1177,87,-0.13646044635014026
lncRNA_13949,1172,5,1177,27,0.5688922222590891
lncRNA_10981,1073,104,1177,31,0.5107265433265261
lncRNA_3087,1101,76,1177,17,0.48611966671152346
lncRNA_15907,1058,118,1176,9,0.4492567051434301
lncRNA_2727,1135,41,1176,35,0.5822573393471647
lncRNA_18895,1103,71,1174,8,0.48869319911772147
lncRNA_17708,1167,5,1172,19,0.5465606701546258
lncRNA_20856,1098,73,1171,14,0.483387311552684
lncRNA_6788,1096,74,1170,15,0.48666074466633846
lncRNA_24189,1071,98,1169,18,0.4652659458541066
lncRNA_16855,1160,8,1168,15,0.5411033932171019
lncRNA_2453,1057,110,1167,19,0.4536837515553229
lncRNA_14653,1153,13,1166,40,0.537408486629883
lncRNA_16078,1116,50,1166,26,0.5151734153257206
lncRNA_2613,1161,3,1164,42,0.5888558947074325
lncRNA_7144,1105,59,1164,25,0.5050313780266112
lncRNA_4520,1116,48,1164,82,0.5200967724728741
lncRNA_18491,1160,2,1162,12,0.546202634662344
lncRNA_4937,1110,52,1162,20,0.5079428936384989
lncRNA_2614,1159,2,1161,42,0.5895633733980045
lncRNA_1392,1075,85,1160,28,0.4845874016389985
lncRNA_17506,1147,13,1160,8,0.5548800756013955
lncRNA_8929,1030,130,1160,33,0.4545540487916904
lncRNA_14380,936,223,1159,18,0.34825877820424084
lncRNA_10380,1051,108,1159,12,0.46014653049602533
lncRNA_18320,1090,68,1158,17,0.49567579162182007
lncRNA_21983,1157,1,1158,33,0.5553003635667649
lncRNA_1741,1106,51,1157,48,0.5146480384122195
lncRNA_19271,1042,115,1157,14,0.44823396684077155
lncRNA_6104,1157,0,1157,12,0.54259885756228
lncRNA_22892,261,895,1156,81,-0.3094996120471446
lncRNA_12067,1080,76,1156,15,0.48936792289360903
lncRNA_22768,1146,9,1155,10,0.5394604355351738
lncRNA_21359,1098,57,1155,65,0.4995540769536021
lncRNA_17731,1150,4,1154,15,0.5381674166761053
lncRNA_20481,896,257,1153,17,0.31738376545373564
lncRNA_12460,1151,2,1153,24,0.5546661429688265
lncRNA_5451,1117,32,1149,18,0.5270069727828453
lncRNA_1086,872,276,1148,25,0.2986852150539278
lncRNA_17061,861,286,1147,65,0.31383966135858377
lncRNA_11867,1074,72,1146,17,0.499991964228869
lncRNA_11868,1074,72,1146,17,0.499991964228869
lncRNA_11774,985,161,1146,33,0.4090362711399367
lncRNA_17060,865,280,1145,63,0.31871350974922663
lncRNA_13195,1117,27,1144,29,0.5831815093795096
lncRNA_18988,1124,20,1144,33,0.592984350929087
lncRNA_13868,1076,67,1143,20,0.4895572010113675
lncRNA_13732,1132,11,1143,17,0.5783600146805413
lncRNA_6114,994,148,1142,11,0.41435832216546675
lncRNA_16753,1088,54,1142,27,0.49952154749261696
lncRNA_23495,1138,4,1142,15,0.5471933278391122
lncRNA_3095,1140,1,1141,31,0.5473522509706842
lncRNA_7792,694,447,1141,74,0.14081802359356876
lncRNA_2864,1111,28,1139,25,0.5198230556373895
lncRNA_19725,1136,3,1139,31,0.5470657280798346
lncRNA_1444,809,330,1139,63,0.25785272997994335
lncRNA_12750,1135,3,1138,7,0.5431919149197502
lncRNA_11506,1132,5,1137,31,0.5407403792121898
lncRNA_2227,1017,120,1137,50,0.470948055890983
lncRNA_7358,1133,3,1136,27,0.5410574335806743
lncRNA_15424,1128,7,1135,42,0.5448045424226675
lncRNA_22775,1125,10,1135,11,0.5396434933017633
lncRNA_6699,1109,26,1135,26,0.5610398962020491
lncRNA_10076,1080,54,1134,16,0.5021383907434013
lncRNA_9179,991,143,1134,10,0.4254399700798576
lncRNA_3418,1124,10,1134,29,0.5435348884504297
lncRNA_17065,875,258,1133,63,0.3410865856486549
lncRNA_7274,986,146,1132,88,0.42931519776003146
lncRNA_17058,855,277,1132,63,0.3187704994978414
lncRNA_18481,1085,47,1132,20,0.5055689864620645
lncRNA_7276,986,146,1132,88,0.42931519776003146
lncRNA_23873,1123,9,1132,66,0.5425223030313417
lncRNA_17020,1066,66,1132,28,0.5607375770172952
lncRNA_9137,400,732,1132,26,-0.1599272725336857
lncRNA_17019,1065,66,1131,28,0.560910722429498
lncRNA_1837,1038,92,1130,22,0.4724571307455675
lncRNA_13318,1126,4,1130,18,0.5394424758929269
lncRNA_3496,1078,49,1127,15,0.506164528498214
lncRNA_17875,1119,8,1127,37,0.5436967721199577
lncRNA_21697,1075,52,1127,28,0.5704298731282553
lncRNA_9138,494,632,1126,32,-0.06205745993340662
lncRNA_12921,1050,76,1126,18,0.48122213347948095
lncRNA_4076,1036,90,1126,23,0.48138785042321564
lncRNA_2678,1042,83,1125,12,0.4754633082256402
lncRNA_15511,1104,21,1125,25,0.5344873121251518
lncRNA_20669,959,165,1124,13,0.4056777872189177
lncRNA_9000,1106,18,1124,33,0.5348256032401238
lncRNA_21427,1059,65,1124,26,0.4914130060889923
lncRNA_2789,1067,56,1123,34,0.5092961845302468
lncRNA_16977,1001,122,1123,26,0.5077983472884974
lncRNA_046,1113,9,1122,33,0.5570663945743403
lncRNA_1087,877,245,1122,24,0.3228856793640135
lncRNA_3388,1113,7,1120,44,0.5462004499616864
lncRNA_391,1070,50,1120,24,0.5074060363331965
lncRNA_23985,1100,19,1119,24,0.5978223545689406
lncRNA_23987,1100,19,1119,24,0.5978223545689406
lncRNA_20133,1111,5,1116,16,0.538567309655535
lncRNA_15692,1025,91,1116,28,0.4696857143654894
lncRNA_18679,1081,33,1114,31,0.5460516181711739
lncRNA_24051,540,574,1114,18,-0.014073960284665924
lncRNA_19313,1111,3,1114,20,0.6084953474918725
lncRNA_3455,1095,18,1113,13,0.5326516260847679
lncRNA_198,1013,100,1113,80,0.4610046771018314
lncRNA_19582,1108,4,1112,7,0.5446631890252805
lncRNA_5395,993,118,1111,10,0.4417799618853121
lncRNA_2088,1110,0,1110,29,0.5486287578187461
lncRNA_19432,1087,22,1109,43,0.5343502064633975
lncRNA_8024,995,114,1109,13,0.4491589196124962
lncRNA_16976,1103,5,1108,25,0.5690049954812961
lncRNA_16175,1045,63,1108,28,0.4954158923895993
lncRNA_7655,1101,6,1107,10,0.5445434378500348
lncRNA_23159,1094,12,1106,17,0.5540302067321823
lncRNA_5867,1042,64,1106,6,0.484640497809486
lncRNA_14542,1042,64,1106,24,0.49088628613020135
lncRNA_22094,929,177,1106,21,0.3830308628601201
lncRNA_22829,1104,0,1104,44,0.5501746004884192
lncRNA_8114,1104,0,1104,21,0.5569632644234996
lncRNA_15690,1091,9,1100,16,0.5443270057617089
lncRNA_23381,944,155,1099,44,0.4169589640120738
lncRNA_1570,1098,1,1099,22,0.5997115020707595
lncRNA_16394,1002,95,1097,48,0.49887701460091327
lncRNA_9646,825,272,1097,76,0.28383381135908115
lncRNA_9647,825,272,1097,76,0.28383381135908115
lncRNA_19434,364,732,1096,20,-0.18359006178110124
lncRNA_2363,1006,90,1096,54,0.4683268731274379
lncRNA_2097,1001,95,1096,12,0.4662286710681722
lncRNA_12858,948,147,1095,20,0.41698491968323886
lncRNA_21698,975,117,1092,26,0.4935617107425436
lncRNA_1398,1011,81,1092,19,0.4754878244110785
lncRNA_3600,1080,10,1090,31,0.5457085564790781
lncRNA_175,1038,49,1087,18,0.5160745084924286
lncRNA_17131,1078,8,1086,54,0.5445023578787663
lncRNA_14894,1081,5,1086,5,0.5382504527597738
lncRNA_19138,999,87,1086,20,0.4720357101451736
lncRNA_6959,1061,24,1085,25,0.5682637337899821
lncRNA_13750,1073,11,1084,40,0.5471753334455549
lncRNA_23528,1067,17,1084,13,0.5328877206933352
lncRNA_17275,1040,44,1084,20,0.5060983897848003
lncRNA_14605,1065,18,1083,17,0.5336678237542938
lncRNA_7766,1076,7,1083,5,0.5391972593456864
lncRNA_3386,1074,9,1083,22,0.5818000629935443
lncRNA_10499,1048,31,1079,15,0.5254348099317173
lncRNA_22621,990,88,1078,17,0.46779639515626414
lncRNA_16505,1076,2,1078,29,0.5698607424328835
lncRNA_16506,1076,2,1078,29,0.5698666443381529
lncRNA_16507,1075,2,1077,29,0.5699118822805525
lncRNA_7511,1040,37,1077,14,0.5209268227771516
lncRNA_5220,1066,11,1077,33,0.5809373155554263
lncRNA_19619,1024,53,1077,19,0.4982012613240359
lncRNA_6193,1021,52,1073,33,0.50073989458337
lncRNA_1998,1065,8,1073,39,0.5677481433898317
lncRNA_15273,1040,33,1073,17,0.5150451421435641
lncRNA_19573,1001,71,1072,10,0.48534506823263535
lncRNA_3403,1062,10,1072,9,0.5427791354136526
lncRNA_17305,1035,34,1069,21,0.5170722380233953
lncRNA_8898,1013,56,1069,33,0.5081118470676322
lncRNA_20736,989,76,1065,26,0.48641856708894665
lncRNA_23975,1039,25,1064,44,0.5219335568095894
lncRNA_19230,971,93,1064,28,0.5032077522962202
lncRNA_8847,1014,49,1063,29,0.5065671215024744
lncRNA_6598,1004,58,1062,14,0.5004894599382079
lncRNA_5700,964,97,1061,62,0.4723665841753518
lncRNA_16920,1032,29,1061,41,0.5212053338753102
lncRNA_16217,1058,3,1061,24,0.6125173468543051
lncRNA_21228,1053,7,1060,31,0.544231177671024
lncRNA_2807,1057,1,1058,18,0.5808455933122069
lncRNA_17760,996,62,1058,20,0.4852039548906908
lncRNA_14516,923,134,1057,19,0.41822861865339045
lncRNA_14837,927,130,1057,18,0.42853480777790964
lncRNA_18918,1024,32,1056,22,0.5185665302077789
lncRNA_8292,1028,27,1055,35,0.5238801360198876
lncRNA_18373,1043,12,1055,29,0.5376492351279192
lncRNA_5950,1048,5,1053,29,0.5368027011736546
lncRNA_025,974,77,1051,20,0.4787270815505661
lncRNA_16754,992,59,1051,25,0.491418913778745
lncRNA_22160,1047,2,1049,24,0.5473759634421042
lncRNA_18084,951,98,1049,24,0.4595471259019816
lncRNA_23462,998,51,1049,30,0.5007909608150731
lncRNA_3200,998,50,1048,32,0.5059626943759488
lncRNA_6826,1006,42,1048,11,0.5106172918802219
lncRNA_071,1010,36,1046,39,0.5325167621227379
lncRNA_6442,1030,16,1046,59,0.5343277292492443
lncRNA_1546,940,104,1044,72,0.4470556354977757
lncRNA_2301,1024,20,1044,19,0.5310495281059573
lncRNA_039,1037,7,1044,20,0.5428052715698818
lncRNA_17427,876,167,1043,35,0.3942074543077788
lncRNA_11451,1029,14,1043,18,0.5367550870722219
lncRNA_10641,938,104,1042,44,0.4575369941432083
lncRNA_16245,1034,7,1041,24,0.5408412014828583
lncRNA_19231,1037,3,1040,38,0.5444798632090697
lncRNA_7210,794,246,1040,17,0.2989681583341396
lncRNA_19890,1014,25,1039,42,0.5251675288758256
lncRNA_450,1023,15,1038,17,0.5398223227133958
lncRNA_3201,984,54,1038,37,0.5015533120120612
lncRNA_173,990,47,1037,15,0.513309547743888
lncRNA_11850,1011,26,1037,23,0.5352114681520994
lncRNA_174,990,47,1037,15,0.513309547743888
lncRNA_14969,985,51,1036,30,0.5148242386960286
lncRNA_20418,1018,15,1033,14,0.5352022234866584
lncRNA_3780,1026,5,1031,16,0.5455432331378554
lncRNA_12920,954,77,1031,17,0.4727795385327755
lncRNA_23897,1003,27,1030,72,0.5221013224782792
lncRNA_18297,951,78,1029,13,0.47233340597082846
lncRNA_22994,1019,9,1028,32,0.5647742865944025
lncRNA_6571,978,50,1028,14,0.5022061058356472
lncRNA_10787,966,61,1027,22,0.48710417149032
lncRNA_9648,765,261,1026,74,0.27658089703278166
lncRNA_9649,764,261,1025,74,0.2763345647410123
lncRNA_6145,982,43,1025,62,0.5258360154433804
lncRNA_1508,928,96,1024,24,0.46379860975452314
lncRNA_6271,980,44,1024,9,0.5067467864312015
lncRNA_21328,1017,6,1023,6,0.5430050948978723
lncRNA_9651,761,262,1023,73,0.2744114987591765
lncRNA_9650,762,261,1023,74,0.2758056357612596
lncRNA_15952,952,70,1022,13,0.48010035707907583
lncRNA_2226,908,113,1021,48,0.4615315715918875
lncRNA_5680,972,45,1017,33,0.5026616749114684
lncRNA_21344,1000,16,1016,20,0.5315737662651142
lncRNA_23028,1009,5,1014,21,0.5997988087208334
lncRNA_23027,1009,5,1014,21,0.5997988087208334
lncRNA_23026,1009,5,1014,21,0.5997988087208334
lncRNA_18066,980,33,1013,19,0.5177719971328024
lncRNA_20664,943,69,1012,28,0.4872674390940382
lncRNA_18926,922,90,1012,16,0.46262025462653167
lncRNA_1147,996,10,1006,9,0.5378379282643426
lncRNA_17357,998,8,1006,6,0.5389732013595221
lncRNA_2802,1004,1,1005,18,0.5823254241407746
lncRNA_2803,1004,1,1005,18,0.5823254241407746
lncRNA_9746,998,6,1004,21,0.545885114342003
lncRNA_19139,899,104,1003,17,0.4453710126116839
lncRNA_9818,1001,1,1002,9,0.5466203963276552
lncRNA_9032,887,114,1001,18,0.4370132757251068
lncRNA_16909,998,2,1000,25,0.5547429317955442
lncRNA_8656,977,23,1000,9,0.5205799238677132
lncRNA_13751,988,11,999,32,0.5454718761718885
lncRNA_176,946,52,998,12,0.5073202150581654
lncRNA_13865,964,31,995,36,0.5330258904956695
lncRNA_9652,735,259,994,71,0.268810813593997
lncRNA_4383,986,8,994,52,0.5481841733047593
lncRNA_4184,877,116,993,20,0.4311390353359021
lncRNA_5871,928,64,992,15,0.4917229551838738
lncRNA_1746,992,0,992,15,0.5478684977837167
lncRNA_12066,823,166,989,12,0.3805331043576341
lncRNA_14842,900,89,989,14,0.465187224617961
lncRNA_16876,890,98,988,13,0.4468703755932114
lncRNA_11792,933,54,987,62,0.4989235708884522
lncRNA_8128,481,506,987,18,-0.014927163560150473
lncRNA_8313,984,1,985,20,0.5593525141084059
lncRNA_9653,726,259,985,70,0.26599368887124203
lncRNA_16696,972,12,984,14,0.5343165174222441
lncRNA_5694,875,108,983,33,0.43900150551938383
lncRNA_24037,970,12,982,28,0.5989070550883563
lncRNA_5693,874,108,982,33,0.4390258214877563
lncRNA_16921,951,30,981,40,0.5173518581469806
lncRNA_6485,969,11,980,11,0.5352047269644264
lncRNA_14713,979,0,979,29,0.5500252536931656
lncRNA_8435,976,3,979,16,0.5647438679393096
lncRNA_19578,979,0,979,19,0.5447333038883819
lncRNA_180,932,47,979,15,0.5103769377706135
lncRNA_10873,955,23,978,35,0.5315227733767566
lncRNA_8131,477,501,978,18,-0.01425709616435168
lncRNA_22131,856,122,978,13,0.4350704524964331
lncRNA_8132,477,501,978,18,-0.01425709616435168
lncRNA_8130,477,501,978,18,-0.01425709616435168
lncRNA_17242,894,84,978,25,0.46980510184280133
lncRNA_24036,965,12,977,28,0.5987493365315771
lncRNA_8129,477,499,976,18,-0.013232039565324816
lncRNA_22203,817,158,975,12,0.3860786129160665
lncRNA_5935,961,13,974,24,0.5334287119802543
lncRNA_15298,957,16,973,22,0.5336792679649116
lncRNA_2788,901,70,971,23,0.4876519541871814
lncRNA_17648,954,17,971,11,0.5320826053989798
lncRNA_7748,906,63,969,16,0.49208779536292363
lncRNA_16395,854,115,969,46,0.4635610804862472
lncRNA_9340,258,710,968,14,-0.26614392709739404
lncRNA_4159,811,157,968,10,0.38106803249299726
lncRNA_9341,258,710,968,14,-0.26614392709739404
lncRNA_9342,258,710,968,14,-0.26614392709739404
lncRNA_15113,967,0,967,26,0.543588809881373
lncRNA_20813,920,47,967,34,0.5017253011782743
lncRNA_24087,944,22,966,28,0.5305366730158546
lncRNA_15910,914,52,966,11,0.4899174012611901
lncRNA_2787,894,71,965,24,0.48629736473655344
lncRNA_4344,886,78,964,14,0.4691589958135151
lncRNA_10410,944,20,964,35,0.5232805572747228
lncRNA_24079,956,7,963,51,0.5439328109210293
lncRNA_16946,939,23,962,29,0.534491471864894
lncRNA_16947,939,22,961,29,0.5352850505731697
lncRNA_24160,920,40,960,23,0.5105656757638504
lncRNA_16471,894,65,959,21,0.4815019797130938
lncRNA_5695,849,107,956,31,0.4363386750525773
lncRNA_15951,824,132,956,16,0.40646928862087933
lncRNA_2446,942,13,955,52,0.543116951838269
lncRNA_8333,885,69,954,12,0.4834844559051625
lncRNA_18724,923,31,954,9,0.513159509377797
lncRNA_22758,940,13,953,27,0.5528451826308444
lncRNA_21307,950,2,952,32,0.5481969999518518
lncRNA_7708,949,2,951,21,0.5459792661459653
lncRNA_10168,916,35,951,12,0.5178421065178271
lncRNA_6601,917,32,949,41,0.5148754439039421
lncRNA_20609,785,163,948,13,0.37211187092324094
lncRNA_2315,928,16,944,23,0.554162565934622
lncRNA_665,757,187,944,27,0.3694157553495456
lncRNA_23777,934,8,942,26,0.5585429612849265
lncRNA_20608,779,162,941,13,0.3719449425272443
lncRNA_5167,899,41,940,18,0.5070202384821338
lncRNA_16708,912,26,938,13,0.5198993366930157
lncRNA_19228,936,1,937,25,0.5453083581783124
lncRNA_13727,363,574,937,67,-0.11980020636707875
lncRNA_7535,803,134,937,4,0.40745380189022107
lncRNA_12193,857,79,936,18,0.4626657032290005
lncRNA_12369,803,127,930,15,0.41474860191694457
lncRNA_8300,926,4,930,33,0.5590054181798456
lncRNA_602,846,83,929,13,0.46344588882269394
lncRNA_4562,789,140,929,21,0.39381190979799247
lncRNA_18869,888,40,928,21,0.5022605049034614
lncRNA_14865,885,43,928,27,0.5046063582944281
lncRNA_878,852,75,927,23,0.4687616284938825
lncRNA_2715,898,29,927,8,0.5127379884360932
lncRNA_14779,867,59,926,10,0.4856707828138555
lncRNA_23348,859,67,926,24,0.471367556601673
lncRNA_17151,811,115,926,14,0.4324403290650176
lncRNA_18142,731,194,925,15,0.3257624855422391
lncRNA_19441,922,1,923,38,0.5446496211774605
lncRNA_15470,813,108,921,16,0.432816405524038
lncRNA_8544,893,25,918,15,0.5239982908775368
lncRNA_4833,882,36,918,11,0.5078465011405959
lncRNA_2342,869,49,918,24,0.4946459597594544
lncRNA_11481,890,27,917,11,0.5145761821420789
lncRNA_11215,907,9,916,28,0.5452860463431686
lncRNA_1886,887,29,916,27,0.536566990786674
lncRNA_13041,912,2,914,20,0.5449617550816794
lncRNA_1443,798,113,911,10,0.42205665918372287
lncRNA_2539,760,150,910,80,0.38498727324252013
lncRNA_14964,814,95,909,16,0.44372118660728194
lncRNA_9712,704,204,908,49,0.31180328119977
lncRNA_3901,704,202,906,52,0.3438204830839731
lncRNA_12554,903,0,903,26,0.5568637507169999
lncRNA_11285,831,70,901,10,0.47172111223105184
lncRNA_9660,899,2,901,27,0.5449226905386365
lncRNA_14286,824,76,900,12,0.4699642383951706
lncRNA_353,896,4,900,21,0.5485319104380288
lncRNA_14306,877,22,899,11,0.5186381143073944
lncRNA_19315,895,4,899,20,0.6062641579808304
lncRNA_21501,628,270,898,48,0.23536995630248547
lncRNA_3971,759,138,897,54,0.39206491255675735
lncRNA_20738,893,4,897,18,0.5386672949434516
lncRNA_8106,851,46,897,22,0.5200467611095004
lncRNA_21360,851,46,897,52,0.49480627202654676
lncRNA_1839,869,27,896,16,0.5164668352034992
lncRNA_2928,872,24,896,8,0.5151104111056666
lncRNA_12489,806,90,896,11,0.45188134145494513
lncRNA_7033,891,4,895,14,0.5450861280072727
lncRNA_17103,893,1,894,23,0.5531866776742259
lncRNA_16792,891,2,893,27,0.5506273595533866
lncRNA_11283,865,28,893,18,0.5214503150424162
lncRNA_12373,854,39,893,14,0.5058376518127456
lncRNA_18140,711,181,892,15,0.33469544296197185
lncRNA_16916,872,20,892,26,0.523306541806669
lncRNA_20433,806,85,891,71,0.45859364991294826
lncRNA_328,423,468,891,9,-0.02654379184192794
lncRNA_7636,889,1,890,6,0.5405667272213723
lncRNA_9095,810,80,890,24,0.46325318978349844
lncRNA_10810,870,19,889,43,0.5273911019412317
lncRNA_5851,790,98,888,13,0.44415014884930976
lncRNA_18143,705,182,887,15,0.3323234059655893
lncRNA_12512,779,106,885,12,0.42978326522692284
lncRNA_13640,873,10,883,13,0.5315617179791642
lncRNA_21664,704,179,883,8,0.3345752542822426
lncRNA_23968,501,381,882,23,0.08264619067149953
lncRNA_14840,827,54,881,16,0.49518061455205353
lncRNA_5959,872,8,880,15,0.5367430421026342
lncRNA_5958,872,8,880,15,0.5367430421026342
lncRNA_3966,869,10,879,18,0.5501551804589875
lncRNA_1630,726,153,879,43,0.3952605812829883
lncRNA_15435,692,187,879,7,0.3228518961970427
lncRNA_21424,737,142,879,12,0.3821825222703597
lncRNA_23403,824,54,878,14,0.487890834633242
lncRNA_6135,506,372,878,18,0.0858569960389407
lncRNA_18455,831,47,878,36,0.49859696750356347
lncRNA_10682,716,161,877,15,0.35912289315643414
lncRNA_20830,778,98,876,18,0.435450902576994
lncRNA_6693,817,57,874,17,0.4880817233454815
lncRNA_4560,788,86,874,19,0.44857686011183284
lncRNA_21064,843,31,874,29,0.5130194043193511
lncRNA_2689,835,38,873,9,0.5097266161464105
lncRNA_16173,802,71,873,19,0.4676256748961202
lncRNA_21428,813,58,871,19,0.4814651338340262
lncRNA_23387,849,21,870,6,0.5193865197486169
lncRNA_1054,789,81,870,25,0.46659334117923107
lncRNA_13263,814,54,868,25,0.48373956739734025
lncRNA_3754,842,26,868,16,0.5342880744039872
lncRNA_7454,864,3,867,14,0.5406846482358303
lncRNA_22028,864,2,866,19,0.5548557115619921
lncRNA_11387,778,88,866,28,0.4483779697141812
lncRNA_3894,294,572,866,15,-0.1777275485290345
lncRNA_11250,864,2,866,32,0.578225571453377
lncRNA_16531,743,122,865,10,0.40937802950392005
lncRNA_10768,804,60,864,12,0.48882480433126596
lncRNA_11214,852,12,864,27,0.5404166713616889
lncRNA_10556,862,1,863,20,0.5436160259274312
lncRNA_20920,738,124,862,12,0.4048036452818077
lncRNA_6278,826,35,861,13,0.5117336969610131
lncRNA_15180,834,26,860,17,0.5222975263311018
lncRNA_327,345,515,860,8,-0.11048110623584327
lncRNA_10987,746,114,860,8,0.4152726555986603
lncRNA_14416,854,6,860,11,0.5376361039348789
lncRNA_829,694,165,859,11,0.3543390774266383
lncRNA_19762,845,14,859,24,0.529522206710549
lncRNA_11429,852,7,859,22,0.5413872947117133
lncRNA_8611,795,63,858,23,0.47439226207407936
lncRNA_241,677,181,858,20,0.33831020167971054
lncRNA_23912,744,113,857,16,0.4172467816948973
lncRNA_2991,846,11,857,29,0.5333782769798845
lncRNA_21420,596,261,857,18,0.2553427938243373
lncRNA_8136,463,393,856,16,0.046606806454553534
lncRNA_16310,790,65,855,22,0.4732043450855992
lncRNA_2292,794,61,855,20,0.47622596877699247
lncRNA_18150,821,33,854,17,0.5097525234922214
lncRNA_3662,677,176,853,76,0.33603688228284095
lncRNA_10796,764,87,851,17,0.45331608182130084
lncRNA_7247,851,0,851,19,0.5412923577241535
lncRNA_23146,827,24,851,29,0.5132893197609874
lncRNA_6226,846,5,851,12,0.5357573488181352
lncRNA_5615,653,197,850,15,0.3038580806249402
lncRNA_4557,763,87,850,30,0.452423528483872
lncRNA_2748,801,49,850,19,0.489143205687164
lncRNA_10795,762,87,849,17,0.45319596086159203
lncRNA_11076,825,24,849,26,0.516986199832708
lncRNA_13370,843,5,848,20,0.5297386460458229
lncRNA_19622,821,27,848,4,0.510090309587851
lncRNA_13373,843,5,848,20,0.5297386460458229
lncRNA_9462,836,11,847,10,0.5290358869931394
lncRNA_8156,758,89,847,20,0.4554626912571984
lncRNA_18260,837,9,846,9,0.5332223674469525
lncRNA_22308,255,591,846,12,-0.2214118156033196
lncRNA_13920,298,548,846,13,-0.1640179077630429
lncRNA_22306,255,589,844,12,-0.22079959986013886
lncRNA_4561,770,74,844,19,0.4597850902615502
lncRNA_9986,753,88,841,16,0.44905457244517405
lncRNA_13919,310,531,841,12,-0.144770876115006
lncRNA_8134,387,453,840,12,-0.045871652468346326
lncRNA_8133,387,453,840,12,-0.045871652468346326
lncRNA_5439,805,34,839,17,0.5041404389310924
lncRNA_20816,729,110,839,11,0.4223817860191506
lncRNA_16689,829,10,839,39,0.5319082602714326
lncRNA_18919,836,2,838,21,0.5407856668153445
lncRNA_12649,837,1,838,16,0.5446368375476714
lncRNA_11357,774,64,838,31,0.48296035135349147
lncRNA_23283,758,79,837,21,0.45245159063186074
lncRNA_10002,718,119,837,14,0.4054795011751998
lncRNA_14652,826,11,837,28,0.5328173479816856
lncRNA_16777,790,43,833,23,0.5246034564460689
lncRNA_12645,776,57,833,10,0.48623986979815037
lncRNA_955,761,72,833,7,0.46596300337726254
lncRNA_14565,816,16,832,30,0.5240901992258142
lncRNA_5103,724,108,832,19,0.4186774591228092
lncRNA_13504,641,190,831,17,0.3060157454149579
lncRNA_1689,703,127,830,13,0.384050530410132
lncRNA_7860,759,70,829,28,0.4732103924740226
lncRNA_6406,816,13,829,10,0.5281632453333964
lncRNA_1818,141,687,828,17,-0.36432651008659284
lncRNA_24185,464,362,826,13,0.07119845110007264
lncRNA_16147,794,32,826,24,0.5173047733371966
lncRNA_9516,708,118,826,20,0.40927810449670227
lncRNA_9083,715,111,826,17,0.4242329663387904
lncRNA_13262,774,51,825,23,0.48577379430315404
lncRNA_9241,738,87,825,14,0.44403895595246673
lncRNA_22307,317,507,824,13,-0.1279154342005216
lncRNA_17319,713,106,819,7,0.42310387082081724
lncRNA_9835,726,93,819,20,0.43823545095236605
lncRNA_4436,759,60,819,8,0.47282679472209105
lncRNA_12524,614,204,818,11,0.2871282591372639
lncRNA_8030,794,24,818,21,0.52026881444277
lncRNA_17318,712,106,818,7,0.4230334162270228
lncRNA_23532,762,52,814,24,0.49100147015744017
lncRNA_18464,672,141,813,42,0.3897875944992881
lncRNA_6216,265,548,813,9,-0.21535894348146667
lncRNA_10513,796,17,813,13,0.5302709575005797
lncRNA_3579,699,113,812,5,0.40729059249230765
lncRNA_4585,723,89,812,6,0.43569934129477317
lncRNA_22110,622,190,812,20,0.296650030702867
lncRNA_19760,810,2,812,28,0.5511287562593494
lncRNA_19388,706,104,810,24,0.4130622875825951
lncRNA_15283,744,66,810,31,0.4680603619556493
lncRNA_21196,803,6,809,30,0.5418788760136114
lncRNA_19268,593,215,808,46,0.28721567830213585
lncRNA_15758,219,589,808,10,-0.2571652002719156
lncRNA_9279,787,20,807,11,0.5365933814751287
lncRNA_2872,794,13,807,23,0.5302954729783484
lncRNA_13866,725,81,806,30,0.45979912774470816
lncRNA_13518,684,122,806,26,0.40076600276447577
lncRNA_17320,698,108,806,7,0.41787434252033256
lncRNA_11423,800,4,804,18,0.5346423714719596
lncRNA_1836,758,45,803,22,0.4932177903231592
lncRNA_8967,603,200,803,11,0.279719970798624
lncRNA_20823,675,128,803,12,0.38874599681332744
lncRNA_15473,795,6,801,16,0.5303398424851846
lncRNA_17755,709,91,800,22,0.4375484563682591
lncRNA_6833,710,90,800,10,0.4353550867617856
lncRNA_23911,785,15,800,11,0.525943315177111
lncRNA_9071,789,11,800,17,0.5260746360044068
lncRNA_5431,797,3,800,21,0.5712279931895907
lncRNA_17321,688,111,799,7,0.41231598893155247
lncRNA_13546,591,207,798,17,0.2741650012507934
lncRNA_6877,797,1,798,13,0.5395536047070225
lncRNA_247,752,45,797,9,0.4976760857004987
lncRNA_21704,707,88,795,10,0.4363305134921181
lncRNA_5666,771,24,795,22,0.51324076352344
lncRNA_6626,738,55,793,17,0.4729245059953974
lncRNA_14668,338,455,793,70,-0.07157135222282276
lncRNA_16912,788,5,793,27,0.5450470686808713
lncRNA_24021,784,9,793,9,0.534201131854928
lncRNA_7877,783,10,793,13,0.5590689603131092
lncRNA_15752,635,156,791,10,0.33960769837092986
lncRNA_9311,571,219,790,13,0.25518552307859155
lncRNA_2075,732,57,789,8,0.47581387627343397
lncRNA_12527,770,17,787,39,0.530007137780224
lncRNA_5866,767,20,787,17,0.5218937028494193
lncRNA_6219,291,496,787,10,-0.15450487777261035
lncRNA_23966,677,109,786,23,0.41054667966339226
lncRNA_6304,671,115,786,10,0.3912774555638255
lncRNA_13303,619,167,786,19,0.31948131886205083
lncRNA_18469,631,154,785,42,0.3625008316706771
lncRNA_9310,544,241,785,12,0.2196030934844485
lncRNA_19267,553,231,784,48,0.25328355749170955
lncRNA_4986,667,117,784,13,0.39825578967225367
lncRNA_14251,551,233,784,11,0.2361683281954722
lncRNA_12439,761,22,783,26,0.5351213522397622
lncRNA_4542,767,16,783,13,0.5289347835998617
lncRNA_14819,462,320,782,65,0.12704566893321054
lncRNA_20401,757,25,782,10,0.5191658351504119
lncRNA_19149,636,146,782,9,0.3612046270386576
lncRNA_19264,552,230,782,47,0.2539604500335918
lncRNA_16610,777,4,781,10,0.5355867003794769
lncRNA_2197,768,12,780,8,0.5307330992832725
lncRNA_19265,550,230,780,47,0.2534340921601407
lncRNA_19266,550,230,780,47,0.25352683070980475
lncRNA_4727,365,415,780,8,-0.02658715099730363
lncRNA_4961,707,71,778,5,0.4604233083228513
lncRNA_11932,714,64,778,14,0.46212328662151175
lncRNA_6119,740,38,778,14,0.5025378938909293
lncRNA_8984,623,154,777,14,0.35032415745424933
lncRNA_14523,634,142,776,10,0.37031960845639594
lncRNA_3512,582,194,776,12,0.279191524594103
lncRNA_19262,542,234,776,47,0.24565765441513218
lncRNA_6258,725,51,776,24,0.47877338695596716
lncRNA_13450,689,87,776,14,0.4379520991431414
lncRNA_21688,606,170,776,23,0.321096088756828
lncRNA_2904,683,92,775,19,0.425009609361121
lncRNA_14538,712,63,775,13,0.467566340461742
lncRNA_15751,651,123,774,14,0.3806686550581114
lncRNA_1940,593,181,774,13,0.30682859490297787
lncRNA_16155,747,27,774,20,0.52160234099003
lncRNA_19263,542,231,773,47,0.24877739786977998
lncRNA_20829,625,146,771,12,0.35643329380749367
lncRNA_1901,702,69,771,13,0.4537337562014017
lncRNA_3354,713,58,771,22,0.46971230176268136
lncRNA_20822,630,140,770,10,0.36240841640628346
lncRNA_20821,630,140,770,10,0.36240841640628346
lncRNA_12957,452,316,768,8,0.10166047879572437
lncRNA_1530,768,0,768,30,0.5454748184590835
lncRNA_17439,625,143,768,13,0.36803422897732846
lncRNA_6451,748,19,767,18,0.5256116051026134
lncRNA_16051,564,203,767,12,0.26805967380296214
lncRNA_20819,627,140,767,10,0.36201432515391946
lncRNA_12448,675,91,766,18,0.43133565566120224
lncRNA_19888,762,3,765,10,0.5431522824272212
lncRNA_2997,762,3,765,12,0.5396787734436582
lncRNA_1738,251,514,765,12,-0.19804285878088915
lncRNA_12555,737,27,764,24,0.513214926844585
lncRNA_14967,654,109,763,11,0.4054064618635334
lncRNA_20193,751,11,762,12,0.5339787971182142
lncRNA_1701,759,3,762,35,0.5419822519288848
lncRNA_22371,651,110,761,19,0.4056039059686236
lncRNA_22565,607,154,761,12,0.34733649981890624
lncRNA_21689,591,168,759,23,0.318608150625593
lncRNA_15032,757,2,759,12,0.5415128746397011
lncRNA_12375,541,218,759,11,0.2499767385344331
lncRNA_14818,446,311,757,65,0.12487015318372843
lncRNA_1369,710,45,755,10,0.5002137473133186
lncRNA_16021,686,69,755,4,0.46378819398098414
lncRNA_5354,749,6,755,21,0.5447739909013279
lncRNA_6218,278,476,754,10,-0.1625430347577522
lncRNA_438,569,183,752,59,0.30302399778528444
lncRNA_437,569,183,752,59,0.30302399778528444
lncRNA_439,569,183,752,59,0.30302399778528444
lncRNA_11954,750,1,751,12,0.5353401722601585
lncRNA_16737,632,118,750,6,0.3923557864565519
lncRNA_2616,748,2,750,29,0.5572506223839075
lncRNA_19443,746,3,749,29,0.539705793031003
lncRNA_5268,739,10,749,2,0.5353122745937262
lncRNA_8900,670,78,748,17,0.4487239895293852
lncRNA_3288,583,164,747,14,0.3201152313604973
lncRNA_16224,720,27,747,7,0.5091212944242341
lncRNA_16223,720,27,747,7,0.5091212944242341
lncRNA_16225,720,27,747,7,0.5091212944242341
lncRNA_22822,635,112,747,71,0.39764432228580765
lncRNA_7302,675,72,747,28,0.4552046983398683
lncRNA_4316,618,128,746,37,0.3820889039476367
lncRNA_9467,725,21,746,17,0.5243175492351876
lncRNA_2299,648,98,746,16,0.41132472051841057
lncRNA_14764,692,53,745,13,0.482330157450439
lncRNA_8319,739,6,745,38,0.537001139043312
lncRNA_14285,635,110,745,11,0.4066896970729915
lncRNA_19140,651,93,744,14,0.4208835871853828
lncRNA_13218,694,50,744,15,0.4886685767255885
lncRNA_13338,743,1,744,21,0.5405501361800924
lncRNA_14282,632,111,743,11,0.40496811429529733
lncRNA_1902,656,86,742,10,0.4265223259202186
lncRNA_21686,636,106,742,10,0.4061881902853927
lncRNA_14476,739,2,741,21,0.5370794175086195
lncRNA_19284,688,53,741,22,0.47541647061557213
lncRNA_14252,520,220,740,9,0.2353957386161498
lncRNA_15753,572,168,740,10,0.3049847567094322
lncRNA_22963,692,47,739,18,0.4793180116530799
lncRNA_16694,536,203,739,9,0.2628003072401852
lncRNA_12431,733,6,739,11,0.5346427073074465
lncRNA_20660,601,137,738,10,0.3616721024297094
lncRNA_14481,658,80,738,4,0.44009320388028567
lncRNA_9128,619,118,737,12,0.387211142070826
lncRNA_14233,638,98,736,9,0.41982643394988983
lncRNA_22370,618,118,736,20,0.3881165587923062
lncRNA_9011,386,349,735,13,0.028229661831145277
lncRNA_049,672,62,734,11,0.4643261853992324
lncRNA_20999,726,8,734,11,0.5379548408513628
lncRNA_048,672,62,734,11,0.4643261853992324
lncRNA_047,672,62,734,11,0.4643261853992324
lncRNA_4835,732,1,733,17,0.5487252699584247
lncRNA_20818,586,147,733,8,0.34311601174560136
lncRNA_8210,660,73,733,27,0.4712247176851156
lncRNA_5111,611,119,730,16,0.37597612064911384
lncRNA_17211,726,3,729,27,0.5573899670520998
lncRNA_11301,711,18,729,23,0.5214477688361635
lncRNA_16738,610,119,729,7,0.38543055997166786
lncRNA_6753,589,139,728,7,0.34363400610259803
lncRNA_5011,701,26,727,29,0.5319198386658731
lncRNA_2786,642,85,727,17,0.4394761095779547
lncRNA_10800,644,83,727,12,0.44233522961118305
lncRNA_5010,701,26,727,29,0.5319198386658731
lncRNA_12367,701,24,725,16,0.5097505027929957
lncRNA_10797,639,86,725,13,0.437604695964146
lncRNA_18508,587,138,725,18,0.35257410451395177
lncRNA_24081,440,285,725,7,0.12908568677253404
lncRNA_13581,627,97,724,18,0.4130670710547014
lncRNA_10798,637,85,722,12,0.43860713270118723
lncRNA_879,569,153,722,15,0.32634542135246364
lncRNA_386,654,67,721,15,0.45652061934384214
lncRNA_8951,518,203,721,36,0.2439143366638943
lncRNA_14844,656,65,721,16,0.4645255783330963
lncRNA_20817,565,154,719,7,0.32738026037989676
lncRNA_2344,696,23,719,17,0.546373975816239
lncRNA_18128,523,196,719,8,0.2685932280658971
lncRNA_11141,711,6,717,15,0.5350139363048693
lncRNA_10746,296,420,716,12,-0.1041253374604919
lncRNA_10093,499,217,716,39,0.225199093771525
lncRNA_19227,509,206,715,7,0.24077238308889065
lncRNA_22885,611,102,713,8,0.4051178141790041
lncRNA_20651,556,157,713,11,0.3253358967984321
lncRNA_15616,461,251,712,6,0.17164985663688984
lncRNA_5378,657,54,711,8,0.4688467734138118
lncRNA_11694,710,1,711,9,0.5464889999186863
lncRNA_23402,654,57,711,15,0.46656173944455037
lncRNA_14905,450,260,710,9,0.15365889633853544
lncRNA_10801,630,80,710,13,0.44513070873460325
lncRNA_6982,685,23,708,29,0.532706755517393
lncRNA_5850,617,91,708,10,0.4232580746342314
lncRNA_21405,547,161,708,11,0.32003214966172927
lncRNA_5525,572,135,707,14,0.3502884273202583
lncRNA_8969,537,169,706,10,0.29091918970662056
lncRNA_14304,686,19,705,11,0.5166444138795703
lncRNA_6270,325,378,703,50,-0.04983659246253154
lncRNA_12839,699,3,702,33,0.5458797819923362
lncRNA_12017,281,421,702,11,-0.11966042754593517
lncRNA_5340,687,14,701,11,0.523108359634213
lncRNA_14440,649,51,700,6,0.4825788169871563
lncRNA_14439,649,51,700,6,0.4825788169871563
lncRNA_9593,700,0,700,17,0.5437321192770221
lncRNA_9891,202,497,699,10,-0.24027925590272248
lncRNA_18129,515,184,699,9,0.2808948999719943
lncRNA_5393,694,3,697,13,0.5566787847882875
lncRNA_3454,561,136,697,14,0.34406697873658376
lncRNA_15557,583,113,696,10,0.3768465690150574
lncRNA_6625,651,44,695,36,0.48390043013689876
lncRNA_16532,519,174,693,9,0.2873751273861221
lncRNA_20068,627,65,692,22,0.4518834617515957
lncRNA_6221,295,397,692,10,-0.09045212651123606
lncRNA_20069,627,65,692,22,0.4518834617515957
lncRNA_4910,682,10,692,23,0.5465047612053555
lncRNA_13597,598,94,692,4,0.4127355235452856
lncRNA_17490,688,3,691,22,0.5350043373990123
lncRNA_13554,555,135,690,9,0.35538224074697966
lncRNA_23899,637,53,690,10,0.48126677561165254
lncRNA_3405,688,1,689,13,0.5412816545418269
lncRNA_21404,474,215,689,10,0.2235291658346191
lncRNA_20497,631,58,689,2,0.45954501416349486
lncRNA_5460,656,33,689,50,0.49908837540576856
lncRNA_5311,7,680,687,19,-0.5305235732846386
lncRNA_833,663,24,687,3,0.5179301839169933
lncRNA_18822,496,190,686,11,0.2571325927479219
lncRNA_18808,673,13,686,30,0.5344423030091383
lncRNA_12060,405,280,685,5,0.11192487027368528
lncRNA_21748,626,59,685,9,0.4594251977914288
lncRNA_4540,446,238,684,8,0.17491004724594733
lncRNA_1960,313,370,683,13,-0.050097412042233745
lncRNA_3346,667,15,682,16,0.5630200986691548
lncRNA_12662,573,108,681,12,0.3899904866412594
lncRNA_13954,440,240,680,6,0.17398077032290513
lncRNA_13414,612,68,680,9,0.4526722423021956
lncRNA_5978,603,77,680,24,0.4288601066325366
lncRNA_8968,516,164,680,10,0.2879125217169018
lncRNA_8845,568,111,679,25,0.3791251395076809
lncRNA_3893,512,167,679,7,0.28553703177194195
lncRNA_2682,669,10,679,16,0.56937435941505
lncRNA_12661,572,106,678,12,0.3928596457460994
lncRNA_17401,284,394,678,9,-0.09446662523907963
lncRNA_23597,634,43,677,6,0.483120852356842
lncRNA_22209,591,84,675,11,0.42082114249335306
lncRNA_3714,540,134,674,11,0.341644830113998
lncRNA_19718,634,39,673,49,0.5006837440531865
lncRNA_525,670,2,672,12,0.5503925944242881
lncRNA_1961,304,368,672,13,-0.056984909230479684
lncRNA_16624,524,148,672,8,0.31509263677630295
lncRNA_6621,665,5,670,13,0.5500567707371351
lncRNA_20115,666,3,669,13,0.5686818247788987
lncRNA_18834,458,211,669,44,0.20762225375620885
lncRNA_12832,571,98,669,9,0.40207860488779223
lncRNA_22584,573,95,668,11,0.4079715226530193
lncRNA_10473,489,179,668,6,0.26575739631166406
lncRNA_1188,664,4,668,14,0.5436629960009148
lncRNA_16850,604,63,667,10,0.45802655910659484
lncRNA_18126,434,232,666,9,0.18257609760124568
lncRNA_12799,616,49,665,10,0.4747301064986337
lncRNA_9690,541,124,665,9,0.36668185470906084
lncRNA_14913,251,414,665,9,-0.15120611328915554
lncRNA_14914,251,414,665,9,-0.1512463711711657
lncRNA_14912,251,414,665,9,-0.15120611328915554
lncRNA_16848,614,50,664,14,0.4795796733915179
lncRNA_16081,433,231,664,41,0.20031621221366633
lncRNA_16079,433,231,664,41,0.20031621221366633
lncRNA_16080,433,231,664,41,0.20031621221366633
lncRNA_19238,652,9,661,32,0.527349135442982
lncRNA_16849,610,50,660,13,0.47907150369331447
lncRNA_16619,514,146,660,7,0.31403898875997815
lncRNA_7876,653,6,659,9,0.5437068062288433
lncRNA_9030,619,40,659,5,0.4774486781025014
lncRNA_12468,583,75,658,18,0.42849583492427373
lncRNA_16172,586,72,658,12,0.4345408790399848
lncRNA_20155,577,81,658,11,0.43031066339389684
lncRNA_22473,657,0,657,19,0.5426760157048145
lncRNA_1023,644,13,657,22,0.5285592347626072
lncRNA_443,476,181,657,49,0.2641189400081673
lncRNA_16845,606,50,656,13,0.47868183337901926
lncRNA_16847,606,50,656,13,0.47868183337901926
lncRNA_7523,328,328,656,58,0.022805562535612493
lncRNA_442,474,182,656,48,0.2623329668401423
lncRNA_6627,469,187,656,10,0.24839624621406534
lncRNA_677,139,517,656,13,-0.32098950692577666
lncRNA_441,474,182,656,48,0.26237181622485994
lncRNA_22142,654,2,656,35,0.5472786322786146
lncRNA_12208,587,68,655,4,0.44742751511738943
lncRNA_12207,587,68,655,4,0.44742751511738943
lncRNA_9691,532,123,655,9,0.366641476445511
lncRNA_3500,641,13,654,64,0.5384239330172703
lncRNA_9615,192,461,653,7,-0.23208330811152822
lncRNA_21554,533,120,653,12,0.3887571263862154
lncRNA_16851,589,64,653,9,0.4536213611137976
lncRNA_550,572,81,653,12,0.42488168473892246
lncRNA_15955,561,92,653,15,0.41309884107603556
lncRNA_18468,580,72,652,31,0.4703146066803039
lncRNA_3578,650,2,652,11,0.5468102397819871
lncRNA_23764,592,60,652,11,0.44729319954282837
lncRNA_13032,231,421,652,12,-0.15938575677500483
lncRNA_13151,652,0,652,7,0.5410654438507401
lncRNA_22757,592,60,652,10,0.4510640348484544
lncRNA_8643,600,51,651,15,0.46896956815136853
lncRNA_13728,610,40,650,31,0.5137291436776223
lncRNA_8642,598,51,649,16,0.46860293447116036
lncRNA_16510,624,25,649,22,0.5111060120857405
lncRNA_492,642,7,649,9,0.528314502939886
lncRNA_4234,549,99,648,10,0.39323795478730644
lncRNA_15103,544,104,648,9,0.3944159354225182
lncRNA_8103,582,65,647,21,0.46106860740782085
lncRNA_8622,643,4,647,6,0.5654216479398863
lncRNA_16846,596,50,646,13,0.47673993348244914
lncRNA_18080,560,85,645,15,0.4202307262806713
lncRNA_6984,625,20,645,25,0.5374983545161506
lncRNA_14225,426,219,645,8,0.18831099707452978
lncRNA_21675,625,19,644,13,0.5333564918648891
lncRNA_9401,574,70,644,12,0.43896030115495
lncRNA_8437,494,150,644,12,0.31489996735037606
lncRNA_16924,170,474,644,16,-0.25264229373108515
lncRNA_3452,340,304,644,54,0.052010472881605076
lncRNA_13980,634,10,644,33,0.5304682937281087
lncRNA_15594,576,66,642,9,0.4437728543515007
lncRNA_22914,573,69,642,5,0.4422179427022662
lncRNA_16001,503,139,642,5,0.3235719204558878
lncRNA_873,636,6,642,11,0.5300907701501588
lncRNA_1651,331,310,641,9,0.020909720284051886
lncRNA_18139,383,258,641,12,0.11242791095795267
lncRNA_8995,553,86,639,6,0.414916642940024
lncRNA_11073,578,60,638,15,0.450602877821062
lncRNA_12068,350,287,637,6,0.06269788695937023
lncRNA_16616,568,69,637,8,0.4454799981484873
lncRNA_20162,634,2,636,9,0.5406795715733358
lncRNA_12585,596,40,636,10,0.48651954124041735
lncRNA_23613,471,164,635,14,0.2866408260778956
lncRNA_14810,635,0,635,8,0.5394679296983013
lncRNA_21822,631,4,635,10,0.5544123262865562
lncRNA_20659,481,154,635,7,0.29666671880777307
lncRNA_12728,564,71,635,17,0.44832188536476747
lncRNA_18681,514,121,635,13,0.3454587131094919
lncRNA_17714,595,39,634,6,0.48710832297457646
lncRNA_13439,542,92,634,3,0.40115173217353944
lncRNA_6759,624,10,634,13,0.5290559934617065
lncRNA_783,66,567,633,9,-0.42901785166915357
lncRNA_20578,474,159,633,5,0.2916065819169924
lncRNA_21322,486,147,633,7,0.3111219395707538
lncRNA_21323,486,147,633,7,0.3111219395707538
lncRNA_20653,494,138,632,11,0.3232582805161943
lncRNA_18490,582,49,631,13,0.47602093775769017
lncRNA_8187,617,14,631,4,0.5213681482983373
lncRNA_15024,612,18,630,12,0.5147614943931171
lncRNA_9029,624,6,630,22,0.5340074415797053
lncRNA_10828,236,394,630,8,-0.1382350444095709
lncRNA_16410,140,490,630,15,-0.3049158842083433
lncRNA_16149,614,15,629,12,0.527111030500766
lncRNA_22112,397,232,629,6,0.14715427195649652
lncRNA_10285,459,168,627,8,0.2701633846779439
lncRNA_12636,546,81,627,7,0.42409677327386036
lncRNA_15257,598,29,627,30,0.49639048464424723
lncRNA_3789,619,8,627,22,0.5298441540015925
lncRNA_14845,228,398,626,8,-0.14886440199733456
lncRNA_16623,474,152,626,8,0.2894117891110247
lncRNA_20654,488,138,626,11,0.3209819115441057
lncRNA_8533,548,77,625,7,0.43039759898106433
lncRNA_12706,265,360,625,5,-0.08367376064416598
lncRNA_20657,468,157,625,8,0.28652084033698877
lncRNA_16917,602,23,625,18,0.5065646654392929
lncRNA_12658,507,117,624,11,0.3576219345124726
lncRNA_23738,434,190,624,10,0.22547969160550493
lncRNA_8772,619,4,623,8,0.5336686016548174
lncRNA_24180,587,36,623,14,0.4924063727197668
lncRNA_2324,615,7,622,16,0.5373260876772605
lncRNA_24179,587,35,622,14,0.493917757569387
lncRNA_20658,464,157,621,8,0.2851182123415184
lncRNA_18511,510,111,621,7,0.3679264972650645
lncRNA_13759,450,171,621,7,0.26238360536600214
lncRNA_1221,492,128,620,8,0.32791400510316
lncRNA_23655,612,8,620,9,0.5342965519884633
lncRNA_16385,607,13,620,17,0.5237455440866465
lncRNA_23739,519,100,619,7,0.3871016284699746
lncRNA_2544,450,169,619,5,0.2749541032085809
lncRNA_21087,554,63,617,15,0.45065932291196675
lncRNA_12659,499,117,616,11,0.3554623361373268
lncRNA_4688,514,102,616,9,0.3772561850968543
lncRNA_19772,458,156,614,8,0.28528368530516773
lncRNA_18514,502,112,614,7,0.3643712705872909
lncRNA_5384,233,381,614,10,-0.1490350891767766
lncRNA_19771,458,156,614,8,0.28528368530516773
lncRNA_772,489,125,614,2,0.3375551109157081
lncRNA_11789,600,14,614,10,0.5131132765809269
lncRNA_16925,221,392,613,18,-0.1474804252419102
lncRNA_10543,607,6,613,12,0.5355764502345586
lncRNA_19222,486,126,612,4,0.34216728888666503
lncRNA_18008,546,66,612,17,0.43455702756667186
lncRNA_15498,268,344,612,54,-0.05405829735491428
lncRNA_15497,268,344,612,54,-0.05405829735491428
lncRNA_13533,285,326,611,7,-0.030404558199849347
lncRNA_10535,523,88,611,8,0.40255295078053527
lncRNA_19260,608,3,611,12,0.5416741870645503
lncRNA_20454,327,283,610,52,0.05589286755117819
lncRNA_10149,510,98,608,8,0.3812468160013387
lncRNA_12209,555,53,608,5,0.4612330872887052
lncRNA_4543,588,20,608,13,0.5135549998848836
lncRNA_3851,606,2,608,6,0.5390932300271812
lncRNA_10842,528,80,608,5,0.4167910304128128
lncRNA_17843,601,7,608,8,0.5287293835768226
lncRNA_12360,466,142,608,7,0.303484188026242
lncRNA_9479,599,8,607,4,0.5291570874400893
lncRNA_11824,256,351,607,5,-0.08854964931879011
lncRNA_11822,256,351,607,5,-0.08862270942438426
lncRNA_11823,256,351,607,5,-0.08861212341242529
lncRNA_21204,520,87,607,10,0.4004060305667102
lncRNA_11829,242,364,606,4,-0.11374924655476633
lncRNA_1307,551,55,606,4,0.4579427653674245
lncRNA_9127,303,303,606,9,0.0031478323676478897
lncRNA_11825,257,349,606,6,-0.08626317275401323
lncRNA_971,505,101,606,11,0.3858042428027046
lncRNA_11826,257,349,606,6,-0.08630112742584188
lncRNA_9126,303,303,606,9,0.0031478323676478897
lncRNA_16148,590,14,604,14,0.5282131160843687
lncRNA_11830,241,363,604,4,-0.11409901884522075
lncRNA_20124,217,387,604,10,-0.1657268612041279
lncRNA_11828,239,364,603,4,-0.11643723807075368
lncRNA_9992,600,3,603,12,0.5325728861601422
lncRNA_9014,584,19,603,44,0.517347058361015
lncRNA_4237,162,441,603,8,-0.2552484742957097
lncRNA_22414,479,124,603,8,0.3259080745299087
lncRNA_12111,588,14,602,9,0.513866037784243
lncRNA_5392,601,1,602,13,0.5580422804890939
lncRNA_20977,534,68,602,6,0.4398216860694318
lncRNA_578,601,1,602,14,0.5341917230804597
lncRNA_11827,257,345,602,6,-0.08267855088625098
lncRNA_436,459,142,601,43,0.3057879631351719
lncRNA_11239,482,119,601,19,0.3417578658741583
lncRNA_16646,493,107,600,7,0.36536967951451604
lncRNA_6237,287,313,600,6,-0.02457845255031784
lncRNA_17487,536,64,600,9,0.4398318316893655
lncRNA_7290,439,161,600,35,0.27849486097074133
lncRNA_14790,571,28,599,7,0.4973680703211864
lncRNA_518,589,10,599,4,0.5313489547804923
lncRNA_519,589,10,599,4,0.5313489547804923
lncRNA_22633,599,0,599,18,0.5363008329966185
lncRNA_524,588,10,598,4,0.5313699198831425
lncRNA_17176,528,70,598,5,0.4279606390112655
lncRNA_22631,598,0,598,18,0.5373056730916183
lncRNA_19485,408,190,598,15,0.2091505147683593
lncRNA_22632,598,0,598,18,0.5373056730916183
lncRNA_16487,453,144,597,5,0.2902565231538239
lncRNA_664,503,94,597,3,0.39386420606977834
lncRNA_8146,559,38,597,23,0.486486685317238
lncRNA_7861,462,134,596,15,0.3271583733176328
lncRNA_17284,243,353,596,7,-0.10548545125408869
lncRNA_8160,166,429,595,11,-0.24944157833250272
lncRNA_5994,476,119,595,15,0.34616439966777324
lncRNA_972,488,107,595,11,0.3722750590053589
lncRNA_1962,292,303,595,12,-0.014392095674087415
lncRNA_17509,565,30,595,10,0.49784992946546425
lncRNA_5987,493,101,594,17,0.3716030054447558
lncRNA_5993,475,119,594,15,0.3463710066529903
lncRNA_2617,590,3,593,17,0.5418375630301365
lncRNA_21320,474,119,593,11,0.34172806995212746
lncRNA_17888,193,400,593,39,-0.18886040923262273
lncRNA_22634,593,0,593,17,0.5376709615941775
lncRNA_20156,514,77,591,13,0.4206667938462597
lncRNA_20421,582,9,591,6,0.5266679256197554
lncRNA_10504,493,98,591,12,0.3825806514505889
lncRNA_3597,487,104,591,27,0.3757827422926607
lncRNA_22471,476,114,590,9,0.362504480658187
lncRNA_7324,320,270,590,10,0.05629188369672915
lncRNA_9421,558,32,590,62,0.49528214242622576
lncRNA_23993,571,19,590,11,0.5095109450411821
lncRNA_23464,207,382,589,7,-0.16839104216274536
lncRNA_5168,532,57,589,14,0.4518706372993378
lncRNA_9402,514,75,589,19,0.4191349138862567
lncRNA_11454,485,103,588,38,0.36127146149629796
lncRNA_8145,542,46,588,22,0.46973827080002206
lncRNA_10635,586,2,588,20,0.5447005886879206
lncRNA_17553,399,189,588,7,0.20940155591438586
lncRNA_6579,439,148,587,6,0.2837759474599248
lncRNA_1804,415,172,587,6,0.23866404400278743
lncRNA_13339,472,114,586,11,0.3448838203990108
lncRNA_23339,471,115,586,4,0.34497221765164177
lncRNA_23340,471,115,586,4,0.34497221765164177
lncRNA_2332,521,64,585,15,0.4322648177860169
lncRNA_20970,300,285,585,9,0.01400685476101215
lncRNA_10020,582,2,584,12,0.5388287805579374
lncRNA_11676,477,107,584,8,0.36524868136421995
lncRNA_12589,573,10,583,9,0.5330113083405451
lncRNA_22786,485,98,583,8,0.37936531980291816
lncRNA_3647,488,93,581,6,0.3900056997755811
lncRNA_22665,504,77,581,7,0.41489706824634126
lncRNA_20351,508,73,581,6,0.422313702111803
lncRNA_9428,578,2,580,18,0.5534679494599646
lncRNA_22202,371,209,580,6,0.16530566695127658
lncRNA_13795,333,246,579,6,0.08793317142524004
lncRNA_13796,333,246,579,6,0.08793317142524004
lncRNA_11887,573,6,579,2,0.5316926289447346
lncRNA_12359,431,148,579,6,0.280843701077421
lncRNA_20890,290,289,579,4,0.0003240674360642104
lncRNA_11888,573,6,579,2,0.5316926289447346
lncRNA_13998,341,238,579,5,0.11389434968403589
lncRNA_17826,257,322,579,5,-0.05925943475119793
lncRNA_13514,533,45,578,15,0.4803278007690786
lncRNA_13515,533,45,578,15,0.4803278007690786
lncRNA_5628,542,35,577,13,0.4775126699720569
lncRNA_23861,526,51,577,49,0.4549501535351118
lncRNA_571,576,0,576,13,0.5377450346913022
lncRNA_23018,546,30,576,11,0.498107154683873
lncRNA_5089,572,4,576,9,0.5287093781758295
lncRNA_10421,355,221,576,8,0.1348714086833262
lncRNA_18513,459,117,576,7,0.34139175724892623
lncRNA_17919,470,106,576,9,0.35992853846912104
lncRNA_22760,568,7,575,18,0.5376752683367944
lncRNA_3329,559,16,575,1,0.5191367939144058
lncRNA_8499,390,185,575,6,0.2107042496155655
lncRNA_13923,325,249,574,8,0.08147086567116125
lncRNA_21088,478,96,574,14,0.38153898323206725
lncRNA_21089,477,97,574,14,0.3797742263815988
lncRNA_21090,477,97,574,14,0.37977110732557173
lncRNA_21109,541,33,574,36,0.48028557599448646
lncRNA_7125,511,62,573,9,0.4386015322908413
lncRNA_14171,550,23,573,13,0.5043054573022695
lncRNA_16469,568,5,573,17,0.5297148300724043
lncRNA_18510,451,120,571,7,0.33384937950100785
lncRNA_7314,338,232,570,7,0.10514501666394441
lncRNA_16409,248,322,570,7,-0.069518598615391
lncRNA_21938,368,201,569,9,0.1695753667979056
lncRNA_4348,298,270,568,5,0.03106250042984713
lncRNA_12019,249,319,568,6,-0.06961829695381781
lncRNA_12185,562,6,568,6,0.5434863550063577
lncRNA_14040,513,54,567,7,0.4440554412886492
lncRNA_17567,564,2,566,29,0.5372376760265359
lncRNA_16611,416,148,564,11,0.2801888070913234
lncRNA_23458,497,67,564,18,0.42535893726716045
lncRNA_10363,287,276,563,31,0.017830728905764103
lncRNA_10362,287,276,563,31,0.017830728905764103
lncRNA_20359,505,57,562,13,0.44661763519721004
lncRNA_11371,499,63,562,12,0.43909399793679144
lncRNA_627,539,23,562,15,0.5003421373616438
lncRNA_21731,319,242,561,7,0.0852698805299329
lncRNA_12465,466,95,561,8,0.38158140338112895
lncRNA_22549,546,15,561,14,0.5102281156989893
lncRNA_13625,463,96,559,9,0.3731954930130007
lncRNA_4860,440,119,559,5,0.32883988937507336
lncRNA_4347,283,276,559,6,0.009409694734191879
lncRNA_18823,480,78,558,3,0.40740184857995454
lncRNA_10283,405,153,558,9,0.2655939543463623
lncRNA_23025,550,8,558,11,0.5785085845368457
lncRNA_17589,441,116,557,9,0.33602601134565063
lncRNA_11100,444,113,557,14,0.3451722342939036
lncRNA_15496,293,264,557,51,0.04872013836641956
lncRNA_22349,444,113,557,5,0.3355776215531242
lncRNA_15095,308,249,557,10,0.062331482493516444
lncRNA_8059,417,139,556,5,0.2855875304914057
lncRNA_6374,311,245,556,6,0.07428457867782251
lncRNA_14962,456,100,556,8,0.36536541110203785
lncRNA_3598,452,104,556,26,0.36371200114589974
lncRNA_14961,456,100,556,9,0.3652262881929579
lncRNA_14960,456,100,556,9,0.3652262881929579
lncRNA_11240,556,0,556,6,0.5366222567208189
lncRNA_15688,449,107,556,11,0.3532167197072396
lncRNA_15756,389,166,555,8,0.22554760517078012
lncRNA_18939,471,84,555,7,0.3982536563880178
lncRNA_14765,416,139,555,9,0.27974492801665535
lncRNA_15755,389,166,555,8,0.22554760517078012
lncRNA_3967,545,10,555,17,0.5350348446521102
lncRNA_15754,388,166,554,8,0.22503009337851088
lncRNA_2025,300,254,554,7,0.05155204013791508
lncRNA_17081,216,338,554,7,-0.1280318825522695
lncRNA_2915,481,72,553,9,0.41664071368792394
lncRNA_15468,415,138,553,5,0.29353404069193306
lncRNA_17079,382,171,553,9,0.21242943656581295
lncRNA_5818,361,191,552,6,0.17654949846143328
lncRNA_15102,445,107,552,6,0.3588566620880996
lncRNA_3021,549,2,551,22,0.5342855289798638
lncRNA_15854,427,123,550,16,0.31688807583826173
lncRNA_17064,545,5,550,16,0.5429133498162475
lncRNA_5821,364,185,549,6,0.18626159381734264
lncRNA_21100,383,166,549,10,0.23287160401892382
lncRNA_1720,450,99,549,5,0.3624413391764641
lncRNA_5820,364,184,548,6,0.18755633619703677
lncRNA_3999,400,148,548,8,0.2605439475542226
lncRNA_20631,525,23,548,8,0.4991761632633681
lncRNA_16050,449,98,547,37,0.3888983210155877
lncRNA_738,369,178,547,13,0.2138937469559315
lncRNA_22583,450,96,546,6,0.3763856417203741
lncRNA_17932,327,219,546,8,0.1138932578294847
lncRNA_2833,461,85,546,10,0.39105749643580595
lncRNA_11831,253,293,546,4,-0.038110780238667284
lncRNA_10631,161,385,546,7,-0.23110374379964144
lncRNA_21666,420,126,546,6,0.30810607301556825
lncRNA_021,246,299,545,9,-0.058354891541793776
lncRNA_022,246,299,545,9,-0.058354891541793776
lncRNA_020,246,299,545,9,-0.058354891541793776
lncRNA_11791,533,12,545,22,0.5288594530775612
lncRNA_15877,503,41,544,12,0.477500317426802
lncRNA_4726,239,305,544,10,-0.06401158199429897
lncRNA_1684,274,270,544,12,0.006784040981145731
lncRNA_2291,529,15,544,11,0.5177453522521589
lncRNA_14278,335,209,544,8,0.13205679205280227
lncRNA_2903,534,9,543,11,0.5336066986110042
lncRNA_15891,435,107,542,13,0.3547665832879158
lncRNA_2942,333,209,542,10,0.13812014617037358
lncRNA_19448,449,93,542,8,0.3839603235085542
lncRNA_10108,428,114,542,11,0.32646468649957905
lncRNA_10107,428,114,542,11,0.32646468649957905
lncRNA_22357,443,98,541,5,0.3628508951382697
lncRNA_659,158,383,541,7,-0.23650674741094438
lncRNA_10636,111,430,541,8,-0.32323605508132247
lncRNA_10637,111,430,541,8,-0.32323605508132247
lncRNA_10670,533,7,540,10,0.529193108651592
lncRNA_4493,286,254,540,8,0.03963697096716914
lncRNA_15217,539,1,540,38,0.542715193397841
lncRNA_6249,338,202,540,11,0.14556236933070973
lncRNA_19421,539,1,540,7,0.543645745432496
lncRNA_11907,487,52,539,12,0.4546326608678376
lncRNA_10622,382,156,538,6,0.23724184711430746
lncRNA_16691,535,3,538,27,0.5400390088288566
lncRNA_12795,524,14,538,32,0.5153575292952716
lncRNA_15427,411,127,538,14,0.29053276652976157
lncRNA_17641,493,45,538,7,0.4670251576829533
lncRNA_5445,364,174,538,5,0.21541946193684042
lncRNA_21971,534,3,537,15,0.5421946030808388
lncRNA_17239,463,73,536,6,0.4228610733568874
lncRNA_11082,210,325,535,3,-0.11250009588900473
lncRNA_19642,266,269,535,8,0.0037318364546818756
lncRNA_15908,243,292,535,4,-0.04716567375937233
lncRNA_21294,333,202,535,8,0.14213329258465696
lncRNA_23586,335,200,535,6,0.15212703621208407
lncRNA_837,246,288,534,8,-0.03697930328916472
lncRNA_6471,407,127,534,10,0.30653658277054996
lncRNA_6314,452,82,534,6,0.3962195627138015
lncRNA_19172,401,133,534,5,0.2969370781793274
lncRNA_836,246,288,534,8,-0.03697930328916472
lncRNA_16328,453,80,533,31,0.39324703636732655
lncRNA_23540,426,106,532,8,0.34360405066823907
lncRNA_20982,432,100,532,6,0.3510424319389698
lncRNA_11993,325,207,532,9,0.1278250491812601
lncRNA_16494,477,55,532,9,0.4429039498958245
lncRNA_8957,453,78,531,4,0.38492538934060666
lncRNA_1686,276,255,531,12,0.025602770503182923
lncRNA_1295,489,42,531,20,0.4650885927609645
lncRNA_7512,210,321,531,8,-0.11782493226071666
lncRNA_18936,523,8,531,17,0.5258574562219794
lncRNA_435,363,167,530,13,0.225877194103788
lncRNA_10630,526,3,529,20,0.5433362767989811
lncRNA_9302,400,129,529,7,0.3010939133854199
lncRNA_18941,464,65,529,7,0.4277270812297454
lncRNA_16032,367,162,529,14,0.219651682644279
lncRNA_1437,425,104,529,13,0.352496481155452
lncRNA_10629,526,3,529,20,0.5433362767989811
lncRNA_22637,527,1,528,17,0.5350709522395481
lncRNA_20655,364,164,528,9,0.21945302125159682
lncRNA_15166,468,60,528,18,0.4259408804443723
lncRNA_18509,408,120,528,7,0.31632686995907466
lncRNA_20065,522,5,527,13,0.5274639650055949
lncRNA_20656,363,164,527,9,0.21893405431755736
lncRNA_16140,277,249,526,5,0.03320419382392575
lncRNA_15967,520,6,526,10,0.5404803065112583
lncRNA_628,501,25,526,14,0.494082751245378
lncRNA_19628,280,246,526,8,0.03959100197115405
lncRNA_20014,372,154,526,9,0.23557939862390548
lncRNA_344,514,11,525,6,0.5161167445135175
lncRNA_11832,295,230,525,6,0.07566050075025367
lncRNA_14279,424,101,525,4,0.3488246247978088
lncRNA_2298,472,53,525,10,0.44514466466119906
lncRNA_9183,439,86,525,8,0.3850920581807973
lncRNA_5444,377,147,524,4,0.24703263313300386
lncRNA_19629,282,242,524,8,0.04658876177171878
lncRNA_16802,487,37,524,6,0.4730868602532652
lncRNA_7389,253,271,524,8,-0.012774559664342716
lncRNA_17751,437,86,523,8,0.3817952706909841
lncRNA_6860,520,3,523,14,0.5419427702819557
lncRNA_1821,292,230,522,5,0.07758679250032131
lncRNA_7391,320,201,521,8,0.14033374809290694
lncRNA_17931,351,170,521,8,0.20378975804813185
lncRNA_13749,460,61,521,12,0.4325689304573579
lncRNA_18505,353,168,521,9,0.20294871365473013
lncRNA_11874,338,183,521,35,0.1698267502937093
lncRNA_23239,452,67,519,37,0.4139016983823273
lncRNA_10321,485,34,519,14,0.4795544438652004
lncRNA_11834,236,283,519,4,-0.04950768453467726
lncRNA_12435,395,123,518,5,0.3004354220633529
lncRNA_19896,376,142,518,11,0.2579282081211569
lncRNA_22212,307,211,518,8,0.11274267979212117
lncRNA_11835,234,284,518,4,-0.05251287878891507
lncRNA_17078,468,50,518,7,0.4642660501691191
lncRNA_12049,290,228,518,7,0.06883140330854838
lncRNA_16171,423,94,517,9,0.3667338552236781
lncRNA_10934,411,106,517,9,0.33569665805678456
lncRNA_16749,265,251,516,6,0.008812140135239132
lncRNA_6531,508,7,515,12,0.5380893651711407
lncRNA_20087,279,236,515,7,0.05100548936505592
lncRNA_21479,151,364,515,6,-0.23652564884953314
lncRNA_11139,330,185,515,10,0.15754434087195265
lncRNA_14379,470,45,515,10,0.4590636242245348
lncRNA_11097,382,131,513,9,0.2768453838456469
lncRNA_15172,479,34,513,6,0.4711185176516673
lncRNA_3464,312,201,513,10,0.13009961244969698
lncRNA_993,479,34,513,21,0.4940552668422037
lncRNA_21092,410,102,512,12,0.3415057819585685
lncRNA_606,508,4,512,14,0.5281235229184892
lncRNA_20167,401,110,511,9,0.32761636092810886
lncRNA_4908,313,198,511,9,0.1324294543781613
lncRNA_3463,310,201,511,10,0.12713757882807905
lncRNA_2705,62,449,511,5,-0.43184063466644607
lncRNA_13021,411,100,511,9,0.3437523507902769
lncRNA_3855,341,170,511,22,0.18711351571473037
lncRNA_9012,219,291,510,9,-0.0746132931763138
lncRNA_4445,508,2,510,10,0.5454995888263773
lncRNA_2990,238,272,510,10,-0.029041638771915103
lncRNA_3026,440,69,509,7,0.4064505959614671
lncRNA_21464,288,221,509,7,0.07109755477434519
lncRNA_8521,316,192,508,10,0.13684015380310208
lncRNA_16026,231,277,508,5,-0.04039760524321792
lncRNA_994,470,37,507,21,0.48618540020937384
lncRNA_10821,380,126,506,7,0.2888666001109402
lncRNA_5803,427,79,506,11,0.37783838325634816
lncRNA_5788,237,269,506,43,-0.026739405887480673
lncRNA_16027,232,274,506,5,-0.03653268542600177
lncRNA_17872,370,135,505,9,0.2689882393896487
lncRNA_11698,394,111,505,5,0.32448230365067754
lncRNA_4288,295,210,505,5,0.0983696182222169
lncRNA_17240,363,141,504,5,0.26306819335821924
lncRNA_17397,230,273,503,4,-0.039539587808190724
lncRNA_16517,325,178,503,4,0.1666038572618782
lncRNA_14295,5,498,503,13,-0.5223731815843288
lncRNA_7466,329,174,503,6,0.1813388752640415
lncRNA_17411,416,86,502,5,0.3786669610499221
lncRNA_18038,490,12,502,7,0.5176994827613326
lncRNA_19623,336,166,502,7,0.19394508987017206
lncRNA_11745,427,74,501,8,0.40423227206205625
lncRNA_21082,435,66,501,14,0.40587669015014677
lncRNA_21081,435,66,501,14,0.40587669015014677
lncRNA_18710,497,4,501,22,0.5360324551071602
lncRNA_23872,467,34,501,15,0.47483063703891193
lncRNA_23145,480,20,500,28,0.5048095046227209
lncRNA_13925,495,4,499,10,0.534725898963541
lncRNA_8284,307,191,498,10,0.13593584060858493
lncRNA_22140,212,285,497,4,-0.08219505027655773
lncRNA_9449,199,298,497,6,-0.1036265197471032
lncRNA_11138,463,33,496,16,0.4795585827449227
lncRNA_3545,383,113,496,9,0.3079558146494667
lncRNA_18940,271,225,496,7,0.06144024024389782
lncRNA_17135,493,2,495,10,0.5391806451818488
lncRNA_8098,147,348,495,5,-0.2217330239208864
lncRNA_4800,240,255,495,6,-0.008025431230158347
lncRNA_10583,148,347,495,6,-0.2216261067949713
lncRNA_21930,353,142,495,9,0.2580633473006787
lncRNA_13078,408,87,495,12,0.37327370738404275
lncRNA_16090,406,88,494,7,0.3600185181268462
lncRNA_20282,310,184,494,6,0.1464746578547183
lncRNA_14148,489,5,494,13,0.5383777254417552
lncRNA_12301,471,23,494,3,0.49612877885561624
lncRNA_6161,454,40,494,11,0.4712714510698953
lncRNA_15254,382,112,494,8,0.31287664835903595
lncRNA_14036,171,321,492,7,-0.16392879428013268
lncRNA_14035,171,321,492,7,-0.16392879428013268
lncRNA_21624,229,263,492,5,-0.037425406349758994
lncRNA_7671,212,280,492,4,-0.07349644031812909
lncRNA_7672,212,280,492,4,-0.07349644031812909
lncRNA_13512,394,97,491,5,0.3514645299947231
lncRNA_17363,490,0,490,20,0.5422884674543756
lncRNA_23138,277,212,489,4,0.08181161952667713
lncRNA_18090,360,129,489,1,0.2725143100654231
lncRNA_7515,296,192,488,9,0.11960331903563706
lncRNA_15432,208,280,488,7,-0.07811379288549851
lncRNA_9617,324,164,488,5,0.19617396686975191
lncRNA_11751,340,147,487,6,0.23518461767416868
lncRNA_2259,462,25,487,11,0.4883532405715964
lncRNA_15818,477,10,487,17,0.5262674482947594
lncRNA_16091,402,85,487,7,0.36556297509309854
lncRNA_17137,484,3,487,10,0.5370834606758617
lncRNA_24123,37,450,487,14,-0.4562820797403034
lncRNA_9616,280,206,486,5,0.095911022411644
lncRNA_2891,219,267,486,9,-0.05032300712081166
lncRNA_11101,370,116,486,9,0.30189356812448653
lncRNA_23342,374,110,484,7,0.31317192627249996
lncRNA_5171,352,132,484,9,0.2626163558357279
lncRNA_14919,483,1,484,23,0.5421489342963957
lncRNA_566,286,197,483,6,0.10644209912852519
lncRNA_4124,430,53,483,14,0.43980966979584124
lncRNA_18709,479,4,483,21,0.5347298486760503
lncRNA_2073,445,37,482,5,0.4658565001095176
lncRNA_16516,302,179,481,4,0.14791671645015375
lncRNA_2157,364,116,480,6,0.29563530691730416
lncRNA_20734,468,11,479,4,0.5171412651676377
lncRNA_19167,261,218,479,6,0.05036234865106646
lncRNA_13407,260,219,479,7,0.0556625771523796
lncRNA_19168,261,218,479,6,0.05036234865106646
lncRNA_21237,319,160,479,7,0.1881130582024175
lncRNA_23170,316,163,479,4,0.18664252277486157
lncRNA_21103,344,134,478,4,0.2572243147072987
lncRNA_17564,477,0,477,23,0.5384886819134393
lncRNA_23135,248,228,476,2,0.03142557565810711
lncRNA_23132,248,228,476,2,0.03142557565810711
lncRNA_899,437,39,476,3,0.46005167203990843
lncRNA_23137,248,228,476,2,0.03142557565810711
lncRNA_11142,358,117,475,5,0.28539775374065446
lncRNA_11744,283,192,475,7,0.11392134770189151
lncRNA_21682,326,149,475,10,0.20951200989583907
lncRNA_3834,425,50,475,4,0.44091479034594505
lncRNA_21152,404,71,475,16,0.3925495760512485
lncRNA_18649,141,333,474,9,-0.23027827881575527
lncRNA_18019,265,209,474,6,0.07397570274231823
lncRNA_13131,425,48,473,2,0.44096211071543767
lncRNA_10474,336,137,473,7,0.23867614551347457
lncRNA_5446,415,57,472,8,0.43960711096222055
lncRNA_21372,307,165,472,6,0.17614637786574264
lncRNA_2357,361,111,472,5,0.3056160352879922
lncRNA_6094,222,249,471,9,-0.02540089701150813
lncRNA_16427,400,71,471,7,0.3930317528128792
lncRNA_4494,290,180,470,7,0.13577610979789348
lncRNA_12964,431,39,470,10,0.4561329010006933
lncRNA_15683,347,123,470,10,0.27909968103467786
lncRNA_20361,387,83,470,12,0.3675190915778912
lncRNA_532,463,7,470,19,0.5238377120837676
lncRNA_22891,181,289,470,7,-0.12892643023483782
lncRNA_6230,247,222,469,7,0.03124227809262473
lncRNA_9476,415,54,469,9,0.4272018058604272
lncRNA_21086,373,96,469,13,0.337997203205212
lncRNA_3571,408,60,468,4,0.41436395364722484
lncRNA_9733,257,211,468,5,0.06237239539872571
lncRNA_23844,286,181,467,2,0.13709648845639158
lncRNA_14366,365,102,467,6,0.31408293120665615
lncRNA_17120,323,143,466,1,0.21575867585623965
lncRNA_12835,267,199,466,5,0.09462926993243051
lncRNA_18133,329,136,465,8,0.23855539012990104
lncRNA_10880,421,44,465,8,0.4446827813812983
lncRNA_21984,459,6,465,10,0.5298957357132633
lncRNA_828,401,63,464,8,0.4133364972380076
lncRNA_18462,417,47,464,22,0.4562770071045702
lncRNA_14242,376,87,463,8,0.3538133285126596
lncRNA_15204,462,1,463,7,0.5381242913038562
lncRNA_533,457,6,463,19,0.5256346111565657
lncRNA_17511,293,169,462,5,0.1550851739832329
lncRNA_6217,457,5,462,13,0.5461752640853481
lncRNA_9050,308,154,462,9,0.19524714480839928
lncRNA_9051,308,154,462,9,0.19524714480839928
lncRNA_21942,223,238,461,8,-0.007585629965478286
lncRNA_10871,191,270,461,9,-0.09320392900177345
lncRNA_21312,238,223,461,10,0.017893691618001934
lncRNA_5447,415,46,461,9,0.4515590688824246
lncRNA_7013,455,5,460,9,0.5283398623739236
lncRNA_7510,278,182,460,7,0.12088814893074355
lncRNA_22275,294,166,460,2,0.1716156068349016
lncRNA_6319,431,27,458,3,0.48133337477758453
lncRNA_12959,240,218,458,9,0.03106707180201053
lncRNA_9124,348,110,458,4,0.3039658929013951
lncRNA_4803,249,208,457,4,0.06464373249921175
lncRNA_11986,235,222,457,5,0.022294140201760283
lncRNA_18890,238,219,457,3,0.024726107239739902
lncRNA_13530,109,347,456,6,-0.29247328955016944
lncRNA_15388,445,10,455,8,0.5159020898694358
lncRNA_21182,451,4,455,12,0.5395809611600249
lncRNA_11988,232,223,455,6,0.01618075912580821
lncRNA_1230,213,241,454,4,-0.03137654633524844
lncRNA_1232,213,241,454,4,-0.03137654633524844
lncRNA_1233,212,242,454,4,-0.03366198975494099
lncRNA_22256,186,267,453,9,-0.10364039186351864
lncRNA_1236,212,241,453,4,-0.032600208948103546
lncRNA_914,390,63,453,8,0.4039750658025889
lncRNA_3957,229,224,453,6,0.012698428101454653
lncRNA_1238,211,241,452,4,-0.03369620691383742
lncRNA_11990,234,217,451,6,0.025632168182158098
lncRNA_11989,234,217,451,6,0.025632168182158098
lncRNA_22636,449,2,451,14,0.5324924628627361
lncRNA_14578,245,206,451,7,0.056560954317444026
lncRNA_14898,408,43,451,9,0.44833780525278794
lncRNA_1234,210,240,450,4,-0.0339263698813341
lncRNA_1235,210,240,450,4,-0.033893473126773946
lncRNA_8483,230,220,450,6,0.01897501464928467
lncRNA_1237,210,240,450,4,-0.0338933657439491
lncRNA_14377,401,49,450,10,0.43536262570767126
lncRNA_22806,392,58,450,5,0.4097995602495345
lncRNA_12442,435,15,450,11,0.5208516500611033
lncRNA_6452,418,32,450,6,0.48236562313833514
lncRNA_6405,435,14,449,6,0.5073672549664433
lncRNA_7234,340,109,449,6,0.30197911209456174
lncRNA_23343,217,232,449,2,-0.009210876419387996
lncRNA_7969,238,209,447,7,0.04159317672664113
lncRNA_3257,260,187,447,3,0.09362992130787771
lncRNA_6564,4,443,447,20,-0.5385157722297713
lncRNA_8958,335,112,447,4,0.2753699512084803
lncRNA_10638,144,302,446,7,-0.19853810565453578
lncRNA_4533,417,29,446,29,0.47867200415115735
lncRNA_10128,348,98,446,2,0.3286679388725763
lncRNA_22977,216,230,446,6,-0.014372595670237277
lncRNA_20408,376,69,445,8,0.39166817159716066
lncRNA_20507,205,240,445,4,-0.04488888342398436
lncRNA_13513,398,47,445,20,0.444487799007303
lncRNA_8029,391,53,444,6,0.42255859833376463
lncRNA_15106,379,64,443,7,0.3987210459780796
lncRNA_17660,256,187,443,6,0.09417436561794298
lncRNA_7645,324,119,443,6,0.25948209606668965
lncRNA_19778,369,73,442,6,0.3791419855959243
lncRNA_21927,167,275,442,9,-0.13082903434747517
lncRNA_4563,393,49,442,6,0.4306061965301322
lncRNA_7011,394,48,442,11,0.45321639195252383
lncRNA_17566,442,0,442,21,0.5363619094910278
lncRNA_9258,441,0,441,34,0.5372697685640283
lncRNA_20627,126,315,441,3,-0.24343774937013984
lncRNA_18135,97,344,441,9,-0.30682240816197875
lncRNA_6760,338,103,441,9,0.2997275424808668
lncRNA_20125,225,216,441,4,0.00649132950747929
lncRNA_19653,344,96,440,5,0.3199463080369385
lncRNA_14406,367,73,440,3,0.36928992325713705
lncRNA_14405,368,72,440,3,0.3716384878147152
lncRNA_16564,261,177,438,4,0.1221783562605589
lncRNA_14208,427,11,438,49,0.520896741472378
lncRNA_8410,233,205,438,6,0.04075664705512842
lncRNA_4614,430,7,437,10,0.5213189136791178
lncRNA_22235,379,58,437,9,0.40500691750372236
lncRNA_1545,294,143,437,5,0.19638171987010192
lncRNA_8950,324,113,437,4,0.2831434589564615
lncRNA_1239,239,198,437,1,0.054457076297027084
lncRNA_13681,151,286,437,6,-0.17211611995912604
lncRNA_20142,250,186,436,8,0.08288767013689743
lncRNA_7014,431,5,436,8,0.5283627785175964
lncRNA_8371,264,171,435,3,0.1341823466270002
lncRNA_10365,294,141,435,5,0.19703670502365309
lncRNA_1331,214,221,435,8,6.5905515763758215e-06
lncRNA_17762,423,12,435,10,0.5210997832710711
lncRNA_15871,422,13,435,5,0.5155706246023045
lncRNA_21931,295,140,435,6,0.21333826041683202
lncRNA_1682,211,223,434,5,-0.011230156530571899
lncRNA_14977,431,3,434,12,0.5298381462148395
lncRNA_18042,288,146,434,6,0.19071501508137367
lncRNA_12749,424,10,434,4,0.5170052478807527
lncRNA_13605,355,77,432,5,0.3653697362269626
lncRNA_11752,345,87,432,9,0.3417211278092913
lncRNA_21742,160,272,432,3,-0.13672068552884473
lncRNA_2260,382,50,432,5,0.41918263104507464
lncRNA_4717,429,2,431,8,0.5652897181058548
lncRNA_20404,386,45,431,14,0.43427821344674816
lncRNA_8161,217,214,431,4,0.008379681724572596
lncRNA_15957,215,215,430,7,0.003525352101795028
lncRNA_21210,377,53,430,12,0.42610080126074373
lncRNA_10877,420,10,430,15,0.5149294019850064
lncRNA_10366,288,142,430,5,0.19062262784880374
lncRNA_18426,384,45,429,3,0.43931798531989835
lncRNA_20413,307,122,429,6,0.24388456530081634
lncRNA_15188,225,203,428,6,0.03750433209184211
lncRNA_7194,397,31,428,9,0.464789432170796
lncRNA_16106,364,63,427,11,0.3993290475884332
lncRNA_8366,255,172,427,3,0.12338732339446051
lncRNA_10876,418,9,427,19,0.520844730915479
lncRNA_4180,293,134,427,6,0.22366015373030956
lncRNA_11750,219,208,427,7,0.020243264546005488
lncRNA_18959,207,220,427,5,-0.017999894378629606
lncRNA_18459,375,52,427,13,0.42781495318932733
lncRNA_19234,417,9,426,24,0.5174464662279006
lncRNA_16577,368,58,426,12,0.4037448726135962
lncRNA_211,293,132,425,5,0.2152277268264375
lncRNA_14390,106,319,425,9,-0.2780752320690322
lncRNA_1031,218,206,424,8,0.021070628647926384
lncRNA_8485,308,116,424,30,0.2466892630780735
lncRNA_23031,355,69,424,2,0.3765580692374925
lncRNA_13139,404,19,423,3,0.4987750381237217
lncRNA_18041,279,144,423,6,0.18640711780814986
lncRNA_9148,378,45,423,7,0.43853239641347386
lncRNA_9212,284,139,423,7,0.19626567243254545
lncRNA_16107,356,66,422,10,0.38972337633071835
lncRNA_15689,204,218,422,11,-0.01434533686416779
lncRNA_10808,421,0,421,7,0.5334806552459561
lncRNA_19202,314,107,421,5,0.28185006273052016
lncRNA_7224,399,22,421,11,0.4877061551111097
lncRNA_7970,220,200,420,8,0.032025279381681385
lncRNA_10854,393,26,419,7,0.47941853406256996
lncRNA_18790,209,210,419,4,0.0007059067808461224
lncRNA_6398,209,210,419,25,0.00014924195438166508
lncRNA_2128,415,4,419,16,0.5342187624704839
lncRNA_21794,412,6,418,10,0.5307323677267418
lncRNA_22136,277,141,418,3,0.19650068452211614
lncRNA_21313,414,3,417,6,0.5324882417203579
lncRNA_18458,382,35,417,13,0.46471250879524184
lncRNA_2632,345,72,417,4,0.38538563988874736
lncRNA_21371,387,30,417,29,0.4702881369690082
lncRNA_7742,393,24,417,5,0.4811843623052731
lncRNA_5913,333,83,416,5,0.34361631706197127
lncRNA_5874,339,77,416,4,0.3600198503834289
lncRNA_20772,412,4,416,2,0.5338519514674797
lncRNA_12094,119,297,416,4,-0.24223354122468818
lncRNA_8486,304,112,416,29,0.2522493129502474
lncRNA_3815,414,1,415,5,0.5448035875977327
lncRNA_21935,265,150,415,7,0.16734772685488844
lncRNA_5013,174,241,415,5,-0.0889719316733461
lncRNA_17032,299,115,414,8,0.25213599266060893
lncRNA_6316,228,185,413,7,0.06396801931729244
lncRNA_6648,268,144,412,8,0.16773373814209847
lncRNA_11991,226,186,412,5,0.06503331728717611
lncRNA_4874,299,113,412,6,0.2608579744084994
lncRNA_12834,282,130,412,2,0.2167743866711609
lncRNA_2443,303,109,412,6,0.26945715552141625
lncRNA_5810,343,68,411,3,0.3790363795188412
lncRNA_7959,290,121,411,9,0.23974832643079924
lncRNA_9326,351,60,411,8,0.3835656663346818
lncRNA_5811,343,68,411,3,0.3790363795188412
lncRNA_13995,312,98,410,5,0.29230558846357885
lncRNA_17398,229,180,409,7,0.07430370524704108
lncRNA_4291,214,194,408,8,0.03623347352404213
lncRNA_23680,242,166,408,7,0.10694725241985026
lncRNA_24175,122,286,408,6,-0.21931394945389154
lncRNA_17172,309,99,408,3,0.2907480899520721
lncRNA_6615,303,105,408,4,0.28394720821474245
lncRNA_21674,257,150,407,6,0.15064402780707212
lncRNA_19825,280,126,406,6,0.21040144276609823
lncRNA_20612,401,5,406,5,0.5345703036054517
lncRNA_23673,394,12,406,6,0.5062399126899902
lncRNA_4620,358,47,405,5,0.43158045971363007
lncRNA_4621,358,47,405,5,0.43158045971363007
lncRNA_6317,223,182,405,7,0.06428592644121042
lncRNA_14514,353,52,405,10,0.4153920801876087
lncRNA_20992,279,126,405,9,0.22011568793848957
lncRNA_23941,395,10,405,8,0.5217928947017325
lncRNA_8244,126,279,405,16,-0.20289099821075796
lncRNA_14438,339,65,404,8,0.38539139019759777
lncRNA_13787,275,129,404,4,0.20344179043994604
lncRNA_8367,240,163,403,3,0.12048293973811366
lncRNA_5809,340,63,403,3,0.38927758508298754
lncRNA_5304,324,78,402,2,0.3342496965561558
lncRNA_7072,393,9,402,6,0.5246703626181788
lncRNA_3858,327,74,401,5,0.36620218719852454
lncRNA_1838,303,98,401,8,0.2911376180069739
lncRNA_1130,145,256,401,7,-0.15530473504599968
lncRNA_9500,290,111,401,7,0.24822816185459498
lncRNA_21514,332,68,400,5,0.3711467937457148
lncRNA_13119,329,71,400,5,0.3622689259180079
lncRNA_4236,150,250,400,6,-0.13301594096229669
lncRNA_1380,273,127,400,5,0.20656375974907937
lncRNA_20123,218,182,400,5,0.052578304670420184
lncRNA_9734,284,116,400,5,0.2418569587811613
lncRNA_5668,366,33,399,7,0.45140214630198294
lncRNA_2747,297,102,399,5,0.27077635099924563
lncRNA_15950,315,84,399,2,0.33349934627460237
lncRNA_10869,224,175,399,6,0.07981379773623638
lncRNA_13372,394,5,399,15,0.5209278833487583
lncRNA_7016,395,4,399,9,0.5296400957518073
lncRNA_13808,142,256,398,7,-0.1550606761608287
lncRNA_13809,142,256,398,7,-0.1550606761608287
lncRNA_3750,315,82,397,5,0.33069479442259564
lncRNA_10870,223,173,396,6,0.08184782680815038
lncRNA_7862,236,159,395,5,0.11412397977231573
lncRNA_8484,295,100,395,6,0.285691316706957
lncRNA_17790,376,18,394,18,0.5146096972589248
lncRNA_17400,385,9,394,8,0.5089249276231719
lncRNA_290,188,206,394,8,-0.02564915727194636
lncRNA_21939,277,116,393,6,0.23058090492047156
lncRNA_1935,271,122,393,5,0.21625157294087696
lncRNA_11755,187,205,392,5,-0.0266207187040666
lncRNA_13662,234,157,391,4,0.1147912911589102
lncRNA_20338,140,251,391,8,-0.15668841872515088
lncRNA_2407,312,79,391,5,0.3246394817392122
lncRNA_3323,264,127,391,6,0.19894774088953854
lncRNA_2791,391,0,391,3,0.5349827435711393
lncRNA_6670,279,111,390,3,0.2455936642695578
lncRNA_6863,378,12,390,12,0.5121236769720087
lncRNA_11431,364,24,388,9,0.4850677032514979
lncRNA_16654,123,265,388,3,-0.20704670302276368
lncRNA_17350,383,5,388,5,0.5223458496808009
lncRNA_9541,187,201,388,6,-0.010578736595737968
lncRNA_14358,289,98,387,6,0.27325492970244414
lncRNA_10475,334,52,386,3,0.3985483791106632
lncRNA_10540,382,2,384,5,0.5337835994949192
lncRNA_15136,247,137,384,8,0.17120307828440237
lncRNA_7909,189,195,384,3,-0.005763566314631781
lncRNA_8355,197,187,384,5,0.013824899378605399
lncRNA_23434,297,86,383,12,0.31887614847772744
lncRNA_22091,264,119,383,8,0.2205237885283161
lncRNA_15770,351,31,382,4,0.4492051382253117
lncRNA_4132,377,5,382,9,0.5316660107743356
lncRNA_14214,242,140,382,4,0.15895955354842312
lncRNA_5910,272,110,382,7,0.24115438413920953
lncRNA_20776,148,233,381,2,-0.11490289915423563
lncRNA_21936,171,210,381,5,-0.04784245253808236
lncRNA_21802,377,4,381,18,0.5349269658667133
lncRNA_18766,251,130,381,4,0.18710143602391535
lncRNA_15863,277,103,380,8,0.2644273176673562
lncRNA_20502,180,200,380,5,-0.02574675013654721
lncRNA_18887,183,196,379,8,-0.020315088084098782
lncRNA_5911,268,111,379,7,0.23607745924906243
lncRNA_1322,337,42,379,10,0.42207067291768763
lncRNA_10562,254,124,378,20,0.1840332017200849
lncRNA_2746,288,90,378,9,0.2911244435822611
lncRNA_14978,374,4,378,14,0.5286218693476943
lncRNA_20538,321,57,378,6,0.3832457773820763
lncRNA_2527,338,39,377,11,0.43515045422773113
lncRNA_11022,347,30,377,2,0.4633984110409845
lncRNA_13879,187,189,376,10,0.001331727234771071
lncRNA_13679,175,201,376,6,-0.030533776767627672
lncRNA_13150,374,1,375,3,0.5456556445280466
lncRNA_22626,188,187,375,2,0.003757885716307261
lncRNA_21602,199,175,374,10,0.03832124375709728
lncRNA_23377,100,274,374,4,-0.2509661829543652
lncRNA_17704,138,235,373,7,-0.14597957456647884
lncRNA_12298,202,171,373,5,0.04808149456084908
lncRNA_11884,229,144,373,6,0.1413790375118931
lncRNA_14057,287,85,372,16,0.3059215591481605
lncRNA_7951,193,179,372,6,0.033339297883207115
lncRNA_17173,342,30,372,10,0.4536326441247581
lncRNA_8713,201,170,371,5,0.055061271233485816
lncRNA_2825,361,9,370,3,0.5238503664911939
lncRNA_14038,300,70,370,5,0.33731644075056827
lncRNA_5983,264,106,370,4,0.25164873915324726
lncRNA_3113,322,48,370,1,0.41375037301588274
lncRNA_2297,347,23,370,4,0.4821072494705736
lncRNA_13736,365,5,370,5,0.5271382915738211
lncRNA_453,369,1,370,12,0.5439199497500723
lncRNA_6975,281,88,369,2,0.2879308632679957
lncRNA_11438,291,77,368,3,0.3361589027925848
lncRNA_7112,192,176,368,8,0.0374224474817018
lncRNA_8636,331,36,367,4,0.4409656669043715
lncRNA_13271,334,33,367,10,0.4543690151717813
lncRNA_12244,197,169,366,5,0.04706820281931629
lncRNA_16668,250,115,365,7,0.20978541381962873
lncRNA_7601,223,142,365,7,0.13182527886178685
lncRNA_22821,287,77,364,36,0.31888233424545365
lncRNA_6976,277,87,364,2,0.28767205319847794
lncRNA_3324,355,7,362,10,0.5265716029597219
lncRNA_6318,193,168,361,5,0.048628322648115334
lncRNA_8782,260,101,361,5,0.25521988318259214
lncRNA_18929,301,59,360,5,0.3800638133023256
lncRNA_8685,345,14,359,7,0.505122917582149
lncRNA_2300,288,70,358,5,0.34782157631274024
lncRNA_13252,344,14,358,6,0.49471095252186964
lncRNA_16692,353,5,358,22,0.5299993911210105
lncRNA_13399,305,53,358,6,0.3947239556302577
lncRNA_1256,341,16,357,10,0.49340874728452894
lncRNA_12690,353,4,357,5,0.5242367460154217
lncRNA_15682,248,109,357,4,0.21968832126021065
lncRNA_8480,241,116,357,9,0.19681967824789914
lncRNA_5971,173,184,357,3,-0.009071815132158031
lncRNA_11390,255,101,356,9,0.2469951307255862
lncRNA_22670,325,31,356,22,0.47578578084260137
lncRNA_6978,266,89,355,2,0.2744873937112437
lncRNA_13272,318,36,354,8,0.4421859318768684
lncRNA_2631,251,101,352,2,0.2538375726222635
lncRNA_23869,346,5,351,12,0.5276736167312525
lncRNA_9366,182,169,351,6,0.027289563378545996
lncRNA_21835,350,1,351,1,0.5399191528605499
lncRNA_19403,344,6,350,3,0.5172964653418567
lncRNA_1912,261,89,350,5,0.28372783266658647
lncRNA_13388,297,52,349,2,0.3861600096214078
lncRNA_17792,181,168,349,5,0.025306731828050197
lncRNA_13780,277,72,349,4,0.32984391713271
lncRNA_18427,288,60,348,3,0.36258803623490415
lncRNA_6268,264,84,348,8,0.2985091874930113
lncRNA_1512,284,64,348,0,0.35297532390431113
lncRNA_13042,230,118,348,7,0.19076949353037417
lncRNA_5714,336,11,347,7,0.5231721352141362
lncRNA_13273,318,29,347,7,0.45998318550535183
lncRNA_5713,336,11,347,7,0.5231721352141362
lncRNA_23799,309,38,347,2,0.43020898798559065
lncRNA_20770,324,22,346,24,0.48132182851976485
lncRNA_18910,337,9,346,7,0.509407215712214
lncRNA_9870,256,89,345,3,0.2688917855260245
lncRNA_588,339,5,344,10,0.5350046346944861
lncRNA_10921,175,169,344,4,0.012989537893731282
lncRNA_20672,152,192,344,4,-0.05925338743233343
lncRNA_2621,214,130,344,2,0.14169105240435184
lncRNA_18467,306,38,344,9,0.4366937159051569
lncRNA_19558,273,71,344,2,0.3323135191601598
lncRNA_13115,331,12,343,28,0.5161392435800772
lncRNA_18460,297,45,342,9,0.4155731946848949
lncRNA_15460,341,1,342,9,0.5413810187909727
lncRNA_12607,240,102,342,4,0.22891344511256667
lncRNA_13660,281,60,341,2,0.36955222903781904
lncRNA_14296,24,317,341,4,-0.46338150924345545
lncRNA_12186,221,119,340,7,0.1789243669227932
lncRNA_14023,319,21,340,11,0.4747896746725608
lncRNA_13661,279,61,340,2,0.3662880867009048
lncRNA_20146,311,29,340,9,0.46203521511787277
lncRNA_12606,308,31,339,3,0.45039535655157636
lncRNA_16717,329,9,338,12,0.5138559963879045
lncRNA_23538,210,128,338,2,0.14139864545483996
lncRNA_15968,320,17,337,5,0.49885630739875975
lncRNA_8252,169,168,337,3,0.003702348129683226
lncRNA_4537,327,9,336,2,0.5143892655499643
lncRNA_15107,285,51,336,3,0.3894680247483899
lncRNA_17415,185,149,334,4,0.06135637471850919
lncRNA_10404,301,32,333,7,0.4397230819544933
lncRNA_251,273,60,333,6,0.35506945041763216
lncRNA_10834,220,112,332,4,0.1855661854940591
lncRNA_16757,187,145,332,3,0.07795696374159602
lncRNA_18728,331,0,331,10,0.5452394506455237
lncRNA_7989,267,64,331,6,0.3422583447857846
lncRNA_17922,330,0,330,26,0.5391410059050809
lncRNA_22200,148,182,330,3,-0.05050123592535525
lncRNA_697,200,130,330,3,0.12446665289995333
lncRNA_22404,158,172,330,3,-0.028119894202905747
lncRNA_6793,313,17,330,4,0.4874358844912012
lncRNA_18186,328,1,329,7,0.53803918411947
lncRNA_7968,325,4,329,4,0.5207494665844862
lncRNA_15482,115,214,329,6,-0.16368511770049707
lncRNA_13704,314,14,328,0,0.4900241502345097
lncRNA_20332,323,5,328,22,0.5282542661273371
lncRNA_6128,136,192,328,1,-0.09698154495323276
lncRNA_22887,279,49,328,6,0.38298082193312044
lncRNA_15480,115,212,327,6,-0.1613999936123578
lncRNA_15481,115,212,327,6,-0.1613999936123578
lncRNA_547,161,166,327,4,-0.0030263397135954365
lncRNA_12009,251,76,327,5,0.30164743433344743
lncRNA_17852,311,16,327,7,0.4884989983220285
lncRNA_17063,300,27,327,11,0.4579730469526299
lncRNA_22331,297,28,325,7,0.459258970592382
lncRNA_17255,156,169,325,3,-0.0240413752008751
lncRNA_17720,144,180,324,5,-0.05324733887742703
lncRNA_823,191,133,324,3,0.11189976659433949
lncRNA_16113,177,147,324,4,0.0491656795320254
lncRNA_23901,252,71,323,5,0.31290925893360466
lncRNA_23900,252,71,323,5,0.31290925893360466
lncRNA_14986,187,136,323,2,0.09959904915099488
lncRNA_22387,288,33,321,7,0.4381912189614049
lncRNA_18789,209,112,321,6,0.1684272379803775
lncRNA_3884,317,4,321,13,0.5418809041613005
lncRNA_18302,218,102,320,11,0.21637728875353252
lncRNA_5964,147,173,320,3,-0.037070029715817625
lncRNA_13024,197,123,320,4,0.14234411232576943
lncRNA_15589,317,3,320,1,0.5266375310894121
lncRNA_5972,145,175,320,3,-0.04467939178008957
lncRNA_9782,278,41,319,7,0.4081975904214191
lncRNA_4806,170,148,318,5,0.043124608779694595
lncRNA_16420,310,8,318,9,0.5156926060727085
lncRNA_16045,109,209,318,7,-0.1714890363328454
lncRNA_18305,218,100,318,11,0.22101559580747926
lncRNA_22151,254,62,316,4,0.3447111894646435
lncRNA_19955,273,43,316,3,0.4130341303708113
lncRNA_12162,308,7,315,2,0.5128639926631682
lncRNA_19918,90,225,315,4,-0.2382919068429383
lncRNA_18661,266,49,315,4,0.3792797859746516
lncRNA_24083,101,213,314,2,-0.19304127322804027
lncRNA_18664,276,38,314,5,0.41478500283158937
lncRNA_4531,269,44,313,18,0.3956528610682275
lncRNA_8461,206,107,313,6,0.18068925103819036
lncRNA_18660,255,58,313,5,0.3493455025643095
lncRNA_15249,218,95,313,4,0.22249565557213483
lncRNA_1982,312,1,313,7,0.5341419915535968
lncRNA_7522,274,39,313,25,0.4394774144994476
lncRNA_20020,237,76,313,3,0.29582513794363724
lncRNA_17128,174,138,312,3,0.07170664190597019
lncRNA_18662,274,38,312,4,0.4141255950695826
lncRNA_7641,274,36,310,12,0.4231950277573373
lncRNA_22645,251,59,310,6,0.35007275354273926
lncRNA_10859,228,81,309,4,0.26453570035312496
lncRNA_10858,228,81,309,4,0.26453570035312496
lncRNA_3304,176,132,308,6,0.08710834475973844
lncRNA_13557,250,56,306,1,0.3471320682396317
lncRNA_5970,171,134,305,2,0.0761531582984227
lncRNA_4238,150,153,303,1,0.00043306924907804927
lncRNA_4093,270,32,302,3,0.42551678542056504
lncRNA_2122,297,5,302,9,0.523545921158273
lncRNA_4532,271,30,301,17,0.43819501333972316
lncRNA_1081,243,58,301,5,0.3420287208375015
lncRNA_20584,263,38,301,6,0.41466148219749405
lncRNA_11889,168,133,301,1,0.0673548706451782
lncRNA_3584,300,0,300,2,0.5450265707630817
lncRNA_18461,266,34,300,5,0.4336696092906534
lncRNA_18101,247,52,299,5,0.3616534149575363
lncRNA_12748,291,8,299,12,0.5088479154788216
lncRNA_4260,280,19,299,5,0.4792520015131789
lncRNA_10526,297,1,298,1,0.5304063956234205
lncRNA_17531,256,41,297,4,0.39059898329783677
lncRNA_2339,110,186,296,8,-0.13765311870503047
lncRNA_3259,289,7,296,0,0.5236115904408025
lncRNA_14321,211,84,295,4,0.24956801782558993
lncRNA_16028,167,128,295,3,0.08172072344160906
lncRNA_644,124,170,294,4,-0.08154231722036784
lncRNA_13217,202,92,294,8,0.21225943776707956
lncRNA_11486,261,33,294,4,0.42298558949933995
lncRNA_5060,143,150,293,2,-0.01864543966018871
lncRNA_16298,255,37,292,12,0.4040625312516457
lncRNA_12696,286,5,291,3,0.5485354255063706
lncRNA_2948,213,77,290,2,0.265543264747321
lncRNA_4530,201,88,289,17,0.21167517325211177
lncRNA_2433,256,32,288,9,0.4303433790717604
lncRNA_23506,258,30,288,3,0.42305031114128155
lncRNA_23332,257,31,288,1,0.4311115583038697
lncRNA_22201,126,161,287,4,-0.057971925019488696
lncRNA_9724,122,165,287,4,-0.07401526874084016
lncRNA_9723,122,165,287,4,-0.07401526874084016
lncRNA_18445,263,24,287,5,0.4585838186106369
lncRNA_17516,214,72,286,2,0.2708134780755022
lncRNA_23203,253,33,286,5,0.4290307574987122
lncRNA_23202,253,33,286,5,0.4290307574987122
lncRNA_18829,272,13,285,11,0.501893727689243
lncRNA_15820,250,35,285,3,0.413364230579145
lncRNA_4529,209,76,285,18,0.2542251074119627
lncRNA_503,255,30,285,4,0.4425104863308347
lncRNA_2583,281,3,284,7,0.5257578835390467
lncRNA_355,264,20,284,6,0.4731954795755104
lncRNA_15848,271,12,283,3,0.5087551231857628
lncRNA_21068,41,242,283,6,-0.4130132874753562
lncRNA_7467,215,68,283,7,0.2903085305330692
lncRNA_15856,271,12,283,3,0.5087551231857628
lncRNA_19090,233,49,282,3,0.3613167994922456
lncRNA_4426,219,61,280,6,0.31596136929096763
lncRNA_23719,265,15,280,3,0.48331154387632064
lncRNA_4504,188,92,280,6,0.20128172691526736
lncRNA_22157,271,8,279,8,0.5026928616443787
lncRNA_22458,236,43,279,6,0.3814319507730252
lncRNA_20443,276,2,278,11,0.5900851204332136
lncRNA_1740,247,31,278,7,0.43686064423929905
lncRNA_12936,240,38,278,3,0.41411063992913033
lncRNA_22410,142,136,278,4,0.009076379153317759
lncRNA_17651,237,40,277,5,0.3845277647027233
lncRNA_8393,97,180,277,10,-0.17041689635074148
lncRNA_1739,246,31,277,7,0.43483482476515645
lncRNA_23280,241,34,275,7,0.4087411995452395
lncRNA_22457,239,36,275,7,0.4058759703050657
lncRNA_5555,264,9,273,6,0.500969889052031
lncRNA_2434,243,30,273,9,0.43220190671254655
lncRNA_12614,202,69,271,4,0.2745701347410656
lncRNA_10949,253,17,270,6,0.47762723742872754
lncRNA_10950,253,17,270,6,0.47762723742872754
lncRNA_15764,176,93,269,4,0.17928769146432996
lncRNA_18951,266,2,268,4,0.5304825896243419
lncRNA_19087,243,24,267,7,0.4430555000863466
lncRNA_24080,257,9,266,2,0.4982271998914337
lncRNA_20379,228,37,265,6,0.40205514020851535
lncRNA_9588,86,179,265,2,-0.1938196252487069
lncRNA_10875,257,7,264,9,0.5138039526997825
lncRNA_7843,212,52,264,15,0.34500676587782525
lncRNA_6418,101,163,264,4,-0.1282663271724331
lncRNA_22681,255,8,263,14,0.5151781310617247
lncRNA_12767,191,72,263,4,0.24993894079669188
lncRNA_1905,261,2,263,6,0.5389109713786903
lncRNA_7841,207,55,262,14,0.32989911926599663
lncRNA_20645,258,4,262,2,0.5202314603837682
lncRNA_12768,190,71,261,4,0.25211935133089186
lncRNA_8018,259,1,260,2,0.5472369290215807
lncRNA_902,231,29,260,3,0.42335025067969334
lncRNA_22152,227,31,258,4,0.419163124263054
lncRNA_15815,254,4,258,11,0.5187097074609721
lncRNA_12675,195,62,257,1,0.29419873864617707
lncRNA_12676,194,62,256,1,0.29306460309411253
lncRNA_11170,138,118,256,5,0.04939209429610275
lncRNA_14219,122,133,255,1,-0.019564170419457586
lncRNA_18095,244,11,255,4,0.49415746297341767
lncRNA_13343,251,3,254,11,0.5351432120202514
lncRNA_8481,171,83,254,24,0.1888800137114762
lncRNA_6014,174,80,254,3,0.2090479749100108
lncRNA_18102,196,58,254,3,0.3086939089279469
lncRNA_8677,213,41,254,8,0.3802319038205786
lncRNA_12688,226,28,254,2,0.4235399398118274
lncRNA_6093,229,24,253,3,0.44749430395278633
lncRNA_22990,246,7,253,6,0.5078000806114263
lncRNA_5984,175,78,253,4,0.2272164218123832
lncRNA_12269,162,90,252,3,0.15153020723359356
lncRNA_17791,202,50,252,6,0.3221281471455191
lncRNA_7855,224,27,251,5,0.4257051414653877
lncRNA_20807,128,123,251,4,0.005123736925201377
lncRNA_2436,227,23,250,7,0.45115936449652594
lncRNA_11169,135,115,250,4,0.05120976153120734
lncRNA_15119,235,13,248,6,0.4813586338643888
lncRNA_14073,160,88,248,5,0.17256345952235122
lncRNA_14075,160,88,248,5,0.17256345952235122
lncRNA_18054,239,9,248,13,0.5053430059661582
lncRNA_15989,215,32,247,9,0.4149117565783202
lncRNA_14994,191,56,247,1,0.29680588436470723
lncRNA_1466,240,7,247,3,0.5140768061131292
lncRNA_11234,234,12,246,4,0.48668018027881177
lncRNA_073,239,7,246,2,0.5296142331700964
lncRNA_4261,234,11,245,15,0.4960929527772206
lncRNA_10077,188,57,245,5,0.30766844381573766
lncRNA_23422,237,8,245,4,0.5052908010674817
lncRNA_10855,167,77,244,6,0.20532887355870752
lncRNA_8648,223,21,244,7,0.4491083713780081
lncRNA_7652,192,52,244,8,0.3279694938379488
lncRNA_18131,229,14,243,4,0.49170171209315094
lncRNA_19404,196,46,242,7,0.34028582951203595
lncRNA_15202,233,9,242,12,0.5240681250205633
lncRNA_2072,204,37,241,2,0.3806854782870444
lncRNA_2688,239,1,240,1,0.5325499404970035
lncRNA_10628,130,110,240,3,0.06200152922718621
lncRNA_21194,165,75,240,4,0.21231099180172433
lncRNA_15201,231,9,240,12,0.5224271858704785
lncRNA_16150,37,202,239,2,-0.36931155647136926
lncRNA_8019,237,1,238,1,0.5481617808890102
lncRNA_12064,161,77,238,3,0.20001018460316
lncRNA_10782,176,61,237,23,0.2636244288761338
lncRNA_13192,127,109,236,2,0.04738484068570413
lncRNA_21609,146,86,232,14,0.1557187783214137
lncRNA_2618,227,5,232,6,0.5191074817515231
lncRNA_2654,228,2,230,12,0.5273204478872758
lncRNA_10659,152,78,230,5,0.18244304121135385
lncRNA_4861,161,68,229,5,0.22197359967600117
lncRNA_5869,183,45,228,3,0.3379187081664513
lncRNA_13992,138,90,228,2,0.10675092171670286
lncRNA_4239,153,74,227,1,0.18388143324400413
lncRNA_13993,138,89,227,2,0.10931898692885217
lncRNA_12941,226,0,226,3,0.5520517313576246
lncRNA_3880,216,9,225,3,0.50025117303768
lncRNA_12674,154,70,224,5,0.20789579411747333
lncRNA_17939,214,10,224,2,0.4867039169313752
lncRNA_13364,213,9,222,3,0.501084115226233
lncRNA_21325,217,3,220,1,0.5181035949053429
lncRNA_16189,215,5,220,4,0.5202069042330669
lncRNA_15988,177,43,220,7,0.3428263391811164
lncRNA_17745,217,3,220,2,0.5214885038778455
lncRNA_19633,200,19,219,6,0.45551227582729803
lncRNA_20993,124,94,218,5,0.0781185337498532
lncRNA_22271,209,8,217,1,0.4998073553105604
lncRNA_19474,164,53,217,5,0.2830488244357388
lncRNA_16535,196,20,216,7,0.4503892564056899
lncRNA_2203,86,130,216,0,-0.10989832106881511
lncRNA_15203,199,15,214,11,0.4859649120314405
lncRNA_4673,166,48,214,6,0.2993973982064631
lncRNA_21446,199,14,213,2,0.4684974986248775
lncRNA_11334,204,7,211,7,0.5085528122413009
lncRNA_10051,41,170,211,2,-0.33281410273975887
lncRNA_900,171,39,210,1,0.34643125560298155
lncRNA_12241,186,24,210,3,0.4209667164644498
lncRNA_23433,125,84,209,3,0.11983654590461738
lncRNA_1402,199,10,209,2,0.485461868642379
lncRNA_1403,199,10,209,2,0.485461868642379
lncRNA_18130,202,6,208,3,0.5211548866997612
lncRNA_182,71,136,207,4,-0.17260367923632547
lncRNA_9937,193,12,205,4,0.47764303663357704
lncRNA_12597,135,70,205,2,0.1742368835182164
lncRNA_15160,202,3,205,7,0.5152754186305363
lncRNA_21754,178,26,204,2,0.4087573074569869
lncRNA_12600,42,162,204,5,-0.34906433856070507
lncRNA_262,173,31,204,5,0.37629998525941294
lncRNA_14417,165,38,203,4,0.35734846338239334
lncRNA_11537,112,90,202,4,0.0781571204579176
lncRNA_10988,183,19,202,1,0.44697922919702016
lncRNA_10519,187,13,200,2,0.4815464449780852
lncRNA_19417,189,10,199,1,0.48473756866036166
lncRNA_657,105,92,197,4,0.039943325664291235
lncRNA_655,105,92,197,4,0.039943325664291235
lncRNA_16152,190,7,197,2,0.5040972104487681
lncRNA_17129,188,9,197,2,0.5222588355254579
lncRNA_656,105,92,197,4,0.039943325664291235
lncRNA_19899,195,1,196,3,0.5301206577160914
lncRNA_1123,170,26,196,1,0.3912608406704021
lncRNA_10046,41,154,195,0,-0.318098921806866
lncRNA_10520,180,14,194,2,0.47474682221694187
lncRNA_17850,152,42,194,4,0.31210863133458844
lncRNA_15945,186,6,192,3,0.5034602144649672
lncRNA_15849,169,21,190,3,0.4327181377106123
lncRNA_658,75,115,190,4,-0.11085416970250968
lncRNA_8144,102,85,187,2,0.049533131316092924
lncRNA_20720,142,44,186,3,0.2886305621682603
lncRNA_1275,110,76,186,5,0.10321892632828984
lncRNA_18432,147,38,185,2,0.32811075069712625
lncRNA_15981,165,19,184,4,0.42999502994767763
lncRNA_23651,139,45,184,2,0.2844640569927433
lncRNA_21533,179,4,183,12,0.5185360947484501
lncRNA_23261,182,1,183,0,0.5405459237344269
lncRNA_5561,175,7,182,2,0.4963735181402955
lncRNA_20059,141,41,182,5,0.29174043727959464
lncRNA_21946,165,17,182,1,0.44338882502175775
lncRNA_1405,171,11,182,3,0.4734006001768004
lncRNA_1752,112,69,181,2,0.13279134157187986
lncRNA_21005,164,16,180,3,0.43937181752719173
lncRNA_6174,175,5,180,7,0.5099261640712829
lncRNA_10361,81,97,178,0,-0.051059750220554645
lncRNA_7027,177,1,178,2,0.5268948126327823
lncRNA_16327,170,7,177,6,0.49716586063495344
lncRNA_16330,170,7,177,6,0.49716586063495344
lncRNA_22431,153,24,177,3,0.41483628408478107
lncRNA_8806,149,28,177,1,0.3684295266334397
lncRNA_16331,170,7,177,6,0.49719464933047935
lncRNA_16329,170,7,177,6,0.49716586063495344
lncRNA_20968,149,27,176,5,0.3946781958507008
lncRNA_16146,155,20,175,3,0.4496609329926024
lncRNA_1469,145,30,175,9,0.3594703096398325
lncRNA_10058,46,129,175,0,-0.2578252799826066
lncRNA_10063,25,150,175,0,-0.38874194191725997
lncRNA_16145,153,21,174,3,0.44006889439674207
lncRNA_11318,171,2,173,3,0.5246636948870966
lncRNA_4869,147,26,173,15,0.3778926418902416
lncRNA_1555,151,21,172,10,0.4250610234543615
lncRNA_6758,148,24,172,4,0.4002620040581602
lncRNA_21170,168,3,171,5,0.5200632309832635
lncRNA_19576,124,47,171,1,0.25286736524880415
lncRNA_10059,62,108,170,0,-0.148744761103635
lncRNA_14070,78,92,170,2,-0.03467332554474785
lncRNA_9483,150,20,170,2,0.43682766003165063
lncRNA_10089,133,36,169,4,0.30839395383246243
lncRNA_4773,154,14,168,2,0.46567149575593836
lncRNA_5976,80,88,168,3,-0.023166141974825926
lncRNA_6495,135,33,168,1,0.33683933317634596
lncRNA_16151,161,7,168,3,0.5142363975687231
lncRNA_16083,160,7,167,0,0.4889032726173728
lncRNA_8212,162,5,167,0,0.5019688801913815
lncRNA_16332,152,14,166,3,0.4498070732860255
lncRNA_11067,158,8,166,0,0.4869880562691928
lncRNA_14112,138,27,165,5,0.36824147086609066
lncRNA_4879,80,85,165,1,-0.011425896958495638
lncRNA_21755,145,18,163,0,0.42429772208838534
lncRNA_21134,143,20,163,1,0.40718059189257394
lncRNA_16333,141,22,163,3,0.39347241101178937
lncRNA_9041,134,27,161,6,0.3566726924927099
lncRNA_15200,140,20,160,8,0.41517141595952484
lncRNA_23301,157,2,159,3,0.5558293347584894
lncRNA_10052,90,69,159,1,0.07671791279676672
lncRNA_2396,150,7,157,2,0.48986737871376557
lncRNA_3485,145,9,154,0,0.4711612869325622
lncRNA_1875,104,50,154,1,0.21016732093826707
lncRNA_7034,62,92,154,5,-0.10871389515342447
lncRNA_15049,113,40,153,1,0.2617312051814814
lncRNA_13344,144,9,153,8,0.48545437563179106
lncRNA_7762,126,27,153,1,0.3513581682594412
lncRNA_6722,147,3,150,2,0.5126316171633678
lncRNA_16034,128,22,150,1,0.3810710299274223
lncRNA_2693,141,8,149,2,0.4777047288097344
lncRNA_20602,110,38,148,0,0.26782892317451806
lncRNA_16156,75,73,148,2,0.017930659678012707
lncRNA_5036,134,13,147,3,0.4481847774102655
lncRNA_10047,27,120,147,1,-0.3381730995116289
lncRNA_15509,134,10,144,4,0.45804530039766916
lncRNA_2919,128,15,143,2,0.43722756483903763
lncRNA_19547,86,56,142,4,0.12417719154505653
lncRNA_9121,136,6,142,4,0.4898616914920575
lncRNA_9817,138,3,141,5,0.5310140100419978
lncRNA_14562,114,27,141,3,0.34076194603393234
lncRNA_20141,73,67,140,2,0.04115330709700496
lncRNA_10416,74,65,139,4,0.040079553909535506
lncRNA_8844,96,43,139,0,0.20056860458921089
lncRNA_7837,129,8,137,8,0.48181413461821443
lncRNA_10062,6,131,137,1,-0.49208171309660936
lncRNA_8927,113,23,136,5,0.35825829476581095
lncRNA_11513,120,15,135,1,0.4316977226493356
lncRNA_22510,134,1,135,4,0.5261740290927432
lncRNA_22787,112,21,133,2,0.37055665314409103
lncRNA_12461,124,8,132,9,0.4795459019525761
lncRNA_15843,131,1,132,2,0.5350813120828098
lncRNA_5825,109,22,131,0,0.3701745018746625
lncRNA_7478,114,17,131,2,0.4029970534082107
lncRNA_4353,130,0,130,1,0.5384855510275669
lncRNA_21535,79,51,130,2,0.11444281712393933
lncRNA_18175,130,0,130,3,0.5299310406720485
lncRNA_18225,99,30,129,1,0.2927625188025851
lncRNA_20129,64,65,129,1,0.001097893207364969
lncRNA_7127,77,51,128,1,0.10607305054715367
lncRNA_10196,125,2,127,2,0.5333842099702378
lncRNA_15459,122,3,125,2,0.5260116766875714
lncRNA_7028,123,1,124,1,0.5268164501817767
lncRNA_18392,69,55,124,4,0.06991333641908222
lncRNA_18456,118,4,122,7,0.501614008024202
lncRNA_10184,118,3,121,7,0.5128788140802311
lncRNA_6473,103,18,121,0,0.36854054881892634
lncRNA_17238,85,36,121,4,0.21295898056331272
lncRNA_6835,63,57,120,1,0.02799573527733197
lncRNA_11319,118,2,120,2,0.5173272248975294
lncRNA_5090,114,6,120,1,0.4802942364997972
lncRNA_11378,108,10,118,3,0.45151626667155287
lncRNA_9776,114,3,117,1,0.510182291045103
lncRNA_2121,104,10,114,1,0.4402041574946553
lncRNA_3399,103,10,113,3,0.44709175998911266
lncRNA_7351,101,11,112,3,0.4249655958829245
lncRNA_14139,106,5,111,1,0.5038792898551909
lncRNA_21619,109,1,110,1,0.5176205661197769
lncRNA_22000,52,58,110,2,-0.03627030403935703
lncRNA_3541,80,27,107,7,0.27595135993499725
lncRNA_9220,93,13,106,3,0.40995763880050445
lncRNA_11066,42,64,106,4,-0.10657968109705537
lncRNA_13747,86,20,106,2,0.33639216557306084
lncRNA_10045,54,51,105,0,0.016516167447449777
lncRNA_19002,98,7,105,1,0.4676935813761086
lncRNA_10367,82,22,104,3,0.3111358056745774
lncRNA_8213,101,3,104,0,0.4997378013512494
lncRNA_20136,62,42,104,2,0.1216518072096912
lncRNA_4222,71,31,102,6,0.21475192127511264
lncRNA_22652,69,30,99,0,0.2124825405648072
lncRNA_10048,28,71,99,0,-0.23095336699218683
lncRNA_23548,97,1,98,2,0.5474172727873264
lncRNA_18391,62,35,97,4,0.15752615477122198
lncRNA_7836,95,1,96,3,0.530808214662765
lncRNA_7845,94,2,96,5,0.5223508424942556
lncRNA_7846,94,2,96,5,0.5223019204912837
lncRNA_13488,83,11,94,2,0.4231069616559647
lncRNA_11892,24,69,93,1,-0.2812603306063582
lncRNA_2120,66,26,92,0,0.23399444345979267
lncRNA_2103,66,26,92,5,0.235218032045898
lncRNA_6492,51,41,92,0,0.07546913824147593
lncRNA_21093,85,6,91,0,0.4743397440216657
lncRNA_12935,60,31,91,4,0.17468015513889842
lncRNA_8737,88,2,90,2,0.5061461943481351
lncRNA_8735,88,2,90,2,0.5061461943481351
lncRNA_7835,87,3,90,5,0.5104790126926536
lncRNA_8736,88,2,90,2,0.5061461943481351
lncRNA_18690,43,45,88,0,-0.009038419920438408
lncRNA_2657,79,4,83,0,0.49743401563436573
lncRNA_19727,70,13,83,0,0.37985544371701224
lncRNA_13268,80,2,82,0,0.5044790864993042
lncRNA_12575,73,6,79,1,0.46240886927506
lncRNA_17381,77,2,79,5,0.5090716849030862
lncRNA_10221,76,2,78,2,0.5121531976849746
lncRNA_20081,63,14,77,2,0.3549711554077553
lncRNA_16570,42,35,77,0,0.04812908902140086
lncRNA_10055,44,32,76,0,0.08096135750478299
lncRNA_5415,55,21,76,1,0.24634858585752206
lncRNA_22161,73,2,75,0,0.507335945579269
lncRNA_12076,70,4,74,2,0.4788876378624674
lncRNA_13415,68,5,73,2,0.4632164547873258
lncRNA_20058,41,32,73,2,0.06162667676756123
lncRNA_10049,13,58,71,0,-0.33075690440753425
lncRNA_21979,37,32,69,0,0.045683296424849834
lncRNA_9623,36,33,69,0,0.020164368522679398
lncRNA_21201,63,5,68,2,0.45770789802754996
lncRNA_17183,63,5,68,2,0.4485530003442138
lncRNA_20959,53,11,64,3,0.3641998356219482
lncRNA_10050,13,50,63,1,-0.3107464159870306
lncRNA_16968,59,1,60,1,0.5110210186671117
lncRNA_7844,56,3,59,3,0.4912819423040044
lncRNA_24027,53,5,58,1,0.4450870327571063
lncRNA_20011,42,13,55,0,0.29066271617282674
lncRNA_10056,38,14,52,1,0.24655605582090478
lncRNA_15259,5,43,48,0,-0.42122533398977535
lncRNA_15258,5,43,48,0,-0.421224908663161
lncRNA_3751,4,43,47,0,-0.44511284142556506
lncRNA_1401,47,0,47,0,0.5355817522187692
lncRNA_15260,18,29,47,1,-0.12337506354517346
lncRNA_3105,43,1,44,2,0.5079732608477774
lncRNA_23140,32,12,44,1,0.2434422975032561
lncRNA_1404,41,1,42,0,0.5115852016150428
lncRNA_5067,23,16,39,0,0.08525690413156534
lncRNA_22137,36,3,39,0,0.4647101438873321
lncRNA_21665,24,14,38,0,0.13645196726076114
lncRNA_23416,20,17,37,0,0.051153471588682956
lncRNA_7838,35,1,36,0,0.5216633105390911
lncRNA_21751,18,15,33,0,0.051544338757278714
lncRNA_17518,17,15,32,0,0.03306511170159529
lncRNA_10057,6,26,32,0,-0.32683396321637526
lncRNA_5201,25,4,29,0,0.37552469979446196
lncRNA_4671,22,5,27,0,0.36298221384875773
lncRNA_7692,19,8,27,2,0.22089361578216332
lncRNA_6277,16,5,21,0,0.2923337958938155
lncRNA_7559,10,6,16,0,0.12955897602423838
lncRNA_7022,15,0,15,1,0.5299306540863555
lncRNA_4605,2,6,8,0,-0.2773309805105598
lncRNA_4606,2,6,8,0,-0.27745655987684376
