lncrna_id,n_positive,n_negative,n_total,n_biomin,mean_cor
lncRNA_2019,14557,5,14562,339,0.7158974988907538
lncRNA_2539,14486,4,14490,339,0.7151101954612523
lncRNA_12230,14484,2,14486,336,0.6952645010455702
lncRNA_2534,14347,1,14348,340,0.7120391093586194
lncRNA_5376,14324,1,14325,324,0.6939027035445474
lncRNA_4192,14294,1,14295,329,0.6973906006557216
lncRNA_28208,14263,5,14268,339,0.7080295490957391
lncRNA_334,14254,3,14257,330,0.6839786682831568
lncRNA_2535,14245,3,14248,336,0.7094536582396214
lncRNA_2939,14241,5,14246,331,0.7033909605269075
lncRNA_19782,14239,2,14241,336,0.7029568749876642
lncRNA_30066,14224,6,14230,336,0.7103059366536757
lncRNA_2537,14168,3,14171,335,0.7074965636070637
lncRNA_4141,14147,8,14155,334,0.7052097963259335
lncRNA_20137,14150,2,14152,330,0.6917405519127252
lncRNA_2022,14126,3,14129,328,0.698618779179297
lncRNA_2536,14123,3,14126,334,0.7066774050815047
lncRNA_17983,14110,1,14111,331,0.692071180437012
lncRNA_21513,14075,5,14080,328,0.6848555979777552
lncRNA_2628,14061,3,14064,328,0.6964458130703216
lncRNA_27609,14051,2,14053,311,0.6881074574807318
lncRNA_265,14035,4,14039,311,0.6811185629313048
lncRNA_2930,14030,6,14036,340,0.7113381643915223
lncRNA_15446,14013,1,14014,318,0.6823254955432918
lncRNA_2538,14004,7,14011,337,0.6972684592984665
lncRNA_21515,14002,4,14006,328,0.6831320514524976
lncRNA_264,14001,4,14005,310,0.6766052319942129
lncRNA_26649,14000,3,14003,322,0.6923577993595827
lncRNA_26647,14000,3,14003,322,0.6923577993595827
lncRNA_26648,14000,3,14003,322,0.6923577993595827
lncRNA_11711,13981,6,13987,334,0.7148746950300106
lncRNA_3826,13967,2,13969,324,0.6858489173315815
lncRNA_19779,13956,3,13959,318,0.6919951978732353
lncRNA_3824,13952,2,13954,323,0.685439819809415
lncRNA_3165,13942,2,13944,324,0.691019553366033
lncRNA_20136,13939,3,13942,324,0.679728747947907
lncRNA_9399,13932,5,13937,308,0.6972688104625053
lncRNA_18456,13933,2,13935,324,0.6776981745578199
lncRNA_3825,13919,2,13921,322,0.6857030485965196
lncRNA_2929,13897,7,13904,336,0.7117949085473062
lncRNA_708,13891,9,13900,321,0.6939345875314058
lncRNA_5526,13891,4,13895,328,0.6961716597552802
lncRNA_28220,13891,3,13894,343,0.6876959100951539
lncRNA_711,13880,10,13890,321,0.6964257987851923
lncRNA_712,13868,10,13878,320,0.6958080768903082
lncRNA_713,13860,10,13870,319,0.6955202757737188
lncRNA_2541,13846,7,13853,336,0.6968333428489172
lncRNA_25935,13813,3,13816,335,0.6797154766877337
lncRNA_29473,13814,2,13816,326,0.6856814779753493
lncRNA_15577,13800,2,13802,313,0.701165187832258
lncRNA_22423,13796,1,13797,322,0.6815071546856482
lncRNA_28307,13794,2,13796,331,0.6849837533365323
lncRNA_25276,13779,4,13783,308,0.6840246182650316
lncRNA_9921,13776,4,13780,312,0.6813799499115825
lncRNA_2627,13775,2,13777,321,0.6914451454855547
lncRNA_20682,13761,3,13764,317,0.6880614290450775
lncRNA_21517,13753,6,13759,321,0.6929531187812481
lncRNA_18933,13757,2,13759,324,0.6935023839157387
lncRNA_27986,13745,9,13754,317,0.6881350963117038
lncRNA_27854,13745,9,13754,318,0.68819215398697
lncRNA_27985,13745,9,13754,317,0.6881350963117038
lncRNA_696,13742,4,13746,314,0.6725239509858759
lncRNA_2540,13734,7,13741,333,0.6898525646992155
lncRNA_15339,13737,3,13740,307,0.7001387433902501
lncRNA_25745,13737,2,13739,323,0.6717581767284687
lncRNA_2629,13733,3,13736,318,0.688967300305736
lncRNA_2931,13727,1,13728,333,0.6953425232571145
lncRNA_5966,13721,3,13724,313,0.6925392067069587
lncRNA_10453,13719,2,13721,327,0.6979937850603624
lncRNA_2203,13709,6,13715,327,0.7076273783717605
lncRNA_3951,13705,4,13709,321,0.6787129164765037
lncRNA_2202,13696,6,13702,327,0.7076470439120204
lncRNA_6953,13686,2,13688,325,0.675162272569361
lncRNA_32147,13668,10,13678,328,0.7011602667769777
lncRNA_27853,13668,9,13677,316,0.6858570011713077
lncRNA_21516,13672,4,13676,323,0.6777441143843117
lncRNA_15946,13672,3,13675,315,0.6871776145501096
lncRNA_10751,13668,2,13670,324,0.6843031993743823
lncRNA_20564,13645,3,13648,308,0.6858347105594735
lncRNA_4732,13639,2,13641,326,0.6742231300943815
lncRNA_26400,13631,5,13636,328,0.6763568134425164
lncRNA_26398,13631,5,13636,328,0.6763568134425164
lncRNA_28646,13628,6,13634,308,0.7017353445401874
lncRNA_26403,13630,3,13633,328,0.675910765131459
lncRNA_26401,13620,5,13625,329,0.6761655152054807
lncRNA_26402,13620,5,13625,329,0.6761655152054807
lncRNA_14092,13617,5,13622,334,0.6972451367585817
lncRNA_10454,13617,3,13620,329,0.6972611761313781
lncRNA_335,13587,2,13589,313,0.67831795336761
lncRNA_15707,13584,4,13588,325,0.7039282892832279
lncRNA_18465,13573,3,13576,313,0.6757847614284442
lncRNA_15447,13567,1,13568,310,0.6737792622460589
lncRNA_19018,13564,4,13568,313,0.6708522658227148
lncRNA_22718,13563,3,13566,312,0.6956743215608331
lncRNA_25894,13559,5,13564,323,0.6705560202772595
lncRNA_3995,13557,5,13562,313,0.6920440464390801
lncRNA_2626,13559,3,13562,313,0.6863890820612292
lncRNA_18321,13556,2,13558,307,0.670335033487642
lncRNA_24770,13532,6,13538,304,0.6873220459347061
lncRNA_27351,13536,1,13537,324,0.6785794170131891
lncRNA_18459,13530,5,13535,324,0.6652046280251426
lncRNA_531,13497,2,13499,326,0.6979725816948
lncRNA_10826,13489,8,13497,302,0.6861893492039546
lncRNA_25888,13493,3,13496,307,0.6839355312478524
lncRNA_26399,13489,3,13492,329,0.6697968403821679
lncRNA_9945,13483,1,13484,311,0.6738241360833099
lncRNA_16423,13478,3,13481,302,0.695550490978158
lncRNA_11883,13476,1,13477,322,0.6691618187116067
lncRNA_27987,13457,14,13471,309,0.6820126228118916
lncRNA_26836,13464,2,13466,301,0.6699032447129156
lncRNA_29885,13454,4,13458,323,0.6878498915708259
lncRNA_5377,13434,1,13435,305,0.6907039795266352
lncRNA_18540,13433,2,13435,327,0.6815625103711694
lncRNA_26850,13431,4,13435,316,0.6668828098103198
lncRNA_4283,13425,0,13425,304,0.6795533311473806
lncRNA_18471,13411,2,13413,318,0.6603939256487893
lncRNA_17741,13409,3,13412,306,0.6763391285305836
lncRNA_18092,13406,6,13412,312,0.6763252707011832
lncRNA_26438,13408,2,13410,327,0.667833012363919
lncRNA_20723,13405,4,13409,305,0.684950806957412
lncRNA_11758,13395,2,13397,311,0.6783502475622238
lncRNA_2372,13393,2,13395,314,0.682221232810898
lncRNA_4722,13388,3,13391,304,0.6660184776455239
lncRNA_28756,13388,0,13388,313,0.6851520704415504
lncRNA_544,13373,5,13378,298,0.6872002884946393
lncRNA_23354,13372,2,13374,306,0.6597234612311847
lncRNA_268,13362,11,13373,300,0.6807923052620394
lncRNA_6923,13369,1,13370,286,0.6764891648706156
lncRNA_14205,13363,6,13369,317,0.6835592448607377
lncRNA_3945,13366,1,13367,307,0.6611963016730412
lncRNA_29425,13364,2,13366,318,0.6853882456023538
lncRNA_21186,13359,1,13360,309,0.6651448741662218
lncRNA_3946,13358,1,13359,307,0.6609289286588954
lncRNA_22086,13353,3,13356,315,0.6821398410655134
lncRNA_2940,13344,1,13345,316,0.6672132069899532
lncRNA_26888,13328,3,13331,306,0.674643435691099
lncRNA_25735,13313,5,13318,319,0.6746726774988598
lncRNA_25734,13313,5,13318,319,0.6746726774988598
lncRNA_26889,13314,3,13317,306,0.6739039951706539
lncRNA_29575,13312,2,13314,316,0.6738903621322523
lncRNA_11939,13302,4,13306,300,0.6808588967565254
lncRNA_19079,13302,4,13306,322,0.6712620258561907
lncRNA_1598,13300,2,13302,298,0.6574428661312655
lncRNA_2365,13291,8,13299,315,0.687100102413857
lncRNA_1049,13296,1,13297,312,0.6732589764511022
lncRNA_11886,13282,3,13285,315,0.6652425449285684
lncRNA_2487,13285,0,13285,297,0.6723020628614521
lncRNA_26851,13281,3,13284,313,0.6610884905686155
lncRNA_25869,13281,2,13283,320,0.6708173885667545
lncRNA_21408,13270,8,13278,319,0.6949577980299579
lncRNA_15536,13269,7,13276,327,0.6895781646847403
lncRNA_1027,13264,10,13274,291,0.6676963199631559
lncRNA_18322,13265,1,13266,301,0.6647125772972776
lncRNA_20120,13260,1,13261,321,0.6673208542138743
lncRNA_11884,13259,2,13261,315,0.6652474349277802
lncRNA_11885,13252,3,13255,316,0.6644825661379289
lncRNA_20726,13250,4,13254,325,0.6604696784593576
lncRNA_28021,13249,2,13251,301,0.6693208459283252
lncRNA_25669,13246,1,13247,313,0.6646637002124115
lncRNA_25670,13246,1,13247,313,0.6646637002124115
lncRNA_9696,13233,2,13235,310,0.6585178785595049
lncRNA_28492,13226,8,13234,313,0.6853732501670967
lncRNA_18136,13228,2,13230,309,0.6806227879901822
lncRNA_17305,13226,1,13227,319,0.6795366754245122
lncRNA_9647,13221,5,13226,322,0.669704563193661
lncRNA_25251,13218,1,13219,302,0.6573557733841536
lncRNA_23286,13210,3,13213,312,0.6804350542551157
lncRNA_18190,13206,5,13211,319,0.6601366252512992
lncRNA_22115,13197,10,13207,322,0.6939892208107199
lncRNA_20613,13195,9,13204,320,0.6716083316669422
lncRNA_25673,13200,1,13201,314,0.663971430175852
lncRNA_25671,13200,1,13201,314,0.663971430175852
lncRNA_15481,13200,1,13201,309,0.6744884468299222
lncRNA_25676,13200,1,13201,314,0.663971430175852
lncRNA_25672,13200,1,13201,314,0.663971430175852
lncRNA_25677,13198,1,13199,310,0.6620648846723698
lncRNA_2042,13186,2,13188,311,0.6679104463505461
lncRNA_18189,13182,5,13187,320,0.6601024922298432
lncRNA_9724,13182,5,13187,321,0.683904723332834
lncRNA_18481,13183,2,13185,322,0.6576385124396757
lncRNA_2069,13177,2,13179,302,0.6663373232784254
lncRNA_4556,13175,2,13177,318,0.6712633858030428
lncRNA_29077,13168,4,13172,316,0.6655414826303581
lncRNA_2065,13163,4,13167,320,0.6742272117001182
lncRNA_545,13160,3,13163,290,0.6753063541878834
lncRNA_1585,13156,1,13157,298,0.6742147804877997
lncRNA_4100,13148,7,13155,319,0.6987343710704383
lncRNA_15706,13147,3,13150,320,0.6959850670845685
lncRNA_28853,13146,1,13147,300,0.6484276890547989
lncRNA_19788,13141,1,13142,313,0.6687235050604086
lncRNA_26441,13132,4,13136,321,0.6641933565266935
lncRNA_6031,13134,2,13136,294,0.6714599505876669
lncRNA_25934,13131,3,13134,316,0.6470124172345872
lncRNA_25932,13125,2,13127,310,0.6528193533000392
lncRNA_10403,13124,2,13126,317,0.6552403290522032
lncRNA_18424,13112,5,13117,290,0.6689517907613299
lncRNA_30005,13110,1,13111,318,0.6605413800608645
lncRNA_182,13107,2,13109,312,0.6648649065699321
lncRNA_14949,13104,2,13106,328,0.6760805876057915
lncRNA_4026,13103,2,13105,314,0.6696186207751837
lncRNA_5691,13100,4,13104,319,0.6631655595452767
lncRNA_19840,13099,4,13103,321,0.6586866802587904
lncRNA_718,13095,8,13103,324,0.6919316872132685
lncRNA_25433,13093,4,13097,297,0.6744591103923753
lncRNA_26911,13088,2,13090,310,0.6573225888969833
lncRNA_6192,13085,4,13089,311,0.663251627345748
lncRNA_22058,13083,1,13084,312,0.6711751962845678
lncRNA_22060,13069,1,13070,312,0.6715879969886841
lncRNA_12247,13048,7,13055,295,0.6938098814022219
lncRNA_28708,13052,1,13053,300,0.6600562882352774
lncRNA_26863,13047,5,13052,302,0.6676288037961209
lncRNA_4554,13050,1,13051,315,0.6663273605499566
lncRNA_6216,13045,2,13047,314,0.6594855177814414
lncRNA_267,13034,9,13043,294,0.6668612397141973
lncRNA_863,13040,2,13042,301,0.6732958247452231
lncRNA_8553,13041,1,13042,309,0.673332218522938
lncRNA_3217,13032,3,13035,319,0.6654659352030825
lncRNA_16339,13031,2,13033,291,0.6447793261552671
lncRNA_14948,13028,2,13030,324,0.6744338347503901
lncRNA_20615,13022,7,13029,321,0.6675096378113772
lncRNA_26434,13011,6,13017,317,0.6683911934845739
lncRNA_28647,13013,4,13017,293,0.6916798098901127
lncRNA_18396,13012,1,13013,305,0.6667331451446783
lncRNA_15705,13008,3,13011,314,0.6924813396471812
lncRNA_765,12997,7,13004,312,0.6980859206810085
lncRNA_20981,12995,2,12997,298,0.6645724665475949
lncRNA_20980,12995,2,12997,298,0.6645724665475949
lncRNA_25174,12964,7,12971,316,0.6677077790201401
lncRNA_20614,12963,7,12970,320,0.6669942011580683
lncRNA_062,12965,3,12968,310,0.6569114640047482
lncRNA_6193,12962,4,12966,308,0.6607314542316478
lncRNA_23355,12962,1,12963,292,0.6546133301213038
lncRNA_21185,12960,1,12961,300,0.6543169863684557
lncRNA_16142,12952,1,12953,306,0.6681006207171023
lncRNA_1005,12938,11,12949,292,0.6817454096332216
lncRNA_13450,12940,3,12943,311,0.6683614630957798
lncRNA_27543,12933,7,12940,318,0.6833926378996777
lncRNA_2941,12938,1,12939,306,0.6536937543066232
lncRNA_5610,12929,1,12930,320,0.6733127858322112
lncRNA_5976,12923,1,12924,290,0.661807315353553
lncRNA_529,12920,2,12922,281,0.6649244425387089
lncRNA_28020,12919,2,12921,307,0.684116576093528
lncRNA_15704,12915,3,12918,311,0.6912352683544849
lncRNA_7477,12912,3,12915,309,0.6536371927840131
lncRNA_12670,12910,4,12914,323,0.6805071474159233
lncRNA_19398,12903,4,12907,308,0.6559242189578586
lncRNA_31920,12903,1,12904,301,0.6601154486412533
lncRNA_21570,12896,6,12902,288,0.6701452253636966
lncRNA_5914,12895,6,12901,305,0.6753063396769786
lncRNA_3954,12896,3,12899,302,0.6571194928924855
lncRNA_23420,12894,2,12896,314,0.6600007672455424
lncRNA_15703,12876,3,12879,311,0.6909435483410057
lncRNA_24562,12873,4,12877,297,0.6622764434570305
lncRNA_27556,12876,1,12877,314,0.6630235721466073
lncRNA_30859,12869,2,12871,296,0.6713633425744227
lncRNA_14605,12856,6,12862,309,0.6557300167342308
lncRNA_14604,12856,6,12862,309,0.6557300167342308
lncRNA_23502,12850,1,12851,300,0.6671618718533411
lncRNA_9646,12842,5,12847,320,0.6635238374563667
lncRNA_25834,12844,1,12845,312,0.666904442688937
lncRNA_170,12838,2,12840,310,0.6650610079308665
lncRNA_4759,12837,1,12838,299,0.6776617291574869
lncRNA_15424,12822,12,12834,322,0.6832080568189618
lncRNA_11921,12828,5,12833,298,0.6700858637950488
lncRNA_5368,12826,0,12826,306,0.652072259347077
lncRNA_14950,12821,2,12823,314,0.6686055103540328
lncRNA_4473,12812,9,12821,302,0.6703830697242829
lncRNA_4476,12810,9,12819,301,0.6703199250715376
lncRNA_27817,12811,4,12815,300,0.6521561782792535
lncRNA_26433,12812,3,12815,315,0.6543655332067904
lncRNA_9516,12804,7,12811,316,0.6577093704543316
lncRNA_15337,12808,1,12809,284,0.6772217286179895
lncRNA_9441,12798,3,12801,304,0.6648773357496716
lncRNA_32146,12798,1,12799,305,0.6632154611018579
lncRNA_9442,12789,4,12793,297,0.6711836627336228
lncRNA_2401,12792,1,12793,294,0.6494105291220569
lncRNA_7585,12783,6,12789,286,0.6657316442896609
lncRNA_7586,12783,6,12789,286,0.6657316442896609
lncRNA_6213,12785,2,12787,311,0.654969815225192
lncRNA_18469,12785,2,12787,306,0.6474727772019826
lncRNA_22846,12780,4,12784,286,0.683065451920468
lncRNA_29776,12779,4,12783,314,0.6713805809720942
lncRNA_3166,12778,4,12782,294,0.6705957834951498
lncRNA_27818,12775,4,12779,300,0.6518956352721507
lncRNA_26786,12767,8,12775,313,0.686324800048949
lncRNA_5490,12770,4,12774,299,0.6668247955705476
lncRNA_6215,12769,2,12771,312,0.6546438197730725
lncRNA_29775,12766,4,12770,314,0.6713266401954036
lncRNA_24764,12766,1,12767,297,0.6559848755043745
lncRNA_14411,12756,2,12758,310,0.6492877111617545
lncRNA_9937,12755,3,12758,283,0.6830308548403479
lncRNA_17377,12744,5,12749,317,0.6780322641923835
lncRNA_29774,12744,3,12747,314,0.6713319207263133
lncRNA_11882,12743,3,12746,326,0.6732806644388519
lncRNA_5346,12739,1,12740,300,0.6751109509473951
lncRNA_2937,12731,7,12738,277,0.6718149047059605
lncRNA_3953,12734,2,12736,296,0.653927592618358
lncRNA_21551,12724,6,12730,310,0.6670834712789906
lncRNA_7978,12716,3,12719,288,0.6667348094967775
lncRNA_22052,12716,3,12719,301,0.6767698666500712
lncRNA_3952,12716,2,12718,296,0.653436642356009
lncRNA_23934,12713,1,12714,306,0.6760509420418854
lncRNA_20155,12711,2,12713,301,0.6530570924120211
lncRNA_17461,12712,1,12713,302,0.6555280355949906
lncRNA_11032,12709,3,12712,302,0.6619374969126345
lncRNA_6201,12699,2,12701,297,0.6510848178565946
lncRNA_4721,12694,3,12697,288,0.6516304083969402
lncRNA_17296,12690,7,12697,310,0.6741852857817827
lncRNA_19771,12684,6,12690,289,0.6549312155799668
lncRNA_10715,12676,11,12687,303,0.6879416645811588
lncRNA_19834,12684,2,12686,305,0.6539219168421011
lncRNA_14637,12681,2,12683,299,0.6858196891268823
lncRNA_19078,12674,4,12678,282,0.6710223395048326
lncRNA_15338,12674,2,12676,281,0.6701448410922025
lncRNA_6884,12671,1,12672,306,0.6554507159742341
lncRNA_9501,12666,5,12671,320,0.6707628459902159
lncRNA_26659,12658,12,12670,317,0.6697594134049726
lncRNA_29059,12662,1,12663,304,0.6509626833852729
lncRNA_6313,12659,2,12661,295,0.655601589939585
lncRNA_16352,12649,10,12659,289,0.6704112904017038
lncRNA_4101,12646,10,12656,308,0.6884081465421481
lncRNA_18934,12647,2,12649,292,0.6629277356123711
lncRNA_25791,12637,7,12644,306,0.6576295008127976
lncRNA_8784,12639,4,12643,298,0.6505492481737666
lncRNA_23421,12640,2,12642,309,0.6536485314765264
lncRNA_4076,12635,2,12637,275,0.6585439733362358
lncRNA_22869,12634,1,12635,302,0.654299370542532
lncRNA_18460,12626,3,12629,312,0.6458691512606987
lncRNA_9784,12624,2,12626,278,0.6658670518671668
lncRNA_18222,12617,3,12620,276,0.6704369303515972
lncRNA_5716,12609,3,12612,308,0.6526537354984336
lncRNA_9890,12606,5,12611,308,0.6664330785789427
lncRNA_29404,12603,7,12610,297,0.6491970280227143
lncRNA_21372,12601,5,12606,276,0.6837235223429832
lncRNA_10160,12597,4,12601,293,0.6590347539447017
lncRNA_4501,12599,1,12600,305,0.6398750118269775
lncRNA_6948,12597,1,12598,301,0.6467137774950544
lncRNA_22194,12593,5,12598,301,0.6665463649165692
lncRNA_21288,12594,2,12596,294,0.6714837895698038
lncRNA_4102,12585,11,12596,309,0.6869195239299951
lncRNA_21998,12590,0,12590,281,0.6686537230019253
lncRNA_18304,12583,6,12589,315,0.6617900810107995
lncRNA_9946,12585,3,12588,300,0.6515524060633611
lncRNA_18192,12576,7,12583,313,0.6424833117709403
lncRNA_16228,12576,2,12578,309,0.6465293156974382
lncRNA_25986,12572,6,12578,312,0.6755157218670897
lncRNA_28627,12572,3,12575,305,0.6575126632652868
lncRNA_695,12567,3,12570,294,0.6485945902092113
lncRNA_6079,12563,5,12568,266,0.671779774068721
lncRNA_8990,12564,2,12566,289,0.6705340978981527
lncRNA_8204,12562,2,12564,312,0.6577094347369806
lncRNA_28332,12557,6,12563,285,0.6790630481800626
lncRNA_5585,12556,5,12561,288,0.6754096337002848
lncRNA_25010,12553,6,12559,309,0.6607661258794261
lncRNA_27904,12549,5,12554,303,0.6462851952192278
lncRNA_738,12523,8,12531,257,0.6476094510556182
lncRNA_15496,12526,2,12528,285,0.6430549072462369
lncRNA_15459,12520,6,12526,307,0.6527407969346091
lncRNA_2713,12520,3,12523,298,0.6488418415153019
lncRNA_16340,12515,3,12518,277,0.6360055496171393
lncRNA_26316,12508,7,12515,273,0.6476841431303678
lncRNA_26250,12504,6,12510,313,0.6498962105526583
lncRNA_14608,12505,2,12507,309,0.6436753500583292
lncRNA_8879,12484,6,12490,303,0.6770303130567477
lncRNA_8880,12484,6,12490,303,0.6770303130567477
lncRNA_25267,12477,6,12483,311,0.6615692148333504
lncRNA_30757,12475,7,12482,306,0.6841994261919387
lncRNA_2017,12475,4,12479,288,0.6710461781773998
lncRNA_9220,12471,5,12476,268,0.673539614118532
lncRNA_19255,12471,3,12474,280,0.6610159338218421
lncRNA_20935,12469,3,12472,295,0.6588956875753931
lncRNA_5917,12467,3,12470,269,0.6689261283894629
lncRNA_20838,12467,2,12469,293,0.6620913006847934
lncRNA_15576,12465,2,12467,273,0.6677739229253358
lncRNA_24564,12463,3,12466,297,0.6587705880374358
lncRNA_4103,12450,12,12462,308,0.6848718321234958
lncRNA_2099,12460,1,12461,298,0.6449072825303778
lncRNA_14356,12457,1,12458,310,0.6532508546206656
lncRNA_23661,12453,2,12455,292,0.6516984515962216
lncRNA_12040,12432,14,12446,314,0.6800582301159876
lncRNA_16347,12438,6,12444,277,0.6605864516815395
lncRNA_6364,12436,4,12440,309,0.6463824911423883
lncRNA_9485,12438,2,12440,267,0.6573244183948488
lncRNA_6920,12437,2,12439,273,0.6583262252481168
lncRNA_28260,12437,1,12438,293,0.6394094058014479
lncRNA_29078,12434,2,12436,288,0.651412077457915
lncRNA_862,12431,4,12435,284,0.6538164755890059
lncRNA_23662,12432,2,12434,291,0.6516514092751527
lncRNA_23508,12428,1,12429,303,0.6442330251969498
lncRNA_28494,12422,6,12428,292,0.6749687797141963
lncRNA_14798,12427,1,12428,295,0.6502975349314005
lncRNA_5845,12416,4,12420,309,0.6461713535744485
lncRNA_29380,12410,4,12414,298,0.6432476284334157
lncRNA_19889,12397,6,12403,296,0.6551487311156388
lncRNA_22230,12392,9,12401,270,0.67243032462318
lncRNA_4105,12388,11,12399,307,0.6853492504020321
lncRNA_26759,12394,3,12397,288,0.6623595403504541
lncRNA_10892,12390,4,12394,295,0.6558578780620495
lncRNA_30941,12391,3,12394,300,0.6417677096928525
lncRNA_24397,12385,5,12390,266,0.6514968211300951
lncRNA_2373,12384,5,12389,306,0.6782969141799875
lncRNA_21614,12376,8,12384,260,0.6735974794240946
lncRNA_18178,12374,2,12376,281,0.6636087217986925
lncRNA_7480,12364,9,12373,301,0.6515913562643056
lncRNA_6221,12366,2,12368,305,0.6407219370567356
lncRNA_21455,12363,4,12367,286,0.6450679849955574
lncRNA_6222,12366,1,12367,309,0.641006652405339
lncRNA_21837,12360,4,12364,303,0.6633529664626453
lncRNA_29120,12358,2,12360,302,0.6615839450134874
lncRNA_5641,12354,5,12359,297,0.6757492184041002
lncRNA_19586,12349,3,12352,297,0.6502124043427155
lncRNA_24903,12348,3,12351,297,0.6444615074702932
lncRNA_22719,12348,2,12350,258,0.6695733194665825
lncRNA_13640,12345,5,12350,260,0.680567722297912
lncRNA_25829,12339,10,12349,300,0.6839048962711681
lncRNA_30368,12339,4,12343,281,0.6586264770244346
lncRNA_6224,12342,1,12343,310,0.6396734216703388
lncRNA_17603,12340,2,12342,287,0.6447803057956851
lncRNA_28033,12331,0,12331,291,0.6603544252391231
lncRNA_25830,12320,10,12330,299,0.6837000572532422
lncRNA_25832,12321,2,12323,260,0.6613190159800636
lncRNA_001,12318,2,12320,279,0.6739360147844845
lncRNA_1109,12315,3,12318,297,0.6398099864798954
lncRNA_20750,12318,0,12318,285,0.6416825998713661
lncRNA_3164,12311,2,12313,284,0.6547473307356123
lncRNA_8736,12298,13,12311,306,0.6757605914936445
lncRNA_10517,12301,10,12311,269,0.6604504380029629
lncRNA_8737,12296,13,12309,305,0.6756626145695722
lncRNA_25828,12298,10,12308,297,0.6836049189390321
lncRNA_18288,12303,5,12308,289,0.6619096208248434
lncRNA_28331,12303,5,12308,278,0.6748326896061136
lncRNA_6220,12306,1,12307,307,0.6406570461230302
lncRNA_18287,12299,5,12304,290,0.6618737949519922
lncRNA_6129,12302,2,12304,279,0.6703351495767848
lncRNA_21390,12301,2,12303,294,0.6455149370087773
lncRNA_3619,12297,2,12299,289,0.6493946450051263
lncRNA_18289,12294,5,12299,289,0.6622056673566493
lncRNA_28342,12295,2,12297,282,0.6571133307898396
lncRNA_6212,12293,1,12294,305,0.6403966084398032
lncRNA_857,12283,10,12293,260,0.6649893885289895
lncRNA_10847,12277,9,12286,270,0.6589921973309647
lncRNA_14349,12275,10,12285,312,0.6817764470887272
lncRNA_5589,12281,3,12284,303,0.6716550871720627
lncRNA_28486,12275,8,12283,299,0.6644905361483155
lncRNA_6094,12279,1,12280,277,0.6475276332139799
lncRNA_263,12265,10,12275,269,0.6565136330356741
lncRNA_9553,12268,2,12270,304,0.6352067289091822
lncRNA_20616,12261,8,12269,305,0.6667606927006593
lncRNA_9966,12256,7,12263,271,0.6584713001808208
lncRNA_17333,12262,1,12263,277,0.6380015506315722
lncRNA_12260,12261,2,12263,292,0.6508877830871264
lncRNA_19233,12254,2,12256,293,0.6499848354979184
lncRNA_14799,12255,0,12255,288,0.64829077769321
lncRNA_22196,12243,3,12246,298,0.6512567338830061
lncRNA_775,12245,1,12246,307,0.6495259578245784
lncRNA_2746,12242,2,12244,278,0.6425201922204425
lncRNA_8588,12239,4,12243,288,0.6714374726814364
lncRNA_8586,12239,4,12243,288,0.6714218700747385
lncRNA_30939,12222,5,12227,298,0.638124019615713
lncRNA_280,12225,2,12227,284,0.6470015484293367
lncRNA_5678,12215,10,12225,297,0.673552345433926
lncRNA_20166,12219,2,12221,293,0.6432691283978085
lncRNA_19019,12218,1,12219,294,0.6386998107143153
lncRNA_18297,12217,1,12218,298,0.6565155011462687
lncRNA_31669,12200,15,12215,302,0.6462554043390771
lncRNA_22057,12213,2,12215,284,0.6489385180845535
lncRNA_31670,12200,15,12215,302,0.6462554043390771
lncRNA_22056,12213,2,12215,284,0.6489385180845535
lncRNA_2075,12206,8,12214,308,0.6723635480234813
lncRNA_20165,12208,5,12213,294,0.6434698610287701
lncRNA_16682,12207,4,12211,295,0.6812325499520601
lncRNA_29121,12209,2,12211,294,0.6587373599552487
lncRNA_11911,12201,10,12211,282,0.6526742125249235
lncRNA_22077,12207,3,12210,285,0.6397761843537954
lncRNA_20154,12206,2,12208,296,0.642665180589538
lncRNA_25223,12197,7,12204,267,0.6540394897250488
lncRNA_25616,12198,4,12202,276,0.6464289819011056
lncRNA_14119,12195,4,12199,269,0.6510068583510777
lncRNA_266,12197,2,12199,270,0.6292139166020082
lncRNA_9783,12196,2,12198,273,0.6556694037078244
lncRNA_4856,12196,1,12197,273,0.650048260064571
lncRNA_23122,12178,11,12189,299,0.6648862355488723
lncRNA_11720,12184,3,12187,297,0.6513319563979186
lncRNA_25792,12185,2,12187,300,0.6457624474054708
lncRNA_18594,12173,1,12174,293,0.6386536125085103
lncRNA_7875,12170,1,12171,277,0.6388622892078073
lncRNA_7478,12158,11,12169,294,0.6528355129194063
lncRNA_18199,12159,7,12166,285,0.6568411596590649
lncRNA_21333,12152,10,12162,266,0.6530287002717888
lncRNA_31918,12153,3,12156,283,0.653340200314129
lncRNA_6225,12151,1,12152,302,0.6362087751213178
lncRNA_6885,12146,6,12152,300,0.6538281248049967
lncRNA_20504,12147,4,12151,264,0.6652822867631372
lncRNA_29320,12146,4,12150,280,0.6593433211578946
lncRNA_26249,12146,2,12148,310,0.6348019570290674
lncRNA_27606,12142,2,12144,272,0.6457663497397014
lncRNA_25615,12137,5,12142,276,0.6453612089050916
lncRNA_16074,12138,4,12142,294,0.6849093741647723
lncRNA_11722,12136,3,12139,295,0.6513657721233692
lncRNA_6886,12124,6,12130,299,0.6536465100261744
lncRNA_29697,12127,2,12129,301,0.6673627905597759
lncRNA_18286,12119,7,12126,295,0.6507864609840109
lncRNA_715,12113,11,12124,302,0.6810907462325411
lncRNA_6211,12122,2,12124,304,0.6375825444435043
lncRNA_27668,12118,4,12122,266,0.6632517752398406
lncRNA_5361,12117,4,12121,281,0.6491530338374147
lncRNA_30338,12118,2,12120,276,0.6351989486790114
lncRNA_2005,12114,5,12119,293,0.6670028951929233
lncRNA_8343,12116,2,12118,298,0.6451316776762969
lncRNA_9000,12109,3,12112,280,0.6540057500126475
lncRNA_7494,12107,2,12109,286,0.6414998658486646
lncRNA_18595,12106,1,12107,293,0.6373733815414948
lncRNA_25839,12103,3,12106,284,0.6399242827485341
lncRNA_28709,12100,4,12104,269,0.6602566454362405
lncRNA_29336,12098,5,12103,289,0.6531127219375226
lncRNA_5362,12087,4,12091,281,0.6480707455838975
lncRNA_26297,12084,1,12085,290,0.6436953556009015
lncRNA_6210,12082,2,12084,303,0.6370587398274583
lncRNA_19236,12063,17,12080,276,0.6683175522106765
lncRNA_22182,12076,4,12080,288,0.6594668381893997
lncRNA_24200,12073,6,12079,291,0.6215536246799508
lncRNA_23495,12075,3,12078,285,0.6530176150048509
lncRNA_28710,12074,3,12077,268,0.6600490361360907
lncRNA_16692,12068,8,12076,289,0.6797916252332346
lncRNA_6024,12066,10,12076,317,0.6576801235150157
lncRNA_724,12071,1,12072,276,0.6464942534224667
lncRNA_20749,12064,1,12065,280,0.6387868513046455
lncRNA_29937,12061,2,12063,294,0.6349396758424637
lncRNA_18198,12056,7,12063,285,0.6528240267948697
lncRNA_19849,12058,4,12062,303,0.6458584134841422
lncRNA_19850,12058,4,12062,303,0.645850995131607
lncRNA_5686,12054,3,12057,303,0.6358634283864332
lncRNA_19656,12040,16,12056,306,0.651848177403512
lncRNA_7033,12049,2,12051,271,0.6488863525748984
lncRNA_4146,12046,2,12048,286,0.6414207427128181
lncRNA_25145,12045,3,12048,276,0.6459772490263996
lncRNA_2079,12041,7,12048,286,0.6618650106242348
lncRNA_27641,12043,3,12046,279,0.6589137769112774
lncRNA_5675,12042,1,12043,293,0.6533678059109571
lncRNA_21571,12033,9,12042,279,0.656664308098673
lncRNA_15567,12038,2,12040,272,0.6683354422626302
lncRNA_23182,12028,5,12033,299,0.6656567505060043
lncRNA_23663,12026,2,12028,286,0.6449442599153247
lncRNA_14488,12026,2,12028,292,0.655796157709499
lncRNA_23256,12023,4,12027,279,0.6392707435302726
lncRNA_23254,12023,4,12027,279,0.6392707435302726
lncRNA_23253,12023,4,12027,279,0.6392707435302726
lncRNA_16005,12020,2,12022,289,0.644712161393866
lncRNA_8584,12016,6,12022,281,0.6710213749440588
lncRNA_6954,12020,1,12021,297,0.6421850332022933
lncRNA_11268,12013,2,12015,299,0.6359784944319434
lncRNA_30486,12013,2,12015,263,0.6536159647802764
lncRNA_11053,12007,3,12010,294,0.6560384693741407
lncRNA_23175,12005,4,12009,299,0.6630125206572763
lncRNA_19585,12007,2,12009,284,0.6557993673438312
lncRNA_18468,12007,2,12009,296,0.6334890923753471
lncRNA_2111,12001,4,12005,300,0.6560493643566554
lncRNA_4136,11996,7,12003,292,0.6770735817377199
lncRNA_26460,11995,5,12000,303,0.6363892715056987
lncRNA_5423,11996,2,11998,269,0.6531617572050625
lncRNA_11701,11985,10,11995,272,0.6632248163622582
lncRNA_30746,11994,0,11994,281,0.6416018883522713
lncRNA_4433,11992,2,11994,280,0.6434636660348667
lncRNA_21207,11991,1,11992,297,0.6473256175551245
lncRNA_19077,11986,3,11989,286,0.6810249499559426
lncRNA_29163,11976,12,11988,302,0.6337810771042746
lncRNA_29166,11980,4,11984,267,0.6787047607920499
lncRNA_9648,11978,3,11981,300,0.6527550070756708
lncRNA_21616,11976,1,11977,286,0.6401262070395728
lncRNA_9012,11973,2,11975,276,0.658787308886697
lncRNA_791,11972,3,11975,292,0.6325582067774006
lncRNA_26448,11970,5,11975,308,0.6388593564122375
lncRNA_9652,11970,3,11973,300,0.652587277540731
lncRNA_9649,11970,3,11973,300,0.6526067374998232
lncRNA_113,11964,8,11972,261,0.664556845580497
lncRNA_6066,11970,0,11970,267,0.6446956727016767
lncRNA_7561,11966,2,11968,293,0.641625274336476
lncRNA_20660,11963,4,11967,274,0.6597062600947501
lncRNA_18352,11963,3,11966,258,0.6501749869081547
lncRNA_4914,11961,4,11965,289,0.6508977847944022
lncRNA_3174,11956,7,11963,252,0.650810571947032
lncRNA_9013,11959,2,11961,275,0.6552587135826629
lncRNA_30369,11957,1,11958,289,0.6237651620737391
lncRNA_27337,11947,8,11955,295,0.6468703535845101
lncRNA_15334,11948,4,11952,299,0.6548760711767334
lncRNA_23361,11951,1,11952,279,0.6360892539549711
lncRNA_9653,11949,3,11952,300,0.6516112689434181
lncRNA_15333,11948,4,11952,299,0.6548760711767334
lncRNA_19344,11943,1,11944,281,0.6645507379569148
lncRNA_23673,11940,2,11942,279,0.6482075515833229
lncRNA_26413,11936,3,11939,301,0.6390413948479676
lncRNA_29058,11935,3,11938,293,0.6532843883398273
lncRNA_5846,11934,3,11937,304,0.6365912576565533
lncRNA_8966,11933,4,11937,266,0.6620994052313154
lncRNA_28223,11927,8,11935,267,0.6520151671808003
lncRNA_4432,11924,2,11926,279,0.6421325917179305
lncRNA_21617,11917,1,11918,285,0.6390717927444028
lncRNA_20748,11904,1,11905,279,0.6386150463981642
lncRNA_28674,11901,2,11903,291,0.6478482246236391
lncRNA_22053,11897,4,11901,284,0.64633808057342
lncRNA_15335,11894,4,11898,296,0.6541246757245064
lncRNA_9403,11897,1,11898,295,0.643190306885014
lncRNA_2403,11897,1,11898,287,0.6352661672186961
lncRNA_25872,11894,3,11897,295,0.6438180862184892
lncRNA_19414,11892,5,11897,276,0.651222985488141
lncRNA_20938,11876,15,11891,296,0.6726058037056475
lncRNA_5534,11883,5,11888,279,0.6480498715954893
lncRNA_22542,11882,3,11885,283,0.6519425481993391
lncRNA_6322,11878,7,11885,287,0.674882484126936
lncRNA_2969,11881,4,11885,286,0.6502727858226212
lncRNA_6839,11880,1,11881,262,0.6451889798780556
lncRNA_5899,11879,1,11880,271,0.6325028835907822
lncRNA_18415,11873,4,11877,286,0.6325572898390257
lncRNA_9645,11873,3,11876,286,0.6330837190348977
lncRNA_21326,11870,5,11875,267,0.6576183287007528
lncRNA_20669,11869,5,11874,268,0.6722750845887849
lncRNA_23693,11869,3,11872,247,0.6652146913621219
lncRNA_20125,11870,1,11871,278,0.6332685435253164
lncRNA_26132,11862,7,11869,264,0.6646922894008807
lncRNA_14355,11865,1,11866,284,0.6336333803700491
lncRNA_20659,11856,7,11863,261,0.6699683313704976
lncRNA_21411,11857,5,11862,284,0.6578692922178146
lncRNA_26230,11856,2,11858,300,0.6393763551607083
lncRNA_26736,11852,5,11857,293,0.6248125649032426
lncRNA_6365,11855,1,11856,299,0.6367242269743936
lncRNA_28631,11848,4,11852,269,0.6573248540839084
lncRNA_25778,11838,9,11847,292,0.6630254025578669
lncRNA_20126,11845,1,11846,277,0.6325127483971605
lncRNA_28229,11830,8,11838,276,0.6507539657640804
lncRNA_23455,11829,7,11836,280,0.6549454121619113
lncRNA_4097,11829,3,11832,286,0.6374772821253897
lncRNA_14555,11829,3,11832,267,0.6476198341260219
lncRNA_18914,11827,4,11831,284,0.645992878536015
lncRNA_29288,11822,7,11829,291,0.6530201170335126
lncRNA_1587,11821,7,11828,303,0.6715927461745775
lncRNA_12268,11824,3,11827,292,0.651091384993397
lncRNA_21440,11824,2,11826,274,0.6439544447244075
lncRNA_26432,11823,2,11825,299,0.633358386859909
lncRNA_194,11815,10,11825,269,0.6696401099835041
lncRNA_195,11815,10,11825,269,0.6696401099835041
lncRNA_12066,11814,6,11820,280,0.6751366548106451
lncRNA_25222,11814,6,11820,256,0.649279129094059
lncRNA_15969,11811,8,11819,292,0.6410009266844995
lncRNA_5812,11812,6,11818,284,0.6586736170101262
lncRNA_23672,11815,2,11817,277,0.6411938500242736
lncRNA_23671,11815,2,11817,277,0.6411938500242736
lncRNA_23670,11815,2,11817,277,0.6411938500242736
lncRNA_9625,11811,2,11813,278,0.6418894861582259
lncRNA_23668,11810,2,11812,277,0.6411127758478162
lncRNA_23667,11810,2,11812,277,0.6411127758478162
lncRNA_23666,11810,2,11812,277,0.6411127758478162
lncRNA_23664,11810,2,11812,277,0.6411127758478162
lncRNA_14554,11808,3,11811,267,0.6475334774242582
lncRNA_11875,11808,2,11810,268,0.6319620515890655
lncRNA_9424,11807,2,11809,272,0.6493668043803957
lncRNA_14489,11805,1,11806,267,0.6422790872478737
lncRNA_26457,11795,4,11799,301,0.636471602703471
lncRNA_790,11797,2,11799,280,0.6550865838538311
lncRNA_23833,11789,9,11798,292,0.6533322852080771
lncRNA_9544,11788,2,11790,284,0.6449082678831208
lncRNA_26436,11775,15,11790,297,0.6466457602346716
lncRNA_27213,11784,2,11786,266,0.6604285088340821
lncRNA_21195,11780,4,11784,275,0.6302304332141277
lncRNA_5968,11776,6,11782,278,0.6584592489618525
lncRNA_14350,11771,10,11781,302,0.6741457062400088
lncRNA_14117,11779,2,11781,265,0.6491509276824532
lncRNA_15711,11766,10,11776,297,0.6368924618169395
lncRNA_11912,11762,14,11776,259,0.661566613989957
lncRNA_5590,11766,2,11768,291,0.6577503942186012
lncRNA_21997,11765,1,11766,266,0.6656421798031059
lncRNA_5715,11758,4,11762,299,0.6483962323353699
lncRNA_5717,11757,4,11761,296,0.646881652658702
lncRNA_25283,11753,2,11755,271,0.6358161672760462
lncRNA_8190,11750,4,11754,276,0.6498328567779921
lncRNA_19887,11744,9,11753,297,0.6253259694561983
lncRNA_8650,11750,3,11753,271,0.6345099817187458
lncRNA_19610,11747,1,11748,287,0.6317002345616214
lncRNA_20605,11739,6,11745,272,0.6618069610043646
lncRNA_5718,11741,4,11745,296,0.6464923414885885
lncRNA_22820,11742,3,11745,276,0.6550049040620954
lncRNA_760,11731,13,11744,293,0.6591449431952054
lncRNA_14074,11728,15,11743,264,0.656131207745333
lncRNA_2695,11741,2,11743,280,0.6214178502932436
lncRNA_16064,11738,5,11743,284,0.6388932980305294
lncRNA_12233,11738,2,11740,273,0.6328496056759487
lncRNA_23408,11736,2,11738,286,0.6432282226554312
lncRNA_25936,11733,4,11737,290,0.6462402590645989
lncRNA_6191,11734,2,11736,285,0.6439370667626428
lncRNA_25613,11728,3,11731,279,0.6559654680897796
lncRNA_23139,11726,1,11727,274,0.6304729732530902
lncRNA_16063,11721,5,11726,282,0.6381069620336413
lncRNA_5935,11714,10,11724,263,0.6602295068416252
lncRNA_3799,11716,7,11723,289,0.6591196212031122
lncRNA_12087,11720,2,11722,288,0.638827708246568
lncRNA_30587,11711,9,11720,260,0.6505621391086531
lncRNA_8349,11714,5,11719,264,0.6725066762823202
lncRNA_5934,11717,1,11718,272,0.6309497674450112
lncRNA_30586,11708,9,11717,260,0.650569843535298
lncRNA_25902,11712,3,11715,265,0.6507303856349425
lncRNA_25903,11712,3,11715,265,0.6507303856349425
lncRNA_25904,11712,3,11715,265,0.6507303856349425
lncRNA_8651,11711,3,11714,271,0.6342389900757749
lncRNA_29963,11707,2,11709,283,0.6296270328245996
lncRNA_2625,11700,6,11706,266,0.6477429012942597
lncRNA_30067,11696,6,11702,291,0.6610769097158661
lncRNA_27350,11697,4,11701,280,0.6395743652356416
lncRNA_26472,11687,11,11698,302,0.630620051709058
lncRNA_26319,11693,5,11698,253,0.6295820464994827
lncRNA_16485,11691,1,11692,295,0.6368313502905417
lncRNA_23170,11689,3,11692,291,0.6523950212769479
lncRNA_23171,11689,3,11692,291,0.6523950212769479
lncRNA_23169,11686,4,11690,291,0.6518877470427892
lncRNA_8205,11683,6,11689,258,0.6354378724649269
lncRNA_4426,11680,2,11682,278,0.6383651682106731
lncRNA_29060,11678,2,11680,288,0.6407970176264087
lncRNA_18114,11678,0,11678,284,0.6378373441861066
lncRNA_20646,11664,11,11675,283,0.6670824567049785
lncRNA_21187,11671,4,11675,271,0.6289598775911227
lncRNA_12085,11662,12,11674,266,0.6507701761271687
lncRNA_4254,11664,8,11672,284,0.6534164155581031
lncRNA_26470,11659,11,11670,302,0.635981113544928
lncRNA_29664,11663,6,11669,255,0.6621856214913273
lncRNA_12099,11666,1,11667,285,0.6376150029566381
lncRNA_6363,11665,1,11666,299,0.6328626359327293
lncRNA_21448,11664,1,11665,282,0.6382685349948809
lncRNA_26892,11660,0,11660,281,0.6365185050436317
lncRNA_20164,11659,1,11660,284,0.6308509235222411
lncRNA_26471,11646,12,11658,302,0.6357524180730841
lncRNA_11747,11652,4,11656,272,0.6508607936269761
lncRNA_23409,11636,2,11638,283,0.6420172326149908
lncRNA_29276,11633,2,11635,267,0.6396981407286699
lncRNA_6367,11629,2,11631,296,0.6324706136523356
lncRNA_24857,11625,2,11627,281,0.633403687293416
lncRNA_3797,11622,3,11625,283,0.6486059488423884
lncRNA_18290,11621,4,11625,272,0.6545714158675021
lncRNA_26949,11622,1,11623,275,0.6205704580536124
lncRNA_26487,11616,6,11622,282,0.6374570194356006
lncRNA_17702,11613,9,11622,243,0.6551931204907431
lncRNA_5690,11616,1,11617,292,0.6333392565257361
lncRNA_015,11603,2,11605,284,0.6490096437362329
lncRNA_9785,11603,0,11603,253,0.6455000998132215
lncRNA_5720,11595,4,11599,292,0.6450211616920178
lncRNA_18416,11595,3,11598,278,0.6251768755496926
lncRNA_4822,11594,3,11597,304,0.6498439859030651
lncRNA_21300,11592,4,11596,273,0.658046356048609
lncRNA_8596,11579,13,11592,258,0.6624061692127537
lncRNA_725,11588,3,11591,267,0.6370122081449605
lncRNA_9354,11585,2,11587,290,0.6475180248247742
lncRNA_27352,11580,4,11584,276,0.6388861295302309
lncRNA_24264,11578,2,11580,280,0.6335035038844689
lncRNA_12100,11570,9,11579,288,0.6405268026462402
lncRNA_18295,11574,3,11577,250,0.6398977991670219
lncRNA_23174,11573,4,11577,290,0.6522988003507891
lncRNA_29352,11570,5,11575,283,0.6521285439394786
lncRNA_22451,11573,1,11574,283,0.6281439877855092
lncRNA_4116,11569,4,11573,284,0.6763101808535709
lncRNA_21518,11570,2,11572,251,0.6456145150610962
lncRNA_6124,11569,2,11571,263,0.6426014651798525
lncRNA_6881,11570,1,11571,247,0.6523375001028833
lncRNA_17689,11566,4,11570,293,0.6429041613725041
lncRNA_6246,11559,10,11569,281,0.6605010239907085
lncRNA_26485,11566,3,11569,288,0.6205269216984348
lncRNA_28188,11557,2,11559,298,0.6491821608843634
lncRNA_26842,11556,2,11558,288,0.6357181919729081
lncRNA_9682,11552,4,11556,290,0.6690652164600686
lncRNA_5721,11551,4,11555,291,0.6447706877307153
lncRNA_11054,11547,4,11551,284,0.6467536778763339
lncRNA_14139,11545,5,11550,275,0.6422876979993082
lncRNA_26486,11542,3,11545,289,0.6200052140652312
lncRNA_9486,11540,1,11541,243,0.6422379105720634
lncRNA_22499,11537,2,11539,284,0.6395100061984265
lncRNA_15679,11535,4,11539,275,0.6329929307712857
lncRNA_31658,11532,4,11536,270,0.620767701554856
lncRNA_973,11525,8,11533,261,0.6657258981733307
lncRNA_974,11525,8,11533,261,0.6657258981733307
lncRNA_971,11525,8,11533,261,0.6657258981733307
lncRNA_5550,11525,1,11526,251,0.6508113394717431
lncRNA_26459,11521,3,11524,299,0.6274207518411731
lncRNA_26210,11513,6,11519,289,0.6382929545550626
lncRNA_26630,11508,8,11516,293,0.6631371473587929
lncRNA_12856,11508,4,11512,277,0.6356785636299501
lncRNA_20812,11509,1,11510,263,0.6423480545844314
lncRNA_20811,11509,1,11510,263,0.6423480545844314
lncRNA_14408,11508,1,11509,287,0.6349135349899183
lncRNA_10815,11499,3,11502,271,0.6390213384066114
lncRNA_5637,11500,1,11501,270,0.6466233155802393
lncRNA_17722,11493,6,11499,280,0.6423647965474926
lncRNA_2612,11488,4,11492,290,0.6405287117782448
lncRNA_29119,11487,3,11490,275,0.6377508829460102
lncRNA_26439,11475,15,11490,293,0.6222149866765222
lncRNA_26440,11475,15,11490,293,0.6222149866765222
lncRNA_1578,11484,4,11488,271,0.6546269745619212
lncRNA_23359,11486,1,11487,270,0.6261891377345432
lncRNA_5367,11484,1,11485,265,0.6175416014108769
lncRNA_2613,11480,4,11484,291,0.6402334380713524
lncRNA_29032,11480,2,11482,254,0.6375047313161957
lncRNA_11941,11477,1,11478,276,0.6391846243520286
lncRNA_11723,11474,4,11478,286,0.6397639478677117
lncRNA_27195,11475,3,11478,295,0.6552982005904538
lncRNA_9944,11473,4,11477,254,0.6581451486216848
lncRNA_10748,11469,7,11476,258,0.6566854468670105
lncRNA_20761,11470,5,11475,265,0.6599579547895352
lncRNA_12242,11466,6,11472,259,0.6350976937493781
lncRNA_27298,11465,6,11471,275,0.6644768543766654
lncRNA_31570,11459,5,11464,288,0.6335050004132369
lncRNA_20739,11457,4,11461,278,0.6626874338027499
lncRNA_799,11456,4,11460,252,0.6533549591355905
lncRNA_798,11456,4,11460,252,0.6533549591355905
lncRNA_16639,11449,6,11455,293,0.6486408209031589
lncRNA_137,11453,1,11454,259,0.6637981537623552
lncRNA_26435,11444,9,11453,276,0.6392413127707006
lncRNA_8711,11452,1,11453,279,0.6446557265435887
lncRNA_4920,11447,4,11451,243,0.6431326397023567
lncRNA_4479,11448,2,11450,283,0.6173099353049258
lncRNA_26447,11448,1,11449,295,0.6253614433604587
lncRNA_15331,11438,8,11446,255,0.6535043578045717
lncRNA_26846,11442,4,11446,276,0.6331671867616157
lncRNA_25732,11439,6,11445,237,0.6519172691193096
lncRNA_7473,11442,2,11444,287,0.627441473869842
lncRNA_278,11437,7,11444,266,0.6279552391010335
lncRNA_10420,11428,15,11443,291,0.6756986466643424
lncRNA_9475,11434,6,11440,269,0.6687340019878875
lncRNA_15608,11427,13,11440,271,0.6444727215368351
lncRNA_9621,11430,9,11439,266,0.6345900867000884
lncRNA_17514,11436,2,11438,230,0.6150732704402039
lncRNA_26450,11437,1,11438,297,0.6256053395231477
lncRNA_3931,11430,5,11435,258,0.6433019080289764
lncRNA_26133,11427,4,11431,280,0.6300289763135651
lncRNA_23955,11403,25,11428,264,0.6545951501776216
lncRNA_8344,11421,2,11423,277,0.6356904315935518
lncRNA_24988,11419,3,11422,256,0.6221997928962752
lncRNA_8339,11417,2,11419,277,0.6356576744483251
lncRNA_4870,11415,4,11419,274,0.6516062182761686
lncRNA_8335,11417,2,11419,277,0.6356576744483251
lncRNA_8336,11417,2,11419,277,0.6356576744483251
lncRNA_15386,11412,7,11419,269,0.646394681179856
lncRNA_8340,11417,2,11419,277,0.6356576744483251
lncRNA_23320,11414,3,11417,290,0.6313533103108498
lncRNA_5613,11414,2,11416,260,0.6406682924767095
lncRNA_23176,11412,4,11416,287,0.6494833169499046
lncRNA_16636,11409,6,11415,294,0.648480396957582
lncRNA_9415,11406,7,11413,266,0.6416780404317864
lncRNA_17449,11406,5,11411,256,0.6199544849344482
lncRNA_17429,11403,8,11411,268,0.6458979093329604
lncRNA_26451,11410,1,11411,296,0.6249347987797143
lncRNA_14607,11392,15,11407,258,0.6559817591952675
lncRNA_16637,11399,5,11404,294,0.6484224394876251
lncRNA_29031,11403,1,11404,257,0.6349581277147894
lncRNA_16638,11397,5,11402,294,0.6482989789980669
lncRNA_26843,11396,1,11397,283,0.6410007847833059
lncRNA_005,11391,2,11393,264,0.6223726990278925
lncRNA_006,11389,2,11391,263,0.6226330436058999
lncRNA_26255,11373,16,11389,283,0.6360940234337666
lncRNA_23177,11382,4,11386,286,0.649247022386897
lncRNA_23178,11380,4,11384,286,0.6492392408521289
lncRNA_23181,11378,4,11382,285,0.6493760320550621
lncRNA_3162,11375,6,11381,316,0.6248464015397488
lncRNA_29497,11378,1,11379,254,0.6231722456882931
lncRNA_24275,11372,7,11379,267,0.6161731274356805
lncRNA_26845,11374,4,11378,274,0.6321484337773379
lncRNA_28863,11372,4,11376,293,0.6430760094468261
lncRNA_22614,11370,2,11372,271,0.627807363111817
lncRNA_15281,11361,11,11372,252,0.6473804912118868
lncRNA_25374,11372,0,11372,279,0.6359718760793197
lncRNA_15385,11365,3,11368,292,0.628569372770898
lncRNA_14204,11366,2,11368,263,0.6308404961606949
lncRNA_19126,11361,4,11365,271,0.665626080752426
lncRNA_2404,11362,1,11363,274,0.6260824021416345
lncRNA_26207,11356,4,11360,277,0.6317435975965142
lncRNA_5918,11357,3,11360,241,0.6490704688872028
lncRNA_4751,11354,5,11359,272,0.6311922502622187
lncRNA_26453,11356,1,11357,296,0.6240328788986135
lncRNA_23179,11352,4,11356,284,0.6491355573352117
lncRNA_23180,11351,4,11355,284,0.6491674452359699
lncRNA_11247,11348,7,11355,267,0.6506113573834963
lncRNA_23187,11348,3,11351,258,0.6559797077146813
lncRNA_24357,11344,4,11348,266,0.6184773346249873
lncRNA_5369,11347,1,11348,262,0.6155127985954973
lncRNA_13584,11343,3,11346,252,0.6350010457291552
lncRNA_28232,11341,4,11345,294,0.6309254504318751
lncRNA_6394,11334,9,11343,301,0.6265253504757885
lncRNA_27361,11342,1,11343,264,0.6537044281797988
lncRNA_21848,11336,4,11340,252,0.6397326591586191
lncRNA_3933,11335,5,11340,256,0.6416013959482986
lncRNA_24987,11335,3,11338,256,0.6204230500783987
lncRNA_6168,11334,0,11334,254,0.6372554931151221
lncRNA_8768,11329,1,11330,278,0.6271243322189969
lncRNA_25618,11321,8,11329,272,0.6507722671263797
lncRNA_14137,11318,10,11328,258,0.644789140766174
lncRNA_6369,11322,2,11324,290,0.6269012896083135
lncRNA_27540,11309,13,11322,281,0.6690187599973396
lncRNA_26779,11310,10,11320,249,0.6568778184218488
lncRNA_20563,11318,1,11319,285,0.6099180368288147
lncRNA_8156,11314,4,11318,250,0.6551216671799233
lncRNA_27635,11314,3,11317,291,0.6369475201915925
lncRNA_24619,11312,3,11315,265,0.6357774318688056
lncRNA_29300,11313,1,11314,274,0.6237906747557479
lncRNA_5619,11305,7,11312,282,0.6687725491540119
lncRNA_20250,11308,4,11312,264,0.6286045663543748
lncRNA_6169,11311,0,11311,254,0.6371208640226623
lncRNA_14932,11304,7,11311,249,0.6630613647623335
lncRNA_2128,11301,2,11303,271,0.623201282021873
lncRNA_23183,11298,4,11302,283,0.6486080329465453
lncRNA_23317,11297,4,11301,282,0.6257700230384512
lncRNA_20810,11300,1,11301,236,0.6514579975174482
lncRNA_21446,11297,3,11300,257,0.620745716985254
lncRNA_30330,11298,1,11299,274,0.6311158994495821
lncRNA_5404,11298,1,11299,239,0.6437347315565143
lncRNA_12082,11296,2,11298,253,0.6558443998222983
lncRNA_846,11292,4,11296,246,0.6589159885549783
lncRNA_4659,11277,19,11296,239,0.6390317195988149
lncRNA_13229,11291,5,11296,300,0.6367424712592968
lncRNA_20856,11289,5,11294,274,0.626951263970556
lncRNA_11659,11293,1,11294,231,0.6337370551072865
lncRNA_23475,11291,2,11293,237,0.6486957874514387
lncRNA_22584,11290,2,11292,273,0.6273455379587709
lncRNA_6391,11283,9,11292,297,0.6251867935240767
lncRNA_10555,11289,1,11290,246,0.6448311670117874
lncRNA_26454,11288,1,11289,296,0.6230116446137118
lncRNA_5852,11274,12,11286,298,0.6273105024537965
lncRNA_19655,11276,9,11285,264,0.6473696495886938
lncRNA_6390,11273,9,11282,297,0.6246895718192147
lncRNA_20809,11280,1,11281,235,0.6512769651742996
lncRNA_008,11274,2,11276,260,0.6479401244550598
lncRNA_14357,11271,2,11273,271,0.6305975272457333
lncRNA_4691,11271,1,11272,251,0.626550247860778
lncRNA_6387,11262,9,11271,296,0.6239303707748374
lncRNA_7415,11269,1,11270,258,0.6505877564112904
lncRNA_24356,11266,4,11270,266,0.616572584293754
lncRNA_8992,11265,4,11269,262,0.6510565610015713
lncRNA_22878,11267,2,11269,270,0.6269452783856397
lncRNA_2614,11262,4,11266,286,0.6370519038378948
lncRNA_6388,11252,9,11261,296,0.6239875518642976
lncRNA_26456,11258,1,11259,295,0.6223766818191028
lncRNA_11864,11257,2,11259,247,0.655780070356575
lncRNA_2024,11257,1,11258,290,0.6304402989308422
lncRNA_8970,11249,6,11255,265,0.6272307303230961
lncRNA_17509,11251,3,11254,225,0.6117855440801063
lncRNA_17511,11251,3,11254,225,0.6117855440801063
lncRNA_2748,11251,1,11252,246,0.6148612898183544
lncRNA_2749,11251,1,11252,246,0.6148612898183544
lncRNA_2750,11248,1,11249,246,0.6148615234026997
lncRNA_2751,11246,1,11247,244,0.6149860199198373
lncRNA_26870,11243,2,11245,259,0.6206621719178494
lncRNA_4848,11242,3,11245,262,0.6504180878246689
lncRNA_6155,11237,6,11243,273,0.6273358861306799
lncRNA_6154,11237,6,11243,273,0.6273358861306799
lncRNA_6153,11237,6,11243,273,0.6273358861306799
lncRNA_1384,11234,8,11242,268,0.6429357072404436
lncRNA_1386,11232,8,11240,268,0.6428990631749363
lncRNA_26458,11238,1,11239,294,0.6223438571942747
lncRNA_25733,11230,3,11233,258,0.6316910068181391
lncRNA_11680,11228,3,11231,262,0.6503322748465316
lncRNA_26528,11219,4,11223,268,0.6220630971388106
lncRNA_16022,11219,4,11223,278,0.6498866853974204
lncRNA_4869,11218,4,11222,271,0.6512160514227001
lncRNA_2524,11218,4,11222,274,0.6192077269017664
lncRNA_14073,11211,4,11215,265,0.6479118078470504
lncRNA_27648,11203,12,11215,278,0.6673613251936139
lncRNA_261,11202,2,11204,240,0.6546434861546332
lncRNA_13007,11198,4,11202,275,0.633205807193889
lncRNA_5860,11196,5,11201,269,0.640092408288439
lncRNA_10891,11198,2,11200,275,0.6517484848329976
lncRNA_15450,11196,3,11199,255,0.640923079264856
lncRNA_26861,11196,3,11199,252,0.6294067210809515
lncRNA_20837,11193,5,11198,265,0.6296190057221316
lncRNA_31572,11194,2,11196,253,0.63689720756564
lncRNA_18319,11185,10,11195,300,0.6398750471068314
lncRNA_28328,11190,4,11194,231,0.6277141520248147
lncRNA_2782,11190,1,11191,229,0.6356724403561054
lncRNA_4823,11185,3,11188,290,0.6359577520873572
lncRNA_8583,11182,4,11186,266,0.6603027304273151
lncRNA_9549,11178,4,11182,262,0.64539552031419
lncRNA_7523,11169,10,11179,277,0.6404717411973682
lncRNA_9504,11173,5,11178,285,0.6242804771852865
lncRNA_5406,11171,3,11174,242,0.641650182996206
lncRNA_5405,11171,3,11174,242,0.641650182996206
lncRNA_16426,11166,2,11168,233,0.6224748705341047
lncRNA_22587,11151,14,11165,271,0.6477385930478525
lncRNA_4866,11156,8,11164,247,0.6481434031072644
lncRNA_5908,11156,7,11163,261,0.6251671350921381
lncRNA_27357,11160,2,11162,261,0.646117363544553
lncRNA_9891,11159,2,11161,273,0.6335582811089111
lncRNA_20883,11160,1,11161,290,0.6277795420148279
lncRNA_26469,11140,13,11153,294,0.63117573184988
lncRNA_23940,11143,9,11152,263,0.6333023043474475
lncRNA_23722,11145,3,11148,290,0.6409704994251582
lncRNA_4434,11142,5,11147,251,0.6381299992164026
lncRNA_5674,11144,2,11146,278,0.6345004318145869
lncRNA_20121,11144,1,11145,269,0.6178905143644263
lncRNA_726,11142,3,11145,259,0.6307496645041871
lncRNA_6170,11143,0,11143,254,0.6348161652982903
lncRNA_5366,11137,6,11143,264,0.672780685771058
lncRNA_011,11139,3,11142,259,0.630602854394374
lncRNA_28392,11132,7,11139,257,0.6284442946792004
lncRNA_16486,11134,4,11138,286,0.6176782485543257
lncRNA_12270,11132,4,11136,244,0.6572697521399108
lncRNA_28336,11133,3,11136,251,0.6451429665166776
lncRNA_17543,11123,11,11134,241,0.6432827235377688
lncRNA_15006,11116,15,11131,248,0.6460039783902928
lncRNA_19395,11123,2,11125,264,0.6307404157404047
lncRNA_4497,11124,1,11125,264,0.6158690605341373
lncRNA_9613,11120,3,11123,262,0.6344446080482137
lncRNA_9972,11120,3,11123,262,0.6344446080482137
lncRNA_27625,11113,8,11121,302,0.6186936312334456
lncRNA_6395,11112,9,11121,299,0.6221160076725372
lncRNA_23198,11115,4,11119,268,0.6293838860752872
lncRNA_25157,11115,3,11118,267,0.6314441765554628
lncRNA_20224,11114,3,11117,285,0.6251371499648088
lncRNA_20225,11114,3,11117,285,0.6251371499648088
lncRNA_17707,11112,4,11116,276,0.6696140143233708
lncRNA_4877,11113,2,11115,256,0.650717708303226
lncRNA_4327,11102,13,11115,285,0.6349402211270607
lncRNA_21863,11107,6,11113,225,0.655805883890884
lncRNA_972,11103,8,11111,255,0.6575202250857489
lncRNA_11109,11107,2,11109,273,0.6273326791618054
lncRNA_4399,11089,20,11109,258,0.6561918067131283
lncRNA_11040,11105,2,11107,268,0.6413911777236921
lncRNA_5711,11106,1,11107,282,0.6131159494823338
lncRNA_9958,11103,3,11106,278,0.620688823185609
lncRNA_11694,11095,10,11105,267,0.6394554920743997
lncRNA_9321,11098,5,11103,282,0.6397670643021639
lncRNA_13645,11098,3,11101,277,0.6325799074938757
lncRNA_23335,11089,10,11099,269,0.6567206844150133
lncRNA_15684,11095,3,11098,276,0.6466715472047425
lncRNA_11751,11094,0,11094,240,0.6255075503575179
lncRNA_25988,11084,9,11093,267,0.6520870813841072
lncRNA_22039,11087,2,11089,252,0.6460864680319094
lncRNA_28637,11081,8,11089,226,0.6336575426518912
lncRNA_29315,11084,4,11088,259,0.620066352662154
lncRNA_635,11077,10,11087,263,0.6389047831270636
lncRNA_26693,11085,2,11087,256,0.6332605231370608
lncRNA_22585,11081,3,11084,267,0.6239953363901243
lncRNA_8138,11084,0,11084,265,0.6468078388235585
lncRNA_7334,11078,4,11082,268,0.636676903399773
lncRNA_2385,11075,5,11080,251,0.6337424109762987
lncRNA_10698,11075,4,11079,264,0.6562979103165801
lncRNA_26692,11076,2,11078,256,0.6332748504518966
lncRNA_11827,11072,5,11077,267,0.6356916506100893
lncRNA_11824,11072,5,11077,267,0.6356916506100893
lncRNA_11826,11072,5,11077,267,0.6356916506100893
lncRNA_25893,11073,3,11076,280,0.6410264384876636
lncRNA_25989,11064,9,11073,265,0.6520736050896051
lncRNA_20745,11061,11,11072,255,0.6477292089203475
lncRNA_23860,11050,22,11072,279,0.6652154999536687
lncRNA_11643,11069,1,11070,265,0.6318219006775522
lncRNA_31573,11066,2,11068,252,0.6342951232232729
lncRNA_21838,11063,3,11066,278,0.6351649921715744
lncRNA_13650,11050,14,11064,283,0.6564534247099757
lncRNA_19611,11061,3,11064,273,0.6308482763740108
lncRNA_10925,11045,13,11058,275,0.6525714943367779
lncRNA_16004,11051,5,11056,273,0.6434621690952134
lncRNA_26982,11048,8,11056,241,0.6692187483081945
lncRNA_27999,11038,13,11051,273,0.6634090160532414
lncRNA_15280,11036,12,11048,239,0.6443573163627074
lncRNA_20643,11030,16,11046,285,0.6672694123999412
lncRNA_11977,11041,5,11046,262,0.6216910023220457
lncRNA_25282,11041,2,11043,265,0.627353378314009
lncRNA_24355,11036,5,11041,264,0.6136891635088884
lncRNA_20644,11022,16,11038,286,0.6669306766478867
lncRNA_11940,11021,10,11031,235,0.6388840820512243
lncRNA_18607,11025,2,11027,263,0.6194100311622602
lncRNA_723,11021,6,11027,256,0.6564733402278029
lncRNA_12112,11018,8,11026,260,0.667901963167077
lncRNA_14988,11023,3,11026,215,0.6425544921874544
lncRNA_19591,11024,2,11026,261,0.605474420145463
lncRNA_17751,11016,8,11024,285,0.6255626657850141
lncRNA_23244,11020,3,11023,229,0.6506258992571721
lncRNA_15395,11008,15,11023,267,0.653140480713887
lncRNA_10864,11018,3,11021,276,0.6508157917717202
lncRNA_065,11017,3,11020,240,0.6493513590073747
lncRNA_14544,11018,2,11020,263,0.6221063739123758
lncRNA_6219,11012,7,11019,283,0.6151111118545552
lncRNA_23255,11015,3,11018,263,0.6154190176326894
lncRNA_23273,11017,0,11017,236,0.631678953210127
lncRNA_15623,11005,11,11016,244,0.6367314660672313
lncRNA_29317,11010,4,11014,258,0.6240467010381345
lncRNA_2244,11005,8,11013,263,0.6472783228531231
lncRNA_16691,11003,9,11012,260,0.6657862167907983
lncRNA_4850,11008,2,11010,238,0.6403970246289449
lncRNA_26695,11008,2,11010,253,0.6323320722263335
lncRNA_5375,11007,1,11008,255,0.6414889002181453
lncRNA_8976,10997,11,11008,236,0.6574592040459627
lncRNA_4702,11005,2,11007,264,0.625413335418754
lncRNA_6864,11004,3,11007,282,0.6411896539263531
lncRNA_5688,11004,2,11006,285,0.6149122937301159
lncRNA_24156,10999,5,11004,250,0.648798390225169
lncRNA_5847,11002,2,11004,289,0.6224079495941056
lncRNA_6080,10997,5,11002,225,0.6405218812759925
lncRNA_23318,10997,3,11000,283,0.6259970748136533
lncRNA_30365,10996,3,10999,246,0.6508478826140197
lncRNA_18959,10996,1,10997,264,0.6232942327821882
lncRNA_3220,10988,2,10990,283,0.6476452831024425
lncRNA_3068,10989,0,10989,261,0.6270650592932573
lncRNA_15453,10978,7,10985,272,0.6501211968533871
lncRNA_17224,10975,9,10984,227,0.6072651214744326
lncRNA_17223,10975,9,10984,227,0.6072651214744326
lncRNA_17221,10975,9,10984,227,0.6072651214744326
lncRNA_26810,10982,1,10983,256,0.6434235149975539
lncRNA_25645,10977,4,10981,249,0.646683801434306
lncRNA_25819,10977,4,10981,241,0.6238624954162294
lncRNA_11892,10975,3,10978,263,0.6324360190296864
lncRNA_17513,10972,4,10976,230,0.6116614943142017
lncRNA_10365,10956,19,10975,246,0.647231141396475
lncRNA_5401,10965,9,10974,282,0.6280484749997646
lncRNA_1784,10970,2,10972,283,0.6311825612505995
lncRNA_19898,10970,1,10971,277,0.6223838853665153
lncRNA_27581,10963,5,10968,248,0.6483334391154314
lncRNA_3070,10957,6,10963,229,0.6135808325213622
lncRNA_11743,10960,2,10962,261,0.6459924243980105
lncRNA_24256,10956,6,10962,258,0.6497568011330359
lncRNA_27888,10959,2,10961,243,0.6420676892231081
lncRNA_3848,10959,2,10961,262,0.6329076255242159
lncRNA_17510,10957,3,10960,227,0.6094290964668967
lncRNA_2103,10954,1,10955,240,0.6093952076269625
lncRNA_20939,10930,24,10954,281,0.6593305994375676
lncRNA_2104,10953,1,10954,240,0.6094023104878463
lncRNA_17512,10950,3,10953,227,0.6095363254908496
lncRNA_10711,10946,6,10952,274,0.6464599339261246
lncRNA_16915,10945,3,10948,238,0.6168117789552735
lncRNA_14456,10944,1,10945,256,0.6324260919400729
lncRNA_2658,10932,10,10942,241,0.6340254708912645
lncRNA_10738,10939,1,10940,252,0.6420098536610095
lncRNA_8977,10926,11,10937,232,0.6566372677311294
lncRNA_15660,10927,1,10928,220,0.6453743522862737
lncRNA_5402,10920,8,10928,281,0.628531313570247
lncRNA_7476,10924,3,10927,273,0.6170806612037089
lncRNA_23321,10924,3,10927,282,0.6250747020528428
lncRNA_6152,10917,6,10923,269,0.6229743724676141
lncRNA_1360,10913,9,10922,265,0.6383159796151766
lncRNA_11718,10920,2,10922,252,0.6259614699486197
lncRNA_29744,10910,11,10921,276,0.6377562322178709
lncRNA_29576,10908,12,10920,284,0.6409170858313211
lncRNA_8975,10908,11,10919,237,0.6519435086760332
lncRNA_11041,10916,1,10917,263,0.6354106541130932
lncRNA_23319,10914,3,10917,281,0.6250805776853121
lncRNA_26811,10911,1,10912,255,0.6421655230991212
lncRNA_16635,10895,16,10911,237,0.6628088002223894
lncRNA_8220,10907,2,10909,274,0.6484974524549523
lncRNA_1616,10904,3,10907,269,0.6501368973922816
lncRNA_4135,10904,2,10906,230,0.63653856006262
lncRNA_4134,10902,2,10904,231,0.6367928119001511
lncRNA_23268,10899,2,10901,218,0.6191805015019533
lncRNA_6204,10897,3,10900,256,0.6116315897611476
lncRNA_2630,10895,4,10899,249,0.6292775381187494
lncRNA_5849,10891,2,10893,286,0.6197487988910486
lncRNA_8353,10886,7,10893,266,0.6245792308873339
lncRNA_16911,10888,3,10891,238,0.6154127727148954
lncRNA_4435,10881,5,10886,252,0.6361267872920419
lncRNA_28657,10879,2,10881,268,0.6125061857213416
lncRNA_27541,10867,14,10881,268,0.6639411523387181
lncRNA_16641,10872,7,10879,246,0.6306153919877312
lncRNA_2129,10873,2,10875,267,0.6163402108450079
lncRNA_26414,10865,3,10868,285,0.6172391750850565
lncRNA_19891,10844,24,10868,249,0.6614226691616506
lncRNA_27649,10850,13,10863,268,0.6648462969877769
lncRNA_6463,10843,12,10855,250,0.6383444744437494
lncRNA_9749,10851,3,10854,257,0.6270871481465246
lncRNA_4555,10852,1,10853,279,0.6243555365759826
lncRNA_16372,10842,7,10849,248,0.648299465720216
lncRNA_21839,10843,2,10845,234,0.6435064184476129
lncRNA_21840,10843,2,10845,234,0.6435064184476129
lncRNA_19409,10840,4,10844,234,0.6397094888779036
lncRNA_24277,10836,4,10840,238,0.6189549314506103
lncRNA_9968,10836,3,10839,271,0.6416351011145197
lncRNA_23412,10828,9,10837,274,0.6404804416875636
lncRNA_23965,10820,15,10835,234,0.6317299861975745
lncRNA_7012,10818,8,10826,282,0.6466276584403449
lncRNA_20841,10824,2,10826,234,0.6545671317113504
lncRNA_26423,10821,5,10826,280,0.6185871234718894
lncRNA_29938,10819,4,10823,268,0.6111707090194505
lncRNA_16305,10817,4,10821,246,0.6258275520033634
lncRNA_23496,10812,8,10820,266,0.6440956789792135
lncRNA_26508,10814,4,10818,253,0.6181152306644039
lncRNA_17397,10809,9,10818,265,0.6283767236904214
lncRNA_31805,10817,1,10818,255,0.6363943705499775
lncRNA_31806,10817,1,10818,255,0.6363943705499775
lncRNA_20151,10811,5,10816,271,0.6502906183724739
lncRNA_27569,10811,2,10813,283,0.6299434194383647
lncRNA_18211,10786,27,10813,237,0.6520789516896294
lncRNA_20900,10811,1,10812,262,0.6208474904762219
lncRNA_27310,10811,1,10812,256,0.6143222402536778
lncRNA_23966,10793,16,10809,233,0.6311289702108474
lncRNA_8231,10805,1,10806,258,0.6118619571995373
lncRNA_24134,10805,0,10805,261,0.6314944934396042
lncRNA_6366,10801,1,10802,281,0.6225174062430372
lncRNA_16078,10797,4,10801,275,0.6451979672088078
lncRNA_12561,10800,1,10801,271,0.6285780648888754
lncRNA_16458,10798,2,10800,264,0.6281568624146843
lncRNA_7520,10792,7,10799,280,0.62548071135963
lncRNA_17306,10785,14,10799,277,0.6414807980708418
lncRNA_17134,10781,13,10794,248,0.6182934206427471
lncRNA_24406,10793,0,10793,253,0.6317334255516415
lncRNA_1392,10781,10,10791,261,0.6345145876123226
lncRNA_20901,10788,1,10789,263,0.6204113543377334
lncRNA_2067,10780,8,10788,242,0.6329337206008162
lncRNA_17214,10781,7,10788,224,0.6033901015516745
lncRNA_17212,10781,7,10788,224,0.6033901015516745
lncRNA_17400,10779,8,10787,264,0.6272046664901189
lncRNA_26507,10781,4,10785,251,0.6177161415250462
lncRNA_2068,10777,8,10785,242,0.6329597948341413
lncRNA_30607,10780,2,10782,228,0.6364523533506511
lncRNA_17396,10767,9,10776,263,0.6284824245667874
lncRNA_4849,10774,2,10776,233,0.6320158196718615
lncRNA_18205,10771,3,10774,214,0.6234479973835467
lncRNA_18609,10773,1,10774,250,0.6170604596436996
lncRNA_23752,10770,3,10773,268,0.6520363283140974
lncRNA_27623,10756,16,10772,291,0.6312375723660506
lncRNA_8595,10758,13,10771,219,0.6330110467505722
lncRNA_29513,10768,2,10770,257,0.6397214829050526
lncRNA_6209,10750,16,10766,273,0.6120490725024723
lncRNA_10790,10764,1,10765,259,0.6235443873096356
lncRNA_20886,10765,0,10765,230,0.6284429522092146
lncRNA_10792,10764,1,10765,259,0.6235443873096356
lncRNA_12132,10760,2,10762,231,0.6285561457679774
lncRNA_20247,10758,3,10761,266,0.6445328318092141
lncRNA_14942,10758,2,10760,253,0.6122060306277233
lncRNA_4123,10748,11,10759,266,0.6447869224811855
lncRNA_5381,10747,10,10757,258,0.6518223807293068
lncRNA_25263,10753,4,10757,251,0.6333667012478689
lncRNA_4436,10751,3,10754,246,0.6328368807294589
lncRNA_14851,10751,3,10754,250,0.6208201346691768
lncRNA_26452,10751,2,10753,281,0.6156179340433503
lncRNA_1361,10744,9,10753,261,0.6357524990456529
lncRNA_22116,10748,5,10753,246,0.6360235155706827
lncRNA_23199,10750,3,10753,246,0.6284844678552141
lncRNA_1393,10736,10,10746,256,0.6336831762052757
lncRNA_26468,10732,13,10745,294,0.6165979065279018
lncRNA_9585,10739,5,10744,270,0.642886196190409
lncRNA_21600,10731,13,10744,273,0.6547739177356982
lncRNA_26420,10739,2,10741,264,0.6170296296029563
lncRNA_21883,10739,2,10741,241,0.6061659027100482
lncRNA_9947,10736,2,10738,272,0.6144103942046958
lncRNA_5569,10732,3,10735,244,0.6385129282309766
lncRNA_27616,10718,17,10735,292,0.6303565826857477
lncRNA_2542,10729,4,10733,246,0.6400862835069413
lncRNA_3897,10726,6,10732,282,0.6440723639170471
lncRNA_5848,10726,4,10730,288,0.6189957711853988
lncRNA_9710,10725,4,10729,253,0.6428455969189845
lncRNA_27626,10711,16,10727,291,0.6302346816398696
lncRNA_22183,10717,9,10726,265,0.6198530707610097
lncRNA_14947,10720,4,10724,252,0.6058181133899306
lncRNA_17715,10719,3,10722,217,0.6322287489912674
lncRNA_26036,10717,4,10721,254,0.6270228398738921
lncRNA_24230,10718,2,10720,267,0.6148539357265488
lncRNA_20167,10709,7,10716,276,0.6142908155022717
lncRNA_17401,10708,7,10715,251,0.6249079618360917
lncRNA_7496,10708,1,10709,273,0.6253268184979176
lncRNA_26809,10708,1,10709,251,0.638201152551949
lncRNA_1050,10703,5,10708,282,0.6172294731965059
lncRNA_960,10705,3,10708,264,0.6263076920527961
lncRNA_26099,10700,5,10705,236,0.6246989840061448
lncRNA_29364,10701,4,10705,264,0.6182480320933715
lncRNA_634,10692,11,10703,258,0.6346116960884538
lncRNA_20607,10699,3,10702,262,0.6369905555414437
lncRNA_4133,10699,2,10701,224,0.6338164014129738
lncRNA_26467,10688,13,10701,293,0.6161534589062698
lncRNA_4675,10697,1,10698,261,0.6303482915389014
lncRNA_21422,10693,2,10695,212,0.6273202891292072
lncRNA_241,10690,3,10693,243,0.6367023731696008
lncRNA_10899,10685,7,10692,262,0.6186076256199439
lncRNA_20897,10690,1,10691,246,0.6227775932318215
lncRNA_22117,10685,4,10689,237,0.6366545635065317
lncRNA_19274,10688,1,10689,265,0.6210903820415441
lncRNA_9826,10685,2,10687,216,0.627737356081927
lncRNA_23755,10682,4,10686,272,0.6341988288439584
lncRNA_26299,10684,2,10686,250,0.6332532484866783
lncRNA_26421,10676,6,10682,275,0.6169662880454214
lncRNA_3203,10677,0,10677,235,0.6398260152233396
lncRNA_20954,10661,13,10674,256,0.6451353867901708
lncRNA_2701,10667,6,10673,257,0.6271527639035426
lncRNA_16913,10665,3,10668,230,0.6162978256333406
lncRNA_30953,10658,10,10668,240,0.6470582387935212
lncRNA_20168,10660,7,10667,274,0.6137123891276483
lncRNA_31922,10662,3,10665,253,0.6165052281751859
lncRNA_18251,10663,1,10664,231,0.6215269121852899
lncRNA_16284,10657,7,10664,250,0.6272591244951924
lncRNA_8725,10660,4,10664,236,0.620093289158646
lncRNA_5382,10655,9,10664,259,0.652562281361271
lncRNA_20610,10662,1,10663,240,0.6366589972543665
lncRNA_31921,10657,3,10660,254,0.6173805190225894
lncRNA_20569,10658,1,10659,274,0.6308111131880378
lncRNA_18106,10657,2,10659,245,0.6363778121463283
lncRNA_20134,10652,5,10657,252,0.6178356141938413
lncRNA_1886,10644,8,10652,239,0.6083926798027203
lncRNA_29405,10646,5,10651,269,0.6631594470846678
lncRNA_5383,10641,9,10650,257,0.6524382543546414
lncRNA_18695,10646,3,10649,255,0.6372130345108998
lncRNA_20169,10643,4,10647,272,0.6194067112853694
lncRNA_17307,10644,3,10647,236,0.6598158052420796
lncRNA_5378,10632,10,10642,257,0.650093455509006
lncRNA_5379,10632,10,10642,257,0.650093455509006
lncRNA_20884,10641,1,10642,285,0.6211139000493501
lncRNA_5380,10632,10,10642,257,0.650093455509006
lncRNA_20885,10641,1,10642,285,0.6211139000493501
lncRNA_26527,10640,1,10641,258,0.6115230307005973
lncRNA_3996,10636,4,10640,244,0.6385035047680813
lncRNA_25825,10631,7,10638,253,0.6534599157861923
lncRNA_13647,10634,1,10635,267,0.6085742037646256
lncRNA_3223,10632,1,10633,256,0.6409463248500125
lncRNA_10728,10627,5,10632,270,0.6450725743674688
lncRNA_5580,10631,1,10632,257,0.6434772798731956
lncRNA_16494,10625,4,10629,248,0.6144565497673854
lncRNA_18916,10622,1,10623,272,0.6216503538636808
lncRNA_28259,10619,0,10619,233,0.6061544168470413
lncRNA_13006,10613,5,10618,274,0.6412549158701224
lncRNA_7529,10607,10,10617,271,0.6577371382565206
lncRNA_20896,10615,2,10617,245,0.613357135245015
lncRNA_15695,10617,0,10617,268,0.6374466629091992
lncRNA_7528,10607,10,10617,271,0.6577371382565206
lncRNA_7527,10607,10,10617,271,0.6577371382565206
lncRNA_7525,10607,10,10617,271,0.6577371382565206
lncRNA_7530,10607,10,10617,271,0.6577371382565206
lncRNA_7524,10607,10,10617,271,0.6577371382565206
lncRNA_26529,10611,3,10614,253,0.6115826724350131
lncRNA_22666,10608,4,10612,270,0.6354864525761793
lncRNA_23474,10607,2,10609,208,0.6165257688784473
lncRNA_2488,10600,8,10608,251,0.6313695763445324
lncRNA_2490,10600,8,10608,251,0.6313695763445324
lncRNA_2489,10600,8,10608,251,0.6313695763445324
lncRNA_16493,10602,4,10606,247,0.6142800543690204
lncRNA_18480,10599,1,10600,280,0.606886562097519
lncRNA_26746,10596,1,10597,268,0.60860373798052
lncRNA_27671,10595,1,10596,209,0.6332732650693436
lncRNA_25272,10589,4,10593,268,0.6305822102374031
lncRNA_20201,10585,6,10591,282,0.6321831743899334
lncRNA_5385,10578,9,10587,255,0.6525581943991569
lncRNA_26954,10579,7,10586,223,0.6420984474043349
lncRNA_7499,10584,2,10586,252,0.6257406509871251
lncRNA_26955,10579,7,10586,223,0.6420984474043349
lncRNA_23482,10583,2,10585,276,0.620706106653741
lncRNA_31919,10578,3,10581,250,0.6143729682549309
lncRNA_6719,10569,11,10580,237,0.6354651768233583
lncRNA_5821,10574,5,10579,244,0.6341833150767155
lncRNA_27448,10564,7,10571,262,0.6262512693996277
lncRNA_6027,10554,16,10570,274,0.6677760438693279
lncRNA_1387,10558,11,10569,257,0.6325528815980532
lncRNA_14638,10558,8,10566,217,0.6240389280439621
lncRNA_28301,10555,9,10564,280,0.6462449648911276
lncRNA_7526,10554,9,10563,271,0.6562663983678941
lncRNA_25225,10557,6,10563,223,0.6215683432679053
lncRNA_28636,10552,11,10563,214,0.6263694898871747
lncRNA_4820,10560,2,10562,269,0.6230790280217502
lncRNA_15604,10553,5,10558,270,0.6228075759199397
lncRNA_845,10553,4,10557,261,0.6264364920926806
lncRNA_1395,10545,10,10555,253,0.6302371464672336
lncRNA_16080,10547,7,10554,262,0.6449885931835934
lncRNA_1232,10549,5,10554,237,0.6072100474518463
lncRNA_28205,10552,2,10554,236,0.6237457854156462
lncRNA_18541,10553,1,10554,266,0.6114331621162813
lncRNA_26669,10546,6,10552,239,0.6388538820352746
lncRNA_23402,10546,3,10549,235,0.6306995232521045
lncRNA_22199,10545,2,10547,236,0.6340738222709189
lncRNA_16079,10537,7,10544,262,0.6445417015936025
lncRNA_19594,10535,2,10537,258,0.644265589360179
lncRNA_27348,10528,8,10536,259,0.6339931546024321
lncRNA_25788,10522,13,10535,233,0.6437044053734806
lncRNA_10791,10533,2,10535,257,0.6180017873533739
lncRNA_30224,10531,1,10532,240,0.623007954855328
lncRNA_22497,10528,3,10531,276,0.6103846742133568
lncRNA_27628,10513,18,10531,288,0.625736262240511
lncRNA_5384,10518,9,10527,255,0.6475859722731828
lncRNA_30225,10523,1,10524,240,0.6230600381006202
lncRNA_14118,10521,1,10522,232,0.6083894575861398
lncRNA_6361,10514,3,10517,278,0.622798768436547
lncRNA_18581,10512,2,10514,255,0.618989589726642
lncRNA_22875,10510,4,10514,265,0.6135216324977718
lncRNA_776,10510,1,10511,277,0.6151496393158672
lncRNA_11994,10508,3,10511,251,0.6455821965969283
lncRNA_18399,10505,1,10506,262,0.6184406625571515
lncRNA_21339,10504,1,10505,270,0.6159046737357752
lncRNA_21340,10504,1,10505,270,0.6159046737357752
lncRNA_11992,10502,3,10505,251,0.6451945143457428
lncRNA_11987,10500,2,10502,250,0.6281347500429868
lncRNA_18573,10500,2,10502,267,0.6179965864976011
lncRNA_18608,10499,1,10500,246,0.6119477614959599
lncRNA_426,10494,6,10500,274,0.6258871425639735
lncRNA_11689,10496,3,10499,277,0.6105130782011076
lncRNA_530,10492,3,10495,230,0.624773870961392
lncRNA_351,10493,2,10495,239,0.6283625974111803
lncRNA_28839,10493,2,10495,258,0.6092881721660104
lncRNA_425,10485,6,10491,273,0.6242718333702341
lncRNA_423,10485,6,10491,273,0.6242718333702341
lncRNA_13649,10478,11,10489,265,0.646291137982065
lncRNA_7475,10483,3,10486,254,0.612629746105545
lncRNA_17135,10476,10,10486,241,0.6121081148393739
lncRNA_22571,10479,5,10484,258,0.620949362164501
lncRNA_2084,10480,3,10483,242,0.6274624569392777
lncRNA_5835,10478,2,10480,278,0.6216584194513279
lncRNA_5836,10478,2,10480,278,0.6216584194513279
lncRNA_10798,10476,2,10478,254,0.6367218272786087
lncRNA_2023,10476,1,10477,276,0.6214088401208492
lncRNA_17515,10474,3,10477,219,0.6017487280545313
lncRNA_25226,10470,6,10476,222,0.6213745750660908
lncRNA_4851,10473,2,10475,220,0.6263300876278967
lncRNA_3847,10469,1,10470,243,0.6079860346153428
lncRNA_14419,10468,1,10469,265,0.6171671065191515
lncRNA_28865,10468,0,10468,257,0.614628986097973
lncRNA_26515,10464,0,10464,264,0.6139015038523702
lncRNA_1332,10460,3,10463,260,0.6144749509063621
lncRNA_26516,10463,0,10463,264,0.6138315729082218
lncRNA_25961,10458,4,10462,255,0.6257199547611285
lncRNA_3846,10461,1,10462,243,0.6081711625931085
lncRNA_14410,10459,3,10462,256,0.6075270694819168
lncRNA_3845,10461,1,10462,243,0.6081711625931085
lncRNA_3844,10461,1,10462,243,0.6081711625931085
lncRNA_1223,10441,20,10461,243,0.6420064753139489
lncRNA_16912,10458,3,10461,232,0.6088545481392489
lncRNA_10788,10458,2,10460,255,0.6172247435812047
lncRNA_20758,10458,2,10460,263,0.6341784275880065
lncRNA_7123,10453,7,10460,266,0.6290998771268165
lncRNA_23494,10451,8,10459,261,0.6383994489900451
lncRNA_8744,10457,1,10458,244,0.6155991861563843
lncRNA_19006,10447,9,10456,266,0.6566130215345248
lncRNA_27864,10443,11,10454,276,0.6535180876415715
lncRNA_29374,10434,19,10453,265,0.6403696573468749
lncRNA_4137,10452,1,10453,220,0.6336501139642693
lncRNA_12194,10450,2,10452,276,0.6151420323251775
lncRNA_24176,10435,16,10451,231,0.6442612026981174
lncRNA_23296,10444,5,10449,273,0.6274511461481672
lncRNA_24482,10441,3,10444,268,0.6110654823739412
lncRNA_010,10440,2,10442,252,0.6361293717337052
lncRNA_14106,10435,6,10441,231,0.6383301348746703
lncRNA_27467,10434,3,10437,252,0.6224262478362664
lncRNA_10737,10432,2,10434,227,0.6436934334042728
lncRNA_7106,10421,13,10434,279,0.6102253962075774
lncRNA_14451,10424,6,10430,255,0.6125679293898413
lncRNA_11740,10422,7,10429,255,0.6588515125819089
lncRNA_5635,10418,7,10425,266,0.6171403779609724
lncRNA_9726,10422,2,10424,189,0.6259269975667682
lncRNA_22572,10417,5,10422,258,0.6201843247320554
lncRNA_27852,10417,3,10420,253,0.603904537347391
lncRNA_8741,10418,1,10419,281,0.6139882525836
lncRNA_29498,10418,1,10419,246,0.5998915562324244
lncRNA_15207,10418,1,10419,254,0.6243478507226677
lncRNA_11935,10412,6,10418,264,0.6350755249787967
lncRNA_25870,10408,8,10416,223,0.6638085023499203
lncRNA_4731,10412,2,10414,258,0.6261773621507577
lncRNA_11749,10410,3,10413,249,0.6275340642626368
lncRNA_279,10400,10,10410,250,0.6148654829231258
lncRNA_29499,10408,1,10409,244,0.5999308179651416
lncRNA_26310,10399,8,10407,279,0.6435647736084775
lncRNA_26492,10396,7,10403,263,0.6069705930938248
lncRNA_794,10399,1,10400,265,0.6095521640015159
lncRNA_7183,10400,0,10400,236,0.6212160480437819
lncRNA_6069,10400,0,10400,256,0.6270008973797386
lncRNA_25871,10389,8,10397,223,0.6635922756566401
lncRNA_792,10396,1,10397,266,0.6094750712003478
lncRNA_793,10396,1,10397,266,0.6094750712003478
lncRNA_17078,10385,7,10392,236,0.6245994698707236
lncRNA_21413,10372,19,10391,267,0.6566375640676123
lncRNA_14518,10383,7,10390,245,0.6398231571502432
lncRNA_24243,10382,3,10385,260,0.624396415031965
lncRNA_7522,10379,6,10385,274,0.621017309911004
lncRNA_784,10382,2,10384,217,0.6111004703447958
lncRNA_5924,10383,1,10384,222,0.6282878381386187
lncRNA_9912,10381,3,10384,267,0.6229213180456757
lncRNA_2138,10382,1,10383,244,0.6207510410551278
lncRNA_27622,10364,18,10382,284,0.6258603522273778
lncRNA_785,10379,2,10381,217,0.611015707332602
lncRNA_10735,10376,5,10381,256,0.627355339569631
lncRNA_10548,10377,3,10380,230,0.624260804549019
lncRNA_23478,10376,3,10379,227,0.6340420246691132
lncRNA_22573,10369,9,10378,258,0.6238237331856753
lncRNA_15028,10373,4,10377,228,0.6292013898794542
lncRNA_14260,10368,4,10372,258,0.6065348888380011
lncRNA_15263,10372,0,10372,236,0.6139568836566015
lncRNA_13445,10365,5,10370,253,0.6365484536088337
lncRNA_27621,10351,18,10369,283,0.6256505210481853
lncRNA_26430,10367,2,10369,251,0.6014424059047679
lncRNA_19127,10365,1,10366,269,0.6069885066708399
lncRNA_19204,10363,1,10364,266,0.6177776240874635
lncRNA_22874,10357,6,10363,266,0.6082443851895574
lncRNA_29281,10357,4,10361,265,0.6140002006765436
lncRNA_21605,10354,5,10359,250,0.6463572420350165
lncRNA_3052,10353,6,10359,241,0.6208646680365444
lncRNA_14259,10353,4,10357,258,0.6065346057296793
lncRNA_30226,10355,1,10356,236,0.6224074252078008
lncRNA_7340,10334,19,10353,244,0.6052336521119948
lncRNA_21606,10348,5,10353,250,0.6461729723085311
lncRNA_18441,10337,15,10352,224,0.6393876943109766
lncRNA_16023,10347,3,10350,266,0.6355548339439377
lncRNA_23092,10345,4,10349,234,0.6119417412847649
lncRNA_8302,10338,10,10348,290,0.6398773430260022
lncRNA_24490,10343,4,10347,252,0.638515267914654
lncRNA_26868,10344,2,10346,241,0.606293495006172
lncRNA_26871,10344,2,10346,241,0.606293495006172
lncRNA_28360,10335,6,10341,273,0.6327956517909571
lncRNA_19923,10338,2,10340,237,0.6106729891681588
lncRNA_10528,10338,2,10340,220,0.6428755409318838
lncRNA_4821,10335,2,10337,266,0.6285542941507793
lncRNA_27632,10319,17,10336,282,0.6205810446204045
lncRNA_15523,10330,5,10335,235,0.6491592191062904
lncRNA_29389,10317,16,10333,258,0.6378008990239596
lncRNA_22909,10329,2,10331,249,0.6109182170754539
lncRNA_26855,10313,12,10325,261,0.6062352902911147
lncRNA_9394,10314,11,10325,215,0.6235974579387871
lncRNA_22913,10320,5,10325,259,0.6058398081603369
lncRNA_19128,10311,9,10320,230,0.6514314462778348
lncRNA_2901,10317,0,10317,224,0.6177937315809304
lncRNA_30227,10312,1,10313,239,0.6247259182621403
lncRNA_5365,10309,1,10310,237,0.6515121912163324
lncRNA_11993,10307,3,10310,246,0.6429734159216973
lncRNA_10962,10306,3,10309,222,0.642269335442147
lncRNA_29061,10308,1,10309,255,0.6113807604107856
lncRNA_691,10304,4,10308,226,0.606065294569807
lncRNA_25227,10302,6,10308,218,0.6197513595436027
lncRNA_27296,10306,2,10308,252,0.6095175027765137
lncRNA_5364,10305,1,10306,237,0.6515310431932664
lncRNA_21302,10302,4,10306,250,0.6510718427717447
lncRNA_23364,10303,2,10305,246,0.6087232215339327
lncRNA_009,10282,23,10305,248,0.640107175356291
lncRNA_5363,10303,1,10304,237,0.6516145656032478
lncRNA_3149,10296,8,10304,251,0.6255281568787957
lncRNA_19612,10298,3,10301,252,0.6016744799959536
lncRNA_9612,10294,4,10298,256,0.6222862433618499
lncRNA_14885,10294,2,10296,245,0.6331751316108142
lncRNA_19212,10290,5,10295,248,0.6191768313593228
lncRNA_15257,10287,8,10295,213,0.6416838207000748
lncRNA_24199,10284,10,10294,251,0.6126835078762828
lncRNA_18548,10286,7,10293,249,0.6331540807219844
lncRNA_26442,10272,18,10290,270,0.6084333111286094
lncRNA_9931,10284,4,10288,269,0.6230522924754812
lncRNA_12063,10283,3,10286,244,0.6404798031173181
lncRNA_16208,10280,6,10286,244,0.6252687607869434
lncRNA_17318,10274,9,10283,245,0.6390064852356132
lncRNA_4852,10280,1,10281,212,0.6232624287225123
lncRNA_2250,10279,0,10279,224,0.6094975618289616
lncRNA_12088,10277,2,10279,262,0.6046852738980518
lncRNA_12232,10273,5,10278,232,0.6175862705279523
lncRNA_25950,10260,17,10277,260,0.6480810888935826
lncRNA_2136,10274,1,10275,242,0.6188972619079792
lncRNA_14545,10273,2,10275,250,0.6114713595925163
lncRNA_17405,10269,5,10274,248,0.6168339846537365
lncRNA_2132,10273,1,10274,242,0.618898913442965
lncRNA_16209,10267,6,10273,244,0.6251525572259241
lncRNA_25228,10266,6,10272,218,0.6189759758620629
lncRNA_14775,10271,1,10272,270,0.6075559630336949
lncRNA_3928,10267,4,10271,241,0.61413653690984
lncRNA_20106,10267,4,10271,269,0.6156697786052231
lncRNA_1318,10266,5,10271,262,0.6065482081581403
lncRNA_19747,10268,2,10270,249,0.6289302320312153
lncRNA_795,10269,1,10270,265,0.608013140590378
lncRNA_16765,10267,1,10268,239,0.6187667855797769
lncRNA_27620,10250,18,10268,282,0.624573482936752
lncRNA_15702,10265,2,10267,208,0.6292677396126796
lncRNA_28442,10262,3,10265,225,0.6539165847601879
lncRNA_1380,10250,1,10251,254,0.6117078187541235
lncRNA_21604,10246,5,10251,245,0.6448276622058818
lncRNA_14472,10247,3,10250,250,0.6107526525282551
lncRNA_19405,10241,8,10249,225,0.6303713269482628
lncRNA_29316,10238,4,10242,240,0.6158502655741225
lncRNA_21615,10232,8,10240,228,0.6321368977068487
lncRNA_7107,10229,9,10238,265,0.6116952709809165
lncRNA_11913,10212,24,10236,236,0.6411178921418998
lncRNA_847,10232,3,10235,218,0.6427532523925739
lncRNA_19382,10231,2,10233,243,0.6086779542792092
lncRNA_16914,10229,4,10233,221,0.6061745428421677
lncRNA_27631,10212,20,10232,282,0.6221808447739074
lncRNA_1098,10222,9,10231,235,0.6255782764181657
lncRNA_9952,10226,4,10230,247,0.6132981534521987
lncRNA_024,10225,3,10228,235,0.6284951791959638
lncRNA_10701,10225,2,10227,263,0.6253450561150738
lncRNA_24291,10215,12,10227,277,0.6392839393192834
lncRNA_23363,10225,2,10227,249,0.607646362980563
lncRNA_28230,10216,7,10223,239,0.6237117187047505
lncRNA_29659,10213,9,10222,211,0.6334571152777664
lncRNA_29660,10213,9,10222,211,0.6334571152777664
lncRNA_8772,10201,17,10218,196,0.6174223695786095
lncRNA_4929,10214,3,10217,188,0.6286687832623356
lncRNA_22908,10213,2,10215,248,0.609403889931571
lncRNA_16060,10204,11,10215,226,0.6483380529947498
lncRNA_15624,10207,6,10213,209,0.6185490986397076
lncRNA_608,10208,1,10209,199,0.6174456519965684
lncRNA_18610,10206,1,10207,237,0.6079620695613691
lncRNA_7521,10199,7,10206,260,0.6230273530841918
lncRNA_7122,10199,7,10206,260,0.6230273530841918
lncRNA_18407,10190,15,10205,232,0.6213858043490924
lncRNA_29546,10201,3,10204,258,0.6193352256991853
lncRNA_18232,10201,2,10203,243,0.6022924987739521
lncRNA_1135,10195,5,10200,240,0.6236536095802034
lncRNA_6093,10199,0,10199,225,0.6250998860810191
lncRNA_16244,10191,8,10199,271,0.6255148527529542
lncRNA_23685,10171,26,10197,267,0.6421912799349841
lncRNA_1389,10196,1,10197,251,0.61041156511279
lncRNA_25273,10191,5,10196,252,0.6255866743188627
lncRNA_29686,10183,11,10194,235,0.6340380559351544
lncRNA_15332,10190,1,10191,224,0.623725292568944
lncRNA_14744,10188,1,10189,236,0.6219187330359222
lncRNA_29680,10174,15,10189,230,0.6368439488215065
lncRNA_29679,10172,15,10187,230,0.6368988763099741
lncRNA_29678,10172,15,10187,230,0.6368988763099741
lncRNA_7497,10174,13,10187,273,0.6073798689717425
lncRNA_16452,10184,2,10186,240,0.5998507963477435
lncRNA_16066,10178,6,10184,280,0.603904812500118
lncRNA_17507,10177,2,10179,207,0.6008038525666138
lncRNA_6919,10172,2,10174,198,0.6114727932999867
lncRNA_18398,10170,2,10172,215,0.6108687393108735
lncRNA_26683,10168,3,10171,260,0.6167628948778243
lncRNA_2122,10168,0,10168,242,0.6141927207020605
lncRNA_21013,10158,3,10161,246,0.6339583748071047
lncRNA_27619,10136,18,10154,279,0.6228422669363897
lncRNA_21986,10143,8,10151,262,0.6192795144674861
lncRNA_31481,10150,1,10151,241,0.6070993243040961
lncRNA_6135,10147,4,10151,260,0.6332270492452008
lncRNA_11733,10145,1,10146,242,0.6112190763946771
lncRNA_2116,10143,3,10146,252,0.6128284791693848
lncRNA_1362,10134,11,10145,251,0.6270823851908542
lncRNA_28969,10136,8,10144,254,0.6143073109717252
lncRNA_2121,10139,1,10140,241,0.6133130603880084
lncRNA_1374,10137,2,10139,252,0.6103704965043383
lncRNA_2470,10128,9,10137,215,0.6397291226225973
lncRNA_21312,10133,3,10136,221,0.616219077270401
lncRNA_31925,10131,3,10134,238,0.6082668733022268
lncRNA_22170,10130,3,10133,269,0.6274184158482108
lncRNA_5687,10128,5,10133,260,0.605185325395762
lncRNA_6386,10126,5,10131,280,0.6101503637841498
lncRNA_22576,10121,10,10131,256,0.6176647690872938
lncRNA_29298,10129,1,10130,251,0.6051971280733653
lncRNA_29681,10115,15,10130,231,0.6360276183192107
lncRNA_16338,10122,5,10127,219,0.6225783538523159
lncRNA_14453,10118,6,10124,250,0.6055940359952094
lncRNA_22746,10123,1,10124,244,0.6205337023603195
lncRNA_5672,10117,4,10121,246,0.6586666729550418
lncRNA_24276,10112,6,10118,249,0.5953251892436051
lncRNA_14745,10115,1,10116,231,0.6204983317253392
lncRNA_15596,10107,7,10114,265,0.6414712263595532
lncRNA_21603,10105,5,10110,242,0.6428509064832739
lncRNA_29585,10104,4,10108,244,0.6238845325403167
lncRNA_28873,10105,1,10106,240,0.6147561919788327
lncRNA_23410,10096,9,10105,264,0.6318890170587315
lncRNA_14454,10099,6,10105,248,0.605154778882077
lncRNA_14136,10093,9,10102,264,0.6424814333097854
lncRNA_23196,10095,3,10098,266,0.6187396515311748
lncRNA_23272,10093,4,10097,219,0.6287628847944189
lncRNA_19837,10085,11,10096,257,0.6158291585746224
lncRNA_23411,10084,9,10093,266,0.6322776063500042
lncRNA_23413,10084,9,10093,266,0.6322776063500042
lncRNA_21602,10088,5,10093,242,0.6426397947909882
lncRNA_22720,10088,5,10093,198,0.6332613509505911
lncRNA_23197,10087,3,10090,267,0.6187744060614935
lncRNA_22054,10060,26,10086,248,0.6275436010143783
lncRNA_15267,10081,2,10083,230,0.619358552340798
lncRNA_18094,10067,12,10079,284,0.6189627569849526
lncRNA_12130,10076,0,10076,216,0.6174361110964468
lncRNA_22639,10075,0,10075,232,0.6151470042735512
lncRNA_4719,10072,2,10074,205,0.6321053747327025
lncRNA_27624,10055,18,10073,281,0.6106686556227182
lncRNA_26804,10071,2,10073,232,0.6359867149809975
lncRNA_26805,10071,2,10073,232,0.6360251164463206
lncRNA_25229,10065,6,10071,215,0.6168746508479093
lncRNA_16336,10061,7,10068,266,0.6280559357429929
lncRNA_16156,10066,2,10068,253,0.620104758347209
lncRNA_1385,10052,10,10062,249,0.6238351257479825
lncRNA_26829,10054,7,10061,251,0.6359059425763702
lncRNA_2125,10058,1,10059,246,0.6109259444093681
lncRNA_23148,10057,0,10057,239,0.6172748005659628
lncRNA_28667,10054,1,10055,251,0.62124792096151
lncRNA_3949,10052,3,10055,228,0.6280866299866283
lncRNA_3018,10046,8,10054,217,0.6361865916262618
lncRNA_8723,10051,2,10053,244,0.6035956296704731
lncRNA_3173,10050,2,10052,231,0.6317245150784573
lncRNA_22889,10044,6,10050,249,0.6142319985810445
lncRNA_18235,10047,2,10049,239,0.6115812690854865
lncRNA_8365,10034,13,10047,269,0.6054281060767871
lncRNA_5712,10044,3,10047,263,0.6084651129411722
lncRNA_1396,10046,1,10047,251,0.6079417325853196
lncRNA_4760,10027,20,10047,254,0.6499545108115625
lncRNA_15026,10040,7,10047,214,0.6202786546781945
lncRNA_2126,10045,1,10046,246,0.6107866120626521
lncRNA_25927,10045,1,10046,259,0.6113961307123256
lncRNA_9539,10042,2,10044,253,0.6117264425015086
lncRNA_4087,10037,6,10043,277,0.6135744217677079
lncRNA_29682,10028,14,10042,230,0.6336564221572012
lncRNA_14152,10039,3,10042,242,0.6200595836788757
lncRNA_1378,10040,1,10041,251,0.6090966305172614
lncRNA_18482,10040,1,10041,254,0.617906575405973
lncRNA_1391,10036,4,10040,245,0.6223093319650652
lncRNA_3806,10040,0,10040,222,0.6030703972899142
lncRNA_5998,10036,3,10039,246,0.6266241770181301
lncRNA_1064,10036,2,10038,241,0.6088913887435925
lncRNA_051,10035,2,10037,256,0.5984899067807096
lncRNA_2419,10030,6,10036,246,0.6338837037203272
lncRNA_14068,10031,5,10036,216,0.6444063725075884
lncRNA_12097,10034,2,10036,263,0.6106484573515066
lncRNA_10446,10033,1,10034,235,0.6186565717676767
lncRNA_26802,10031,2,10033,235,0.6338410848468728
lncRNA_18391,10024,9,10033,249,0.6349100693750939
lncRNA_26814,10031,1,10032,231,0.6338577352861896
lncRNA_14217,10028,4,10032,236,0.6118079594776236
lncRNA_16538,10021,9,10030,233,0.6472554974311142
lncRNA_1377,10028,1,10029,251,0.6089238869058345
lncRNA_5713,10026,3,10029,263,0.6082787974669278
lncRNA_29289,10013,15,10028,258,0.6346627772859386
lncRNA_1375,10026,1,10027,251,0.6089036196862825
lncRNA_23477,10026,0,10026,207,0.6224107286028018
lncRNA_26418,10024,2,10026,252,0.5994208700693177
lncRNA_26419,10024,2,10026,252,0.5994208700693177
lncRNA_13786,10021,4,10025,258,0.6245815832225383
lncRNA_6229,10002,22,10024,260,0.6057759148111084
lncRNA_29514,10024,0,10024,218,0.6098849687922567
lncRNA_8487,10016,7,10023,255,0.6129860204878232
lncRNA_8488,10014,7,10021,255,0.6131055449067431
lncRNA_18234,10018,2,10020,238,0.6110700163470401
lncRNA_8485,10010,7,10017,255,0.6130056012880117
lncRNA_16680,10000,15,10015,256,0.6508880710352132
lncRNA_29671,10000,13,10013,256,0.6270625541188092
lncRNA_9502,10012,1,10013,254,0.6134043450148873
lncRNA_12262,10007,4,10011,255,0.620945830601902
lncRNA_6123,9998,10,10008,254,0.6334212782352234
lncRNA_14983,10005,3,10008,252,0.6102459401200775
lncRNA_8486,9998,8,10006,254,0.6126877438417954
lncRNA_29273,10001,3,10004,261,0.6275096094130137
lncRNA_29271,10001,3,10004,261,0.6275096094130137
lncRNA_14478,9996,4,10000,205,0.613405241702167
lncRNA_2813,9999,1,10000,262,0.6135164250904503
lncRNA_26464,9986,13,9999,279,0.6103396442270265
lncRNA_31692,9993,5,9998,258,0.6166762821601107
lncRNA_7742,9989,4,9993,235,0.6173624216389864
lncRNA_23468,9983,8,9991,244,0.6513930922419662
lncRNA_25231,9983,7,9990,210,0.6157589088235853
lncRNA_16068,9982,6,9988,268,0.6020529413109696
lncRNA_29036,9984,2,9986,230,0.627509118289467
lncRNA_7414,9979,5,9984,241,0.6363460729628215
lncRNA_2124,9984,0,9984,237,0.6135467135585323
lncRNA_12117,9978,5,9983,235,0.6502707957514843
lncRNA_18476,9979,3,9982,267,0.6061555489767693
lncRNA_25232,9973,7,9980,209,0.6156799800962895
lncRNA_5671,9975,4,9979,242,0.6561156879442442
lncRNA_16321,9970,7,9977,247,0.6262171701355541
lncRNA_25422,9976,1,9977,264,0.6231725804831358
lncRNA_1394,9975,1,9976,251,0.6076462894077188
lncRNA_16413,9974,2,9976,262,0.6029489574694081
lncRNA_939,9970,5,9975,252,0.6462485321643068
lncRNA_2514,9964,10,9974,233,0.6272580115802644
lncRNA_22074,9968,2,9970,225,0.5953522068280608
lncRNA_5539,9954,11,9965,208,0.626756584629391
lncRNA_5540,9954,11,9965,208,0.626756584629391
lncRNA_3064,9964,1,9965,244,0.6262884810156166
lncRNA_12231,9958,5,9963,223,0.6186345936166471
lncRNA_18544,9951,10,9961,245,0.6346459158355227
lncRNA_24563,9954,4,9958,229,0.6213703429830931
lncRNA_11775,9956,1,9957,268,0.6250436903985581
lncRNA_272,9956,1,9957,206,0.5920855847089156
lncRNA_26477,9949,6,9955,250,0.6005965201901083
lncRNA_23700,9950,4,9954,239,0.6526679559797367
lncRNA_26404,9947,5,9952,237,0.6307571450094543
lncRNA_1016,9948,2,9950,262,0.6273184724517225
lncRNA_3977,9945,3,9948,233,0.6133390629826002
lncRNA_25233,9941,7,9948,208,0.615598202199528
lncRNA_22890,9942,6,9948,245,0.6129530504632624
lncRNA_22906,9944,2,9946,252,0.6077417234384908
lncRNA_31798,9941,4,9945,231,0.5969039474358384
lncRNA_14220,9939,5,9944,247,0.6195794629736733
lncRNA_22902,9936,2,9938,252,0.6080869528119622
lncRNA_17761,9930,8,9938,252,0.6127429915696513
lncRNA_23271,9929,4,9933,215,0.630231053600881
lncRNA_22717,9932,1,9933,235,0.6149655195993575
lncRNA_9909,9929,2,9931,256,0.6352292426289643
lncRNA_253,9923,3,9926,264,0.5965703517250803
lncRNA_14480,9921,4,9925,212,0.6133898346944414
lncRNA_14481,9921,4,9925,212,0.6133634823981597
lncRNA_1074,9923,2,9925,236,0.6091009410472933
lncRNA_22134,9922,3,9925,239,0.6090410083272226
lncRNA_24580,9915,10,9925,256,0.6067237254811512
lncRNA_11282,9916,7,9923,233,0.6506450772344384
lncRNA_18543,9911,11,9922,245,0.633200597528366
lncRNA_9932,9919,3,9922,270,0.617744355772784
lncRNA_22009,9910,7,9917,256,0.6260403103597406
lncRNA_5357,9905,7,9912,243,0.6295691113558011
lncRNA_29386,9900,12,9912,264,0.6108861502704974
lncRNA_7531,9901,8,9909,246,0.6458618311867482
lncRNA_4778,9906,3,9909,272,0.6056363526230175
lncRNA_15266,9895,11,9906,248,0.6464410142543339
lncRNA_14287,9903,3,9906,246,0.6162300865221363
lncRNA_31878,9906,0,9906,258,0.6216745061545113
lncRNA_16067,9896,3,9899,268,0.6006135500392025
lncRNA_16065,9894,4,9898,258,0.5992193930120953
lncRNA_29057,9896,1,9897,247,0.5995603377821672
lncRNA_20116,9891,2,9893,218,0.6205590718748607
lncRNA_27489,9878,15,9893,222,0.641051359616708
lncRNA_25274,9887,5,9892,242,0.621652354149177
lncRNA_1371,9890,1,9891,250,0.6075813524553758
lncRNA_1372,9888,1,9889,250,0.607583492791907
lncRNA_16685,9878,10,9888,233,0.6358814474006147
lncRNA_8745,9884,2,9886,233,0.6073097645837445
lncRNA_8747,9884,2,9886,233,0.6073097645837445
lncRNA_13485,9864,12,9876,253,0.6228410049904871
lncRNA_996,9865,5,9870,252,0.6238363075423372
lncRNA_28471,9857,12,9869,248,0.642523129174311
lncRNA_21240,9868,0,9868,211,0.622233690795307
lncRNA_9493,9862,6,9868,271,0.6372661284970702
lncRNA_23222,9859,7,9866,228,0.6443684379599124
lncRNA_8680,9865,1,9866,217,0.6287564549249373
lncRNA_16450,9864,0,9864,239,0.608230118607902
lncRNA_18582,9861,3,9864,239,0.6062635035926487
lncRNA_23391,9853,8,9861,227,0.6515459104282104
lncRNA_10559,9859,1,9860,257,0.6185487742577638
lncRNA_28840,9858,1,9859,245,0.599565421490869
lncRNA_11036,9856,2,9858,215,0.62386859060836
lncRNA_8746,9855,2,9857,234,0.6060743174620558
lncRNA_19871,9855,2,9857,192,0.6061986402398705
lncRNA_19749,9856,0,9856,232,0.6332366712238184
lncRNA_8679,9854,1,9855,217,0.628837447069466
lncRNA_19234,9843,12,9855,257,0.6521814920561818
lncRNA_31924,9848,3,9851,223,0.6064481534815144
lncRNA_5994,9838,12,9850,245,0.6415233891856748
lncRNA_14416,9841,8,9849,239,0.6100918983884918
lncRNA_11823,9844,5,9849,241,0.6176874544479857
lncRNA_2158,9846,1,9847,235,0.6186648165564611
lncRNA_14418,9839,8,9847,239,0.6101651153233397
lncRNA_25152,9842,4,9846,263,0.6189448872717611
lncRNA_1388,9841,5,9846,245,0.6204200437247708
lncRNA_19222,9843,3,9846,211,0.6105624490517141
lncRNA_8338,9842,3,9845,254,0.6140568326628972
lncRNA_6068,9803,42,9845,208,0.6423197519901843
lncRNA_8341,9842,3,9845,254,0.6140568326628972
lncRNA_4425,9842,2,9844,253,0.5999203997773651
lncRNA_29160,9840,3,9843,240,0.6178321358088834
lncRNA_16044,9841,0,9841,240,0.608305409866541
lncRNA_28697,9837,4,9841,216,0.6010988319328231
lncRNA_17669,9831,8,9839,238,0.6272055289894478
lncRNA_30191,9836,2,9838,226,0.6102000696547035
lncRNA_6299,9836,2,9838,236,0.6144338096416904
lncRNA_2440,9830,7,9837,255,0.6203496110184166
lncRNA_26800,9835,2,9837,229,0.6305192865915987
lncRNA_5995,9825,12,9837,245,0.6414895757260053
lncRNA_254,9833,3,9836,262,0.5941402200728207
lncRNA_3124,9835,1,9836,240,0.6106496715011577
lncRNA_18542,9824,12,9836,239,0.6348945068141963
lncRNA_2375,9830,5,9835,264,0.6063216820550185
lncRNA_26484,9833,1,9834,268,0.6034915075790711
lncRNA_428,9827,6,9833,262,0.6153385847582676
lncRNA_2791,9829,3,9832,222,0.6186413391267502
lncRNA_13070,9818,13,9831,254,0.6071408606544887
lncRNA_2790,9828,3,9831,222,0.6185683517035893
lncRNA_255,9827,3,9830,263,0.5936889496752468
lncRNA_15491,9815,13,9828,212,0.6330637716821943
lncRNA_7413,9820,8,9828,237,0.6391717328109369
lncRNA_1957,9818,6,9824,234,0.640195153698409
lncRNA_5714,9822,2,9824,253,0.6051720916292764
lncRNA_5529,9803,19,9822,239,0.6353881198200115
lncRNA_20600,9820,1,9821,232,0.6152329453386718
lncRNA_25746,9760,59,9819,206,0.6367058007452487
lncRNA_5537,9813,3,9816,202,0.6369074343050967
lncRNA_20839,9811,5,9816,230,0.6366917068608866
lncRNA_19109,9813,2,9815,238,0.6151347545387109
lncRNA_5844,9813,1,9814,252,0.6076974205425607
lncRNA_10359,9796,18,9814,247,0.6429343222384718
lncRNA_18479,9808,2,9810,267,0.6016540103932176
lncRNA_14599,9801,7,9808,254,0.6132713182599953
lncRNA_14887,9806,1,9807,210,0.6056375016178951
lncRNA_9910,9805,2,9807,251,0.6335185901924433
lncRNA_4518,9803,4,9807,235,0.615364957721501
lncRNA_6921,9804,1,9805,220,0.6135232024233903
lncRNA_17785,9803,2,9805,219,0.6120049916752885
lncRNA_12111,9801,4,9805,215,0.6570585309861414
lncRNA_5606,9803,1,9804,235,0.6124720661812397
lncRNA_14415,9795,7,9802,238,0.6093765695621625
lncRNA_12057,9772,27,9799,246,0.6339966384777932
lncRNA_21358,9780,17,9797,209,0.63397581416925
lncRNA_433,9789,6,9795,261,0.6133119368725116
lncRNA_430,9789,6,9795,261,0.6133119368725116
lncRNA_434,9789,6,9795,261,0.6133119368725116
lncRNA_435,9789,6,9795,261,0.6133119368725116
lncRNA_431,9789,6,9795,261,0.6133119368725116
lncRNA_11037,9792,2,9794,218,0.6236327123789115
lncRNA_22498,9791,2,9793,252,0.6124665571068415
lncRNA_6205,9782,10,9792,244,0.589556149306243
lncRNA_9357,9782,9,9791,255,0.6169863570130258
lncRNA_20955,9771,15,9786,247,0.6158361121632602
lncRNA_2619,9772,8,9780,244,0.6542258115038255
lncRNA_15454,9772,5,9777,227,0.6225679104001307
lncRNA_18239,9775,2,9777,239,0.6035246971102723
lncRNA_11801,9768,8,9776,260,0.6178816273101791
lncRNA_12182,9773,2,9775,243,0.6211619513043095
lncRNA_14479,9769,4,9773,206,0.6093361638376753
lncRNA_6362,9767,3,9770,270,0.6146391453046803
lncRNA_26479,9768,1,9769,264,0.6040552135296448
lncRNA_5373,9768,1,9769,229,0.633158612748368
lncRNA_5374,9768,1,9769,229,0.633158612748368
lncRNA_26483,9768,1,9769,264,0.6040552135296448
lncRNA_18470,9764,1,9765,240,0.6088352901952105
lncRNA_26462,9752,12,9764,274,0.6049490240100902
lncRNA_21882,9760,2,9762,228,0.5933332550763986
lncRNA_1097,9744,18,9762,265,0.6286299727567388
lncRNA_26526,9758,4,9762,225,0.5997156352873503
lncRNA_8342,9758,3,9761,251,0.6123324822221065
lncRNA_2473,9758,1,9759,253,0.6184379923965151
lncRNA_21987,9752,7,9759,240,0.614043698536521
lncRNA_23621,9756,3,9759,220,0.623307564480482
lncRNA_2474,9758,1,9759,253,0.6184379923965151
lncRNA_19922,9754,2,9756,237,0.599314228971043
lncRNA_6030,9751,3,9754,242,0.6075553412395942
lncRNA_25275,9752,1,9753,208,0.6208225317067495
lncRNA_26893,9748,4,9752,218,0.6242352570717787
lncRNA_29406,9746,5,9751,208,0.6195755074865109
lncRNA_1600,9746,2,9748,244,0.6177646318246203
lncRNA_14210,9745,3,9748,207,0.595215099640909
lncRNA_25731,9742,4,9746,236,0.6256048052424633
lncRNA_27928,9734,10,9744,210,0.6377842546649899
lncRNA_20740,9733,0,9733,221,0.614107448236429
lncRNA_1495,9699,31,9730,216,0.6359963120651518
lncRNA_7479,9725,5,9730,239,0.6099746447675496
lncRNA_29495,9728,1,9729,235,0.5857412025080708
lncRNA_21751,9720,9,9729,263,0.6016588761582041
lncRNA_12181,9726,2,9728,240,0.6208825000805337
lncRNA_17502,9724,2,9726,254,0.5990237762272246
lncRNA_6865,9723,3,9726,257,0.6192069052009667
lncRNA_28689,9720,5,9725,184,0.6084348555646483
lncRNA_26977,9716,6,9722,223,0.6396250266984691
lncRNA_25928,9720,1,9721,252,0.60793353188926
lncRNA_2139,9719,1,9720,229,0.6051260995116562
lncRNA_27224,9715,5,9720,250,0.6361455856539053
lncRNA_2441,9718,2,9720,251,0.6003497084828119
lncRNA_25899,9713,6,9719,257,0.6101023688609352
lncRNA_12010,9718,1,9719,235,0.6242616598302424
lncRNA_2134,9717,1,9718,228,0.6051280595466809
lncRNA_2131,9717,1,9718,228,0.6051280595466809
lncRNA_16523,9710,0,9710,254,0.6044199005409084
lncRNA_15620,9697,9,9706,184,0.632604583015075
lncRNA_3929,9702,4,9706,221,0.613149814608212
lncRNA_14187,9699,1,9700,235,0.6120140742987663
lncRNA_32111,9687,12,9699,249,0.6322804994725351
lncRNA_11860,9683,16,9699,246,0.615640805085179
lncRNA_9468,9698,1,9699,226,0.595299597509968
lncRNA_21239,9697,0,9697,201,0.6172898695482943
lncRNA_7493,9693,3,9696,252,0.6114859794495393
lncRNA_27552,9686,9,9695,177,0.6135267063122889
lncRNA_26465,9680,15,9695,275,0.6101026087227691
lncRNA_14543,9691,2,9693,235,0.6085222994949859
lncRNA_27627,9673,20,9693,273,0.6139060629656626
lncRNA_21357,9679,14,9693,211,0.6310346311203234
lncRNA_10765,9676,15,9691,257,0.6302421449997819
lncRNA_10769,9676,15,9691,257,0.6302421449997819
lncRNA_10767,9676,15,9691,257,0.6302421449997819
lncRNA_10770,9676,15,9691,257,0.6302421449997819
lncRNA_10762,9676,15,9691,257,0.6302421449997819
lncRNA_10763,9676,15,9691,257,0.6302421449997819
lncRNA_10772,9676,15,9691,257,0.6302421449997819
lncRNA_10771,9676,15,9691,257,0.6302421449997819
lncRNA_19748,9688,1,9689,235,0.6223215088867318
lncRNA_20177,9679,8,9687,257,0.6221160250187423
lncRNA_23460,9681,6,9687,266,0.6328670257660315
lncRNA_10863,9683,3,9686,223,0.63631188436951
lncRNA_28411,9681,4,9685,263,0.6189993148176882
lncRNA_24140,9677,7,9684,230,0.6175731287988365
lncRNA_25900,9676,6,9682,256,0.6096972182170844
lncRNA_13486,9672,9,9681,255,0.6153440806503876
lncRNA_13487,9669,9,9678,255,0.6152799070633459
lncRNA_17049,9669,6,9675,219,0.6002258056648954
lncRNA_32112,9665,10,9675,248,0.6326939489876696
lncRNA_32113,9665,10,9675,248,0.6326939489876696
lncRNA_16143,9670,3,9673,238,0.6165170042544452
lncRNA_4674,9667,5,9672,233,0.6399355566874418
lncRNA_2578,9664,6,9670,236,0.62453699559095
lncRNA_12118,9656,13,9669,239,0.639406896825301
lncRNA_27618,9642,18,9660,271,0.6183971144169088
lncRNA_23193,9652,5,9657,233,0.6098736601897515
lncRNA_29041,9644,9,9653,273,0.6242767518243257
lncRNA_16489,9652,1,9653,251,0.6011656500130472
lncRNA_28966,9647,3,9650,201,0.6068023943321279
lncRNA_22023,9644,5,9649,256,0.629620563034278
lncRNA_29016,9645,2,9647,223,0.6152623027973921
lncRNA_16503,9643,3,9646,235,0.6336803555350455
lncRNA_29106,9627,16,9643,254,0.6116823396580848
lncRNA_18308,9637,5,9642,254,0.6239162568414751
lncRNA_29260,9629,13,9642,195,0.6420885077832353
lncRNA_8540,9634,7,9641,236,0.6379577512089
lncRNA_2934,9633,2,9635,230,0.6046517032743917
lncRNA_9402,9627,7,9634,258,0.629167792632996
lncRNA_19221,9631,2,9633,205,0.6053429581098045
lncRNA_19407,9623,7,9630,211,0.6199308796737599
lncRNA_026,9625,5,9630,211,0.6282597520205195
lncRNA_21860,9623,5,9628,183,0.6021122484986616
lncRNA_9015,9627,1,9628,222,0.6243550598695726
lncRNA_24177,9611,16,9627,220,0.6358473296812507
lncRNA_7612,9620,5,9625,211,0.603948753330854
lncRNA_826,9625,0,9625,212,0.6086344165699896
lncRNA_28269,9623,1,9624,197,0.6062597430305475
lncRNA_3981,9622,2,9624,247,0.6028968502695482
lncRNA_4776,9619,5,9624,268,0.6048146152586984
lncRNA_16514,9609,14,9623,230,0.6485581427812537
lncRNA_16490,9618,5,9623,218,0.6125386715005833
lncRNA_9975,9614,5,9619,248,0.6226408212315834
lncRNA_9616,9614,5,9619,248,0.6226408212315834
lncRNA_9361,9616,1,9617,211,0.6284256333649751
lncRNA_17264,9602,14,9616,226,0.5946799509041137
lncRNA_22043,9607,7,9614,254,0.6448948790115017
lncRNA_27568,9609,2,9611,270,0.6128596311164597
lncRNA_6151,9601,9,9610,247,0.6372851154739021
lncRNA_2194,9606,3,9609,259,0.616508031487642
lncRNA_28695,9607,2,9609,230,0.6192555945891578
lncRNA_17786,9606,1,9607,213,0.6114549165604951
lncRNA_25234,9599,8,9607,204,0.6110864693528423
lncRNA_29092,9602,4,9606,218,0.6300419393565765
lncRNA_17789,9605,1,9606,213,0.611435934653495
lncRNA_894,9600,4,9604,244,0.6127800192930694
lncRNA_17790,9602,1,9603,213,0.6114709942654935
lncRNA_17791,9601,1,9602,213,0.6114639523595096
lncRNA_2379,9600,1,9601,231,0.6381443069332458
lncRNA_2819,9597,1,9598,257,0.6068557292535509
lncRNA_26685,9594,3,9597,258,0.6064075422045176
lncRNA_8724,9590,5,9595,220,0.6090885381039965
lncRNA_26894,9577,8,9585,219,0.6179869320144042
lncRNA_8196,9576,7,9583,214,0.6286786692307235
lncRNA_12069,9579,3,9582,238,0.6264785181685396
lncRNA_11797,9571,9,9580,227,0.6276062414676556
lncRNA_9470,9578,1,9579,214,0.5962322159651063
lncRNA_19650,9574,5,9579,245,0.6098127760744655
lncRNA_961,9576,1,9577,247,0.608257423795223
lncRNA_24600,9561,13,9574,275,0.6267970251679504
lncRNA_30643,9568,6,9574,235,0.6247473119557517
lncRNA_8886,9572,2,9574,200,0.6330434081277169
lncRNA_21887,9573,1,9574,218,0.5997423886633833
lncRNA_6863,9570,3,9573,258,0.6190689427912471
lncRNA_1012,9560,13,9573,231,0.5910620310643543
lncRNA_1590,9572,1,9573,250,0.599691089839072
lncRNA_9697,9572,1,9573,248,0.6125734702909483
lncRNA_21511,9562,7,9569,232,0.6010537541671475
lncRNA_16107,9560,9,9569,243,0.6300794254587923
lncRNA_093,9567,1,9568,197,0.629282788926301
lncRNA_26686,9564,2,9566,258,0.606288783171757
lncRNA_2168,9562,3,9565,234,0.6156602190260535
lncRNA_27186,9556,3,9559,230,0.6248167048765131
lncRNA_19751,9557,0,9557,221,0.6292695919923572
lncRNA_13540,9556,1,9557,240,0.593838844120798
lncRNA_27444,9553,2,9555,270,0.612394416648854
lncRNA_27443,9553,2,9555,270,0.612394416648854
lncRNA_28300,9540,14,9554,255,0.620209252612683
lncRNA_14373,9546,8,9554,242,0.5937019205319626
lncRNA_4118,9543,5,9548,223,0.5910949219329974
lncRNA_26304,9547,1,9548,198,0.6009661080625256
lncRNA_29745,9540,5,9545,271,0.6392057853455791
lncRNA_6370,9543,1,9544,255,0.6025958207001544
lncRNA_11232,9539,1,9540,258,0.6061494294204228
lncRNA_21461,9538,1,9539,226,0.6186184099470949
lncRNA_262,9528,11,9539,181,0.6170323128203866
lncRNA_22184,9529,9,9538,233,0.6083487222821703
lncRNA_21774,9533,2,9535,227,0.6076234748766537
lncRNA_25392,9532,2,9534,259,0.6142723095560884
lncRNA_15712,9524,6,9530,226,0.6221492981417522
lncRNA_19082,9519,9,9528,212,0.6240452009794846
lncRNA_15675,9510,16,9526,247,0.6455265795578214
lncRNA_8631,9523,1,9524,214,0.613647859560437
lncRNA_14363,9521,1,9522,257,0.6037595370703914
lncRNA_10438,9517,2,9519,199,0.6434029979829232
lncRNA_706,9514,2,9516,221,0.5981348837144475
lncRNA_8850,9478,37,9515,235,0.6333497105738272
lncRNA_26466,9498,15,9513,272,0.6083715759380753
lncRNA_1013,9499,12,9511,228,0.5898258168764322
lncRNA_12238,9510,1,9511,204,0.6117489691509393
lncRNA_3103,9496,8,9504,246,0.5908643040876522
lncRNA_2905,9493,6,9499,202,0.618057388751557
lncRNA_4853,9498,1,9499,191,0.6008717777023527
lncRNA_25371,9493,5,9498,240,0.6377162121079442
lncRNA_25391,9494,2,9496,259,0.6137308889952944
lncRNA_717,9490,6,9496,250,0.6207733215262233
lncRNA_29319,9471,24,9495,221,0.6383049432603566
lncRNA_5605,9492,1,9493,227,0.6098648508666948
lncRNA_2518,9463,26,9489,234,0.6324595603167261
lncRNA_29245,9484,4,9488,217,0.6049563843122286
lncRNA_4690,9484,4,9488,214,0.6435211116282816
lncRNA_19784,9479,8,9487,250,0.604223793323019
lncRNA_23936,9473,11,9484,214,0.642224539266436
lncRNA_23937,9473,11,9484,214,0.642224539266436
lncRNA_27617,9457,20,9477,266,0.6161386261643949
lncRNA_8776,9475,2,9477,227,0.6151045063270321
lncRNA_23381,9476,0,9476,219,0.6140147183520063
lncRNA_25813,9472,3,9475,216,0.6086342571109103
lncRNA_26914,9472,1,9473,262,0.600261383730369
lncRNA_8345,9467,5,9472,244,0.6083760254185652
lncRNA_5469,9464,5,9469,196,0.6455767783608789
lncRNA_5468,9464,5,9469,196,0.6455767783608789
lncRNA_27630,9448,15,9463,278,0.5999742835304473
lncRNA_18583,9461,1,9462,225,0.5978716351402116
lncRNA_4293,9452,9,9461,231,0.6362095648563132
lncRNA_28204,9458,2,9460,184,0.6039138074723287
lncRNA_13129,9456,4,9460,229,0.5909813463411852
lncRNA_15700,9440,20,9460,159,0.6272944660941584
lncRNA_19048,9446,13,9459,265,0.629404692984559
lncRNA_26499,9447,12,9459,245,0.6041824528285832
lncRNA_903,9453,4,9457,239,0.6127092261871562
lncRNA_28862,9450,5,9455,248,0.6151358825660306
lncRNA_17263,9441,12,9453,216,0.5930841299102136
lncRNA_15956,9445,6,9451,260,0.591257129690829
lncRNA_9938,9449,1,9450,197,0.6283859643900369
lncRNA_6955,9433,15,9448,230,0.6423162233572597
lncRNA_21347,9410,35,9445,229,0.6403053471131134
lncRNA_27567,9443,2,9445,266,0.6114196321681712
lncRNA_11915,9441,4,9445,218,0.638690599931064
lncRNA_27223,9425,18,9443,264,0.6321326883321163
lncRNA_2141,9441,1,9442,227,0.609091810658916
lncRNA_28334,9426,15,9441,225,0.5980134564748244
lncRNA_11059,9437,3,9440,257,0.6019053993907524
lncRNA_1157,9430,5,9435,217,0.606113556337453
lncRNA_19080,9425,9,9434,211,0.6221219778894513
lncRNA_2248,9431,2,9433,222,0.6130809358211949
lncRNA_889,9422,6,9428,239,0.609112809674373
lncRNA_21554,9422,4,9426,210,0.646889506613134
lncRNA_6957,9407,16,9423,228,0.6426431770256223
lncRNA_17319,9412,10,9422,225,0.6265631457450334
lncRNA_4942,9422,0,9422,251,0.6034811775321043
lncRNA_4943,9422,0,9422,251,0.6034811775321043
lncRNA_9323,9419,3,9422,249,0.6002979727839851
lncRNA_11038,9419,2,9421,237,0.6348517605697853
lncRNA_22485,9414,5,9419,231,0.5913879597854729
lncRNA_13800,9411,2,9413,214,0.594665832297925
lncRNA_22583,9407,6,9413,258,0.6011058594850098
lncRNA_27762,9409,4,9413,237,0.6019558822842963
lncRNA_18185,9409,2,9411,223,0.6292984510392412
lncRNA_31579,9408,3,9411,219,0.6138611375446622
lncRNA_2683,9404,7,9411,217,0.613772567244179
lncRNA_9615,9402,4,9406,236,0.6055418553436878
lncRNA_9622,9402,0,9402,236,0.5936190039485049
lncRNA_1364,9391,10,9401,231,0.6167238513989176
lncRNA_29308,9394,5,9399,226,0.6447186453959586
lncRNA_1366,9388,10,9398,231,0.6165872210625485
lncRNA_10730,9395,1,9396,241,0.6033823649202399
lncRNA_22575,9386,9,9395,250,0.6041172184016792
lncRNA_2224,9382,6,9388,263,0.6200054940387552
lncRNA_11719,9384,4,9388,232,0.618017571599816
lncRNA_28632,9378,8,9386,202,0.6283376423297259
lncRNA_26940,9378,7,9385,265,0.6032077501423093
lncRNA_18909,9382,3,9385,209,0.6233750413773177
lncRNA_16033,9380,2,9382,233,0.6388298248815969
lncRNA_3128,9364,17,9381,223,0.6398230403996262
lncRNA_30333,9356,25,9381,234,0.6387890617814177
lncRNA_26904,9376,4,9380,181,0.6299806984924855
lncRNA_30754,9380,0,9380,225,0.5990770262136782
lncRNA_16020,9370,6,9376,207,0.6056040238160167
lncRNA_5989,9372,2,9374,245,0.6091836474514202
lncRNA_25605,9354,19,9373,247,0.6186559089151906
lncRNA_18439,9359,12,9371,246,0.6275772469532762
lncRNA_6958,9354,16,9370,228,0.6418454205752007
lncRNA_16620,9367,3,9370,231,0.6054496799864574
lncRNA_30357,9367,2,9369,264,0.6027094073173312
lncRNA_6959,9352,16,9368,228,0.6418470335768874
lncRNA_6956,9352,16,9368,228,0.6418949512945835
lncRNA_2080,9365,1,9366,208,0.5905426852280729
lncRNA_17768,9364,0,9364,223,0.6121820373716946
lncRNA_31533,9352,10,9362,228,0.6392836948624155
lncRNA_21452,9353,5,9358,226,0.6265425132043193
lncRNA_12177,9356,1,9357,222,0.6349767666779581
lncRNA_1363,9345,10,9355,231,0.6155913984651208
lncRNA_2651,9342,11,9353,255,0.6196185838975855
lncRNA_25390,9349,2,9351,260,0.6113891422177122
lncRNA_25389,9349,2,9351,260,0.6113891422177122
lncRNA_4854,9349,0,9349,188,0.6010302597597594
lncRNA_31534,9338,11,9349,228,0.6389395749978775
lncRNA_21349,9310,35,9345,226,0.6384949962687663
lncRNA_2110,9334,9,9343,248,0.6207233962106081
lncRNA_11871,9339,4,9343,199,0.6138900263030973
lncRNA_25372,9338,5,9343,240,0.6360275498937519
lncRNA_30485,9337,4,9341,187,0.6238853272349306
lncRNA_26924,9339,1,9340,259,0.5972834286074767
lncRNA_2130,9340,0,9340,220,0.6020020182420971
lncRNA_29283,9334,5,9339,253,0.6148699086992613
lncRNA_16419,9331,7,9338,256,0.6416537419137888
lncRNA_4928,9333,3,9336,205,0.6234670978582556
lncRNA_24251,9336,0,9336,221,0.6122883553195875
lncRNA_10733,9325,4,9329,244,0.6173254598037783
lncRNA_27301,9325,3,9328,217,0.6482577747320684
lncRNA_4106,9301,26,9327,259,0.6393598626051179
lncRNA_21346,9293,34,9327,226,0.6391994203758763
lncRNA_21209,9322,2,9324,238,0.5963805809284929
lncRNA_20689,9316,5,9321,242,0.61267183485596
lncRNA_2135,9320,1,9321,222,0.6009439941211497
lncRNA_5801,9313,5,9318,226,0.5952554521691704
lncRNA_2133,9317,1,9318,222,0.6009655668607834
lncRNA_2137,9315,1,9316,222,0.6009094052794594
lncRNA_20688,9309,6,9315,246,0.6065261517555358
lncRNA_17176,9300,14,9314,218,0.6158683286009462
lncRNA_14888,9303,9,9312,232,0.627621677752777
lncRNA_11916,9307,4,9311,213,0.6361169199159746
lncRNA_2155,9310,1,9311,224,0.6101738895642885
lncRNA_11735,9298,13,9311,230,0.6374970558922038
lncRNA_11736,9298,13,9311,230,0.6374970558922038
lncRNA_11784,9310,1,9311,221,0.6255603312362149
lncRNA_16420,9302,7,9309,256,0.6413567909419619
lncRNA_14562,9300,9,9309,235,0.614546716295551
lncRNA_17719,9306,2,9308,242,0.5997788944454475
lncRNA_8350,9305,3,9308,203,0.6133478592004037
lncRNA_13788,9291,16,9307,248,0.625623755642627
lncRNA_20692,9301,5,9306,242,0.6125876578497739
lncRNA_14989,9303,3,9306,174,0.6234650728665619
lncRNA_26541,9292,10,9302,247,0.5988668147517875
lncRNA_26737,9299,1,9300,219,0.6025003531308919
lncRNA_28465,9297,3,9300,217,0.5972855227098951
lncRNA_14211,9298,2,9300,201,0.5933179126766757
lncRNA_25113,9297,2,9299,256,0.6114175330824494
lncRNA_18572,9299,0,9299,234,0.6085181159533242
lncRNA_11259,9293,1,9294,213,0.6258739835300084
lncRNA_15397,9292,1,9293,235,0.5893061863681692
lncRNA_22911,9291,2,9293,234,0.5993077162200273
lncRNA_22823,9281,12,9293,217,0.639632906900445
lncRNA_19406,9284,7,9291,202,0.6140754574197956
lncRNA_31204,9270,19,9289,220,0.6090923316507534
lncRNA_23310,9283,6,9289,241,0.6134312478803133
lncRNA_10685,9278,9,9287,216,0.601303529744111
lncRNA_243,9281,6,9287,199,0.5995086849314767
lncRNA_18795,9273,9,9282,208,0.6184946713900118
lncRNA_22028,9280,2,9282,243,0.5972388312228064
lncRNA_17220,9275,2,9277,170,0.5895524884002038
lncRNA_26739,9276,1,9277,218,0.6023934844502956
lncRNA_20863,9275,1,9276,202,0.6088972727377915
lncRNA_28466,9273,3,9276,217,0.5969408834699774
lncRNA_30413,9272,3,9275,266,0.6058366851565482
lncRNA_21345,9238,35,9273,226,0.6386711582218181
lncRNA_21344,9238,35,9273,226,0.6386711582218181
lncRNA_28333,9257,16,9273,221,0.5957744096690333
lncRNA_31252,9273,0,9273,243,0.5955728979538277
lncRNA_15492,9266,5,9271,252,0.613944326173821
lncRNA_1051,9260,10,9270,249,0.6008777233676789
lncRNA_28306,9270,0,9270,198,0.6203971296587857
lncRNA_21477,9270,0,9270,203,0.6208814378552989
lncRNA_22903,9263,6,9269,240,0.5959416458283461
lncRNA_17395,9252,17,9269,233,0.6122298110010289
lncRNA_2650,9256,12,9268,255,0.6189355639888418
lncRNA_9578,9252,12,9264,248,0.6165288954155449
lncRNA_2406,9261,1,9262,197,0.6372021931301672
lncRNA_8783,9252,10,9262,191,0.6130631922294353
lncRNA_23309,9252,7,9259,238,0.6164490797505822
lncRNA_22897,9251,4,9255,239,0.6043773146133351
lncRNA_6228,9252,1,9253,247,0.5906285757305278
lncRNA_28467,9247,3,9250,237,0.5875375145832394
lncRNA_10547,9248,2,9250,233,0.6328401695059267
lncRNA_300,9242,7,9249,243,0.5959882268700003
lncRNA_19049,9247,1,9248,205,0.5962650877969575
lncRNA_7283,9239,7,9246,233,0.6004484389614904
lncRNA_26740,9243,1,9244,218,0.602050624747453
lncRNA_29381,9240,3,9243,236,0.6064590478106788
lncRNA_16986,9234,5,9239,250,0.5909501241070314
lncRNA_26498,9223,15,9238,245,0.5968543967136489
lncRNA_17420,9225,12,9237,208,0.5913774460241213
lncRNA_19606,9233,1,9234,237,0.6004489104819124
lncRNA_23876,9230,1,9231,249,0.6021922558406227
lncRNA_15957,9226,5,9231,257,0.5889729506062488
lncRNA_21348,9182,37,9219,224,0.6373641353461825
lncRNA_12003,9207,10,9217,240,0.6161847795377124
lncRNA_9009,9209,7,9216,220,0.6229127395042154
lncRNA_11989,9211,4,9215,230,0.6250669659608131
lncRNA_4774,9206,6,9212,256,0.6077462877610792
lncRNA_27300,9206,3,9209,210,0.6447478581610476
lncRNA_29108,9192,11,9203,242,0.6051560022144066
lncRNA_108,9195,7,9202,228,0.6137169186888266
lncRNA_23861,9202,0,9202,165,0.6195185707993789
lncRNA_19635,9190,5,9195,218,0.6149373531552802
lncRNA_19636,9190,5,9195,218,0.6149373531552802
lncRNA_7159,9190,3,9193,233,0.619243477010513
lncRNA_29383,9187,3,9190,238,0.6055870462439455
lncRNA_8374,9181,8,9189,223,0.6329223346063636
lncRNA_4441,9183,1,9184,242,0.6063892933025625
lncRNA_25238,9138,46,9184,225,0.599130678544889
lncRNA_19822,9180,2,9182,210,0.587589402393186
lncRNA_26702,9177,3,9180,247,0.5989537435882447
lncRNA_23270,9176,3,9179,193,0.6176741776718655
lncRNA_11400,9174,3,9177,253,0.6118506740291878
lncRNA_29393,9174,3,9177,237,0.5907248779274459
lncRNA_16621,9173,3,9176,224,0.6026193215957693
lncRNA_16287,9166,8,9174,223,0.6085136247094495
lncRNA_16285,9166,8,9174,223,0.6085136247094495
lncRNA_16290,9166,8,9174,223,0.6085136247094495
lncRNA_16289,9166,8,9174,223,0.6085136247094495
lncRNA_31884,9164,7,9171,228,0.6141096788467711
lncRNA_13488,9151,19,9170,239,0.6003102932097734
lncRNA_14791,9165,4,9169,200,0.6037480914079597
lncRNA_8824,9167,2,9169,223,0.6050278501848594
lncRNA_17398,9150,17,9167,227,0.60812282411097
lncRNA_32392,9163,3,9166,202,0.6140454493678659
lncRNA_18478,9162,3,9165,254,0.5983480969987414
lncRNA_28648,9164,1,9165,217,0.6270473907478226
lncRNA_23308,9159,6,9165,239,0.6133096641870684
lncRNA_29257,9149,10,9159,231,0.6200341244424411
lncRNA_28538,9145,13,9158,220,0.6168928313308021
lncRNA_10659,9151,4,9155,231,0.6105729909906908
lncRNA_28224,9145,8,9153,196,0.6226703665742165
lncRNA_19774,9151,1,9152,201,0.5766355746667648
lncRNA_18340,9148,1,9149,232,0.5932538996720169
lncRNA_12254,9146,2,9148,235,0.6327000224511499
lncRNA_25930,9146,2,9148,255,0.5990832391109746
lncRNA_10887,9143,4,9147,202,0.6317964775867512
lncRNA_17506,9145,2,9147,172,0.5840046487406108
lncRNA_14425,9146,0,9146,262,0.6013750527039232
lncRNA_28685,9139,6,9145,200,0.6315249154614309
lncRNA_9786,9142,0,9142,186,0.6042094816515028
lncRNA_23379,9138,0,9138,214,0.6039852494414412
lncRNA_26948,9135,3,9138,209,0.6226051612349881
lncRNA_2374,9126,11,9137,244,0.6277412314573002
lncRNA_21069,9131,4,9135,209,0.6368389904576014
lncRNA_23418,9125,10,9135,242,0.6147440999227308
lncRNA_29345,9121,10,9131,231,0.6193958611006429
lncRNA_332,9117,12,9129,259,0.6301582585936794
lncRNA_17215,9124,3,9127,170,0.5873090065831666
lncRNA_17213,9124,3,9127,170,0.5873090065831666
lncRNA_30658,9123,3,9126,217,0.5973965149732946
lncRNA_22893,9120,6,9126,232,0.606402560782102
lncRNA_26981,9121,4,9125,239,0.5921071827055638
lncRNA_4519,9122,3,9125,218,0.6000001699756257
lncRNA_26289,9120,4,9124,233,0.6321817351138045
lncRNA_28965,9116,8,9124,236,0.60118700974166
lncRNA_19842,9110,7,9117,257,0.6080501739788735
lncRNA_21426,9111,1,9112,221,0.6115258975686984
lncRNA_4855,9109,0,9109,185,0.5966963800549026
lncRNA_29958,9105,1,9106,230,0.592209220540238
lncRNA_29396,9101,4,9105,229,0.5978503918571872
lncRNA_14519,9100,1,9101,243,0.5962320485607436
lncRNA_21066,9091,8,9099,232,0.6095783154801961
lncRNA_23765,9090,5,9095,170,0.599907773597157
lncRNA_17982,9087,8,9095,235,0.6237766946377148
lncRNA_32114,9093,2,9095,235,0.5914739220728424
lncRNA_17399,9078,16,9094,225,0.607429301288512
lncRNA_1011,9078,16,9094,212,0.6050762707861868
lncRNA_26853,9087,5,9092,225,0.5859897906776073
lncRNA_20893,9088,4,9092,211,0.631218741373593
lncRNA_977,9076,14,9090,161,0.6262604584994376
lncRNA_8608,9077,4,9081,240,0.5919469869974139
lncRNA_29314,9069,10,9079,201,0.6345363882395196
lncRNA_2159,9078,1,9079,220,0.6055393839356654
lncRNA_8126,9073,1,9074,241,0.6007905842714821
lncRNA_26852,9067,6,9073,217,0.5827671878136323
lncRNA_23194,9064,6,9070,215,0.6041310033380122
lncRNA_12038,9068,1,9069,214,0.6001179590384084
lncRNA_6868,9065,2,9067,245,0.6201857674043874
lncRNA_29995,9041,22,9063,252,0.6330819333737362
lncRNA_28286,9060,2,9062,217,0.6004915779898016
lncRNA_29724,9050,11,9061,172,0.6235478080883584
lncRNA_14982,9053,3,9056,246,0.5976400351359809
lncRNA_17575,9052,3,9055,189,0.5944270415591912
lncRNA_17576,9052,3,9055,189,0.5944270415591912
lncRNA_19948,9054,0,9054,227,0.5963283364192565
lncRNA_17268,9040,12,9052,219,0.6004987485099961
lncRNA_17271,9040,12,9052,219,0.6004987485099961
lncRNA_30409,9048,3,9051,264,0.6004895146034931
lncRNA_5528,9045,3,9048,200,0.5960402659753423
lncRNA_29407,9043,4,9047,193,0.615487868681383
lncRNA_31690,9044,1,9045,230,0.6076904615739401
lncRNA_6947,9042,1,9043,230,0.5909405837927811
lncRNA_9936,9042,1,9043,190,0.6250525688780684
lncRNA_18409,9040,2,9042,251,0.623134316444493
lncRNA_28234,9041,0,9041,193,0.6174021860561238
lncRNA_5541,9035,6,9041,224,0.6022885962888478
lncRNA_2167,9032,1,9033,225,0.6072346679953391
lncRNA_21512,9024,9,9033,220,0.59469499848542
lncRNA_10601,9029,2,9031,176,0.6026545864094174
lncRNA_17577,9025,3,9028,188,0.5940745021749498
lncRNA_6950,9021,7,9028,196,0.6351895116809385
lncRNA_22495,9022,3,9025,217,0.6263699743125446
lncRNA_15549,9019,5,9024,214,0.5927245500051973
lncRNA_2249,9020,2,9022,214,0.6043080567604248
lncRNA_14324,9016,1,9017,204,0.6009791240605283
lncRNA_16491,9011,5,9016,203,0.5998003771677713
lncRNA_9705,9006,8,9014,250,0.6071073524996796
lncRNA_3901,9010,1,9011,208,0.5928728722181199
lncRNA_7597,9004,2,9006,203,0.624551380124793
lncRNA_21362,9003,0,9003,207,0.6019370403564658
lncRNA_288,9002,0,9002,186,0.6083582782918554
lncRNA_9335,8996,5,9001,258,0.5925113078084797
lncRNA_2753,8995,5,9000,212,0.6001620812749344
lncRNA_16204,8995,1,8996,220,0.602216142890138
lncRNA_10885,8991,5,8996,240,0.6440758760984605
lncRNA_23195,8989,6,8995,215,0.603447373458228
lncRNA_14742,8993,2,8995,229,0.5904700794292062
lncRNA_15494,8989,3,8992,204,0.6073278134220805
lncRNA_20908,8975,14,8989,205,0.635369583210229
lncRNA_17126,8987,2,8989,192,0.5992562069920097
lncRNA_22918,8984,0,8984,195,0.6010350809879883
lncRNA_21244,8983,1,8984,199,0.6189007674612705
lncRNA_20562,8979,5,8984,228,0.615944054019144
lncRNA_17769,8981,2,8983,220,0.6093532088887623
lncRNA_26473,8975,8,8983,274,0.5902399114497643
lncRNA_11710,8958,18,8976,240,0.6508809257198294
lncRNA_17508,8968,2,8970,172,0.5817069543122032
lncRNA_29583,8961,8,8969,248,0.6368909588509087
lncRNA_13227,8960,9,8969,198,0.6234258010788961
lncRNA_4857,8968,0,8968,181,0.5948205703474733
lncRNA_3085,8963,4,8967,231,0.6114405513240456
lncRNA_23145,8962,5,8967,205,0.5871580870370686
lncRNA_11662,8966,0,8966,222,0.620394710428778
lncRNA_29290,8957,7,8964,231,0.6054135877319109
lncRNA_17573,8957,3,8960,186,0.5936118451037368
lncRNA_17574,8957,3,8960,186,0.5936118451037368
lncRNA_20153,8952,7,8959,229,0.5940335297517506
lncRNA_16437,8949,7,8956,198,0.6223605668514434
lncRNA_19750,8956,0,8956,202,0.6051149400303893
lncRNA_17353,8955,1,8956,252,0.5914299789523312
lncRNA_28660,8952,4,8956,220,0.6051397348282748
lncRNA_16686,8946,10,8956,206,0.6181711895417081
lncRNA_26455,8951,4,8955,232,0.6066638600504187
lncRNA_21880,8954,1,8955,210,0.5830597209514087
lncRNA_3148,8917,37,8954,246,0.6121142863748507
lncRNA_31478,8941,12,8953,206,0.5972020874457947
lncRNA_29538,8932,20,8952,212,0.6344478564333396
lncRNA_28521,8951,1,8952,236,0.5968702453014848
lncRNA_13048,8951,1,8952,218,0.5973010376358722
lncRNA_4927,8949,2,8951,217,0.5949528511516585
lncRNA_13580,8945,5,8950,202,0.6116209917617108
lncRNA_30411,8942,2,8944,261,0.6019721136500605
lncRNA_13207,8939,5,8944,234,0.5952356460274371
lncRNA_14290,8938,3,8941,236,0.6091575387682845
lncRNA_22905,8937,4,8941,234,0.5912659677576123
lncRNA_6343,8938,2,8940,224,0.59962473632953
lncRNA_6325,8938,1,8939,221,0.5894643246065625
lncRNA_20158,8930,8,8938,223,0.5883527297265893
lncRNA_2610,8936,2,8938,202,0.6027769572630075
lncRNA_178,8934,3,8937,212,0.6152719659431104
lncRNA_14766,8930,5,8935,231,0.608429850431784
lncRNA_4777,8930,4,8934,252,0.596186804114831
lncRNA_11920,8931,2,8933,214,0.6117915246307607
lncRNA_30156,8928,4,8932,233,0.6218644161119634
lncRNA_11633,8923,8,8931,191,0.6232639836777435
lncRNA_17447,8927,3,8930,201,0.5911152531819817
lncRNA_30157,8925,5,8930,233,0.6223983408169501
lncRNA_13449,8926,3,8929,211,0.6056414848094092
lncRNA_26497,8923,4,8927,248,0.5884898711610381
lncRNA_270,8913,13,8926,213,0.6134064383540853
lncRNA_28860,8904,22,8926,248,0.6174804920610579
lncRNA_6298,8920,3,8923,208,0.600869362032185
lncRNA_29580,8919,4,8923,201,0.5974166563499599
lncRNA_14280,8914,7,8921,225,0.6082962963761364
lncRNA_15952,8918,2,8920,223,0.6211241810955674
lncRNA_16072,8914,5,8919,220,0.6239083972474143
lncRNA_18606,8917,2,8919,247,0.6161884154486893
lncRNA_29956,8916,1,8917,229,0.5910066813689255
lncRNA_28225,8897,19,8916,194,0.6239202424204202
lncRNA_6418,8909,7,8916,237,0.625642284686195
lncRNA_14843,8912,3,8915,200,0.5987820129204613
lncRNA_22148,8908,7,8915,171,0.6019043176407223
lncRNA_22147,8908,7,8915,171,0.6019043176407223
lncRNA_31676,8904,8,8912,223,0.5841538601219471
lncRNA_19657,8897,14,8911,228,0.6214115719723429
lncRNA_28859,8889,22,8911,248,0.617299743539802
lncRNA_12267,8910,1,8911,196,0.6102396263723524
lncRNA_23858,8901,8,8909,226,0.6336164604232614
lncRNA_25929,8903,4,8907,234,0.5993692088329008
lncRNA_19189,8890,16,8906,247,0.6085376241834936
lncRNA_19187,8890,16,8906,247,0.6085376241834936
lncRNA_29070,8900,6,8906,251,0.6054623326572126
lncRNA_30753,8904,2,8906,207,0.612315471044023
lncRNA_6371,8900,4,8904,253,0.6111921655111378
lncRNA_30659,8896,5,8901,220,0.5955894224908661
lncRNA_12797,8887,14,8901,223,0.5922702740526532
lncRNA_30660,8896,5,8901,220,0.5955894224908661
lncRNA_31531,8889,11,8900,227,0.6346147117975302
lncRNA_31532,8889,11,8900,227,0.6346147117975302
lncRNA_8628,8896,3,8899,212,0.5881091771886084
lncRNA_23401,8895,4,8899,195,0.6205703238612424
lncRNA_4565,8880,15,8895,223,0.6044347196213294
lncRNA_24576,8883,10,8893,238,0.5979578273554718
lncRNA_28518,8879,14,8893,250,0.6067389832941958
lncRNA_9900,8882,7,8889,201,0.6364048636300128
lncRNA_31499,8874,14,8888,225,0.6166917082492989
lncRNA_18332,8883,4,8887,217,0.5957437636934686
lncRNA_18333,8883,4,8887,217,0.5957437636934686
lncRNA_27650,8883,4,8887,186,0.6091175847818708
lncRNA_4861,8884,0,8884,179,0.5934660865454539
lncRNA_2088,8881,2,8883,229,0.6002475584172131
lncRNA_2093,8881,2,8883,229,0.6002475584172131
lncRNA_14789,8877,4,8881,194,0.5978813588859481
lncRNA_18230,8875,5,8880,187,0.606055793958403
lncRNA_30421,8873,3,8876,199,0.5947267041622188
lncRNA_8221,8871,4,8875,218,0.6202412247106068
lncRNA_28763,8865,8,8873,208,0.6030207612896367
lncRNA_30158,8868,5,8873,231,0.6214904766567539
lncRNA_13772,8851,21,8872,230,0.6119136914827704
lncRNA_15982,8858,14,8872,226,0.5962646262326529
lncRNA_2270,8868,3,8871,212,0.5914413060316066
lncRNA_4172,8862,9,8871,219,0.6156904104716594
lncRNA_28344,8869,1,8870,225,0.6026975999675478
lncRNA_9901,8861,7,8868,201,0.6363196055941985
lncRNA_9007,8865,0,8865,229,0.591756202114469
lncRNA_26177,8863,1,8864,200,0.6119478409719964
lncRNA_31691,8859,4,8863,233,0.5885319600530036
lncRNA_26536,8849,13,8862,262,0.5947279742265524
lncRNA_29552,8860,0,8860,180,0.5808851094205604
lncRNA_19393,8841,19,8860,248,0.6434603542706637
lncRNA_22873,8851,6,8857,230,0.5972331298024165
lncRNA_4533,8836,19,8855,242,0.6175470601606718
lncRNA_14226,8848,4,8852,235,0.611145501372345
lncRNA_29582,8850,2,8852,250,0.5914394847349038
lncRNA_20910,8852,0,8852,167,0.6105469325866433
lncRNA_14228,8848,4,8852,235,0.611145501372345
lncRNA_686,8852,0,8852,205,0.5935935600390491
lncRNA_21597,8836,14,8850,247,0.6064353783914415
lncRNA_4858,8849,0,8849,180,0.5927596377675792
lncRNA_30408,8843,2,8845,261,0.6013004786639479
lncRNA_2715,8841,3,8844,202,0.6057717721096857
lncRNA_30647,8837,7,8844,224,0.6026532280010117
lncRNA_26218,8839,2,8841,221,0.6028540824689117
lncRNA_3697,8832,3,8835,231,0.6289040191532118
lncRNA_025,8830,4,8834,198,0.6108460488661126
lncRNA_20505,8830,4,8834,171,0.6071426063810235
lncRNA_9617,8822,10,8832,216,0.6288881484618187
lncRNA_14844,8827,3,8830,197,0.5970435841213261
lncRNA_4859,8828,0,8828,179,0.5925756541040287
lncRNA_3798,8823,5,8828,193,0.6378214649021307
lncRNA_22570,8817,8,8825,232,0.600400004824617
lncRNA_22790,8820,5,8825,228,0.5863337309017839
lncRNA_10650,8817,4,8821,218,0.6191749401731681
lncRNA_1601,8819,0,8819,226,0.6074141505058953
lncRNA_19813,8784,34,8818,221,0.6494033395306017
lncRNA_24236,8811,4,8815,238,0.591185156167292
lncRNA_12241,8804,6,8810,196,0.6159369576138656
lncRNA_15997,8807,2,8809,203,0.6030655860312306
lncRNA_12036,8806,2,8808,225,0.6139602234486354
lncRNA_29736,8797,5,8802,209,0.6236765351632482
lncRNA_17718,8797,4,8801,229,0.5980630155302707
lncRNA_2191,8786,14,8800,193,0.6254873249634663
lncRNA_9008,8799,0,8799,227,0.5914785425271825
lncRNA_2061,8794,4,8798,217,0.6082133954258391
lncRNA_2153,8797,1,8798,217,0.6034462386583136
lncRNA_14229,8789,5,8794,234,0.6095092444600224
lncRNA_22797,8793,0,8793,218,0.6020620459608852
lncRNA_17457,8790,3,8793,214,0.5906089289129183
lncRNA_26329,8791,1,8792,197,0.6113119735542684
lncRNA_18269,8787,4,8791,215,0.5936291510326408
lncRNA_18268,8787,4,8791,215,0.5936291510326408
lncRNA_16245,8785,4,8789,258,0.6072934190412959
lncRNA_18267,8784,4,8788,215,0.5935330795013215
lncRNA_5615,8784,4,8788,193,0.5944829527072574
lncRNA_18265,8784,4,8788,215,0.5935330795013215
lncRNA_21824,8786,2,8788,223,0.5955950567417446
lncRNA_14230,8781,5,8786,234,0.6090179634356119
lncRNA_21489,8786,0,8786,158,0.6043562903606121
lncRNA_21410,8784,0,8784,209,0.6087817906268862
lncRNA_29742,8779,2,8781,213,0.6250555938712824
lncRNA_5953,8780,0,8780,213,0.6219934799331979
lncRNA_11721,8775,4,8779,221,0.6126480707438586
lncRNA_26663,8776,2,8778,244,0.6038123620959556
lncRNA_26636,8770,5,8775,170,0.6046949372191498
lncRNA_29737,8770,5,8775,208,0.6224760381344494
lncRNA_8354,8766,8,8774,173,0.6426951318230222
lncRNA_11280,8772,1,8773,201,0.6011117576682863
lncRNA_12141,8768,4,8772,236,0.6094657611664951
lncRNA_25905,8764,3,8767,199,0.6165950992783675
lncRNA_28659,8763,3,8766,216,0.6049681239565071
lncRNA_28661,8763,3,8766,216,0.6049681239565071
lncRNA_12048,8763,2,8765,215,0.6243125967853498
lncRNA_4284,8761,4,8765,220,0.6216810565670795
lncRNA_30752,8762,2,8764,205,0.6102041377446618
lncRNA_11737,8748,15,8763,211,0.6300617290932832
lncRNA_11739,8748,15,8763,211,0.6300617290932832
lncRNA_11233,8760,3,8763,257,0.6015389757131323
lncRNA_12058,8758,3,8761,223,0.5956973512005725
lncRNA_20685,8749,4,8753,232,0.5991145481296432
lncRNA_21639,8733,20,8753,229,0.6314111468348408
lncRNA_19275,8749,2,8751,207,0.591934809220257
lncRNA_29739,8739,10,8749,228,0.6100302877979663
lncRNA_30362,8738,10,8748,219,0.613614467646741
lncRNA_19839,8737,9,8746,231,0.603279099373928
lncRNA_556,8739,5,8744,173,0.602691152060164
lncRNA_28540,8741,2,8743,213,0.598762386252472
lncRNA_13748,8742,1,8743,225,0.6078039605829663
lncRNA_18075,8739,2,8741,235,0.6008830546522009
lncRNA_11035,8740,1,8741,246,0.6053399220023763
lncRNA_10445,8726,10,8736,168,0.6110959292757001
lncRNA_4085,8731,3,8734,213,0.6361850146702875
lncRNA_7148,8729,3,8732,210,0.6303590660993779
lncRNA_4173,8718,9,8727,216,0.6136918975104342
lncRNA_24405,8723,2,8725,198,0.6148242831796212
lncRNA_21623,8724,0,8724,238,0.5974790925292877
lncRNA_12021,8721,0,8721,190,0.612853163782033
lncRNA_12020,8721,0,8721,190,0.612853163782033
lncRNA_19785,8705,14,8719,248,0.6106463163038887
lncRNA_16002,8718,1,8719,228,0.5914816932170854
lncRNA_16003,8718,1,8719,228,0.5914816932170854
lncRNA_12005,8701,16,8717,240,0.6260282818678323
lncRNA_8359,8704,12,8716,166,0.6242673018494985
lncRNA_17269,8700,11,8711,207,0.5956541377237281
lncRNA_689,8695,7,8702,155,0.6115500014693013
lncRNA_17355,8680,19,8699,209,0.5958718362540975
lncRNA_17354,8680,19,8699,209,0.5958718362540975
lncRNA_29310,8693,2,8695,204,0.6167014095723757
lncRNA_11930,8676,18,8694,183,0.6043756582222868
lncRNA_4258,8681,13,8694,212,0.635575420747251
lncRNA_8648,8690,2,8692,205,0.5903772367312291
lncRNA_1589,8687,2,8689,242,0.589574627642875
lncRNA_25047,8677,11,8688,194,0.6083411621364876
lncRNA_15571,8686,2,8688,186,0.6205326953142342
lncRNA_29275,8682,2,8684,182,0.5804411937389521
lncRNA_26916,8682,1,8683,246,0.5923934109726304
lncRNA_18553,8680,2,8682,218,0.632533891140775
lncRNA_22603,8649,31,8680,220,0.6165210773973048
lncRNA_5647,8677,3,8680,199,0.6084749845818317
lncRNA_25281,8675,2,8677,191,0.5972456110798708
lncRNA_6227,8675,1,8676,234,0.5854796641553046
lncRNA_16077,8672,2,8674,217,0.6232663523107309
lncRNA_11110,8672,1,8673,219,0.5959667214094087
lncRNA_21823,8669,3,8672,223,0.5941006716190927
lncRNA_23142,8668,4,8672,209,0.5984364034439366
lncRNA_24731,8640,31,8671,204,0.6212832579812471
lncRNA_5677,8656,15,8671,240,0.6211756208160878
lncRNA_15475,8668,2,8670,220,0.5943992274302676
lncRNA_19609,8668,1,8669,243,0.6027279017354971
lncRNA_4150,8666,1,8667,235,0.5931300724027417
lncRNA_23371,8661,4,8665,180,0.5867159588049853
lncRNA_28741,8665,0,8665,217,0.611396438752772
lncRNA_20760,8659,4,8663,164,0.6043644097923063
lncRNA_11264,8660,1,8661,197,0.6125580579242605
lncRNA_29354,8658,2,8660,193,0.59896345029464
lncRNA_18276,8654,5,8659,227,0.6210537021193907
lncRNA_10373,8637,20,8657,198,0.6070580737519344
lncRNA_1312,8654,1,8655,191,0.598810679291043
lncRNA_16368,8647,2,8649,207,0.5975788046877338
lncRNA_5954,8648,0,8648,212,0.6215588261818811
lncRNA_30992,8643,2,8645,233,0.630081166763559
lncRNA_242,8641,1,8642,179,0.6297273724955197
lncRNA_3828,8638,2,8640,199,0.5964238200364005
lncRNA_26500,8625,15,8640,236,0.5930766429002423
lncRNA_20152,8634,5,8639,225,0.611080776431648
lncRNA_2268,8633,5,8638,221,0.5858293051888877
lncRNA_6015,8629,8,8637,255,0.6000475801058909
lncRNA_16645,8623,6,8629,230,0.5902796976645022
lncRNA_4235,8621,6,8627,176,0.6257129611181163
lncRNA_10889,8621,2,8623,204,0.5930958637300983
lncRNA_19835,8603,18,8621,236,0.5966409055536661
lncRNA_19191,8604,17,8621,238,0.6055079844512048
lncRNA_26703,8619,1,8620,242,0.5918267265276062
lncRNA_20757,8618,2,8620,217,0.6189019937668547
lncRNA_20756,8618,2,8620,217,0.6189019937668547
lncRNA_096,8618,1,8619,195,0.6104179954480655
lncRNA_7432,8610,8,8618,219,0.6253337924303682
lncRNA_9808,8614,3,8617,215,0.613709757682755
lncRNA_22641,8614,0,8614,194,0.6029264964293668
lncRNA_27811,8607,6,8613,191,0.6089069839923251
lncRNA_16451,8610,0,8610,218,0.600435855528702
lncRNA_1990,8603,4,8607,208,0.6364793305529928
lncRNA_1246,8604,2,8606,200,0.593889073494182
lncRNA_1245,8604,2,8606,200,0.593889073494182
lncRNA_4781,8598,7,8605,247,0.5956819096972676
lncRNA_30649,8587,18,8605,203,0.6096336842046713
lncRNA_19608,8603,1,8604,238,0.6017692903496835
lncRNA_19880,8592,11,8603,237,0.6108872962671705
lncRNA_29279,8596,5,8601,224,0.6141877787968518
lncRNA_12041,8583,15,8598,113,0.5996312327648761
lncRNA_28875,8595,2,8597,211,0.5857233919083418
lncRNA_18585,8586,8,8594,182,0.628357444332849
lncRNA_16246,8591,2,8593,233,0.6030761802724156
lncRNA_25636,8583,10,8593,223,0.5937569374692416
lncRNA_12142,8588,2,8590,205,0.5881672073169661
lncRNA_12148,8590,0,8590,210,0.5894998421512565
lncRNA_22574,8573,17,8590,218,0.6154476659389725
lncRNA_5417,8586,3,8589,226,0.590010310906863
lncRNA_9776,8584,1,8585,189,0.6047171777987914
lncRNA_5408,8553,30,8583,202,0.6265852529284264
lncRNA_19978,8574,8,8582,216,0.6045501052849711
lncRNA_11197,8553,29,8582,169,0.6032507899262438
lncRNA_27297,8580,1,8581,231,0.6117017048684203
lncRNA_12275,8579,1,8580,219,0.5981406084079659
lncRNA_12098,8579,1,8580,209,0.6075530689958364
lncRNA_12022,8577,2,8579,190,0.610297467400013
lncRNA_30410,8575,1,8576,256,0.5970732290925944
lncRNA_22858,8572,4,8576,224,0.5989619967252845
lncRNA_29759,8558,17,8575,186,0.6147290733270587
lncRNA_16367,8573,1,8574,203,0.5980251635809475
lncRNA_3179,8569,5,8574,176,0.6163779254477232
lncRNA_6223,8539,31,8570,230,0.5830276170612557
lncRNA_20149,8553,9,8562,211,0.6164339897337742
lncRNA_26243,8555,5,8560,210,0.5935249845355839
lncRNA_20148,8551,9,8560,211,0.6164204956915806
lncRNA_20506,8545,12,8557,183,0.6067597450782338
lncRNA_16157,8554,1,8555,214,0.5996569088356536
lncRNA_12119,8540,15,8555,216,0.6187042003914549
lncRNA_5777,8551,4,8555,204,0.6110096754228419
lncRNA_26741,8553,1,8554,202,0.6005196733980408
lncRNA_9577,8551,2,8553,210,0.5873070506567487
lncRNA_29408,8546,6,8552,179,0.6107667946006641
lncRNA_10374,8544,8,8552,176,0.5863183260466945
lncRNA_899,8546,6,8552,210,0.6033421756294153
lncRNA_9811,8548,3,8551,226,0.5862305054598675
lncRNA_905,8545,6,8551,209,0.6033702978366189
lncRNA_2874,8541,10,8551,239,0.6097538735699799
lncRNA_17772,8541,9,8550,224,0.6103973944135515
lncRNA_29494,8549,1,8550,203,0.5804701485378568
lncRNA_20825,8547,2,8549,216,0.6165407144275321
lncRNA_19408,8540,8,8548,181,0.6053531197266595
lncRNA_4253,8539,6,8545,203,0.6026499709025107
lncRNA_4737,8544,1,8545,235,0.591502602935297
lncRNA_6685,8536,8,8544,208,0.5977997467510261
lncRNA_7589,8528,16,8544,168,0.6145385293471585
lncRNA_2176,8542,2,8544,216,0.5903285151939728
lncRNA_13122,8530,11,8541,199,0.5978027850601602
lncRNA_13120,8530,11,8541,199,0.5978027850601602
lncRNA_6198,8537,2,8539,208,0.6012798823661787
lncRNA_3226,8533,2,8535,190,0.6176816168200654
lncRNA_17350,8533,1,8534,243,0.5875624963199185
lncRNA_7309,8530,1,8531,217,0.5890250776297381
lncRNA_5573,8505,24,8529,223,0.6038200893996112
lncRNA_23844,8523,6,8529,190,0.618432045139146
lncRNA_9991,8519,9,8528,180,0.6087411902161334
lncRNA_20608,8514,12,8526,201,0.6385113838846964
lncRNA_22568,8521,5,8526,222,0.6024090322325482
lncRNA_16145,8515,7,8522,250,0.588814565911201
lncRNA_30337,8520,1,8521,201,0.5932057253579831
lncRNA_714,8514,6,8520,179,0.6344605114582657
lncRNA_4688,8516,4,8520,204,0.6080004642656166
lncRNA_10942,8513,4,8517,192,0.5989646984702723
lncRNA_18863,8512,4,8516,184,0.5979782091120304
lncRNA_18301,8513,3,8516,218,0.6139913214935637
lncRNA_15417,8515,0,8515,193,0.618493110609742
lncRNA_29392,8505,3,8508,222,0.5854999639344127
lncRNA_2140,8507,0,8507,206,0.592515666442651
lncRNA_2179,8507,0,8507,186,0.5985696508383923
lncRNA_26830,8482,23,8505,205,0.6222318441272711
lncRNA_26187,8501,3,8504,214,0.6069383655494378
lncRNA_26443,8502,2,8504,241,0.5905234337590565
lncRNA_21991,8498,4,8502,243,0.6157373100266921
lncRNA_29738,8490,11,8501,219,0.6078286109768062
lncRNA_29394,8496,3,8499,223,0.585381432067092
lncRNA_19412,8496,3,8499,189,0.6120557415219748
lncRNA_29500,8497,2,8499,211,0.5845115814870864
lncRNA_18464,8485,11,8496,185,0.6135131463323599
lncRNA_12114,8488,6,8494,220,0.6031480551142501
lncRNA_23986,8482,9,8491,215,0.5926508228548263
lncRNA_9576,8488,1,8489,209,0.587070179729724
lncRNA_3701,8481,8,8489,150,0.5862084503449092
lncRNA_30661,8485,3,8488,208,0.594067209160942
lncRNA_11198,8480,5,8485,197,0.6079274529764789
lncRNA_8979,8484,1,8485,167,0.589346834135849
lncRNA_2037,8483,1,8484,226,0.5991012333804336
lncRNA_18571,8484,0,8484,215,0.5988700432704682
lncRNA_15495,8481,3,8484,197,0.5804910721845224
lncRNA_2902,8480,3,8483,210,0.6140033758896645
lncRNA_9855,8477,6,8483,204,0.6256802801766974
lncRNA_16158,8482,1,8483,212,0.5989938580277112
lncRNA_7504,8480,2,8482,213,0.592307889322001
lncRNA_30336,8480,1,8481,199,0.5925119148450247
lncRNA_9469,8478,1,8479,194,0.5850044166058208
lncRNA_32389,8474,5,8479,202,0.584688643860398
lncRNA_5409,8476,3,8479,245,0.6144960024053285
lncRNA_25235,8471,7,8478,169,0.5985506315015666
lncRNA_28738,8467,10,8477,254,0.6174271748810582
lncRNA_28335,8463,13,8476,211,0.5915375891834934
lncRNA_26742,8473,1,8474,202,0.5998646921692238
lncRNA_10749,8466,8,8474,196,0.63413755323656
lncRNA_1582,8470,3,8473,189,0.6025265006663375
lncRNA_31683,8459,11,8470,230,0.5971808146657561
lncRNA_30360,8463,7,8470,182,0.6018279535600686
lncRNA_14468,8465,1,8466,256,0.6009988030898185
lncRNA_10773,8463,3,8466,158,0.6099092417977738
lncRNA_29684,8447,17,8464,199,0.6122130479097881
lncRNA_27324,8457,7,8464,152,0.6208948965447852
lncRNA_5337,8459,5,8464,215,0.6290228881972734
lncRNA_2707,8454,8,8462,185,0.616497261124218
lncRNA_23957,8462,0,8462,215,0.6014409971565415
lncRNA_125,8457,3,8460,175,0.5883924313668512
lncRNA_22401,8456,2,8458,208,0.605407151486624
lncRNA_142,8457,1,8458,223,0.586264677799609
lncRNA_29329,8452,4,8456,223,0.5958834528515295
lncRNA_26495,8442,10,8452,220,0.5916089273617708
lncRNA_26496,8442,10,8452,220,0.5916089273617708
lncRNA_7540,8445,2,8447,212,0.6060783335413006
lncRNA_12120,8430,16,8446,212,0.6170800673081447
lncRNA_20147,8438,7,8445,207,0.6152145292794186
lncRNA_6383,8443,0,8443,226,0.5887675503785471
lncRNA_26950,8439,3,8442,216,0.6254005982694977
lncRNA_16081,8414,27,8441,221,0.6390293901274182
lncRNA_6375,8439,1,8440,229,0.5894777351565764
lncRNA_15674,8437,0,8437,192,0.6069413992208896
lncRNA_22959,8426,6,8432,204,0.6030260799458669
lncRNA_5928,8426,2,8428,148,0.6001141391405175
lncRNA_2321,8424,2,8426,222,0.6119046933972084
lncRNA_5467,8421,3,8424,220,0.5934682184697992
lncRNA_29696,8423,0,8423,212,0.6040119720051565
lncRNA_10729,8414,1,8415,201,0.591924777065648
lncRNA_409,8413,1,8414,210,0.587093915302075
lncRNA_408,8413,1,8414,210,0.587093915302075
lncRNA_13651,8412,2,8414,228,0.6106111594103119
lncRNA_19081,8405,6,8411,209,0.6024443891087155
lncRNA_9894,8404,5,8409,213,0.5934380055150933
lncRNA_16026,8400,3,8403,198,0.5988680925052478
lncRNA_12113,8369,31,8400,165,0.6070693712556002
lncRNA_2832,8393,5,8398,202,0.6269897174180319
lncRNA_4151,8389,7,8396,228,0.5909161078832558
lncRNA_25552,8387,8,8395,216,0.6310533237829141
lncRNA_26862,8390,4,8394,190,0.60151916602406
lncRNA_29421,8386,8,8394,211,0.6022371920439813
lncRNA_9545,8393,1,8394,193,0.6210614763544857
lncRNA_23956,8393,0,8393,216,0.6005367130968665
lncRNA_23953,8393,0,8393,216,0.6005367130968665
lncRNA_23140,8379,6,8385,181,0.581804300311369
lncRNA_20570,8365,14,8379,182,0.6020873818843026
lncRNA_4860,8377,0,8377,165,0.5864412040422544
lncRNA_21308,8373,3,8376,235,0.6057281010072031
lncRNA_23141,8366,4,8370,172,0.5838345129917706
lncRNA_9896,8363,5,8368,212,0.5931265319669287
lncRNA_28878,8366,0,8366,224,0.5827956188297074
lncRNA_10580,8360,3,8363,202,0.6006109567865615
lncRNA_4864,8361,0,8361,165,0.5861997270762513
lncRNA_19882,8356,5,8361,199,0.6368291216933644
lncRNA_28255,8350,11,8361,202,0.6389907223767195
lncRNA_5909,8346,12,8358,202,0.5869730800319556
lncRNA_4862,8358,0,8358,164,0.5861884464380193
lncRNA_2156,8352,2,8354,199,0.5971012384901168
lncRNA_31479,8341,10,8351,197,0.5885010052375376
lncRNA_10649,8348,2,8350,200,0.6003515041253626
lncRNA_17011,8338,10,8348,177,0.5726668613895172
lncRNA_8148,8335,13,8348,239,0.592486953527312
lncRNA_933,8346,2,8348,233,0.595688489269481
lncRNA_14639,8342,1,8343,211,0.590790832499718
lncRNA_32393,8339,4,8343,211,0.6098309962792156
lncRNA_28693,8341,2,8343,194,0.6094889951133293
lncRNA_19881,8335,5,8340,199,0.6365855883232284
lncRNA_23376,8335,0,8335,197,0.5914740325363159
lncRNA_619,8325,8,8333,193,0.6030009076380625
lncRNA_15949,8330,2,8332,183,0.6202812508606963
lncRNA_13801,8314,16,8330,196,0.6076481448942181
lncRNA_25796,8328,2,8330,211,0.5899679771831162
lncRNA_12023,8322,2,8324,188,0.6096424374203928
lncRNA_13803,8309,14,8323,194,0.6070852069372781
lncRNA_4377,8308,8,8316,192,0.6279703396167339
lncRNA_6841,8307,7,8314,217,0.6055962392209602
lncRNA_8887,8311,2,8313,202,0.5944875616077974
lncRNA_15673,8312,0,8312,179,0.6032171050673477
lncRNA_11175,8303,4,8307,215,0.6065172593942771
lncRNA_14940,8307,0,8307,234,0.6048183450046443
lncRNA_14941,8307,0,8307,234,0.6048183450046443
lncRNA_4149,8305,1,8306,223,0.5885777605923608
lncRNA_18270,8294,9,8303,204,0.5875390750425273
lncRNA_20945,8298,5,8303,247,0.6103602019386551
lncRNA_12269,8295,7,8302,193,0.5846779472908946
lncRNA_8642,8292,9,8301,191,0.6227538024474694
lncRNA_8688,8281,19,8300,207,0.6304010987050811
lncRNA_073,8300,0,8300,205,0.5861359938028939
lncRNA_20566,8290,8,8298,212,0.617940764549443
lncRNA_14929,8298,0,8298,252,0.5989507824015602
lncRNA_6070,8285,13,8298,234,0.6194682487576584
lncRNA_9874,8287,4,8291,215,0.6192216960505232
lncRNA_11047,8288,1,8289,223,0.5928191943662191
lncRNA_23727,8282,5,8287,156,0.6233102810286272
lncRNA_30334,8279,7,8286,212,0.6227205435811493
lncRNA_8230,8282,4,8286,192,0.6310474945399919
lncRNA_19772,8275,9,8284,201,0.5726460740671564
lncRNA_22657,8270,14,8284,234,0.587347523869751
lncRNA_29903,8281,0,8281,208,0.5808260209711961
lncRNA_15856,8279,2,8281,192,0.6090679333713982
lncRNA_1300,8267,13,8280,230,0.6232215704820795
lncRNA_24247,8276,2,8278,191,0.6072630730072237
lncRNA_5964,8275,1,8276,221,0.583743698431563
lncRNA_15435,8246,29,8275,214,0.627257344852119
lncRNA_27166,8270,3,8273,170,0.5914665174945302
lncRNA_30371,8270,3,8273,209,0.578286654205175
lncRNA_31311,8269,2,8271,201,0.6035224807014203
lncRNA_7544,8267,2,8269,209,0.6047063368290019
lncRNA_15970,8260,6,8266,233,0.5793072098105084
lncRNA_25946,8262,2,8264,232,0.606149099572731
lncRNA_3762,8261,3,8264,204,0.5870701325801619
lncRNA_23327,8259,1,8260,238,0.603853794986862
lncRNA_24320,8255,5,8260,184,0.5946111729109232
lncRNA_12145,8253,4,8257,208,0.601148132726154
lncRNA_17770,8250,7,8257,215,0.6066093836836647
lncRNA_23706,8240,13,8253,163,0.5979774981908286
lncRNA_25883,8250,2,8252,241,0.6068238522709236
lncRNA_2157,8252,0,8252,175,0.5951822163818561
lncRNA_12643,8247,2,8249,225,0.5836188458572567
lncRNA_29954,8243,1,8244,233,0.5863378404726807
lncRNA_26959,8239,3,8242,225,0.5930757763426361
lncRNA_22773,8241,1,8242,204,0.581691891186975
lncRNA_20977,8241,1,8242,235,0.5874523143377733
lncRNA_30856,8222,17,8239,210,0.6056502204057511
lncRNA_19807,8235,2,8237,221,0.5881109003372946
lncRNA_17771,8227,8,8235,216,0.6063751929036407
lncRNA_19643,8232,3,8235,188,0.5853357604597333
lncRNA_18411,8230,4,8234,227,0.5909197504926652
lncRNA_21522,8232,0,8232,223,0.5937964728599259
lncRNA_18579,8226,5,8231,224,0.581971894477261
lncRNA_24246,8227,2,8229,190,0.6060650226370405
lncRNA_2680,8216,13,8229,207,0.6396155737642397
lncRNA_2035,8223,6,8229,223,0.6090561963292158
lncRNA_9239,8220,9,8229,174,0.6077879418119698
lncRNA_16575,8216,7,8223,240,0.5866562649033805
lncRNA_23847,8219,4,8223,193,0.5745770888774452
lncRNA_16147,8215,8,8223,238,0.5855123592463004
lncRNA_22569,8216,7,8223,217,0.5999552337921854
lncRNA_20118,8213,10,8223,225,0.6073439580825573
lncRNA_30608,8172,50,8222,169,0.6192127846710175
lncRNA_14749,8209,12,8221,180,0.5884208165086103
lncRNA_29586,8219,1,8220,205,0.5910070083272397
lncRNA_19167,8218,2,8220,220,0.608305808338405
lncRNA_14750,8204,12,8216,180,0.5882902589763651
lncRNA_13670,8206,6,8212,206,0.5820676629619986
lncRNA_16679,8209,3,8212,199,0.6126649961924535
lncRNA_25610,8208,4,8212,181,0.603377125343243
lncRNA_31081,8199,13,8212,205,0.5809128366613222
lncRNA_6181,8208,2,8210,195,0.6065111727939073
lncRNA_21896,8207,2,8209,200,0.6087421175193937
lncRNA_16497,8202,6,8208,203,0.5864787466527357
lncRNA_16498,8202,6,8208,203,0.5864787466527357
lncRNA_7507,8205,2,8207,205,0.5904823604194577
lncRNA_9358,8205,1,8206,214,0.5813931281568292
lncRNA_21282,8198,8,8206,187,0.6080322239638574
lncRNA_23316,8198,6,8204,234,0.5904476048197589
lncRNA_14876,8197,2,8199,202,0.5914838728143397
lncRNA_16101,8197,0,8197,186,0.6014890389527046
lncRNA_29587,8195,1,8196,203,0.5912680555236967
lncRNA_27191,8189,5,8194,191,0.603071780145863
lncRNA_3225,8193,1,8194,190,0.5971616124652069
lncRNA_16651,8190,3,8193,236,0.5967975372277604
lncRNA_2492,8180,13,8193,185,0.5937342679958297
lncRNA_21283,8182,8,8190,186,0.6073420004763405
lncRNA_13047,8190,0,8190,194,0.5891724048016139
lncRNA_22772,8187,2,8189,191,0.5884587529289891
lncRNA_23151,8186,2,8188,195,0.58762771533991
lncRNA_4633,8184,2,8186,221,0.5985926872397787
lncRNA_10579,8181,4,8185,210,0.6013964127100329
lncRNA_29881,8166,19,8185,199,0.6298531553266452
lncRNA_7674,8183,2,8185,206,0.5861584357596862
lncRNA_26643,8183,0,8183,230,0.5871150084888707
lncRNA_26644,8183,0,8183,230,0.5871150084888707
lncRNA_20691,8178,5,8183,238,0.5950222672375409
lncRNA_23377,8182,0,8182,195,0.5898532400552651
lncRNA_11832,8176,5,8181,179,0.6022163883915845
lncRNA_11833,8176,5,8181,179,0.6022163883915845
lncRNA_15527,8176,4,8180,212,0.6085583666108768
lncRNA_4463,8168,10,8178,178,0.5995120428421247
lncRNA_10896,8166,12,8178,191,0.5951189333773209
lncRNA_31037,8164,12,8176,175,0.6071217299917026
lncRNA_30657,8154,20,8174,236,0.621774986343003
lncRNA_20086,8162,11,8173,224,0.6157912134110385
lncRNA_30108,8168,1,8169,167,0.599332034868105
lncRNA_26494,8159,9,8168,225,0.5876005365660041
lncRNA_4300,8165,3,8168,154,0.5959927215276911
lncRNA_24558,8157,6,8163,190,0.600546547524074
lncRNA_17044,8161,2,8163,172,0.6002336365564029
lncRNA_25884,8159,3,8162,243,0.6036789367198862
lncRNA_22034,8153,5,8158,208,0.5964848930146309
lncRNA_4901,8152,1,8153,179,0.5934012095669693
lncRNA_17516,8148,2,8150,171,0.6002151422465192
lncRNA_15451,8148,1,8149,180,0.6169335172722753
lncRNA_1494,8144,5,8149,166,0.6268491485105798
lncRNA_15672,8146,2,8148,173,0.6085552268405164
lncRNA_15671,8144,2,8146,174,0.6097966935195286
lncRNA_15670,8144,2,8146,174,0.6097966935195286
lncRNA_25175,8144,1,8145,193,0.5822422449911451
lncRNA_8223,8140,2,8142,208,0.5919545072477386
lncRNA_7560,8137,4,8141,166,0.6097397626378029
lncRNA_19868,8134,7,8141,197,0.606847469667702
lncRNA_14279,8136,3,8139,193,0.5961822838514477
lncRNA_22888,8134,5,8139,209,0.5989448420636213
lncRNA_12053,8134,1,8135,223,0.6038931719780013
lncRNA_26706,8131,1,8132,220,0.593270124713905
lncRNA_20936,8127,1,8128,185,0.5826597057805809
lncRNA_19664,8107,21,8128,183,0.6135204455996041
lncRNA_23958,8122,2,8124,204,0.5987852170015014
lncRNA_1025,8114,9,8123,226,0.6260948507166721
lncRNA_5353,8122,1,8123,206,0.5896646881521704
lncRNA_9157,8110,13,8123,203,0.6117067485345105
lncRNA_22887,8117,6,8123,210,0.5982441735762858
lncRNA_7545,8116,2,8118,207,0.6036410293303232
lncRNA_1355,8115,1,8116,201,0.5971795774749147
lncRNA_27944,8113,3,8116,165,0.5926188562265995
lncRNA_14552,8106,7,8113,186,0.5799308943563241
lncRNA_27193,8109,3,8112,187,0.5987235228018148
lncRNA_10957,8083,29,8112,209,0.6355186292827779
lncRNA_5472,8110,1,8111,177,0.5789596471650408
lncRNA_25106,8106,1,8107,163,0.5832997686417464
lncRNA_10515,8077,29,8106,209,0.6355551494568368
lncRNA_1420,8101,3,8104,213,0.5937963730064879
lncRNA_28744,8102,2,8104,131,0.6070956595113426
lncRNA_10513,8075,29,8104,209,0.6355863437240602
lncRNA_10511,8075,29,8104,209,0.6355863437240602
lncRNA_10512,8075,29,8104,209,0.6355863437240602
lncRNA_16868,8088,10,8098,227,0.6011117630193941
lncRNA_1417,8088,5,8093,213,0.5945922845749625
lncRNA_15025,8083,9,8092,164,0.5931823323613936
lncRNA_10923,8088,2,8090,168,0.6118209198026345
lncRNA_31137,8084,4,8088,201,0.595956683683354
lncRNA_8978,8084,2,8086,150,0.5959085518669249
lncRNA_11991,8082,4,8086,203,0.6103648867774978
lncRNA_29033,8085,0,8085,202,0.5778832550993975
lncRNA_21842,8079,3,8082,203,0.5921606625740736
lncRNA_31660,8080,2,8082,214,0.5812819126958259
lncRNA_21841,8079,3,8082,203,0.5921606625740736
lncRNA_15262,8075,6,8081,194,0.611137026433044
lncRNA_31627,8075,4,8079,197,0.5997410599956812
lncRNA_13417,8075,4,8079,217,0.5882414442000574
lncRNA_4700,8075,3,8078,165,0.5984319531461448
lncRNA_10924,8076,2,8078,168,0.6120430424467714
lncRNA_13210,8073,4,8077,224,0.5832650037257545
lncRNA_21318,8072,5,8077,144,0.5962660693916465
lncRNA_10750,8069,7,8076,162,0.5963664111990915
lncRNA_7417,8071,5,8076,235,0.5904374403665751
lncRNA_18511,8070,5,8075,205,0.6266137142264111
lncRNA_19752,8069,6,8075,238,0.6107504624163989
lncRNA_16521,8074,0,8074,211,0.595588843692931
lncRNA_16518,8074,0,8074,211,0.595588843692931
lncRNA_16519,8074,0,8074,211,0.595588843692931
lncRNA_9231,8068,6,8074,207,0.6030295135442467
lncRNA_30008,8072,0,8072,211,0.5804305987885643
lncRNA_611,8069,1,8070,148,0.5812874312970211
lncRNA_25608,8068,2,8070,189,0.5855931023561277
lncRNA_25609,8068,2,8070,189,0.5855931023561277
lncRNA_14550,8059,10,8069,189,0.6188624268101723
lncRNA_21416,8056,12,8068,236,0.6391548376278108
lncRNA_12251,8065,1,8066,206,0.5852382634209828
lncRNA_6350,8064,2,8066,209,0.6019676820062272
lncRNA_5638,8065,0,8065,192,0.6081135217577842
lncRNA_7610,8064,1,8065,214,0.5836810349312699
lncRNA_16683,8063,1,8064,199,0.6069767195540932
lncRNA_17227,8062,2,8064,176,0.5682150742709703
lncRNA_287,8036,21,8057,200,0.6086578322479311
lncRNA_9024,8055,1,8056,159,0.6099381283323013
lncRNA_17600,8051,4,8055,183,0.5906518081917986
lncRNA_12059,8054,0,8054,207,0.5924416360043256
lncRNA_22169,8049,4,8053,248,0.588596122911266
lncRNA_7537,8046,3,8049,201,0.6035042555700312
lncRNA_24557,8040,7,8047,185,0.5986618992634399
lncRNA_4660,8038,9,8047,175,0.6124445107194179
lncRNA_24556,8039,7,8046,185,0.5987144031624372
lncRNA_8048,8035,9,8044,209,0.5755680659102742
lncRNA_19047,8034,9,8043,215,0.6271262245543875
lncRNA_15691,8002,39,8041,211,0.6430295571292766
lncRNA_18412,8038,3,8041,213,0.5904026632313936
lncRNA_12060,8040,0,8040,207,0.5925109052983459
lncRNA_10514,8008,27,8035,206,0.6349532390245315
lncRNA_16006,8028,6,8034,210,0.601747869053909
lncRNA_13448,8028,5,8033,191,0.6021530210656778
lncRNA_16891,7986,47,8033,147,0.6020475239522739
lncRNA_17630,8029,3,8032,164,0.5768078849270419
lncRNA_30335,8009,20,8029,203,0.6215856817782615
lncRNA_7535,8022,3,8025,200,0.6031438635439103
lncRNA_29612,8011,13,8024,229,0.6078872069600127
lncRNA_9847,8017,4,8021,208,0.6127370119662585
lncRNA_2142,8018,2,8020,195,0.5943322202519496
lncRNA_16286,8009,10,8019,184,0.6006885651562904
lncRNA_10565,8012,3,8015,189,0.5932291457521055
lncRNA_31274,8006,9,8015,209,0.6035882952141924
lncRNA_22916,8006,2,8008,197,0.5903424108092363
lncRNA_28714,8004,4,8008,160,0.6026090244336851
lncRNA_16572,8002,5,8007,233,0.585314579175757
lncRNA_15027,7994,9,8003,158,0.5922676688096399
lncRNA_7566,7992,7,7999,227,0.5898930706816456
lncRNA_6783,7993,4,7997,161,0.6021554504771613
lncRNA_16574,7991,5,7996,233,0.5853161321062897
lncRNA_22496,7990,6,7996,207,0.6285670402407155
lncRNA_19607,7988,3,7991,218,0.589358138913666
lncRNA_591,7988,3,7991,199,0.604515997660086
lncRNA_9340,7985,5,7990,237,0.5953890683123596
lncRNA_2737,7987,0,7987,209,0.5883505612776384
lncRNA_32301,7976,10,7986,198,0.5809868702332213
lncRNA_11176,7978,7,7985,225,0.5955416221156472
lncRNA_25800,7981,3,7984,141,0.5778103093140671
lncRNA_1234,7960,22,7982,183,0.6010813277880694
lncRNA_16892,7933,48,7981,146,0.60273647238419
lncRNA_23726,7972,5,7977,132,0.6061335180836414
lncRNA_24197,7973,3,7976,193,0.5737472739955692
lncRNA_7546,7973,2,7975,208,0.6014947138788664
lncRNA_28720,7968,6,7974,164,0.6218696604370961
lncRNA_30149,7973,1,7974,216,0.5894912525867999
lncRNA_14520,7968,3,7971,181,0.579477046199347
lncRNA_21321,7959,5,7964,142,0.5961309983309624
lncRNA_29280,7960,3,7963,209,0.608258503386044
lncRNA_17473,7951,10,7961,203,0.6033051564451387
lncRNA_31091,7957,3,7960,202,0.5859957339037039
lncRNA_2719,7952,0,7952,229,0.5771034931022136
lncRNA_7675,7947,3,7950,217,0.5835138924205406
lncRNA_584,7942,4,7946,192,0.6209755699624679
lncRNA_627,7937,7,7944,193,0.5896264261579663
lncRNA_30738,7928,15,7943,175,0.618392733219053
lncRNA_28385,7937,0,7937,197,0.5953714969484011
lncRNA_28009,7931,2,7933,204,0.6149450304721926
lncRNA_9494,7928,4,7932,242,0.5932383445526891
lncRNA_19192,7914,18,7932,224,0.5976050130536887
lncRNA_2361,7931,0,7931,170,0.5825073226483632
lncRNA_927,7895,35,7930,203,0.6358830472700246
lncRNA_19766,7921,7,7928,221,0.5898960602613907
lncRNA_27309,7918,6,7924,204,0.5984637760842723
lncRNA_3902,7909,15,7924,203,0.6199129169805494
lncRNA_29034,7924,0,7924,198,0.5764119430786828
lncRNA_19148,7921,1,7922,188,0.584857070774864
lncRNA_9962,7915,6,7921,224,0.5896122954359068
lncRNA_21856,7911,10,7921,200,0.5992319409109998
lncRNA_14374,7911,9,7920,209,0.5804832246200015
lncRNA_20251,7912,8,7920,144,0.5861940350382614
lncRNA_25990,7918,0,7918,183,0.5840461885877372
lncRNA_9017,7911,2,7913,165,0.5946801590476379
lncRNA_27490,7894,19,7913,179,0.6189657787689123
lncRNA_9341,7907,4,7911,235,0.5935338737857091
lncRNA_26514,7910,1,7911,221,0.5847063788001624
lncRNA_8281,7907,3,7910,218,0.5868268210641904
lncRNA_19872,7900,8,7908,144,0.586092326183659
lncRNA_7301,7906,1,7907,206,0.5886948893171718
lncRNA_800,7905,1,7906,164,0.6158067646482284
lncRNA_134,7875,26,7901,201,0.6099774475829949
lncRNA_133,7875,26,7901,201,0.6099774475829949
lncRNA_11873,7897,2,7899,185,0.6112882357482293
lncRNA_11874,7897,2,7899,185,0.6112882357482293
lncRNA_19873,7890,8,7898,144,0.5859927688983373
lncRNA_24284,7888,10,7898,183,0.6071688563512407
lncRNA_5625,7896,2,7898,189,0.6216332042252265
lncRNA_26734,7893,3,7896,133,0.6067928768504153
lncRNA_25180,7890,6,7896,218,0.5902162991247689
lncRNA_14815,7887,5,7892,187,0.5871088038439007
lncRNA_26689,7891,1,7892,201,0.5937530749297802
lncRNA_26488,7872,20,7892,245,0.5873311865576624
lncRNA_18931,7890,0,7890,185,0.5927920296308657
lncRNA_18932,7889,0,7889,185,0.5927120745603252
lncRNA_20687,7884,3,7887,224,0.5846309298620798
lncRNA_26217,7878,7,7885,181,0.6008023917675854
lncRNA_10380,7864,19,7883,191,0.6288183342485428
lncRNA_21322,7874,5,7879,141,0.5955185713316931
lncRNA_17734,7878,0,7878,151,0.5813511757616862
lncRNA_27484,7874,3,7877,194,0.5956374878321045
lncRNA_2034,7873,3,7876,185,0.6154991416053893
lncRNA_18260,7861,15,7876,156,0.5970107175849623
lncRNA_8146,7863,11,7874,220,0.6053481266129085
lncRNA_4645,7869,4,7873,169,0.6214464022697416
lncRNA_18966,7868,1,7869,192,0.5860755810633355
lncRNA_1133,7863,5,7868,193,0.6069113254769605
lncRNA_16461,7867,1,7868,190,0.5877927344839056
lncRNA_25741,7865,1,7866,204,0.6133454345562103
lncRNA_950,7863,3,7866,185,0.5998434747807402
lncRNA_20899,7780,83,7863,180,0.6247369936220228
lncRNA_21253,7861,0,7861,165,0.6023524441322737
lncRNA_10368,7851,9,7860,208,0.6104963001839896
lncRNA_29268,7845,13,7858,194,0.6308538738599192
lncRNA_2745,7854,3,7857,174,0.5802620456958997
lncRNA_15000,7850,6,7856,190,0.6172448184550591
lncRNA_29176,7840,14,7854,201,0.6252507853711133
lncRNA_26422,7839,11,7850,198,0.5865810537072841
lncRNA_16018,7841,6,7847,170,0.5922348405265253
lncRNA_16021,7841,6,7847,170,0.5922348405265253
lncRNA_13665,7836,10,7846,219,0.5964016365329872
lncRNA_7037,7844,0,7844,184,0.5989658029512961
lncRNA_2033,7841,3,7844,186,0.615808693473557
lncRNA_17736,7842,0,7842,153,0.5817028872722453
lncRNA_24737,7832,7,7839,148,0.595102331670401
lncRNA_4468,7829,8,7837,148,0.6135902642393233
lncRNA_24555,7817,8,7825,180,0.5952566847328102
lncRNA_14541,7819,1,7820,189,0.5852549491745052
lncRNA_16062,7811,7,7818,169,0.6167455719920587
lncRNA_17341,7809,8,7817,245,0.5878108547475449
lncRNA_5639,7800,14,7814,188,0.5942359432448522
lncRNA_31474,7794,19,7813,193,0.5904484365369134
lncRNA_6344,7809,1,7810,195,0.5780084960899797
lncRNA_362,7810,0,7810,213,0.5801457835649614
lncRNA_18546,7808,0,7808,179,0.5872437178903442
lncRNA_11688,7806,1,7807,220,0.5905018761778896
lncRNA_7402,7805,1,7806,154,0.5981608222117164
lncRNA_874,7799,4,7803,210,0.5868556100747612
lncRNA_13455,7791,12,7803,197,0.6427647153459732
lncRNA_9725,7786,17,7803,180,0.5961889634023861
lncRNA_5220,7799,1,7800,171,0.60049478765659
lncRNA_20150,7792,7,7799,189,0.6065164086630903
lncRNA_15539,7796,2,7798,189,0.6127510696141854
lncRNA_21320,7792,6,7798,137,0.5935091654548853
lncRNA_617,7792,5,7797,164,0.5914965538684381
lncRNA_28233,7796,1,7797,182,0.598479586492546
lncRNA_2739,7795,0,7795,220,0.5866600764006994
lncRNA_5794,7793,2,7795,224,0.5833831433937379
lncRNA_5795,7793,2,7795,224,0.5833831433937379
lncRNA_19918,7792,1,7793,178,0.5685777718115131
lncRNA_3948,7754,39,7793,192,0.6261672811228036
lncRNA_4469,7782,8,7790,144,0.6153791340660926
lncRNA_14196,7784,1,7785,189,0.5965269933034301
lncRNA_2863,7785,0,7785,163,0.6021077154046658
lncRNA_8663,7742,41,7783,164,0.6107150432582477
lncRNA_14285,7776,6,7782,217,0.5958469288924297
lncRNA_17019,7774,8,7782,179,0.5729183617319538
lncRNA_1359,7777,1,7778,198,0.5941524671639492
lncRNA_18099,7771,5,7776,205,0.6172896762491397
lncRNA_21881,7775,0,7775,183,0.5789489758909117
lncRNA_28879,7774,0,7774,200,0.574729952360936
lncRNA_9016,7773,0,7773,170,0.6037164231383498
lncRNA_3163,7766,5,7771,158,0.5889781955843727
lncRNA_7424,7734,37,7771,186,0.6041998016348364
lncRNA_17569,7766,3,7769,153,0.5847640226179182
lncRNA_9953,7763,2,7765,182,0.5863503955107232
lncRNA_12904,7754,10,7764,212,0.6072583415815538
lncRNA_273,7760,2,7762,153,0.5714788856566021
lncRNA_9584,7759,3,7762,208,0.5952088977794774
lncRNA_19270,7758,1,7759,153,0.6137765936760154
lncRNA_29415,7755,1,7756,159,0.5913563789708517
lncRNA_9381,7754,0,7754,212,0.593146773710546
lncRNA_2755,7737,16,7753,177,0.6106266820750581
lncRNA_30613,7745,3,7748,197,0.5851001443581165
lncRNA_11048,7745,3,7748,211,0.5882846922149517
lncRNA_22022,7746,1,7747,174,0.5861515824638597
lncRNA_8385,7739,8,7747,204,0.5877292064131929
lncRNA_10702,7741,5,7746,217,0.6133779051575075
lncRNA_17175,7731,10,7741,198,0.5938096386665275
lncRNA_19086,7729,11,7740,133,0.6127105257845223
lncRNA_17347,7737,2,7739,215,0.591921622869226
lncRNA_29295,7735,1,7736,212,0.5780638736840215
lncRNA_29296,7734,1,7735,212,0.5780585826288193
lncRNA_2742,7733,0,7733,219,0.5865463486428727
lncRNA_2744,7733,0,7733,219,0.5865463486428727
lncRNA_6687,7729,3,7732,179,0.6010644200609171
lncRNA_11693,7720,11,7731,205,0.6239454805462841
lncRNA_8364,7725,5,7730,187,0.5790775083106808
lncRNA_14032,7725,1,7726,215,0.5840239824466765
lncRNA_250,7716,6,7722,221,0.5922475192635639
lncRNA_11984,7713,7,7720,201,0.5952370372595134
lncRNA_17735,7718,0,7718,148,0.5809222300538358
lncRNA_16581,7717,1,7718,206,0.6014845779668323
lncRNA_20595,7711,5,7716,174,0.626475283424326
lncRNA_27061,7716,0,7716,156,0.5849359417663835
lncRNA_30707,7708,4,7712,195,0.6203199319296001
lncRNA_15265,7703,6,7709,204,0.5831783409995969
lncRNA_2741,7699,0,7699,217,0.5860576210454347
lncRNA_31724,7692,5,7697,151,0.6103567207490135
lncRNA_11042,7692,3,7695,189,0.6026474491289657
lncRNA_27304,7690,3,7693,199,0.63148883051788
lncRNA_27302,7690,3,7693,199,0.63148883051788
lncRNA_6979,7692,1,7693,193,0.6079963100160838
lncRNA_15561,7681,8,7689,192,0.6059449403220071
lncRNA_24983,7659,25,7684,194,0.6090369108875118
lncRNA_16527,7676,4,7680,165,0.6227063267818516
lncRNA_25866,7672,4,7676,188,0.6273819949047978
lncRNA_25678,7672,4,7676,188,0.6273819949047978
lncRNA_25865,7672,4,7676,188,0.6273819949047978
lncRNA_22884,7675,1,7676,188,0.5889177469138709
lncRNA_18285,7673,3,7676,176,0.6033287793243655
lncRNA_28207,7670,3,7673,149,0.5821017578425914
lncRNA_14060,7660,9,7669,229,0.5877776960757628
lncRNA_23341,7634,35,7669,199,0.625385612410974
lncRNA_5975,7666,1,7667,151,0.6083097450385315
lncRNA_1608,7659,6,7665,158,0.6068925671228118
lncRNA_583,7663,1,7664,211,0.5723936307909324
lncRNA_24249,7661,3,7664,208,0.5965305019608202
lncRNA_24742,7659,4,7663,191,0.587746848756097
lncRNA_22463,7660,0,7660,183,0.606113006371873
lncRNA_29581,7652,6,7658,221,0.5752805276681118
lncRNA_20252,7651,4,7655,127,0.5788444151800237
lncRNA_20853,7652,2,7654,172,0.6090196149347229
lncRNA_29753,7642,10,7652,215,0.5799766055911637
lncRNA_22796,7645,4,7649,188,0.5796276135130148
lncRNA_22821,7637,10,7647,209,0.6108284638669899
lncRNA_951,7644,3,7647,179,0.5981789656917567
lncRNA_26502,7637,9,7646,193,0.585439547376182
lncRNA_29677,7642,3,7645,218,0.5848303401954509
lncRNA_32330,7645,0,7645,215,0.5871477429272699
lncRNA_15007,7634,9,7643,133,0.5979007741339881
lncRNA_6951,7641,2,7643,194,0.5796062760326922
lncRNA_6076,7635,3,7638,200,0.622045036149882
lncRNA_6075,7635,3,7638,200,0.622045036149882
lncRNA_12901,7625,10,7635,198,0.5944325118596991
lncRNA_11818,7633,1,7634,194,0.5699527900858238
lncRNA_14212,7629,4,7633,160,0.5852066078886684
lncRNA_11842,7630,2,7632,209,0.5935877853042979
lncRNA_20596,7619,12,7631,157,0.6072612948709238
lncRNA_7130,7627,4,7631,151,0.6035489913510016
lncRNA_3215,7615,14,7629,196,0.6149291279413756
lncRNA_28856,7612,13,7625,192,0.5882654137541246
lncRNA_16159,7619,2,7621,185,0.5890127550762964
lncRNA_16952,7593,25,7618,174,0.5805282697348775
lncRNA_30535,7616,0,7616,197,0.5818622729040877
lncRNA_22733,7611,2,7613,149,0.5776585991813862
lncRNA_22734,7611,2,7613,149,0.5776585991813862
lncRNA_15598,7598,14,7612,198,0.618494277699778
lncRNA_22920,7612,0,7612,197,0.5855426544513158
lncRNA_9950,7609,3,7612,158,0.6104683825820256
lncRNA_14757,7603,7,7610,206,0.5943494912229814
lncRNA_30611,7603,3,7606,197,0.5836818675530066
lncRNA_082,7550,53,7603,190,0.6188812756631755
lncRNA_17359,7600,2,7602,206,0.5880223819855779
lncRNA_179,7597,3,7600,179,0.5978806067123765
lncRNA_16539,7589,9,7598,203,0.6126658337519809
lncRNA_26476,7584,12,7596,190,0.577175163424642
lncRNA_4404,7592,1,7593,176,0.5881992263649526
lncRNA_19614,7572,17,7589,217,0.5949795526641826
lncRNA_30949,7578,11,7589,178,0.5987412927669601
lncRNA_30015,7589,0,7589,199,0.574212979111687
lncRNA_7492,7587,1,7588,183,0.5785678097313501
lncRNA_2247,7570,14,7584,183,0.5852354499986745
lncRNA_16194,7580,1,7581,191,0.5747504080128607
lncRNA_055,7556,24,7580,182,0.6473690830239013
lncRNA_12186,7578,1,7579,167,0.576077872849999
lncRNA_13009,7575,1,7576,173,0.5868255971542994
lncRNA_8398,7563,5,7568,194,0.5782779354087277
lncRNA_14542,7553,15,7568,172,0.5815944149095711
lncRNA_8412,7563,5,7568,194,0.5782779354087277
lncRNA_8409,7563,5,7568,194,0.5782779354087277
lncRNA_30536,7561,0,7561,195,0.5813351448556299
lncRNA_13416,7557,4,7561,203,0.5848087837294454
lncRNA_14759,7553,8,7561,207,0.5974929050155584
lncRNA_3822,7558,2,7560,154,0.5867966978935525
lncRNA_19909,7558,2,7560,194,0.5814613967232375
lncRNA_14761,7551,8,7559,207,0.5975705805292266
lncRNA_21419,7549,9,7558,220,0.5909181719110307
lncRNA_16570,7554,1,7555,199,0.5921265312124
lncRNA_2727,7541,14,7555,202,0.6113796032799829
lncRNA_23810,7554,1,7555,179,0.5794747419949272
lncRNA_14105,7544,10,7554,160,0.5993384570115184
lncRNA_25993,7545,5,7550,159,0.5827027439789169
lncRNA_6125,7543,4,7547,196,0.591332927466217
lncRNA_19251,7545,2,7547,192,0.5805773115601628
lncRNA_25925,7543,4,7547,200,0.5804525792114045
lncRNA_26799,7545,1,7546,190,0.5884222294334003
lncRNA_12173,7541,5,7546,213,0.6074756970468587
lncRNA_7341,7534,3,7537,202,0.6099356827295573
lncRNA_24428,7536,0,7536,172,0.5758723567307518
lncRNA_28532,7525,6,7531,153,0.6069191680268444
lncRNA_8404,7523,3,7526,184,0.5788731118386488
lncRNA_16272,7522,2,7524,198,0.5901649206208625
lncRNA_7542,7523,1,7524,194,0.592872248639867
lncRNA_3080,7479,44,7523,195,0.6341593173683713
lncRNA_15599,7504,12,7516,194,0.6156661103070649
lncRNA_10934,7510,5,7515,176,0.5704502572154213
lncRNA_23811,7514,1,7515,179,0.5807533622653359
lncRNA_8480,7504,10,7514,204,0.5974193869982579
lncRNA_7750,7513,0,7513,136,0.586328473139802
lncRNA_20486,7507,5,7512,152,0.6050388603624631
lncRNA_2491,7500,10,7510,168,0.592183022582565
lncRNA_6247,7482,28,7510,206,0.6018616221486205
lncRNA_16623,7505,4,7509,209,0.5881621084409888
lncRNA_1576,7416,93,7509,175,0.6215110274891374
lncRNA_23212,7498,10,7508,205,0.6042510776673806
lncRNA_1577,7415,93,7508,175,0.6215082626590097
lncRNA_786,7491,14,7505,143,0.6025148801271101
lncRNA_787,7491,14,7505,143,0.6025148801271101
lncRNA_28257,7492,12,7504,157,0.5995961665078536
lncRNA_4403,7502,1,7503,174,0.587235567056311
lncRNA_2859,7493,8,7501,228,0.581413529208687
lncRNA_4872,7493,6,7499,182,0.5908235327018656
lncRNA_8890,7492,7,7499,186,0.5850252272694756
lncRNA_1188,7490,5,7495,190,0.6160368800157504
lncRNA_29269,7488,2,7490,171,0.5890062029992497
lncRNA_23100,7484,5,7489,188,0.5954937291974112
lncRNA_11678,7487,2,7489,142,0.5935236230580508
lncRNA_10997,7486,2,7488,170,0.5811327847915078
lncRNA_11929,7472,16,7488,147,0.5871505108612439
lncRNA_2095,7485,0,7485,203,0.5837450274184304
lncRNA_23352,7456,29,7485,189,0.609420616003741
lncRNA_17265,7462,20,7482,173,0.5758019665251323
lncRNA_14828,7477,4,7481,147,0.584301114179067
lncRNA_29713,7472,8,7480,149,0.5730993375505914
lncRNA_24989,7469,10,7479,175,0.578528973830264
lncRNA_24990,7469,10,7479,175,0.578528973830264
lncRNA_11087,7472,4,7476,201,0.5952316313289102
lncRNA_23356,7460,13,7473,168,0.5744197223476621
lncRNA_21468,7467,1,7468,191,0.5898906588798047
lncRNA_8659,7467,0,7467,214,0.5837019630867909
lncRNA_21192,7462,3,7465,191,0.5867559044952485
lncRNA_10740,7454,9,7463,171,0.5954786623660412
lncRNA_12249,7459,3,7462,195,0.5872898067655705
lncRNA_3814,7457,5,7462,171,0.6205428527010382
lncRNA_5626,7457,2,7459,180,0.6195218976196039
lncRNA_20183,7436,17,7453,196,0.5812112763107122
lncRNA_25590,7451,2,7453,207,0.5827533135776112
lncRNA_094,7439,11,7450,181,0.5789522993855485
lncRNA_1193,7446,1,7447,191,0.5916847056388734
lncRNA_11917,7442,3,7445,160,0.6078636916871052
lncRNA_22462,7444,0,7444,176,0.6054120103001743
lncRNA_26927,7442,2,7444,227,0.5835836692589627
lncRNA_5851,7440,1,7441,223,0.5885795118399346
lncRNA_26664,7436,4,7440,216,0.5916837923754108
lncRNA_4168,7439,1,7440,167,0.5792717751069344
lncRNA_29676,7436,4,7440,185,0.5805769606784581
lncRNA_2064,7424,15,7439,177,0.6053262723246682
lncRNA_19072,7433,6,7439,210,0.5968495528477314
lncRNA_10741,7428,9,7437,171,0.5951179863664366
lncRNA_20903,7427,10,7437,163,0.6221348309276388
lncRNA_086,7434,2,7436,182,0.587631190501051
lncRNA_085,7434,2,7436,182,0.587631190501051
lncRNA_364,7434,0,7434,166,0.6033558344600735
lncRNA_25579,7432,2,7434,191,0.5903714035907459
lncRNA_20119,7381,46,7427,190,0.6398242410125216
lncRNA_11046,7423,3,7426,202,0.5870187516486537
lncRNA_30013,7420,2,7422,189,0.5732987494043351
lncRNA_1586,7414,8,7422,232,0.6036454511673245
lncRNA_12039,7418,2,7420,120,0.5806751729868543
lncRNA_1106,7413,7,7420,204,0.588401324425462
lncRNA_2097,7417,0,7417,211,0.5832407505208953
lncRNA_8234,7410,5,7415,161,0.5817802125584385
lncRNA_25181,7409,6,7415,178,0.6032439828523587
lncRNA_5903,7411,1,7412,148,0.586780289223642
lncRNA_783,7395,14,7409,140,0.6004767421664373
lncRNA_12195,7406,2,7408,199,0.58942977240249
lncRNA_3937,7405,0,7405,130,0.5929873735301074
lncRNA_2096,7400,0,7400,210,0.5826857320606932
lncRNA_25817,7383,15,7398,172,0.6262134569310168
lncRNA_12002,7383,13,7396,206,0.593666089313983
lncRNA_27303,7396,0,7396,179,0.6222717336510253
lncRNA_11914,7390,4,7394,165,0.6067798578503096
lncRNA_9683,7377,17,7394,198,0.6350263489307847
lncRNA_9970,7382,12,7394,185,0.6080364759567827
lncRNA_699,7389,5,7394,220,0.5859017586896157
lncRNA_2938,7393,0,7393,163,0.5904285136045107
lncRNA_6078,7390,3,7393,198,0.6181591971467564
lncRNA_9846,7389,4,7393,189,0.6072825324547405
lncRNA_25439,7386,5,7391,146,0.5898625095282327
lncRNA_26704,7390,1,7391,195,0.5847279273817524
lncRNA_8373,7385,4,7389,118,0.5791662307957651
lncRNA_9610,7376,9,7385,194,0.5925981501674947
lncRNA_3081,7339,45,7384,194,0.6374557808777724
lncRNA_17538,7377,7,7384,156,0.5885094426277154
lncRNA_13147,7379,3,7382,187,0.579105868058515
lncRNA_6904,7381,0,7381,151,0.5880903690216475
lncRNA_1093,7375,4,7379,189,0.5935467626887565
lncRNA_20611,7366,13,7379,156,0.6098123883267927
lncRNA_20612,7366,13,7379,156,0.6098123883267927
lncRNA_24395,7346,30,7376,161,0.6201010651082157
lncRNA_1906,7371,4,7375,142,0.5836161532600138
lncRNA_5984,7375,0,7375,156,0.6042224309007206
lncRNA_21956,7370,5,7375,189,0.5881305078509637
lncRNA_22536,7372,2,7374,180,0.5928624805567071
lncRNA_26919,7364,8,7372,239,0.5805799188870115
lncRNA_722,7369,2,7371,164,0.5919712930870741
lncRNA_2655,7366,4,7370,164,0.6131758869957709
lncRNA_5724,7361,5,7366,193,0.5923769230529083
lncRNA_25176,7346,17,7363,108,0.5795605270417509
lncRNA_30190,7360,3,7363,178,0.5773114348816716
lncRNA_18271,7354,7,7361,187,0.5945933865106363
lncRNA_6376,7358,1,7359,197,0.5818752002977474
lncRNA_12042,7356,2,7358,219,0.5891327660022989
lncRNA_2043,7349,8,7357,165,0.6228238193090407
lncRNA_4252,7354,2,7356,183,0.5935078521582478
lncRNA_24164,7355,0,7355,188,0.5906111544775476
lncRNA_17752,7347,8,7355,237,0.5807561326874027
lncRNA_8863,7331,14,7345,136,0.6076390016853561
lncRNA_31776,7341,3,7344,157,0.605282410074102
lncRNA_14606,7342,0,7342,201,0.6010541555455483
lncRNA_32109,7330,11,7341,194,0.6106402079377857
lncRNA_3167,7340,0,7340,189,0.5896588071815634
lncRNA_8986,7336,3,7339,210,0.5880421407503195
lncRNA_11088,7334,4,7338,198,0.594565528007545
lncRNA_15540,7332,4,7336,178,0.5941101274752464
lncRNA_18341,7334,1,7335,199,0.578293571728417
lncRNA_18477,7332,2,7334,195,0.5944957011020294
lncRNA_8984,7310,15,7325,198,0.6149159607416694
lncRNA_25308,7318,4,7322,162,0.5909183450843679
lncRNA_9772,7315,7,7322,171,0.5789631013118852
lncRNA_2690,7318,3,7321,214,0.5774333652007942
lncRNA_16956,7291,26,7317,194,0.5728882786683233
lncRNA_11856,7280,36,7316,194,0.5934937661093359
lncRNA_22180,7303,12,7315,231,0.6200177078929832
lncRNA_11859,7302,9,7311,185,0.6087009516332246
lncRNA_18847,7288,19,7307,166,0.5767999116312036
lncRNA_15013,7271,36,7307,168,0.5998535771519067
lncRNA_15012,7271,36,7307,168,0.5998535771519067
lncRNA_13791,7301,6,7307,183,0.5727310577800835
lncRNA_15015,7269,37,7306,168,0.599638709399085
lncRNA_25307,7302,4,7306,163,0.5909870684376454
lncRNA_1009,7301,3,7304,159,0.6068902072195985
lncRNA_18408,7293,10,7303,143,0.6097870624173379
lncRNA_23115,7294,7,7301,176,0.5768027660202528
lncRNA_28858,7273,27,7300,218,0.592287450492127
lncRNA_15643,7271,27,7298,226,0.5872788914340805
lncRNA_13762,7291,4,7295,188,0.5763116673875518
lncRNA_25614,7294,1,7295,165,0.5980481204374252
lncRNA_6037,7293,2,7295,187,0.574887635211634
lncRNA_13781,7287,6,7293,162,0.5865255626047452
lncRNA_20887,7291,2,7293,163,0.5923631976786975
lncRNA_2822,7288,2,7290,175,0.622845748355938
lncRNA_18296,7287,0,7287,178,0.5798922536389874
lncRNA_18453,7284,1,7285,171,0.5840091416233958
lncRNA_5902,7282,1,7283,147,0.583151226530258
lncRNA_1347,7279,2,7281,135,0.5792931379877003
lncRNA_18284,7276,4,7280,215,0.6044160984166291
lncRNA_7536,7275,4,7279,206,0.5929367199335409
lncRNA_6025,7269,9,7278,166,0.6410613877478827
lncRNA_4447,7275,3,7278,133,0.5882246702870553
lncRNA_23093,7273,2,7275,182,0.5758918958732793
lncRNA_19149,7270,2,7272,168,0.5789551980968424
lncRNA_14284,7265,5,7270,182,0.5902682488391096
lncRNA_19735,7263,3,7266,193,0.5824856455202311
lncRNA_13671,7256,6,7262,192,0.5688958580186079
lncRNA_7567,7257,3,7260,220,0.5821730509045108
lncRNA_27776,7257,2,7259,213,0.5813666370104791
lncRNA_21556,7245,9,7254,180,0.5752993868134331
lncRNA_14424,7252,1,7253,213,0.5851932124409138
lncRNA_14423,7251,2,7253,213,0.5851233758276335
lncRNA_18188,7247,5,7252,169,0.6126616008580282
lncRNA_9895,7245,7,7252,178,0.5863325766571833
lncRNA_29537,7251,0,7251,127,0.5893867667759408
lncRNA_28745,7247,2,7249,158,0.5955646168410055
lncRNA_25777,7225,23,7248,194,0.60262926813597
lncRNA_14999,7237,6,7243,202,0.5888988243753761
lncRNA_19874,7233,7,7240,120,0.5786017475115764
lncRNA_19166,7237,3,7240,197,0.601916309717278
lncRNA_2797,7234,6,7240,148,0.5921207482432783
lncRNA_21474,7237,0,7237,164,0.6005390431191622
lncRNA_6278,7225,10,7235,174,0.6033853475458706
lncRNA_18176,7207,26,7233,153,0.5992273620215011
lncRNA_10521,7228,5,7233,173,0.5942376458302416
lncRNA_22546,7222,10,7232,215,0.6012384125145268
lncRNA_20670,7230,2,7232,130,0.6020989581550071
lncRNA_32314,7229,1,7230,205,0.5879781689688804
lncRNA_26957,7218,11,7229,187,0.6072793038780727
lncRNA_29416,7223,3,7226,162,0.5978941086971697
lncRNA_13199,7216,9,7225,194,0.5758129241617166
lncRNA_24365,7219,6,7225,171,0.5867799826157519
lncRNA_24587,7223,1,7224,144,0.5902971996764358
lncRNA_3089,7220,3,7223,120,0.5836129339062536
lncRNA_23928,7215,2,7217,134,0.607373917489389
lncRNA_21251,7217,0,7217,147,0.5989843131140544
lncRNA_8710,7213,3,7216,150,0.5839036134735757
lncRNA_25177,7192,22,7214,104,0.5778332163219176
lncRNA_30135,7211,3,7214,221,0.5937442740484814
lncRNA_11115,7212,1,7213,170,0.5861253815726184
lncRNA_825,7205,7,7212,159,0.5881658756391005
lncRNA_31662,7199,12,7211,200,0.5750972143329726
lncRNA_4200,7207,2,7209,189,0.6006919715678486
lncRNA_3219,7204,0,7204,197,0.5957127047893165
lncRNA_821,7198,2,7200,176,0.592680944699017
lncRNA_12344,7197,2,7199,188,0.601671590234014
lncRNA_14584,7193,3,7196,181,0.5893190013616015
lncRNA_22176,7188,7,7195,217,0.5898282650239902
lncRNA_3907,7193,1,7194,118,0.5990111367865505
lncRNA_20487,7189,5,7194,148,0.6060174092734898
lncRNA_20741,7188,5,7193,147,0.6055240811133494
lncRNA_26363,7185,7,7192,146,0.5892166099760964
lncRNA_21962,7191,0,7191,196,0.564202536197536
lncRNA_26691,7186,3,7189,216,0.5846836229804504
lncRNA_26690,7186,3,7189,216,0.5846836229804504
lncRNA_28751,7183,4,7187,157,0.6026334663622933
lncRNA_30747,7185,1,7186,209,0.5713068504432921
lncRNA_15019,7145,39,7184,168,0.5985566027983188
lncRNA_21963,7182,0,7182,196,0.5641178777477467
lncRNA_3066,7182,0,7182,152,0.5734557939520791
lncRNA_8415,7175,5,7180,181,0.5742499394549132
lncRNA_8399,7175,5,7180,181,0.5742499394549132
lncRNA_8413,7175,5,7180,181,0.5742499394549132
lncRNA_19386,7176,0,7176,204,0.5947157569194653
lncRNA_12505,7176,0,7176,198,0.5853411651022836
lncRNA_30151,7173,2,7175,186,0.5788185952291317
lncRNA_1356,7173,1,7174,186,0.5892773322471074
lncRNA_14382,7169,1,7170,166,0.5734731529769864
lncRNA_3054,7133,33,7166,195,0.5872777706241282
lncRNA_6384,7166,0,7166,205,0.578361591336497
lncRNA_2028,7161,4,7165,185,0.612822552187399
lncRNA_17309,7162,3,7165,166,0.5765874512855748
lncRNA_32316,7155,10,7165,183,0.5722466656929383
lncRNA_20192,7143,22,7165,201,0.5744930114651045
lncRNA_20191,7143,22,7165,201,0.5744930114651045
lncRNA_25370,7159,4,7163,193,0.6108363332634725
lncRNA_27362,7160,2,7162,156,0.6186343108547969
lncRNA_7673,7157,3,7160,181,0.5822864887379791
lncRNA_1239,7140,12,7152,138,0.5866354835656072
lncRNA_27823,7141,6,7147,186,0.5953669424194707
lncRNA_28746,7140,4,7144,153,0.6024241251535709
lncRNA_28748,7140,4,7144,153,0.6024241251535709
lncRNA_15563,7139,4,7143,176,0.5875632646020597
lncRNA_11144,7119,23,7142,172,0.569803423404382
lncRNA_25164,7108,33,7141,193,0.6111691261822464
lncRNA_12071,7117,24,7141,160,0.5977198508666374
lncRNA_9771,7138,2,7140,173,0.5836356677823817
lncRNA_8660,7131,7,7138,217,0.5973712561016452
lncRNA_14069,7137,1,7138,157,0.6047649828911161
lncRNA_14071,7135,1,7136,156,0.6047697926502079
lncRNA_21608,7126,9,7135,206,0.6258080388531637
lncRNA_8501,7103,30,7133,148,0.6164880926158699
lncRNA_2648,7126,7,7133,183,0.595732387079363
lncRNA_8502,7103,30,7133,148,0.6164880926158699
lncRNA_22917,7132,0,7132,184,0.5824579255559678
lncRNA_14689,7131,1,7132,153,0.5797366951067883
lncRNA_8983,7112,18,7130,194,0.6193967802333569
lncRNA_25812,7126,4,7130,208,0.6027833670487542
lncRNA_2516,7128,0,7128,189,0.5893675779363075
lncRNA_27886,7127,0,7127,164,0.5902055758858394
lncRNA_20733,7124,1,7125,162,0.5885706404773433
lncRNA_10697,7115,10,7125,156,0.6064435866341497
lncRNA_12656,7117,7,7124,211,0.5780376680900602
lncRNA_20208,7119,4,7123,172,0.5777431924387164
lncRNA_26503,7113,7,7120,182,0.580969607540618
lncRNA_1409,7114,2,7116,172,0.5791842918746883
lncRNA_10998,7109,4,7113,164,0.5784163440905601
lncRNA_10995,7109,4,7113,164,0.5784163440905601
lncRNA_27651,7110,1,7111,187,0.5791443180012799
lncRNA_28861,7087,24,7111,212,0.6004487688526902
lncRNA_16397,7098,12,7110,156,0.6009426018698129
lncRNA_22448,7109,0,7109,159,0.5899994417624231
lncRNA_22863,7092,16,7108,166,0.5956615817622649
lncRNA_29746,7100,8,7108,177,0.6033411065851821
lncRNA_7851,7107,1,7108,191,0.5831627052401922
lncRNA_23827,7102,4,7106,152,0.6179897305539228
lncRNA_17840,7102,4,7106,153,0.5935916257511225
lncRNA_2602,7100,1,7101,197,0.5687489183962957
lncRNA_19249,7093,6,7099,161,0.5770439952843032
lncRNA_4756,7093,4,7097,191,0.5853676738691127
lncRNA_8771,7095,1,7096,150,0.6017463620433572
lncRNA_15718,7072,23,7095,182,0.6354915038828192
lncRNA_18401,7091,3,7094,115,0.5997312436221501
lncRNA_12196,7092,2,7094,190,0.5871318316693684
lncRNA_31774,7091,2,7093,156,0.6003344296735157
lncRNA_17721,7084,9,7093,178,0.5779424588581051
lncRNA_17720,7084,9,7093,178,0.5779424588581051
lncRNA_20909,7084,5,7089,153,0.6128376469049722
lncRNA_25965,7086,2,7088,147,0.5704744461478115
lncRNA_14389,7086,1,7087,225,0.5775853366007796
lncRNA_21984,7079,7,7086,215,0.5894207264992666
lncRNA_21983,7079,7,7086,215,0.5894207264992666
lncRNA_22177,7079,7,7086,215,0.5894207264992666
lncRNA_24399,7079,3,7082,166,0.5712543773183206
lncRNA_14964,7079,3,7082,165,0.6125183766593264
lncRNA_16315,7077,4,7081,171,0.6279128745984655
lncRNA_30848,7063,17,7080,194,0.6335112041849535
lncRNA_18570,7078,0,7078,184,0.5816742673461196
lncRNA_13561,7064,13,7077,176,0.5810609833329873
lncRNA_23964,7073,4,7077,201,0.5840601877075883
lncRNA_23962,7073,4,7077,201,0.5840601877075883
lncRNA_18257,7075,0,7075,185,0.581555922271968
lncRNA_18258,7075,0,7075,185,0.581555922271968
lncRNA_23961,7069,4,7073,201,0.5840803671266059
lncRNA_18226,7069,3,7072,189,0.5973591152843364
lncRNA_7105,7049,20,7069,190,0.5786626650351242
lncRNA_14183,7067,0,7067,180,0.5697914892723378
lncRNA_14182,7067,0,7067,180,0.5697914892723378
lncRNA_8361,7062,3,7065,129,0.6129600290609669
lncRNA_25611,7063,2,7065,171,0.6064900457653272
lncRNA_4683,7065,0,7065,196,0.5855589221157386
lncRNA_4557,7059,5,7064,153,0.606927655340558
lncRNA_8503,7034,30,7064,147,0.6158456380924783
lncRNA_19645,7009,48,7057,178,0.6194754533065993
lncRNA_14889,7050,6,7056,197,0.5829100028727408
lncRNA_7039,7036,20,7056,130,0.6121474981254894
lncRNA_25304,7052,4,7056,160,0.592790987823339
lncRNA_23184,7053,0,7053,170,0.590008323499409
lncRNA_16499,7046,7,7053,172,0.5722736292603079
lncRNA_16373,7019,34,7053,148,0.6083995533940266
lncRNA_3172,7026,26,7052,177,0.6220955470336171
lncRNA_23326,7043,8,7051,213,0.5837156559405411
lncRNA_29762,7040,11,7051,161,0.6346394495458219
lncRNA_18547,7049,2,7051,167,0.5885723450692265
lncRNA_22810,7037,14,7051,198,0.5935241836685723
lncRNA_22812,7039,9,7048,183,0.5849600719455352
lncRNA_9863,7044,2,7046,202,0.58683030241707
lncRNA_32321,7022,23,7045,189,0.5936663447112883
lncRNA_23835,7033,12,7045,190,0.5930687739338327
lncRNA_14755,7037,7,7044,181,0.5867405898216641
lncRNA_13535,7041,3,7044,177,0.5727304082848892
lncRNA_27194,7041,3,7044,173,0.5813376380060941
lncRNA_25818,7028,15,7043,162,0.6218603852329183
lncRNA_32233,7034,7,7041,167,0.5758333364678921
lncRNA_29731,6989,48,7037,188,0.615582008867883
lncRNA_24765,7013,20,7033,131,0.6002388438647196
lncRNA_24766,7013,20,7033,131,0.6002388438647196
lncRNA_26891,7015,17,7032,174,0.5933449968424295
lncRNA_24520,7013,18,7031,178,0.595564182444419
lncRNA_26247,7030,1,7031,167,0.5749280995072299
lncRNA_16526,7012,18,7030,163,0.5999544364800384
lncRNA_26915,7028,1,7029,218,0.5821098213052429
lncRNA_26913,7027,1,7028,218,0.5820280716770594
lncRNA_20634,7023,3,7026,185,0.5741041819985285
lncRNA_23703,7024,2,7026,177,0.5843930629218139
lncRNA_9401,7026,0,7026,217,0.5679364760628992
lncRNA_9992,7023,2,7025,152,0.5863646037059134
lncRNA_25303,7020,4,7024,160,0.5922478068715722
lncRNA_25436,7013,8,7021,157,0.6020055927055287
lncRNA_14644,7003,18,7021,179,0.5830529956859962
lncRNA_1236,6983,36,7019,151,0.5953943422849449
lncRNA_11861,7013,2,7015,159,0.599459182016965
lncRNA_30189,7012,3,7015,168,0.5755349691863176
lncRNA_934,7013,1,7014,205,0.5837763263455035
lncRNA_6207,7000,11,7011,188,0.5661350137188437
lncRNA_17186,7004,7,7011,171,0.5930933992497018
lncRNA_7401,6994,16,7010,171,0.5876955168361452
lncRNA_29261,7001,8,7009,170,0.581815975258524
lncRNA_25612,7006,3,7009,170,0.605221353883671
lncRNA_32302,6996,12,7008,195,0.578279086691587
lncRNA_32298,6996,12,7008,195,0.578279086691587
lncRNA_18947,6991,16,7007,157,0.5769867102644369
lncRNA_5919,6991,16,7007,120,0.5977596837033697
lncRNA_19242,7004,2,7006,168,0.5778699883304205
lncRNA_19808,6946,55,7001,177,0.6330256262931582
lncRNA_22531,6990,4,6994,129,0.6041096851162726
lncRNA_2185,6991,3,6994,140,0.6134562210060807
lncRNA_5709,6989,1,6990,193,0.5864344182065305
lncRNA_14855,6986,2,6988,131,0.5751488268464753
lncRNA_16381,6977,10,6987,165,0.598716312995213
lncRNA_15286,6984,2,6986,143,0.5741699615179722
lncRNA_23442,6981,3,6984,180,0.5780042770566252
lncRNA_28295,6938,31,6969,142,0.5960467685023696
lncRNA_23223,6958,6,6964,154,0.6157022484835943
lncRNA_19773,6952,9,6961,157,0.5627763626408913
lncRNA_21524,6939,20,6959,183,0.6191312859921726
lncRNA_21528,6939,20,6959,183,0.6191312859921726
lncRNA_21526,6939,20,6959,183,0.6191312859921726
lncRNA_21525,6937,20,6957,183,0.6191340603139626
lncRNA_11060,6955,2,6957,206,0.5865725248909385
lncRNA_9600,6946,9,6955,171,0.6087384066663062
lncRNA_9599,6946,9,6955,171,0.6087384066663062
lncRNA_9588,6946,9,6955,171,0.6087384066663062
lncRNA_9592,6946,9,6955,171,0.6087384066663062
lncRNA_9596,6946,9,6955,171,0.6087384066663062
lncRNA_9589,6946,9,6955,171,0.6087384066663062
lncRNA_171,6953,1,6954,203,0.5834094089134431
lncRNA_29367,6946,8,6954,198,0.5894619642218263
lncRNA_20370,6954,0,6954,132,0.5844714294257309
lncRNA_30074,6913,40,6953,169,0.5856630326010052
lncRNA_18467,6952,0,6952,145,0.5681826664086985
lncRNA_24394,6950,1,6951,139,0.6000561014463432
lncRNA_2031,6948,2,6950,190,0.6026860872405143
lncRNA_28752,6947,3,6950,151,0.6001957642978311
lncRNA_30010,6944,3,6947,177,0.5702948344251038
lncRNA_17578,6943,3,6946,149,0.5780044928583099
lncRNA_25761,6940,5,6945,158,0.5987517916275644
lncRNA_6352,6939,4,6943,181,0.5882406586516146
lncRNA_6353,6938,4,6942,181,0.5907724881709173
lncRNA_6354,6938,4,6942,181,0.5907724881709173
lncRNA_18461,6934,8,6942,161,0.6257774783284275
lncRNA_21331,6941,1,6942,177,0.5850541842084518
lncRNA_11236,6936,5,6941,141,0.5699451909526493
lncRNA_13492,6928,10,6938,134,0.5893643035853121
lncRNA_21527,6916,21,6937,182,0.6191281034504144
lncRNA_22135,6929,7,6936,174,0.579297576616263
lncRNA_20567,6934,2,6936,192,0.593609487918476
lncRNA_11653,6934,1,6935,193,0.5813232286643119
lncRNA_23415,6924,9,6933,198,0.597020351705089
lncRNA_12009,6929,0,6929,192,0.5810027020717259
lncRNA_11656,6929,0,6929,192,0.5810027020717259
lncRNA_12008,6929,0,6929,192,0.5810027020717259
lncRNA_12250,6925,3,6928,178,0.5793055550026748
lncRNA_29328,6926,1,6927,185,0.5772227896845848
lncRNA_18451,6927,0,6927,138,0.575123340987925
lncRNA_8366,6884,41,6925,165,0.6140433626374685
lncRNA_15420,6920,4,6924,171,0.590329916772821
lncRNA_22865,6916,6,6922,178,0.5894092244465788
lncRNA_6345,6920,1,6921,165,0.572336321006327
lncRNA_8591,6913,6,6919,176,0.5905746284828968
lncRNA_4199,6902,16,6918,175,0.6024677102510052
lncRNA_23097,6908,8,6916,171,0.6047753168194118
lncRNA_30009,6911,4,6915,177,0.5700163905816042
lncRNA_9051,6913,1,6914,190,0.5743847634338923
lncRNA_29732,6853,60,6913,173,0.6166643647953316
lncRNA_23702,6910,3,6913,202,0.5770080934258907
lncRNA_20662,6913,0,6913,152,0.589277129333192
lncRNA_2989,6909,3,6912,172,0.5780001164360705
lncRNA_23416,6903,9,6912,198,0.5966218649561514
lncRNA_5488,6900,5,6905,147,0.5802364939542538
lncRNA_14509,6900,1,6901,158,0.5832490624746023
lncRNA_26694,6895,4,6899,212,0.5825024366706226
lncRNA_29910,6895,1,6896,190,0.5771878983101603
lncRNA_16483,6895,0,6895,130,0.5904031160007045
lncRNA_8271,6888,5,6893,178,0.5769470412662308
lncRNA_10704,6891,2,6893,168,0.5831439131204962
lncRNA_4703,6881,12,6893,176,0.5633264560179593
lncRNA_14170,6887,4,6891,203,0.5754933793752833
lncRNA_9869,6876,12,6888,108,0.5874803350995823
lncRNA_13490,6878,9,6887,134,0.5893669668173067
lncRNA_17252,6880,5,6885,141,0.5803107008795299
lncRNA_22667,6881,2,6883,186,0.5780137226392624
lncRNA_3061,6875,8,6883,167,0.6244778246619973
lncRNA_2029,6877,5,6882,184,0.6105349386334256
lncRNA_17254,6876,5,6881,141,0.5804593355376704
lncRNA_9626,6877,2,6879,139,0.5827994044334149
lncRNA_6867,6875,3,6878,201,0.5771494668274258
lncRNA_2684,6875,2,6877,158,0.5744962807791512
lncRNA_26696,6873,4,6877,211,0.5823966022861826
lncRNA_027,6874,3,6877,102,0.5783834625071429
lncRNA_32323,6848,25,6873,183,0.5920296481575427
lncRNA_25373,6870,3,6873,178,0.6104803453051535
lncRNA_038,6868,5,6873,99,0.6038697729626833
lncRNA_19163,6869,0,6869,195,0.5756874047534308
lncRNA_21181,6868,1,6869,131,0.6023320717272154
lncRNA_080,6864,0,6864,185,0.5730506863717333
lncRNA_7400,6848,16,6864,166,0.5864663003443223
lncRNA_18262,6852,11,6863,131,0.5828745708152405
lncRNA_29411,6854,9,6863,139,0.5923901968679955
lncRNA_28330,6858,4,6862,112,0.6094770746728855
lncRNA_4634,6858,4,6862,154,0.6089700006102158
lncRNA_20658,6854,2,6856,183,0.5879210739586247
lncRNA_1221,6843,10,6853,143,0.5976793848050316
lncRNA_16459,6852,1,6853,167,0.5754998797019774
lncRNA_1046,6850,2,6852,155,0.5891015414502283
lncRNA_15467,6801,48,6849,193,0.6162285235002979
lncRNA_8655,6827,20,6847,189,0.6042079707459164
lncRNA_12043,6844,2,6846,207,0.5849192135679848
lncRNA_9761,6830,16,6846,169,0.5878415144691072
lncRNA_25102,6838,6,6844,140,0.5774044868289954
lncRNA_4446,6838,5,6843,136,0.5875468861603069
lncRNA_18475,6840,2,6842,187,0.592312828907289
lncRNA_16324,6833,5,6838,199,0.5837032438913997
lncRNA_2030,6833,5,6838,183,0.6108805402072368
lncRNA_30749,6832,2,6834,141,0.59496024773017
lncRNA_22320,6799,34,6833,181,0.6129005572824565
lncRNA_29787,6828,3,6831,145,0.6087085597319579
lncRNA_15607,6826,5,6831,112,0.580205397465127
lncRNA_30012,6823,6,6829,175,0.570390066330353
lncRNA_24261,6818,10,6828,140,0.5994194798498853
lncRNA_27164,6813,15,6828,198,0.6012324359583555
lncRNA_23800,6825,1,6826,171,0.6076766242191193
lncRNA_28323,6813,11,6824,184,0.5854770711507468
lncRNA_16939,6813,10,6823,153,0.5739642593629667
lncRNA_11866,6819,3,6822,138,0.5760220409773806
lncRNA_16517,6819,1,6820,186,0.5891180508316924
lncRNA_29481,6811,4,6815,192,0.5664973135811102
lncRNA_5572,6814,0,6814,152,0.5647729682591774
lncRNA_29674,6813,1,6814,207,0.5794722772994285
lncRNA_1581,6809,3,6812,168,0.5798787816984402
lncRNA_15689,6811,0,6811,122,0.5916287772245797
lncRNA_19945,6807,2,6809,184,0.5864894958549456
lncRNA_2647,6795,5,6800,175,0.5894567048988355
lncRNA_19810,6745,51,6796,173,0.632587231009271
lncRNA_8989,6791,1,6792,139,0.6065085781767245
lncRNA_7081,6789,2,6791,176,0.5741303787906161
lncRNA_9611,6786,2,6788,146,0.5812147665168077
lncRNA_9603,6780,2,6782,189,0.5719624444063235
lncRNA_20635,6780,0,6780,175,0.5775205634913624
lncRNA_28534,6775,3,6778,173,0.5875135879479318
lncRNA_5355,6761,16,6777,115,0.5940585688222348
lncRNA_9276,6775,1,6776,118,0.5709181016837496
lncRNA_32034,6769,7,6776,177,0.5773705032944666
lncRNA_14735,6774,1,6775,162,0.582193328497881
lncRNA_10705,6772,2,6774,168,0.5823115660598102
lncRNA_26976,6769,4,6773,178,0.5940002471909785
lncRNA_29244,6768,3,6771,188,0.5723989771902774
lncRNA_29107,6751,20,6771,204,0.579271289379808
lncRNA_063,6758,10,6768,127,0.5951713828940799
lncRNA_25295,6764,3,6767,129,0.5852175209600233
lncRNA_6355,6767,0,6767,195,0.583699292028704
lncRNA_16941,6749,17,6766,156,0.5776418557381848
lncRNA_2767,6755,9,6764,169,0.5984296304119446
lncRNA_2609,6760,4,6764,131,0.5741481091422042
lncRNA_24559,6757,6,6763,158,0.5826921321527516
lncRNA_21961,6755,8,6763,168,0.574439296041059
lncRNA_29907,6756,4,6760,170,0.5677530757594756
lncRNA_23374,6753,7,6760,144,0.5776268223065596
lncRNA_7587,6759,1,6760,166,0.5756793472802489
lncRNA_2154,6759,0,6759,141,0.5816109523223377
lncRNA_7316,6751,7,6758,169,0.5745239024982095
lncRNA_18473,6754,2,6756,185,0.5921615795795026
lncRNA_26252,6731,23,6754,159,0.587899924948662
lncRNA_9554,6749,3,6752,158,0.5904625968304975
lncRNA_24738,6742,8,6750,121,0.5836183360516912
lncRNA_8295,6750,0,6750,150,0.5812072051464044
lncRNA_22785,6747,1,6748,156,0.5805945205217844
lncRNA_18951,6733,12,6745,180,0.6162811153254371
lncRNA_20752,6737,6,6743,193,0.5899895640849403
lncRNA_6357,6742,0,6742,195,0.5833951319922834
lncRNA_6356,6742,0,6742,195,0.5833951319922834
lncRNA_6360,6742,0,6742,195,0.5833951319922834
lncRNA_3122,6737,4,6741,172,0.5839190003767865
lncRNA_26629,6741,0,6741,191,0.5818709107123907
lncRNA_26628,6741,0,6741,191,0.5818709107123907
lncRNA_14081,6732,7,6739,153,0.5979483227982998
lncRNA_5837,6738,0,6738,195,0.5834066338726132
lncRNA_29898,6731,1,6732,172,0.5738336744102073
lncRNA_23684,6726,6,6732,204,0.5821606865647773
lncRNA_24274,6714,15,6729,148,0.5666549583004642
lncRNA_2149,6722,1,6723,144,0.5813963392142983
lncRNA_2147,6722,1,6723,144,0.5813963392142983
lncRNA_22815,6714,8,6722,178,0.58111487601677
lncRNA_25790,6708,9,6717,156,0.5958990416656025
lncRNA_25816,6708,9,6717,150,0.6146448009852056
lncRNA_5916,6712,2,6714,147,0.5981447521281213
lncRNA_18474,6712,2,6714,182,0.592103090853578
lncRNA_19100,6701,13,6714,170,0.5978632744174517
lncRNA_28489,6705,8,6713,169,0.6066588762433796
lncRNA_5433,6681,30,6711,184,0.6025906316486511
lncRNA_29795,6703,7,6710,176,0.5796251793234979
lncRNA_471,6705,5,6710,152,0.5795015085812126
lncRNA_30742,6706,4,6710,177,0.6244619634904303
lncRNA_4684,6707,1,6708,186,0.5754737897998955
lncRNA_32324,6685,23,6708,181,0.5877884862115309
lncRNA_24748,6707,1,6708,196,0.5919253513110676
lncRNA_16597,6703,3,6706,161,0.5975309241632157
lncRNA_18956,6700,3,6703,170,0.5982146522326465
lncRNA_528,6701,0,6701,135,0.5692340474649799
lncRNA_19812,6646,51,6697,169,0.6322189901787161
lncRNA_31423,6682,15,6697,128,0.5780074473923806
lncRNA_17255,6691,6,6697,139,0.5787750301230872
lncRNA_17568,6687,6,6693,121,0.5751274905681345
lncRNA_16082,6666,27,6693,181,0.6280076187561097
lncRNA_29877,6687,4,6691,163,0.5807895413916234
lncRNA_27929,6686,1,6687,187,0.5892014445796365
lncRNA_17229,6684,3,6687,134,0.5587403196244658
lncRNA_174,6683,3,6686,193,0.5791745894636126
lncRNA_26274,6678,3,6681,155,0.5716416771059343
lncRNA_26275,6678,3,6681,155,0.5716416771059343
lncRNA_20827,6677,3,6680,198,0.5769096927443819
lncRNA_28290,6672,7,6679,167,0.6145137464234568
lncRNA_7065,6637,41,6678,173,0.5969651056278802
lncRNA_20117,6657,20,6677,154,0.6122928077213721
lncRNA_26144,6673,3,6676,129,0.5743944390487745
lncRNA_29243,6671,3,6674,187,0.5719016319912887
lncRNA_27670,6668,4,6672,138,0.6095452409707285
lncRNA_2873,6645,27,6672,173,0.5904647343053445
lncRNA_19154,6661,9,6670,166,0.5946249849346987
lncRNA_11142,6641,28,6669,165,0.5646860017408201
lncRNA_11143,6641,28,6669,165,0.5646860017408201
lncRNA_11141,6641,28,6669,165,0.5646860017408201
lncRNA_26437,6638,30,6668,174,0.5864082022583758
lncRNA_004,6648,18,6666,159,0.6202806164375144
lncRNA_3944,6665,0,6665,183,0.5753533026601511
lncRNA_28171,6657,1,6658,194,0.5781452083435599
lncRNA_4177,6656,2,6658,151,0.5812606265186943
lncRNA_4176,6656,2,6658,151,0.5812606265186943
lncRNA_19160,6649,0,6649,188,0.5736456359600328
lncRNA_4179,6647,2,6649,152,0.5812946065176866
lncRNA_16646,6643,6,6649,175,0.6044982939422852
lncRNA_22794,6646,2,6648,178,0.5727653204944155
lncRNA_32125,6631,15,6646,144,0.5606472848347231
lncRNA_26259,6629,16,6645,221,0.5747974553621344
lncRNA_5958,6638,7,6645,116,0.5831564425399445
lncRNA_22882,6642,2,6644,184,0.5779511267645896
lncRNA_28320,6641,0,6641,141,0.5847009498915339
lncRNA_19401,6639,1,6640,204,0.5795994538970005
lncRNA_30030,6633,2,6635,185,0.5770905272721017
lncRNA_17608,6629,5,6634,162,0.5784757005488903
lncRNA_29909,6621,13,6634,165,0.5696176610112983
lncRNA_30032,6620,13,6633,165,0.5696327131454386
lncRNA_2798,6603,27,6630,130,0.600743160245233
lncRNA_18365,6625,2,6627,179,0.595198704220754
lncRNA_29908,6611,14,6625,163,0.5694710235346853
lncRNA_860,6621,0,6621,171,0.5780965675538522
lncRNA_17717,6611,10,6621,188,0.57524451725362
lncRNA_766,6611,7,6618,201,0.5959033133587276
lncRNA_13763,6608,9,6617,169,0.5681541189590246
lncRNA_32015,6600,14,6614,155,0.6053716477660129
lncRNA_23370,6597,14,6611,128,0.5743216399440633
lncRNA_28289,6603,4,6607,168,0.6091801648396004
lncRNA_9788,6606,0,6606,195,0.575339428394892
lncRNA_9489,6606,0,6606,195,0.575339428394892
lncRNA_7179,6606,0,6606,139,0.579248214263518
lncRNA_9490,6606,0,6606,195,0.575339428394892
lncRNA_9488,6606,0,6606,195,0.575339428394892
lncRNA_9487,6606,0,6606,195,0.575339428394892
lncRNA_030,6601,3,6604,125,0.6043576557395761
lncRNA_13230,6593,10,6603,170,0.5949212445990945
lncRNA_2765,6594,9,6603,167,0.5967626166474606
lncRNA_30370,6596,4,6600,165,0.5952013080291836
lncRNA_7409,6537,60,6597,149,0.6056138367512032
lncRNA_5833,6590,5,6595,177,0.5759660590708059
lncRNA_5832,6590,5,6595,177,0.5759660590708059
lncRNA_5834,6590,5,6595,177,0.5759660590708059
lncRNA_2274,6582,12,6594,177,0.568931456021217
lncRNA_14537,6590,4,6594,178,0.5786354716591088
lncRNA_4780,6590,3,6593,201,0.5764825397608722
lncRNA_180,6591,1,6592,161,0.5917859864268836
lncRNA_28227,6581,11,6592,153,0.5889779612666378
lncRNA_22702,6583,4,6587,167,0.5810305996247402
lncRNA_3112,6573,11,6584,184,0.5858318434098652
lncRNA_3113,6573,11,6584,184,0.5858318434098652
lncRNA_6199,6582,2,6584,138,0.5785514039764923
lncRNA_21549,6577,7,6584,219,0.5829258736340233
lncRNA_27169,6584,0,6584,173,0.5888583722936335
lncRNA_1091,6540,43,6583,149,0.5940796044231105
lncRNA_20142,6564,15,6579,184,0.5726094749414413
lncRNA_26756,6579,0,6579,190,0.5888005512328481
lncRNA_27824,6569,6,6575,153,0.582420116926984
lncRNA_3559,6567,7,6574,197,0.5681198472199783
lncRNA_18326,6566,5,6571,175,0.5972612678850961
lncRNA_19358,6569,1,6570,152,0.5713300094308841
lncRNA_27570,6561,4,6565,180,0.5915741470000053
lncRNA_26872,6553,10,6563,165,0.5915189981648781
lncRNA_2161,6558,0,6558,150,0.5761354702750381
lncRNA_22711,6554,4,6558,164,0.579913194343746
lncRNA_22582,6553,5,6558,178,0.5731836165508313
lncRNA_22709,6554,4,6558,164,0.579913194343746
lncRNA_771,6551,5,6556,196,0.5950177049333801
lncRNA_13745,6541,15,6556,172,0.567130486914834
lncRNA_29360,6526,29,6555,167,0.6228420152013415
lncRNA_24579,6550,5,6555,187,0.574532189425654
lncRNA_5574,6554,0,6554,159,0.5834091464584865
lncRNA_28872,6548,6,6554,182,0.5765825445296459
lncRNA_29410,6541,12,6553,129,0.5920918575258617
lncRNA_109,6410,141,6551,146,0.6037028280075747
lncRNA_18560,6546,4,6550,151,0.577930330103216
lncRNA_8143,6546,3,6549,179,0.5833801708693513
lncRNA_30589,6443,104,6547,145,0.5955945474974068
lncRNA_30588,6442,104,6546,145,0.5956664210841273
lncRNA_772,6540,5,6545,196,0.5951511387143306
lncRNA_4331,6543,2,6545,148,0.6147515414002688
lncRNA_2063,6540,3,6543,119,0.6054089443398696
lncRNA_26758,6542,0,6542,196,0.5876652563245212
lncRNA_24426,6499,42,6541,160,0.605956206622084
lncRNA_17379,6526,13,6539,99,0.5728324150511068
lncRNA_26757,6539,0,6539,196,0.5876841503561584
lncRNA_27165,6533,5,6538,130,0.5800066763099352
lncRNA_28810,6536,1,6537,177,0.5803092901510993
lncRNA_9877,6534,0,6534,137,0.5932745395694563
lncRNA_26823,6530,2,6532,135,0.608335388388129
lncRNA_5421,6532,0,6532,156,0.5682112798746644
lncRNA_8982,6507,24,6531,187,0.6302049379968707
lncRNA_8981,6507,24,6531,187,0.6302049379968707
lncRNA_27452,6525,5,6530,151,0.5977592714852148
lncRNA_7131,6527,2,6529,128,0.5969550144317052
lncRNA_22707,6523,4,6527,162,0.5804291859504265
lncRNA_16425,6500,25,6525,142,0.5997225890711594
lncRNA_6882,6522,1,6523,135,0.6060334445631936
lncRNA_18327,6515,5,6520,174,0.5969356507993047
lncRNA_18324,6515,5,6520,174,0.5969356507993047
lncRNA_28181,6516,2,6518,159,0.5693555231418957
lncRNA_25924,6513,2,6515,168,0.5683043739375769
lncRNA_25708,6511,0,6511,128,0.5744960548162384
lncRNA_31484,6459,50,6509,160,0.5976634002054363
lncRNA_27334,6506,2,6508,136,0.5733523327944912
lncRNA_31485,6459,49,6508,162,0.5976134263040154
lncRNA_23191,6501,6,6507,189,0.5841546789129248
lncRNA_10756,6499,7,6506,175,0.5809672537942218
lncRNA_12011,6503,2,6505,147,0.5916304404567855
lncRNA_5575,6504,0,6504,158,0.5826702210459473
lncRNA_4673,6502,1,6503,166,0.5925931297609731
lncRNA_13761,6499,3,6502,163,0.5704556532783684
lncRNA_2041,6493,1,6494,183,0.5781284102417293
lncRNA_3227,6489,2,6491,134,0.6008454071360333
lncRNA_13002,6488,2,6490,176,0.5725043437429638
lncRNA_19153,6477,13,6490,167,0.6025630519423412
lncRNA_22447,6488,1,6489,160,0.5845909509885366
lncRNA_25172,6480,6,6486,164,0.6026168825960277
lncRNA_25173,6480,6,6486,164,0.6026168825960277
lncRNA_2754,6476,8,6484,138,0.5668657753031284
lncRNA_28324,6472,8,6480,168,0.5781255888748206
lncRNA_28322,6472,8,6480,168,0.5781255888748206
lncRNA_28326,6472,8,6480,168,0.5781255888748206
lncRNA_22701,6475,4,6479,163,0.5807650010636929
lncRNA_2290,6474,4,6478,156,0.5974121579338466
lncRNA_17050,6474,4,6478,128,0.5693090981667543
lncRNA_18559,6472,4,6476,148,0.5768865066399093
lncRNA_30031,6459,17,6476,169,0.5693058960204332
lncRNA_25600,6468,6,6474,153,0.6145975940566168
lncRNA_8581,6466,5,6471,111,0.6071874450698369
lncRNA_6510,6463,7,6470,129,0.5799685832010835
lncRNA_19888,6449,20,6469,167,0.5912491553458374
lncRNA_948,6465,2,6467,164,0.5941999746118702
lncRNA_10364,6451,15,6466,150,0.5832343336903779
lncRNA_767,6458,5,6463,194,0.5933534056004164
lncRNA_22827,6458,2,6460,174,0.5813267243795817
lncRNA_773,6454,5,6459,193,0.5935806873215511
lncRNA_770,6449,7,6456,193,0.5938581502078287
lncRNA_18603,6448,7,6455,180,0.6139255465782014
lncRNA_768,6449,6,6455,193,0.5935089487607823
lncRNA_9011,6453,2,6455,140,0.5980924998534285
lncRNA_26910,6414,40,6454,142,0.5978866633635822
lncRNA_14551,6437,13,6450,148,0.5741442325890492
lncRNA_11781,6445,1,6446,165,0.5897006171828211
lncRNA_30488,6431,13,6444,135,0.5694227303953899
lncRNA_22854,6438,5,6443,138,0.5852586600626399
lncRNA_18580,6438,2,6440,156,0.5901927452913177
lncRNA_9378,6413,26,6439,185,0.5796537840568257
lncRNA_22567,6425,13,6438,176,0.5889923092149429
lncRNA_26509,6429,7,6436,145,0.5859462895644616
lncRNA_27333,6434,2,6436,135,0.5719532479979633
lncRNA_6144,6423,10,6433,177,0.584484305413286
lncRNA_17042,6431,2,6433,141,0.5762678423032523
lncRNA_3960,6418,8,6426,159,0.5924047790839562
lncRNA_25623,6424,1,6425,176,0.5655359999574463
lncRNA_3503,6420,4,6424,145,0.5907319092100445
lncRNA_16259,6415,1,6416,195,0.5808453689266586
lncRNA_2450,6384,28,6412,165,0.6046803377462537
lncRNA_2523,6408,2,6410,216,0.5865209534071109
lncRNA_30148,6403,5,6408,168,0.5844994884707934
lncRNA_9618,6406,0,6406,172,0.5957710568720669
lncRNA_9619,6406,0,6406,172,0.595880772355075
lncRNA_7321,6405,0,6405,175,0.5757572763523902
lncRNA_26671,6401,2,6403,175,0.5771358111911976
lncRNA_19159,6400,0,6400,180,0.5712899639226684
lncRNA_028,6397,2,6399,93,0.5720511586071013
lncRNA_2927,6396,3,6399,147,0.5667332643979198
lncRNA_29478,6381,17,6398,196,0.5945699100037647
lncRNA_27440,6392,6,6398,171,0.6027112058123663
lncRNA_8378,6342,53,6395,141,0.6170145875624111
lncRNA_8377,6342,53,6395,141,0.6170145875624111
lncRNA_19158,6394,0,6394,180,0.5712526685933447
lncRNA_22615,6387,7,6394,162,0.586823569228469
lncRNA_24739,6386,8,6394,116,0.5736090863750724
lncRNA_19157,6394,0,6394,180,0.5712526685933447
lncRNA_28319,6393,0,6393,136,0.5838636162383587
lncRNA_23859,6384,9,6393,169,0.6121926669927406
lncRNA_3950,6385,3,6388,140,0.576623741016314
lncRNA_27962,6381,5,6386,135,0.6123698059855303
lncRNA_12248,6381,5,6386,154,0.5827313349076785
lncRNA_9443,6380,5,6385,154,0.5640981143029625
lncRNA_14733,6384,0,6384,163,0.5760236582689642
lncRNA_23444,6379,0,6379,131,0.5852727230655861
lncRNA_29814,6363,15,6378,180,0.6001486995819634
lncRNA_22705,6368,4,6372,161,0.5796897046545004
lncRNA_22704,6367,4,6371,161,0.5796033425853677
lncRNA_21231,6366,2,6368,128,0.5937251518954204
lncRNA_27851,6343,25,6368,167,0.5725526760734738
lncRNA_30083,6361,5,6366,171,0.5791596473182122
lncRNA_3119,6363,3,6366,164,0.5796075455782255
lncRNA_18472,6364,2,6366,170,0.5909834681648088
lncRNA_3197,6324,41,6365,143,0.5982882056864626
lncRNA_22710,6360,4,6364,161,0.579504116600387
lncRNA_22712,6360,4,6364,161,0.579504116600387
lncRNA_22708,6360,4,6364,161,0.579504116600387
lncRNA_27930,6361,1,6362,122,0.5822642644930067
lncRNA_7228,6356,5,6361,182,0.5838762482074018
lncRNA_7227,6356,5,6361,182,0.5838762482074018
lncRNA_2119,6357,1,6358,169,0.5748344643456911
lncRNA_18567,6347,11,6358,167,0.5847298614083171
lncRNA_046,6355,1,6356,200,0.5840653359652319
lncRNA_22703,6351,4,6355,159,0.5788988765808614
lncRNA_2279,6352,3,6355,173,0.5892641904714625
lncRNA_3222,6352,2,6354,137,0.5833154805367566
lncRNA_7147,6349,0,6349,101,0.5730476901242411
lncRNA_22699,6342,4,6346,158,0.5803680333366
lncRNA_1048,6343,2,6345,164,0.5948468876712106
lncRNA_15476,6343,2,6345,166,0.5755926717314
lncRNA_10801,6339,5,6344,141,0.5602796321421002
lncRNA_21970,6338,1,6339,152,0.5718594818102153
lncRNA_628,6330,8,6338,132,0.5804362491606462
lncRNA_12159,6306,31,6337,151,0.6125524807971527
lncRNA_29387,6332,3,6335,171,0.5742775844497143
lncRNA_16495,6325,6,6331,144,0.5694268196469455
lncRNA_22877,6326,4,6330,169,0.5720106143585287
lncRNA_2245,6325,3,6328,156,0.5987243928705737
lncRNA_20730,6328,0,6328,148,0.5635119780498612
lncRNA_6189,6308,12,6320,184,0.5825422758629047
lncRNA_26416,6311,5,6316,147,0.570268149884328
lncRNA_26415,6311,5,6316,147,0.570268149884328
lncRNA_13468,6300,12,6312,165,0.5891320780095891
lncRNA_15279,6273,39,6312,149,0.5917881465799404
lncRNA_32300,6299,12,6311,177,0.5723383590681841
lncRNA_3067,6310,0,6310,131,0.5651112508120267
lncRNA_3084,6308,1,6309,166,0.5933222454967225
lncRNA_1414,6305,4,6309,170,0.5769140185939889
lncRNA_22051,6292,16,6308,154,0.5774437029020086
lncRNA_21420,6306,1,6307,192,0.5760625158707237
lncRNA_19268,6300,2,6302,164,0.5841679106507845
lncRNA_10862,6294,7,6301,140,0.6002159709688074
lncRNA_12030,6293,2,6295,87,0.5845748334445804
lncRNA_1407,6283,5,6288,169,0.5757916929379102
lncRNA_23445,6286,1,6287,130,0.5852452317081379
lncRNA_2601,6276,11,6287,127,0.5677124364862939
lncRNA_8820,6278,4,6282,135,0.5979033295729951
lncRNA_2899,6272,6,6278,172,0.5764903199961842
lncRNA_18584,6266,9,6275,130,0.6088215511433943
lncRNA_16378,6270,4,6274,156,0.5885856466021857
lncRNA_4094,6269,0,6269,183,0.578266858265013
lncRNA_20744,6257,5,6262,167,0.5820670839276495
lncRNA_15669,6258,3,6261,134,0.5897284812963655
lncRNA_14636,6250,9,6259,156,0.6103614877450682
lncRNA_15010,6210,46,6256,138,0.5910939378583028
lncRNA_15014,6210,46,6256,138,0.5910939378583028
lncRNA_15011,6210,46,6256,138,0.5910939378583028
lncRNA_14719,6253,0,6253,160,0.5731335597639329
lncRNA_15498,6250,2,6252,189,0.5943647653119983
lncRNA_29294,6247,4,6251,180,0.5628211957359796
lncRNA_17777,6225,25,6250,155,0.61994689257257
lncRNA_21458,6237,10,6247,138,0.5899557170308662
lncRNA_2656,6242,3,6245,123,0.5885582151811428
lncRNA_22700,6240,4,6244,154,0.5794887717556155
lncRNA_283,6242,0,6242,168,0.5734339373859313
lncRNA_24190,6237,5,6242,168,0.5805861343226638
lncRNA_27923,6241,0,6241,148,0.5812501618792631
lncRNA_25601,6233,7,6240,147,0.6091972509018669
lncRNA_4865,6236,0,6236,110,0.5653549044118225
lncRNA_5654,6228,8,6236,128,0.6094965973712909
lncRNA_22633,6231,5,6236,164,0.5713334257295313
lncRNA_26504,6222,14,6236,164,0.5736418978429207
lncRNA_29326,6225,9,6234,141,0.5916788024296723
lncRNA_1307,6233,1,6234,171,0.5945283357441634
lncRNA_27299,6229,2,6231,157,0.6117789136831773
lncRNA_27982,6118,110,6228,159,0.606627785024263
lncRNA_769,6217,7,6224,185,0.5912205894194558
lncRNA_29322,6191,32,6223,121,0.5906598667417815
lncRNA_22545,6205,17,6222,195,0.5878802014966157
lncRNA_22924,6221,1,6222,178,0.5741241013467685
lncRNA_3218,6215,1,6216,178,0.5876660412046891
lncRNA_7358,6212,4,6216,158,0.5895431370079764
lncRNA_28694,6196,18,6214,130,0.5812057469055879
lncRNA_18261,6195,18,6213,114,0.5766519631304439
lncRNA_2286,6196,14,6210,158,0.6252807422075215
lncRNA_9795,6190,20,6210,187,0.5692828159454956
lncRNA_24189,6204,5,6209,167,0.5809071683173254
lncRNA_15017,6159,48,6207,136,0.5905579977980033
lncRNA_6509,6199,7,6206,126,0.5780181792251747
lncRNA_3118,6204,1,6205,147,0.5827782352556796
lncRNA_24371,6182,23,6205,181,0.6054057918656939
lncRNA_24370,6182,23,6205,181,0.6054057918656939
lncRNA_3200,6199,3,6202,126,0.6037496991115955
lncRNA_540,6200,1,6201,120,0.5638833230043798
lncRNA_21969,6195,6,6201,158,0.5693255623797319
lncRNA_16187,6198,3,6201,160,0.5706840201346883
lncRNA_30332,6176,24,6200,159,0.5959150699343435
lncRNA_2115,6197,2,6199,167,0.5787150037057831
lncRNA_013,6178,19,6197,143,0.592166731489973
lncRNA_2216,6172,25,6197,150,0.6186541274563311
lncRNA_24242,6185,5,6190,198,0.5755906652012229
lncRNA_1281,6175,12,6187,168,0.6209650732706223
lncRNA_629,6174,6,6180,131,0.574855846094026
lncRNA_14112,6170,9,6179,143,0.6041683299090161
lncRNA_14111,6170,9,6179,143,0.6041683299090161
lncRNA_30073,6144,35,6179,143,0.5786770308775215
lncRNA_2271,6163,14,6177,167,0.5650697529326955
lncRNA_2272,6159,14,6173,166,0.5649048954315327
lncRNA_26820,6160,13,6173,160,0.5787281299572569
lncRNA_8157,6165,5,6170,99,0.6004624753719696
lncRNA_277,6147,22,6169,113,0.5666561420210702
lncRNA_20135,6163,4,6167,162,0.5877306306839911
lncRNA_6895,6160,6,6166,136,0.5850673288452002
lncRNA_6893,6160,6,6166,136,0.5850673288452002
lncRNA_3802,6153,12,6165,164,0.6272561874298512
lncRNA_6260,6153,10,6163,159,0.5677275187010069
lncRNA_25793,6156,7,6163,115,0.5987826267403715
lncRNA_6262,6153,10,6163,159,0.567733302154881
lncRNA_6257,6153,10,6163,159,0.5677275187010069
lncRNA_13470,6150,11,6161,164,0.5878112811113457
lncRNA_28008,6155,3,6158,156,0.57804644905126
lncRNA_28951,6133,24,6157,158,0.5772958133858346
lncRNA_28950,6133,24,6157,158,0.5772958133858346
lncRNA_22066,6146,3,6149,169,0.5818171187125186
lncRNA_14114,6136,10,6146,140,0.6030618194303016
lncRNA_18277,6133,13,6146,99,0.5922513744577315
lncRNA_13121,6143,2,6145,150,0.5942026757214637
lncRNA_24767,6120,23,6143,108,0.5911659394860024
lncRNA_26449,6140,1,6141,187,0.57493507702411
lncRNA_4336,6122,18,6140,163,0.6144842517093806
lncRNA_27075,6138,1,6139,176,0.5956784676894096
lncRNA_29489,6134,3,6137,166,0.5699071990191832
lncRNA_9685,6131,4,6135,181,0.5791747511206813
lncRNA_27669,5972,162,6134,136,0.5859942462002136
lncRNA_12065,6051,79,6130,127,0.6024769008450405
lncRNA_26446,6126,1,6127,185,0.5751441406377958
lncRNA_4679,6114,13,6127,159,0.6156077473257179
lncRNA_1308,6125,1,6126,170,0.5945225649801769
lncRNA_4113,6112,13,6125,166,0.5977307617812866
lncRNA_2639,6108,13,6121,80,0.5749902163970305
lncRNA_6507,6108,10,6118,122,0.5767868233656919
lncRNA_31657,6112,3,6115,186,0.5677510253053513
lncRNA_22055,6114,1,6115,118,0.5719594410113281
lncRNA_5754,6110,3,6113,151,0.5709426651599533
lncRNA_5752,6110,3,6113,151,0.5709426651599533
lncRNA_5753,6110,3,6113,151,0.5709426651599533
lncRNA_28199,6089,22,6111,128,0.5859082813441255
lncRNA_11692,6095,14,6109,162,0.6014542339406052
lncRNA_24722,6105,0,6105,164,0.5819876217511555
lncRNA_25943,6092,7,6099,126,0.5962106188371001
lncRNA_11709,6091,8,6099,142,0.5958386077084691
lncRNA_4935,6094,1,6095,153,0.5825084828148847
lncRNA_19895,6090,3,6093,143,0.5780413962881636
lncRNA_15020,6032,60,6092,135,0.588025670792466
lncRNA_27355,6081,8,6089,123,0.5815989735017054
lncRNA_4599,6075,13,6088,196,0.6116983851759578
lncRNA_27442,6077,2,6079,103,0.5747503793156541
lncRNA_28247,6078,1,6079,107,0.578500621663133
lncRNA_6857,6074,4,6078,184,0.5713432473039319
lncRNA_28490,6068,7,6075,154,0.6037536907745343
lncRNA_23436,6066,7,6073,169,0.5853516685820196
lncRNA_3000,6070,3,6073,162,0.5968894105563356
lncRNA_31535,6065,4,6069,174,0.5959975247669385
lncRNA_31536,6065,4,6069,174,0.5959975247669385
lncRNA_6858,6062,4,6066,183,0.5712475598779476
lncRNA_6508,6054,10,6064,129,0.5765741699363134
lncRNA_13418,6049,7,6056,171,0.5811548223746472
lncRNA_2573,6050,3,6053,118,0.6057054682651147
lncRNA_2574,6050,3,6053,118,0.6057054682651147
lncRNA_2572,6050,3,6053,118,0.6057054682651147
lncRNA_5587,6049,0,6049,105,0.5562696773310464
lncRNA_11263,6040,5,6045,143,0.5984560206163837
lncRNA_25795,6039,3,6042,149,0.5743929566130106
lncRNA_24577,6034,6,6040,170,0.5718221561485786
lncRNA_31032,6039,1,6040,155,0.5861438536103317
lncRNA_869,6035,2,6037,161,0.578096465911303
lncRNA_19663,6005,27,6032,170,0.5981483355188572
lncRNA_19036,6031,1,6032,192,0.5787831686530358
lncRNA_24543,6022,10,6032,154,0.5605596200246508
lncRNA_20724,6029,2,6031,167,0.5694083551311001
lncRNA_873,6027,2,6029,168,0.5745008340807816
lncRNA_871,6027,2,6029,168,0.5745008340807816
lncRNA_26321,6016,11,6027,129,0.5632344333895394
lncRNA_6883,6023,1,6024,118,0.6022292890738752
lncRNA_21990,6022,0,6022,136,0.582037569342375
lncRNA_2519,6000,22,6022,151,0.5902314224224844
lncRNA_28274,6013,8,6021,126,0.6148966205313279
lncRNA_23893,6006,11,6017,157,0.5750004104992077
lncRNA_8356,6013,3,6016,155,0.5643978425182531
lncRNA_1406,6011,5,6016,165,0.5745135266654977
lncRNA_25101,6013,3,6016,108,0.5827914404223083
lncRNA_14108,6013,1,6014,169,0.584246624176327
lncRNA_22145,6011,0,6011,182,0.5831278011262057
lncRNA_129,6003,6,6009,161,0.5892217535901444
lncRNA_22931,6003,4,6007,172,0.5677062866985537
lncRNA_6869,5999,4,6003,156,0.5807648500492365
lncRNA_16409,5996,6,6002,159,0.5844511333198817
lncRNA_20911,5998,3,6001,69,0.5774240943836629
lncRNA_2118,5994,2,5996,168,0.5707718688661131
lncRNA_27202,5989,4,5993,130,0.5801818915071671
lncRNA_2586,5976,16,5992,132,0.5804957825538565
lncRNA_702,5983,8,5991,155,0.5774132311443502
lncRNA_12067,5982,6,5988,138,0.5865523125932168
lncRNA_28915,5977,9,5986,129,0.5797827374870327
lncRNA_4464,5983,2,5985,163,0.5790830221468766
lncRNA_27335,5978,2,5980,135,0.5671646840106987
lncRNA_27926,5980,0,5980,136,0.5798444100689663
lncRNA_27022,5977,1,5978,149,0.5901693221473657
lncRNA_9922,5969,9,5978,123,0.6055010172453084
lncRNA_10578,5973,1,5974,160,0.585160698401961
lncRNA_867,5970,3,5973,169,0.5700837311327711
lncRNA_25728,5968,2,5970,146,0.5890317325946992
lncRNA_30436,5940,28,5968,178,0.5876467714087898
lncRNA_10943,5937,27,5964,114,0.5791500962796853
lncRNA_26244,5953,6,5959,135,0.5673909260921165
lncRNA_24573,5957,0,5957,124,0.5842905361707599
lncRNA_5603,5949,6,5955,108,0.584121244917711
lncRNA_23424,5944,11,5955,97,0.583259920214922
lncRNA_9595,5947,6,5953,129,0.5879761925560623
lncRNA_28275,5945,8,5953,124,0.6124476380700877
lncRNA_15657,5931,21,5952,151,0.6306409177063479
lncRNA_5570,5949,2,5951,107,0.5639116507114462
lncRNA_4534,5912,38,5950,168,0.5925092471854176
lncRNA_19110,5950,0,5950,161,0.5761172698474386
lncRNA_16149,5940,9,5949,188,0.5659362963237026
lncRNA_2422,5946,2,5948,145,0.5712276112729958
lncRNA_220,5947,0,5947,162,0.5708467542730588
lncRNA_16929,5946,1,5947,141,0.5828805628871815
lncRNA_9711,5936,5,5941,102,0.5757798257040447
lncRNA_1090,5936,4,5940,132,0.5966587860638434
lncRNA_14597,5930,7,5937,186,0.5679822506124884
lncRNA_24882,5928,7,5935,156,0.5951343957697558
lncRNA_21311,5921,13,5934,189,0.6069086208978612
lncRNA_26153,5928,6,5934,173,0.5907232721389143
lncRNA_6894,5925,5,5930,133,0.5825340142149754
lncRNA_16150,5919,9,5928,188,0.5657952888952699
lncRNA_14534,5925,3,5928,157,0.5803643113043836
lncRNA_21957,5920,3,5923,156,0.5767550271744419
lncRNA_18532,5904,17,5921,109,0.5825726198098765
lncRNA_10363,5908,8,5916,111,0.6083603955323826
lncRNA_12272,5912,3,5915,131,0.5787980371287054
lncRNA_2392,5914,0,5914,119,0.5641998477768532
lncRNA_16928,5908,4,5912,124,0.5724931024668113
lncRNA_16010,5904,5,5909,163,0.5763046128707787
lncRNA_16009,5904,5,5909,163,0.5763046128707787
lncRNA_5358,5908,0,5908,153,0.5641083605383428
lncRNA_8796,5905,3,5908,151,0.5758140426208149
lncRNA_29361,5904,3,5907,181,0.5790891918963449
lncRNA_6983,5902,5,5907,151,0.5912017411404498
lncRNA_9439,5903,3,5906,149,0.5889075230925985
lncRNA_774,5904,1,5905,193,0.5783314377339108
lncRNA_14381,5899,6,5905,138,0.5588845781591293
lncRNA_15699,5883,21,5904,146,0.615548312185374
lncRNA_6952,5890,14,5904,125,0.5699977347032502
lncRNA_16379,5899,4,5903,146,0.5888447605228402
lncRNA_14538,5899,4,5903,159,0.5716657007020809
lncRNA_14540,5898,4,5902,152,0.5896576480685091
lncRNA_2872,5896,2,5898,105,0.5656426309846397
lncRNA_276,5831,67,5898,103,0.5692743215171145
lncRNA_14734,5896,1,5897,140,0.5738071329636154
lncRNA_25592,5848,47,5895,174,0.6126759675144934
lncRNA_3216,5725,169,5894,137,0.5863200190677273
lncRNA_17108,5878,15,5893,130,0.5789499396559857
lncRNA_2659,5883,6,5889,180,0.5929783616107256
lncRNA_26670,5887,2,5889,160,0.5723235316421393
lncRNA_7381,5862,24,5886,167,0.6248097763889935
lncRNA_15950,5876,9,5885,174,0.591879754678576
lncRNA_30398,5883,1,5884,180,0.5700958495911908
lncRNA_818,5879,4,5883,136,0.5740561951813501
lncRNA_29879,5879,4,5883,129,0.578294381212402
lncRNA_17106,5868,15,5883,131,0.5785584231995112
lncRNA_3827,5878,1,5879,118,0.5765549793789863
lncRNA_5927,5872,2,5874,153,0.5568092834197019
lncRNA_29062,5862,11,5873,160,0.5943424493026485
lncRNA_11803,5868,4,5872,146,0.5777318785008844
lncRNA_29721,5853,18,5871,157,0.603126800943486
lncRNA_16464,5862,7,5869,184,0.6017006423272103
lncRNA_8995,5865,3,5868,182,0.5698246270754763
lncRNA_7013,5844,24,5868,167,0.6252784087378305
lncRNA_2777,5832,36,5868,167,0.6029156870242889
lncRNA_3024,5864,2,5866,152,0.5774651361041087
lncRNA_8199,5856,4,5860,174,0.5787076829467064
lncRNA_11947,5843,15,5858,148,0.5702217538834937
lncRNA_30137,5847,7,5854,172,0.5915379926605367
lncRNA_30459,5850,3,5853,143,0.576614569535797
lncRNA_4002,5815,37,5852,169,0.5916201958198792
lncRNA_18574,5808,43,5851,125,0.5853500187269796
lncRNA_24625,5840,8,5848,152,0.5675448423322702
lncRNA_14650,5848,0,5848,134,0.5856718817771802
lncRNA_8448,5829,17,5846,151,0.5696741355162673
lncRNA_10960,5838,7,5845,169,0.5730979466007748
lncRNA_23423,5833,11,5844,91,0.5821168400959789
lncRNA_1603,5837,6,5843,154,0.5928202034868181
lncRNA_19269,5832,9,5841,161,0.5813041270624788
lncRNA_29815,5823,17,5840,161,0.5938946491563523
lncRNA_23392,5802,37,5839,158,0.6011076049540679
lncRNA_20889,5831,2,5833,141,0.5694852493502961
lncRNA_3027,5830,2,5832,153,0.5773140978690302
lncRNA_18569,5832,0,5832,159,0.5767559534217831
lncRNA_10577,5830,1,5831,155,0.5835888071937216
lncRNA_2368,5822,2,5824,183,0.5707644193139155
lncRNA_13149,5820,4,5824,139,0.5677405617949722
lncRNA_21960,5820,3,5823,170,0.5621294924499229
lncRNA_7598,5818,3,5821,126,0.5755739455686343
lncRNA_25306,5816,4,5820,138,0.5776999652611563
lncRNA_10448,5754,65,5819,125,0.5869111004562159
lncRNA_14477,5812,6,5818,119,0.5856523919631449
lncRNA_7232,5812,5,5817,122,0.5689055261894866
lncRNA_2087,5803,13,5816,170,0.5748669223505939
lncRNA_2086,5803,13,5816,170,0.5748669223505939
lncRNA_2085,5803,13,5816,170,0.5748669223505939
lncRNA_10362,5813,2,5815,93,0.5951387438487618
lncRNA_3025,5810,2,5812,153,0.5771950588896951
lncRNA_8173,5805,6,5811,163,0.5742892612631211
lncRNA_15470,5805,5,5810,141,0.5830058286599051
lncRNA_5422,5808,0,5808,143,0.5617724357318062
lncRNA_31677,5796,10,5806,143,0.5725758935351685
lncRNA_2322,5802,4,5806,159,0.5885863816535524
lncRNA_16151,5793,11,5804,185,0.564455912939232
lncRNA_16243,5799,4,5803,139,0.6004411286672113
lncRNA_29545,5785,17,5802,112,0.5799607196537083
lncRNA_4458,5787,14,5801,161,0.5879279521610598
lncRNA_14140,5761,40,5801,143,0.5718071089185011
lncRNA_4457,5787,14,5801,161,0.5879279521610598
lncRNA_17695,5795,5,5800,164,0.5628004595452211
lncRNA_29151,5796,3,5799,149,0.5704889295037782
lncRNA_2078,5797,1,5798,125,0.5912631684169296
lncRNA_26903,5783,14,5797,167,0.5909058683545421
lncRNA_30004,5795,0,5795,163,0.5552446081557334
lncRNA_8241,5792,3,5795,111,0.5949853104407878
lncRNA_2458,5780,12,5792,167,0.570786628415313
lncRNA_2046,5773,9,5782,151,0.5673348918805579
lncRNA_22442,5777,3,5780,140,0.5762716929216305
lncRNA_365,5778,1,5779,194,0.5759011769566866
lncRNA_8242,5775,3,5778,111,0.5949059416001388
lncRNA_12061,5772,0,5772,154,0.5738578513194378
lncRNA_32287,5771,0,5771,130,0.5664758774049617
lncRNA_17157,5763,7,5770,173,0.5871256973499924
lncRNA_17007,5759,8,5767,93,0.5704840019196024
lncRNA_16979,5758,9,5767,162,0.555113958949823
lncRNA_17597,5762,2,5764,108,0.5600524245653776
lncRNA_6096,5763,0,5763,166,0.5706467325540022
lncRNA_2165,5759,1,5760,125,0.5703624889377773
lncRNA_17017,5725,32,5757,161,0.5764441895185912
lncRNA_31675,5742,13,5755,155,0.5672160202746893
lncRNA_30395,5752,1,5753,150,0.5742742816532312
lncRNA_22085,5752,0,5752,132,0.572558268779855
lncRNA_20587,5747,3,5750,127,0.5822974871575267
lncRNA_14632,5749,1,5750,133,0.5611417275911559
lncRNA_18083,5743,6,5749,184,0.5802490683316758
lncRNA_19890,5744,3,5747,167,0.5705555552465535
lncRNA_16361,5745,2,5747,192,0.560835569163353
lncRNA_26974,5743,3,5746,113,0.5773071847883687
lncRNA_25241,5741,3,5744,120,0.5719819250711987
lncRNA_9778,5740,3,5743,143,0.5991174167058045
lncRNA_18100,5732,8,5740,160,0.6040522557579083
lncRNA_2704,5736,4,5740,122,0.5773832353388193
lncRNA_1303,5731,2,5733,150,0.575704041883205
lncRNA_1302,5731,2,5733,150,0.575704041883205
lncRNA_23394,5722,10,5732,142,0.5902058306394932
lncRNA_7121,5712,20,5732,148,0.590292812084252
lncRNA_31685,5724,6,5730,179,0.5637570329052912
lncRNA_23156,5728,0,5728,142,0.5661696909796461
lncRNA_3087,5718,9,5727,183,0.5659897745603795
lncRNA_22713,5722,4,5726,141,0.5715392305710866
lncRNA_12257,5719,6,5725,131,0.5820345940228744
lncRNA_7027,5718,6,5724,137,0.5788779766383236
lncRNA_16900,5722,0,5722,154,0.5676940636427753
lncRNA_22755,5718,2,5720,164,0.5777797419291233
lncRNA_6930,5716,2,5718,150,0.5721783038610838
lncRNA_4230,5712,6,5718,105,0.5765432519125524
lncRNA_27822,5703,14,5717,142,0.5658963231353701
lncRNA_2951,5705,6,5711,143,0.5705332849500244
lncRNA_2280,5706,2,5708,148,0.5835636917847079
lncRNA_25309,5703,5,5708,135,0.5765634299685314
lncRNA_9522,5623,83,5706,112,0.5920173146542976
lncRNA_18292,5704,2,5706,146,0.599787669044156
lncRNA_26445,5699,1,5700,181,0.572851223304482
lncRNA_29725,5697,3,5700,101,0.5762954546618474
lncRNA_13187,5696,3,5699,93,0.5533076025485141
lncRNA_11776,5695,1,5696,179,0.5785243632885498
lncRNA_7093,5692,3,5695,133,0.5805672751972357
lncRNA_7092,5691,3,5694,133,0.5805718322881779
lncRNA_20983,5685,6,5691,111,0.5782719615116418
lncRNA_14680,5683,7,5690,191,0.5806259413050384
lncRNA_7082,5671,18,5689,147,0.5746029291063255
lncRNA_16582,5686,1,5687,139,0.5734973561597801
lncRNA_32312,5686,0,5686,125,0.5663961218797982
lncRNA_18264,5672,14,5686,102,0.5721018183814806
lncRNA_29355,5682,2,5684,116,0.5732161116516372
lncRNA_24287,5639,45,5684,136,0.5923030033887899
lncRNA_16153,5670,12,5682,179,0.5632053736656252
lncRNA_6408,5676,2,5678,166,0.568137854416523
lncRNA_18263,5664,14,5678,102,0.572092811637683
lncRNA_32325,5675,1,5676,177,0.5729652915644934
lncRNA_9491,5671,0,5671,173,0.5688447487847408
lncRNA_3026,5669,2,5671,149,0.5758361523633313
lncRNA_30014,5658,13,5671,152,0.5609632492044961
lncRNA_11772,5669,2,5671,169,0.578087635533207
lncRNA_2246,5664,5,5669,162,0.5854227376840605
lncRNA_17115,5652,15,5667,125,0.5756490885308243
lncRNA_10491,5662,4,5666,113,0.5641207023529238
lncRNA_2710,5647,14,5661,122,0.6069717757592178
lncRNA_2358,5660,1,5661,101,0.5586559086401462
lncRNA_13444,5655,4,5659,174,0.5957083301326587
lncRNA_17700,5654,5,5659,132,0.5816229094052654
lncRNA_11099,5656,2,5658,141,0.5635306626919874
lncRNA_10469,5642,11,5653,161,0.5994384804808173
lncRNA_4470,5642,11,5653,115,0.6021800858054794
lncRNA_21309,5653,0,5653,149,0.5798969229425535
lncRNA_15429,5631,22,5653,162,0.6115901394399526
lncRNA_16154,5641,12,5653,180,0.5629184537508893
lncRNA_24754,5649,1,5650,114,0.5713162753473124
lncRNA_24755,5649,1,5650,114,0.5713162753473124
lncRNA_28440,5638,10,5648,137,0.6260108961756428
lncRNA_907,5645,2,5647,128,0.5819632116829319
lncRNA_27573,5636,9,5645,152,0.5789331443647671
lncRNA_22044,5641,3,5644,107,0.5655849713121641
lncRNA_24986,5636,7,5643,136,0.5696624996801244
lncRNA_21337,5643,0,5643,157,0.5709203940890599
lncRNA_21561,5628,13,5641,149,0.5752597636837123
lncRNA_3031,5635,5,5640,183,0.5791056068285388
lncRNA_16963,5597,41,5638,164,0.5743210627140238
lncRNA_29369,5628,9,5637,173,0.5879099215389476
lncRNA_22857,5628,7,5635,156,0.5766341006419572
lncRNA_4658,5614,18,5632,155,0.6044342409719284
lncRNA_10797,5631,1,5632,161,0.5738591691896207
lncRNA_2709,5611,14,5625,123,0.6064060749857654
lncRNA_4078,5618,7,5625,139,0.6065498216475786
lncRNA_27974,5597,24,5621,148,0.6154306695225288
lncRNA_7088,5617,1,5618,139,0.5847617772151709
lncRNA_14070,5617,1,5618,122,0.5923187738424288
lncRNA_8298,5611,6,5617,117,0.5722267522671127
lncRNA_31436,5607,9,5616,128,0.5662386163576166
lncRNA_3092,5610,6,5616,182,0.5804501876938856
lncRNA_9559,5609,6,5615,173,0.5891090112214262
lncRNA_13168,5608,7,5615,131,0.573938698690397
lncRNA_32159,5612,2,5614,161,0.575083996277502
lncRNA_14980,5611,2,5613,160,0.5668142113554479
lncRNA_11076,5609,0,5609,175,0.5834530115478594
lncRNA_1686,5597,5,5602,153,0.5953366614190604
lncRNA_7091,5598,3,5601,129,0.5807555171123694
lncRNA_28918,5596,5,5601,158,0.5637982096602597
lncRNA_26444,5598,1,5599,177,0.5720355629867616
lncRNA_30339,5593,4,5597,155,0.5990475526365296
lncRNA_13154,5570,26,5596,156,0.5743247925302519
lncRNA_29368,5586,9,5595,171,0.5877410281978648
lncRNA_17120,5578,16,5594,126,0.5742174421602887
lncRNA_4186,5554,39,5593,113,0.5971719779953688
lncRNA_12884,5589,3,5592,141,0.5676421907591958
lncRNA_17117,5563,16,5579,126,0.574291706712606
lncRNA_17118,5562,16,5578,126,0.5744487811127418
lncRNA_17159,5575,3,5578,105,0.5775125661513476
lncRNA_23110,5555,22,5577,157,0.5943843846450344
lncRNA_23103,5555,22,5577,157,0.5943843846450344
lncRNA_23111,5555,22,5577,157,0.5943843846450344
lncRNA_23107,5555,22,5577,157,0.5943843846450344
lncRNA_23104,5555,22,5577,157,0.5943843846450344
lncRNA_30071,5556,19,5575,143,0.5774657300486103
lncRNA_20671,5574,0,5574,105,0.579225615977541
lncRNA_17116,5556,16,5572,126,0.5742357606291975
lncRNA_2657,5566,2,5568,114,0.5827712213304943
lncRNA_23304,5564,1,5565,165,0.5730643864112505
lncRNA_1398,5558,3,5561,132,0.5692389927854434
lncRNA_4779,5555,3,5558,181,0.5695474070823532
lncRNA_32315,5542,14,5556,146,0.5644074317547347
lncRNA_15626,5551,4,5555,156,0.593689575244645
lncRNA_28669,5553,1,5554,134,0.5595404570988664
lncRNA_1299,5551,2,5553,123,0.5968171675571022
lncRNA_28658,5547,2,5549,123,0.5824644245153763
lncRNA_13026,5546,3,5549,170,0.567134590805882
lncRNA_5527,5546,2,5548,137,0.583945724734542
lncRNA_18545,5538,9,5547,161,0.5894769527784458
lncRNA_27963,5545,0,5545,137,0.5816388039007077
lncRNA_17362,5514,27,5541,135,0.6151833446394752
lncRNA_13027,5533,5,5538,166,0.5884458437197129
lncRNA_9025,5534,3,5537,138,0.5769615048992967
lncRNA_523,5527,2,5529,123,0.5712592947000255
lncRNA_29065,5527,2,5529,140,0.574154534266732
lncRNA_22617,5521,7,5528,138,0.5804309723083884
lncRNA_28871,5519,8,5527,153,0.5856951563595711
lncRNA_22754,5523,3,5526,133,0.5740054651388923
lncRNA_30936,5518,8,5526,121,0.5650039808507137
lncRNA_11834,5470,49,5519,112,0.5820378436812733
lncRNA_033,5469,50,5519,170,0.6246862079954548
lncRNA_19906,5504,13,5517,156,0.5985445867455159
lncRNA_26860,5463,53,5516,133,0.5508494775598775
lncRNA_588,5512,3,5515,126,0.6013062203014177
lncRNA_29734,5511,2,5513,142,0.574548550846295
lncRNA_407,5507,6,5513,149,0.5751991170298472
lncRNA_29733,5511,2,5513,142,0.574548550846295
lncRNA_18937,5508,3,5511,134,0.5900522644760439
lncRNA_405,5503,7,5510,146,0.5932759092639118
lncRNA_21548,5479,27,5506,88,0.5699743770647495
lncRNA_24372,5483,13,5496,158,0.6022106372634067
lncRNA_4697,5495,0,5495,95,0.5867156332367017
lncRNA_275,5486,7,5493,103,0.5904524573067613
lncRNA_2366,5486,7,5493,120,0.5647824878768468
lncRNA_16902,5482,11,5493,116,0.5669679269399072
lncRNA_18104,5484,8,5492,152,0.6028659825762995
lncRNA_21216,5489,3,5492,107,0.5798439159364178
lncRNA_16357,5481,8,5489,139,0.5593629908860603
lncRNA_13085,5486,2,5488,143,0.5709589753896699
lncRNA_2600,5473,15,5488,123,0.5609706940518058
lncRNA_7519,5481,6,5487,110,0.5738822520884181
lncRNA_25715,5486,0,5486,104,0.5709793237226954
lncRNA_17688,5485,1,5486,148,0.561115203480358
lncRNA_15259,5486,0,5486,138,0.5821570951684449
lncRNA_19035,5484,1,5485,181,0.5744386061454096
lncRNA_2275,5470,13,5483,146,0.5728334042572173
lncRNA_12089,5481,0,5481,152,0.5591212063137804
lncRNA_12055,5441,39,5480,151,0.6285525915134286
lncRNA_25886,5479,1,5480,76,0.5833696179450425
lncRNA_22414,5464,15,5479,143,0.6180773527161696
lncRNA_2402,5478,0,5478,123,0.5706705966465768
lncRNA_406,5469,6,5475,149,0.5750158071130836
lncRNA_1354,5472,3,5475,102,0.5861711564796015
lncRNA_11924,5467,4,5471,129,0.5936415190030263
lncRNA_27921,5470,1,5471,130,0.5724575718536413
lncRNA_7225,5442,27,5469,162,0.5742847131189524
lncRNA_11199,5465,3,5468,128,0.575497506587872
lncRNA_28007,5465,3,5468,147,0.5745829209354374
lncRNA_19205,5467,1,5468,137,0.5706681923493137
lncRNA_24306,5467,0,5467,142,0.5767443656635027
lncRNA_11034,5466,1,5467,91,0.5840183716938461
lncRNA_12133,5457,9,5466,126,0.5639602537288169
lncRNA_13228,5457,8,5465,99,0.5885806908988553
lncRNA_28226,5449,16,5465,128,0.5827161762695485
lncRNA_8489,5414,51,5465,131,0.5510053285475313
lncRNA_3991,5462,2,5464,139,0.5647398905160507
lncRNA_6160,5461,2,5463,154,0.5817682503306016
lncRNA_5399,5375,86,5461,134,0.5967233507731695
lncRNA_17112,5442,15,5457,123,0.5740489554817894
lncRNA_19089,5422,32,5454,151,0.604171146594433
lncRNA_9022,5448,2,5450,166,0.5832555949857275
lncRNA_19811,5399,50,5449,138,0.6156079882814511
lncRNA_19809,5399,50,5449,138,0.6156079882814511
lncRNA_16160,5446,2,5448,139,0.5668709988807006
lncRNA_3990,5446,2,5448,140,0.5646238356138857
lncRNA_30211,5440,6,5446,169,0.5795334237188615
lncRNA_25704,5446,0,5446,99,0.5664835297827373
lncRNA_1024,5445,0,5445,145,0.5703590833522237
lncRNA_25700,5445,0,5445,102,0.572898521145115
lncRNA_1588,5377,68,5445,139,0.5915998737638338
lncRNA_29048,5420,21,5441,158,0.604051544405329
lncRNA_23149,5428,7,5435,127,0.5579209413844028
lncRNA_18101,5425,9,5434,150,0.6027142185569896
lncRNA_22548,5424,8,5432,148,0.5744605059108928
lncRNA_22892,5428,3,5431,136,0.5678308924580282
lncRNA_404,5419,9,5428,146,0.5921621565572205
lncRNA_30155,5421,7,5428,135,0.5770830677748998
lncRNA_21291,5427,0,5427,91,0.5663015390578984
lncRNA_10620,5396,31,5427,144,0.5550042072356716
lncRNA_8615,5420,4,5424,77,0.5669162824995299
lncRNA_30403,5419,3,5422,137,0.6015855977886144
lncRNA_19088,5384,31,5415,150,0.602329251796172
lncRNA_24300,5412,2,5414,126,0.5718567098602594
lncRNA_16152,5397,13,5410,174,0.5619663913426294
lncRNA_1219,5401,8,5409,153,0.5867058680502067
lncRNA_25710,5406,0,5406,98,0.5663323194814578
lncRNA_25712,5406,0,5406,98,0.5663323194814578
lncRNA_4051,5401,2,5403,131,0.5682875866038994
lncRNA_11979,5401,1,5402,193,0.5658614131842551
lncRNA_18103,5393,9,5402,149,0.60259775956562
lncRNA_18259,5389,12,5401,101,0.573434169880607
lncRNA_2120,5395,2,5397,154,0.5664589469073866
lncRNA_29735,5394,2,5396,136,0.5731660160793943
lncRNA_1110,5387,9,5396,120,0.5671351948573495
lncRNA_22809,5349,46,5395,135,0.5819176457151978
lncRNA_28512,5390,0,5390,145,0.5738450098059596
lncRNA_15754,5235,155,5390,121,0.5785544850770139
lncRNA_087,5386,4,5390,109,0.5735056400962578
lncRNA_19821,5367,21,5388,155,0.5770835323667135
lncRNA_29343,5381,4,5385,126,0.5690193036901415
lncRNA_21586,5383,0,5383,105,0.5760435539531992
lncRNA_18997,5373,0,5373,141,0.5558484405754953
lncRNA_735,5361,11,5372,144,0.5950459243552129
lncRNA_26429,5367,4,5371,161,0.5667591239267643
lncRNA_7518,5370,0,5370,156,0.5669805244460362
lncRNA_30737,5361,5,5366,123,0.584110591662922
lncRNA_4282,5326,38,5364,61,0.5727162245747139
lncRNA_2616,5355,7,5362,129,0.5974415621842695
lncRNA_1503,5360,1,5361,149,0.5731976442688823
lncRNA_25718,5361,0,5361,103,0.569297071727909
lncRNA_2284,5343,16,5359,78,0.5725278150838936
lncRNA_25582,5356,2,5358,143,0.5734407625697057
lncRNA_2337,5344,7,5351,129,0.6122350894430562
lncRNA_6256,5326,24,5350,159,0.5679479046419336
lncRNA_19261,5345,5,5350,166,0.5737490028466145
lncRNA_15934,5348,1,5349,145,0.5740171508814192
lncRNA_8211,5348,0,5348,157,0.5649015446559389
lncRNA_20721,5340,3,5343,160,0.5732890417328345
lncRNA_28513,5340,0,5340,137,0.5746733566117841
lncRNA_064,5329,10,5339,142,0.6211392445063443
lncRNA_5818,5337,1,5338,115,0.5642419117074554
lncRNA_6898,5335,2,5337,123,0.5759331247954278
lncRNA_19156,5336,0,5336,149,0.5637870360189277
lncRNA_8961,45,5286,5331,151,-0.5823413974578537
lncRNA_2348,5326,0,5326,137,0.5544262591610265
lncRNA_14506,5320,4,5324,115,0.5726716613526803
lncRNA_14213,5320,3,5323,114,0.5729442750237205
lncRNA_27160,5315,6,5321,91,0.5843877323701077
lncRNA_16460,5319,2,5321,123,0.563600082495972
lncRNA_25597,5315,5,5320,143,0.5695886250585281
lncRNA_23334,5305,15,5320,105,0.574817324720315
lncRNA_9590,5305,10,5315,104,0.5776322800354753
lncRNA_8959,47,5264,5311,151,-0.581639456737065
lncRNA_21417,5308,2,5310,126,0.5727068937998536
lncRNA_26294,5303,4,5307,110,0.5819503621648011
lncRNA_3895,5301,6,5307,175,0.5848377215560061
lncRNA_20494,5301,5,5306,140,0.5824727337982654
lncRNA_23919,5297,8,5305,132,0.5795770223605372
lncRNA_14377,5293,8,5301,147,0.5642345389568688
lncRNA_25701,5299,0,5299,98,0.57250556464533
lncRNA_29911,5298,0,5298,115,0.5648184601607259
lncRNA_21457,5284,14,5298,142,0.5907764788938762
lncRNA_6054,5287,10,5297,136,0.6116890594914207
lncRNA_6055,5287,10,5297,136,0.6116890594914207
lncRNA_25799,5294,2,5296,77,0.5616386811369495
lncRNA_25705,5290,0,5290,97,0.5724841060669597
lncRNA_3894,5277,6,5283,175,0.5846904766297226
lncRNA_21585,5267,13,5280,104,0.5558824316501388
lncRNA_30979,5277,3,5280,148,0.5671720048695172
lncRNA_2092,5276,2,5278,152,0.5693031429440495
lncRNA_2091,5276,2,5278,152,0.5693031429440495
lncRNA_25365,5212,66,5278,151,0.6136850080114851
lncRNA_9242,5275,3,5278,134,0.5776818466704119
lncRNA_24474,5259,18,5277,160,0.5858874307121499
lncRNA_14508,5272,4,5276,114,0.5721584894839487
lncRNA_2732,5274,1,5275,150,0.5691643960432455
lncRNA_349,5274,1,5275,86,0.5648991904276968
lncRNA_6159,5272,2,5274,149,0.5791476497399541
lncRNA_20738,5236,37,5273,103,0.5984568125156086
lncRNA_18079,5271,1,5272,119,0.5530285063615726
lncRNA_3030,5268,4,5272,171,0.5776318196500636
lncRNA_8972,5261,9,5270,97,0.578752604721853
lncRNA_8973,5261,9,5270,97,0.578752604721853
lncRNA_18006,5258,10,5268,139,0.580447426984848
lncRNA_589,5264,2,5266,110,0.5989395956173258
lncRNA_6993,5255,9,5264,136,0.5892119578364458
lncRNA_6992,5253,9,5262,136,0.5892579216106572
lncRNA_19860,5261,1,5262,139,0.5636958186489138
lncRNA_19857,5261,1,5262,139,0.5636958186489138
lncRNA_11128,5261,1,5262,153,0.5658304711919858
lncRNA_22855,5252,9,5261,144,0.5615988331487383
lncRNA_23456,5252,6,5258,114,0.5715647841536793
lncRNA_003,5233,24,5257,122,0.6211603458943237
lncRNA_25709,5256,0,5256,97,0.5722987883857829
lncRNA_25706,5256,0,5256,97,0.5722987883857829
lncRNA_4930,5249,6,5255,59,0.5824235256880191
lncRNA_10706,5254,1,5255,141,0.572303225946274
lncRNA_9892,5241,13,5254,101,0.5788720211844784
lncRNA_9893,5241,13,5254,101,0.5788720211844784
lncRNA_590,5252,2,5254,110,0.5988456881309654
lncRNA_14375,5245,8,5253,145,0.564023418915869
lncRNA_25713,5247,0,5247,96,0.5722894463469206
lncRNA_17356,5235,6,5241,132,0.5697143707451081
lncRNA_3020,5234,4,5238,128,0.578887917566923
lncRNA_6158,5235,2,5237,148,0.5789473873277302
lncRNA_12206,5175,62,5237,129,0.6062644848649961
lncRNA_11822,5222,13,5235,132,0.5682234189550591
lncRNA_29233,5229,5,5234,140,0.5664929055903806
lncRNA_30196,5211,22,5233,148,0.5639815709468982
lncRNA_3029,5227,5,5232,171,0.5777759771983453
lncRNA_21583,5218,13,5231,103,0.5553275908086013
lncRNA_21584,5218,13,5231,103,0.5553275908086013
lncRNA_15713,5223,6,5229,104,0.5627418823505843
lncRNA_29589,5227,1,5228,124,0.5644319593876457
lncRNA_4375,5101,122,5223,124,0.5872728863543706
lncRNA_8269,5216,1,5217,109,0.5697900277993666
lncRNA_1290,5212,4,5216,118,0.563954171609458
lncRNA_17519,5203,11,5214,128,0.5592214127614009
lncRNA_17158,5208,4,5212,100,0.5613001876637581
lncRNA_3088,5206,5,5211,116,0.5975225353182915
lncRNA_777,5210,1,5211,75,0.595456635776294
lncRNA_18247,5098,112,5210,98,0.5699261150133917
lncRNA_31901,5209,1,5210,97,0.5718239631332469
lncRNA_29740,5205,5,5210,118,0.5515075481174064
lncRNA_29323,62,5146,5208,163,-0.5653622074516419
lncRNA_17317,5203,5,5208,123,0.5785848034530311
lncRNA_12121,5186,19,5205,130,0.5782300468915029
lncRNA_5588,5201,3,5204,80,0.5576955584106171
lncRNA_6074,5200,4,5204,150,0.5964106721910151
lncRNA_9854,5200,2,5202,76,0.5982673093914883
lncRNA_16169,5199,2,5201,128,0.5682973605652265
lncRNA_14113,5190,11,5201,120,0.5991164582619803
lncRNA_16168,5199,2,5201,128,0.5682973605652265
lncRNA_4885,5172,19,5191,131,0.5858827971845121
lncRNA_7112,5188,1,5189,90,0.575401802311629
lncRNA_27111,5185,1,5186,125,0.5677413180279863
lncRNA_694,5185,0,5185,115,0.5721597442274434
lncRNA_23305,5068,117,5185,108,0.5757171028385983
lncRNA_26634,5174,10,5184,95,0.5677819051812523
lncRNA_30930,5175,7,5182,115,0.5645459955879558
lncRNA_29285,5176,6,5182,142,0.5714441128654861
lncRNA_22624,5179,3,5182,140,0.5728505316750532
lncRNA_29066,5180,1,5181,130,0.5718169927844433
lncRNA_8916,52,5128,5180,141,-0.585256523068096
lncRNA_25719,5173,0,5173,98,0.5680816541313065
lncRNA_8541,5169,4,5173,121,0.5859659408683026
lncRNA_25880,5172,0,5172,103,0.5785596027586204
lncRNA_23306,5056,113,5169,107,0.5760545872683356
lncRNA_7240,5159,9,5168,171,0.5902068873196279
lncRNA_5915,5160,5,5165,97,0.5758837879519674
lncRNA_16648,5162,2,5164,137,0.5718710264146734
lncRNA_13404,5154,9,5163,120,0.5660891503141628
lncRNA_22774,5155,6,5161,89,0.5737609007417732
lncRNA_21193,5158,3,5161,140,0.5728764092777664
lncRNA_23224,5141,19,5160,141,0.5822303962343041
lncRNA_17130,5156,2,5158,110,0.5575497144122025
lncRNA_19736,5149,9,5158,131,0.5632161363704191
lncRNA_8911,52,5103,5155,141,-0.5848531543735627
lncRNA_9935,5153,1,5154,140,0.5860003273337848
lncRNA_5354,5114,37,5151,151,0.6032345525422163
lncRNA_8582,5143,8,5151,120,0.5610571860266872
lncRNA_15659,5144,6,5150,138,0.5673543829727717
lncRNA_25581,5147,2,5149,137,0.5708937514830802
lncRNA_22422,5146,2,5148,92,0.5771268812774827
lncRNA_9479,5142,5,5147,144,0.5785671475521358
lncRNA_4341,5140,5,5145,134,0.5995285689439765
lncRNA_8907,52,5091,5143,140,-0.5846713984311573
lncRNA_17121,5125,14,5139,115,0.5719048694589465
lncRNA_15110,5136,3,5139,102,0.5704449449089941
lncRNA_5893,5122,14,5136,95,0.5691973687318177
lncRNA_1314,5124,11,5135,88,0.575505251811371
lncRNA_8719,5117,17,5134,106,0.5820484356938378
lncRNA_17014,5098,36,5134,150,0.5688659179737022
lncRNA_8720,5117,17,5134,106,0.5820484356938378
lncRNA_29235,5123,8,5131,139,0.5650289774946713
lncRNA_7289,5123,7,5130,94,0.5545736033379367
lncRNA_827,5125,4,5129,125,0.574472959669543
lncRNA_8953,47,5082,5129,146,-0.5787377870399466
lncRNA_4053,5126,2,5128,161,0.5820173973907282
lncRNA_8945,47,5080,5127,146,-0.5787498786732265
lncRNA_8948,47,5080,5127,146,-0.5787495428645594
lncRNA_20617,5126,1,5127,132,0.5848795833476934
lncRNA_8575,48,5079,5127,143,-0.5803563699119846
lncRNA_11933,5123,3,5126,127,0.5811382718112547
lncRNA_8947,47,5079,5126,146,-0.5787657594764449
lncRNA_23676,5118,6,5124,157,0.5581817472322799
lncRNA_20618,5121,1,5122,132,0.585156683113718
lncRNA_19905,5111,10,5121,145,0.5944748122768211
lncRNA_8950,45,5074,5119,147,-0.5784922493577244
lncRNA_8901,52,5067,5119,140,-0.5844744680522286
lncRNA_8951,45,5074,5119,147,-0.5784278979258335
lncRNA_8954,45,5073,5118,147,-0.5785233716242224
lncRNA_24511,5105,11,5116,98,0.5572271699930019
lncRNA_26777,5086,26,5112,136,0.6181138654019599
lncRNA_8566,46,5065,5111,147,-0.578769401277776
lncRNA_8942,47,5063,5110,141,-0.5814166586684457
lncRNA_4376,4976,133,5109,122,0.5831351272225013
lncRNA_8557,52,5056,5108,139,-0.5841972754761464
lncRNA_8556,53,5052,5105,138,-0.5841531146042077
lncRNA_17304,5101,3,5104,169,0.5702388280374059
lncRNA_8941,48,5056,5104,142,-0.5805999678002435
lncRNA_29164,5087,13,5100,106,0.5563651807945078
lncRNA_4467,5070,28,5098,155,0.5777309674635497
lncRNA_28515,5097,0,5097,133,0.5714731204777329
lncRNA_28514,5097,0,5097,133,0.5714731204777329
lncRNA_29234,5089,8,5097,138,0.5640849397497759
lncRNA_28516,5097,0,5097,133,0.5714731204777329
lncRNA_23250,5083,13,5096,123,0.5813114372219348
lncRNA_14979,5092,1,5093,113,0.5751011423128305
lncRNA_19227,5088,4,5092,119,0.5844160481631588
lncRNA_4513,5087,5,5092,155,0.5869054410989449
lncRNA_28517,5091,0,5091,133,0.5716675798396195
lncRNA_8938,47,5044,5091,140,-0.5810954404354061
lncRNA_8956,47,5042,5089,145,-0.5784016222844274
lncRNA_8944,47,5040,5087,140,-0.5808369751300475
lncRNA_8943,47,5039,5086,140,-0.5808674752150165
lncRNA_8570,47,5039,5086,145,-0.5784290472740116
lncRNA_8574,46,5039,5085,145,-0.5782833252294186
lncRNA_8565,46,5039,5085,145,-0.578283998366296
lncRNA_4720,5083,2,5085,120,0.5631270925650718
lncRNA_17286,5084,1,5085,95,0.5729186771785146
lncRNA_8952,46,5039,5085,145,-0.5782871544616508
lncRNA_8946,46,5039,5085,145,-0.5782878270945189
lncRNA_21661,5078,6,5084,84,0.5605027774623184
lncRNA_27189,5080,3,5083,131,0.5775627325351207
lncRNA_2624,5081,1,5082,164,0.5582313849652207
lncRNA_12222,5080,1,5081,113,0.5588313708949424
lncRNA_22202,5075,4,5079,108,0.5599278803207643
lncRNA_26844,5072,6,5078,138,0.5806038051591731
lncRNA_21555,5009,69,5078,166,0.5697765498313688
lncRNA_25944,5069,6,5075,106,0.5857441429137545
lncRNA_20715,5072,1,5073,154,0.5675599551869747
lncRNA_23339,5009,63,5072,136,0.5818464929248802
lncRNA_20907,5065,5,5070,109,0.5842932283453669
lncRNA_8564,47,5017,5064,140,-0.5807194526786711
lncRNA_25722,5063,0,5063,101,0.5724907421673066
lncRNA_25716,5062,0,5062,91,0.5741676229842511
lncRNA_19879,5044,17,5061,136,0.5936977877140566
lncRNA_6517,5057,4,5061,144,0.5704668889741551
lncRNA_14376,5053,7,5060,142,0.5627722274224309
lncRNA_8937,47,5012,5059,139,-0.580556371393272
lncRNA_21373,5057,2,5059,97,0.5641349541310771
lncRNA_11771,5054,3,5057,141,0.5673461969928152
lncRNA_9330,5055,1,5056,155,0.5686756036752426
lncRNA_27924,5056,0,5056,121,0.5702006017326853
lncRNA_12199,5033,23,5056,159,0.5867882394779509
lncRNA_2478,5013,43,5056,117,0.5918851448850657
lncRNA_27922,5056,0,5056,121,0.569973430809429
lncRNA_17674,5046,4,5050,88,0.563604652413072
lncRNA_2472,5044,5,5049,126,0.5775146901513423
lncRNA_6323,5031,9,5040,131,0.569402555339644
lncRNA_9614,5033,6,5039,99,0.5756616817987045
lncRNA_30101,5038,1,5039,91,0.5624183454021714
lncRNA_23720,5020,19,5039,182,0.5833867246354503
lncRNA_938,4980,52,5032,125,0.605063398552519
lncRNA_12176,5028,0,5028,102,0.5632824993987505
lncRNA_22109,4991,34,5025,118,0.5959990200246951
lncRNA_13419,5017,8,5025,131,0.5745065339705075
lncRNA_5400,4933,90,5023,129,0.5894708005187574
lncRNA_4840,5018,3,5021,138,0.5704698664951761
lncRNA_10618,4994,27,5021,146,0.5722195952309548
lncRNA_26632,5020,1,5021,134,0.5823265674004563
lncRNA_22663,4955,64,5019,130,0.5553619189290833
lncRNA_26633,5017,1,5018,136,0.5800007259470761
lncRNA_27912,5016,1,5017,94,0.5746722408819457
lncRNA_8572,48,4969,5017,138,-0.5786579312530287
lncRNA_14089,5014,3,5017,114,0.5659183107549898
lncRNA_23636,5014,1,5015,128,0.5611305463897285
lncRNA_25717,5015,0,5015,91,0.573103544038952
lncRNA_12205,4967,47,5014,126,0.5966046662649976
lncRNA_25953,4997,15,5012,169,0.5663340793861332
lncRNA_8958,48,4964,5012,138,-0.5786751778243057
lncRNA_16260,5007,3,5010,162,0.5700250718948363
lncRNA_8923,52,4958,5010,134,-0.5809248358727009
lncRNA_16264,5007,3,5010,162,0.5700250718948363
lncRNA_16261,5007,3,5010,162,0.5700250718948363
lncRNA_16431,4995,14,5009,104,0.5816875586192355
lncRNA_18358,5001,5,5006,127,0.5876230209498245
lncRNA_8987,5002,3,5005,109,0.5756623183343771
lncRNA_22943,5004,0,5004,148,0.569975627051771
lncRNA_8935,52,4952,5004,134,-0.5807599677522236
lncRNA_29365,4986,14,5000,148,0.5834290262039118
lncRNA_8869,4990,9,4999,122,0.5930127263708709
lncRNA_26975,4993,3,4996,95,0.5708741994338504
lncRNA_24726,4983,9,4992,109,0.5672235605587241
lncRNA_8559,52,4939,4991,133,-0.5805803708688072
lncRNA_8924,52,4938,4990,133,-0.5803437984021186
lncRNA_2452,4975,11,4986,79,0.5709717213373431
lncRNA_913,4982,2,4984,111,0.576501733846386
lncRNA_8931,53,4931,4984,133,-0.5802406599618963
lncRNA_8561,52,4932,4984,133,-0.5803684965388742
lncRNA_23692,4982,2,4984,137,0.5793907781166657
lncRNA_621,4945,38,4983,97,0.5740540422860829
lncRNA_27470,4982,1,4983,144,0.5540561058448158
lncRNA_620,4945,38,4983,97,0.5740540422860829
lncRNA_30479,4977,5,4982,143,0.5692980016027184
lncRNA_23387,4979,1,4980,128,0.5712995935290136
lncRNA_8925,52,4928,4980,133,-0.5802958056238474
lncRNA_8926,52,4928,4980,133,-0.5802753481765028
lncRNA_8934,52,4925,4977,133,-0.5802770303151864
lncRNA_32054,4966,11,4977,102,0.5815175492269231
lncRNA_2164,4974,2,4976,82,0.5695603144494068
lncRNA_27359,4966,10,4976,128,0.5786151252758354
lncRNA_25646,4963,8,4971,188,0.5746498248801605
lncRNA_26489,4938,32,4970,174,0.5605010112951857
lncRNA_8563,52,4916,4968,133,-0.5799963880941793
lncRNA_2296,4962,6,4968,127,0.5795445795588666
lncRNA_1352,4965,1,4966,80,0.5755338383273709
lncRNA_8558,52,4914,4966,133,-0.5802057375807141
lncRNA_23388,4966,0,4966,127,0.5711852586925987
lncRNA_26920,4961,4,4965,164,0.577912762462176
lncRNA_20815,4956,8,4964,136,0.5828752672007405
lncRNA_27661,4950,13,4963,148,0.5652942633051372
lncRNA_8936,52,4910,4962,133,-0.5800200857587503
lncRNA_25367,4923,38,4961,123,0.5910493985302427
lncRNA_25885,4958,1,4959,65,0.579165894401568
lncRNA_3934,4957,0,4957,126,0.5759341271439429
lncRNA_24593,4914,43,4957,145,0.5750622960972532
lncRNA_24592,4914,43,4957,145,0.5750622960972532
lncRNA_24591,4914,43,4957,145,0.5750622960972532
lncRNA_23328,4950,6,4956,168,0.5635165796837889
lncRNA_26923,4952,4,4956,162,0.5779757446327006
lncRNA_26922,4947,4,4951,162,0.5779107418505096
lncRNA_8851,4859,89,4948,119,0.5846492894369336
lncRNA_20814,4936,8,4944,134,0.5824757951195176
lncRNA_23954,4941,3,4944,143,0.5805109113962945
lncRNA_550,4939,4,4943,123,0.5619908830182094
lncRNA_12216,4940,2,4942,127,0.589268026248102
lncRNA_23307,4837,104,4941,100,0.5706258673611506
lncRNA_3006,4938,1,4939,104,0.5906625385993209
lncRNA_29378,4875,64,4939,108,0.5404066154075269
lncRNA_28716,4925,11,4936,151,0.5720470890345463
lncRNA_16353,4930,3,4933,101,0.5836382930424816
lncRNA_26245,4928,4,4932,115,0.5629740817769526
lncRNA_8417,4925,5,4930,126,0.5641679813501725
lncRNA_16316,4927,0,4927,92,0.5935598242130464
lncRNA_1151,4923,4,4927,121,0.558190044319936
lncRNA_18032,4915,7,4922,112,0.5910612176645529
lncRNA_22075,4918,3,4921,101,0.5611574580511325
lncRNA_26635,4910,9,4919,83,0.5629102584438662
lncRNA_24386,4900,14,4914,139,0.5713768487637971
lncRNA_8988,4910,3,4913,107,0.5750065394803895
lncRNA_8477,4908,4,4912,115,0.5702413873011036
lncRNA_8562,54,4857,4911,134,-0.5798155279694017
lncRNA_20598,4905,3,4908,134,0.5807261862605976
lncRNA_20813,4897,10,4907,137,0.5795524717594738
lncRNA_4379,4891,16,4907,125,0.5620313694009427
lncRNA_16043,4903,2,4905,146,0.576473091294744
lncRNA_12000,4896,0,4896,128,0.5679858011571126
lncRNA_15865,4887,7,4894,93,0.577199675884109
lncRNA_13560,4892,2,4894,113,0.5596065606602474
lncRNA_21495,4891,2,4893,81,0.5622617138035021
lncRNA_14921,4881,12,4893,105,0.5674050970481272
lncRNA_28228,4876,13,4889,115,0.5758488812899318
lncRNA_31477,4879,7,4886,70,0.5566323006581294
lncRNA_14610,4882,3,4885,86,0.5586879696849844
lncRNA_2060,4879,4,4883,160,0.5792502686570747
lncRNA_13778,4875,6,4881,95,0.5564545450846464
lncRNA_10432,4877,4,4881,138,0.5899133837121013
lncRNA_31007,4879,2,4881,145,0.5852918144087983
lncRNA_21427,4853,27,4880,97,0.5602174378586156
lncRNA_29232,4868,9,4877,136,0.5628938796386285
lncRNA_18254,4872,3,4875,151,0.5733821268296428
lncRNA_10987,4868,3,4871,107,0.5735635092353993
lncRNA_17203,4870,0,4870,117,0.5557025516678329
lncRNA_10983,4866,3,4869,108,0.5735354420027827
lncRNA_21543,4802,64,4866,105,0.5982298904395696
lncRNA_10984,4863,3,4866,108,0.5736030821684236
lncRNA_21902,4831,33,4864,117,0.5940477118130915
lncRNA_25776,4844,20,4864,125,0.6015949157590316
lncRNA_27980,4861,2,4863,110,0.5855022390173797
lncRNA_3023,4810,48,4858,116,0.5877873753404711
lncRNA_19646,4837,20,4857,144,0.5987343652982755
lncRNA_18223,4846,9,4855,93,0.5698001506198339
lncRNA_31350,4852,1,4853,117,0.5600400462466503
lncRNA_17465,4844,8,4852,104,0.5640721567499456
lncRNA_870,4848,3,4851,146,0.565977351208929
lncRNA_17637,4845,4,4849,81,0.5597221452830441
lncRNA_25364,4841,7,4848,149,0.5881555788173497
lncRNA_7356,4844,3,4847,127,0.5878261002095407
lncRNA_19099,4835,11,4846,119,0.5780614425927639
lncRNA_21361,4843,3,4846,87,0.5739142381829391
lncRNA_4916,4808,37,4845,106,0.581857739732227
lncRNA_26537,4840,3,4843,115,0.5639673339065595
lncRNA_12796,4836,4,4840,150,0.563593533538181
lncRNA_23188,4838,2,4840,142,0.5669779882175816
lncRNA_18982,4834,4,4838,125,0.566008928700276
lncRNA_21545,4769,67,4836,105,0.5970749103822212
lncRNA_23034,4824,10,4834,126,0.5642160294012813
lncRNA_27358,4823,11,4834,124,0.5772579374333542
lncRNA_3800,4828,2,4830,144,0.5714080996280086
lncRNA_5697,4814,15,4829,134,0.5734158131392376
lncRNA_6291,4819,4,4823,154,0.5748938483162385
lncRNA_11196,4813,9,4822,98,0.5608828648542582
lncRNA_1247,4816,5,4821,111,0.564098160633288
lncRNA_2579,4818,2,4820,121,0.5534939518478171
lncRNA_11999,4820,0,4820,104,0.549160812733527
lncRNA_23814,4762,57,4819,107,0.5812918220763061
lncRNA_11061,4815,3,4818,157,0.5721551589052638
lncRNA_7216,4816,1,4817,133,0.5642962218750549
lncRNA_536,4814,2,4816,120,0.5841419934136398
lncRNA_534,4814,2,4816,120,0.5841419934136398
lncRNA_533,4814,2,4816,120,0.5841419934136398
lncRNA_2351,4809,7,4816,125,0.5863237360993709
lncRNA_2352,4809,7,4816,125,0.5863237360993709
lncRNA_2354,4809,7,4816,125,0.5863237360993709
lncRNA_532,4814,2,4816,120,0.5841419934136398
lncRNA_22111,4777,39,4816,112,0.5936675374736025
lncRNA_29749,4807,2,4809,85,0.5585692596137002
lncRNA_29906,4806,3,4809,137,0.5613745812846468
lncRNA_29748,4807,2,4809,85,0.5585692596137002
lncRNA_30106,4787,21,4808,141,0.5740175065067352
lncRNA_2214,4769,38,4807,142,0.569446258318256
lncRNA_31923,4797,10,4807,104,0.564428502075846
lncRNA_5959,4805,0,4805,121,0.5758918755650921
lncRNA_5960,4805,0,4805,121,0.5758918755650921
lncRNA_15432,4782,22,4804,144,0.5806763466978296
lncRNA_21454,4802,2,4804,120,0.575825053042776
lncRNA_18272,4802,1,4803,101,0.556497306239776
lncRNA_18170,4798,0,4798,109,0.5801746823161923
lncRNA_16263,4795,3,4798,155,0.5694522595450223
lncRNA_30510,4685,109,4794,123,0.5878009116432942
lncRNA_4251,4788,3,4791,123,0.5685023943717807
lncRNA_27600,4740,47,4787,89,0.5780000831016248
lncRNA_306,4773,13,4786,92,0.5575041101635816
lncRNA_22108,4748,38,4786,112,0.5931299349684178
lncRNA_14784,4779,6,4785,107,0.5585541830562193
lncRNA_11815,4745,36,4781,151,0.5915872991328769
lncRNA_21904,4740,39,4779,112,0.593002701503815
lncRNA_21905,4740,39,4779,112,0.593002701503815
lncRNA_21324,4772,5,4777,66,0.5729228459267987
lncRNA_21325,4772,5,4777,66,0.5729228459267987
lncRNA_3831,4749,27,4776,146,0.5705194683724465
lncRNA_22110,4736,39,4775,115,0.5931120843609363
lncRNA_9774,4771,4,4775,106,0.5647393336117833
lncRNA_19266,4696,78,4774,122,0.5973986646914593
lncRNA_10619,4740,34,4774,137,0.5668132192645136
lncRNA_17364,4752,15,4767,108,0.6004346810271192
lncRNA_31312,4763,2,4765,125,0.5665263557255528
lncRNA_2145,4763,1,4764,93,0.5670965017114937
lncRNA_9434,4757,7,4764,159,0.5694750854118128
lncRNA_25091,4758,4,4762,109,0.5515662724489239
lncRNA_2150,4759,1,4760,93,0.5670741336030495
lncRNA_23462,4752,7,4759,127,0.5777790933103152
lncRNA_032,4757,2,4759,156,0.5763299234682852
lncRNA_29309,4755,4,4759,144,0.5936990058369482
lncRNA_2444,4752,1,4753,115,0.5811827691589098
lncRNA_8603,4751,2,4753,148,0.5666197527312801
lncRNA_20722,4749,2,4751,144,0.5718167799529077
lncRNA_17360,4719,32,4751,121,0.6077392465473312
lncRNA_28743,4742,7,4749,133,0.5775308731366086
lncRNA_25720,4749,0,4749,94,0.5726499737435956
lncRNA_26263,4717,30,4747,167,0.5589750758406501
lncRNA_2297,4740,5,4745,122,0.5772415427167322
lncRNA_22803,4742,2,4744,142,0.5707445580594281
lncRNA_6263,4735,7,4742,109,0.5594689424680459
lncRNA_2922,4735,6,4741,135,0.5862565808388488
lncRNA_2920,4735,6,4741,135,0.5862565808388488
lncRNA_2077,4736,2,4738,56,0.5749911815314875
lncRNA_7502,4733,5,4738,123,0.5564205332205145
lncRNA_16589,4730,2,4732,107,0.5600400883024104
lncRNA_17339,4729,1,4730,70,0.5761783595223471
lncRNA_30927,4719,9,4728,96,0.5601124405908214
lncRNA_11265,4721,3,4724,167,0.562289556230889
lncRNA_3959,4712,9,4721,115,0.5730842687657953
lncRNA_3958,4711,9,4720,115,0.5730913254702327
lncRNA_9951,4711,8,4719,83,0.5714296742199708
lncRNA_25721,4718,0,4718,91,0.5723702546030833
lncRNA_19984,4709,9,4718,105,0.5660391873887115
lncRNA_21903,4674,42,4716,112,0.5921724154819239
lncRNA_8795,4710,6,4716,113,0.5639627033828307
lncRNA_22005,4708,2,4710,98,0.5592512034952278
lncRNA_176,4710,0,4710,129,0.5720044213632975
lncRNA_18906,4710,0,4710,95,0.5727649599179574
lncRNA_16622,4696,8,4704,147,0.5617630885281809
lncRNA_14096,4692,11,4703,51,0.5758514949314895
lncRNA_1358,4696,7,4703,113,0.5726910345677796
lncRNA_24973,4698,3,4701,88,0.57212622829129
lncRNA_11634,4682,19,4701,124,0.600546281504404
lncRNA_14678,4684,16,4700,148,0.5774660782749615
lncRNA_23660,4692,2,4694,139,0.567811886650375
lncRNA_22107,4670,22,4692,117,0.5900067977352208
lncRNA_8174,4688,4,4692,110,0.5642303198241658
lncRNA_18172,4619,73,4692,105,0.575855395414925
lncRNA_29307,4687,4,4691,128,0.5846460984663633
lncRNA_372,4686,5,4691,140,0.5576921866015299
lncRNA_22016,4682,4,4686,116,0.5561061062383967
lncRNA_7134,4668,16,4684,103,0.581908627131838
lncRNA_6396,4659,21,4680,178,0.5607512276294141
lncRNA_17098,4659,17,4676,113,0.568495011114863
lncRNA_17566,4671,3,4674,80,0.5618443972455116
lncRNA_17563,4671,3,4674,80,0.5618443972455116
lncRNA_3136,4666,8,4674,116,0.5562370813918903
lncRNA_6926,4673,0,4673,143,0.5671350302976758
lncRNA_8212,4636,31,4667,125,0.6119984691707434
lncRNA_4138,4659,8,4667,122,0.5723986618351495
lncRNA_8709,4661,6,4667,108,0.5622432595884598
lncRNA_11946,4657,8,4665,126,0.5644793551968388
lncRNA_11945,4657,8,4665,126,0.5644793551968388
lncRNA_10959,4659,4,4663,138,0.5708344349969693
lncRNA_31237,4657,3,4660,96,0.5605377896520394
lncRNA_32037,4641,16,4657,131,0.5507813506897137
lncRNA_21544,4600,56,4656,100,0.5954089142809343
lncRNA_11039,4656,0,4656,150,0.5554294332405633
lncRNA_21618,4652,1,4653,97,0.5752846024427938
lncRNA_23815,4576,76,4652,107,0.5755423585697962
lncRNA_23813,4576,76,4652,107,0.5755423585697962
lncRNA_27131,4640,9,4649,119,0.5809325206451945
lncRNA_21569,4622,26,4648,116,0.5836125065485026
lncRNA_616,4632,16,4648,103,0.5940495930172006
lncRNA_615,4632,16,4648,103,0.5940495930172006
lncRNA_2888,4639,7,4646,114,0.6054529394952717
lncRNA_21238,4643,0,4643,114,0.572070396857094
lncRNA_18466,4640,3,4643,129,0.5790363014728741
lncRNA_11372,4640,1,4641,137,0.5749180260395345
lncRNA_13322,4631,10,4641,105,0.5635215830415085
lncRNA_21541,4635,6,4641,81,0.5816486506746632
lncRNA_30136,4634,7,4641,146,0.5786737221455196
lncRNA_30883,4638,1,4639,112,0.565061355623561
lncRNA_6285,4617,21,4638,108,0.5646948924327717
lncRNA_6949,4627,7,4634,114,0.5563374468624182
lncRNA_19411,4633,1,4634,102,0.5684247409706209
lncRNA_30882,4632,1,4633,112,0.5650337366228702
lncRNA_27192,4627,3,4630,112,0.570063132802275
lncRNA_1306,4625,2,4627,138,0.5764631117063742
lncRNA_17363,4572,54,4626,117,0.6048815698538811
lncRNA_543,4625,1,4626,89,0.5514010198212266
lncRNA_20157,4621,5,4626,154,0.5597361378319906
lncRNA_22618,4619,6,4625,111,0.5745779772442058
lncRNA_26817,4572,51,4623,126,0.6017446712839785
lncRNA_14390,4603,19,4622,166,0.5538702847415885
lncRNA_23476,4618,3,4621,99,0.5666444767809976
lncRNA_16325,4616,2,4618,137,0.5775202276605507
lncRNA_28249,4606,11,4617,106,0.591204737583097
lncRNA_28441,4606,6,4612,110,0.6148522020421986
lncRNA_27915,4607,5,4612,105,0.5912664133213937
lncRNA_25368,4580,32,4612,107,0.5919147446897757
lncRNA_25084,4602,1,4603,110,0.5574593398772761
lncRNA_14560,4472,131,4603,91,0.5594895847541564
lncRNA_26887,4591,11,4602,121,0.5700366830585101
lncRNA_21535,4582,18,4600,52,0.567388459307001
lncRNA_19775,4593,5,4598,133,0.5652415161145758
lncRNA_537,4596,1,4597,103,0.5826389710151171
lncRNA_27190,4593,3,4596,112,0.5706949130763309
lncRNA_12175,4595,0,4595,94,0.5617394721345392
lncRNA_3073,4592,2,4594,106,0.5831824141973102
lncRNA_16099,4593,0,4593,108,0.5767000422502995
lncRNA_8197,4571,21,4592,83,0.5662214928169761
lncRNA_2152,4586,2,4588,100,0.5633277899636243
lncRNA_7213,4586,0,4586,141,0.5646266882546175
lncRNA_8691,4580,2,4582,141,0.5588640688567306
lncRNA_8175,4577,4,4581,107,0.5642017967761552
lncRNA_4707,4578,1,4579,90,0.5569850071301058
lncRNA_4706,4578,1,4579,90,0.5569850071301058
lncRNA_18252,4578,1,4579,111,0.5587164113267367
lncRNA_1599,4508,69,4577,124,0.6050564366896682
lncRNA_31527,4568,4,4572,99,0.5812454746821123
lncRNA_3093,4566,6,4572,143,0.5764609518984557
lncRNA_13489,4560,7,4567,123,0.570767454100638
lncRNA_28327,4564,2,4566,111,0.5709848631536589
lncRNA_21313,4557,7,4564,98,0.5664236125921924
lncRNA_6000,4498,63,4561,121,0.6155714765847111
lncRNA_14561,4424,133,4557,90,0.5582400333577038
lncRNA_31271,4548,8,4556,126,0.5748737747833135
lncRNA_16980,4537,18,4555,115,0.5490897011449122
lncRNA_7136,4542,12,4554,141,0.5646607556554765
lncRNA_13467,4517,36,4553,114,0.5781805980435182
lncRNA_26917,4545,8,4553,164,0.5635644951361443
lncRNA_10433,4546,3,4549,128,0.5883807136200984
lncRNA_17562,4542,5,4547,71,0.5580086006689142
lncRNA_12752,4545,2,4547,131,0.5619085428543928
lncRNA_19267,4473,72,4545,113,0.6085199364625905
lncRNA_20599,4541,3,4544,124,0.5781755539857698
lncRNA_22506,4541,3,4544,108,0.5637131391332179
lncRNA_2151,4541,2,4543,100,0.5628314448179149
lncRNA_8769,4534,7,4541,97,0.5708155972823126
lncRNA_8770,4534,7,4541,97,0.5708155972823126
lncRNA_18875,4537,4,4541,140,0.5988464634604533
lncRNA_27243,4537,4,4541,112,0.5815686129345615
lncRNA_168,4534,6,4540,125,0.5838464666630042
lncRNA_21456,4530,9,4539,132,0.5802761371875553
lncRNA_11623,4531,5,4536,127,0.5789129237997623
lncRNA_13478,4528,6,4534,107,0.5616913850886921
lncRNA_28309,4530,2,4532,98,0.568473601468564
lncRNA_27889,4530,2,4532,116,0.5786587472170583
lncRNA_135,4510,20,4530,129,0.5924665331886572
lncRNA_6906,4528,1,4529,96,0.5717416912373711
lncRNA_19836,4504,23,4527,136,0.5594671554625789
lncRNA_8554,4514,13,4527,144,0.580633133309398
lncRNA_5993,4517,8,4525,106,0.573325671802363
lncRNA_2278,4488,36,4524,131,0.5600308917308483
lncRNA_25723,4521,0,4521,85,0.5705703791507254
lncRNA_10434,4516,3,4519,127,0.5883160860446613
lncRNA_25037,4519,0,4519,131,0.5560195266336503
lncRNA_10666,4517,2,4519,120,0.5628018449076274
lncRNA_4709,4518,1,4519,86,0.5566761459353474
lncRNA_20490,4514,3,4517,105,0.5854327028574748
lncRNA_7203,4514,1,4515,143,0.5692585609825289
lncRNA_1087,4511,2,4513,76,0.5701803649264842
lncRNA_21588,4506,5,4511,90,0.5778354492357547
lncRNA_27660,4487,23,4510,116,0.5842322498480584
lncRNA_21843,4479,31,4510,110,0.5835533376490034
lncRNA_29991,4445,62,4507,92,0.5756230221869598
lncRNA_21540,4500,6,4506,81,0.5799991037251331
lncRNA_18282,4498,8,4506,156,0.5589904002944163
lncRNA_17732,4498,5,4503,147,0.5584167570054617
lncRNA_21539,4497,6,4503,80,0.5802193666704933
lncRNA_1028,4484,19,4503,133,0.580137033425042
lncRNA_14738,4499,0,4499,117,0.5578594015150199
lncRNA_23458,4493,6,4499,95,0.564542318549833
lncRNA_23249,4488,10,4498,103,0.5834936918908555
lncRNA_21537,4493,4,4497,80,0.5829620366670907
lncRNA_16201,4481,12,4493,108,0.5974755777950888
lncRNA_9695,4484,7,4491,123,0.5664139553491641
lncRNA_5301,4484,7,4491,136,0.5506481093057172
lncRNA_9990,4490,1,4491,125,0.5605522909583261
lncRNA_5757,4490,0,4490,101,0.5668397944143467
lncRNA_4708,4489,1,4490,84,0.556362526155334
lncRNA_188,4456,32,4488,102,0.5989572410416701
lncRNA_187,4456,32,4488,102,0.5989572410416701
lncRNA_917,4479,4,4483,88,0.5755780507302473
lncRNA_19870,4443,39,4482,104,0.5919560504012332
lncRNA_10376,4476,6,4482,101,0.585615066373647
lncRNA_11777,4476,0,4476,139,0.5589502851574798
lncRNA_19980,4461,15,4476,109,0.5630648606064736
lncRNA_25277,4466,9,4475,108,0.600683243717128
lncRNA_136,4454,20,4474,128,0.5919033692317203
lncRNA_2708,4450,16,4466,97,0.6000318464225144
lncRNA_7534,4461,4,4465,115,0.5578600630861432
lncRNA_15296,4462,2,4464,108,0.5626149091274892
lncRNA_17705,4451,10,4461,71,0.5625148914550027
lncRNA_11724,4452,5,4457,120,0.5949050661015645
lncRNA_25901,4456,1,4457,144,0.5738900615558983
lncRNA_18507,4427,29,4456,117,0.5605576098371582
lncRNA_27964,4454,1,4455,133,0.5633419374751039
lncRNA_30736,4444,9,4453,58,0.5722962537750198
lncRNA_4316,4447,2,4449,123,0.5805802643548897
lncRNA_2148,4442,2,4444,96,0.5625119650996717
lncRNA_25714,4439,1,4440,69,0.559713229194994
lncRNA_11841,4439,1,4440,98,0.5576156746409543
lncRNA_21910,4429,8,4437,110,0.5877038687613007
lncRNA_14539,4427,9,4436,117,0.5683808801404042
lncRNA_19644,4378,58,4436,99,0.5841338846505758
lncRNA_19921,4415,18,4433,114,0.5734797287780231
lncRNA_14400,4411,21,4432,123,0.5635205996086847
lncRNA_7555,4431,0,4431,106,0.5601718590340594
lncRNA_11668,4423,8,4431,67,0.5639872592598841
lncRNA_5725,4362,67,4429,107,0.563397625290404
lncRNA_11816,4398,25,4423,138,0.5860712015344871
lncRNA_15295,4420,3,4423,112,0.5629354540657209
lncRNA_21538,4416,6,4422,80,0.579161302618905
lncRNA_17639,4415,4,4419,71,0.5566533352112712
lncRNA_27574,4418,1,4419,109,0.5574745912086353
lncRNA_18102,4404,12,4416,125,0.6006071975891815
lncRNA_31491,4409,6,4415,160,0.5577592892949554
lncRNA_2295,4410,4,4414,108,0.5844488841655034
lncRNA_23933,4396,17,4413,78,0.5670882185605153
lncRNA_9738,4410,1,4411,110,0.5588255426032656
lncRNA_1304,4405,5,4410,118,0.5634881735601147
lncRNA_18998,4407,3,4410,90,0.5558388390698371
lncRNA_14164,4398,9,4407,177,0.5600186756724842
lncRNA_27245,4397,8,4405,125,0.5594007320280282
lncRNA_1289,4405,0,4405,138,0.5559022087401908
lncRNA_10377,4399,5,4404,97,0.5849181177518087
lncRNA_10407,4320,82,4402,97,0.5652774255826274
lncRNA_11683,4394,7,4401,147,0.5753852919117624
lncRNA_26188,4398,3,4401,158,0.5705951299153699
lncRNA_31678,4393,7,4400,122,0.5551291426495497
lncRNA_7360,4391,8,4399,114,0.5713558157735127
lncRNA_6342,4355,43,4398,96,0.569407994387512
lncRNA_10409,4316,82,4398,97,0.5650786765607324
lncRNA_17776,4352,41,4393,112,0.6076439669742455
lncRNA_5750,4370,22,4392,114,0.5550381700036924
lncRNA_15287,4391,1,4392,98,0.5785910514322624
lncRNA_20207,4383,8,4391,92,0.5463508884594293
lncRNA_29403,4390,0,4390,108,0.5604238672504133
lncRNA_20742,4385,3,4388,122,0.5644454403886231
lncRNA_21510,4234,154,4388,97,0.5557544561676684
lncRNA_10958,4373,13,4386,124,0.5696893964355394
lncRNA_15693,4384,1,4385,77,0.5863832036059019
lncRNA_083,4384,0,4384,149,0.5588430152007579
lncRNA_11084,4379,4,4383,115,0.5746296460180093
lncRNA_10406,4298,82,4380,95,0.5651998189921068
lncRNA_10408,4298,82,4380,94,0.5651330357027977
lncRNA_27918,4376,2,4378,121,0.5563243195818569
lncRNA_20816,4367,10,4377,111,0.572755463401504
lncRNA_6099,4361,9,4370,128,0.5651850541975182
lncRNA_18062,4342,26,4368,123,0.5707724270508827
lncRNA_6320,4366,0,4366,128,0.5627861427218197
lncRNA_12068,4341,25,4366,111,0.5753503060848298
lncRNA_29376,4337,27,4364,139,0.575004488434345
lncRNA_14511,4356,7,4363,92,0.5627725150792714
lncRNA_22715,4309,52,4361,123,0.5859521130729992
lncRNA_14398,4349,7,4356,100,0.57116141948054
lncRNA_23265,4349,6,4355,110,0.5804271491562992
lncRNA_29398,4338,16,4354,122,0.5590096054389732
lncRNA_2670,4266,86,4352,100,0.5685261838693688
lncRNA_11371,4343,6,4349,130,0.5548260134296594
lncRNA_29551,4338,1,4339,95,0.5502393809322743
lncRNA_25945,4330,8,4338,88,0.5838066046498337
lncRNA_7533,4334,1,4335,131,0.5705155418683282
lncRNA_24169,4320,14,4334,97,0.5801593673533219
lncRNA_26156,4326,6,4332,112,0.5695731016704288
lncRNA_12264,4330,1,4331,116,0.5614367316813428
lncRNA_868,4326,3,4329,135,0.5621915282018008
lncRNA_14399,4322,7,4329,93,0.5696061751546775
lncRNA_12004,4325,3,4328,111,0.5724678500600293
lncRNA_788,4259,68,4327,70,0.5656248921741565
lncRNA_4530,4320,5,4325,102,0.5685415023111273
lncRNA_19878,4306,16,4322,119,0.592336909110495
lncRNA_11817,4290,31,4321,133,0.5857355731585614
lncRNA_21612,4298,20,4318,139,0.5599956560209534
lncRNA_22747,4315,1,4316,90,0.579263564183908
lncRNA_26726,4302,8,4310,89,0.5584000154254981
lncRNA_11691,4307,2,4309,101,0.5590025042187862
lncRNA_11690,4307,2,4309,101,0.5590025042187862
lncRNA_30401,4300,9,4309,90,0.5585008141094184
lncRNA_4395,4299,9,4308,115,0.5690175778501197
lncRNA_8898,54,4252,4306,113,-0.5724906687989693
lncRNA_16265,4299,4,4303,148,0.5680934071030637
lncRNA_25074,4297,2,4299,130,0.567922982666895
lncRNA_16266,4294,4,4298,148,0.5681341790475534
lncRNA_928,4290,7,4297,113,0.5801987423436125
lncRNA_28291,4295,1,4296,102,0.5546820640519554
lncRNA_27597,4285,8,4293,132,0.5614896039233394
lncRNA_23865,4279,13,4292,97,0.5753440631389681
lncRNA_19152,4258,34,4292,81,0.5699437652905879
lncRNA_2364,4289,1,4290,91,0.5524912621445317
lncRNA_2711,4266,21,4287,94,0.5970661903692949
lncRNA_2778,4234,49,4283,137,0.5795804793940007
lncRNA_14778,4281,1,4282,150,0.5626379198174307
lncRNA_10492,4248,33,4281,70,0.5640821912411079
lncRNA_22064,4251,29,4280,84,0.5595114703444696
lncRNA_9688,4279,1,4280,145,0.5626195072053531
lncRNA_27797,4244,36,4280,99,0.585992133856423
lncRNA_22065,4251,29,4280,84,0.5595114703444696
lncRNA_27796,4220,59,4279,96,0.5860602283090464
lncRNA_16262,4274,4,4278,146,0.5679930931677178
lncRNA_27795,4270,7,4277,97,0.5760351860771391
lncRNA_21893,4227,49,4276,133,0.5958734342829134
lncRNA_21894,4227,49,4276,133,0.5958734342829134
lncRNA_21237,4274,0,4274,94,0.5693322474389549
lncRNA_23037,4268,5,4273,104,0.5778820268363549
lncRNA_3069,4256,15,4271,109,0.5717858258253788
lncRNA_16973,4259,10,4269,91,0.5518268624247209
lncRNA_28533,4265,3,4268,68,0.5757512595415525
lncRNA_7362,4255,13,4268,107,0.5661956496198599
lncRNA_6057,4243,22,4265,97,0.6053219376491815
lncRNA_112,4260,3,4263,103,0.5645509133635309
lncRNA_30460,4252,5,4257,106,0.5676748165361339
lncRNA_3181,4257,0,4257,117,0.5639679174089843
lncRNA_28717,4244,12,4256,130,0.566674025078436
lncRNA_012,4230,26,4256,92,0.5730507827055926
lncRNA_4310,4254,2,4256,89,0.5826800882230994
lncRNA_18113,4254,1,4255,101,0.5499795895747677
lncRNA_27945,4243,12,4255,85,0.5542883006839316
lncRNA_3896,4248,7,4255,114,0.5495254137421794
lncRNA_3890,4247,5,4252,146,0.578869269679348
lncRNA_3891,4246,5,4251,146,0.578922211438991
lncRNA_31588,4235,15,4250,108,0.5661792618517796
lncRNA_8180,4222,25,4247,115,0.5691253606037793
lncRNA_4059,4243,2,4245,104,0.5624192695011009
lncRNA_18851,4201,42,4243,101,0.5526541176135493
lncRNA_13181,4241,2,4243,110,0.5515284939734311
lncRNA_3892,4235,5,4240,147,0.5789091365724599
lncRNA_20238,4237,3,4240,86,0.5608426297981735
lncRNA_32318,4177,63,4240,110,0.5690696408588143
lncRNA_17713,4228,11,4239,127,0.5779493141820335
lncRNA_16576,4232,6,4238,143,0.5541719710343068
lncRNA_32319,4174,63,4237,110,0.5690519893504593
lncRNA_26907,4236,0,4236,123,0.572223496613226
lncRNA_16972,4226,10,4236,89,0.5515859474822256
lncRNA_6077,4231,3,4234,102,0.5688512817137238
lncRNA_22831,4219,13,4232,128,0.5623350681894969
lncRNA_4685,4231,0,4231,127,0.5593296375534961
lncRNA_24828,4227,1,4228,113,0.5609153254249389
lncRNA_8447,4219,2,4221,128,0.564045794339481
lncRNA_27595,4213,6,4219,130,0.5614491079145667
lncRNA_27596,4213,6,4219,130,0.5614491079145667
lncRNA_22192,4216,3,4219,117,0.564099332436456
lncRNA_17875,4207,11,4218,120,0.5791180871142833
lncRNA_6446,4149,68,4217,99,0.5541195778381195
lncRNA_19861,4211,5,4216,123,0.5766193366198205
lncRNA_4195,4200,15,4215,144,0.5667015221731744
lncRNA_10843,4123,91,4214,90,0.560446820914846
lncRNA_10482,4207,1,4208,96,0.5571556431422722
lncRNA_14501,4204,3,4207,152,0.5660624272351356
lncRNA_16893,4140,65,4205,57,0.5626319537400396
lncRNA_15486,4197,7,4204,105,0.5702912800140619
lncRNA_31762,4187,14,4201,155,0.5557067218076458
lncRNA_11716,4201,0,4201,149,0.5640533803629473
lncRNA_2768,4194,6,4200,119,0.5723215730729109
lncRNA_24265,4192,7,4199,114,0.5970533890487937
lncRNA_269,4176,22,4198,121,0.5793345568619924
lncRNA_27831,4197,1,4198,103,0.568373719862859
lncRNA_24916,4171,27,4198,74,0.5552479947134565
lncRNA_3893,4192,5,4197,144,0.5786711480477215
lncRNA_18363,4197,0,4197,92,0.5692247277799881
lncRNA_25881,4189,0,4189,78,0.5674871969183592
lncRNA_15544,4188,1,4189,121,0.5734481022692071
lncRNA_22076,4186,3,4189,117,0.551182895886704
lncRNA_15603,4179,9,4188,93,0.5551680880004523
lncRNA_29470,4182,5,4187,138,0.5586848342274024
lncRNA_2994,4179,8,4187,118,0.5844474010467308
lncRNA_28916,4168,13,4181,81,0.5642072791572381
lncRNA_21619,4178,3,4181,108,0.5795692739702862
lncRNA_5869,4110,70,4180,93,0.5533065311113143
lncRNA_19213,4170,10,4180,80,0.5546880086331066
lncRNA_11687,4101,78,4179,129,0.5809651546619123
lncRNA_24829,4175,1,4176,117,0.5618739331883706
lncRNA_14612,4137,36,4173,74,0.5686505020123329
lncRNA_7198,4169,1,4170,129,0.5562289261082427
lncRNA_12202,4122,46,4168,133,0.5933579983777549
lncRNA_4070,4158,7,4165,114,0.5902843014703313
lncRNA_1248,4159,5,4164,102,0.5598931895027824
lncRNA_9436,4150,6,4156,119,0.5721830532946428
lncRNA_14498,4156,0,4156,59,0.5753712566303324
lncRNA_6900,4155,0,4155,92,0.562682234910102
lncRNA_3212,4147,8,4155,73,0.5643225042370534
lncRNA_22006,4151,3,4154,86,0.5555600096085229
lncRNA_7219,4152,0,4152,139,0.5574849282831617
lncRNA_7084,4125,27,4152,98,0.5612954269902966
lncRNA_9546,4150,1,4151,97,0.5796810101923401
lncRNA_7317,4140,7,4147,93,0.5516130546304201
lncRNA_15522,4144,0,4144,98,0.5586022361275099
lncRNA_30400,4058,83,4141,106,0.6020795555582875
lncRNA_31207,4115,26,4141,86,0.5548076853167752
lncRNA_14094,4038,102,4140,88,0.5657354515494769
lncRNA_14095,4036,102,4138,88,0.5657083261264519
lncRNA_5558,4136,1,4137,95,0.5979955306215821
lncRNA_28439,4130,4,4134,109,0.5508478898385969
lncRNA_29482,4027,106,4133,84,0.5607602860853523
lncRNA_14986,4131,2,4133,151,0.5627296793710479
lncRNA_28210,4124,6,4130,103,0.5839628397912207
lncRNA_7085,4103,27,4130,98,0.5611267387315678
lncRNA_2957,4124,4,4128,103,0.5750981752674025
lncRNA_30944,4110,18,4128,102,0.5499585593996966
lncRNA_23816,4087,35,4122,78,0.5749909688451168
lncRNA_20720,4119,2,4121,135,0.56422981292838
lncRNA_2918,4115,5,4120,96,0.5892409861750345
lncRNA_8213,4083,37,4120,112,0.6045420659080686
lncRNA_24305,4115,2,4117,108,0.5698938667810955
lncRNA_8261,4112,5,4117,95,0.561846062581907
lncRNA_350,4115,1,4116,131,0.5625025978925875
lncRNA_24778,4111,1,4112,121,0.5517884408838569
lncRNA_11242,4103,7,4110,73,0.5513627753852937
lncRNA_31209,4083,26,4109,84,0.5546034490829967
lncRNA_1132,4103,6,4109,55,0.5660537319591975
lncRNA_31208,4083,26,4109,84,0.5546034490829967
lncRNA_3957,4083,26,4109,90,0.5669806906312966
lncRNA_10703,4092,16,4108,144,0.5527787998161373
lncRNA_6903,4108,0,4108,71,0.5574173616689042
lncRNA_1282,4099,9,4108,112,0.603976513091614
lncRNA_21304,4104,3,4107,86,0.5857165455631587
lncRNA_30943,4084,18,4102,100,0.5495132649569706
lncRNA_728,4070,31,4101,93,0.5715922534424269
lncRNA_8294,4101,0,4101,110,0.5815721887789016
lncRNA_27307,3963,134,4097,96,0.5690973461268946
lncRNA_17090,4073,20,4093,85,0.5547011381225709
lncRNA_25095,4022,68,4090,78,0.558099438864331
lncRNA_2567,4068,21,4089,111,0.5670356237233403
lncRNA_27485,4076,11,4087,141,0.5752255890041442
lncRNA_27549,4046,36,4082,133,0.5594607859691604
lncRNA_16036,4081,0,4081,93,0.5592659725605117
lncRNA_6165,4080,0,4080,43,0.581464384159685
lncRNA_30846,4067,11,4078,81,0.5533910606368695
lncRNA_30843,4067,11,4078,81,0.5533910606368695
lncRNA_5398,3962,114,4076,102,0.5764287729334687
lncRNA_18168,4072,3,4075,116,0.5646800730030859
lncRNA_20851,4066,8,4074,90,0.6019639546754738
lncRNA_5620,4051,23,4074,100,0.5856517450897591
lncRNA_2341,4067,6,4073,97,0.5881410520106273
lncRNA_7351,4052,17,4069,106,0.5923947024725027
lncRNA_7350,4052,17,4069,106,0.592380309004379
lncRNA_32182,4067,1,4068,103,0.5556898152928573
lncRNA_29878,4059,8,4067,90,0.5646446599795862
lncRNA_7405,4066,0,4066,110,0.5529247023506643
lncRNA_6850,4030,35,4065,123,0.5782220695496769
lncRNA_7335,4036,24,4060,107,0.5601624714081793
lncRNA_14641,4024,30,4054,110,0.5806754731323719
lncRNA_14640,4024,30,4054,110,0.5806754731323719
lncRNA_757,4040,13,4053,39,0.5697734068390647
lncRNA_10412,3950,103,4053,90,0.5599830340127103
lncRNA_26180,4048,4,4052,97,0.5561439156089645
lncRNA_26312,4048,4,4052,143,0.5806981072769997
lncRNA_10844,3944,106,4050,90,0.5592573058063176
lncRNA_9457,4050,0,4050,67,0.558431913863462
lncRNA_9853,4044,5,4049,56,0.5666896577566162
lncRNA_3964,4041,8,4049,112,0.5587966944987651
lncRNA_31248,4047,1,4048,114,0.5671048698638538
lncRNA_31249,4047,1,4048,114,0.5671048698638538
lncRNA_16404,4011,36,4047,81,0.5591957821806851
lncRNA_641,4040,6,4046,93,0.5678774955982464
lncRNA_6851,4009,36,4045,121,0.5780384696339148
lncRNA_26326,4042,2,4044,109,0.56578495138294
lncRNA_6089,4041,3,4044,108,0.5495702248692654
lncRNA_19602,4034,8,4042,151,0.5674580970208034
lncRNA_7422,3954,85,4039,91,0.5639782536129616
lncRNA_7118,4027,3,4030,146,0.5633648777999795
lncRNA_20171,4028,0,4028,130,0.5533428689703066
lncRNA_29526,4017,5,4022,91,0.5566532514672567
lncRNA_7377,4006,14,4020,109,0.5650054826878568
lncRNA_5489,3959,54,4013,84,0.5718003519262406
lncRNA_872,4009,3,4012,129,0.5601927212861767
lncRNA_12153,3989,20,4009,59,0.5615549643426441
lncRNA_23723,3983,25,4008,113,0.5848643016088932
lncRNA_2338,3999,6,4005,97,0.5877038528419222
lncRNA_7133,3972,33,4005,115,0.5669503246166487
lncRNA_27463,4004,0,4004,156,0.556175145054414
lncRNA_28650,3977,25,4002,127,0.5721675907513726
lncRNA_12203,3947,55,4002,131,0.5920884611461247
lncRNA_1230,3996,5,4001,142,0.560892526486308
lncRNA_26461,4001,0,4001,111,0.5656571221104608
lncRNA_7199,3994,5,3999,124,0.5593467286937653
lncRNA_2384,3994,5,3999,104,0.575107860213871
lncRNA_23422,3987,10,3997,74,0.5519835127172501
lncRNA_24830,3991,2,3993,102,0.560143696756821
lncRNA_29666,3990,3,3993,57,0.5722359373673384
lncRNA_4071,3984,7,3991,110,0.5902263392215756
lncRNA_8507,3991,0,3991,115,0.5588909957476035
lncRNA_18298,3989,1,3990,124,0.5687953317879432
lncRNA_17349,3990,0,3990,132,0.5643493710251617
lncRNA_29525,3984,5,3989,81,0.559158029315421
lncRNA_705,3924,65,3989,108,0.6028942321998516
lncRNA_17128,3981,5,3986,91,0.5693061052232512
lncRNA_14031,3949,37,3986,97,0.5693411899268501
lncRNA_15268,3962,22,3984,119,0.561012873465662
lncRNA_27647,3974,9,3983,108,0.5667377795448606
lncRNA_27601,3926,57,3983,73,0.5642586072384426
lncRNA_9746,3982,1,3983,64,0.5614597865778187
lncRNA_30857,3963,18,3981,102,0.5495791143644557
lncRNA_12649,3971,9,3980,130,0.5569635028132656
lncRNA_727,3946,30,3976,91,0.5717335977067036
lncRNA_5870,3971,4,3975,85,0.5641454097052007
lncRNA_15288,3971,2,3973,89,0.5778693663742929
lncRNA_32110,3955,11,3966,96,0.554932010397538
lncRNA_642,3959,6,3965,90,0.5674489253307049
lncRNA_7548,3957,6,3963,150,0.5576009893236783
lncRNA_22072,3962,0,3962,90,0.5571926830842522
lncRNA_3121,3957,2,3959,105,0.5662053336030963
lncRNA_1357,3944,9,3953,98,0.5671638556705353
lncRNA_24542,3949,3,3952,114,0.5583282731716127
lncRNA_7138,3942,9,3951,120,0.560968825002716
lncRNA_4121,3946,2,3948,71,0.576492928760785
lncRNA_16257,3937,11,3948,93,0.5823739316469497
lncRNA_18117,3875,71,3946,44,0.5548186553923773
lncRNA_14173,3936,9,3945,89,0.5636366178698509
lncRNA_10592,3921,23,3944,122,0.5679256387149804
lncRNA_20731,3920,23,3943,54,0.5665508196967579
lncRNA_27439,3932,9,3941,117,0.5576193462113429
lncRNA_25724,3940,0,3940,69,0.5645035026391136
lncRNA_11075,3907,29,3936,130,0.5821287074079708
lncRNA_23479,3928,6,3934,76,0.5564108897307525
lncRNA_12204,3875,56,3931,128,0.5916268690976626
lncRNA_11982,3922,8,3930,104,0.5699996850975234
lncRNA_18852,3882,46,3928,93,0.5493814824586255
lncRNA_12198,3925,2,3927,111,0.565337835110386
lncRNA_9396,3841,84,3925,50,0.5591477186668323
lncRNA_25907,3918,5,3923,94,0.565385764737929
lncRNA_2700,3920,3,3923,55,0.5620267493582418
lncRNA_31476,3908,9,3917,48,0.5528308782374475
lncRNA_4746,3913,3,3916,99,0.5606328548135774
lncRNA_30929,3907,7,3914,82,0.5554958229225433
lncRNA_4508,3882,32,3914,119,0.5522284888239173
lncRNA_7171,3907,5,3912,103,0.5598342593391604
lncRNA_17522,3900,11,3911,88,0.5507258339238308
lncRNA_24815,3905,6,3911,91,0.5552890742232474
lncRNA_18854,3864,46,3910,93,0.5492636075483139
lncRNA_7678,3906,3,3909,113,0.5694141087449415
lncRNA_029,3908,1,3909,64,0.5834242755044204
lncRNA_9387,3885,22,3907,89,0.5745804868558325
lncRNA_9876,3790,117,3907,69,0.5483745357290744
lncRNA_9388,3885,22,3907,89,0.5745804868558325
lncRNA_9391,3885,22,3907,89,0.5745804868558325
lncRNA_24263,3897,10,3907,114,0.5715657732932036
lncRNA_9390,3885,22,3907,89,0.5745804868558325
lncRNA_5387,3905,0,3905,122,0.5681783999205439
lncRNA_5386,3905,0,3905,122,0.5680728529125648
lncRNA_6856,3872,31,3903,117,0.5750924712420006
lncRNA_18028,3895,1,3896,74,0.5525132535511736
lncRNA_11835,3893,0,3893,120,0.5557386394344622
lncRNA_29397,3884,9,3893,124,0.5555415427375265
lncRNA_9908,3891,1,3892,112,0.5594156367641252
lncRNA_27206,3873,18,3891,104,0.5599750946625891
lncRNA_7201,3886,5,3891,121,0.558348268547389
lncRNA_640,3885,6,3891,92,0.5654616937378703
lncRNA_13256,3887,3,3890,103,0.5688160420052985
lncRNA_4710,3888,1,3889,74,0.5544259654828491
lncRNA_3120,3887,2,3889,104,0.5653046689479179
lncRNA_14052,3886,2,3888,90,0.55200425694085
lncRNA_18086,3887,0,3887,114,0.5621905094784303
lncRNA_11810,3869,18,3887,126,0.5875712621657743
lncRNA_11811,3869,18,3887,126,0.5875712621657743
lncRNA_18857,3841,46,3887,92,0.5490439412861328
lncRNA_31465,3882,0,3882,96,0.5586305889049659
lncRNA_6769,3882,0,3882,102,0.5454645722218996
lncRNA_10410,3778,104,3882,87,0.5554554714617711
lncRNA_8125,3852,29,3881,88,0.5868219024779892
lncRNA_6230,3869,11,3880,106,0.5561144369133905
lncRNA_24153,3877,1,3878,96,0.5569189377624885
lncRNA_7200,3869,5,3874,123,0.5580788138190688
lncRNA_19281,3718,154,3872,87,0.5604006677881195
lncRNA_3801,3871,0,3871,120,0.5616496230434168
lncRNA_8782,3862,8,3870,88,0.5557923933886834
lncRNA_3737,3852,16,3868,107,0.5740092562665311
lncRNA_17351,3860,0,3860,134,0.560376907234441
lncRNA_9021,3848,12,3860,129,0.5563032608130791
lncRNA_28671,3854,6,3860,129,0.5632177599681986
lncRNA_17361,3826,33,3859,86,0.5974792884450302
lncRNA_5938,3852,4,3856,103,0.5736881349634257
lncRNA_4584,3821,34,3855,118,0.5566141060852581
lncRNA_22035,3835,20,3855,101,0.6224166623987543
lncRNA_15032,3852,2,3854,105,0.561090767667956
lncRNA_23916,3793,60,3853,103,0.5798573520044884
lncRNA_30940,3772,81,3853,110,0.552820372956875
lncRNA_5389,3852,0,3852,122,0.5684642296562069
lncRNA_22424,3844,6,3850,130,0.5667002050765907
lncRNA_5345,3831,16,3847,118,0.5755890944499756
lncRNA_13224,3838,9,3847,125,0.55615390000086
lncRNA_7041,3767,73,3840,99,0.6089699701209622
lncRNA_11805,3812,26,3838,112,0.5831433988418045
lncRNA_26672,3836,1,3837,134,0.5612959946543792
lncRNA_20664,3791,45,3836,108,0.5881501504492708
lncRNA_26308,3807,27,3834,120,0.5749388943693247
lncRNA_18392,3806,28,3834,117,0.5672811049940734
lncRNA_16466,3826,7,3833,112,0.5524942167231445
lncRNA_18858,3785,46,3831,90,0.5487742957392728
lncRNA_19765,3824,5,3829,30,0.5604815895068613
lncRNA_6594,3773,53,3826,127,0.5619981966130727
lncRNA_17338,3817,8,3825,103,0.5519286374172722
lncRNA_8184,3787,38,3825,100,0.5680130922148252
lncRNA_21815,3819,5,3824,110,0.5653489946854016
lncRNA_18874,3818,5,3823,114,0.5969087573334987
lncRNA_31429,3803,19,3822,77,0.5557152040594194
lncRNA_7359,3815,7,3822,108,0.5659857646150995
lncRNA_24624,3809,12,3821,92,0.5568316656554914
lncRNA_13591,3819,2,3821,103,0.5466286670436441
lncRNA_2958,3813,4,3817,97,0.5720395566772837
lncRNA_13265,3815,1,3816,103,0.5452191245527876
lncRNA_22742,3812,2,3814,70,0.5633473627765923
lncRNA_20199,3782,31,3813,116,0.5471257851345999
lncRNA_6022,3804,5,3809,88,0.5689099187638695
lncRNA_17628,3798,10,3808,126,0.5569186905721825
lncRNA_17352,3807,0,3807,131,0.5602788817673826
lncRNA_27327,3785,21,3806,62,0.560890904946844
lncRNA_4711,3804,1,3805,73,0.5543588167498323
lncRNA_4125,3803,1,3804,72,0.5739555250137196
lncRNA_6410,3802,2,3804,110,0.5628673398524552
lncRNA_7495,3787,11,3798,112,0.5625945658491812
lncRNA_16085,3793,4,3797,109,0.5830420047404744
lncRNA_18876,3788,6,3794,111,0.5996734745285595
lncRNA_23367,3785,8,3793,54,0.5594985119194096
lncRNA_23366,3785,8,3793,54,0.5594985119194096
lncRNA_8275,3791,1,3792,77,0.5528532872910354
lncRNA_23368,3784,8,3792,54,0.5595116381035485
lncRNA_4919,3782,9,3791,78,0.5708130933730096
lncRNA_14421,3767,23,3790,145,0.5476146635845988
lncRNA_22518,3780,7,3787,91,0.5606055495613514
lncRNA_22514,3780,7,3787,91,0.5606055495613514
lncRNA_22515,3780,7,3787,91,0.5606055495613514
lncRNA_22513,3779,7,3786,91,0.5606225417193837
lncRNA_22512,3779,7,3786,91,0.5606225417193837
lncRNA_4274,3786,0,3786,96,0.5600418050168993
lncRNA_27798,3764,22,3786,83,0.5767925264490439
lncRNA_2466,3773,11,3784,91,0.5480538659518481
lncRNA_29700,3776,7,3783,86,0.5658160290881892
lncRNA_30091,3780,3,3783,105,0.5626164934372097
lncRNA_30090,3780,3,3783,105,0.5626164934372097
lncRNA_25621,3744,37,3781,117,0.5630579207897676
lncRNA_14710,3776,3,3779,86,0.5589541416772604
lncRNA_29075,3774,5,3779,123,0.5522701044784554
lncRNA_19603,3770,8,3778,141,0.5570525580348349
lncRNA_26181,3775,2,3777,76,0.5527586259153786
lncRNA_24566,3752,23,3775,68,0.5591521574507587
lncRNA_16401,3748,25,3773,68,0.5686097273514706
lncRNA_27326,3752,19,3771,61,0.5619340052217731
lncRNA_1313,3759,9,3768,117,0.5636533764490899
lncRNA_1882,3742,26,3768,94,0.5660167188861702
lncRNA_12208,3763,4,3767,112,0.5623884345528577
lncRNA_4819,3765,1,3766,101,0.5605057829487814
lncRNA_2533,3757,4,3761,54,0.5673938017094936
lncRNA_9006,3744,17,3761,114,0.5779151568753493
lncRNA_17488,3752,8,3760,74,0.5572367074401506
lncRNA_10932,3758,0,3758,84,0.5596248916172816
lncRNA_28365,3753,3,3756,114,0.5553842775673922
lncRNA_5937,3743,10,3753,109,0.5701853551648712
lncRNA_19415,3736,4,3740,147,0.5641014746594698
lncRNA_7410,3669,66,3735,118,0.5655717708149965
lncRNA_30011,3728,6,3734,103,0.5545633154345367
lncRNA_24645,3731,2,3733,99,0.5574082920620976
lncRNA_14125,3729,4,3733,64,0.5735703702689156
lncRNA_31280,3732,0,3732,107,0.5428163208324728
lncRNA_483,3730,2,3732,126,0.5697324880659015
lncRNA_11919,3724,6,3730,107,0.5558932321471165
lncRNA_11928,3698,32,3730,104,0.5689818767199442
lncRNA_23133,3726,2,3728,48,0.5568708115338983
lncRNA_16440,3728,0,3728,44,0.5557235190057006
lncRNA_13511,3714,14,3728,99,0.5654702829813255
lncRNA_19815,3709,17,3726,70,0.558317384234713
lncRNA_25080,3702,22,3724,84,0.5464833313198576
lncRNA_23443,3719,3,3722,74,0.5612717022735775
lncRNA_26673,3721,0,3721,130,0.5611245015014558
lncRNA_2731,3720,0,3720,88,0.5710406295628395
lncRNA_26002,3717,2,3719,77,0.5636273441226537
lncRNA_9446,3716,3,3719,137,0.5524296962737959
lncRNA_7061,3715,1,3716,100,0.5635818537324981
lncRNA_8749,3712,3,3715,84,0.570217654776059
lncRNA_24723,3714,1,3715,114,0.5547671394880404
lncRNA_30489,3688,27,3715,110,0.5525046921211387
lncRNA_9129,3715,0,3715,128,0.5539331447942359
lncRNA_9628,3710,3,3713,113,0.5546164787647224
lncRNA_9004,3699,12,3711,108,0.5712388838827598
lncRNA_3013,3706,3,3709,75,0.5612558733582369
lncRNA_22038,3708,0,3708,120,0.5492287843549073
lncRNA_19026,3707,1,3708,105,0.5765572826968858
lncRNA_10443,3700,7,3707,89,0.5987840136391779
lncRNA_18177,3651,56,3707,89,0.6156988148132116
lncRNA_27313,3703,4,3707,103,0.5698662183922245
lncRNA_28902,3699,3,3702,100,0.5592644513693718
lncRNA_14623,3622,77,3699,71,0.5528462176096828
lncRNA_30638,3695,3,3698,146,0.5681220141283936
lncRNA_31430,3677,20,3697,75,0.5536071406608243
lncRNA_7277,3639,58,3697,102,0.5885904159390098
lncRNA_28031,3692,5,3697,86,0.5577577307151016
lncRNA_8055,3691,1,3692,90,0.5546539055493623
lncRNA_30945,3672,18,3690,93,0.5483212394430984
lncRNA_21269,3688,2,3690,62,0.5655831190792922
lncRNA_21814,3685,5,3690,106,0.5646299787092381
lncRNA_30382,3684,3,3687,74,0.5512126916389959
lncRNA_30154,3675,10,3685,90,0.5614351637541384
lncRNA_29173,3664,21,3685,103,0.5558023009581703
lncRNA_12109,3635,49,3684,95,0.5865517951390206
lncRNA_8304,3667,16,3683,118,0.5711980372036791
lncRNA_19028,3679,2,3681,120,0.5696039522799842
lncRNA_19361,3676,5,3681,97,0.5623156561055387
lncRNA_15501,3659,22,3681,100,0.582770156281307
lncRNA_18859,3632,46,3678,87,0.5471156418133242
lncRNA_15400,87,3591,3678,107,-0.556796454900388
lncRNA_18860,3632,46,3678,87,0.5471156418133242
lncRNA_18601,3649,27,3676,112,0.5888343421345503
lncRNA_31266,3636,39,3675,93,0.5624683822251434
lncRNA_18861,3629,46,3675,87,0.5471392385909793
lncRNA_18862,3627,46,3673,87,0.5471795239596461
lncRNA_7423,3598,70,3668,91,0.564650561944504
lncRNA_24785,3656,9,3665,84,0.5623914669404466
lncRNA_11890,3649,15,3664,136,0.5490242855834546
lncRNA_10724,3663,1,3664,128,0.5682708962913647
lncRNA_11686,3593,70,3663,114,0.5727563081867783
lncRNA_11685,3593,70,3663,114,0.5727563081867783
lncRNA_15434,3656,6,3662,85,0.5793274577521307
lncRNA_14805,3642,20,3662,133,0.5529630056708432
lncRNA_6984,3652,9,3661,96,0.5655543596481706
lncRNA_13091,3626,30,3656,82,0.5558525118215379
lncRNA_28253,3636,16,3652,77,0.5551254373416531
lncRNA_593,3639,8,3647,95,0.5644536822125166
lncRNA_7279,3586,60,3646,99,0.5868326228626884
lncRNA_7278,3585,60,3645,99,0.5868552408820772
lncRNA_8996,3634,8,3642,95,0.5745693494703006
lncRNA_18167,3634,5,3639,110,0.5622808818032895
lncRNA_8216,3629,6,3635,87,0.5702348841278849
lncRNA_26490,3595,40,3635,126,0.5534543310063175
lncRNA_8137,3577,57,3634,102,0.5884302051189151
lncRNA_8657,3577,57,3634,102,0.5884302051189151
lncRNA_19916,3625,8,3633,136,0.5605234292615547
lncRNA_6988,3623,10,3633,98,0.5663389126425499
lncRNA_8136,3571,58,3629,101,0.5884297284009615
lncRNA_31543,3610,14,3624,73,0.5510665916076726
lncRNA_27521,3615,9,3624,103,0.5716121974707907
lncRNA_4744,3607,13,3620,95,0.5620753756327362
lncRNA_30492,3589,30,3619,106,0.545956511138172
lncRNA_30735,3607,12,3619,91,0.5958424298717154
lncRNA_22832,3616,2,3618,135,0.560858957808104
lncRNA_19142,3611,2,3613,94,0.5527782454923347
lncRNA_18397,3589,19,3608,85,0.5825534825834405
lncRNA_9825,3604,3,3607,79,0.5769259194976276
lncRNA_17289,3607,0,3607,96,0.5487621722860931
lncRNA_18231,3606,1,3607,59,0.5561414987938862
lncRNA_20196,3588,17,3605,108,0.5547521157222318
lncRNA_15363,3586,14,3600,108,0.5574199887258358
lncRNA_3133,3583,13,3596,117,0.5638185919134567
lncRNA_3192,3592,4,3596,98,0.566623366165015
lncRNA_14565,3592,0,3592,105,0.558362023164571
lncRNA_12858,3587,2,3589,80,0.5464066933217837
lncRNA_15289,3587,0,3587,80,0.5720365979414169
lncRNA_20824,3569,17,3586,102,0.5572694145442061
lncRNA_27850,3580,6,3586,75,0.5777162579507968
lncRNA_10440,3585,0,3585,48,0.552845579275734
lncRNA_26094,3583,0,3583,77,0.5627488850841684
lncRNA_4248,3579,1,3580,104,0.5607004062590416
lncRNA_24198,3569,10,3579,77,0.5490838253361773
lncRNA_5349,3578,1,3579,85,0.5426937197762415
lncRNA_2251,3576,2,3578,92,0.5759383242690339
lncRNA_15681,3565,12,3577,51,0.5644293442114872
lncRNA_18128,3570,3,3573,59,0.5560245183758925
lncRNA_26908,3572,1,3573,111,0.5570130315124906
lncRNA_21188,3562,11,3573,105,0.5559734848399343
lncRNA_22664,3498,74,3572,98,0.5492167060111598
lncRNA_12001,3569,2,3571,116,0.560838059753112
lncRNA_4131,3571,0,3571,125,0.5574967011098878
lncRNA_2878,3560,9,3569,127,0.5694181845586765
lncRNA_14323,3560,8,3568,77,0.5539055948472489
lncRNA_29094,3566,1,3567,94,0.5550162306239022
lncRNA_21825,3553,12,3565,53,0.5535352814993584
lncRNA_30092,3564,1,3565,79,0.5551443031077777
lncRNA_6045,3476,88,3564,96,0.5881975790094706
lncRNA_4269,3562,2,3564,109,0.5592905874171787
lncRNA_1081,3563,1,3564,91,0.575623807210524
lncRNA_6137,3552,6,3558,114,0.5744324274752659
lncRNA_7361,3549,8,3557,86,0.5602951196796493
lncRNA_6011,3550,5,3555,128,0.5636878715608381
lncRNA_19831,3550,3,3553,97,0.5505873111744732
lncRNA_13004,3544,6,3550,81,0.556201805475555
lncRNA_24402,3535,14,3549,92,0.5718617632467691
lncRNA_8868,3537,11,3548,94,0.574444390371394
lncRNA_16524,3546,1,3547,79,0.58183150891467
lncRNA_14668,3535,8,3543,103,0.5609697630415075
lncRNA_5545,3532,9,3541,90,0.5793575505485095
lncRNA_24258,3536,5,3541,87,0.5647147560265099
lncRNA_10494,3500,38,3538,53,0.5554926102786062
lncRNA_14580,3533,1,3534,75,0.5718101019924002
lncRNA_26716,3530,3,3533,114,0.562588642385134
lncRNA_2342,3528,5,3533,87,0.5814105885598679
lncRNA_27130,3526,7,3533,89,0.5686130032686025
lncRNA_26710,3530,3,3533,114,0.562588642385134
lncRNA_22156,3524,5,3529,110,0.5485684313301639
lncRNA_736,3515,14,3529,51,0.5577593025026937
lncRNA_16278,3522,3,3525,83,0.5678769879790824
lncRNA_14422,3498,24,3522,138,0.5454396462169222
lncRNA_31777,3520,1,3521,61,0.5626095657122188
lncRNA_12534,3517,3,3520,112,0.5499970414403659
lncRNA_14787,3510,7,3517,77,0.5571145036097968
lncRNA_18864,3515,1,3516,48,0.5785896529587156
lncRNA_23129,3511,2,3513,94,0.5575656691425255
lncRNA_16279,3510,2,3512,82,0.568343065888857
lncRNA_30331,3510,2,3512,103,0.5589342804149935
lncRNA_5942,3460,49,3509,87,0.6076298412043444
lncRNA_24831,3501,3,3504,94,0.5557852767719503
lncRNA_10574,3503,1,3504,104,0.5595127614792074
lncRNA_14585,3496,6,3502,77,0.5484719807850028
lncRNA_17754,3442,60,3502,89,0.5824104484759827
lncRNA_20817,3497,4,3501,81,0.5707196696097783
lncRNA_19219,3497,2,3499,127,0.5549924950075694
lncRNA_12477,3360,135,3495,82,0.5495694631580679
lncRNA_16829,3493,0,3493,73,0.5562715262329166
lncRNA_6963,3422,70,3492,90,0.5418653003129195
lncRNA_14808,3468,23,3491,122,0.5511129626364657
lncRNA_16148,3469,22,3491,115,0.546321255596829
lncRNA_12108,3484,5,3489,86,0.5998483653380681
lncRNA_6998,3478,10,3488,86,0.5655610566726214
lncRNA_7001,3478,10,3488,86,0.5655610566726214
lncRNA_16508,3487,1,3488,89,0.5521574910418134
lncRNA_5897,3462,25,3487,66,0.5447315095999065
lncRNA_18240,3476,10,3486,88,0.5457232032235905
lncRNA_4040,3422,63,3485,75,0.5639442728205737
lncRNA_14496,3440,42,3482,91,0.5923615849989414
lncRNA_2877,3465,15,3480,104,0.6032308194856069
lncRNA_30931,3471,7,3478,78,0.5546733582609206
lncRNA_26912,3474,1,3475,115,0.5574009965285867
lncRNA_22520,3466,8,3474,82,0.5578191856582785
lncRNA_10845,3384,89,3473,70,0.5509934699489405
lncRNA_2343,3466,5,3471,83,0.5806796748325531
lncRNA_14132,3465,6,3471,57,0.5467217037445912
lncRNA_3036,3441,30,3471,76,0.5493970820870856
lncRNA_8439,3456,14,3470,89,0.5519120416092542
lncRNA_8523,3423,46,3469,92,0.5966354632527742
lncRNA_7720,3457,6,3463,120,0.5539296999160057
lncRNA_30177,3461,1,3462,117,0.5515346730108586
lncRNA_844,3460,2,3462,71,0.5633814147240565
lncRNA_22061,3452,6,3458,55,0.5517650194242256
lncRNA_21296,3451,6,3457,75,0.5779410053437802
lncRNA_32174,3454,3,3457,87,0.5512274028662858
lncRNA_21328,3411,43,3454,96,0.6197320297382173
lncRNA_15493,3450,3,3453,92,0.5660995767404615
lncRNA_28236,3447,5,3452,99,0.5598953189670417
lncRNA_28237,3447,5,3452,99,0.5598953189670417
lncRNA_16202,3437,13,3450,83,0.5727452520455291
lncRNA_066,3357,92,3449,59,0.5500463196141725
lncRNA_2319,3447,0,3447,86,0.5625877179030231
lncRNA_14779,3433,13,3446,133,0.5528817106012077
lncRNA_16525,3445,1,3446,74,0.5796857193546715
lncRNA_6986,3428,15,3443,88,0.5631178658914028
lncRNA_26909,3439,1,3440,107,0.5566095890869285
lncRNA_11872,3440,0,3440,56,0.554442604471384
lncRNA_22730,3434,4,3438,67,0.5515958936701686
lncRNA_6280,3436,1,3437,99,0.547301927502145
lncRNA_10493,3398,36,3434,54,0.5560815334489077
lncRNA_20663,3422,11,3433,93,0.5535378825100157
lncRNA_8644,3299,133,3432,85,0.5891270176997744
lncRNA_26724,3415,17,3432,85,0.5597592066196606
lncRNA_26719,3415,17,3432,85,0.5597592066196606
lncRNA_11049,3429,3,3432,117,0.5578695127455613
lncRNA_26722,3415,17,3432,85,0.5597592066196606
lncRNA_26720,3415,17,3432,85,0.5597592066196606
lncRNA_27360,3417,11,3428,100,0.5556563575491469
lncRNA_8187,3383,44,3427,86,0.5652849395260513
lncRNA_15421,3425,1,3426,102,0.5673707466471828
lncRNA_20914,3404,22,3426,93,0.5496386403867257
lncRNA_3037,3396,29,3425,81,0.5496817011439515
lncRNA_19893,3417,8,3425,77,0.5675600549424532
lncRNA_6995,3415,8,3423,84,0.5617859560584755
lncRNA_3038,3394,29,3423,81,0.5495920615033936
lncRNA_21354,3256,166,3422,79,0.5524068813647743
lncRNA_4089,3413,9,3422,98,0.5609382047099531
lncRNA_15714,3413,8,3421,103,0.5571674934011919
lncRNA_381,3419,2,3421,66,0.5677564950607902
lncRNA_352,3417,3,3420,92,0.5440691393111758
lncRNA_21162,3412,8,3420,104,0.5468998662445143
lncRNA_31544,3408,11,3419,88,0.5482025572089403
lncRNA_937,3350,67,3417,83,0.583074234656739
lncRNA_21289,3410,7,3417,92,0.5735650703078893
lncRNA_17131,3413,2,3415,69,0.5480020729741714
lncRNA_9686,3408,3,3411,64,0.5608837072064178
lncRNA_27602,3359,52,3411,60,0.5577978266166447
lncRNA_23282,3377,32,3409,97,0.5748016234252841
lncRNA_946,3385,16,3401,102,0.5495451067333201
lncRNA_8494,3381,19,3400,51,0.5524910164179174
lncRNA_16564,3394,6,3400,86,0.5804345618701087
lncRNA_16565,3394,6,3400,86,0.5804345618701087
lncRNA_16569,3394,6,3400,86,0.5804345618701087
lncRNA_16562,3394,6,3400,86,0.5804345618701087
lncRNA_1210,3392,6,3398,91,0.5589655347425838
lncRNA_27129,3390,8,3398,92,0.5646416115190571
lncRNA_5208,3396,2,3398,117,0.564964716630664
lncRNA_22015,3391,5,3396,95,0.5627093465812031
lncRNA_16563,3387,6,3393,86,0.5802891243020201
lncRNA_2344,3387,5,3392,80,0.5804807449259773
lncRNA_2345,3380,5,3385,80,0.5801948467402667
lncRNA_22014,3379,5,3384,95,0.5624520200611349
lncRNA_7180,3383,0,3383,100,0.5587219461297032
lncRNA_13691,3361,22,3383,86,0.5566152393012465
lncRNA_15362,3366,16,3382,100,0.5556045144760434
lncRNA_11731,3377,5,3382,147,0.5630239712147693
lncRNA_25049,3362,19,3381,47,0.5510790168173189
lncRNA_2144,3376,2,3378,66,0.556054540937614
lncRNA_23854,3363,13,3376,67,0.5890378784691498
lncRNA_21330,3331,44,3375,94,0.6199906814972298
lncRNA_20548,3364,7,3371,105,0.5700966257651071
lncRNA_14727,3352,19,3371,125,0.5509174891519903
lncRNA_15290,3370,0,3370,64,0.5734261682805257
lncRNA_22729,3366,4,3370,64,0.5509268943924502
lncRNA_21864,3356,12,3368,39,0.5515738254270157
lncRNA_13414,3358,10,3368,84,0.5510209741800584
lncRNA_25699,3367,0,3367,55,0.5511563918608376
lncRNA_29778,3345,21,3366,99,0.5612017564393978
lncRNA_20534,3324,41,3365,91,0.5795944007614068
lncRNA_2285,3363,1,3364,67,0.5648488570390353
lncRNA_23938,3285,77,3362,91,0.5794998555256685
lncRNA_25394,3354,8,3362,67,0.5461910579152578
lncRNA_20540,3322,38,3360,109,0.5643803298578208
lncRNA_28740,3342,16,3358,71,0.5540694392483101
lncRNA_4414,3357,1,3358,100,0.5573302247566667
lncRNA_19364,3354,3,3357,63,0.560076229609027
lncRNA_19365,3354,3,3357,63,0.560076229609027
lncRNA_32036,3334,23,3357,98,0.5453152591785398
lncRNA_2391,3354,1,3355,90,0.5569024763531416
lncRNA_2510,3353,1,3354,99,0.5457313047832589
lncRNA_27163,3341,13,3354,104,0.5716116794815002
lncRNA_5595,3344,10,3354,91,0.5564916426833677
lncRNA_067,3263,90,3353,58,0.5490703664918125
lncRNA_4058,3286,65,3351,86,0.5810700185583372
lncRNA_14401,3344,6,3350,80,0.5624167318768779
lncRNA_8186,3306,44,3350,83,0.5643745417724506
lncRNA_30602,3347,2,3349,136,0.5669876131196765
lncRNA_11684,3283,66,3349,100,0.5678906120720131
lncRNA_24648,3345,4,3349,83,0.5526525551404993
lncRNA_21927,3322,26,3348,127,0.5575969014881825
lncRNA_5913,3253,95,3348,97,0.5597488643577841
lncRNA_22013,3341,6,3347,92,0.5614082570478993
lncRNA_23134,3343,4,3347,44,0.5515018452423569
lncRNA_23947,3333,14,3347,106,0.551390040890677
lncRNA_4883,3340,7,3347,77,0.564259153859136
lncRNA_7266,3345,1,3346,78,0.5565389499737852
lncRNA_1980,3254,91,3345,87,0.5569331046514355
lncRNA_2622,3307,38,3345,130,0.568598812044913
lncRNA_21258,3343,1,3344,86,0.557306387334992
lncRNA_30493,3321,22,3343,100,0.5461519211855099
lncRNA_30639,3340,1,3341,140,0.5680720545919937
lncRNA_16304,3338,0,3338,90,0.5581340227552153
lncRNA_29353,3335,3,3338,96,0.5637665529563115
lncRNA_11729,3335,2,3337,57,0.583195680290392
lncRNA_18483,3327,10,3337,105,0.5523823208242148
lncRNA_27478,3308,28,3336,104,0.5929343243142329
lncRNA_10582,3331,4,3335,81,0.5596039734836569
lncRNA_703,3261,74,3335,90,0.590850376821217
lncRNA_704,3261,74,3335,90,0.5909032213284859
lncRNA_7195,3324,8,3332,115,0.5531392806892715
lncRNA_14397,3310,22,3332,102,0.5503041697565892
lncRNA_3039,3302,29,3331,76,0.5489032981561859
lncRNA_19008,3293,38,3331,106,0.5990525202793605
lncRNA_2196,3331,0,3331,63,0.5495339244631764
lncRNA_10583,3326,4,3330,81,0.5595826548498636
lncRNA_14622,3323,6,3329,123,0.5585954791638635
lncRNA_5640,3321,5,3326,46,0.574739706224004
lncRNA_22521,3316,8,3324,75,0.5565405146915695
lncRNA_6843,3317,6,3323,76,0.5654201472371673
lncRNA_2346,3317,5,3322,79,0.5795893306897186
lncRNA_4882,3316,6,3322,80,0.56432088353924
lncRNA_4881,3316,6,3322,80,0.56432088353924
lncRNA_235,3314,8,3322,77,0.571439438272887
lncRNA_30491,3290,30,3320,103,0.5556786447054237
lncRNA_12228,3311,8,3319,67,0.5458753323588211
lncRNA_19210,3312,6,3318,61,0.5480825872602199
lncRNA_24373,3310,2,3312,105,0.5570164354521763
lncRNA_4884,3306,6,3312,77,0.5643987701381492
lncRNA_14191,3301,10,3311,104,0.5630383464331006
lncRNA_25560,3310,1,3311,84,0.5609363831564926
lncRNA_5559,3222,88,3310,95,0.5772781465138036
lncRNA_20759,3225,85,3310,54,0.5494735874400974
lncRNA_23144,3262,46,3308,71,0.543867329671867
lncRNA_32313,3257,49,3306,73,0.5390349282492105
lncRNA_15133,3302,1,3303,120,0.5550648411815338
lncRNA_854,3294,9,3303,112,0.5581752030545485
lncRNA_7363,3292,11,3303,77,0.5540816430263614
lncRNA_27453,3298,5,3303,83,0.5587852033509189
lncRNA_1521,3293,9,3302,82,0.5595642943742725
lncRNA_12244,3300,0,3300,86,0.5604783172944604
lncRNA_27258,3285,13,3298,87,0.5668310362215789
lncRNA_25293,3283,14,3297,82,0.5705526414647087
lncRNA_23900,3290,6,3296,85,0.5689215776321181
lncRNA_8638,3292,4,3296,90,0.5781350477478768
lncRNA_20159,3271,22,3293,93,0.5503386603904535
lncRNA_8637,3287,3,3290,90,0.5783531633173268
lncRNA_8636,3287,3,3290,90,0.5783531633173268
lncRNA_8635,3287,3,3290,90,0.5783531633173268
lncRNA_8633,3287,3,3290,90,0.5783531633173268
lncRNA_10661,3279,10,3289,81,0.5709901528635144
lncRNA_23724,3245,39,3284,98,0.5763137625914322
lncRNA_31337,3282,2,3284,97,0.5573543736885762
lncRNA_4066,3266,16,3282,101,0.565982573538082
lncRNA_28242,3280,1,3281,86,0.5557727227177677
lncRNA_1040,3273,7,3280,78,0.5631267064066692
lncRNA_10360,3275,1,3276,113,0.5713722167811812
lncRNA_4465,3261,11,3272,76,0.5600843699853877
lncRNA_9873,3269,2,3271,89,0.5474192850278079
lncRNA_25908,3263,5,3268,79,0.5582006221604237
lncRNA_31656,3256,12,3268,108,0.5487583488200459
lncRNA_27225,3258,5,3263,89,0.5520550537470675
lncRNA_15782,3257,6,3263,85,0.5512760245825419
lncRNA_7404,3251,4,3255,114,0.5701414885219069
lncRNA_7403,3251,4,3255,114,0.5701414885219069
lncRNA_13090,3213,42,3255,72,0.5450351060883737
lncRNA_28772,3251,3,3254,69,0.564818714246721
lncRNA_945,3091,162,3253,72,0.539175297983291
lncRNA_23291,3235,17,3252,52,0.5499815921695979
lncRNA_31628,3247,2,3249,124,0.5631555127369867
lncRNA_1807,3247,2,3249,84,0.5566483093037874
lncRNA_4048,3239,10,3249,75,0.5641275560802321
lncRNA_4046,3239,10,3249,75,0.5641275560802321
lncRNA_2094,3245,3,3248,77,0.5562994705861927
lncRNA_6902,3246,0,3246,59,0.5547299805262448
lncRNA_27250,3238,7,3245,60,0.5481605252614061
lncRNA_30138,3240,4,3244,100,0.5651055074383289
lncRNA_17557,3238,2,3240,48,0.551680128025524
lncRNA_22087,3239,0,3239,73,0.5495512458312065
lncRNA_20248,3226,12,3238,97,0.5754464104757769
lncRNA_2493,3207,30,3237,70,0.5476849045480908
lncRNA_2494,3207,30,3237,70,0.5476849045480908
lncRNA_2495,3207,30,3237,70,0.5476849045480908
lncRNA_18849,3202,35,3237,60,0.5430053446447087
lncRNA_31269,3234,2,3236,90,0.5669116079959229
lncRNA_31268,3234,2,3236,90,0.5669116079959229
lncRNA_084,3121,115,3236,88,0.5571625750207511
lncRNA_19760,3208,23,3231,83,0.5512771620223081
lncRNA_7263,3228,2,3230,131,0.5684967454437894
lncRNA_7411,3191,39,3230,86,0.5956812464807555
lncRNA_1353,3224,5,3229,49,0.5643293788745936
lncRNA_28015,3227,0,3227,88,0.5601280828214105
lncRNA_7135,3221,4,3225,128,0.5573894342334751
lncRNA_8985,3201,24,3225,90,0.5810649164076038
lncRNA_13089,3208,15,3223,104,0.5483285291666766
lncRNA_30107,3213,9,3222,77,0.5598833646264125
lncRNA_28618,3208,14,3222,84,0.5475545818430146
lncRNA_29391,3218,3,3221,75,0.5565042184030575
lncRNA_21542,3013,207,3220,81,0.533668460261461
lncRNA_27588,3166,54,3220,80,0.5782982284504631
lncRNA_929,3209,7,3216,88,0.5661420017575646
lncRNA_546,3212,2,3214,93,0.5551337652048743
lncRNA_17521,3202,9,3211,76,0.5473794836854071
lncRNA_3986,3174,36,3210,79,0.5432451415358999
lncRNA_9829,3208,0,3208,87,0.5489308157979028
lncRNA_20844,3156,51,3207,100,0.544625618788205
lncRNA_22728,3203,4,3207,64,0.5498001939298108
lncRNA_30637,3142,64,3206,73,0.5427488384436143
lncRNA_16320,3133,71,3204,83,0.5994683297287073
lncRNA_1041,3198,6,3204,75,0.5625431763477803
lncRNA_14653,195,3008,3203,56,-0.5113068424990973
lncRNA_21284,3060,141,3201,81,0.5735797024290075
lncRNA_18435,3195,6,3201,127,0.5807161793840991
lncRNA_9023,3179,21,3200,62,0.559479449332807
lncRNA_7737,3194,6,3200,81,0.5513365019683218
lncRNA_4334,114,3081,3195,107,-0.5359391818336822
lncRNA_16179,3185,7,3192,101,0.5534653151079345
lncRNA_21852,3186,6,3192,59,0.549364999222585
lncRNA_31733,3185,5,3190,72,0.5482995872619048
lncRNA_17986,3179,10,3189,117,0.5867382760766486
lncRNA_17932,3154,35,3189,117,0.5471844122963971
lncRNA_10451,3181,6,3187,66,0.5561102135031443
lncRNA_25143,3153,34,3187,71,0.5382650742558714
lncRNA_29366,3183,4,3187,88,0.5460914365465667
lncRNA_15310,3185,1,3186,97,0.571079676477874
lncRNA_8188,3139,47,3186,81,0.5617608925743764
lncRNA_30487,3160,24,3184,74,0.5458752494196583
lncRNA_14996,3179,3,3182,91,0.5560727432129313
lncRNA_24971,3168,11,3179,104,0.5845094465360539
lncRNA_6060,3171,7,3178,40,0.5474521649609864
lncRNA_6061,3171,7,3178,40,0.5474521649609864
lncRNA_31087,3174,2,3176,73,0.561483154663189
lncRNA_21400,3170,5,3175,109,0.5673587616953154
lncRNA_14810,3153,20,3173,123,0.549947805348601
lncRNA_17373,3167,4,3171,54,0.5586291223509219
lncRNA_15722,3169,2,3171,117,0.5736162215489358
lncRNA_4847,3166,5,3171,64,0.5628782652070933
lncRNA_6847,3103,65,3168,96,0.5742041173463192
lncRNA_28016,3167,0,3167,86,0.5595042303854779
lncRNA_24967,3154,11,3165,104,0.584614997425637
lncRNA_24968,3152,11,3163,103,0.5839944297201465
lncRNA_24969,3151,11,3162,103,0.5840565700243484
lncRNA_26043,3153,8,3161,66,0.5535303666070924
lncRNA_24970,3150,11,3161,103,0.5839751512345622
lncRNA_9503,3156,3,3159,91,0.5667277560830323
lncRNA_26831,3128,29,3157,100,0.5573397750153212
lncRNA_29044,3086,71,3157,87,0.5777064909289044
lncRNA_19388,3148,4,3152,117,0.5790533912972955
lncRNA_15627,95,3056,3151,97,-0.5442566140010371
lncRNA_3821,3145,5,3150,105,0.5538241676526682
lncRNA_28010,3148,2,3150,103,0.560096351874991
lncRNA_15472,3150,0,3150,106,0.5612203341788673
lncRNA_25405,3128,21,3149,57,0.5414486183001722
lncRNA_3994,3127,19,3146,39,0.5598169298257686
lncRNA_12763,3120,26,3146,64,0.542641095460185
lncRNA_12764,3120,26,3146,64,0.542641095460185
lncRNA_12765,3120,26,3146,64,0.542641095460185
lncRNA_18848,3108,36,3144,58,0.5420321263085651
lncRNA_19764,3126,14,3140,48,0.5522452725370709
lncRNA_12766,3113,26,3139,64,0.5426740024613665
lncRNA_19114,3127,10,3137,69,0.5741159391668571
lncRNA_6407,3132,5,3137,124,0.5553188663197726
lncRNA_23204,3101,35,3136,78,0.559947855598788
lncRNA_379,3132,3,3135,79,0.5611956094314884
lncRNA_26227,3125,6,3131,99,0.5478019123539034
lncRNA_21547,2917,214,3131,78,0.5287826204631588
lncRNA_16516,3129,1,3130,82,0.5652049447589365
lncRNA_19848,3101,25,3126,93,0.5491012710545005
lncRNA_28739,3108,18,3126,67,0.5517353944808905
lncRNA_27454,3121,4,3125,74,0.5540047053933954
lncRNA_13046,3117,6,3123,93,0.5547156436205533
lncRNA_15701,3120,2,3122,66,0.5650460911948135
lncRNA_12107,3105,10,3115,77,0.5948771364223945
lncRNA_21316,3111,4,3115,43,0.5441709185145595
lncRNA_26405,3111,3,3114,92,0.5551648514157669
lncRNA_4171,3102,12,3114,76,0.560261050483312
lncRNA_14512,3100,9,3109,63,0.5536965429313061
lncRNA_1523,3098,11,3109,87,0.5564337860229576
lncRNA_30029,3085,23,3108,91,0.5513954188011585
lncRNA_21546,2895,212,3107,77,0.5288465113043752
lncRNA_9864,3102,4,3106,73,0.5480624938282243
lncRNA_4876,3099,6,3105,120,0.5516925952267568
lncRNA_29704,3100,3,3103,65,0.5776495353485073
lncRNA_31702,3093,5,3098,96,0.556725512670219
lncRNA_12434,3062,36,3098,92,0.5489010331356627
lncRNA_22777,3089,9,3098,80,0.5650856278715383
lncRNA_21884,3082,15,3097,79,0.5602454070816063
lncRNA_11085,3088,5,3093,80,0.5608271080901885
lncRNA_29883,3074,14,3088,70,0.5486052165556737
lncRNA_21552,2968,119,3087,97,0.5490341490836427
lncRNA_14158,2907,179,3086,62,0.5170491945845016
lncRNA_9929,3077,7,3084,48,0.5543624339333069
lncRNA_20018,3081,1,3082,80,0.5609580646258623
lncRNA_866,2906,175,3081,80,0.5322109158413377
lncRNA_9791,3062,19,3081,79,0.570997615074492
lncRNA_19030,3077,1,3078,99,0.5583332199748287
lncRNA_25250,3066,10,3076,83,0.5594597487416662
lncRNA_6253,3072,3,3075,109,0.5549829351103469
lncRNA_4122,3066,9,3075,68,0.583798995752354
lncRNA_044,3015,56,3071,77,0.5916133896160627
lncRNA_282,3066,0,3066,83,0.5528932913312149
lncRNA_29791,3062,3,3065,64,0.5771394632840923
lncRNA_29790,3062,3,3065,64,0.5771394632840923
lncRNA_28273,3058,6,3064,66,0.5754758804477839
lncRNA_29788,3060,3,3063,64,0.5772070060418935
lncRNA_3199,3060,3,3063,51,0.5625982225671438
lncRNA_13469,3029,29,3058,74,0.5605965543199797
lncRNA_16349,3057,1,3058,62,0.5673313506125116
lncRNA_3010,3001,55,3056,77,0.5741375731968301
lncRNA_3009,3001,55,3056,77,0.5741375731968301
lncRNA_4049,3046,9,3055,72,0.5624839760114116
lncRNA_8434,3010,42,3052,73,0.5352149302877317
lncRNA_9455,3051,1,3052,54,0.5453200423194576
lncRNA_8435,3010,42,3052,73,0.5352149302877317
lncRNA_9940,3047,4,3051,104,0.5562645513022131
lncRNA_18615,3029,20,3049,67,0.5452738430161528
lncRNA_29175,3037,10,3047,90,0.5651422601343197
lncRNA_4353,3021,22,3043,91,0.5488138611645822
lncRNA_4354,3021,22,3043,91,0.5488138611645822
lncRNA_4224,3041,1,3042,82,0.5618624863601015
lncRNA_4340,3029,13,3042,86,0.5772218123842846
lncRNA_14811,3021,19,3040,118,0.5492524456292942
lncRNA_23205,3007,33,3040,76,0.5599997279884521
lncRNA_27456,3037,2,3039,73,0.5534974895790415
lncRNA_7202,3006,32,3038,97,0.5470390313636588
lncRNA_25864,3038,0,3038,64,0.5563307967530792
lncRNA_9994,3037,0,3037,89,0.5496803078262434
lncRNA_12219,3010,26,3036,28,0.5587972019909722
lncRNA_12218,3010,26,3036,28,0.5587972019909722
lncRNA_5171,3026,10,3036,86,0.555676861159379
lncRNA_25048,3014,16,3030,38,0.5513243346203638
lncRNA_10449,3024,3,3027,106,0.5621078929341372
lncRNA_25340,3013,13,3026,49,0.5523968543169443
lncRNA_11123,3016,6,3022,87,0.5556917256556728
lncRNA_23817,3013,8,3021,52,0.5473041009815534
lncRNA_29846,3010,8,3018,93,0.5629602860712764
lncRNA_14824,3005,10,3015,71,0.5584562221754266
lncRNA_25377,2994,20,3014,72,0.5434891459085456
lncRNA_4598,3009,4,3013,71,0.5524228913590067
lncRNA_24165,3008,4,3012,66,0.5561975457987882
lncRNA_13028,2997,14,3011,95,0.5610432673283556
lncRNA_23440,2909,102,3011,76,0.5597637935735351
lncRNA_23824,3002,8,3010,52,0.5468183827142692
lncRNA_28845,2982,27,3009,78,0.5450223336711737
lncRNA_31908,3004,1,3005,76,0.568225265976204
lncRNA_9744,2996,6,3002,92,0.5555934858176851
lncRNA_10505,2970,31,3001,48,0.5516182361137127
lncRNA_6849,2920,75,2995,92,0.5679748853840342
lncRNA_16327,2979,15,2994,39,0.5508969885002588
lncRNA_4355,2972,21,2993,90,0.5487372576243009
lncRNA_5547,2917,75,2992,83,0.604033995405977
lncRNA_8515,2989,3,2992,62,0.5716286769914174
lncRNA_23918,2978,14,2992,77,0.5581842268245732
lncRNA_3074,2986,2,2988,65,0.5740532122828509
lncRNA_28292,2913,73,2986,43,0.5418294596698482
lncRNA_23303,2970,15,2985,73,0.5524240214574279
lncRNA_17297,2983,2,2985,85,0.5521992358111142
lncRNA_28917,2968,17,2985,76,0.5434803937835949
lncRNA_8218,2931,52,2983,70,0.5480134522782175
lncRNA_23999,2971,6,2977,104,0.5524466212189788
lncRNA_12691,2974,0,2974,54,0.5529746722881619
lncRNA_24324,2968,4,2972,115,0.5591213518412833
lncRNA_3075,2970,2,2972,65,0.5772893623643999
lncRNA_16421,2962,9,2971,93,0.5555758811419824
lncRNA_6028,2961,10,2971,88,0.5535796932190771
lncRNA_7324,2969,2,2971,77,0.5483774114904355
lncRNA_23819,2962,8,2970,51,0.5471500522821059
lncRNA_12768,2969,1,2970,90,0.5512427004495497
lncRNA_19843,2967,3,2970,105,0.5578734696980685
lncRNA_23823,2962,8,2970,51,0.5471500522821059
lncRNA_23822,2962,8,2970,51,0.5471500522821059
lncRNA_17778,2884,85,2969,71,0.5745232343839999
lncRNA_8647,2961,3,2964,57,0.556011445313143
lncRNA_23340,2960,4,2964,85,0.5558265453437549
lncRNA_28294,2887,76,2963,43,0.5405439634993036
lncRNA_852,2947,12,2959,78,0.5480444417643574
lncRNA_13692,2948,8,2956,85,0.5571216319589288
lncRNA_22440,2951,4,2955,52,0.5498049915912504
lncRNA_13702,2940,15,2955,60,0.5427682708586048
lncRNA_9930,2909,45,2954,56,0.5431936840404135
lncRNA_30193,2907,46,2953,73,0.5494137092837971
lncRNA_27996,2948,2,2950,72,0.5593643584662251
lncRNA_19389,2946,3,2949,113,0.5799171813071147
lncRNA_27455,2941,3,2944,72,0.5531869092156287
lncRNA_4050,2935,9,2944,69,0.5615938485132833
lncRNA_7328,2942,2,2944,76,0.5481020844162213
lncRNA_19875,2941,1,2942,61,0.5553769681582048
lncRNA_6139,2927,14,2941,109,0.5674158348056977
lncRNA_9245,2925,9,2934,103,0.5606414642306619
lncRNA_2269,2926,6,2932,64,0.5471973287172864
lncRNA_4068,2924,7,2931,123,0.5540582543779236
lncRNA_2400,2931,0,2931,74,0.5605420432796971
lncRNA_10393,2913,18,2931,104,0.556345524650529
lncRNA_24310,2929,1,2930,79,0.5575074080399411
lncRNA_23939,2791,135,2926,79,0.5534830009606283
lncRNA_30016,2918,8,2926,91,0.5515584965505647
lncRNA_8786,2921,3,2924,53,0.546141339244564
lncRNA_13482,2909,14,2923,100,0.5550666213648715
lncRNA_14192,2912,10,2922,89,0.5601598948923183
lncRNA_13466,2875,46,2921,67,0.5581273522567626
lncRNA_32384,2901,16,2917,64,0.5676143493127044
lncRNA_13119,2885,31,2916,38,0.549026445079569
lncRNA_30472,2911,5,2916,53,0.5440536257683775
lncRNA_28468,2906,9,2915,80,0.5845630115587411
lncRNA_27523,2914,0,2914,68,0.5547540729967958
lncRNA_6337,2905,9,2914,61,0.5543608338741525
lncRNA_27522,2914,0,2914,68,0.5547540729967958
lncRNA_21412,2882,31,2913,79,0.6143256322192132
lncRNA_5793,2888,20,2908,61,0.5545237863257482
lncRNA_4003,2903,5,2908,54,0.5534679654151302
lncRNA_4004,2903,5,2908,54,0.5534679654151302
lncRNA_21392,2889,17,2906,92,0.5635761033466868
lncRNA_22088,2906,0,2906,61,0.546058792063239
lncRNA_27826,2895,9,2904,50,0.5464708266337616
lncRNA_10842,2889,15,2904,97,0.5585922112010474
lncRNA_19780,2863,40,2903,52,0.5626039482881923
lncRNA_26220,2876,27,2903,82,0.5443185492947537
lncRNA_17054,2876,27,2903,72,0.5541028958700795
lncRNA_20104,2862,39,2901,52,0.5628780911182745
lncRNA_16618,2825,74,2899,72,0.5598545671416131
lncRNA_9928,2852,46,2898,52,0.5424586256050886
lncRNA_1584,2891,3,2894,84,0.5564977681528601
lncRNA_21486,2881,13,2894,69,0.5917263127317418
lncRNA_2787,2890,1,2891,36,0.5629142465602105
lncRNA_16522,2885,2,2887,74,0.5633598984570779
lncRNA_27533,2835,46,2881,87,0.5605775216003712
lncRNA_8693,2877,1,2878,84,0.5696150665834769
lncRNA_10903,2842,34,2876,92,0.5956389365681576
lncRNA_3961,2871,5,2876,90,0.5560933095199447
lncRNA_14630,2867,9,2876,61,0.5434661634789656
lncRNA_22900,2873,2,2875,87,0.5554668159737745
lncRNA_13483,2857,16,2873,101,0.5548181521569145
lncRNA_11624,2869,3,2872,45,0.5570746383166005
lncRNA_20850,2846,26,2872,88,0.5602994320932185
lncRNA_26428,2856,15,2871,81,0.5476681213730279
lncRNA_12220,2839,31,2870,27,0.5569150876239239
lncRNA_4662,2858,12,2870,93,0.5555875685952255
lncRNA_25630,2861,8,2869,120,0.5766524050554023
lncRNA_5560,2766,102,2868,84,0.5672931326821359
lncRNA_29486,2865,0,2865,79,0.555795165488473
lncRNA_4607,2831,30,2861,84,0.6012137163438092
lncRNA_20173,2829,31,2860,85,0.5379931151822258
lncRNA_22598,2830,29,2859,88,0.5470069705761487
lncRNA_17672,2847,11,2858,64,0.5594524118772733
lncRNA_32172,2852,5,2857,76,0.5528992094227093
lncRNA_26652,2852,4,2856,81,0.552201556495834
lncRNA_19596,2849,4,2853,78,0.5432445183175594
lncRNA_28469,2843,9,2852,78,0.5849832695098112
lncRNA_9392,2815,35,2850,53,0.5608733184467474
lncRNA_22471,2821,25,2846,45,0.5505815762521468
lncRNA_27311,2844,1,2845,68,0.5557167769998093
lncRNA_22469,2820,25,2845,45,0.5505382491770355
lncRNA_6860,2836,7,2843,97,0.5813781609180138
lncRNA_19907,2789,54,2843,83,0.5681967454700343
lncRNA_27280,2779,63,2842,48,0.5438146142914547
lncRNA_29045,2760,81,2841,83,0.5705267449645061
lncRNA_22798,2819,22,2841,32,0.5495663613899461
lncRNA_29806,2827,13,2840,61,0.552039560423855
lncRNA_17493,2815,24,2839,91,0.5456479346420627
lncRNA_22778,2805,33,2838,81,0.557813113272458
lncRNA_29046,2756,81,2837,83,0.5703006692156021
lncRNA_29052,2755,81,2836,83,0.5703089448553136
lncRNA_13878,2833,3,2836,77,0.547916884628494
lncRNA_29334,2832,4,2836,80,0.5557877591918735
lncRNA_10395,2824,12,2836,92,0.5634394183826579
lncRNA_29049,2755,81,2836,83,0.5703070783893446
lncRNA_19381,2835,1,2836,75,0.5537297626404832
lncRNA_2324,2752,83,2835,69,0.5619459216808557
lncRNA_11926,2806,29,2835,69,0.5608069133829283
lncRNA_6087,2832,3,2835,67,0.5505024254945513
lncRNA_10378,2817,16,2833,35,0.5444335362159631
lncRNA_22805,2821,9,2830,45,0.5432972206449226
lncRNA_10542,2827,1,2828,82,0.5580851909146887
lncRNA_2826,2538,288,2826,38,0.46509805204660615
lncRNA_31267,2817,7,2824,89,0.5565293511771042
lncRNA_13031,2805,18,2823,91,0.5570667329233622
lncRNA_27477,2781,42,2823,87,0.588393948386596
lncRNA_23136,2819,3,2822,80,0.550324003388702
lncRNA_23135,2819,3,2822,80,0.550324003388702
lncRNA_10394,2810,12,2822,92,0.5635696874232182
lncRNA_21425,2817,4,2821,95,0.5573217003046522
lncRNA_12227,2813,7,2820,58,0.5391349358262303
lncRNA_4922,2815,2,2817,64,0.5441309059031363
lncRNA_18498,2814,2,2816,49,0.549982387465614
lncRNA_22673,2812,3,2815,55,0.5670503178345616
lncRNA_26837,2813,0,2813,86,0.5499915266463428
lncRNA_18433,2806,5,2811,109,0.5800287482011797
lncRNA_26186,2804,5,2809,82,0.5547109839377807
lncRNA_14084,2794,14,2808,81,0.5454916727684987
lncRNA_8387,2778,30,2808,66,0.5392380843786078
lncRNA_14159,2804,4,2808,77,0.5580384629133257
lncRNA_2881,2780,25,2805,71,0.5663759484627533
lncRNA_30818,2800,4,2804,37,0.5425086532373169
lncRNA_24211,2796,8,2804,65,0.5507650393609715
lncRNA_14190,2788,15,2803,91,0.5573634103716214
lncRNA_14138,2784,19,2803,68,0.5832366386887095
lncRNA_14188,2788,15,2803,91,0.5573634103716214
lncRNA_3188,2796,7,2803,111,0.5645935282090271
lncRNA_14082,2789,14,2803,81,0.5454746808583103
lncRNA_7261,2801,1,2802,87,0.5589878593627386
lncRNA_10662,2788,13,2801,68,0.5671716958223871
lncRNA_15948,2785,15,2800,35,0.5503664238649445
lncRNA_11154,2798,1,2799,37,0.5442445219418116
lncRNA_22533,2788,10,2798,54,0.5511388779968687
lncRNA_5565,11,2786,2797,92,-0.5581447754606588
lncRNA_15622,2794,1,2795,61,0.5484645082779782
lncRNA_13029,2776,16,2792,92,0.5559629315464797
lncRNA_30476,2786,6,2792,70,0.5544093239081427
lncRNA_4559,2787,3,2790,26,0.5490116105365301
lncRNA_20603,2704,80,2784,77,0.543388682851911
lncRNA_22601,2755,29,2784,84,0.5461714534048416
lncRNA_20602,2704,80,2784,77,0.543388682851911
lncRNA_27436,2756,27,2783,84,0.5471514070934356
lncRNA_30152,2769,13,2782,73,0.5530186711632756
lncRNA_7174,2781,1,2782,96,0.5567857484748264
lncRNA_23683,2774,4,2778,78,0.5514355540460708
lncRNA_29370,2766,12,2778,107,0.5587345782682313
lncRNA_8604,2744,34,2778,76,0.5780047309460515
lncRNA_23682,2774,4,2778,78,0.5514355540460708
lncRNA_13574,2771,4,2775,102,0.5513518857598647
lncRNA_20845,2713,57,2770,79,0.5357930952835913
lncRNA_18090,2768,2,2770,94,0.5523979789562428
lncRNA_217,2760,8,2768,49,0.5579042361720081
lncRNA_4682,2766,0,2766,83,0.5500490658987719
lncRNA_27653,2765,1,2766,46,0.5732135835278713
lncRNA_2439,2756,9,2765,68,0.5929398812204991
lncRNA_8436,2724,41,2765,66,0.5324174200642502
lncRNA_207,2758,3,2761,83,0.5545049542489481
lncRNA_27476,2722,38,2760,84,0.5883810164878682
lncRNA_27475,2722,38,2760,84,0.5883810164878682
lncRNA_15668,2759,1,2760,58,0.5509277936040607
lncRNA_2382,2758,1,2759,75,0.5463516152990171
lncRNA_27328,2729,30,2759,76,0.553043526321418
lncRNA_23283,2726,32,2758,84,0.5490815512553897
lncRNA_15682,2756,0,2756,63,0.5594358334753698
lncRNA_2298,2753,2,2755,66,0.5537663582946054
lncRNA_25821,2610,143,2753,70,0.5265489413843335
lncRNA_2209,2693,60,2753,79,0.5443860402820853
lncRNA_27612,2745,6,2751,63,0.5659392225549923
lncRNA_23952,2493,257,2750,62,0.47530400851254856
lncRNA_26185,2745,5,2750,81,0.5541581082736694
lncRNA_4733,2746,2,2748,69,0.5467709880787244
lncRNA_2496,2716,31,2747,61,0.5435983261269371
lncRNA_7079,2743,2,2745,58,0.5493887870077867
lncRNA_7080,2743,2,2745,58,0.5493887870077867
lncRNA_17365,2675,70,2745,74,0.5704343395879286
lncRNA_26938,2727,16,2743,52,0.541238345577337
lncRNA_27942,2741,2,2743,54,0.5459641286504587
lncRNA_745,2736,6,2742,48,0.5463581711078351
lncRNA_22780,2720,22,2742,89,0.5456155064994608
lncRNA_19971,2733,7,2740,98,0.5754553129860749
lncRNA_21849,2736,1,2737,80,0.5639731027806505
lncRNA_11043,2733,4,2737,54,0.5590999900733497
lncRNA_20013,2734,2,2736,78,0.5575290419354001
lncRNA_20636,2732,4,2736,67,0.546817233033887
lncRNA_20579,2732,3,2735,67,0.5431414852324683
lncRNA_15361,2719,14,2733,78,0.5453675516831119
lncRNA_8893,78,2654,2732,83,-0.5471173260391402
lncRNA_14611,2727,5,2732,61,0.5549972080912388
lncRNA_29472,2716,15,2731,69,0.5736108030574844
lncRNA_1070,2728,1,2729,38,0.5689056864351759
lncRNA_21224,2728,0,2728,91,0.5512292667592545
lncRNA_17093,2711,12,2723,43,0.5505546124941684
lncRNA_21428,2699,24,2723,88,0.5924458628935181
lncRNA_29054,2618,103,2721,87,0.5592170159882759
lncRNA_18091,2719,2,2721,89,0.5526248708391531
lncRNA_643,2709,11,2720,67,0.5557279574468674
lncRNA_22910,2717,2,2719,82,0.5555424697664897
lncRNA_11050,2713,6,2719,119,0.5520145156586962
lncRNA_9794,2714,5,2719,89,0.5528369469359081
lncRNA_14631,2710,9,2719,61,0.5430458145977379
lncRNA_23915,2637,82,2719,73,0.5525286348404592
lncRNA_22193,2715,3,2718,84,0.5642726589557089
lncRNA_5564,9,2707,2716,90,-0.5580403203452705
lncRNA_26937,2700,15,2715,52,0.5415703588944991
lncRNA_31437,2694,19,2713,54,0.5455777805856827
lncRNA_4478,2708,4,2712,66,0.556659545662209
lncRNA_17114,2695,16,2711,74,0.5552051084465893
lncRNA_2288,2521,190,2711,43,0.5003061329336385
lncRNA_12850,2709,2,2711,51,0.5547326427762267
lncRNA_11101,2709,1,2710,72,0.5562667928926297
lncRNA_22073,2710,0,2710,68,0.5489645446107061
lncRNA_24735,2705,4,2709,48,0.5623220378865401
lncRNA_8891,78,2630,2708,83,-0.5468204600121207
lncRNA_15378,2705,1,2706,40,0.5595732844100656
lncRNA_17092,2692,12,2704,43,0.5504717305617202
lncRNA_9214,2702,1,2703,67,0.5534188940981035
lncRNA_30153,2687,12,2699,73,0.5526967333653506
lncRNA_21445,2698,1,2699,81,0.5531954467612004
lncRNA_20140,2673,26,2699,86,0.5505576857225004
lncRNA_27458,2697,2,2699,66,0.5496269064243672
lncRNA_28536,2688,10,2698,69,0.585933529411925
lncRNA_31497,2648,48,2696,51,0.5530282628049032
lncRNA_12627,2692,4,2696,68,0.5542787058653912
lncRNA_4898,2685,4,2689,72,0.5581921251994848
lncRNA_13693,2682,7,2689,79,0.5559637501810588
lncRNA_27905,2687,1,2688,44,0.5458750698984892
lncRNA_5630,2678,10,2688,59,0.5469368778611712
lncRNA_31904,2684,1,2685,92,0.5470877032332979
lncRNA_7040,2572,113,2685,72,0.574636621075051
lncRNA_23832,2635,48,2683,70,0.5652965820344473
lncRNA_8386,2655,26,2681,61,0.5393518029461262
lncRNA_27457,2678,3,2681,68,0.5500512333421952
lncRNA_2299,2678,3,2681,64,0.5535131196248795
lncRNA_27825,2670,9,2679,49,0.5448181088205
lncRNA_12172,2640,37,2677,81,0.5826218150444047
lncRNA_13296,2670,2,2672,97,0.5661772617650516
lncRNA_20328,2662,8,2670,66,0.5497402434150223
lncRNA_2505,2667,2,2669,86,0.5609199139151199
lncRNA_4442,2667,1,2668,94,0.5445357561180763
lncRNA_15619,2613,52,2665,76,0.5652279796801256
lncRNA_4532,2659,5,2664,59,0.5488007284233963
lncRNA_3684,2639,25,2664,65,0.5574133437031554
lncRNA_28339,2641,22,2663,65,0.5931162282105389
lncRNA_28338,2641,22,2663,65,0.5931162282105389
lncRNA_28488,2658,3,2661,77,0.5506777357595765
lncRNA_30346,2618,42,2660,68,0.5925685766284464
lncRNA_4897,2656,4,2660,73,0.5581800566002384
lncRNA_30347,2617,42,2659,68,0.5925973275766095
lncRNA_30348,2617,42,2659,68,0.5925973275766095
lncRNA_29038,2653,4,2657,80,0.5478709882960601
lncRNA_8286,2656,1,2657,74,0.5569972842859793
lncRNA_8287,2656,1,2657,74,0.5569972842859793
lncRNA_24729,2636,20,2656,45,0.5518385643525648
lncRNA_4585,2630,25,2655,80,0.5451783769832037
lncRNA_20014,2653,2,2655,76,0.5567848670820361
lncRNA_31624,2640,14,2654,73,0.54487586233753
lncRNA_18942,2606,48,2654,55,0.5431197525388557
lncRNA_5628,2653,0,2653,87,0.5495234817793483
lncRNA_4586,2627,26,2653,80,0.5447790330011087
lncRNA_15504,2650,2,2652,63,0.5566859684077412
lncRNA_27501,2649,2,2651,76,0.5617267207433968
lncRNA_29422,2640,11,2651,79,0.5449697551788244
lncRNA_5344,2602,49,2651,68,0.5808342739188199
lncRNA_11819,2638,10,2648,34,0.5596239809772303
lncRNA_8391,2611,34,2645,63,0.5355681815857002
lncRNA_920,2642,2,2644,57,0.5499886635103318
lncRNA_3195,2635,6,2641,52,0.5515034184782435
lncRNA_18069,2610,30,2640,109,0.5498372069558928
lncRNA_12163,2616,21,2637,84,0.5949864875362647
lncRNA_12164,2616,21,2637,84,0.5949864875362647
lncRNA_9601,2636,0,2636,90,0.552678900099724
lncRNA_6166,2636,0,2636,22,0.5699516005917811
lncRNA_991,2629,6,2635,37,0.554211947984789
lncRNA_19592,2628,6,2634,90,0.5523611248541633
lncRNA_14687,2612,21,2633,97,0.5462122090306718
lncRNA_20015,2628,4,2632,75,0.5563318829286936
lncRNA_31668,2627,4,2631,107,0.5434216360335236
lncRNA_29287,2615,14,2629,81,0.5467959734322304
lncRNA_17202,2628,1,2629,71,0.5540499622117173
lncRNA_17201,2628,1,2629,71,0.5540499622117173
lncRNA_21028,29,2599,2628,59,-0.5477904505312389
lncRNA_28887,2625,0,2625,49,0.5458045516356472
lncRNA_29851,2613,9,2622,62,0.5516268987473834
lncRNA_7010,2577,45,2622,91,0.5462564499161764
lncRNA_26115,2621,0,2621,77,0.5488622915768838
lncRNA_10509,2544,76,2620,51,0.5379774378089334
lncRNA_148,2612,4,2616,82,0.5524542920276169
lncRNA_9925,2613,1,2614,55,0.5620201391074875
lncRNA_15920,2613,1,2614,98,0.5467014408101694
lncRNA_31551,2603,8,2611,48,0.549164007636945
lncRNA_21497,2588,22,2610,53,0.5432315463380891
lncRNA_12848,2601,7,2608,50,0.5551753397792754
lncRNA_19090,2578,30,2608,85,0.5758521519432732
lncRNA_19886,2537,70,2607,62,0.5726884758271763
lncRNA_24985,2595,11,2606,68,0.5560302338078411
lncRNA_7672,2595,10,2605,69,0.5502084553735936
lncRNA_6275,2604,1,2605,79,0.5450783377581323
lncRNA_4128,2602,2,2604,55,0.5578417473124972
lncRNA_8579,2594,5,2599,66,0.6023944982758199
lncRNA_10183,2578,18,2596,59,0.5436624006221185
lncRNA_10952,2534,62,2596,57,0.5417213648314445
lncRNA_9743,2497,97,2594,79,0.5447824746280763
lncRNA_21977,2548,45,2593,77,0.5614027550367326
lncRNA_21979,2540,48,2588,77,0.5598545778021378
lncRNA_18246,2580,4,2584,64,0.5699187051772039
lncRNA_7231,2578,2,2580,84,0.5591438687553876
lncRNA_24180,2569,9,2578,78,0.563033800277822
lncRNA_12731,2570,8,2578,77,0.5491223224271146
lncRNA_20647,2570,7,2577,46,0.5629012887070822
lncRNA_10800,2556,21,2577,41,0.5491284559816323
lncRNA_10630,2569,6,2575,74,0.5615280342165087
lncRNA_16037,2568,7,2575,71,0.5754139161092611
lncRNA_23200,2573,1,2574,63,0.559566445521859
lncRNA_4055,2488,85,2573,66,0.5626199216826157
lncRNA_2479,2530,43,2573,62,0.5606712656193065
lncRNA_751,2563,5,2568,50,0.543228224000918
lncRNA_19931,2554,14,2568,66,0.5520647671860115
lncRNA_24595,2561,6,2567,104,0.5604863374179807
lncRNA_16614,2399,167,2566,71,0.5487053311218326
lncRNA_19012,2564,0,2564,73,0.5411385713595958
lncRNA_9787,2561,2,2563,54,0.5543617887722827
lncRNA_29051,2475,88,2563,77,0.5611089863943791
lncRNA_29037,2542,17,2559,99,0.5451324836412563
lncRNA_18036,2535,23,2558,70,0.5753583058285503
lncRNA_12891,2505,53,2558,85,0.5337389176483498
lncRNA_20480,2557,0,2557,49,0.5477915111560826
lncRNA_30533,2544,11,2555,90,0.5608173747845054
lncRNA_5771,2548,0,2548,63,0.5510286865942833
lncRNA_25092,2434,113,2547,46,0.5187971095365369
lncRNA_19293,2534,13,2547,31,0.5486697914928536
lncRNA_9750,2539,7,2546,56,0.5428819316909665
lncRNA_13348,2506,40,2546,30,0.549272053357104
lncRNA_1519,2532,13,2545,69,0.5540100566791124
lncRNA_2320,2539,0,2539,65,0.5581542257472687
lncRNA_19218,2530,8,2538,69,0.5549703047986573
lncRNA_2876,2538,0,2538,58,0.5657793779702546
lncRNA_4902,2523,11,2534,60,0.5840765642270035
lncRNA_22881,2517,15,2532,66,0.5565928344898795
lncRNA_25794,2528,3,2531,76,0.5571640737970383
lncRNA_851,2483,48,2531,85,0.5408100416263127
lncRNA_26655,2522,3,2525,60,0.5527388639794332
lncRNA_10651,2517,7,2524,62,0.548133411421667
lncRNA_12171,2505,18,2523,80,0.5907468947700846
lncRNA_21826,2513,10,2523,21,0.5496921136195986
lncRNA_6039,2523,0,2523,48,0.5497742793140172
lncRNA_25339,2512,9,2521,40,0.5459305946484245
lncRNA_7276,2519,2,2521,53,0.5596311254932619
lncRNA_25335,2512,9,2521,40,0.5459305946484245
lncRNA_25338,2512,9,2521,40,0.5459305946484245
lncRNA_25337,2512,9,2521,40,0.5459305946484245
lncRNA_25334,2512,9,2521,40,0.5459305946484245
lncRNA_25332,2512,9,2521,40,0.5459305946484245
lncRNA_4522,2510,10,2520,75,0.5567971077268927
lncRNA_24139,2491,29,2520,70,0.5389085898725925
lncRNA_12377,2507,10,2517,68,0.555204010040939
lncRNA_14005,2506,9,2515,73,0.5528446602549325
lncRNA_123,2509,5,2514,66,0.5494797386842608
lncRNA_124,2509,5,2514,66,0.5494797386842608
lncRNA_19741,2430,83,2513,68,0.569071924848146
lncRNA_15899,2446,66,2512,44,0.5396636201335074
lncRNA_2210,2451,60,2511,75,0.5399687404456526
lncRNA_12185,2507,3,2510,63,0.5528318964971602
lncRNA_10944,2392,115,2507,48,0.5163349837283046
lncRNA_12096,2502,4,2506,92,0.5584368329106206
lncRNA_4520,2504,2,2506,70,0.5889199765642463
lncRNA_6272,2503,1,2504,73,0.5451330971221169
lncRNA_13739,2494,9,2503,72,0.5653309734411374
lncRNA_19073,2500,3,2503,69,0.5537728252191996
lncRNA_9359,2491,9,2500,101,0.5538951989347195
lncRNA_8389,2473,27,2500,56,0.536989241880457
lncRNA_11126,2458,39,2497,51,0.5391699715112378
lncRNA_1197,2488,8,2496,63,0.5514905505342595
lncRNA_15439,2489,6,2495,87,0.5536138626722733
lncRNA_23766,2476,17,2493,55,0.5439910370009011
lncRNA_23767,2476,17,2493,55,0.5439910370009011
lncRNA_14741,2482,10,2492,81,0.5505886319090231
lncRNA_28927,2490,1,2491,65,0.544665050170716
lncRNA_23241,2491,0,2491,54,0.5544967041861789
lncRNA_15717,2320,169,2489,68,0.5473675238007025
lncRNA_5535,2485,3,2488,53,0.553877837140816
lncRNA_4899,2487,1,2488,84,0.5531619379505386
lncRNA_10387,2484,4,2488,79,0.5560064377142968
lncRNA_9160,2481,5,2486,68,0.5661676538898279
lncRNA_7654,2479,7,2486,68,0.5517678363195686
lncRNA_13421,2478,7,2485,61,0.5521534510057782
lncRNA_25798,2448,35,2483,66,0.5968743295476062
lncRNA_2721,2469,13,2482,40,0.5520507044105689
lncRNA_2633,2470,10,2480,59,0.5807551768422773
lncRNA_28170,2476,3,2479,81,0.5614603023168202
lncRNA_2720,2466,13,2479,39,0.5520669801930124
lncRNA_30222,2467,11,2478,61,0.5564489861926909
lncRNA_7215,2477,0,2477,80,0.5562628986901633
lncRNA_5394,2474,2,2476,64,0.5567555938939914
lncRNA_4057,2397,78,2475,63,0.5598509773762844
lncRNA_30223,2462,11,2473,61,0.5564570585573028
lncRNA_29712,2457,16,2473,32,0.5462225557674278
lncRNA_26826,2468,2,2470,63,0.5715767249586985
lncRNA_7214,2469,0,2469,80,0.5562427139429243
lncRNA_6167,2466,0,2466,21,0.5696842452186306
lncRNA_8268,2455,7,2462,66,0.5691686751789171
lncRNA_22886,2461,0,2461,63,0.559475332043041
lncRNA_14207,2439,22,2461,43,0.5589834971909083
lncRNA_14409,2458,1,2459,82,0.5514801373544669
lncRNA_10948,2404,55,2459,54,0.5411460325085733
lncRNA_764,2220,238,2458,61,0.5069440422262692
lncRNA_2674,2456,2,2458,52,0.5494992809015347
lncRNA_13776,2449,8,2457,105,0.5502071380711001
lncRNA_4622,2441,16,2457,58,0.5489587414411515
lncRNA_2634,2447,10,2457,57,0.5807476385927801
lncRNA_19282,2449,5,2454,73,0.5512144477059256
lncRNA_22885,2453,0,2453,63,0.5594707892194919
lncRNA_645,2433,18,2451,61,0.5517591734595618
lncRNA_14252,2438,12,2450,54,0.5518811965738908
lncRNA_25357,2446,3,2449,61,0.5646250146386126
lncRNA_1695,2443,4,2447,57,0.5518667974980904
lncRNA_22151,2409,36,2445,69,0.5719093260411517
lncRNA_186,2193,252,2445,64,0.49043534979447934
lncRNA_23837,2348,97,2445,62,0.5566630697900178
lncRNA_24157,2444,0,2444,60,0.5575242348694056
lncRNA_28218,2444,0,2444,42,0.5502432935783905
lncRNA_2323,2322,120,2442,59,0.5377665428679079
lncRNA_28279,2439,2,2441,63,0.5638526547658068
lncRNA_752,2430,7,2437,45,0.5416939945599726
lncRNA_23725,2351,83,2434,73,0.5490035601681462
lncRNA_31604,2418,15,2433,77,0.55180396971811
lncRNA_850,2297,136,2433,63,0.5545206173367787
lncRNA_31597,2418,13,2431,58,0.5500804828712645
lncRNA_30418,2418,11,2429,77,0.5451589180672411
lncRNA_29711,2415,13,2428,30,0.5478994495929281
lncRNA_24561,2422,2,2424,87,0.5530056206621954
lncRNA_7664,2403,18,2421,87,0.5475837776498043
lncRNA_27269,2409,12,2421,57,0.5496003205662051
lncRNA_761,2255,166,2421,67,0.5397147702350433
lncRNA_30221,2410,9,2419,61,0.5557737880293749
lncRNA_20536,2274,142,2416,70,0.5515552085812044
lncRNA_29000,2410,6,2416,80,0.5532072935236121
lncRNA_20535,2274,142,2416,70,0.5515552085812044
lncRNA_27655,2402,11,2413,59,0.5600526328608094
lncRNA_26962,2412,1,2413,47,0.5562067610743262
lncRNA_29993,2399,14,2413,55,0.5513861111102349
lncRNA_7113,2411,1,2412,80,0.5534213711826163
lncRNA_26761,2408,3,2411,64,0.5496912107916878
lncRNA_24296,2411,0,2411,60,0.5585163507992391
lncRNA_1288,2408,3,2411,60,0.550430132368914
lncRNA_21294,2373,37,2410,77,0.5576965186246345
lncRNA_11802,2380,29,2409,80,0.5442034180296637
lncRNA_19144,2406,3,2409,51,0.5573024942163121
lncRNA_18120,2400,9,2409,40,0.5498447450198062
lncRNA_14667,2397,10,2407,71,0.5502496309394548
lncRNA_23393,2406,1,2407,71,0.5582519348051521
lncRNA_1036,2378,28,2406,56,0.5459112674296859
lncRNA_18256,2405,1,2406,35,0.5669107359986514
lncRNA_17455,2385,19,2404,57,0.545620690646283
lncRNA_4604,2379,25,2404,74,0.5872030184662967
lncRNA_25698,2400,0,2400,39,0.5475383708194551
lncRNA_28014,2399,1,2400,64,0.5541506735239548
lncRNA_14697,2389,10,2399,80,0.5601154263474484
lncRNA_1053,2386,11,2397,69,0.5723695413456699
lncRNA_21092,2395,0,2395,69,0.554923555963371
lncRNA_25725,2393,0,2393,38,0.5533292799129269
lncRNA_30847,2384,9,2393,44,0.549159717076929
lncRNA_25882,2392,0,2392,38,0.5535140553005238
lncRNA_19709,2385,6,2391,66,0.5524008989836519
lncRNA_10929,2388,2,2390,65,0.5486685040806875
lncRNA_10953,2292,96,2388,50,0.5244976100261879
lncRNA_366,2388,0,2388,80,0.5439914588355724
lncRNA_13298,2381,3,2384,82,0.5526335709145628
lncRNA_763,2221,163,2384,63,0.5400693680855903
lncRNA_5393,2383,0,2383,70,0.5539220453917547
lncRNA_16034,2378,5,2383,63,0.5791203140723535
lncRNA_10954,2288,95,2383,50,0.5246582049226892
lncRNA_15641,2326,54,2380,75,0.5368922385720831
lncRNA_14206,2351,26,2377,42,0.5566454278882849
lncRNA_6912,2374,1,2375,47,0.5607412559216346
lncRNA_18908,2374,0,2374,60,0.549211197761972
lncRNA_32098,2373,1,2374,47,0.5438371777857163
lncRNA_16453,2374,0,2374,77,0.5841380658044595
lncRNA_1052,2366,6,2372,66,0.5751438755068355
lncRNA_19877,2369,1,2370,53,0.552942340749811
lncRNA_19876,2369,1,2370,53,0.552942340749811
lncRNA_19098,2354,10,2364,24,0.5467515719524771
lncRNA_29870,2348,12,2360,80,0.5629067578612377
lncRNA_26666,2294,62,2356,73,0.5410451713640333
lncRNA_4701,2296,57,2353,84,0.553753702838742
lncRNA_17372,2249,102,2351,64,0.5526847522266061
lncRNA_30006,2343,7,2350,63,0.5517149022017045
lncRNA_22523,2342,8,2350,53,0.5506419034002329
lncRNA_12730,2339,11,2350,73,0.5470026043037812
lncRNA_050,2341,6,2347,58,0.5469133705439394
lncRNA_19693,2338,7,2345,65,0.552716061014183
lncRNA_14242,2250,95,2345,70,0.5387467736529323
lncRNA_23808,2326,18,2344,50,0.5694063765995593
lncRNA_22940,2336,6,2342,75,0.5508627004986527
lncRNA_2289,2045,294,2339,42,0.4402341750609604
lncRNA_6464,2300,38,2338,75,0.549004949076834
lncRNA_3889,2336,1,2337,13,0.5511263083656256
lncRNA_30620,2329,5,2334,57,0.547158184909807
lncRNA_30845,2310,24,2334,31,0.5409752205146733
lncRNA_30619,2329,5,2334,57,0.547158184909807
lncRNA_23944,2264,70,2334,58,0.5626658663093714
lncRNA_746,2325,7,2332,44,0.540694259957419
lncRNA_19845,2322,10,2332,43,0.5466901617512743
lncRNA_17712,2308,22,2330,83,0.5590098961023692
lncRNA_5223,2317,13,2330,61,0.5496726261968191
lncRNA_10946,2278,52,2330,50,0.539824999099252
lncRNA_28394,2290,37,2327,74,0.5517310052115412
lncRNA_5950,2322,5,2327,61,0.5516575350509877
lncRNA_13685,2307,17,2324,73,0.5556317889474887
lncRNA_13347,2283,38,2321,28,0.5473716773720521
lncRNA_2498,2310,10,2320,43,0.542690433690585
lncRNA_5948,2308,10,2318,63,0.547816110450368
lncRNA_7570,2317,0,2317,90,0.5624129760442111
lncRNA_1200,2268,48,2316,64,0.5332160751822013
lncRNA_4523,2301,15,2316,72,0.5542624121362139
lncRNA_4797,2311,4,2315,83,0.5433273247484363
lncRNA_4629,2227,87,2314,58,0.5487714868906653
lncRNA_12655,2313,1,2314,69,0.5470040196053254
lncRNA_17794,2255,59,2314,49,0.527791127431922
lncRNA_7710,2243,67,2310,86,0.5546266848308541
lncRNA_13349,2269,39,2308,28,0.5466130678403679
lncRNA_10774,2304,4,2308,83,0.559000458772937
lncRNA_9145,2153,153,2306,58,0.5052845028362891
lncRNA_25599,2304,0,2304,81,0.557057376254135
lncRNA_2083,2302,0,2302,60,0.5588897542020588
lncRNA_2897,2300,1,2301,80,0.5427197827291356
lncRNA_12255,2299,0,2299,73,0.5402939686079193
lncRNA_22807,2279,19,2298,70,0.5598233631107983
lncRNA_22808,2279,19,2298,70,0.5598233631107983
lncRNA_20141,2296,0,2296,89,0.5466399629545196
lncRNA_19972,2289,6,2295,90,0.5708298890508934
lncRNA_14148,481,1814,2295,36,-0.32538803143134404
lncRNA_21029,2275,18,2293,51,0.549260491317811
lncRNA_23240,2285,7,2292,33,0.546740612389584
lncRNA_30951,2257,35,2292,39,0.5338266982939073
lncRNA_5949,2279,10,2289,63,0.5470878139965939
lncRNA_16961,2236,52,2288,61,0.5301667721610426
lncRNA_3811,2147,139,2286,75,0.5316454173591447
lncRNA_24155,2281,4,2285,87,0.5802586323134618
lncRNA_17737,2280,3,2283,52,0.5475085613410197
lncRNA_2239,2133,149,2282,62,0.55270074877451
lncRNA_29939,2278,2,2280,82,0.582868919881314
lncRNA_20011,2278,2,2280,65,0.5528874259692523
lncRNA_2076,2268,12,2280,36,0.5465232007592833
lncRNA_28287,2274,2,2276,76,0.5706240388704108
lncRNA_12743,2247,29,2276,34,0.5427757151759011
lncRNA_12742,2247,29,2276,34,0.5427757151759011
lncRNA_12741,2247,29,2276,34,0.5427757151759011
lncRNA_8309,2274,0,2274,51,0.554080954324666
lncRNA_10931,2272,0,2272,68,0.5489325111172072
lncRNA_18561,2269,3,2272,60,0.5441422351397933
lncRNA_19974,2266,6,2272,89,0.5706120045300882
lncRNA_30928,2261,11,2272,36,0.5448421672063769
lncRNA_14149,468,1804,2272,36,-0.3293175216905012
lncRNA_25331,2264,8,2272,41,0.5413697385403512
lncRNA_3812,2128,141,2269,74,0.5296660918374825
lncRNA_1261,2261,6,2267,41,0.5481664823390782
lncRNA_10644,2267,0,2267,33,0.5489592285948715
lncRNA_11782,2245,19,2264,51,0.5690069122242764
lncRNA_18312,2264,0,2264,82,0.5487423612370441
lncRNA_7368,2251,12,2263,57,0.547477277214753
lncRNA_27520,2248,15,2263,58,0.5597035231985582
lncRNA_30844,2238,24,2262,28,0.5406415250481592
lncRNA_2049,2241,21,2262,52,0.5436992419675772
lncRNA_13471,2229,33,2262,70,0.5520027281317698
lncRNA_2054,2241,21,2262,52,0.5436992419675772
lncRNA_10575,2260,1,2261,69,0.5519069298993549
lncRNA_5388,2259,1,2260,70,0.5617586589743917
lncRNA_11358,2255,3,2258,82,0.5530592190667614
lncRNA_26150,2254,2,2256,53,0.5835496280065426
lncRNA_18127,2250,4,2254,96,0.5729930462800166
lncRNA_13238,2249,0,2249,68,0.5543863293004639
lncRNA_11663,2245,1,2246,56,0.5536995295130441
lncRNA_29419,2219,27,2246,44,0.548096056619891
lncRNA_16311,2242,4,2246,60,0.5668697731968045
lncRNA_9020,2237,7,2244,78,0.5484255621856616
lncRNA_21858,2240,3,2243,28,0.5572608189605903
lncRNA_20574,2240,2,2242,58,0.5473275740452972
lncRNA_21699,2238,3,2241,53,0.5425208072346486
lncRNA_3813,2093,148,2241,70,0.5234210447937648
lncRNA_4521,2238,2,2240,59,0.587192755522924
lncRNA_14712,2237,2,2239,64,0.54505705816165
lncRNA_9018,2221,7,2228,67,0.543523576276936
lncRNA_20139,2202,25,2227,69,0.5451564132430149
lncRNA_27445,2219,4,2223,80,0.5620276065265649
lncRNA_4834,2217,1,2218,83,0.5538285651464767
lncRNA_24730,2151,66,2217,40,0.5231800675611404
lncRNA_30076,2214,2,2216,77,0.5598103902194244
lncRNA_13475,2161,53,2214,43,0.5436691551841357
lncRNA_30481,2207,4,2211,56,0.5452837736823903
lncRNA_24214,2205,6,2211,53,0.546488267508381
lncRNA_4067,2200,10,2210,60,0.5494909730275261
lncRNA_586,2161,40,2201,58,0.5684752958827873
lncRNA_13432,2197,4,2201,54,0.544580898762921
lncRNA_587,2161,40,2201,58,0.5684752958827873
lncRNA_13431,2197,4,2201,54,0.544580898762921
lncRNA_24210,2181,17,2198,51,0.5464097395371383
lncRNA_4948,2160,36,2196,23,0.5400969134470692
lncRNA_4947,2160,36,2196,23,0.5400969134470692
lncRNA_11923,2195,1,2196,62,0.5383228497735578
lncRNA_4369,2195,0,2195,74,0.5535804254035158
lncRNA_14147,580,1615,2195,34,-0.2608976626831156
lncRNA_26835,2192,3,2195,64,0.5664492404920967
lncRNA_6848,2105,87,2192,74,0.5451766494641177
lncRNA_24769,2133,59,2192,77,0.5539346993166293
lncRNA_234,2169,23,2192,64,0.5549004185035662
lncRNA_744,2185,6,2191,39,0.540957732610504
lncRNA_24278,2127,63,2190,19,0.5293723690496405
lncRNA_27925,2189,0,2189,70,0.5476647835091284
lncRNA_5548,2072,116,2188,59,0.5732096072307832
lncRNA_29876,2152,36,2188,45,0.5436646347950087
lncRNA_21973,2174,13,2187,60,0.5645165935300406
lncRNA_26781,2186,1,2187,42,0.5545219559556719
lncRNA_25330,2178,8,2186,41,0.5408692314308554
lncRNA_11830,2186,0,2186,53,0.5435572998882714
lncRNA_17149,2179,6,2185,30,0.549940089617973
lncRNA_10955,2092,93,2185,44,0.5194135559198627
lncRNA_17148,2179,6,2185,30,0.549940089617973
lncRNA_7373,2166,18,2184,57,0.5453250992785987
lncRNA_7369,2166,18,2184,57,0.5452033491748749
lncRNA_7372,2166,18,2184,57,0.5453250992785987
lncRNA_18919,534,1648,2182,33,-0.28532493117332575
lncRNA_23360,2176,4,2180,55,0.5439567331517462
lncRNA_20138,2155,25,2180,66,0.5448521424335191
lncRNA_11266,2176,4,2180,53,0.5773607564490264
lncRNA_30198,2168,12,2180,58,0.549401610583311
lncRNA_30080,2168,12,2180,58,0.549401610583311
lncRNA_11664,2177,1,2178,56,0.5550626475362015
lncRNA_14072,2173,5,2178,50,0.5481826449556729
lncRNA_8537,2159,19,2178,76,0.5510507836875975
lncRNA_11696,2157,20,2177,52,0.5395565117178631
lncRNA_21828,2167,8,2175,26,0.5483607506138505
lncRNA_14666,2167,7,2174,50,0.5444233140362041
lncRNA_14706,2134,39,2173,31,0.530006496601943
lncRNA_4204,2166,6,2172,72,0.5464152065694236
lncRNA_12033,2166,6,2172,36,0.5427981856471613
lncRNA_3091,2171,1,2172,78,0.5470453670501038
lncRNA_13473,2163,8,2171,74,0.5531899347696319
lncRNA_13472,2161,8,2169,74,0.5532311041158012
lncRNA_7207,2161,6,2167,73,0.5507360852692527
lncRNA_2240,2164,2,2166,64,0.5565695241630294
lncRNA_21921,2164,2,2166,52,0.5502411705659113
lncRNA_24966,2095,71,2166,61,0.5912706918850771
lncRNA_19108,2156,9,2165,74,0.578150115189861
lncRNA_17684,2157,7,2164,66,0.5464561475492928
lncRNA_19776,2103,59,2162,59,0.5462723979021891
lncRNA_19778,2103,59,2162,59,0.5462723979021891
lncRNA_27799,2133,28,2161,50,0.5502112222167379
lncRNA_26161,2053,108,2161,58,0.5615025034315664
lncRNA_16310,2156,5,2161,60,0.5695013705696436
lncRNA_29517,2145,13,2158,52,0.5685550772521022
lncRNA_4205,2150,6,2156,71,0.5463932936735277
lncRNA_30068,2063,93,2156,30,0.5180349732144282
lncRNA_4900,2155,1,2156,78,0.54947508261622
lncRNA_3486,2155,1,2156,45,0.5454019130040368
lncRNA_15941,2154,1,2155,55,0.5443654167524656
lncRNA_15940,2154,1,2155,55,0.5443654167524656
lncRNA_28341,2151,2,2153,63,0.5633639904433385
lncRNA_17290,2147,6,2153,66,0.5468331673414293
lncRNA_23902,2102,49,2151,60,0.5366386799682296
lncRNA_25435,2147,2,2149,51,0.5560947025716653
lncRNA_17854,2096,53,2149,84,0.5274247907420573
lncRNA_32394,2132,12,2144,71,0.5613192487296111
lncRNA_11759,2035,109,2144,26,0.5009291388994018
lncRNA_7365,2132,12,2144,56,0.5463909043115094
lncRNA_30897,2135,9,2144,35,0.5581016937769052
lncRNA_24991,2130,13,2143,50,0.5508958736394023
lncRNA_19548,2142,0,2142,58,0.5547240531063065
lncRNA_6887,2124,17,2141,72,0.545717280120399
lncRNA_9712,2133,2,2135,58,0.5475465903098685
lncRNA_11893,2114,12,2126,59,0.5417382963916072
lncRNA_20831,2110,15,2125,46,0.5766493922961718
lncRNA_18533,2123,1,2124,61,0.5478177227500466
lncRNA_25987,2124,0,2124,30,0.5479319925926319
lncRNA_13567,2120,4,2124,45,0.5368929712815498
lncRNA_25271,2115,9,2124,55,0.5463114511666443
lncRNA_6038,1997,126,2123,59,0.5653821240482505
lncRNA_14123,1977,146,2123,20,0.4842090450677204
lncRNA_26956,2120,3,2123,52,0.5781111735294833
lncRNA_23101,1916,206,2122,37,0.46866623050675305
lncRNA_17744,2083,38,2121,67,0.5675265420684413
lncRNA_26929,2119,1,2120,98,0.5493423010429693
lncRNA_4099,2096,24,2120,49,0.5652334550838191
lncRNA_4098,2096,24,2120,49,0.5652334550838191
lncRNA_27221,2102,17,2119,64,0.5461016555526224
lncRNA_5390,2118,0,2118,67,0.5535494594822862
lncRNA_26969,2113,2,2115,64,0.5589216917533121
lncRNA_10836,2073,42,2115,49,0.5596161696869835
lncRNA_19601,2111,3,2114,52,0.5494539107850382
lncRNA_12223,2112,0,2112,60,0.5597328251308743
lncRNA_21978,2062,49,2111,60,0.5485763363028482
lncRNA_31686,2098,9,2107,65,0.5399953411513881
lncRNA_6840,2103,4,2107,70,0.5501379870060563
lncRNA_25913,2042,65,2107,53,0.5182860263421741
lncRNA_25914,2042,65,2107,53,0.5182860263421741
lncRNA_13424,2098,8,2106,80,0.5451914612665067
lncRNA_1042,2102,3,2105,48,0.5520333569248435
lncRNA_223,2094,10,2104,60,0.5477902252398531
lncRNA_19756,383,1719,2102,42,-0.36099007657750565
lncRNA_22191,1997,105,2102,54,0.5590737762902175
lncRNA_7366,2083,18,2101,55,0.5439738455366403
lncRNA_31703,2092,6,2098,71,0.5530958093285269
lncRNA_15652,2057,40,2097,36,0.5340682909523445
lncRNA_19385,1860,237,2097,58,0.4888130037169124
lncRNA_1560,2062,33,2095,57,0.5411479694077075
lncRNA_11732,2088,7,2095,102,0.5529199910524338
lncRNA_3076,2092,2,2094,44,0.5672988084401414
lncRNA_4540,2073,19,2092,63,0.5420735527337959
lncRNA_31687,2082,9,2091,64,0.5399731917872246
lncRNA_17166,2074,16,2090,48,0.5409095836532123
lncRNA_21470,2089,0,2089,60,0.5515911583787599
lncRNA_10061,2070,19,2089,49,0.5427892406476444
lncRNA_5403,2013,74,2087,62,0.5476476751893403
lncRNA_21370,2078,5,2083,65,0.5720717688359369
lncRNA_31827,2053,27,2080,56,0.5442691255868342
lncRNA_4612,2059,21,2080,54,0.5368915154926073
lncRNA_19658,2066,12,2078,37,0.55064481187322
lncRNA_11858,1842,234,2076,51,0.4822089794591652
lncRNA_11857,1841,234,2075,51,0.48224659399922043
lncRNA_27884,2073,1,2074,55,0.5514275840934817
lncRNA_27882,2071,2,2073,87,0.5604068192712908
lncRNA_23190,2070,2,2072,71,0.5489363856887342
lncRNA_23192,2070,2,2072,71,0.5489363856887342
lncRNA_21974,2030,42,2072,61,0.5512552356700242
lncRNA_21975,2030,42,2072,61,0.5512552356700242
lncRNA_25321,2057,12,2069,34,0.5392575098752115
lncRNA_21981,2015,53,2068,57,0.5451215656099491
lncRNA_26723,2050,18,2068,52,0.5470458615250927
lncRNA_16308,2063,5,2068,57,0.5685406638807583
lncRNA_16309,2063,5,2068,57,0.5685406638807583
lncRNA_18394,2060,7,2067,46,0.5376108163646524
lncRNA_11044,2062,5,2067,39,0.5509392076484769
lncRNA_18935,216,1849,2065,42,-0.46306604168227533
lncRNA_20222,2044,21,2065,52,0.5468426396639785
lncRNA_8155,2013,50,2063,63,0.5688397942807144
lncRNA_19862,2054,9,2063,43,0.5488031843038956
lncRNA_6853,1939,122,2061,58,0.5310994004151733
lncRNA_2459,2047,13,2060,62,0.5438870107420481
lncRNA_28664,1982,78,2060,52,0.576922171571519
lncRNA_122,2049,9,2058,51,0.5477636341341875
lncRNA_19823,2034,24,2058,47,0.5364332412373233
lncRNA_4680,2057,0,2057,57,0.5500792537582636
lncRNA_31828,2036,20,2056,55,0.5450361021588918
lncRNA_14827,2052,4,2056,16,0.5488088354673143
lncRNA_16312,2051,4,2055,55,0.5645660944646654
lncRNA_6852,1935,119,2054,58,0.5319789152464679
lncRNA_27294,2047,6,2053,30,0.543080726040147
lncRNA_18879,2042,10,2052,63,0.5516622889142813
lncRNA_14487,1993,59,2052,31,0.5421200259805012
lncRNA_7004,2038,13,2051,63,0.5464696629662189
lncRNA_12857,1985,65,2050,39,0.5232626411297683
lncRNA_16313,2044,4,2048,56,0.5648141634267327
lncRNA_13474,2041,7,2048,73,0.553124123975338
lncRNA_6845,1924,124,2048,70,0.524974248240934
lncRNA_6046,1871,176,2047,53,0.5316263911942677
lncRNA_20821,2023,24,2047,35,0.5460329690146698
lncRNA_1201,1992,55,2047,48,0.5272360605115035
lncRNA_1037,2031,15,2046,48,0.5503641455852479
lncRNA_6047,1870,176,2046,53,0.531559355223401
lncRNA_29174,2046,0,2046,37,0.5507052227679307
lncRNA_16465,2038,6,2044,58,0.5429520560592922
lncRNA_7336,2013,30,2043,67,0.5431290414780048
lncRNA_18125,2039,4,2043,80,0.5736006772986784
lncRNA_25020,1923,120,2043,52,0.5418296471437736
lncRNA_25019,1925,117,2042,52,0.5433205870643829
lncRNA_20846,1981,61,2042,53,0.5207868092563454
lncRNA_25323,2027,11,2038,32,0.5391831574288604
lncRNA_25322,2027,11,2038,32,0.5391831574288604
lncRNA_10945,1930,108,2038,43,0.5066956384056883
lncRNA_23795,2036,1,2037,40,0.558335364534526
lncRNA_31834,2018,18,2036,54,0.5460367196445526
lncRNA_11116,2033,2,2035,55,0.5566355986612945
lncRNA_1316,2029,3,2032,32,0.5638675721579656
lncRNA_31833,2014,18,2032,54,0.5461070738715967
lncRNA_25324,2020,11,2031,32,0.5391544363442933
lncRNA_15009,2029,1,2030,60,0.5530838923776913
lncRNA_29325,2017,11,2028,44,0.5543266295873026
lncRNA_11887,2022,6,2028,45,0.5417258104468957
lncRNA_23323,2013,14,2027,67,0.5471148010804658
lncRNA_20862,2022,3,2025,26,0.5517660662954229
lncRNA_30534,2014,11,2025,72,0.566694536680918
lncRNA_31831,2007,18,2025,54,0.5461228594509819
lncRNA_23857,1949,76,2025,27,0.5158719425416983
lncRNA_31832,2006,18,2024,54,0.5461861258237378
lncRNA_18126,2018,4,2022,87,0.5720235357013392
lncRNA_29087,1999,23,2022,68,0.5389963154190222
lncRNA_31829,2003,18,2021,54,0.5461770848545761
lncRNA_13138,2016,3,2019,82,0.542668382287784
lncRNA_21327,1931,86,2017,59,0.5717416154022579
lncRNA_13054,1947,69,2016,41,0.5140697879147013
lncRNA_26158,1994,22,2016,35,0.5453956344976121
lncRNA_21579,2016,0,2016,74,0.552373538646499
lncRNA_16375,2012,3,2015,70,0.5614335353051282
lncRNA_10819,2013,0,2013,67,0.5574711426229979
lncRNA_16613,1720,292,2012,56,0.44775447007662267
lncRNA_14688,12,1999,2011,54,-0.5477401350633789
lncRNA_410,2008,3,2011,65,0.5511656912975216
lncRNA_30345,1950,57,2007,53,0.5724278012855607
lncRNA_10647,2001,6,2007,36,0.557119817024249
lncRNA_16463,1982,24,2006,51,0.579030967579249
lncRNA_6855,1877,128,2005,56,0.5313082311602026
lncRNA_6854,1877,128,2005,56,0.5313082311602026
lncRNA_16098,1996,8,2004,62,0.5483890398770281
lncRNA_20531,1897,106,2003,59,0.540415495455886
lncRNA_22756,1999,3,2002,68,0.5479639461892517
lncRNA_30636,1996,5,2001,72,0.5587282039152632
lncRNA_4188,1999,0,1999,75,0.5539721788691097
lncRNA_4741,1992,5,1997,61,0.5468323228581156
lncRNA_13294,1996,1,1997,61,0.5524330379328473
lncRNA_4000,1984,11,1995,58,0.5677307593271713
lncRNA_18375,1989,4,1993,33,0.5491071286536907
lncRNA_3001,1992,0,1992,44,0.560218515147285
lncRNA_13053,1923,68,1991,40,0.5138738547352832
lncRNA_21329,1900,91,1991,58,0.5695175354342563
lncRNA_6473,1873,117,1990,55,0.5339611161379095
lncRNA_31567,1988,2,1990,59,0.5537264152749912
lncRNA_32286,1971,17,1988,28,0.5422988268095679
lncRNA_20621,1644,343,1987,50,0.40370562678012967
lncRNA_18368,1983,4,1987,33,0.5485111170564632
lncRNA_14091,1962,21,1983,27,0.5418113907138922
lncRNA_14090,1962,21,1983,27,0.5418113907138922
lncRNA_10760,1951,32,1983,30,0.531121199879402
lncRNA_24152,1982,0,1982,51,0.5518453357865719
lncRNA_7115,1980,2,1982,44,0.539063413485704
lncRNA_4259,1975,6,1981,57,0.5484715933454599
lncRNA_18805,1978,3,1981,52,0.5457152281351064
lncRNA_26951,1939,42,1981,59,0.5735826792744187
lncRNA_13286,1975,3,1978,63,0.5573324460683411
lncRNA_30858,1951,24,1975,40,0.5416870299413488
lncRNA_29089,1882,93,1975,40,0.5226665202467322
lncRNA_15474,1971,2,1973,19,0.5449295776708496
lncRNA_7903,1958,15,1973,70,0.5603948863659026
lncRNA_13193,1924,49,1973,32,0.5304074172121777
lncRNA_8689,1945,27,1972,61,0.5349392974741628
lncRNA_2276,1946,26,1972,56,0.5383537179316421
lncRNA_20774,1943,28,1971,56,0.5488060240879195
lncRNA_20776,1943,28,1971,56,0.5488060240879195
lncRNA_22476,1958,12,1970,74,0.5476593878096496
lncRNA_18963,25,1944,1969,45,-0.5554542377923697
lncRNA_18275,1964,5,1969,80,0.548233163959141
lncRNA_19933,1941,28,1969,46,0.5399844810991257
lncRNA_26953,1968,0,1968,28,0.54278932322733
lncRNA_28159,1964,3,1967,57,0.5563885690311722
lncRNA_31877,1954,11,1965,83,0.5455508410376874
lncRNA_18109,1959,3,1962,32,0.5428616619260322
lncRNA_31568,1959,2,1961,58,0.5533103625673175
lncRNA_1054,1954,7,1961,60,0.5646812049560269
lncRNA_31537,1959,2,1961,58,0.5533103625673175
lncRNA_17912,1961,0,1961,51,0.553635712676442
lncRNA_18402,1951,7,1958,23,0.5516804527473523
lncRNA_18108,1955,3,1958,35,0.5424285242560744
lncRNA_7666,1946,11,1957,80,0.5533502583217816
lncRNA_8612,1894,60,1954,23,0.5366424557938354
lncRNA_4096,1953,0,1953,74,0.5478317926963246
lncRNA_315,1946,5,1951,56,0.5456122303131425
lncRNA_27316,1906,42,1948,52,0.5283470873008375
lncRNA_7349,1941,6,1947,61,0.5427908572503588
lncRNA_2433,1747,199,1946,50,0.5133973330282804
lncRNA_743,1938,6,1944,31,0.5400819952588227
lncRNA_15609,1942,2,1944,37,0.5446045873688853
lncRNA_16307,1552,392,1944,52,0.39250680555343714
lncRNA_22152,1891,51,1942,52,0.5546959365698871
lncRNA_16457,1939,3,1942,63,0.5843057320974161
lncRNA_29258,1912,28,1940,80,0.5343621658556952
lncRNA_16916,1932,8,1940,36,0.547833512899381
lncRNA_14306,1928,11,1939,27,0.5358939502138105
lncRNA_9822,1857,80,1937,67,0.5415173982403877
lncRNA_12719,1925,12,1937,43,0.5440841818352699
lncRNA_30934,1926,10,1936,35,0.5412841366576482
lncRNA_22795,1895,41,1936,38,0.5217097467188324
lncRNA_19046,1935,1,1936,50,0.5467622589834482
lncRNA_1301,1886,49,1935,55,0.5651959282902955
lncRNA_11831,1933,2,1935,51,0.5397271853233766
lncRNA_28197,1794,139,1933,41,0.49215951594886465
lncRNA_26687,1932,0,1932,36,0.5574311615459451
lncRNA_27860,1919,13,1932,52,0.5647953685782537
lncRNA_30933,1922,10,1932,35,0.541276224226624
lncRNA_15461,1930,1,1931,44,0.5540620236674388
lncRNA_22154,1881,50,1931,52,0.5555994968944269
lncRNA_3178,1601,329,1930,50,0.4272271609348446
lncRNA_2823,1928,2,1930,60,0.5579863895458002
lncRNA_25958,1917,10,1927,42,0.5738844812958985
lncRNA_24286,1813,113,1926,44,0.5047936829108876
lncRNA_28883,1909,17,1926,25,0.5400673248573495
lncRNA_6202,1909,16,1925,38,0.549029707952573
lncRNA_17040,1901,22,1923,60,0.5362790782590907
lncRNA_18115,1904,19,1923,60,0.5570993211751386
lncRNA_30480,1912,7,1919,44,0.5434320091781941
lncRNA_19067,1751,165,1916,29,0.48239650319873234
lncRNA_25167,1870,45,1915,29,0.528152783207923
lncRNA_25169,1870,45,1915,29,0.528152783207923
lncRNA_2073,1891,24,1915,42,0.5967695518215215
lncRNA_25168,1870,45,1915,29,0.528152783207923
lncRNA_8664,1902,10,1912,69,0.580751406349169
lncRNA_18294,1865,47,1912,46,0.551383319964165
lncRNA_23324,1860,51,1911,45,0.5832838748357972
lncRNA_2242,1910,0,1910,40,0.5522764209541061
lncRNA_30496,1871,38,1909,47,0.5338474608848969
lncRNA_29895,1881,23,1904,58,0.5784542562898768
lncRNA_32030,1898,5,1903,42,0.5508633195287904
lncRNA_6001,270,1633,1903,54,-0.4219577073292038
lncRNA_2987,1885,18,1903,40,0.5360369544841698
lncRNA_27607,1892,11,1903,42,0.540400665918271
lncRNA_10077,1874,26,1900,48,0.5338249727524849
lncRNA_30597,1853,46,1899,44,0.5306410243454026
lncRNA_32016,1897,0,1897,35,0.5382008626753704
lncRNA_15690,1669,222,1891,46,0.478631310998465
lncRNA_20624,1632,258,1890,52,0.44217479579501345
lncRNA_28884,1873,17,1890,25,0.5400987522127224
lncRNA_27509,1882,7,1889,63,0.5432254588569541
lncRNA_20012,1885,2,1887,55,0.5499898232270953
lncRNA_13128,1849,37,1886,24,0.5346057066645935
lncRNA_12167,1856,30,1886,53,0.5815514810871271
lncRNA_29780,1876,9,1885,56,0.5445189991213066
lncRNA_23154,1866,18,1884,27,0.5361360625403131
lncRNA_22095,1883,1,1884,33,0.5604757298013032
lncRNA_23155,1866,18,1884,27,0.5361360625403131
lncRNA_19707,1871,9,1880,56,0.5470095109122488
lncRNA_7452,1872,4,1876,53,0.5493358994589981
lncRNA_25842,1868,7,1875,61,0.5486487547905018
lncRNA_26300,1871,3,1874,23,0.5440988056530646
lncRNA_29297,1863,9,1872,38,0.5500304760577908
lncRNA_22205,1849,21,1870,71,0.5435001818738827
lncRNA_3816,1700,170,1870,57,0.4948901271471124
lncRNA_29992,1461,409,1870,44,0.3365807978257285
lncRNA_5412,1863,6,1869,43,0.5463967442222498
lncRNA_20489,1865,3,1868,57,0.5381461415969678
lncRNA_6088,1866,2,1868,33,0.5430475908749075
lncRNA_1496,1796,72,1868,28,0.5308772771388479
lncRNA_8803,1808,59,1867,20,0.5196310950813319
lncRNA_8802,1808,59,1867,20,0.5196310950813319
lncRNA_8801,1808,59,1867,20,0.5196310950813319
lncRNA_28250,1863,3,1866,63,0.5645383425611267
lncRNA_11937,1592,273,1865,48,0.44686589950852956
lncRNA_5990,1862,2,1864,55,0.5460921320166333
lncRNA_30509,1856,8,1864,52,0.536200659863938
lncRNA_25835,1852,12,1864,49,0.5494545669241376
lncRNA_10898,1845,18,1863,28,0.5343668583674411
lncRNA_3963,1862,0,1862,68,0.5496091460608533
lncRNA_30851,1859,3,1862,62,0.5537101510302551
lncRNA_18918,634,1228,1862,31,-0.16673908387141426
lncRNA_10643,1860,1,1861,25,0.5405484019656323
lncRNA_14146,1582,278,1860,49,0.4397118033068086
lncRNA_14145,1582,278,1860,49,0.4397118033068086
lncRNA_16051,1858,2,1860,58,0.5852421175740925
lncRNA_16610,1848,10,1858,18,0.5591748934394232
lncRNA_4391,1609,248,1857,52,0.45038522571961076
lncRNA_23904,1853,0,1853,65,0.5373445388384493
lncRNA_28011,1848,2,1850,62,0.5515682389122518
lncRNA_5755,1815,33,1848,36,0.5327475971518336
lncRNA_8643,1212,636,1848,47,0.2071823009928332
lncRNA_19957,1687,158,1845,53,0.5296317413726419
lncRNA_10947,1760,84,1844,41,0.5124737636158486
lncRNA_2072,1821,23,1844,39,0.5958015717857681
lncRNA_29571,1442,402,1844,45,0.36322695691196566
lncRNA_24790,1830,14,1844,34,0.544710739046394
lncRNA_24158,1843,0,1843,27,0.5516121490654106
lncRNA_16583,1809,32,1841,28,0.5286298977371684
lncRNA_28665,1771,66,1837,44,0.5791017254852374
lncRNA_17376,1826,10,1836,20,0.5403142182573126
lncRNA_27072,1825,10,1835,31,0.5461713941396498
lncRNA_16584,1804,31,1835,29,0.5290752296184859
lncRNA_5679,1823,11,1834,35,0.545373356539518
lncRNA_16455,1830,2,1832,56,0.5851305198011867
lncRNA_21414,1817,12,1829,43,0.5994112988784799
lncRNA_25586,1828,0,1828,58,0.5548002542995055
lncRNA_982,1827,1,1828,45,0.554694207627825
lncRNA_20529,733,1091,1824,34,-0.09625494807090287
lncRNA_16364,1811,13,1824,56,0.5340037466289587
lncRNA_21861,1820,2,1822,45,0.5461636893047045
lncRNA_18419,1811,10,1821,14,0.5500393213270147
lncRNA_15377,1819,1,1820,64,0.5480370896091007
lncRNA_30866,1781,38,1819,38,0.5240513154302693
lncRNA_24791,1803,15,1818,34,0.5440982279693919
lncRNA_21223,1815,3,1818,50,0.5483021762828768
lncRNA_24784,1803,15,1818,35,0.5428648602435981
lncRNA_22793,1799,17,1816,61,0.5434895696847846
lncRNA_3187,1813,3,1816,85,0.5672389716548281
lncRNA_11849,1705,109,1814,50,0.5298863317071155
lncRNA_30147,1790,23,1813,62,0.5428270423481774
lncRNA_15558,1813,0,1813,65,0.5524595599130632
lncRNA_19958,1651,162,1813,48,0.5198113765173721
lncRNA_18928,1750,61,1811,51,0.5649709119852735
lncRNA_18927,1750,61,1811,51,0.5649709119852735
lncRNA_32288,1791,19,1810,22,0.5394660638041304
lncRNA_32289,1791,19,1810,22,0.5394660638041304
lncRNA_1145,1790,19,1809,30,0.5330244365840422
lncRNA_5543,1800,8,1808,37,0.540115169515648
lncRNA_4056,1715,93,1808,42,0.5258467219347052
lncRNA_4054,1715,92,1807,42,0.5263580430304309
lncRNA_16467,1802,5,1807,53,0.541476567730672
lncRNA_8191,1805,1,1806,30,0.5477810370609218
lncRNA_11117,1805,0,1805,30,0.5506249762707559
lncRNA_9456,1803,1,1804,16,0.550832800740754
lncRNA_26545,1796,7,1803,27,0.5415726468274289
lncRNA_19955,1636,166,1802,48,0.5218656632240077
lncRNA_20859,1579,222,1801,48,0.4537273453035016
lncRNA_16050,1796,2,1798,56,0.5853193060065397
lncRNA_31938,1790,7,1797,25,0.5404725795452014
lncRNA_19956,1624,171,1795,48,0.5179842538543229
lncRNA_17796,1787,8,1795,18,0.54148275542287
lncRNA_25915,1792,1,1793,55,0.562763068921851
lncRNA_4065,1778,13,1791,41,0.5490057673287216
lncRNA_19820,1780,11,1791,29,0.5487687191031432
lncRNA_25833,1787,4,1791,54,0.5619272557049126
lncRNA_23132,1788,3,1791,25,0.5481894817793753
lncRNA_12166,1757,31,1788,50,0.5793393012571
lncRNA_12165,1757,31,1788,50,0.5793393012571
lncRNA_10817,1786,2,1788,55,0.5505234667634112
lncRNA_12169,1753,34,1787,51,0.5761618133699685
lncRNA_12168,1753,34,1787,51,0.5761618133699685
lncRNA_12170,1753,34,1787,51,0.5761618133699685
lncRNA_7785,1781,6,1787,49,0.5441734951128622
lncRNA_30865,1746,40,1786,39,0.5224800181550626
lncRNA_29263,1751,35,1786,57,0.5349057070296778
lncRNA_3186,1778,6,1784,74,0.5755339396898858
lncRNA_30404,1771,10,1781,42,0.5714971034772621
lncRNA_758,1777,3,1780,40,0.5640396765266126
lncRNA_30340,1563,216,1779,46,0.46633664565186184
lncRNA_6138,1776,3,1779,67,0.5578324779482052
lncRNA_15462,1743,35,1778,52,0.5401493564514128
lncRNA_9741,1701,77,1778,51,0.5435195568524707
lncRNA_2281,1743,35,1778,39,0.5322963554119573
lncRNA_27940,1774,3,1777,31,0.5373073646240295
lncRNA_22537,1766,11,1777,45,0.5370706229101074
lncRNA_10986,1768,8,1776,25,0.5471519062623812
lncRNA_8312,1201,573,1774,40,0.24524460010448304
lncRNA_8313,1201,573,1774,40,0.24524522048990743
lncRNA_28022,33,1739,1772,38,-0.5298756276203949
lncRNA_32229,1751,21,1772,48,0.5329506332477444
lncRNA_32228,1751,21,1772,48,0.5329506332477444
lncRNA_4027,1760,12,1772,67,0.5362048642371235
lncRNA_29741,1761,9,1770,26,0.5449462142586382
lncRNA_29267,736,1033,1769,29,-0.08041539419110666
lncRNA_22373,1763,6,1769,25,0.555618323480743
lncRNA_29266,741,1027,1768,29,-0.07693582018193634
lncRNA_16049,1765,2,1767,56,0.5863084236240237
lncRNA_11983,1764,1,1765,11,0.5435162099684899
lncRNA_8181,1752,12,1764,48,0.545586726638346
lncRNA_20934,1759,3,1762,54,0.5469639370885796
lncRNA_30947,1742,20,1762,38,0.5414301809593279
lncRNA_21415,1752,10,1762,43,0.5996552759825312
lncRNA_6721,1761,1,1762,50,0.5398785235122328
lncRNA_2106,1756,6,1762,70,0.5480090772308691
lncRNA_21499,1740,21,1761,28,0.535435809687236
lncRNA_16513,1755,6,1761,47,0.5684405248963575
lncRNA_12252,1761,0,1761,63,0.5492383882296228
lncRNA_26738,1761,0,1761,33,0.5526710661000382
lncRNA_10496,1734,26,1760,48,0.5412482590632768
lncRNA_26839,1755,5,1760,70,0.5453804114607006
lncRNA_1604,1747,13,1760,51,0.582560648933662
lncRNA_16011,1751,8,1759,33,0.5579262069951527
lncRNA_26519,1677,80,1757,44,0.5150695467316841
lncRNA_24630,1742,15,1757,29,0.5412298828336846
lncRNA_13093,1754,2,1756,44,0.5489903746254533
lncRNA_17324,1754,1,1755,46,0.5733683334600586
lncRNA_399,1747,7,1754,31,0.5495901562252945
lncRNA_17278,1708,46,1754,54,0.549740911194762
lncRNA_8804,1657,97,1754,16,0.49454624272853853
lncRNA_7454,1751,3,1754,43,0.5448781221568857
lncRNA_31580,1749,5,1754,31,0.5481086709071514
lncRNA_21469,1753,0,1753,58,0.5477070596639371
lncRNA_29665,1740,12,1752,22,0.5550437208840846
lncRNA_29667,1740,12,1752,22,0.5550437208840846
lncRNA_24379,1750,2,1752,50,0.5470277286389569
lncRNA_7314,1752,0,1752,63,0.547222696918355
lncRNA_1295,1748,3,1751,64,0.5455292833306753
lncRNA_13276,1746,2,1748,62,0.5562834497263993
lncRNA_4223,1746,1,1747,68,0.5500478590036371
lncRNA_30356,1728,19,1747,66,0.5454677243358902
lncRNA_17757,1705,41,1746,66,0.5275223310714363
lncRNA_17145,1737,8,1745,21,0.5497772203603106
lncRNA_17147,1737,8,1745,21,0.5497772203603106
lncRNA_15694,1741,1,1742,28,0.5656299412948667
lncRNA_16053,1737,4,1741,58,0.584223545349848
lncRNA_29388,1627,112,1739,27,0.4873462542105425
lncRNA_22450,1732,6,1738,62,0.5531538798848463
lncRNA_22977,1734,4,1738,54,0.5518913623345815
lncRNA_31802,1730,6,1736,31,0.5421512351216593
lncRNA_22130,1725,10,1735,40,0.5707321709536783
lncRNA_2773,1720,14,1734,49,0.5472443383101921
lncRNA_12831,1718,16,1734,58,0.54544087945133
lncRNA_12703,1731,3,1734,65,0.5572398501471953
lncRNA_24807,1718,15,1733,31,0.5414722117329374
lncRNA_3115,1733,0,1733,38,0.5535813554081224
lncRNA_11167,1721,10,1731,57,0.542144948019191
lncRNA_30341,1512,218,1730,45,0.46111638492481066
lncRNA_17410,1713,17,1730,53,0.544757589366717
lncRNA_980,1718,11,1729,25,0.5471403063950775
lncRNA_13497,1714,14,1728,57,0.5478039668420358
lncRNA_15457,1713,15,1728,44,0.5645885727193101
lncRNA_3117,1727,0,1727,39,0.5535458595667678
lncRNA_8999,1724,3,1727,49,0.563532279383833
lncRNA_8432,1722,1,1723,43,0.5444328323236921
lncRNA_18899,1669,54,1723,45,0.5334205486123218
lncRNA_22402,1714,9,1723,55,0.5363013714044608
lncRNA_29588,1706,16,1722,25,0.5368243865720729
lncRNA_26183,1707,11,1718,28,0.5364108594888085
lncRNA_12161,1701,16,1717,52,0.5477578146300782
lncRNA_23873,1709,7,1716,34,0.5428019071130202
lncRNA_6844,956,760,1716,36,0.092881272782281
lncRNA_9798,1683,32,1715,29,0.5346745921596581
lncRNA_20674,1715,0,1715,43,0.5508894086724176
lncRNA_23838,1709,5,1714,54,0.5378531725840974
lncRNA_9736,1710,2,1712,48,0.5490173456504143
lncRNA_27894,1708,3,1711,53,0.5434984648658526
lncRNA_3114,1708,0,1708,37,0.5536700149442292
lncRNA_20511,1675,32,1707,56,0.5557891801864422
lncRNA_28187,1572,135,1707,40,0.5374668598568662
lncRNA_16087,1694,12,1706,47,0.5634856837820517
lncRNA_19283,1699,5,1704,46,0.547691509998998
lncRNA_14380,1694,9,1703,38,0.53556739094374
lncRNA_7161,1699,3,1702,68,0.5592833862465185
lncRNA_10536,1690,12,1702,29,0.5439357224806451
lncRNA_15182,1692,7,1699,24,0.5559656747680901
lncRNA_18896,1690,8,1698,17,0.5513879569779787
lncRNA_3078,1643,54,1697,37,0.5205560673002962
lncRNA_30105,1682,14,1696,45,0.5355662418097856
lncRNA_13495,1682,14,1696,59,0.547270746531827
lncRNA_4039,1667,27,1694,39,0.5317999040016953
lncRNA_21306,1621,72,1693,49,0.5407696133674831
lncRNA_17374,1623,70,1693,31,0.5113402310662581
lncRNA_4471,1613,77,1690,22,0.5053822436562122
lncRNA_7036,1683,6,1689,75,0.5679301635734647
lncRNA_20946,1677,12,1689,47,0.5899060732301287
lncRNA_6044,997,692,1689,35,0.1333220704980461
lncRNA_27866,1670,18,1688,57,0.5562730997032915
lncRNA_22779,1680,8,1688,57,0.5558772414969031
lncRNA_7035,1682,6,1688,75,0.5679874046504149
lncRNA_30210,1676,9,1685,54,0.5536384363935605
lncRNA_20784,1194,489,1683,36,0.2773406725439633
lncRNA_11098,1679,3,1682,58,0.5500053380572751
lncRNA_17652,1666,15,1681,34,0.540317759370999
lncRNA_10645,1681,0,1681,27,0.540779964633946
lncRNA_17654,1666,15,1681,34,0.540317759370999
lncRNA_2747,1675,4,1679,19,0.5472506705991481
lncRNA_8753,1352,327,1679,44,0.38796457295303405
lncRNA_22740,1640,39,1679,47,0.5309264338521529
lncRNA_4267,1331,347,1678,41,0.37876520590463997
lncRNA_4268,1331,347,1678,41,0.37876423344651466
lncRNA_5751,1638,39,1677,33,0.5270187724828029
lncRNA_31013,1656,20,1676,45,0.573128351447887
lncRNA_9541,1628,46,1674,33,0.5281237535277267
lncRNA_9898,1628,46,1674,33,0.5281237535277267
lncRNA_3155,1603,70,1673,46,0.5632177520295346
lncRNA_11760,1640,32,1672,16,0.5323657763555756
lncRNA_7441,1509,162,1671,45,0.4783151505562675
lncRNA_16995,1638,32,1670,29,0.5272710261730946
lncRNA_24786,1654,16,1670,27,0.5424065728626285
lncRNA_21310,30,1637,1667,50,-0.5347448559771308
lncRNA_6042,1050,616,1666,36,0.18094461339396672
lncRNA_26656,1661,4,1665,24,0.5434000311833703
lncRNA_27642,1656,8,1664,40,0.5647887141558398
lncRNA_25014,1641,21,1662,48,0.539944942603849
lncRNA_30739,1659,3,1662,50,0.5545509927744697
lncRNA_5760,1645,16,1661,42,0.5417349116861641
lncRNA_6043,1045,614,1659,36,0.1804588669770044
lncRNA_4250,1650,8,1658,45,0.5414350501907513
lncRNA_4278,1650,8,1658,9,0.5414134262301414
lncRNA_22762,1656,2,1658,74,0.5611317611921399
lncRNA_28337,1564,93,1657,48,0.5229096189905835
lncRNA_16456,1652,4,1656,51,0.5859989124286706
lncRNA_26534,1645,10,1655,29,0.5362456111541132
lncRNA_4917,1654,0,1654,38,0.5410933764963343
lncRNA_26303,1650,4,1654,51,0.5545296804000301
lncRNA_31557,1652,0,1652,56,0.5494540587829958
lncRNA_31558,1652,0,1652,56,0.5494540587829958
lncRNA_12188,1652,0,1652,27,0.5482096882291895
lncRNA_6018,1634,17,1651,47,0.5534009798113864
lncRNA_28929,1634,17,1651,19,0.5384362814620933
lncRNA_26658,1645,4,1649,24,0.5433204459809712
lncRNA_22432,1645,4,1649,48,0.5471976621014736
lncRNA_26875,1619,30,1649,38,0.5314049743998011
lncRNA_26657,1645,4,1649,24,0.5433204459809712
lncRNA_5413,1633,15,1648,44,0.5431948542693358
lncRNA_23125,1387,260,1647,50,0.420256909063679
lncRNA_19954,1620,25,1645,41,0.5844923210746581
lncRNA_9481,1612,32,1644,35,0.5500277938431806
lncRNA_20007,1623,17,1640,51,0.5403931345945885
lncRNA_1685,1640,0,1640,38,0.5502790967547975
lncRNA_14635,1633,2,1635,55,0.5383392367691303
lncRNA_27317,1578,56,1634,48,0.5136435531022164
lncRNA_21567,1631,3,1634,46,0.5436330499441682
lncRNA_17679,1516,114,1630,59,0.5197557045603962
lncRNA_15720,1625,1,1626,65,0.5633548263930143
lncRNA_11334,1619,4,1623,58,0.5476445549907735
lncRNA_26533,1613,9,1622,28,0.5366408933508534
lncRNA_16712,1622,0,1622,43,0.5476397695467741
lncRNA_20572,1594,27,1621,54,0.5433675581199996
lncRNA_4757,1614,6,1620,31,0.5416383360923841
lncRNA_8526,1071,548,1619,34,0.22769525942276495
lncRNA_1330,1474,143,1617,46,0.49405546889078267
lncRNA_27870,1600,17,1617,56,0.5555337705584665
lncRNA_19107,1600,17,1617,48,0.56682297971036
lncRNA_27867,1600,17,1617,56,0.5555337705584665
lncRNA_22622,1615,2,1617,38,0.5486076235731039
lncRNA_12070,1613,1,1614,14,0.5467395834891718
lncRNA_24259,1607,6,1613,37,0.5530848947224201
lncRNA_15625,1524,89,1613,59,0.5145473136014815
lncRNA_2040,1608,4,1612,46,0.5460084733223208
lncRNA_10572,1610,1,1611,63,0.5564576487520817
lncRNA_16191,1601,7,1608,27,0.545028103864211
lncRNA_18564,1604,4,1608,39,0.5630246362724658
lncRNA_1331,1458,149,1607,46,0.4897254161651654
lncRNA_30484,1598,8,1606,40,0.5377636367246473
lncRNA_30860,1573,33,1606,28,0.5269375631999824
lncRNA_10859,1600,2,1602,37,0.5463771604342521
lncRNA_26136,1587,11,1598,55,0.5552365376578777
lncRNA_12189,1598,0,1598,28,0.547494907699386
lncRNA_18096,200,1397,1597,19,-0.41048213693127156
lncRNA_30600,1594,3,1597,62,0.561836970790124
lncRNA_4692,1450,146,1596,36,0.5213120073008347
lncRNA_28457,1567,28,1595,22,0.5304693348605374
lncRNA_13041,1563,32,1595,20,0.5233269230384947
lncRNA_11938,1559,36,1595,49,0.546611647017416
lncRNA_16070,1592,3,1595,12,0.5568840938209314
lncRNA_848,1588,6,1594,40,0.5434351933498069
lncRNA_11235,1593,1,1594,59,0.5542344493152283
lncRNA_1262,1588,5,1593,26,0.542992444021693
lncRNA_21222,1593,0,1593,45,0.5487771691117705
lncRNA_1265,1588,5,1593,26,0.542992444021693
lncRNA_19819,1579,14,1593,26,0.5446103904856694
lncRNA_1263,1588,5,1593,26,0.542992444021693
lncRNA_9698,1592,0,1592,26,0.5413675743526082
lncRNA_30495,1546,45,1591,38,0.52595878696211
lncRNA_4988,1559,30,1589,46,0.5615703785900249
lncRNA_8555,103,1486,1589,53,-0.4957443597302078
lncRNA_18331,1519,67,1586,46,0.5614579568441957
lncRNA_2508,1572,14,1586,29,0.5425952574746179
lncRNA_10858,1583,2,1585,39,0.5468544345895293
lncRNA_28296,1485,99,1584,15,0.4893597331605699
lncRNA_27640,1561,22,1583,30,0.5371654227021393
lncRNA_27545,1578,4,1582,27,0.5597166986992844
lncRNA_21226,1577,3,1580,34,0.5459451268368408
lncRNA_6196,103,1477,1580,50,-0.4862316092512342
lncRNA_22819,1573,6,1579,59,0.5626083041435795
lncRNA_24626,1563,15,1578,24,0.5425461398504653
lncRNA_28248,1412,166,1578,36,0.5023745448361403
lncRNA_24627,1563,15,1578,24,0.5425625431061903
lncRNA_31623,1565,12,1577,33,0.541891356134219
lncRNA_15458,1576,1,1577,22,0.561298699441036
lncRNA_10470,1562,15,1577,52,0.5523330767345973
lncRNA_30881,1564,12,1576,34,0.5446411055523107
lncRNA_17767,1573,2,1575,16,0.5401263769086573
lncRNA_060,1569,2,1571,41,0.5566014418828671
lncRNA_28316,1545,26,1571,22,0.5319940070074992
lncRNA_25769,1544,26,1570,65,0.5366342667305165
lncRNA_11932,1559,9,1568,38,0.5539512842802357
lncRNA_28252,1537,31,1568,51,0.5421804114121372
lncRNA_26645,1557,11,1568,44,0.5432774813914839
lncRNA_13330,1564,2,1566,26,0.5431663337406367
lncRNA_7616,1563,2,1565,65,0.5476857765553448
lncRNA_10562,1562,3,1565,83,0.5622237688951878
lncRNA_15721,1563,2,1565,66,0.5641751012747975
lncRNA_12184,1561,1,1562,40,0.5469129955934526
lncRNA_6023,1558,3,1561,47,0.5417906784374313
lncRNA_16454,1560,1,1561,51,0.583945980647996
lncRNA_13059,1528,32,1560,43,0.5344676769795371
lncRNA_16277,1429,131,1560,24,0.47126515406887154
lncRNA_32008,1532,26,1558,55,0.5297784487582367
lncRNA_21444,1557,1,1558,55,0.5425069118622997
lncRNA_20678,1550,7,1557,22,0.5460020186466145
lncRNA_20677,1550,7,1557,22,0.5460020186466145
lncRNA_8993,1553,3,1556,44,0.5503140089790461
lncRNA_13498,1549,6,1555,38,0.5476146395712227
lncRNA_8580,1541,14,1555,23,0.5297382813840403
lncRNA_20108,1549,6,1555,20,0.5559385692322523
lncRNA_6032,1530,25,1555,27,0.5304675565553165
lncRNA_8134,1539,15,1554,55,0.5445483714913301
lncRNA_32380,1551,3,1554,41,0.5406305150820483
lncRNA_29532,1553,0,1553,30,0.5384043814462042
lncRNA_5926,1550,2,1552,39,0.5430068083321428
lncRNA_6878,1551,0,1551,27,0.5436702520827073
lncRNA_923,1540,10,1550,26,0.5525969324800462
lncRNA_15258,1541,8,1549,24,0.5454587585106291
lncRNA_7389,1533,16,1549,39,0.5368392243820789
lncRNA_21590,1548,1,1549,13,0.5491137727970631
lncRNA_20001,1497,51,1548,32,0.5141812179250711
lncRNA_14450,1543,4,1547,29,0.541946660702877
lncRNA_23497,1508,39,1547,46,0.5262967838075046
lncRNA_18881,1536,10,1546,48,0.5458419572670807
lncRNA_21198,1546,0,1546,41,0.5553527103214925
lncRNA_16052,1542,4,1546,46,0.586794425013777
lncRNA_16048,1543,2,1545,46,0.5874820908190787
lncRNA_16047,1542,2,1544,46,0.5873969227637789
lncRNA_24806,1530,14,1544,30,0.539294782855233
lncRNA_10658,1497,47,1544,49,0.5176995280362392
lncRNA_9742,640,903,1543,25,-0.07780428977844778
lncRNA_30598,1538,5,1543,37,0.5453444249806613
lncRNA_28912,1528,14,1542,33,0.5430802357705626
lncRNA_816,1536,6,1542,45,0.5465680665285597
lncRNA_16953,1503,38,1541,20,0.5239829686396855
lncRNA_8872,1252,289,1541,33,0.40860835193633627
lncRNA_924,1530,10,1540,26,0.5525084535269847
lncRNA_30748,1539,1,1540,59,0.5446217961878195
lncRNA_2238,1425,114,1539,41,0.5215739175253081
lncRNA_10563,1535,4,1539,55,0.5520059020824224
lncRNA_21383,1537,2,1539,43,0.5438538645193306
lncRNA_7564,1539,0,1539,48,0.539513699979313
lncRNA_26735,1536,2,1538,47,0.5569100325739296
lncRNA_10860,1535,2,1537,38,0.5459715910835893
lncRNA_32009,1511,26,1537,54,0.5294761014999999
lncRNA_26783,1533,0,1533,49,0.5565609769275675
lncRNA_2649,545,988,1533,25,-0.15481012194120358
lncRNA_057,1471,59,1530,29,0.5153616890795386
lncRNA_15312,1519,11,1530,51,0.5619993954384863
lncRNA_21931,19,1511,1530,34,-0.5326033070476682
lncRNA_24638,1511,18,1529,24,0.5371902095953498
lncRNA_29593,1519,10,1529,47,0.5520713600763061
lncRNA_15456,1465,62,1527,27,0.5192845050482224
lncRNA_4608,1392,135,1527,32,0.5149384091466297
lncRNA_4609,1392,135,1527,32,0.5149384091466297
lncRNA_2870,1519,7,1526,41,0.5619761886908989
lncRNA_21393,1434,92,1526,32,0.5544926644514884
lncRNA_27276,1493,33,1526,18,0.5260490700738384
lncRNA_17018,1517,8,1525,36,0.5406768776015868
lncRNA_19599,1521,2,1523,52,0.5436678097722895
lncRNA_23325,1468,54,1522,36,0.5687820334985019
lncRNA_12382,1507,14,1521,22,0.5396632653110163
lncRNA_2774,1184,337,1521,39,0.34668442663363536
lncRNA_19396,1519,0,1519,33,0.5507464084276281
lncRNA_32006,1496,21,1517,47,0.5325724671335742
lncRNA_23358,1472,45,1517,30,0.518010556949223
lncRNA_8368,1501,15,1516,25,0.5402076013351357
lncRNA_24820,1497,18,1515,24,0.537286140814086
lncRNA_4610,1382,133,1515,33,0.5159897057847346
lncRNA_30862,1480,34,1514,28,0.5255356376016301
lncRNA_19404,581,933,1514,36,-0.1232525464032085
lncRNA_10499,1452,62,1514,25,0.5108146740708551
lncRNA_953,1459,54,1513,37,0.557053904484693
lncRNA_4663,99,1412,1511,41,-0.48183366860164567
lncRNA_9384,1510,1,1511,27,0.5471173797789416
lncRNA_26733,1508,2,1510,37,0.5449456330432912
lncRNA_30861,1476,34,1510,26,0.525208961905956
lncRNA_10607,1424,84,1508,40,0.5004706619806947
lncRNA_6097,1490,18,1508,21,0.5424819044517148
lncRNA_27295,1501,6,1507,22,0.5422405746594298
lncRNA_23351,1498,9,1507,24,0.5426113276833088
lncRNA_4668,1503,1,1504,36,0.5475237295008105
lncRNA_20623,1157,346,1503,35,0.3266543876969623
lncRNA_16504,1438,64,1502,40,0.5419766155001154
lncRNA_27883,1497,1,1498,13,0.5545488262617693
lncRNA_27536,1426,72,1498,13,0.49915856612956466
lncRNA_27535,1426,72,1498,13,0.49915856612956466
lncRNA_24808,1484,13,1497,37,0.5382720461735574
lncRNA_14628,1482,11,1493,31,0.5385007770102573
lncRNA_14627,1482,11,1493,31,0.5385007770102573
lncRNA_10904,1292,201,1493,36,0.464301637204798
lncRNA_19001,1491,1,1492,39,0.551038891154366
lncRNA_26847,1480,11,1491,40,0.5432176329451001
lncRNA_2764,1446,45,1491,27,0.5169957387684162
lncRNA_8291,1472,19,1491,35,0.532539097383278
lncRNA_24792,1473,17,1490,26,0.5388235869387498
lncRNA_16035,1488,2,1490,53,0.544039369054847
lncRNA_27236,1391,99,1490,20,0.48894442439964186
lncRNA_27948,1483,6,1489,42,0.539466715992976
lncRNA_10560,1487,1,1488,69,0.5702551704310099
lncRNA_27150,1479,9,1488,27,0.539003692183967
lncRNA_4664,99,1387,1486,40,-0.48069842820332853
lncRNA_4614,1482,3,1485,21,0.5397690426468921
lncRNA_27565,1478,6,1484,48,0.5391174815060226
lncRNA_30868,1475,9,1484,21,0.5483245567381503
lncRNA_20625,1165,318,1483,36,0.34405390978856765
lncRNA_29528,1316,167,1483,47,0.4494840992588116
lncRNA_7532,1480,1,1481,53,0.5461011722253776
lncRNA_2678,1475,5,1480,57,0.5664813647785545
lncRNA_10680,1479,0,1479,43,0.5458546851104162
lncRNA_18410,1473,5,1478,47,0.547119524697021
lncRNA_1002,1470,8,1478,43,0.542521347931193
lncRNA_7600,1446,32,1478,36,0.529193131186853
lncRNA_5912,1427,51,1478,46,0.5230059467745626
lncRNA_12875,1461,17,1478,35,0.5452581103332572
lncRNA_12872,1461,17,1478,35,0.5452581103332572
lncRNA_5839,1465,12,1477,54,0.5390830827636047
lncRNA_2071,1440,37,1477,32,0.575467709152603
lncRNA_31814,1471,6,1477,48,0.543831388386354
lncRNA_15322,1475,1,1476,24,0.5410666789576076
lncRNA_5951,1469,6,1475,38,0.5445333928827336
lncRNA_7338,1413,61,1474,36,0.5141138106141669
lncRNA_26963,1469,3,1472,29,0.5432825213415119
lncRNA_31332,1465,7,1472,47,0.5409744793404168
lncRNA_23399,1467,3,1470,37,0.5452190966668224
lncRNA_31254,1470,0,1470,52,0.5534233277823508
lncRNA_32221,1441,29,1470,26,0.5362671407806233
lncRNA_18873,1431,38,1469,30,0.5648629956757141
lncRNA_23130,1461,5,1466,37,0.5383443966359537
lncRNA_20049,1419,47,1466,56,0.5244638190228662
lncRNA_25336,1464,0,1464,35,0.5603004314847294
lncRNA_18141,1464,0,1464,52,0.5641790364478162
lncRNA_1018,1458,6,1464,42,0.5427801688311041
lncRNA_12722,1454,8,1462,30,0.5436338201388082
lncRNA_8889,1457,5,1462,36,0.5596899035847894
lncRNA_23688,1444,18,1462,16,0.541800182013933
lncRNA_12274,1452,9,1461,43,0.5466794575570466
lncRNA_19864,1448,12,1460,37,0.542666992546388
lncRNA_28280,1460,0,1460,46,0.5508729878291561
lncRNA_10745,1460,0,1460,25,0.554815019864774
lncRNA_959,1385,72,1457,15,0.49822207586759093
lncRNA_27858,1454,3,1457,41,0.56525896096187
lncRNA_15502,1455,2,1457,19,0.5450148506701592
lncRNA_12716,1435,21,1456,31,0.5304319253845674
lncRNA_15269,1440,16,1456,40,0.5489600404302204
lncRNA_23284,1425,30,1455,41,0.5337399892013552
lncRNA_14577,1450,1,1451,21,0.5428503397589688
lncRNA_2722,1423,27,1450,36,0.5578231710650714
lncRNA_5967,1440,9,1449,25,0.549978524784227
lncRNA_6812,1448,0,1448,43,0.5475367200512645
lncRNA_5536,1409,37,1446,21,0.525307223242863
lncRNA_30831,1435,10,1445,19,0.5472611780154962
lncRNA_10906,1232,208,1440,36,0.452627373427919
lncRNA_15270,1423,16,1439,39,0.5490727994919614
lncRNA_27502,1437,1,1438,40,0.5524697020120934
lncRNA_10905,1230,207,1437,36,0.45303944722319195
lncRNA_26225,1417,19,1436,42,0.536493712454706
lncRNA_23687,1429,6,1435,41,0.5469013036197363
lncRNA_24821,1419,16,1435,22,0.536566883722754
lncRNA_24819,1419,16,1435,22,0.5365585643644551
lncRNA_1605,1416,17,1433,38,0.576623281057623
lncRNA_856,1426,4,1430,48,0.5445588695644157
lncRNA_30389,1424,5,1429,15,0.5547864813995798
lncRNA_18299,1372,53,1425,46,0.5388397036080514
lncRNA_18552,1418,7,1425,23,0.541548256364336
lncRNA_12849,1414,11,1425,25,0.5416596522919277
lncRNA_5773,1407,17,1424,22,0.5421894099365651
lncRNA_1198,1411,13,1424,41,0.5406868803179862
lncRNA_22550,1413,10,1423,34,0.545671398774482
lncRNA_13179,1394,29,1423,51,0.5218497606318364
lncRNA_21609,1416,7,1423,35,0.5919160415001284
lncRNA_29710,1395,27,1422,20,0.5326606991508002
lncRNA_23785,1417,4,1421,41,0.5418372767930644
lncRNA_18551,1413,7,1420,23,0.5416804819377621
lncRNA_20619,671,749,1420,36,-0.022330425966166773
lncRNA_5645,1419,0,1419,49,0.5577006899377516
lncRNA_19677,1386,32,1418,40,0.573383320919984
lncRNA_4539,1397,20,1417,43,0.5374412224583859
lncRNA_29097,1409,8,1417,31,0.5380009749575064
lncRNA_10571,1416,1,1417,56,0.5593069530340741
lncRNA_24795,1393,17,1410,28,0.5389037749333726
lncRNA_10573,1409,1,1410,28,0.5578310194735314
lncRNA_5473,1409,0,1409,26,0.5451783848969931
lncRNA_24796,1391,17,1408,28,0.538904785571138
lncRNA_30832,1397,10,1407,19,0.5451105773998681
lncRNA_17743,1256,150,1406,40,0.46541043231317875
lncRNA_2576,1386,20,1406,41,0.5498818488187104
lncRNA_10564,1403,2,1405,61,0.5571665474503232
lncRNA_17503,1376,27,1403,26,0.5322964161561141
lncRNA_4042,1275,126,1401,27,0.5138302818851139
lncRNA_2575,1381,20,1401,41,0.5498919258900713
lncRNA_30870,1391,9,1400,21,0.5471042794539633
lncRNA_2273,1388,12,1400,34,0.536780948503044
lncRNA_17657,1387,13,1400,22,0.5391816787444085
lncRNA_26431,1380,19,1399,28,0.5394230098162509
lncRNA_27212,1379,19,1398,33,0.5455778412594218
lncRNA_24178,1398,0,1398,41,0.5495990222030306
lncRNA_177,1382,16,1398,25,0.5330156035310061
lncRNA_7343,1391,5,1396,39,0.548835845765796
lncRNA_4328,1392,4,1396,29,0.5388891565641176
lncRNA_13030,1378,18,1396,37,0.5413684376229148
lncRNA_26179,1366,30,1396,35,0.5286236941456217
lncRNA_22449,1392,3,1395,34,0.5534844006804431
lncRNA_29474,1394,1,1395,43,0.5653903340635581
lncRNA_12110,1386,7,1393,37,0.5415239416016707
lncRNA_13544,1376,17,1393,29,0.5313644253530426
lncRNA_19987,1349,43,1392,32,0.5168150115773192
lncRNA_14366,1381,11,1392,34,0.5414261058393504
lncRNA_4043,1264,127,1391,26,0.5120733743671496
lncRNA_13792,1372,19,1391,9,0.5239394877885896
lncRNA_17658,1377,13,1390,23,0.5390181366223482
lncRNA_26646,1381,9,1390,41,0.5426923728906103
lncRNA_26332,1360,30,1390,33,0.5284941599132342
lncRNA_17987,964,425,1389,30,0.2526578574336497
lncRNA_24782,1371,17,1388,22,0.5388623066866998
lncRNA_12860,1382,3,1385,64,0.5449126547766834
lncRNA_19897,1375,9,1384,65,0.5418809083187434
lncRNA_25909,1382,2,1384,44,0.5467041553585186
lncRNA_9473,1364,19,1383,35,0.5393048092798409
lncRNA_9472,1364,19,1383,35,0.5393048092798409
lncRNA_17988,950,428,1378,30,0.24676552743769348
lncRNA_24492,1366,11,1377,25,0.5411337611893395
lncRNA_29375,1365,11,1376,54,0.5446399930241466
lncRNA_19659,1367,8,1375,25,0.5450547386121879
lncRNA_23166,1294,81,1375,9,0.49041542035811553
lncRNA_6195,107,1267,1374,44,-0.46782587414682125
lncRNA_14101,1372,1,1373,39,0.5453300386985095
lncRNA_18979,1323,50,1373,21,0.5167893005250814
lncRNA_20051,1344,28,1372,36,0.5477783396357583
lncRNA_26151,1370,1,1371,33,0.5541490932705122
lncRNA_21587,1370,0,1370,36,0.5502195375782123
lncRNA_2840,1349,20,1369,36,0.5695203715046482
lncRNA_27865,1315,54,1369,54,0.5236120905968258
lncRNA_8201,1368,1,1369,27,0.5397117159268411
lncRNA_26394,1358,11,1369,45,0.5377906197268676
lncRNA_4936,1369,0,1369,48,0.5502637888891521
lncRNA_18158,1366,3,1369,47,0.5652446933764925
lncRNA_8202,1368,1,1369,27,0.5397117159268411
lncRNA_9960,1367,1,1368,21,0.5430485112482729
lncRNA_23546,1363,5,1368,60,0.5472106020700764
lncRNA_16283,1248,117,1365,36,0.4877069144043673
lncRNA_18236,1354,10,1364,33,0.5425260294321648
lncRNA_30539,1354,10,1364,33,0.5381464736284574
lncRNA_18981,1310,52,1362,21,0.5144701302994987
lncRNA_19004,1125,237,1362,32,0.4036405612633458
lncRNA_11850,1078,283,1361,29,0.36275294490277543
lncRNA_29810,1354,6,1360,37,0.5438547906831399
lncRNA_23756,1353,6,1359,59,0.5617644570039033
lncRNA_13464,1352,4,1356,38,0.5490134045466122
lncRNA_8152,1351,4,1355,21,0.5462946882317188
lncRNA_1056,1351,3,1354,40,0.5449783579974984
lncRNA_2694,1344,8,1352,28,0.5387620979172055
lncRNA_26970,1351,0,1351,51,0.5543897772106129
lncRNA_6279,1350,1,1351,34,0.538946496869935
lncRNA_20772,1049,300,1349,31,0.34480309249585794
lncRNA_10480,1345,2,1347,36,0.5549088897243112
lncRNA_6127,1290,56,1346,34,0.512101342268473
lncRNA_1579,456,890,1346,32,-0.17972730890972421
lncRNA_15008,1340,5,1345,38,0.5590272369455076
lncRNA_6063,1336,9,1345,19,0.5441674041656861
lncRNA_31236,1344,0,1344,47,0.5644890148099707
lncRNA_19856,1340,4,1344,47,0.5568345885881779
lncRNA_13280,1339,5,1344,35,0.5427184761060664
lncRNA_5546,1236,106,1342,30,0.5217460016184685
lncRNA_26409,1054,288,1342,32,0.3243996238423103
lncRNA_17531,1326,15,1341,40,0.5392466954746127
lncRNA_17532,1326,15,1341,40,0.5392466954746127
lncRNA_3504,1314,25,1339,22,0.5326834889368642
lncRNA_5805,1328,11,1339,25,0.5440018780995513
lncRNA_5952,1324,15,1339,37,0.5406783145526053
lncRNA_1199,1323,15,1338,39,0.539388231056602
lncRNA_17615,1335,3,1338,34,0.5455490769832992
lncRNA_28852,1314,24,1338,18,0.5229902128715428
lncRNA_10495,1292,45,1337,34,0.5180151840293779
lncRNA_30852,1249,88,1337,37,0.5077107029286199
lncRNA_24596,1314,23,1337,27,0.5315211838862821
lncRNA_26944,1332,5,1337,17,0.5390798762636391
lncRNA_18437,1328,8,1336,36,0.5404992891453383
lncRNA_21189,1313,23,1336,47,0.5251939115453025
lncRNA_23201,1312,24,1336,43,0.5299139830181652
lncRNA_21190,1313,23,1336,47,0.5251939115453025
lncRNA_24403,1325,10,1335,22,0.545150964756436
lncRNA_8883,1309,26,1335,31,0.5925388336638149
lncRNA_8132,1330,4,1334,30,0.564750478432535
lncRNA_8133,1330,4,1334,30,0.564750478432535
lncRNA_18121,1310,21,1331,44,0.5370455491555899
lncRNA_10907,1103,228,1331,33,0.4212659777324357
lncRNA_8613,1136,195,1331,20,0.4104193800514274
lncRNA_17314,1329,1,1330,50,0.5470022629339318
lncRNA_1885,1282,48,1330,19,0.5096844530331543
lncRNA_2405,1305,25,1330,54,0.539263964737387
lncRNA_22623,1319,11,1330,30,0.5429212083731406
lncRNA_9870,1329,0,1329,35,0.544603417066661
lncRNA_27486,1319,9,1328,47,0.5403588952219207
lncRNA_22743,1325,2,1327,29,0.5554276519173901
lncRNA_12921,1314,13,1327,39,0.5422159163419651
lncRNA_19140,1272,54,1326,34,0.5159478842343631
lncRNA_16057,1295,30,1325,63,0.5223895957970365
lncRNA_19676,1294,30,1324,38,0.5743179879254658
lncRNA_26309,1303,20,1323,49,0.547015797434802
lncRNA_1580,445,874,1319,31,-0.18172158705901645
lncRNA_22766,1294,24,1318,10,0.527655732853052
lncRNA_10635,1316,2,1318,48,0.5412995244658334
lncRNA_10500,1252,66,1318,25,0.5006560946129477
lncRNA_9029,1316,2,1318,29,0.5487503053169327
lncRNA_5471,1298,19,1317,18,0.539865648890287
lncRNA_27349,1316,0,1316,52,0.5529086835035619
lncRNA_7315,1315,1,1316,44,0.5465502971724602
lncRNA_346,1305,7,1312,53,0.5409582103581362
lncRNA_13463,1303,9,1312,39,0.5433209704125914
lncRNA_740,1301,11,1312,23,0.5383156745374995
lncRNA_6901,1311,0,1311,29,0.5444358257040951
lncRNA_27577,1302,8,1310,29,0.5407912281083659
lncRNA_12681,1308,2,1310,43,0.5489528706853322
lncRNA_17169,1295,12,1307,23,0.5372928473596222
lncRNA_24803,1291,16,1307,25,0.5381297991568781
lncRNA_30344,173,1134,1307,32,-0.40935212023982026
lncRNA_24805,1291,15,1306,23,0.53715891712885
lncRNA_13481,1290,16,1306,52,0.5392402934880441
lncRNA_25296,1295,11,1306,11,0.5343156954427929
lncRNA_24802,1289,16,1305,25,0.5380006770110443
lncRNA_24163,1301,3,1304,40,0.5474918399626821
lncRNA_27514,1289,14,1303,36,0.5357154271995629
lncRNA_056,1237,63,1300,24,0.5017505008653168
lncRNA_8232,1291,7,1298,19,0.544741848247549
lncRNA_12271,1278,18,1296,37,0.5451789323357229
lncRNA_24646,1286,9,1295,41,0.5357209475162338
lncRNA_14663,1275,19,1294,20,0.5364785902950455
lncRNA_7104,1289,5,1294,13,0.5442009993514041
lncRNA_16046,1292,1,1293,41,0.5843770788410495
lncRNA_10467,993,300,1293,30,0.35041830455893613
lncRNA_1869,979,314,1293,31,0.332872138043541
lncRNA_18760,1284,8,1292,28,0.5344323290992911
lncRNA_30405,997,295,1292,31,0.3347820219003101
lncRNA_10468,993,299,1292,30,0.35109582079838425
lncRNA_14578,1291,1,1292,19,0.5424918959306421
lncRNA_14691,1287,4,1291,27,0.5343855856708416
lncRNA_20586,1268,23,1291,39,0.5300826224792329
lncRNA_18377,1283,6,1289,27,0.5442670411474322
lncRNA_25343,1285,1,1286,40,0.5482139424069744
lncRNA_32222,1259,27,1286,25,0.5331105177529812
lncRNA_23274,1284,2,1286,38,0.5630159056758977
lncRNA_12256,1265,20,1285,42,0.522334016060056
lncRNA_32175,1270,14,1284,19,0.5385086252960806
lncRNA_1502,1275,7,1282,40,0.5463065666847674
lncRNA_19950,1277,5,1282,55,0.5509068251177961
lncRNA_16330,1232,50,1282,25,0.5103788584691636
lncRNA_13660,1219,63,1282,21,0.5011687188443881
lncRNA_13661,1219,63,1282,21,0.5011687188443881
lncRNA_17037,1266,16,1282,28,0.5346094841225036
lncRNA_22690,1272,9,1281,36,0.5373549551201194
lncRNA_5498,1216,63,1279,31,0.5155025218003493
lncRNA_30853,1200,79,1279,34,0.5105854077336797
lncRNA_27070,1265,14,1279,37,0.5428064731570323
lncRNA_30854,1200,79,1279,34,0.510530045799154
lncRNA_30855,1200,79,1279,34,0.510530045799154
lncRNA_4155,1272,7,1279,40,0.5356311289395486
lncRNA_9906,1187,90,1277,34,0.4786935584218421
lncRNA_24454,1228,48,1276,27,0.5509428321528744
lncRNA_636,1265,11,1276,29,0.5461959087326271
lncRNA_13525,1245,29,1274,48,0.5314614744407219
lncRNA_19949,1269,5,1274,58,0.5507892024625564
lncRNA_8233,1267,7,1274,19,0.5440144617023984
lncRNA_18123,1268,4,1272,40,0.5769956174289864
lncRNA_4891,1260,12,1272,37,0.5424061642303819
lncRNA_4893,1259,12,1271,37,0.5425684041167093
lncRNA_4892,1259,12,1271,37,0.5425684041167093
lncRNA_22714,1169,102,1271,43,0.4939912492105003
lncRNA_11878,1233,37,1270,15,0.521491693132608
lncRNA_17765,1134,135,1269,37,0.47465124821240223
lncRNA_17766,1133,135,1268,37,0.47463803353310885
lncRNA_24798,1251,16,1267,25,0.5374726366345477
lncRNA_22862,1258,9,1267,29,0.5400782160364299
lncRNA_5997,1246,21,1267,20,0.5397618721611614
lncRNA_24799,1251,16,1267,25,0.5374726366345477
lncRNA_6861,1265,2,1267,62,0.5449832300277906
lncRNA_17711,1265,1,1266,55,0.5613200892597148
lncRNA_7601,1232,33,1265,30,0.5251266728160483
lncRNA_15676,1100,165,1265,30,0.4574963667290946
lncRNA_15437,1100,165,1265,30,0.4575294489817889
lncRNA_15436,1099,165,1264,30,0.45759945440902344
lncRNA_21831,1262,1,1263,35,0.5342452120339732
lncRNA_14664,1249,14,1263,17,0.5396215382802998
lncRNA_27955,1257,6,1263,32,0.5382596167577054
lncRNA_12150,1245,17,1262,39,0.5546761818025375
lncRNA_32375,1245,14,1259,21,0.5402555698404362
lncRNA_10501,1191,68,1259,21,0.49588729538792947
lncRNA_18872,1195,64,1259,27,0.5371862770870535
lncRNA_19403,953,304,1257,29,0.3039300626002831
lncRNA_13501,1249,7,1256,32,0.5444853287336482
lncRNA_20061,1251,4,1255,27,0.539148567490127
lncRNA_26747,1255,0,1255,21,0.5566242379706619
lncRNA_16555,1245,10,1255,14,0.5295330645311478
lncRNA_11138,1245,10,1255,50,0.57479294086952
lncRNA_13505,1247,7,1254,32,0.5443218783970856
lncRNA_13507,1247,7,1254,32,0.5443218783970856
lncRNA_12224,1251,2,1253,47,0.564197442258618
lncRNA_13502,1246,7,1253,32,0.5443529151109434
lncRNA_29264,1196,56,1252,40,0.5013550505137423
lncRNA_23343,1237,15,1252,14,0.5400637859696942
lncRNA_23344,1237,15,1252,14,0.5400637859696942
lncRNA_25912,1238,14,1252,45,0.5402373866329969
lncRNA_30406,954,298,1252,30,0.3215372379608816
lncRNA_14253,1249,3,1252,14,0.5469635474262708
lncRNA_23346,1237,15,1252,14,0.5400637859696942
lncRNA_23345,1237,15,1252,14,0.5400637859696942
lncRNA_3202,1229,22,1251,14,0.5317622583304515
lncRNA_19253,1202,49,1251,39,0.5219055892907226
lncRNA_7137,1243,8,1251,53,0.5467236930802019
lncRNA_3859,1238,13,1251,10,0.5366567970160283
lncRNA_12200,1248,1,1249,25,0.5494843524993912
lncRNA_18243,1242,7,1249,26,0.5513715706644271
lncRNA_20969,1240,9,1249,20,0.529273810727055
lncRNA_4606,1117,131,1248,24,0.4958873160348355
lncRNA_29515,1230,17,1247,27,0.5553054437424351
lncRNA_29934,1244,3,1247,37,0.546207165317549
lncRNA_30342,1075,169,1244,31,0.44285833710720235
lncRNA_25236,1237,7,1244,25,0.5447041150180049
lncRNA_31256,1240,3,1243,18,0.5443015136816333
lncRNA_233,1234,6,1240,35,0.5530416470513334
lncRNA_6290,1224,16,1240,37,0.5360603723777857
lncRNA_19595,1238,1,1239,30,0.5375562657346407
lncRNA_6573,979,260,1239,28,0.3690235248298853
lncRNA_22155,1239,0,1239,60,0.5487302994536525
lncRNA_30498,1187,51,1238,28,0.5123760252478573
lncRNA_12697,1215,22,1237,49,0.5398493613564751
lncRNA_7395,1224,12,1236,39,0.5526200386263088
lncRNA_781,1231,3,1234,27,0.5407889077926907
lncRNA_7619,1226,6,1232,50,0.5614891391187011
lncRNA_14163,1228,3,1231,61,0.5422514330966605
lncRNA_4932,1230,1,1231,38,0.5669486968461477
lncRNA_14669,1222,9,1231,27,0.5390746746463726
lncRNA_22741,1230,1,1231,16,0.5429592809715631
lncRNA_24793,1215,15,1230,21,0.5365042832974747
lncRNA_24170,1208,21,1229,26,0.5255382523993566
lncRNA_12644,1219,10,1229,33,0.546541773182271
lncRNA_5775,1228,0,1228,43,0.5407992471860991
lncRNA_12575,1165,63,1228,35,0.5043079142686686
lncRNA_16438,1202,25,1227,26,0.5285275429252622
lncRNA_13500,1220,6,1226,31,0.5453846894261575
lncRNA_14985,1208,16,1224,52,0.5454207431254148
lncRNA_12201,1223,1,1224,25,0.5496566213841085
lncRNA_25975,1193,31,1224,31,0.5361426009025198
lncRNA_26945,1200,24,1224,23,0.5251704994899207
lncRNA_10396,1209,12,1221,55,0.5451904297925736
lncRNA_10397,1209,12,1221,55,0.5451904297925736
lncRNA_25690,1201,19,1220,61,0.5381677310030856
lncRNA_25691,1201,19,1220,61,0.5382859183662423
lncRNA_849,962,257,1219,26,0.3642440972725763
lncRNA_18449,1215,4,1219,40,0.5678350176070304
lncRNA_25131,1178,41,1219,22,0.5166756894810819
lncRNA_7603,1186,33,1219,28,0.5241991523123719
lncRNA_32181,1167,50,1217,22,0.5121020592550264
lncRNA_15433,1123,94,1217,32,0.49750054725585674
lncRNA_10608,1137,80,1217,32,0.4850641861991704
lncRNA_10400,507,710,1217,23,-0.06926914588466115
lncRNA_11121,1188,28,1216,36,0.5256249126600652
lncRNA_11112,1192,24,1216,35,0.543622762914202
lncRNA_3818,1210,5,1215,33,0.5434448884339551
lncRNA_3819,1210,5,1215,33,0.5434448884339551
lncRNA_22131,1025,188,1213,24,0.410813507309113
lncRNA_25606,1200,13,1213,41,0.5366894002095114
lncRNA_10612,1131,81,1212,32,0.48360689667620244
lncRNA_32371,1194,18,1212,30,0.5353661386396994
lncRNA_10610,1131,81,1212,32,0.48360689667620244
lncRNA_10614,1131,81,1212,32,0.48360689667620244
lncRNA_10609,1132,80,1212,32,0.4844174427829088
lncRNA_1010,1205,6,1211,34,0.5526706556561503
lncRNA_30089,1202,8,1210,36,0.5436520260481098
lncRNA_12927,1203,6,1209,26,0.54426559864683
lncRNA_24584,1190,19,1209,40,0.5296896367351294
lncRNA_31549,1202,7,1209,39,0.5380527949351447
lncRNA_31562,1206,2,1208,26,0.5433441226935645
lncRNA_16688,1196,11,1207,32,0.5387996320353162
lncRNA_10615,1126,81,1207,32,0.4832807818256774
lncRNA_16689,1196,11,1207,32,0.5387996320353162
lncRNA_24794,1189,16,1205,20,0.535553448516944
lncRNA_940,1184,20,1204,25,0.5271620019892072
lncRNA_22698,1176,28,1204,16,0.5363283890332039
lncRNA_28211,1170,32,1202,32,0.524786120345031
lncRNA_11140,1194,8,1202,50,0.579842305413743
lncRNA_11139,1194,8,1202,50,0.5798162046905186
lncRNA_24801,1186,15,1201,24,0.5364498799422327
lncRNA_13504,1198,3,1201,33,0.5460917308544523
lncRNA_8479,1185,15,1200,44,0.5383594824230747
lncRNA_26290,1124,73,1197,21,0.49666637020360954
lncRNA_15271,1178,18,1196,30,0.5424241987072518
lncRNA_26157,1194,0,1194,39,0.53711044117628
lncRNA_11230,1180,14,1194,23,0.5368940630290592
lncRNA_28418,1183,11,1194,24,0.5369664590068375
lncRNA_19231,1184,9,1193,31,0.5495016766828479
lncRNA_27808,1183,8,1191,4,0.535103148051206
lncRNA_22181,835,356,1191,19,0.2640255271607427
lncRNA_14579,1189,1,1190,19,0.5416245031808252
lncRNA_7573,1181,8,1189,29,0.5341339316492218
lncRNA_10638,1185,3,1188,43,0.5502144131265272
lncRNA_26765,1186,2,1188,41,0.5506172513462996
lncRNA_16329,1137,50,1187,23,0.505395997085443
lncRNA_14586,1180,7,1187,43,0.5364113787144742
lncRNA_11179,1186,1,1187,25,0.5347943605577783
lncRNA_20084,654,532,1186,22,0.08665531838799084
lncRNA_8538,1184,2,1186,37,0.5387938752887406
lncRNA_20847,1174,11,1185,37,0.5300568878166763
lncRNA_16640,1181,2,1183,18,0.5349938246786391
lncRNA_17681,897,285,1182,34,0.3175459657587199
lncRNA_2460,1173,9,1182,31,0.5407815328476414
lncRNA_29483,1182,0,1182,29,0.5371677929499873
lncRNA_18925,1126,55,1181,26,0.5013636787900383
lncRNA_22160,1125,55,1180,23,0.5072291273304188
lncRNA_13551,1168,12,1180,36,0.5423897031870063
lncRNA_10913,1168,10,1178,41,0.5526051859697136
lncRNA_23503,1143,34,1177,14,0.5239651454788102
lncRNA_11113,1146,30,1176,34,0.5370368581163938
lncRNA_6443,1173,2,1175,7,0.5417273364441513
lncRNA_27608,1164,11,1175,28,0.5396866849453267
lncRNA_25689,1155,19,1174,59,0.5374129627396788
lncRNA_13494,1170,4,1174,26,0.5460651475756995
lncRNA_32180,1124,49,1173,21,0.5124953046507329
lncRNA_15298,1160,12,1172,25,0.533686094396662
lncRNA_11765,1135,36,1171,22,0.5161394085953733
lncRNA_5352,1162,9,1171,41,0.5472409533490564
lncRNA_5910,1162,9,1171,41,0.5472409533490564
lncRNA_4073,1169,1,1170,29,0.5574606144564236
lncRNA_26491,1121,46,1167,40,0.5303013988656314
lncRNA_11669,1137,30,1167,36,0.5431420765862016
lncRNA_10606,1156,9,1165,48,0.5789719231354036
lncRNA_092,969,195,1164,28,0.41945360630291284
lncRNA_14085,1141,22,1163,20,0.5304565312994639
lncRNA_1500,1155,7,1162,37,0.5457443931675892
lncRNA_12760,1159,3,1162,30,0.547647251417872
lncRNA_16896,1124,37,1161,19,0.513195485058787
lncRNA_6490,1156,4,1160,20,0.543641525109474
lncRNA_27231,1156,3,1159,43,0.5483831821120994
lncRNA_5661,1129,29,1158,25,0.5180420412340446
lncRNA_27170,1155,3,1158,22,0.5473457408395024
lncRNA_26357,1154,3,1157,39,0.5479578045917469
lncRNA_25688,1137,19,1156,59,0.5375345381147079
lncRNA_18122,1152,3,1155,35,0.5716471934031957
lncRNA_11954,1129,21,1150,36,0.5638824957475735
lncRNA_18140,1148,1,1149,37,0.5754307148626543
lncRNA_11114,1117,29,1146,33,0.5374752124097091
lncRNA_22097,999,146,1145,28,0.44949320646173724
lncRNA_20226,1137,6,1143,24,0.5407276881663167
lncRNA_17680,921,220,1141,36,0.36745194254989927
lncRNA_992,1120,21,1141,26,0.5337461670440555
lncRNA_7569,1138,3,1141,60,0.5458483056223494
lncRNA_8251,1140,0,1140,38,0.547743370747973
lncRNA_20085,724,416,1140,22,0.18555445185427105
lncRNA_22003,1089,49,1138,17,0.5112955863441565
lncRNA_29035,971,166,1137,35,0.43060076772860195
lncRNA_10349,1137,0,1137,19,0.542738876939283
lncRNA_25686,1117,19,1136,58,0.5369623597954467
lncRNA_7656,1132,4,1136,42,0.5454928759022004
lncRNA_25687,1115,19,1134,59,0.5370481621776053
lncRNA_035,1121,12,1133,21,0.5352711972299827
lncRNA_19755,607,526,1133,20,0.06816827950171227
lncRNA_21563,1130,3,1133,39,0.5501175436074507
lncRNA_20575,1116,17,1133,39,0.5337119609256176
lncRNA_13060,1109,23,1132,28,0.5426362752442278
lncRNA_14720,1130,2,1132,15,0.5384228735199474
lncRNA_30770,1124,6,1130,17,0.5333452578689841
lncRNA_7653,1122,5,1127,31,0.545055089036916
lncRNA_16448,1072,53,1125,32,0.5374554040677472
lncRNA_16449,1072,53,1125,32,0.5374217038221216
lncRNA_31259,1123,0,1123,17,0.5428060919709612
lncRNA_23914,1032,91,1123,24,0.4715896374253762
lncRNA_9492,1115,7,1122,51,0.5437623746787054
lncRNA_13040,1078,43,1121,6,0.5064573564431059
lncRNA_26320,1077,44,1121,29,0.5097767893897904
lncRNA_2853,1107,13,1120,40,0.5398218665028806
lncRNA_31721,1090,29,1119,18,0.5263802007459228
lncRNA_26315,1076,43,1119,29,0.5108603990980574
lncRNA_18105,1100,18,1118,28,0.565170429563154
lncRNA_17282,1084,30,1114,21,0.5231826733401475
lncRNA_23127,1077,36,1113,48,0.5284259026000749
lncRNA_24585,1093,18,1111,35,0.528052636997793
lncRNA_31679,1103,8,1111,25,0.5458135572531634
lncRNA_26318,1067,43,1110,29,0.5101211821831165
lncRNA_26168,1067,43,1110,29,0.5105203487257048
lncRNA_30606,1106,4,1110,13,0.5359877150025946
lncRNA_26317,1067,43,1110,29,0.5101211821831165
lncRNA_26166,1065,45,1110,29,0.5084896317233999
lncRNA_13270,1107,1,1108,39,0.5581201184843717
lncRNA_16673,934,174,1108,15,0.3864084904463236
lncRNA_27968,1107,0,1107,34,0.5438931976551137
lncRNA_23481,1104,3,1107,23,0.5464701835714835
lncRNA_16671,933,174,1107,15,0.3865916946281036
lncRNA_30044,1073,34,1107,29,0.5368863024687484
lncRNA_12870,1101,6,1107,13,0.5400383014110436
lncRNA_17683,869,237,1106,32,0.3417579379567537
lncRNA_7605,1069,37,1106,24,0.5185229543177895
lncRNA_19600,1101,5,1106,30,0.5429697354636108
lncRNA_17682,816,289,1105,30,0.29420063008018393
lncRNA_5977,1097,7,1104,26,0.5337804320988523
lncRNA_26383,1102,1,1103,55,0.5482067131744844
lncRNA_8370,1097,6,1103,33,0.5500428743522149
lncRNA_13484,1085,17,1102,42,0.5341352875793145
lncRNA_21297,546,556,1102,25,0.00899627769037838
lncRNA_19728,1059,42,1101,40,0.5303477536682905
lncRNA_22781,1083,17,1100,35,0.5329223115053348
lncRNA_30440,1094,6,1100,26,0.543630425718795
lncRNA_7371,1092,6,1098,29,0.5363004961543449
lncRNA_13531,1094,4,1098,10,0.5401846494182434
lncRNA_5426,1068,29,1097,24,0.5810044837740381
lncRNA_12677,1097,0,1097,37,0.5564139013314982
lncRNA_26717,1093,3,1096,43,0.5499992312717275
lncRNA_26713,1093,3,1096,43,0.5499992312717275
lncRNA_26711,1093,3,1096,43,0.5499992312717275
lncRNA_11598,1095,1,1096,35,0.5432632283080744
lncRNA_22443,1087,9,1096,18,0.5429980576349424
lncRNA_8699,1054,41,1095,28,0.5125995638359463
lncRNA_2070,1078,16,1094,9,0.5373358577233819
lncRNA_17366,1081,11,1092,24,0.5354891808392668
lncRNA_23803,1074,18,1092,20,0.5306623695370838
lncRNA_17671,1091,1,1092,38,0.558871111555203
lncRNA_380,1065,27,1092,8,0.5351956172913813
lncRNA_034,1079,12,1091,19,0.535611208760847
lncRNA_7367,1085,6,1091,29,0.53632232172767
lncRNA_27188,1011,78,1089,28,0.48218294058193
lncRNA_10861,1087,2,1089,33,0.544679379511359
lncRNA_27534,1063,25,1088,10,0.5269810648591617
lncRNA_8200,1081,4,1085,18,0.5555820593795316
lncRNA_28285,1081,4,1085,32,0.548157803277768
lncRNA_31469,1066,18,1084,23,0.5381600775357289
lncRNA_3159,1069,15,1084,25,0.5774117599369573
lncRNA_23186,1083,1,1084,34,0.5582682277409153
lncRNA_11812,1051,32,1083,24,0.5584588609744361
lncRNA_32230,1056,26,1082,24,0.5190400122505094
lncRNA_2756,1069,12,1081,27,0.5362613380725783
lncRNA_20502,1043,37,1080,35,0.5122798391369883
lncRNA_20114,1064,16,1080,19,0.5306966581598178
lncRNA_25620,1044,35,1079,35,0.5189986116992237
lncRNA_14684,1071,7,1078,36,0.5376881200012886
lncRNA_8500,945,133,1078,15,0.4215605397298725
lncRNA_25602,1076,2,1078,39,0.5471526029274695
lncRNA_30483,1064,12,1076,25,0.534704957617773
lncRNA_559,1017,59,1076,30,0.49036654340202734
lncRNA_30863,1031,44,1075,16,0.505094570690852
lncRNA_5660,1041,34,1075,19,0.5127557318408824
lncRNA_30219,990,84,1074,27,0.4951217459189177
lncRNA_28183,1074,0,1074,25,0.5375429039261977
lncRNA_4352,1043,30,1073,30,0.51875274137287
lncRNA_16045,1072,0,1072,30,0.5873616291950192
lncRNA_15677,880,192,1072,24,0.3958971728247291
lncRNA_22727,1065,7,1072,16,0.5396747187154729
lncRNA_12739,1069,3,1072,24,0.5457635601166606
lncRNA_5617,1048,24,1072,16,0.53072979841308
lncRNA_7646,1062,10,1072,36,0.5497566064922793
lncRNA_23349,1064,8,1072,20,0.5422791055900804
lncRNA_8296,1066,6,1072,15,0.5395064397128657
lncRNA_22691,1065,6,1071,13,0.5346801000499986
lncRNA_23275,1069,1,1070,21,0.5658580939308908
lncRNA_12615,952,118,1070,33,0.4651065400786849
lncRNA_15468,1059,9,1068,22,0.5397513155827529
lncRNA_23063,1066,1,1067,22,0.5366302836636145
lncRNA_9312,1051,16,1067,48,0.5399947903166789
lncRNA_17168,1047,19,1066,21,0.5286003565993662
lncRNA_12920,1039,25,1064,30,0.528861928540026
lncRNA_31680,1056,8,1064,24,0.5454827468013648
lncRNA_7016,1062,1,1063,24,0.5435806764650081
lncRNA_2618,1057,4,1061,39,0.5358233017892162
lncRNA_295,929,131,1060,13,0.427727728891913
lncRNA_13550,1035,25,1060,30,0.5288704998406921
lncRNA_15550,1031,28,1059,29,0.5224944987445392
lncRNA_8473,1018,40,1058,21,0.5097432151320889
lncRNA_6268,1048,10,1058,17,0.5416606142224186
lncRNA_26967,1052,5,1057,33,0.5538016910814066
lncRNA_26968,1052,5,1057,33,0.5538016910814066
lncRNA_1765,1025,31,1056,16,0.5367308230780377
lncRNA_22566,1046,10,1056,31,0.5380031356232882
lncRNA_19729,1011,43,1054,37,0.5286173852617954
lncRNA_293,967,87,1054,12,0.46991790449619025
lncRNA_22638,1049,4,1053,29,0.5471996689491903
lncRNA_9856,831,221,1052,27,0.34620385735852743
lncRNA_26378,1037,15,1052,15,0.531371688174557
lncRNA_19254,989,62,1051,31,0.5051704878377327
lncRNA_13131,1023,28,1051,16,0.5262256642370376
lncRNA_13509,1043,6,1049,21,0.5423606365938977
lncRNA_24800,1033,15,1048,21,0.534693262549789
lncRNA_22637,1045,3,1048,24,0.5459319045781762
lncRNA_297,880,168,1048,16,0.3900172804727529
lncRNA_10883,1041,5,1046,39,0.5384340348087941
lncRNA_15938,1031,15,1046,33,0.5514183432134551
lncRNA_21453,1045,0,1045,35,0.5395822608066801
lncRNA_25259,1021,24,1045,27,0.5377895333621368
lncRNA_28024,1033,11,1044,41,0.5368637895333533
lncRNA_27183,1032,12,1044,19,0.5305493212722767
lncRNA_296,876,168,1044,16,0.3890604788251935
lncRNA_23396,1039,5,1044,30,0.5478641496170045
lncRNA_26849,1031,13,1044,25,0.5382966412473795
lncRNA_1317,899,145,1044,33,0.42160258722075367
lncRNA_29301,1031,12,1043,21,0.5485979440811004
lncRNA_13759,1020,23,1043,25,0.52145989796059
lncRNA_27288,1041,2,1043,24,0.5559238245669514
lncRNA_15497,1040,2,1042,28,0.5439504739253193
lncRNA_5372,1019,22,1041,39,0.523172892842661
lncRNA_25083,1039,1,1040,21,0.5486122683539132
lncRNA_4249,1016,24,1040,19,0.5231522365567708
lncRNA_7711,892,147,1039,44,0.41041965359072813
lncRNA_2287,990,48,1038,24,0.5313301267999754
lncRNA_20852,742,295,1037,18,0.2739059982699754
lncRNA_19899,1018,19,1037,30,0.5352184203615487
lncRNA_11184,1036,1,1037,30,0.5427510352714209
lncRNA_18423,1034,3,1037,23,0.5400280049926646
lncRNA_7337,1030,6,1036,26,0.5433167395292
lncRNA_30880,1025,10,1035,21,0.5396734175254928
lncRNA_27591,1032,3,1035,26,0.5369737687300735
lncRNA_31076,1008,26,1034,29,0.5212369531441063
lncRNA_8752,1029,4,1033,19,0.5470322935382267
lncRNA_16094,962,70,1032,23,0.5012890838976096
lncRNA_239,1007,25,1032,23,0.5183870830940636
lncRNA_16097,962,70,1032,23,0.5012890838976096
lncRNA_5941,1022,10,1032,38,0.5458929603886689
lncRNA_4724,1024,7,1031,32,0.5693890511883776
lncRNA_21397,1031,0,1031,27,0.5436757751048181
lncRNA_29090,1014,16,1030,29,0.5322212128304157
lncRNA_20576,1029,1,1030,43,0.545893475809257
lncRNA_12646,1025,3,1028,15,0.5418346898986813
lncRNA_8870,1023,5,1028,26,0.5793066031625637
lncRNA_28737,1008,19,1027,36,0.5247961107893077
lncRNA_6962,1022,5,1027,31,0.5454259486049943
lncRNA_31258,1024,3,1027,21,0.5372472924118259
lncRNA_294,936,90,1026,12,0.4648030238703894
lncRNA_17323,951,75,1026,22,0.47455586305805975
lncRNA_21305,1012,14,1026,20,0.5323690786130815
lncRNA_4157,1016,10,1026,21,0.542007617032572
lncRNA_355,962,63,1025,27,0.4843286519442713
lncRNA_4198,1023,2,1025,30,0.5396889370940614
lncRNA_6286,971,52,1023,11,0.4918812296930235
lncRNA_16095,956,66,1022,22,0.50402483892657
lncRNA_21562,1017,3,1020,29,0.5337947478633505
lncRNA_11137,1008,11,1019,44,0.5701596003388923
lncRNA_6013,990,28,1018,12,0.528753565220966
lncRNA_7087,1003,14,1017,10,0.531633156802413
lncRNA_15719,1012,4,1016,36,0.5626481146398727
lncRNA_27482,1015,1,1016,33,0.5466591957085758
lncRNA_16369,1006,10,1016,33,0.5390032429895731
lncRNA_23280,1001,14,1015,19,0.538061799149317
lncRNA_23279,1001,14,1015,19,0.538061799149317
lncRNA_24629,1001,14,1015,19,0.5362397523290127
lncRNA_30838,1008,6,1014,11,0.5358695070866721
lncRNA_29302,1000,13,1013,22,0.547962549961525
lncRNA_32377,996,17,1013,17,0.5330276168112977
lncRNA_25140,975,35,1010,9,0.5141761316220774
lncRNA_13132,980,29,1009,14,0.5236231212266648
lncRNA_22307,997,12,1009,34,0.5659589125740925
lncRNA_22069,1005,4,1009,39,0.5681615309265682
lncRNA_17284,984,24,1008,23,0.5275011250871567
lncRNA_27483,1006,1,1007,32,0.5471850652716919
lncRNA_18026,959,46,1005,21,0.49871320772919614
lncRNA_947,991,12,1003,39,0.5622139238614667
lncRNA_18980,946,56,1002,14,0.49520523383978016
lncRNA_9524,993,8,1001,38,0.5718777264891491
lncRNA_16672,811,190,1001,14,0.34885953397542757
lncRNA_12970,984,17,1001,38,0.5385023034099762
lncRNA_31331,997,4,1001,31,0.5421828451947445
lncRNA_22668,998,1,999,31,0.5471742528141842
lncRNA_13309,991,8,999,28,0.5337753879101267
lncRNA_5431,987,12,999,43,0.5492273365492439
lncRNA_25960,996,3,999,22,0.5426308330077717
lncRNA_30950,951,48,999,15,0.49240534584812823
lncRNA_19246,940,58,998,14,0.49279914506914474
lncRNA_25603,996,1,997,38,0.5467287467472246
lncRNA_7353,995,1,996,31,0.5529467763392132
lncRNA_22677,970,25,995,12,0.5191085608840755
lncRNA_11851,980,15,995,29,0.5312626754207179
lncRNA_30183,979,15,994,25,0.5402357526439522
lncRNA_3823,495,499,994,17,0.023903810511104177
lncRNA_24159,967,25,992,7,0.5234963545468144
lncRNA_15380,983,9,992,15,0.5355776180165869
lncRNA_28889,971,20,991,11,0.5268450576134249
lncRNA_27494,971,20,991,13,0.5369939246461972
lncRNA_17139,947,44,991,27,0.5115200507294001
lncRNA_23085,979,8,987,28,0.5342377432060544
lncRNA_26946,944,43,987,16,0.4993104142764552
lncRNA_1172,982,4,986,19,0.5398248962705567
lncRNA_28851,954,31,985,12,0.5114025875249705
lncRNA_11209,933,52,985,11,0.49340287819990625
lncRNA_11863,980,5,985,14,0.5401916021824308
lncRNA_30864,940,45,985,17,0.49869801973045136
lncRNA_11208,933,52,985,11,0.49340287819990625
lncRNA_2676,901,83,984,32,0.4884442935079739
lncRNA_19181,689,295,984,10,0.21913649845113675
lncRNA_26224,962,21,983,22,0.533478845077366
lncRNA_2972,980,3,983,39,0.5392619589605182
lncRNA_29435,975,8,983,28,0.5338846616434162
lncRNA_30879,973,10,983,19,0.538574438219235
lncRNA_9796,923,60,983,27,0.49291795254238174
lncRNA_1123,973,9,982,34,0.5535285693781714
lncRNA_7574,979,3,982,22,0.5339394343011515
lncRNA_8687,953,28,981,22,0.5101667729217457
lncRNA_1153,980,0,980,31,0.5417219510904056
lncRNA_27938,450,530,980,15,-0.018676589029378514
lncRNA_9569,840,139,979,19,0.42564531676397865
lncRNA_22934,970,9,979,31,0.534188247622312
lncRNA_17375,959,19,978,19,0.5310474522610125
lncRNA_27110,968,10,978,13,0.5403351620009188
lncRNA_11813,950,28,978,24,0.553256789174949
lncRNA_26972,978,0,978,30,0.5495437013275951
lncRNA_13023,958,19,977,24,0.5295325480447112
lncRNA_4650,785,189,974,21,0.34641531427116684
lncRNA_27279,962,12,974,25,0.5429808838942526
lncRNA_18173,951,20,971,23,0.5262784567183509
lncRNA_11093,961,10,971,38,0.5398561881360826
lncRNA_13499,965,5,970,22,0.5431289428354945
lncRNA_13694,943,27,970,26,0.5129736142913812
lncRNA_6111,928,41,969,12,0.5079825985357661
lncRNA_8528,543,426,969,16,0.09058310366892883
lncRNA_3180,778,191,969,14,0.33379912287251684
lncRNA_7086,953,15,968,7,0.5305493899795126
lncRNA_31546,963,5,968,26,0.5391844432883207
lncRNA_20641,959,9,968,43,0.5408136000825741
lncRNA_28654,907,60,967,22,0.5307379515583851
lncRNA_18413,808,159,967,11,0.4206250151936766
lncRNA_27937,450,516,966,15,-0.011068925579591717
lncRNA_27095,938,27,965,26,0.518067519726948
lncRNA_299,747,215,962,15,0.320727031287281
lncRNA_30220,893,67,960,22,0.5013738016253639
lncRNA_6281,957,3,960,11,0.538336996816006
lncRNA_058,904,56,960,14,0.4869417274614879
lncRNA_298,760,200,960,15,0.337012636416666
lncRNA_20593,939,19,958,30,0.5502335844133092
lncRNA_27582,291,666,957,14,-0.21666402993868164
lncRNA_30231,850,107,957,30,0.4525593083656213
lncRNA_3045,924,32,956,14,0.5173115171410196
lncRNA_17456,931,25,956,17,0.5281334083122629
lncRNA_24583,933,22,955,33,0.5205181656089819
lncRNA_22853,924,31,955,11,0.5171365142786257
lncRNA_17409,937,17,954,28,0.5440753184287991
lncRNA_25141,919,35,954,7,0.5121237633832946
lncRNA_13335,935,16,951,11,0.5320665405122704
lncRNA_12859,950,1,951,36,0.5364834443412748
lncRNA_25681,930,21,951,53,0.5308850041928492
lncRNA_6110,912,39,951,13,0.5090438768864216
lncRNA_18144,949,0,949,35,0.562894363293807
lncRNA_7440,930,18,948,22,0.5275663762629149
lncRNA_741,933,15,948,17,0.5304640318341339
lncRNA_12128,918,30,948,26,0.5434868646880592
lncRNA_12129,918,30,948,26,0.5434868646880592
lncRNA_28849,929,19,948,26,0.5379978805199209
lncRNA_24783,935,12,947,17,0.5363944718983299
lncRNA_4299,945,2,947,36,0.5544861129240599
lncRNA_4139,943,4,947,13,0.5509196329841142
lncRNA_6105,908,38,946,13,0.509421941328048
lncRNA_22403,932,13,945,25,0.5263379096036338
lncRNA_24268,816,128,944,17,0.450673875233019
lncRNA_27575,927,17,944,13,0.526640903904963
lncRNA_26824,905,38,943,9,0.5093636120417214
lncRNA_15379,934,9,943,14,0.5345716415778183
lncRNA_16920,919,24,943,12,0.5278554029379431
lncRNA_12978,894,49,943,28,0.499041789407119
lncRNA_16919,919,24,943,12,0.5278554029379431
lncRNA_6107,905,37,942,13,0.5106967697618231
lncRNA_5523,940,2,942,36,0.5372437105069848
lncRNA_16918,919,23,942,12,0.5290314735912551
lncRNA_6109,905,37,942,13,0.510921942721583
lncRNA_24282,906,33,939,18,0.5177036894938024
lncRNA_29242,934,4,938,26,0.5460688907340197
lncRNA_12745,891,47,938,12,0.497412199041029
lncRNA_15423,932,5,937,32,0.5581502319558705
lncRNA_13334,922,15,937,10,0.5329381718437378
lncRNA_4140,932,4,936,13,0.550151484082956
lncRNA_13333,921,15,936,11,0.5329193924585645
lncRNA_11627,699,237,936,18,0.3125740345930236
lncRNA_16917,911,24,935,11,0.5276931543799106
lncRNA_30181,935,0,935,35,0.5475810326411717
lncRNA_23430,935,0,935,32,0.5663561411209502
lncRNA_31547,929,6,935,25,0.5379845350451368
lncRNA_25055,887,48,935,8,0.5021582638618513
lncRNA_25850,917,16,933,25,0.5268222670182849
lncRNA_4941,813,120,933,13,0.41737857231358005
lncRNA_354,809,124,933,16,0.415658427610219
lncRNA_4044,618,315,933,16,0.21434952289147055
lncRNA_16924,902,30,932,21,0.5260268621650782
lncRNA_6026,609,323,932,21,0.18371932029956306
lncRNA_14151,898,32,930,10,0.5174540026415518
lncRNA_13412,925,5,930,18,0.5361643268836019
lncRNA_31023,925,5,930,29,0.537918294450406
lncRNA_27481,508,422,930,20,0.0688633272321492
lncRNA_1072,916,14,930,28,0.5345020938678243
lncRNA_27613,924,5,929,8,0.5452911160106648
lncRNA_11177,929,0,929,31,0.5399219850220262
lncRNA_21989,929,0,929,26,0.5341248276486606
lncRNA_25044,920,7,927,32,0.5467536745425716
lncRNA_4762,927,0,927,25,0.543086892598185
lncRNA_29265,870,57,927,31,0.479810034700614
lncRNA_22203,926,0,926,34,0.5457912385612237
lncRNA_4372,916,9,925,27,0.5358507831603156
lncRNA_27885,924,0,924,40,0.5506876924161793
lncRNA_1296,923,1,924,38,0.5466827000071546
lncRNA_5596,572,351,923,12,0.12607526378485415
lncRNA_4512,890,33,923,29,0.5171998426469449
lncRNA_24582,882,40,922,17,0.4988301057297547
lncRNA_16595,898,24,922,15,0.5241510757447679
lncRNA_23070,916,4,920,32,0.5724279727330438
lncRNA_6429,916,4,920,27,0.5560933679083182
lncRNA_12217,918,2,920,27,0.5396158735925137
lncRNA_4940,800,119,919,13,0.41556908059327186
lncRNA_11100,917,2,919,23,0.5416268024049921
lncRNA_29124,905,13,918,24,0.5343968048633612
lncRNA_7297,868,50,918,10,0.4973175770950419
lncRNA_29568,915,3,918,25,0.5370856585855104
lncRNA_7298,868,50,918,10,0.4973175770950419
lncRNA_3425,909,8,917,20,0.5273994354170765
lncRNA_6104,878,39,917,13,0.5075211182464839
lncRNA_7059,887,30,917,20,0.5122957225688584
lncRNA_8718,889,27,916,21,0.5299701638558191
lncRNA_19753,709,207,916,22,0.3407265542401114
lncRNA_7181,913,1,914,31,0.5636654236442588
lncRNA_27479,614,299,913,22,0.21415662008339278
lncRNA_13337,898,15,913,11,0.5325342930176934
lncRNA_8042,912,1,913,37,0.5624603703753003
lncRNA_24295,827,85,912,23,0.4905524245794341
lncRNA_2334,911,1,912,37,0.5599075524735886
lncRNA_27187,874,38,912,24,0.5075547719893136
lncRNA_7296,861,50,911,10,0.49707231820094616
lncRNA_26292,904,7,911,29,0.543257004080924
lncRNA_30876,897,14,911,17,0.5343608833343706
lncRNA_13496,906,5,911,21,0.5435915328295454
lncRNA_26293,904,7,911,29,0.543257004080924
lncRNA_2231,894,17,911,22,0.526693329278769
lncRNA_23131,906,4,910,23,0.5310349385929272
lncRNA_2291,710,200,910,17,0.3477764394971915
lncRNA_18599,910,0,910,28,0.5447311074459272
lncRNA_1510,850,60,910,25,0.48794642034327645
lncRNA_20040,880,29,909,34,0.5473306398023212
lncRNA_15992,903,6,909,25,0.5698418312859322
lncRNA_15991,903,6,909,25,0.5698649951379557
lncRNA_15994,903,6,909,25,0.5698418312859322
lncRNA_27480,608,300,908,22,0.21066309076151715
lncRNA_2620,891,17,908,16,0.587705601239734
lncRNA_17517,907,0,907,39,0.553128895346851
lncRNA_21430,905,2,907,19,0.5423802208380274
lncRNA_4120,907,0,907,12,0.539024037562714
lncRNA_27438,907,0,907,21,0.556033727601855
lncRNA_22139,876,31,907,31,0.5065557664799882
lncRNA_9875,575,332,907,10,0.14517347905682265
lncRNA_27437,907,0,907,21,0.556033727601855
lncRNA_17407,893,13,906,27,0.5472149597109408
lncRNA_30952,894,12,906,23,0.5350535114087658
lncRNA_941,882,23,905,21,0.5159693724620882
lncRNA_22404,889,16,905,26,0.5218504600497582
lncRNA_942,882,23,905,21,0.5159693724620882
lncRNA_20947,885,20,905,17,0.5706899817700021
lncRNA_30508,888,16,904,21,0.5275169875130606
lncRNA_8577,879,24,903,31,0.5497728779373664
lncRNA_23438,880,23,903,23,0.5185720365388093
lncRNA_30875,890,13,903,17,0.5351173944261863
lncRNA_9985,794,108,902,13,0.427123119450463
lncRNA_27586,850,52,902,12,0.48372263691634576
lncRNA_22933,900,2,902,29,0.5835660494646643
lncRNA_17390,882,20,902,19,0.5264079704972314
lncRNA_17391,882,20,902,19,0.5264079704972314
lncRNA_19865,888,12,900,13,0.5464912014383606
lncRNA_16196,898,2,900,16,0.540418216036616
lncRNA_4005,877,23,900,21,0.5311389720210319
lncRNA_12139,56,843,899,16,-0.4744839527301222
lncRNA_30420,894,4,898,25,0.5790349298352386
lncRNA_17763,897,1,898,29,0.5468577390445247
lncRNA_26934,866,31,897,28,0.5113732046307041
lncRNA_16921,873,24,897,11,0.5269774948923092
lncRNA_19091,845,51,896,22,0.5397806375607164
lncRNA_2292,742,154,896,16,0.40385514985352033
lncRNA_6332,765,130,895,21,0.43216651837107917
lncRNA_23840,882,12,894,17,0.5284896522973362
lncRNA_8788,247,647,894,24,-0.23796318831075974
lncRNA_19136,849,44,893,8,0.496168377802257
lncRNA_6108,854,39,893,13,0.5058451811122701
lncRNA_19247,831,60,891,12,0.4829335308904926
lncRNA_16282,653,237,890,8,0.25822772138110134
lncRNA_6103,851,39,890,13,0.5056393287952042
lncRNA_6106,851,39,890,13,0.505643706253888
lncRNA_31257,886,3,889,13,0.5417223923247145
lncRNA_18964,882,7,889,15,0.5385262282105556
lncRNA_26825,851,37,888,9,0.5069769688893129
lncRNA_4037,834,54,888,22,0.4794925435770581
lncRNA_8444,872,14,886,13,0.5334987805721693
lncRNA_20050,687,199,886,29,0.3301696432115547
lncRNA_26333,861,23,884,17,0.5246412806893953
lncRNA_32205,866,17,883,16,0.5298157665114617
lncRNA_30070,872,11,883,19,0.5304106141578439
lncRNA_8472,822,60,882,15,0.4739403881139504
lncRNA_6100,842,40,882,12,0.5033764104645219
lncRNA_6101,842,40,882,12,0.5033764104645219
lncRNA_24143,866,15,881,9,0.5298871547220226
lncRNA_30429,872,9,881,27,0.5807534924296062
lncRNA_17027,874,6,880,17,0.5368817048792492
lncRNA_17028,874,6,880,17,0.5368817048792492
lncRNA_24788,867,12,879,14,0.5350395781962941
lncRNA_28653,817,62,879,21,0.5209164637941833
lncRNA_17140,848,30,878,20,0.5255883525031226
lncRNA_6430,873,4,877,26,0.5565207217297841
lncRNA_23807,545,332,877,18,0.15552408038864063
lncRNA_22048,869,8,877,14,0.5359450072436014
lncRNA_12867,859,18,877,17,0.5333451815984073
lncRNA_27977,792,84,876,24,0.4577337390994431
lncRNA_2946,874,2,876,15,0.5307543606833394
lncRNA_20048,699,176,875,30,0.3545245556856688
lncRNA_10856,870,5,875,25,0.5391471861513273
lncRNA_11675,871,4,875,25,0.5394496545199332
lncRNA_17784,873,1,874,13,0.5363882520143715
lncRNA_14047,873,1,874,20,0.5401684400220623
lncRNA_14665,839,34,873,9,0.5091232581445291
lncRNA_7399,870,3,873,8,0.5408094809971198
lncRNA_25099,802,71,873,10,0.4666952669694785
lncRNA_1038,846,26,872,24,0.5136087112317591
lncRNA_16529,848,23,871,21,0.5273461425534971
lncRNA_4413,857,14,871,23,0.5333944873306994
lncRNA_4117,852,17,869,15,0.5260695427553859
lncRNA_12675,867,2,869,27,0.5644510104357077
lncRNA_30428,860,9,869,27,0.581630656320916
lncRNA_3246,824,44,868,24,0.5341170703882505
lncRNA_16102,843,23,866,20,0.5269747610525322
lncRNA_683,844,22,866,10,0.5264805965887469
lncRNA_22547,834,31,865,13,0.5258449665406111
lncRNA_28264,538,326,864,21,0.14624729749908758
lncRNA_10640,864,0,864,19,0.5376208556055206
lncRNA_13928,824,39,863,13,0.5046947528822628
lncRNA_19135,818,45,863,8,0.4921280396586484
lncRNA_8207,857,6,863,16,0.5366912474869847
lncRNA_28500,857,6,863,3,0.5417341007628095
lncRNA_10401,680,182,862,18,0.3548275446753171
lncRNA_11007,847,15,862,20,0.525602957257396
lncRNA_081,860,1,861,20,0.5353480910266083
lncRNA_9459,828,33,861,29,0.5025251015456689
lncRNA_338,853,6,859,20,0.5383000095711934
lncRNA_11231,845,12,857,19,0.532435540788713
lncRNA_13744,824,33,857,4,0.5047995153141404
lncRNA_25104,751,105,856,16,0.42383320233393557
lncRNA_12647,847,9,856,16,0.5449733345530393
lncRNA_22096,834,22,856,18,0.5244061158852724
lncRNA_17667,853,1,854,13,0.5381262946865151
lncRNA_8854,544,310,854,19,0.17588520581458877
lncRNA_5577,379,474,853,13,-0.043094331701524116
lncRNA_26164,805,48,853,20,0.49040137600798295
lncRNA_26162,805,48,853,20,0.49040137600798295
lncRNA_3205,760,93,853,7,0.4407954959859622
lncRNA_6556,850,1,851,21,0.5370594832298707
lncRNA_4736,841,10,851,2,0.5375667140317975
lncRNA_13260,814,37,851,21,0.5039049793382658
lncRNA_1792,843,8,851,2,0.5320735456319977
lncRNA_13259,813,37,850,21,0.5039131241407491
lncRNA_7217,847,3,850,28,0.5371486662782484
lncRNA_7299,801,48,849,10,0.49474141227558144
lncRNA_12906,835,14,849,31,0.5283798670382394
lncRNA_292,797,52,849,12,0.48558060594913965
lncRNA_291,797,52,849,12,0.48558060594913965
lncRNA_20041,823,25,848,30,0.5560068364164606
lncRNA_7599,813,35,848,23,0.5107416262508122
lncRNA_23431,845,2,847,13,0.5455400213519813
lncRNA_17699,837,10,847,22,0.5351811537398801
lncRNA_28964,811,35,846,15,0.513667900233296
lncRNA_25680,822,24,846,48,0.5252397441640014
lncRNA_8371,820,25,845,15,0.5194612396626752
lncRNA_29779,817,28,845,24,0.5203366787387936
lncRNA_5658,802,42,844,12,0.49542483688449307
lncRNA_25344,839,5,844,24,0.5411268179041121
lncRNA_6102,804,39,843,11,0.5027214529018547
lncRNA_26167,791,51,842,22,0.4856579513695449
lncRNA_18696,688,154,842,13,0.4090296190664349
lncRNA_7433,831,11,842,24,0.5560179736816695
lncRNA_11178,832,10,842,40,0.5329675412416888
lncRNA_23211,811,30,841,17,0.5190996717891277
lncRNA_25265,832,8,840,25,0.5405592231086209
lncRNA_17762,839,0,839,24,0.5507697710283729
lncRNA_30724,14,825,839,35,-0.533893286724894
lncRNA_19947,776,63,839,7,0.46552381681707483
lncRNA_30490,789,49,838,17,0.4867869780961157
lncRNA_21500,795,42,837,16,0.49320739257395363
lncRNA_30468,835,2,837,24,0.5439258588709893
lncRNA_15398,335,502,837,29,-0.11416553131981234
lncRNA_8654,817,18,835,20,0.5719140704001927
lncRNA_12926,827,6,833,17,0.5389386441630768
lncRNA_28277,821,12,833,29,0.541419610632767
lncRNA_6058,824,8,832,24,0.5668653933223886
lncRNA_13427,816,16,832,18,0.5335194209289972
lncRNA_28733,830,1,831,29,0.5375946270145237
lncRNA_20823,829,2,831,34,0.5500821715098814
lncRNA_7295,780,51,831,9,0.48601188784119953
lncRNA_19689,769,62,831,16,0.4690837183030839
lncRNA_18200,830,0,830,42,0.5375741609163586
lncRNA_12672,828,2,830,27,0.569747349257239
lncRNA_13316,825,5,830,18,0.5397592021766373
lncRNA_13938,720,109,829,6,0.40783192249408695
lncRNA_17346,815,14,829,26,0.5634531445482494
lncRNA_8550,466,363,829,13,0.08843515233658951
lncRNA_24253,828,0,828,23,0.5431298793323426
lncRNA_25369,718,110,828,16,0.4236339180325605
lncRNA_12174,533,295,828,9,0.197500566439922
lncRNA_24252,828,0,828,23,0.5431298793323426
lncRNA_1518,764,63,827,21,0.4774818173252001
lncRNA_11009,809,16,825,20,0.5233297649958475
lncRNA_11008,809,16,825,20,0.5232881360780497
lncRNA_7655,821,3,824,31,0.542786568434506
lncRNA_10295,688,136,824,9,0.3703690856873512
lncRNA_8592,803,21,824,19,0.5180125303410033
lncRNA_21846,816,8,824,32,0.5359016739035282
lncRNA_10503,717,106,823,11,0.41041879969404127
lncRNA_10502,717,106,823,11,0.41041879969404127
lncRNA_12912,811,10,821,19,0.533354368454819
lncRNA_27469,819,2,821,5,0.5442439138221656
lncRNA_24254,821,0,821,23,0.543185185449055
lncRNA_18098,783,37,820,15,0.5509763439658661
lncRNA_1520,756,62,818,19,0.47904675537382696
lncRNA_6052,764,54,818,21,0.4914094230999552
lncRNA_22944,786,32,818,15,0.5120922633660694
lncRNA_20513,810,8,818,20,0.529795487627765
lncRNA_15488,735,83,818,15,0.4423909032864949
lncRNA_12908,803,14,817,29,0.5266632685540568
lncRNA_18157,817,0,817,34,0.5734500379115454
lncRNA_29344,806,9,815,13,0.5335263227961591
lncRNA_22150,763,52,815,29,0.4823338592943141
lncRNA_29574,786,28,814,38,0.5128278592528775
lncRNA_30399,811,1,812,33,0.5383652510664142
lncRNA_28842,756,56,812,16,0.4772197098759881
lncRNA_2502,777,35,812,12,0.5062743284499187
lncRNA_28841,756,56,812,16,0.4772197098759881
lncRNA_23287,743,69,812,11,0.4543005554237011
lncRNA_27468,809,2,811,5,0.544309078874605
lncRNA_623,796,15,811,22,0.5276818943446354
lncRNA_7251,785,26,811,9,0.5167943562684756
lncRNA_26233,444,367,811,15,0.054208661494299565
lncRNA_26407,447,363,810,15,0.0589353258930881
lncRNA_9886,739,71,810,23,0.4601980836240851
lncRNA_29385,808,1,809,22,0.5428088084455063
lncRNA_7327,806,2,808,17,0.5372968009333237
lncRNA_9266,800,8,808,17,0.5488887868015502
lncRNA_12673,805,2,807,27,0.5696792264177866
lncRNA_5698,799,8,807,10,0.5494218059454964
lncRNA_18244,802,5,807,15,0.549729533626889
lncRNA_11535,803,4,807,5,0.5380492282129273
lncRNA_31475,757,50,807,13,0.48472810869871624
lncRNA_31079,805,0,805,19,0.5435804050562244
lncRNA_25171,790,15,805,11,0.5464773548660343
lncRNA_25170,790,15,805,11,0.5464776568232415
lncRNA_18539,775,29,804,9,0.5089391661570289
lncRNA_8742,711,92,803,9,0.42666473640008223
lncRNA_15487,719,83,802,15,0.44046658913443854
lncRNA_27838,798,2,800,34,0.5396788236991447
lncRNA_095,762,38,800,18,0.4995129729762744
lncRNA_28854,776,24,800,22,0.5159853360544325
lncRNA_27837,798,2,800,34,0.5396788236991447
lncRNA_13480,780,19,799,30,0.5283463121714526
lncRNA_16990,798,0,798,36,0.5526219646092596
lncRNA_1086,790,7,797,21,0.5673418166012321
lncRNA_18245,792,5,797,15,0.5500353627224419
lncRNA_25342,797,0,797,23,0.5606533039042724
lncRNA_18649,794,2,796,10,0.5465122233202818
lncRNA_32291,775,20,795,10,0.5184320872461171
lncRNA_25959,744,50,794,23,0.5033552264545559
lncRNA_30482,790,4,794,18,0.5377134886271077
lncRNA_24705,794,0,794,32,0.5480787009941793
lncRNA_30212,772,21,793,17,0.5205161852328257
lncRNA_12837,760,32,792,20,0.5051169309402268
lncRNA_27892,789,3,792,22,0.5339607200225828
lncRNA_7009,774,18,792,22,0.5717818625442049
lncRNA_26408,293,499,792,21,-0.15188465018292915
lncRNA_25045,791,1,792,21,0.5443497391295218
lncRNA_26766,787,3,790,37,0.5697244765486407
lncRNA_30519,790,0,790,15,0.5482114507212805
lncRNA_25679,765,25,790,47,0.5219398706759789
lncRNA_8306,766,23,789,34,0.5153301962015541
lncRNA_4110,767,21,788,12,0.528269595755034
lncRNA_23333,787,1,788,27,0.5412371515370499
lncRNA_4108,767,21,788,12,0.528269595755034
lncRNA_8690,740,47,787,24,0.49952803576772825
lncRNA_27282,742,45,787,8,0.4914931386284032
lncRNA_318,24,763,787,33,-0.5058985762235808
lncRNA_30425,785,2,787,20,0.5721564169498123
lncRNA_30699,778,9,787,26,0.5303471324095043
lncRNA_30517,786,0,786,15,0.548106227851166
lncRNA_4641,751,34,785,19,0.5043909205995479
lncRNA_20999,716,69,785,6,0.44816878393994
lncRNA_3016,780,3,783,24,0.5875177440718565
lncRNA_19939,722,60,782,19,0.4929373053188705
lncRNA_27292,781,1,782,12,0.547330830081702
lncRNA_31652,763,18,781,14,0.5258591068963699
lncRNA_10848,776,5,781,17,0.5401995944961885
lncRNA_14144,588,193,781,15,0.2939563325373491
lncRNA_2828,502,278,780,10,0.15766189080966084
lncRNA_15857,775,5,780,17,0.5388053996369855
lncRNA_16394,775,4,779,24,0.5441038209166557
lncRNA_7559,766,11,777,11,0.5372913788633015
lncRNA_26154,764,12,776,13,0.5402243516215325
lncRNA_12273,761,14,775,26,0.5240053231471898
lncRNA_19737,772,3,775,17,0.5345869814382931
lncRNA_20594,746,28,774,19,0.5374835600215941
lncRNA_15489,694,80,774,13,0.43951229726857555
lncRNA_11642,766,8,774,18,0.5323589244166889
lncRNA_19940,690,83,773,19,0.46061318165006304
lncRNA_20547,742,31,773,18,0.5104320315986356
lncRNA_19727,740,33,773,29,0.5457787321655538
lncRNA_22068,750,22,772,22,0.5650531311507418
lncRNA_20245,770,2,772,27,0.5513284243410184
lncRNA_18742,764,8,772,25,0.5727910994103077
lncRNA_5929,294,478,772,18,-0.1403262999508428
lncRNA_9552,763,8,771,45,0.5165691301143394
lncRNA_29102,718,53,771,17,0.47840167891225543
lncRNA_31887,770,1,771,21,0.5398958090508024
lncRNA_6171,754,16,770,11,0.5229625243881287
lncRNA_7602,732,36,768,21,0.5063316550007856
lncRNA_6403,610,158,768,27,0.33304532532558273
lncRNA_29755,765,2,767,21,0.5372822044370118
lncRNA_12836,745,22,767,21,0.5157204157075166
lncRNA_30236,755,11,766,8,0.5368731112587868
lncRNA_13241,763,2,765,25,0.585605518781084
lncRNA_13687,739,26,765,22,0.51476210215392
lncRNA_30603,762,3,765,26,0.5601746873259631
lncRNA_29803,763,2,765,13,0.5461750366259616
lncRNA_5414,764,0,764,23,0.5502532654350263
lncRNA_13242,761,2,763,25,0.5853060529733431
lncRNA_806,751,11,762,22,0.5634331728781803
lncRNA_26342,759,3,762,15,0.5406913460161707
lncRNA_19769,642,120,762,12,0.3764507180043117
lncRNA_7393,666,95,761,11,0.4234602997567722
lncRNA_25406,713,46,759,13,0.48640072625102415
lncRNA_208,756,3,759,22,0.5354459527551664
lncRNA_2829,387,371,758,13,0.008175778791279372
lncRNA_18420,744,14,758,5,0.5301489043893589
lncRNA_4769,721,36,757,20,0.48934888489210254
lncRNA_684,732,25,757,9,0.518787725795282
lncRNA_18107,754,3,757,21,0.5408210714673541
lncRNA_7370,749,7,756,17,0.5329945577829434
lncRNA_2255,713,42,755,17,0.49079437851603647
lncRNA_5861,688,66,754,19,0.4620553865216251
lncRNA_4095,751,3,754,32,0.5510457025891634
lncRNA_29673,723,30,753,17,0.5537882254575194
lncRNA_12866,729,23,752,11,0.5240162010864609
lncRNA_4242,748,4,752,28,0.5459611816211151
lncRNA_13921,724,28,752,24,0.5522840691581319
lncRNA_5262,695,57,752,22,0.46327091597519027
lncRNA_27654,748,3,751,12,0.5610984442489835
lncRNA_4886,642,108,750,9,0.394585849798172
lncRNA_30648,732,18,750,13,0.5267267440455605
lncRNA_3127,725,24,749,7,0.5135128676942154
lncRNA_7379,719,30,749,14,0.5432070942467063
lncRNA_30524,743,5,748,25,0.5397121833132447
lncRNA_24550,739,9,748,23,0.5420420528277733
lncRNA_8534,704,43,747,20,0.5044371462360999
lncRNA_13477,716,31,747,28,0.5082480743016392
lncRNA_18417,741,5,746,31,0.5391310670355798
lncRNA_15422,736,9,745,22,0.5414078649818697
lncRNA_30361,730,15,745,13,0.5466114763843188
lncRNA_28420,729,16,745,26,0.53300878952427
lncRNA_6780,743,0,743,31,0.5626888260381403
lncRNA_16199,739,3,742,25,0.5404852438537036
lncRNA_22049,738,4,742,21,0.5408947482654848
lncRNA_039,739,3,742,5,0.552126671454174
lncRNA_7083,728,13,741,9,0.5292617126812333
lncRNA_25325,712,29,741,11,0.5088590528175523
lncRNA_30246,720,20,740,28,0.555795466766998
lncRNA_13506,734,6,740,13,0.5377542444266632
lncRNA_28310,631,109,740,17,0.39649089324770537
lncRNA_15313,738,1,739,22,0.5496196514497041
lncRNA_10816,715,23,738,30,0.5109902141210186
lncRNA_4148,735,2,737,12,0.5497767153142684
lncRNA_17327,572,165,737,25,0.3097426134337519
lncRNA_13689,711,25,736,19,0.5145117313337296
lncRNA_13690,711,25,736,19,0.5145117313337296
lncRNA_27820,215,520,735,20,-0.21047067392580107
lncRNA_15260,734,1,735,10,0.5359908254879889
lncRNA_1271,724,10,734,8,0.5339610796242514
lncRNA_1019,729,4,733,24,0.5372803192525445
lncRNA_7325,731,2,733,13,0.5437812522223177
lncRNA_17793,620,112,732,16,0.39164611319434733
lncRNA_17389,713,19,732,14,0.5247419434047176
lncRNA_15416,687,45,732,12,0.4819764667071988
lncRNA_5931,732,0,732,5,0.5369014593892454
lncRNA_9857,620,112,732,21,0.3999550558835762
lncRNA_5985,659,73,732,11,0.45440740343562847
lncRNA_12838,706,26,732,18,0.5080401933951588
lncRNA_26258,695,35,730,13,0.5033360767763514
lncRNA_4603,318,411,729,10,-0.05475242190398404
lncRNA_27492,695,33,728,30,0.5155875771659356
lncRNA_17676,663,65,728,15,0.4865844894517168
lncRNA_14057,723,5,728,18,0.5601136715848758
lncRNA_2569,679,48,727,10,0.489834769377241
lncRNA_22336,722,5,727,27,0.553696925434865
lncRNA_29875,665,62,727,16,0.46002119420119425
lncRNA_12676,726,1,727,24,0.5693415353424105
lncRNA_8369,707,17,724,11,0.5213247490173124
lncRNA_31035,705,18,723,14,0.5250193633595633
lncRNA_10708,718,5,723,33,0.5297943550008174
lncRNA_19598,708,14,722,24,0.5243311948224513
lncRNA_16615,699,23,722,21,0.5137454307965765
lncRNA_9416,683,39,722,16,0.48579632064659367
lncRNA_15297,718,1,719,7,0.5319945052391049
lncRNA_31548,710,7,717,16,0.538645082804629
lncRNA_1924,715,2,717,29,0.5598342201847105
lncRNA_4294,705,11,716,25,0.534050584613855
lncRNA_29064,706,10,716,11,0.5388688075644519
lncRNA_10490,706,9,715,13,0.5317753593553163
lncRNA_2386,714,0,714,22,0.5590891352158514
lncRNA_5999,714,0,714,10,0.5363084940458654
lncRNA_30878,704,10,714,13,0.5349882868813223
lncRNA_20467,709,4,713,21,0.5351894219525424
lncRNA_19885,707,6,713,19,0.5326721673536813
lncRNA_3864,707,6,713,23,0.5358399030621429
lncRNA_625,697,15,712,18,0.5244261980272972
lncRNA_624,697,15,712,18,0.5244261980272972
lncRNA_16323,710,2,712,19,0.5781446228413487
lncRNA_27342,704,8,712,22,0.532395541524173
lncRNA_3002,498,214,712,7,0.22703366286007837
lncRNA_27516,699,12,711,20,0.528930100084243
lncRNA_17756,598,112,710,13,0.38263945800156124
lncRNA_26126,691,18,709,23,0.5749745086279978
lncRNA_25059,684,25,709,8,0.5151618199918647
lncRNA_26127,691,18,709,23,0.5749745086279978
lncRNA_4716,706,3,709,16,0.5450442568964778
lncRNA_29379,686,22,708,12,0.5217179883652228
lncRNA_7223,678,30,708,13,0.509126023534055
lncRNA_28882,663,44,707,5,0.4890636051001143
lncRNA_7221,677,30,707,13,0.5093738917543077
lncRNA_14391,671,36,707,7,0.49851402217437696
lncRNA_7224,677,30,707,13,0.5093738917543077
lncRNA_6128,699,7,706,9,0.5334516702557646
lncRNA_30877,693,13,706,15,0.531304817366511
lncRNA_27167,698,7,705,29,0.5484036046442046
lncRNA_4387,701,3,704,20,0.5411841700411816
lncRNA_8194,703,0,703,28,0.5373002231438857
lncRNA_4036,659,44,703,16,0.4850013907076049
lncRNA_25298,685,18,703,18,0.5187078755903132
lncRNA_17727,695,8,703,20,0.5371840872521215
lncRNA_24293,691,10,701,9,0.5299850907449216
lncRNA_3677,695,4,699,20,0.5421577611261907
lncRNA_25779,697,1,698,22,0.5325488377233623
lncRNA_18626,545,153,698,17,0.32885220278167987
lncRNA_15302,165,532,697,6,-0.2941159643871899
lncRNA_17708,592,105,697,26,0.38867443947857644
lncRNA_2218,683,14,697,12,0.5230632165721149
lncRNA_13077,692,4,696,18,0.5402207176744911
lncRNA_12717,685,11,696,15,0.5294628347028626
lncRNA_3201,656,40,696,7,0.48921608789687065
lncRNA_10616,615,79,694,15,0.4250148388772188
lncRNA_20940,654,40,694,10,0.49260640685227025
lncRNA_20942,654,40,694,10,0.49260640685227025
lncRNA_20941,654,40,694,10,0.49260640685227025
lncRNA_13366,685,9,694,15,0.5340936917921426
lncRNA_20943,654,40,694,10,0.49260640685227025
lncRNA_18952,693,0,693,15,0.5389315741451157
lncRNA_10164,671,22,693,21,0.5714257162405856
lncRNA_27091,692,1,693,27,0.5385365977331595
lncRNA_3156,675,17,692,12,0.5624030476583685
lncRNA_13353,600,92,692,8,0.41015147495026594
lncRNA_4738,676,16,692,11,0.5302434741351001
lncRNA_22179,673,18,691,24,0.5446084838641245
lncRNA_27332,689,2,691,20,0.545461021202717
lncRNA_3865,685,6,691,23,0.535261234235172
lncRNA_21502,649,42,691,11,0.47989954513750444
lncRNA_14348,683,6,689,12,0.5288317811763025
lncRNA_5983,686,3,689,23,0.57304862913962
lncRNA_10558,683,5,688,22,0.5388901622427302
lncRNA_28311,578,110,688,15,0.3824771882944633
lncRNA_11186,676,11,687,21,0.5969525699291218
lncRNA_9989,681,4,685,9,0.537817523672488
lncRNA_6618,685,0,685,21,0.5365683947542855
lncRNA_20496,640,44,684,9,0.4833082257486423
lncRNA_14849,648,36,684,16,0.49315689334251256
lncRNA_15024,636,48,684,13,0.46331637331524794
lncRNA_16139,674,10,684,18,0.5394903552122616
lncRNA_28881,662,21,683,5,0.5335907326779902
lncRNA_20591,659,24,683,18,0.5393123923469262
lncRNA_20588,659,24,683,18,0.5393123923469262
lncRNA_8707,682,1,683,47,0.5522699276164287
lncRNA_12881,618,65,683,13,0.4492855932866733
lncRNA_18418,407,276,683,17,0.11784790548852495
lncRNA_25025,663,20,683,19,0.5216286881502251
lncRNA_18434,673,9,682,31,0.5575687129427269
lncRNA_13527,620,61,681,13,0.4547342596599491
lncRNA_10419,638,43,681,16,0.4961162504620266
lncRNA_22036,677,4,681,12,0.5293964326943297
lncRNA_7352,677,4,681,17,0.5437836641357786
lncRNA_29857,673,7,680,21,0.5621112214974484
lncRNA_10919,670,10,680,11,0.5294328659527051
lncRNA_3168,674,6,680,30,0.5578956149013662
lncRNA_7651,673,6,679,29,0.5760107859073986
lncRNA_13526,618,61,679,13,0.45544608832905165
lncRNA_12733,675,3,678,12,0.5352086492203934
lncRNA_5012,667,10,677,2,0.5259713452482749
lncRNA_28046,675,1,676,25,0.5383465284698813
lncRNA_25333,651,25,676,5,0.5120287953984192
lncRNA_3157,654,22,676,12,0.557272100669527
lncRNA_2968,177,498,675,13,-0.2737474478628641
lncRNA_17322,657,18,675,5,0.5140739124916915
lncRNA_10418,631,44,675,16,0.49395030807873436
lncRNA_2827,674,1,675,22,0.5516426828383203
lncRNA_19754,228,446,674,7,-0.175479150985387
lncRNA_2225,609,64,673,9,0.4453478767436927
lncRNA_15201,635,38,673,21,0.5217833666051372
lncRNA_15616,660,12,672,10,0.5597188392854731
lncRNA_4088,663,9,672,14,0.5325005707463117
lncRNA_9624,671,0,671,12,0.5830442928158848
lncRNA_17709,568,102,670,26,0.38702650988604553
lncRNA_13297,669,1,670,24,0.5488255408092076
lncRNA_7484,666,3,669,9,0.5394943724163005
lncRNA_23285,643,26,669,18,0.5263206129946769
lncRNA_25148,608,60,668,5,0.46103580673866684
lncRNA_30850,616,52,668,14,0.46610348346704733
lncRNA_2611,649,18,667,6,0.5181618924897732
lncRNA_29251,664,1,665,19,0.5421712989156541
lncRNA_14707,653,11,664,11,0.5253059163345309
lncRNA_14853,549,114,663,18,0.36286078623317225
lncRNA_10872,658,4,662,22,0.5668195887386088
lncRNA_28105,649,13,662,21,0.5748724832777973
lncRNA_20929,659,3,662,21,0.535433212636737
lncRNA_11725,661,0,661,25,0.575465524806901
lncRNA_232,661,0,661,26,0.56758650153638
lncRNA_10104,630,31,661,7,0.5044890954116267
lncRNA_16809,650,11,661,23,0.5841760139201682
lncRNA_29668,642,19,661,5,0.5254392723511782
lncRNA_1413,653,7,660,23,0.5378379126733072
lncRNA_2187,658,2,660,13,0.5340433397167369
lncRNA_6161,641,19,660,21,0.55307373790776
lncRNA_29282,640,20,660,22,0.526125026857388
lncRNA_4349,622,37,659,20,0.4856628553208866
lncRNA_12726,656,3,659,26,0.554165947704049
lncRNA_10851,653,6,659,16,0.5364742294691707
lncRNA_26517,610,48,658,9,0.47552137070024314
lncRNA_11097,624,34,658,13,0.4920539082175436
lncRNA_23073,609,49,658,10,0.46735571810685106
lncRNA_8149,597,60,657,7,0.4499174533961335
lncRNA_24943,626,30,656,14,0.4969536511254763
lncRNA_9474,627,28,655,9,0.513196842527833
lncRNA_10825,644,11,655,19,0.5239652117898285
lncRNA_9831,649,5,654,35,0.5440889163010512
lncRNA_4347,624,30,654,20,0.5014467184313214
lncRNA_21504,612,41,653,7,0.49871673405191924
lncRNA_30393,303,350,653,13,-0.04609013818161347
lncRNA_19533,642,10,652,21,0.5814783461221212
lncRNA_11225,640,11,651,28,0.5412003341723252
lncRNA_20932,647,3,650,22,0.5354822290198699
lncRNA_20924,649,1,650,22,0.5397148876043075
lncRNA_20930,647,3,650,22,0.5354846962727251
lncRNA_8248,603,47,650,7,0.4736303379626665
lncRNA_25345,645,4,649,15,0.5415381411904703
lncRNA_23168,542,106,648,8,0.3711435655339407
lncRNA_19121,112,536,648,15,-0.3660380219147721
lncRNA_15556,626,21,647,16,0.5391953243306735
lncRNA_28968,638,9,647,25,0.5308489578362131
lncRNA_10852,641,6,647,16,0.5369614174216464
lncRNA_19020,549,98,647,9,0.39047707387272357
lncRNA_30018,622,23,645,10,0.5218087327074453
lncRNA_6434,640,5,645,20,0.5611904429131545
lncRNA_16883,628,17,645,5,0.5143092020511109
lncRNA_4345,615,30,645,20,0.5009800108830693
lncRNA_4348,615,29,644,20,0.5022270157285672
lncRNA_10568,638,6,644,23,0.5703185717162694
lncRNA_12883,573,70,643,13,0.4337311705379258
lncRNA_8144,634,9,643,11,0.5339539384695156
lncRNA_9438,622,20,642,13,0.5247508634387746
lncRNA_9437,622,20,642,13,0.5247508634387746
lncRNA_1274,629,12,641,7,0.5312231277415551
lncRNA_10051,635,6,641,10,0.5308167635429976
lncRNA_21829,632,8,640,5,0.533041816327285
lncRNA_25898,584,56,640,9,0.46283969067994696
lncRNA_31752,567,73,640,11,0.4577005228505417
lncRNA_9993,629,10,639,17,0.5368204951938707
lncRNA_24297,638,0,638,23,0.5771137989905312
lncRNA_26406,552,85,637,22,0.40126064967802894
lncRNA_12882,565,71,636,13,0.43115576603600186
lncRNA_11127,593,43,636,26,0.476086752443261
lncRNA_13528,569,67,636,13,0.43809465311923773
lncRNA_20763,615,20,635,17,0.5344402307121445
lncRNA_15557,613,22,635,16,0.5360657861574679
lncRNA_28713,631,3,634,21,0.5979932503964684
lncRNA_11469,617,17,634,22,0.5754030941547242
lncRNA_22021,516,118,634,15,0.35431696819033426
lncRNA_11083,626,8,634,18,0.5323109535322552
lncRNA_10617,557,77,634,15,0.41603292227574146
lncRNA_19712,632,1,633,8,0.5383449212574554
lncRNA_15410,629,4,633,20,0.6001000222053068
lncRNA_27305,550,83,633,17,0.44385174908920555
lncRNA_4288,629,2,631,19,0.5782152698439451
lncRNA_21505,591,39,630,8,0.49947096929071094
lncRNA_20268,587,43,630,18,0.5154344439610954
lncRNA_32042,608,21,629,9,0.5221134857375909
lncRNA_12486,612,17,629,22,0.5635172001778649
lncRNA_22470,587,42,629,10,0.4820285763979972
lncRNA_8206,624,4,628,11,0.5467974248334758
lncRNA_858,601,26,627,13,0.5031845696580715
lncRNA_8721,576,51,627,24,0.4690932744113614
lncRNA_4289,625,2,627,19,0.57827407614748
lncRNA_2621,596,31,627,12,0.5413340965247108
lncRNA_8722,575,51,626,24,0.4690177241224443
lncRNA_18525,545,81,626,16,0.4074655947056134
lncRNA_27097,599,27,626,11,0.5086320443718898
lncRNA_10441,623,3,626,7,0.5295148084817309
lncRNA_24777,625,1,626,15,0.540376907375409
lncRNA_10857,619,7,626,15,0.5350100396255911
lncRNA_25604,603,22,625,29,0.5209162615770374
lncRNA_31629,595,29,624,7,0.5137393529387665
lncRNA_19473,611,10,621,6,0.5275499719937168
lncRNA_4787,620,1,621,22,0.5686221106133346
lncRNA_14141,503,118,621,15,0.3404038367396703
lncRNA_14142,503,118,621,15,0.3403969238712645
lncRNA_2048,585,35,620,9,0.5044327766582772
lncRNA_13354,102,518,620,9,-0.36127219892538015
lncRNA_2053,585,35,620,9,0.5044327766582772
lncRNA_2050,585,35,620,9,0.5044327766582772
lncRNA_2051,585,35,620,9,0.5044327766582772
lncRNA_2052,585,35,620,9,0.5044327766582772
lncRNA_16350,618,2,620,13,0.5478162634706067
lncRNA_6588,578,41,619,10,0.47667999240979997
lncRNA_16759,582,37,619,19,0.48723625054714637
lncRNA_29401,611,8,619,23,0.5354037024045367
lncRNA_7733,607,12,619,13,0.5333626715116528
lncRNA_23909,617,0,617,19,0.5674746185136756
lncRNA_19021,586,30,616,15,0.5059973689518371
lncRNA_23229,554,62,616,3,0.4400102684377816
lncRNA_14915,609,7,616,18,0.5399727474070887
lncRNA_19690,555,61,616,10,0.43996953244514014
lncRNA_7101,563,52,615,6,0.47043164978009266
lncRNA_23434,597,18,615,27,0.532466027652371
lncRNA_7102,563,52,615,6,0.47043164978009266
lncRNA_10128,569,46,615,16,0.5036548426375274
lncRNA_7100,563,52,615,6,0.47043164978009266
lncRNA_16108,603,11,614,19,0.5578131509023565
lncRNA_22411,611,3,614,18,0.5434560967232215
lncRNA_9476,332,281,613,11,0.04387957406892147
lncRNA_27931,604,9,613,20,0.5513890277236504
lncRNA_13435,612,1,613,18,0.5571776033569164
lncRNA_26930,608,4,612,20,0.5488546130954046
lncRNA_16991,612,0,612,28,0.5553653488551836
lncRNA_7139,600,12,612,35,0.5368945939387451
lncRNA_5767,609,3,612,14,0.5454194059887014
lncRNA_622,606,6,612,14,0.5352189243548838
lncRNA_15872,610,1,611,21,0.5334964907271839
lncRNA_27959,608,3,611,16,0.6084515608437508
lncRNA_29490,602,9,611,7,0.5263036242900112
lncRNA_29863,565,45,610,8,0.5070408691321295
lncRNA_3792,575,35,610,22,0.5354509074360437
lncRNA_14568,605,4,609,27,0.5376339711150103
lncRNA_26155,606,3,609,22,0.5417727474183057
lncRNA_23138,605,4,609,10,0.539296651950026
lncRNA_2254,570,39,609,12,0.48055539866043184
lncRNA_28729,571,37,608,10,0.4783926073750436
lncRNA_26130,589,19,608,7,0.5456680339435337
lncRNA_14515,604,4,608,14,0.5310817281412904
lncRNA_19698,567,41,608,20,0.5078271032179997
lncRNA_18169,606,2,608,22,0.5490956752381085
lncRNA_28048,584,23,607,19,0.5682609080044115
lncRNA_5866,606,1,607,32,0.5325914403767081
lncRNA_20828,594,13,607,17,0.516660661603643
lncRNA_31468,89,518,607,6,-0.3828495400912029
lncRNA_7170,599,7,606,24,0.5752665516412332
lncRNA_16748,603,2,605,21,0.600405639295077
lncRNA_173,584,21,605,3,0.5101559700539757
lncRNA_23189,604,1,605,11,0.5469039883326036
lncRNA_15399,214,390,604,19,-0.1622462024053912
lncRNA_28388,234,370,604,18,-0.12056758525266419
lncRNA_25256,544,60,604,8,0.45822147330651963
lncRNA_1085,600,4,604,18,0.5528392737928901
lncRNA_19394,603,0,603,11,0.5513376583528901
lncRNA_25257,543,60,603,8,0.45811734588042125
lncRNA_21259,594,9,603,14,0.5260129760967646
lncRNA_31080,595,6,601,9,0.5338114965564729
lncRNA_4180,598,3,601,6,0.5301422986632223
lncRNA_18978,472,129,601,6,0.3227421554267637
lncRNA_190,599,2,601,15,0.5816356132251703
lncRNA_21290,593,8,601,13,0.5330514778352116
lncRNA_23464,599,2,601,18,0.5817974328600831
lncRNA_19959,525,75,600,15,0.4199305639971746
lncRNA_20933,595,4,599,20,0.5330062054773322
lncRNA_11224,562,37,599,12,0.4700528441109897
lncRNA_18159,596,3,599,16,0.6165069593018274
lncRNA_10866,560,38,598,8,0.4836197610987403
lncRNA_7740,574,24,598,12,0.5054475745329282
lncRNA_18526,544,54,598,19,0.45298480735271957
lncRNA_11069,593,5,598,28,0.5464490097718521
lncRNA_7095,560,38,598,6,0.4850680626463641
lncRNA_7096,559,38,597,6,0.4848667919644225
lncRNA_4304,525,72,597,9,0.4203100256566288
lncRNA_8160,559,38,597,9,0.4797232158931144
lncRNA_21624,594,3,597,28,0.5297434392054263
lncRNA_7097,559,38,597,6,0.4848667919644225
lncRNA_19202,585,11,596,17,0.5638100531924347
lncRNA_23917,590,5,595,12,0.5327386822594578
lncRNA_12104,594,0,594,26,0.543539174732104
lncRNA_25026,562,32,594,13,0.501765323989756
lncRNA_6942,509,84,593,13,0.3926120519842486
lncRNA_4717,593,0,593,16,0.5695153827571403
lncRNA_29138,577,16,593,10,0.5237133865818444
lncRNA_1620,584,9,593,18,0.5661757236202141
lncRNA_7723,582,10,592,11,0.5331826538660052
lncRNA_3160,592,0,592,29,0.5364598991843439
lncRNA_2950,533,59,592,7,0.44050001341872386
lncRNA_22770,587,4,591,14,0.5266008954971295
lncRNA_4915,575,16,591,5,0.5232314981006004
lncRNA_23804,553,38,591,7,0.4838070038691633
lncRNA_16951,539,52,591,6,0.4588720151975719
lncRNA_13976,535,54,589,17,0.44843221468776556
lncRNA_18880,100,489,589,12,-0.3680001033816825
lncRNA_4661,571,18,589,18,0.5633854603190422
lncRNA_15686,556,32,588,8,0.5004630253948965
lncRNA_4490,587,0,587,26,0.553525270839833
lncRNA_14153,451,135,586,6,0.2943299462729212
lncRNA_036,570,15,585,11,0.52019537806365
lncRNA_11956,582,3,585,19,0.5961542045848063
lncRNA_23267,524,60,584,27,0.436072600919522
lncRNA_20240,567,16,583,17,0.5143989514490018
lncRNA_20239,567,16,583,17,0.5143989514490018
lncRNA_2988,565,18,583,7,0.521317478603702
lncRNA_742,569,14,583,13,0.5207542890271418
lncRNA_21953,583,0,583,22,0.5414390715288802
lncRNA_22286,570,13,583,15,0.5191564840275048
lncRNA_11584,583,0,583,19,0.5366205816340736
lncRNA_2484,578,4,582,17,0.5369195353983802
lncRNA_23146,520,62,582,5,0.4384641612361443
lncRNA_26334,578,4,582,5,0.5433926442860391
lncRNA_27726,570,11,581,15,0.5286094240903627
lncRNA_4262,579,2,581,5,0.5324411545376216
lncRNA_4578,531,49,580,13,0.4660907888820505
lncRNA_16954,528,52,580,5,0.45732878167763674
lncRNA_7282,576,4,580,21,0.5449943996797537
lncRNA_3899,579,0,579,9,0.5352939474579212
lncRNA_1984,555,23,578,15,0.5636796327574212
lncRNA_30628,576,2,578,22,0.5345095003425686
lncRNA_13513,561,17,578,6,0.5193972131989655
lncRNA_26182,572,6,578,8,0.5348032155431914
lncRNA_10554,558,20,578,9,0.5544162849541059
lncRNA_22398,493,85,578,8,0.3908737263110873
lncRNA_28239,492,85,577,16,0.4014854693559789
lncRNA_037,562,15,577,11,0.5195654560403078
lncRNA_24174,569,8,577,9,0.5264843385349748
lncRNA_7553,461,115,576,8,0.3327349751825673
lncRNA_7185,572,4,576,22,0.5377982498148435
lncRNA_21436,555,20,575,16,0.5156538792179346
lncRNA_2219,559,15,574,10,0.5167414678081296
lncRNA_7485,570,4,574,9,0.5384619652706233
lncRNA_7486,570,4,574,9,0.5384613508727704
lncRNA_14514,567,5,572,16,0.5324901644678732
lncRNA_28730,551,21,572,14,0.5050564622169431
lncRNA_2220,557,15,572,10,0.5164678971889881
lncRNA_21208,498,73,571,4,0.4140752981824682
lncRNA_15601,195,376,571,12,-0.16465374898457358
lncRNA_2770,514,55,569,26,0.4684513953054018
lncRNA_4491,547,22,569,14,0.5418373588634329
lncRNA_23806,533,36,569,6,0.48396651451452993
lncRNA_7487,564,4,568,9,0.5383715214448552
lncRNA_5762,568,0,568,18,0.5391654592369602
lncRNA_2525,566,0,566,14,0.5324988871163964
lncRNA_26338,562,4,566,5,0.5439875256137716
lncRNA_30456,563,3,566,15,0.5798056367724297
lncRNA_7489,562,4,566,9,0.5383385302058035
lncRNA_21299,546,19,565,17,0.5430690930862899
lncRNA_10413,555,10,565,8,0.5307737532384855
lncRNA_18492,517,48,565,18,0.4580576436894537
lncRNA_29921,541,24,565,6,0.5186628543502518
lncRNA_11136,553,12,565,18,0.5741410847729075
lncRNA_24911,535,29,564,14,0.48710625706288513
lncRNA_11258,528,36,564,16,0.5092484888499282
lncRNA_6664,543,21,564,16,0.5700393872629511
lncRNA_27639,507,55,562,4,0.4551890638441159
lncRNA_9128,547,15,562,19,0.5742128557695975
lncRNA_15562,546,15,561,6,0.5193561998221334
lncRNA_22079,544,17,561,17,0.5128075902084784
lncRNA_2256,515,46,561,11,0.4608334684264347
lncRNA_12131,556,4,560,9,0.528667375791218
lncRNA_9764,543,17,560,5,0.5275419988248147
lncRNA_10605,549,11,560,16,0.5765377670130235
lncRNA_17470,401,157,558,3,0.24146845141873208
lncRNA_25356,556,1,557,11,0.5400116089832306
lncRNA_26336,553,4,557,5,0.5435449193234543
lncRNA_27988,551,6,557,19,0.5410397807183318
lncRNA_26864,475,82,557,3,0.3972993087144241
lncRNA_23674,506,50,556,19,0.4544064886703919
lncRNA_20491,546,10,556,17,0.5593428809003846
lncRNA_3082,526,30,556,8,0.493141377915347
lncRNA_11957,552,3,555,18,0.5961228869023423
lncRNA_22149,553,2,555,18,0.5565223919078914
lncRNA_5520,551,4,555,22,0.5308926456097601
lncRNA_16200,521,34,555,13,0.5150270797971686
lncRNA_1756,552,2,554,17,0.5317016947335885
lncRNA_22219,544,10,554,17,0.5938729619660567
lncRNA_16212,367,187,554,11,0.19183870815289655
lncRNA_22826,522,31,553,2,0.4990585736850674
lncRNA_25843,548,5,553,11,0.548480409618568
lncRNA_3177,548,5,553,9,0.5492303594558301
lncRNA_19201,541,12,553,14,0.5603501928424495
lncRNA_2890,519,34,553,10,0.4807732920665735
lncRNA_4742,537,15,552,9,0.5277230684984783
lncRNA_24283,449,103,552,3,0.3502550800357088
lncRNA_19000,539,12,551,8,0.5423048410033726
lncRNA_30363,531,20,551,7,0.515166024017893
lncRNA_17749,547,4,551,20,0.5296374894517157
lncRNA_27389,551,0,551,21,0.5329520172173566
lncRNA_23232,511,40,551,6,0.5063586589152894
lncRNA_10370,529,21,550,14,0.5328377477019237
lncRNA_9229,547,3,550,18,0.5895232899641936
lncRNA_15614,550,0,550,9,0.558919239500746
lncRNA_14614,549,0,549,20,0.5924833599582223
lncRNA_12946,527,21,548,16,0.5131168757546183
lncRNA_15412,542,6,548,15,0.6103025976861446
lncRNA_15411,542,6,548,15,0.6103025976861446
lncRNA_2055,505,43,548,9,0.481560202536573
lncRNA_22828,513,35,548,2,0.49048675566275646
lncRNA_13508,540,6,546,12,0.5353539129489449
lncRNA_1656,531,15,546,25,0.5124870968616138
lncRNA_29547,537,8,545,21,0.549551081584736
lncRNA_16273,542,3,545,23,0.5386387572552859
lncRNA_23463,543,2,545,14,0.5921937378262033
lncRNA_17435,500,45,545,4,0.46816564231847674
lncRNA_28366,526,18,544,14,0.5460189949956852
lncRNA_19818,515,28,543,9,0.4994093955095155
lncRNA_16271,523,20,543,14,0.5047489319775192
lncRNA_10678,539,4,543,18,0.597171176895527
lncRNA_12990,523,19,542,14,0.5157659924973715
lncRNA_2671,325,216,541,7,0.1132972051866514
lncRNA_30174,477,64,541,14,0.4275584690423271
lncRNA_7233,521,19,540,14,0.507804560614471
lncRNA_23480,536,4,540,3,0.5329557899381783
lncRNA_30873,486,54,540,5,0.4442812422719804
lncRNA_29205,511,29,540,19,0.49077965878012975
lncRNA_30840,486,53,539,9,0.45132888447603103
lncRNA_8150,500,39,539,5,0.4668990947004089
lncRNA_8151,500,39,539,5,0.4668990947004089
lncRNA_22962,537,2,539,13,0.618688759179298
lncRNA_26340,534,4,538,5,0.5441829701478479
lncRNA_18323,527,10,537,29,0.5395961616344818
lncRNA_18502,513,24,537,7,0.5028173011925776
lncRNA_27251,532,5,537,3,0.5272822602857823
lncRNA_14646,493,44,537,8,0.4675857715900518
lncRNA_27810,355,182,537,20,0.16931737861249205
lncRNA_25783,529,7,536,13,0.544674374590711
lncRNA_17476,513,22,535,18,0.5193344509142164
lncRNA_27343,510,25,535,6,0.5360896774449444
lncRNA_27402,517,17,534,15,0.5738320147759295
lncRNA_26778,327,207,534,6,0.13711164285977048
lncRNA_20978,529,5,534,17,0.5841677777064561
lncRNA_14679,493,40,533,5,0.4864520820003009
lncRNA_925,503,30,533,10,0.49353270124416376
lncRNA_12903,501,31,532,4,0.48603239602225035
lncRNA_30871,472,60,532,6,0.43020917666627084
lncRNA_13790,478,53,531,12,0.4420692226736575
lncRNA_15223,526,5,531,16,0.598139626195374
lncRNA_22504,527,4,531,3,0.5315333673045168
lncRNA_27527,513,17,530,8,0.5140330622577081
lncRNA_9110,518,12,530,17,0.5813810053737166
lncRNA_11927,498,31,529,15,0.48207162255474395
lncRNA_27919,518,10,528,12,0.5187397057444315
lncRNA_22025,505,22,527,19,0.5084959050507895
lncRNA_26335,523,4,527,5,0.5439287446323634
lncRNA_31550,474,53,527,10,0.44670212146968563
lncRNA_30874,470,57,527,5,0.4364608188964227
lncRNA_6617,522,4,526,15,0.5385103186044501
lncRNA_15651,480,46,526,12,0.45036275648460744
lncRNA_19967,521,5,526,16,0.56468891603083
lncRNA_19965,521,5,526,16,0.56468891603083
lncRNA_19968,521,5,526,16,0.56468891603083
lncRNA_5511,506,19,525,8,0.5237752105975497
lncRNA_3116,523,1,524,14,0.5742228348871952
lncRNA_19691,461,63,524,7,0.41662304490054514
lncRNA_25082,519,4,523,8,0.5430375075272648
lncRNA_28501,478,45,523,24,0.4687688324280144
lncRNA_27344,183,340,523,13,-0.1429266877846042
lncRNA_30320,481,41,522,8,0.47866708983314765
lncRNA_11166,520,2,522,19,0.612334983988206
lncRNA_26147,519,3,522,7,0.5342320212379905
lncRNA_17540,494,27,521,2,0.5149083561568931
lncRNA_8290,472,49,521,7,0.448383027993502
lncRNA_18600,493,27,520,10,0.484824153998183
lncRNA_11207,463,57,520,5,0.43203712896636753
lncRNA_8858,507,13,520,5,0.5283924394852665
lncRNA_8750,490,29,519,15,0.4912551779135865
lncRNA_19830,479,38,517,8,0.47731499914459224
lncRNA_19829,479,38,517,8,0.47731499914459224
lncRNA_23095,516,0,516,10,0.5429204806643096
lncRNA_3868,502,14,516,8,0.5250353760945047
lncRNA_4077,7,508,515,9,-0.5390266062064126
lncRNA_5563,161,354,515,15,-0.200834312975856
lncRNA_7262,508,7,515,10,0.5445529373537307
lncRNA_14576,514,1,515,5,0.5420668107620886
lncRNA_12846,394,120,514,4,0.3023445635229464
lncRNA_8007,511,2,513,14,0.5976182613710562
lncRNA_31750,486,26,512,2,0.501446138743461
lncRNA_32357,498,14,512,12,0.5126257313308749
lncRNA_27965,511,0,511,16,0.5637711943033786
lncRNA_25822,366,145,511,4,0.2498608393592578
lncRNA_22767,479,32,511,13,0.5245906815339444
lncRNA_19113,61,450,511,15,-0.4063766213140023
lncRNA_12396,481,30,511,13,0.5350527114081887
lncRNA_28278,509,1,510,25,0.572741714532228
lncRNA_20346,489,20,509,18,0.5489337576104271
lncRNA_6572,498,11,509,15,0.5368733885642641
lncRNA_15293,506,3,509,17,0.5702631675976048
lncRNA_32328,466,42,508,6,0.4684610006330113
lncRNA_16274,505,3,508,20,0.538002895460546
lncRNA_12179,493,15,508,6,0.5075727697862794
lncRNA_16275,505,3,508,20,0.538002895460546
lncRNA_22802,490,18,508,22,0.5139930647874988
lncRNA_9745,497,10,507,9,0.5240514105244668
lncRNA_26682,458,49,507,6,0.47102193524506736
lncRNA_21550,502,5,507,14,0.529056315181049
lncRNA_20950,496,11,507,10,0.5185331015986709
lncRNA_20461,505,2,507,17,0.6022358889424554
lncRNA_9307,504,3,507,19,0.5901059230930342
lncRNA_25838,494,12,506,11,0.5896723835297402
lncRNA_30894,446,60,506,9,0.4306218667785742
lncRNA_25425,504,2,506,12,0.5382450284040905
lncRNA_29207,502,3,505,16,0.5935178758198065
lncRNA_15431,463,42,505,14,0.4572142972079149
lncRNA_15430,463,42,505,14,0.4572142972079149
lncRNA_30895,445,59,504,9,0.4321167940206368
lncRNA_11566,502,1,503,15,0.5793955053759549
lncRNA_310,478,25,503,15,0.5169912282455732
lncRNA_312,478,25,503,15,0.5166178362460891
lncRNA_19793,497,5,502,6,0.5884505923922797
lncRNA_2306,492,10,502,16,0.5644059666206136
lncRNA_15320,455,47,502,12,0.4452912979799717
lncRNA_17900,497,5,502,15,0.568439914395174
lncRNA_30601,493,9,502,20,0.5426331789496189
lncRNA_15390,499,2,501,10,0.5712094800299888
lncRNA_8519,494,7,501,9,0.5402140800566901
lncRNA_15389,499,2,501,10,0.5712094800299888
lncRNA_5561,482,18,500,7,0.5096704124904365
lncRNA_2371,196,303,499,8,-0.11558220749891987
lncRNA_21536,497,2,499,15,0.5801489577401254
lncRNA_20927,494,5,499,13,0.5289758264278847
lncRNA_22018,369,130,499,14,0.2633873364682339
lncRNA_4302,412,87,499,7,0.3634002521406521
lncRNA_19920,484,15,499,10,0.516366193580181
lncRNA_22532,462,37,499,3,0.477152826133511
lncRNA_25482,477,21,498,14,0.5323758776913143
lncRNA_9072,496,2,498,16,0.5891902224969591
lncRNA_7633,478,20,498,16,0.5650288683158861
lncRNA_21491,497,1,498,12,0.5351027384742173
lncRNA_17801,478,20,498,16,0.5645435819153719
lncRNA_11195,485,13,498,15,0.5819462179762578
lncRNA_27306,490,7,497,16,0.5311525269112836
lncRNA_32027,488,9,497,12,0.547183030350817
lncRNA_6266,479,18,497,7,0.5263479013069219
lncRNA_5428,50,447,497,6,-0.4262481320314825
lncRNA_11288,467,29,496,11,0.5422712311199216
lncRNA_22186,485,11,496,13,0.5276995094269059
lncRNA_27094,434,62,496,6,0.43000699225704864
lncRNA_13391,474,21,495,15,0.5222778549572608
lncRNA_7590,494,1,495,7,0.5419126501690033
lncRNA_6401,412,83,495,18,0.3690327440773924
lncRNA_2223,384,111,495,5,0.30015731661661355
lncRNA_9228,490,5,495,13,0.594428133613671
lncRNA_26763,479,15,494,6,0.51452938426018
lncRNA_13420,491,2,493,10,0.548904887803472
lncRNA_138,484,9,493,23,0.5301782921089949
lncRNA_11071,486,7,493,23,0.5473687047364801
lncRNA_18095,408,85,493,6,0.3953467487254619
lncRNA_11457,486,7,493,14,0.594570915913306
lncRNA_11072,486,7,493,23,0.5473687047364801
lncRNA_301,488,4,492,14,0.5386626004298285
lncRNA_30082,489,2,491,8,0.536084710097224
lncRNA_26212,461,30,491,8,0.4891132947016375
lncRNA_23347,456,35,491,7,0.48357838532005887
lncRNA_18242,490,0,490,12,0.5368865132020633
lncRNA_11194,454,36,490,13,0.46823915850760306
lncRNA_11073,485,5,490,27,0.5435566454175377
lncRNA_371,416,73,489,9,0.3918338385935659
lncRNA_13342,460,29,489,4,0.4892980853489238
lncRNA_8852,440,49,489,4,0.4440449843827302
lncRNA_7186,489,0,489,14,0.5387109946149009
lncRNA_4955,476,12,488,14,0.5799654026425376
lncRNA_8467,466,21,487,8,0.5052381743471691
lncRNA_20089,484,3,487,17,0.5377720697354588
lncRNA_27346,483,4,487,3,0.5453498343446741
lncRNA_4243,482,4,486,19,0.5481018310123998
lncRNA_30989,484,1,485,3,0.5397753360510212
lncRNA_28409,462,23,485,13,0.5569082578326452
lncRNA_21197,462,23,485,4,0.4956944077903246
lncRNA_30140,425,60,485,2,0.4144572472289765
lncRNA_836,384,100,484,10,0.3273870135638801
lncRNA_30094,466,18,484,8,0.5153166570145745
lncRNA_6050,450,34,484,9,0.4797861270234959
lncRNA_19146,483,1,484,11,0.537902951574153
lncRNA_15406,464,20,484,13,0.5701243795356192
lncRNA_2965,482,1,483,17,0.5961706645297149
lncRNA_26385,459,24,483,2,0.49905915831041003
lncRNA_4939,460,23,483,4,0.4979342243849058
lncRNA_21146,468,15,483,14,0.5727117055864243
lncRNA_837,382,100,482,10,0.3261939913696648
lncRNA_11193,448,34,482,12,0.4714418636196606
lncRNA_31255,479,3,482,15,0.5386284351090121
lncRNA_10256,473,8,481,16,0.5642636434216795
lncRNA_30618,479,2,481,10,0.5371338590359225
lncRNA_2486,480,1,481,10,0.5490701618395024
lncRNA_25952,473,8,481,12,0.579950614442
lncRNA_3143,464,17,481,11,0.515268714480251
lncRNA_12490,472,9,481,13,0.5756690949352566
lncRNA_15999,392,88,480,7,0.38139954539687243
lncRNA_23504,416,64,480,9,0.4086671762822379
lncRNA_8732,427,53,480,5,0.4347477906547293
lncRNA_6347,431,49,480,11,0.4308944991531278
lncRNA_16625,460,19,479,15,0.5572902403273324
lncRNA_22467,462,17,479,12,0.5092399350542874
lncRNA_3804,467,12,479,13,0.5803032532969975
lncRNA_26286,201,277,478,6,-0.0750013024941924
lncRNA_139,471,7,478,21,0.5329321869649946
lncRNA_140,471,7,478,21,0.5329321869649946
lncRNA_20394,472,5,477,14,0.5920683865105327
lncRNA_4788,477,0,477,14,0.5425379694226906
lncRNA_30095,459,18,477,8,0.5152330466460187
lncRNA_7375,461,16,477,15,0.5278251443029173
lncRNA_28284,470,7,477,15,0.583189708452935
lncRNA_28493,474,3,477,9,0.5673289185347921
lncRNA_3145,460,17,477,10,0.5149937197853949
lncRNA_24181,464,13,477,13,0.541853141077471
lncRNA_9861,468,8,476,22,0.517273897978015
lncRNA_24560,470,4,474,13,0.5945627167243405
lncRNA_23315,473,1,474,15,0.5824395030758434
lncRNA_23314,473,1,474,15,0.5824395030758434
lncRNA_1902,471,3,474,15,0.5920656921554563
lncRNA_22678,453,20,473,26,0.4911389837894746
lncRNA_23782,469,4,473,11,0.5791222553782995
lncRNA_26597,466,7,473,5,0.5247627772960115
lncRNA_15524,445,28,473,2,0.48452142407345644
lncRNA_28843,407,66,473,5,0.4043009050780338
lncRNA_29797,444,29,473,5,0.4897156186450663
lncRNA_10184,417,56,473,6,0.4234757457066768
lncRNA_17200,458,14,472,9,0.5085819128405976
lncRNA_13459,469,3,472,1,0.5529551030550778
lncRNA_5359,387,85,472,5,0.35508804176580044
lncRNA_2848,373,99,472,4,0.3096784891730311
lncRNA_24262,450,22,472,5,0.5090394580349653
lncRNA_2966,472,0,472,16,0.6027541495295634
lncRNA_6935,471,1,472,13,0.603932207545515
lncRNA_30286,470,1,471,16,0.5910991739770112
lncRNA_3161,471,0,471,25,0.5372770432463142
lncRNA_20702,153,318,471,10,-0.19554277827903996
lncRNA_19145,470,1,471,10,0.537158055533249
lncRNA_30471,466,4,470,17,0.5396720457988103
lncRNA_1400,459,11,470,13,0.5250661461467209
lncRNA_30217,437,32,469,15,0.506451241437506
lncRNA_4114,450,18,468,18,0.5234134526843439
lncRNA_28844,400,68,468,5,0.39852040978387904
lncRNA_7721,461,6,467,9,0.5412406899191327
lncRNA_17795,411,55,466,5,0.4293226335304562
lncRNA_14654,325,141,466,9,0.2150088604693034
lncRNA_23214,462,4,466,15,0.5342406773225998
lncRNA_24912,452,13,465,2,0.5046128259242199
lncRNA_1674,464,1,465,7,0.532173733679495
lncRNA_25355,450,15,465,9,0.5164454901337405
lncRNA_27667,407,57,464,8,0.420212616899992
lncRNA_30120,424,40,464,13,0.5035111188923472
lncRNA_8627,459,5,464,13,0.527059970138663
lncRNA_29720,422,42,464,9,0.4539888449470928
lncRNA_20751,463,0,463,19,0.5465918818151622
lncRNA_27550,450,13,463,13,0.5664604591270118
lncRNA_3594,456,7,463,14,0.5917361974482452
lncRNA_2423,462,1,463,14,0.5491318293741053
lncRNA_30781,452,11,463,14,0.5880329197515178
lncRNA_14126,435,28,463,2,0.5282190247093118
lncRNA_16534,450,12,462,14,0.5200406646776763
lncRNA_19359,445,17,462,9,0.510314327691625
lncRNA_8468,441,21,462,8,0.5030956657888127
lncRNA_22788,422,40,462,9,0.46133531195640204
lncRNA_9063,439,23,462,14,0.5506241454791121
lncRNA_30523,458,3,461,18,0.5385587436847648
lncRNA_10922,461,0,461,14,0.6190442756369735
lncRNA_841,458,3,461,12,0.5930587195477318
lncRNA_27539,414,46,460,8,0.4443621116320129
lncRNA_28179,431,28,459,12,0.5479741449054035
lncRNA_23886,441,18,459,13,0.5764904684877812
lncRNA_3040,433,26,459,7,0.49174580640264365
lncRNA_4321,447,12,459,12,0.5443684015201129
lncRNA_23887,441,18,459,13,0.5764904684877812
lncRNA_19932,457,1,458,14,0.5336466699174045
lncRNA_26089,427,30,457,14,0.5407462906044155
lncRNA_7887,454,2,456,12,0.6099098185563501
lncRNA_18688,450,6,456,10,0.5292205672994059
lncRNA_30173,353,102,455,6,0.3088384727713053
lncRNA_19120,81,373,454,14,-0.34484065994545743
lncRNA_8219,450,4,454,11,0.5434679227011323
lncRNA_6871,453,1,454,13,0.5453789064300615
lncRNA_15304,448,5,453,13,0.6002800826957251
lncRNA_22157,358,95,453,2,0.3383617725036563
lncRNA_18495,306,147,453,2,0.20177885960114553
lncRNA_30446,445,7,452,16,0.5889697636033387
lncRNA_25501,448,4,452,13,0.6060562243014913
lncRNA_19432,437,15,452,15,0.5749437152776165
lncRNA_30178,444,8,452,7,0.5260206044364555
lncRNA_12935,452,0,452,13,0.5940537239638055
lncRNA_17955,438,13,451,14,0.5774070047501755
lncRNA_11796,412,39,451,4,0.4558389824859689
lncRNA_9800,410,41,451,2,0.4573622647228869
lncRNA_32068,446,5,451,13,0.5906944029590855
lncRNA_25538,439,12,451,2,0.5228966306180527
lncRNA_11795,412,39,451,4,0.4558389824859689
lncRNA_2058,395,55,450,12,0.4142586982407464
lncRNA_29997,439,11,450,13,0.5602271453173151
lncRNA_12215,446,4,450,14,0.5914113090700618
lncRNA_29996,439,11,450,13,0.5602385547113483
lncRNA_18524,339,111,450,8,0.2772793730867953
lncRNA_3094,407,43,450,5,0.45816568001353436
lncRNA_26918,355,94,449,9,0.3272785740203337
lncRNA_11757,411,38,449,8,0.4665731240965221
lncRNA_30521,448,1,449,17,0.5367203726675835
lncRNA_27168,444,5,449,13,0.5739702202485654
lncRNA_3841,424,25,449,13,0.4909529313385695
lncRNA_20338,435,14,449,14,0.5659446395898787
lncRNA_12972,408,40,448,12,0.4522886742986458
lncRNA_14563,447,1,448,19,0.549370904877042
lncRNA_1231,439,9,448,15,0.532502133162439
lncRNA_15742,411,37,448,15,0.5150244002156693
lncRNA_21690,402,46,448,10,0.45253224528995295
lncRNA_18038,437,11,448,6,0.5289706910372679
lncRNA_23473,356,91,447,12,0.34177286806874546
lncRNA_24194,407,40,447,10,0.45275520928567836
lncRNA_12971,407,40,447,12,0.45226197557496056
lncRNA_19105,439,7,446,23,0.5513462145687337
lncRNA_18866,439,7,446,23,0.5513462145687337
lncRNA_18868,439,7,446,23,0.5513462145687337
lncRNA_7604,416,30,446,4,0.48749831525809784
lncRNA_20606,440,6,446,11,0.527663450836144
lncRNA_30910,432,13,445,7,0.5168176283437709
lncRNA_10569,444,1,445,13,0.5772732193310264
lncRNA_25031,400,45,445,5,0.4483310692407276
lncRNA_25032,400,45,445,5,0.4483792087978034
lncRNA_25030,400,45,445,5,0.4483310692407276
lncRNA_6400,441,4,445,10,0.5330473018035848
lncRNA_27637,98,347,445,9,-0.3208133948834139
lncRNA_32186,368,77,445,5,0.3692261135236692
lncRNA_22310,434,10,444,14,0.5802578198909717
lncRNA_989,426,18,444,14,0.5509289519038941
lncRNA_2226,390,54,444,5,0.4192249635975612
lncRNA_20280,440,4,444,13,0.5936744109536701
lncRNA_4329,407,37,444,10,0.4527529391972884
lncRNA_25312,439,4,443,7,0.5275368525871329
lncRNA_10849,410,33,443,4,0.4706554266930844
lncRNA_3789,441,2,443,17,0.585998747912885
lncRNA_29318,441,2,443,22,0.5393090254398589
lncRNA_11381,442,0,442,13,0.5731028093645689
lncRNA_2962,433,9,442,12,0.5702187197175372
lncRNA_4159,398,44,442,9,0.4443100877661153
lncRNA_21182,439,1,440,8,0.5408925668166248
lncRNA_24269,437,3,440,12,0.5354651756456329
lncRNA_22159,343,97,440,2,0.3258312418158132
lncRNA_22158,343,97,440,2,0.32589079264854454
lncRNA_6267,399,40,439,2,0.4689283541019458
lncRNA_12502,434,4,438,14,0.5825058253038323
lncRNA_9127,427,11,438,15,0.5765991982856123
lncRNA_29602,416,21,437,13,0.5640884394787722
lncRNA_25029,389,48,437,5,0.4402600617859879
lncRNA_24053,411,26,437,13,0.5414707488495731
lncRNA_6071,422,14,436,4,0.5090717908694204
lncRNA_343,352,84,436,8,0.3496321603128047
lncRNA_23825,434,2,436,11,0.5468574646060301
lncRNA_21509,395,40,435,5,0.44657293852840063
lncRNA_15394,427,8,435,8,0.5554079755683028
lncRNA_25315,405,30,435,4,0.47011874392981196
lncRNA_18788,428,6,434,13,0.5865964321061143
lncRNA_8653,433,1,434,10,0.5403466270255244
lncRNA_12845,280,154,434,2,0.16895715067086958
lncRNA_12991,419,15,434,9,0.5123260931827133
lncRNA_23960,410,24,434,21,0.4818508044251002
lncRNA_24154,400,33,433,7,0.4723754782789847
lncRNA_27566,431,2,433,14,0.5515121694825323
lncRNA_14694,412,21,433,8,0.5035435561949219
lncRNA_6520,429,3,432,9,0.5296466661043672
lncRNA_22675,431,1,432,9,0.5405983547892375
lncRNA_1492,402,30,432,4,0.4859639252454668
lncRNA_24267,432,0,432,11,0.5400547343967381
lncRNA_20657,315,117,432,11,0.2800667067567437
lncRNA_8470,411,21,432,2,0.49742347290508254
lncRNA_25910,381,50,431,5,0.42402605009507566
lncRNA_2237,410,21,431,14,0.5514897659764715
lncRNA_3214,404,27,431,9,0.4956374384449791
lncRNA_4156,392,39,431,9,0.45455083969923676
lncRNA_12740,429,2,431,12,0.6065227498831426
lncRNA_4322,417,13,430,12,0.5412312811482481
lncRNA_18490,343,87,430,10,0.3279566682808662
lncRNA_8609,422,8,430,15,0.5151604356200186
lncRNA_8469,409,21,430,2,0.4972590378137303
lncRNA_8774,424,5,429,4,0.5274585784894072
lncRNA_25088,396,33,429,0,0.4674245691598533
lncRNA_25089,396,33,429,0,0.4683678604127775
lncRNA_17079,419,9,428,5,0.5179390764565092
lncRNA_17082,419,9,428,5,0.5179390764565092
lncRNA_17678,182,246,428,3,-0.06982415034386386
lncRNA_25090,395,33,428,0,0.4671874426083732
lncRNA_5593,386,41,427,13,0.4897444531783667
lncRNA_13867,424,3,427,12,0.5968413054444999
lncRNA_27507,267,159,426,11,0.14602513607316278
lncRNA_25021,424,2,426,12,0.5337727371628305
lncRNA_8706,415,11,426,17,0.5243357822148187
lncRNA_9917,189,236,425,3,-0.09181670360425243
lncRNA_16825,416,9,425,13,0.5855210430705073
lncRNA_28415,399,26,425,22,0.48687574142087864
lncRNA_28012,421,4,425,12,0.5719997204583749
lncRNA_9045,410,15,425,12,0.5298861357234573
lncRNA_18646,417,8,425,13,0.5749394811236634
lncRNA_12574,351,74,425,12,0.3700579994381735
lncRNA_4544,253,171,424,3,0.10828375491133463
lncRNA_30609,409,15,424,14,0.5420603700518212
lncRNA_30522,420,4,424,17,0.5354458323477836
lncRNA_25081,325,98,423,4,0.30107956323796237
lncRNA_4545,253,170,423,4,0.11006878124458509
lncRNA_25447,423,0,423,5,0.534793016391132
lncRNA_24027,418,5,423,14,0.6050113955659564
lncRNA_18314,399,23,422,8,0.539061576812464
lncRNA_22801,401,21,422,16,0.49795427060970937
lncRNA_1131,316,105,421,5,0.27589309079091917
lncRNA_27528,408,13,421,6,0.5159973224726561
lncRNA_3464,378,43,421,14,0.49765921878618685
lncRNA_28771,406,15,421,1,0.5108037446423888
lncRNA_22935,402,17,419,12,0.5705051529213212
lncRNA_29990,400,18,418,7,0.5127260250706678
lncRNA_22502,416,2,418,5,0.5359363138827602
lncRNA_11706,416,1,417,16,0.5447340309105805
lncRNA_18755,408,8,416,12,0.5877476631805381
lncRNA_13170,391,25,416,2,0.48771239874801764
lncRNA_13169,391,25,416,2,0.48771239874801764
lncRNA_26129,391,25,416,10,0.5016519645906924
lncRNA_11628,373,42,415,9,0.46948862453144585
lncRNA_19123,103,311,414,10,-0.26910330869323934
lncRNA_9812,337,77,414,1,0.3596296355921247
lncRNA_21072,414,0,414,10,0.587425556618889
lncRNA_12654,231,183,414,4,0.05233917197417523
lncRNA_7658,371,43,414,6,0.44125288692291564
lncRNA_22429,295,119,414,2,0.24437924354480653
lncRNA_4868,410,3,413,10,0.5522374299801325
lncRNA_141,412,1,413,11,0.5814076267518404
lncRNA_10835,358,55,413,7,0.40416138957782316
lncRNA_054,375,38,413,10,0.4493422583583212
lncRNA_23163,400,12,412,14,0.5701097099043216
lncRNA_23022,405,7,412,14,0.5930057704972365
lncRNA_15600,401,11,412,15,0.5197425702931393
lncRNA_1017,351,60,411,8,0.3911368426077386
lncRNA_22738,274,137,411,3,0.18982678113816026
lncRNA_24551,390,21,411,5,0.4881592938995012
lncRNA_26253,330,81,411,4,0.342991098878629
lncRNA_22737,269,142,411,3,0.17674805026921475
lncRNA_5597,355,56,411,8,0.40064305268291495
lncRNA_22672,410,0,410,11,0.5482712304541041
lncRNA_11027,406,4,410,9,0.5386996185252529
lncRNA_22674,410,0,410,11,0.5482712304541041
lncRNA_29595,407,3,410,15,0.5843196903599102
lncRNA_23290,313,97,410,4,0.2869079901055045
lncRNA_28428,402,8,410,17,0.5208611724180003
lncRNA_28426,402,8,410,17,0.5208611724180003
lncRNA_28115,405,4,409,14,0.5928309918683143
lncRNA_4543,184,225,409,3,-0.05794630276538316
lncRNA_6316,403,6,409,11,0.536546201690389
lncRNA_13198,386,22,408,9,0.5023212190606187
lncRNA_7843,407,1,408,12,0.5814634162673907
lncRNA_3359,402,6,408,11,0.5657343375694872
lncRNA_4763,408,0,408,20,0.5337083321828655
lncRNA_24594,405,3,408,3,0.5337887952433255
lncRNA_5770,378,29,407,4,0.47217446910438043
lncRNA_18313,384,23,407,7,0.5362568700910259
lncRNA_26213,377,30,407,7,0.4765747555267277
lncRNA_21959,403,4,407,17,0.5265246152766829
lncRNA_25046,305,101,406,8,0.3089506760778666
lncRNA_1962,403,3,406,13,0.5965065151466998
lncRNA_18318,384,22,406,7,0.5388619356551235
lncRNA_30514,402,3,405,11,0.5842310964525341
lncRNA_26088,398,6,404,12,0.5865167341225229
lncRNA_24084,400,4,404,12,0.5960799926401326
lncRNA_3809,323,81,404,6,0.33644869062390265
lncRNA_524,315,89,404,6,0.31152747791167174
lncRNA_29139,393,11,404,9,0.5179461967559712
lncRNA_3158,374,30,404,7,0.5062124584781167
lncRNA_12213,378,25,403,7,0.4729301007672415
lncRNA_13074,378,25,403,4,0.4925763521351655
lncRNA_18497,370,33,403,6,0.4625596682563544
lncRNA_5582,401,2,403,9,0.5236678444986828
lncRNA_14715,399,2,401,4,0.5389328696961805
lncRNA_26269,383,18,401,5,0.5120372074387826
lncRNA_22510,388,13,401,6,0.5197910639287968
lncRNA_24266,401,0,401,11,0.541863623983518
lncRNA_5444,394,7,401,10,0.523226056306776
lncRNA_20991,399,1,400,12,0.6149064666760271
lncRNA_20735,257,143,400,4,0.1451516774766704
lncRNA_3041,372,28,400,7,0.47563515621772384
lncRNA_14162,396,3,399,13,0.5302868093759976
lncRNA_20736,256,143,399,4,0.14423184643551468
lncRNA_27503,33,366,399,0,-0.4604301803132002
lncRNA_9458,398,1,399,16,0.5304394666185912
lncRNA_29178,388,11,399,15,0.5880573549016508
lncRNA_18316,377,22,399,7,0.5375962870779176
lncRNA_18315,377,22,399,7,0.5375962870779176
lncRNA_18317,377,22,399,7,0.5375962870779176
lncRNA_5446,392,7,399,10,0.5231838112910256
lncRNA_13966,263,135,398,4,0.17632775847908275
lncRNA_4255,396,1,397,5,0.535123481118416
lncRNA_5792,298,99,397,6,0.2813341867577038
lncRNA_18133,318,79,397,4,0.3443525180276563
lncRNA_7252,391,6,397,9,0.5246182047760019
lncRNA_13907,386,11,397,12,0.5690886924378429
lncRNA_12259,382,15,397,7,0.5107418969583413
lncRNA_20854,332,64,396,10,0.37990604949906126
lncRNA_30520,396,0,396,7,0.5411226376974813
lncRNA_27270,359,37,396,1,0.4569042127608989
lncRNA_281,388,7,395,12,0.5426596405642828
lncRNA_18058,366,29,395,4,0.46954117374955734
lncRNA_30651,387,8,395,6,0.5176165122707903
lncRNA_16138,394,1,395,15,0.5731224831222563
lncRNA_6569,384,10,394,12,0.5806887364115381
lncRNA_22012,389,5,394,5,0.537310379850566
lncRNA_25558,352,42,394,12,0.4859329626583875
lncRNA_9370,379,15,394,11,0.5423729655505237
lncRNA_7249,387,6,393,11,0.6018388049789731
lncRNA_14717,392,1,393,4,0.542023175014829
lncRNA_29596,366,27,393,11,0.5250783077338799
lncRNA_2228,386,7,393,11,0.5688762606843564
lncRNA_11090,392,1,393,13,0.5852109352310315
lncRNA_14642,370,22,392,11,0.5045582781878737
lncRNA_11095,376,16,392,14,0.5240006425707567
lncRNA_24060,380,12,392,12,0.5866900609139558
lncRNA_9801,343,49,392,0,0.42326992601770697
lncRNA_4888,380,12,392,5,0.5220325296664302
lncRNA_22739,251,141,392,2,0.15916993987428224
lncRNA_27909,385,7,392,20,0.5657517072153568
lncRNA_17755,367,24,391,0,0.49376707882476334
lncRNA_525,287,104,391,4,0.2615677531423577
lncRNA_20476,369,22,391,11,0.544936909815204
lncRNA_10039,361,30,391,12,0.5257667690865896
lncRNA_7456,379,11,390,3,0.5230542068660369
lncRNA_27508,386,4,390,13,0.5302062048675235
lncRNA_14709,386,4,390,5,0.5344605833798457
lncRNA_4593,335,55,390,2,0.4128474092711672
lncRNA_22426,387,3,390,10,0.537875942966737
lncRNA_20948,388,1,389,9,0.5424921325614456
lncRNA_14658,336,53,389,6,0.41662733223956333
lncRNA_9803,352,37,389,6,0.45556497682934277
lncRNA_25926,385,3,388,22,0.5317740676388082
lncRNA_4315,360,28,388,12,0.5281301655563327
lncRNA_19715,372,16,388,13,0.5585046728119298
lncRNA_27363,388,0,388,10,0.535030334076634
lncRNA_19682,385,3,388,14,0.5584750031036583
lncRNA_24290,363,24,387,6,0.5016528483434961
lncRNA_9799,335,52,387,1,0.41304766333326504
lncRNA_5429,343,44,387,10,0.47089998585364196
lncRNA_221,340,47,387,5,0.4317262917041412
lncRNA_8589,227,160,387,4,0.09119572079022958
lncRNA_23849,380,6,386,11,0.5458389926373085
lncRNA_14659,332,54,386,4,0.4130164338819773
lncRNA_5663,351,35,386,6,0.44803539470596543
lncRNA_31234,384,2,386,12,0.5975850305349335
lncRNA_15786,385,1,386,13,0.6039571420008113
lncRNA_14388,358,27,385,9,0.47587987053619746
lncRNA_14660,330,55,385,4,0.4099699463807544
lncRNA_30830,372,13,385,8,0.512607992588978
lncRNA_10884,373,12,385,8,0.522941633240711
lncRNA_2258,332,53,385,7,0.40087184837612233
lncRNA_2039,385,0,385,12,0.605702920546024
lncRNA_10266,384,1,385,10,0.5816095783633487
lncRNA_5185,383,2,385,11,0.6073377766212756
lncRNA_19970,382,3,385,14,0.5587510464003352
lncRNA_2763,380,5,385,6,0.5231227719283857
lncRNA_31038,330,55,385,9,0.4173927753146383
lncRNA_28429,376,8,384,16,0.5201276842326997
lncRNA_13295,382,2,384,8,0.5467492239261076
lncRNA_21885,379,5,384,5,0.5306426556041698
lncRNA_21886,379,5,384,5,0.5306426556041698
lncRNA_29523,379,5,384,16,0.5431883787762178
lncRNA_10556,374,10,384,10,0.5424888347990663
lncRNA_14647,315,69,384,4,0.3665608441257402
lncRNA_4547,247,137,384,5,0.16698353743267266
lncRNA_27271,311,73,384,1,0.3424953077545656
lncRNA_22342,376,7,383,12,0.5870326069116236
lncRNA_27076,289,94,383,13,0.2893165620956423
lncRNA_27040,372,11,383,10,0.5460617971815099
lncRNA_20706,382,1,383,12,0.5401749123330778
lncRNA_20705,382,1,383,12,0.5401749123330778
lncRNA_20661,375,8,383,2,0.5204329782725785
lncRNA_16391,375,7,382,6,0.5317508750138422
lncRNA_10716,367,15,382,7,0.5196524429193972
lncRNA_4301,293,89,382,5,0.2998199135410064
lncRNA_12447,381,1,382,17,0.551263338079774
lncRNA_14954,355,26,381,3,0.476847052702648
lncRNA_30452,374,7,381,6,0.5196796730017246
lncRNA_18131,343,37,380,3,0.4534065878173532
lncRNA_8616,375,4,379,12,0.5210133658084434
lncRNA_6462,379,0,379,9,0.5812491436349762
lncRNA_18522,241,138,379,6,0.14154710498617976
lncRNA_18523,241,138,379,6,0.14154710498617976
lncRNA_20681,375,4,379,12,0.5294703797570725
lncRNA_29373,260,118,378,5,0.21257542202670532
lncRNA_30327,253,124,377,4,0.1832367433987997
lncRNA_30650,369,8,377,6,0.5163946730743055
lncRNA_5649,372,5,377,2,0.5218040792233462
lncRNA_4636,254,122,376,4,0.19342313065204078
lncRNA_8590,293,82,375,4,0.31584719119481935
lncRNA_31885,367,8,375,4,0.5154686872462867
lncRNA_20680,370,5,375,12,0.5260273836780456
lncRNA_247,374,0,374,12,0.5986893311804737
lncRNA_27529,365,9,374,4,0.5235227305073983
lncRNA_27920,368,6,374,7,0.5194360201484423
lncRNA_28780,369,4,373,12,0.5908623212834851
lncRNA_8256,362,11,373,14,0.5174868736358075
lncRNA_13465,337,36,373,7,0.45309527361619945
lncRNA_10069,357,16,373,12,0.5629426972226489
lncRNA_14522,245,128,373,2,0.1838879444494703
lncRNA_2847,311,61,372,2,0.3769316944565046
lncRNA_21214,368,4,372,12,0.5670525816251826
lncRNA_3545,365,7,372,12,0.594091474644243
lncRNA_1991,351,20,371,12,0.4891765063895351
lncRNA_12116,268,103,371,7,0.2440229113519781
lncRNA_4546,142,229,371,5,-0.12273366271522283
lncRNA_29132,359,12,371,7,0.5180663107602619
lncRNA_14594,352,19,371,27,0.5031131824372496
lncRNA_19150,360,10,370,1,0.5074743298166073
lncRNA_17677,177,193,370,2,-0.009131259244939295
lncRNA_13514,343,27,370,1,0.4712250629490693
lncRNA_20953,357,13,370,5,0.5082910718801146
lncRNA_9557,369,1,370,8,0.5314110806002632
lncRNA_20509,358,12,370,12,0.5459011194055291
lncRNA_11169,343,27,370,3,0.47630569186421706
lncRNA_18489,265,104,369,6,0.23762069182770656
lncRNA_2332,361,8,369,3,0.5198327996495004
lncRNA_27515,338,31,369,4,0.4716606391493857
lncRNA_9907,290,78,368,6,0.31861508749523637
lncRNA_10334,334,34,368,13,0.4870383073751514
lncRNA_15030,362,6,368,5,0.5276496876282629
lncRNA_342,334,34,368,12,0.4575731966348581
lncRNA_30243,338,30,368,3,0.4712229381582218
lncRNA_10850,341,27,368,3,0.4742411387139534
lncRNA_27736,357,10,367,12,0.5585736160057891
lncRNA_20913,344,23,367,15,0.4723230560949667
lncRNA_13479,246,121,367,3,0.19090671215946128
lncRNA_13213,357,10,367,2,0.5311710152975267
lncRNA_25780,365,1,366,10,0.5281478389011239
lncRNA_6978,276,90,366,3,0.2836584169396346
lncRNA_27725,353,13,366,11,0.5635139133969169
lncRNA_7834,346,20,366,11,0.5300192918403326
lncRNA_20926,361,4,365,12,0.5285303702700989
lncRNA_9602,363,2,365,15,0.532962918811806
lncRNA_32120,288,77,365,6,0.3210388762439385
lncRNA_16594,348,17,365,11,0.4917442268700743
lncRNA_20038,317,48,365,16,0.40378318563757165
lncRNA_15687,330,34,364,4,0.4547861875399511
lncRNA_5738,288,75,363,3,0.3346595601321465
lncRNA_20868,349,14,363,11,0.5366242976731889
lncRNA_26327,362,0,362,4,0.53546436129602
lncRNA_30518,362,0,362,6,0.5414523476905562
lncRNA_13212,352,10,362,2,0.5308285145894905
lncRNA_18882,66,296,362,5,-0.3440529783807577
lncRNA_26343,110,251,361,3,-0.2534729932773157
lncRNA_5739,283,78,361,3,0.3254327779330171
lncRNA_2714,360,0,360,8,0.5406768366891292
lncRNA_6459,360,0,360,10,0.5810648531038628
lncRNA_2974,359,1,360,9,0.5693566949939962
lncRNA_25876,354,5,359,12,0.5592336972921818
lncRNA_18697,358,1,359,13,0.6113617215724166
lncRNA_13215,347,12,359,2,0.5253126173337554
lncRNA_30077,346,12,358,6,0.5118128699811986
lncRNA_18488,250,107,357,6,0.21901415798250862
lncRNA_5974,357,0,357,9,0.6005149471762983
lncRNA_24298,356,1,357,8,0.535249940849012
lncRNA_27688,343,14,357,11,0.5531095814834881
lncRNA_13214,345,12,357,2,0.524995155681868
lncRNA_29136,346,11,357,7,0.5229941972647005
lncRNA_18593,327,30,357,3,0.48518148692499785
lncRNA_28423,350,6,356,10,0.5225545750927344
lncRNA_3666,352,4,356,11,0.5929961156418418
lncRNA_28165,23,333,356,2,-0.457614576225207
lncRNA_9496,348,8,356,12,0.5589218288504607
lncRNA_23802,253,102,355,3,0.23624477143734732
lncRNA_13460,323,32,355,2,0.46327320215595535
lncRNA_5737,284,71,355,4,0.34858558096958564
lncRNA_3015,352,3,355,8,0.5848294369182399
lncRNA_4175,351,3,354,4,0.5340460443512596
lncRNA_9463,316,38,354,10,0.4240831396945472
lncRNA_17901,333,21,354,3,0.4858452325701723
lncRNA_28073,348,6,354,13,0.5788982937334007
lncRNA_6190,99,254,353,3,-0.24118631680361372
lncRNA_22444,309,44,353,11,0.4129522154137466
lncRNA_16492,287,66,353,9,0.35737583988471106
lncRNA_27506,317,36,353,5,0.45061384478597605
lncRNA_11697,308,45,353,6,0.4065007718350355
lncRNA_20873,327,26,353,3,0.46342301191548024
lncRNA_25939,350,2,352,11,0.5305505747525825
lncRNA_13106,336,16,352,2,0.49334630630952564
lncRNA_25824,318,33,351,4,0.45366894572669536
lncRNA_20918,346,5,351,11,0.525040809590821
lncRNA_1713,351,0,351,14,0.5902272576797433
lncRNA_14420,269,82,351,7,0.31071832768927704
lncRNA_11401,330,21,351,11,0.5196992743963968
lncRNA_4320,296,55,351,9,0.4374070279724122
lncRNA_20029,298,53,351,12,0.4194149033766554
lncRNA_22732,347,3,350,9,0.5371105810930502
lncRNA_8169,205,145,350,3,0.10343192923288878
lncRNA_27449,349,1,350,7,0.5321438503773175
lncRNA_2835,346,4,350,22,0.5844599120355536
lncRNA_24718,168,181,349,4,-0.024540639121014615
lncRNA_26905,349,0,349,9,0.5386116174061321
lncRNA_26662,348,1,349,6,0.5328260538052279
lncRNA_22724,256,93,349,2,0.2597185220610661
lncRNA_28890,334,14,348,11,0.5140486429301506
lncRNA_10570,348,0,348,12,0.5736599754925568
lncRNA_3342,341,7,348,12,0.5839366755916369
lncRNA_12865,348,0,348,11,0.5971208171565274
lncRNA_22427,343,5,348,4,0.5316618650527394
lncRNA_2445,324,23,347,4,0.47433123918770703
lncRNA_13819,342,5,347,11,0.5461082280609054
lncRNA_3132,323,24,347,26,0.47254570962142467
lncRNA_3107,313,34,347,5,0.45235579902897394
lncRNA_15794,342,5,347,12,0.5871869404366841
lncRNA_568,283,64,347,5,0.34704148363019727
lncRNA_4220,320,26,346,4,0.4646286461796113
lncRNA_8301,130,216,346,7,-0.13275570382657004
lncRNA_25366,343,3,346,9,0.532799544225911
lncRNA_8168,216,129,345,4,0.14470020875695933
lncRNA_16105,332,13,345,12,0.5094334828831873
lncRNA_22725,253,92,345,2,0.2593289289129971
lncRNA_15688,314,31,345,4,0.4590329395879922
lncRNA_12449,338,7,345,10,0.5883390350284461
lncRNA_18201,309,36,345,5,0.4531197371936762
lncRNA_6255,272,72,344,3,0.3343996670250411
lncRNA_7068,316,28,344,7,0.45558165332103434
lncRNA_15759,338,6,344,11,0.5641163147092939
lncRNA_14953,332,12,344,2,0.5142923242233433
lncRNA_14974,344,0,344,13,0.5944800142226475
lncRNA_23293,344,0,344,9,0.5727738653890375
lncRNA_17842,278,65,343,3,0.3393280835867543
lncRNA_5456,338,4,342,6,0.5289929005646741
lncRNA_23853,334,8,342,11,0.585522800987659
lncRNA_32119,260,82,342,4,0.2895539651362802
lncRNA_13105,331,11,342,4,0.5056128866591755
lncRNA_16104,329,13,342,12,0.5083132954092547
lncRNA_4323,284,58,342,8,0.42451614483648487
lncRNA_20922,337,5,342,11,0.5256808793582881
lncRNA_8658,322,20,342,7,0.5220873396537056
lncRNA_26512,294,48,342,4,0.39965093333385615
lncRNA_3110,307,34,341,5,0.4510880342449146
lncRNA_29786,339,2,341,5,0.5447482080014515
lncRNA_11180,327,14,341,7,0.537352136096332
lncRNA_2263,321,20,341,8,0.49188927186280434
lncRNA_16103,327,14,341,11,0.5056297364782522
lncRNA_26191,325,15,340,8,0.5356181513246877
lncRNA_1014,285,55,340,9,0.3706608064849494
lncRNA_12115,276,64,340,6,0.3415332001051791
lncRNA_17246,306,34,340,4,0.44720292252450317
lncRNA_11821,340,0,340,9,0.5948175058253223
lncRNA_11888,339,0,339,9,0.5396963161923948
lncRNA_18965,324,15,339,5,0.5017988615101006
lncRNA_31714,274,65,339,2,0.3418704874440124
lncRNA_7717,307,32,339,8,0.4493804700000704
lncRNA_22723,254,85,339,2,0.2787460749783413
lncRNA_25346,330,9,339,6,0.5241211781918906
lncRNA_2314,338,0,338,9,0.5514128204017353
lncRNA_17283,324,14,338,16,0.49992045515294675
lncRNA_17635,305,33,338,4,0.44954194410250486
lncRNA_274,327,11,338,18,0.5150857093438778
lncRNA_18130,219,118,337,1,0.17122398718603857
lncRNA_31933,238,98,336,5,0.23727082896614732
lncRNA_7156,120,216,336,4,-0.18459661454270154
lncRNA_30890,172,164,336,3,0.018056275993614614
lncRNA_26978,334,2,336,12,0.5453797300351021
lncRNA_20488,324,12,336,12,0.5067660877263369
lncRNA_5657,186,150,336,1,0.054894134192548766
lncRNA_30128,155,181,336,9,-0.03549734933291826
lncRNA_7155,120,216,336,4,-0.18459661454270154
lncRNA_30267,323,13,336,11,0.5698746575961416
lncRNA_17822,277,58,335,2,0.3627201360504573
lncRNA_4789,335,0,335,10,0.5549964944054258
lncRNA_11889,335,0,335,9,0.5404599433529829
lncRNA_28424,330,5,335,10,0.5253962541835072
lncRNA_4826,330,5,335,13,0.531181769709122
lncRNA_25635,312,23,335,4,0.47611695771128193
lncRNA_29935,320,15,335,4,0.49619101562138723
lncRNA_4639,271,64,335,5,0.3504740359857742
lncRNA_19103,334,1,335,12,0.5799504001085248
lncRNA_25633,312,23,335,4,0.47611695771128193
lncRNA_100,199,135,334,4,0.10763589311083015
lncRNA_18209,303,30,333,15,0.4489871020710833
lncRNA_6461,331,1,332,10,0.5444628349776766
lncRNA_5796,281,51,332,6,0.3896958051328472
lncRNA_23167,227,105,332,3,0.19688429372347496
lncRNA_26571,211,121,332,6,0.14875485152730794
lncRNA_14523,209,123,332,2,0.1549353274989529
lncRNA_14524,211,120,331,2,0.16300576651943993
lncRNA_32317,272,59,331,7,0.3616244431125056
lncRNA_24981,247,84,331,4,0.2776714816708233
lncRNA_30505,293,38,331,11,0.4254342131517396
lncRNA_24980,247,84,331,4,0.2776714816708233
lncRNA_3206,230,100,330,2,0.22621142299826996
lncRNA_18484,215,115,330,6,0.16295128686855603
lncRNA_2424,329,0,329,12,0.569205052902896
lncRNA_20067,163,166,329,2,-0.011536034544649522
lncRNA_22830,286,43,329,0,0.4200997736719496
lncRNA_11171,329,0,329,13,0.5592965987533479
lncRNA_1333,273,56,329,3,0.38034054346163865
lncRNA_4082,302,27,329,9,0.46739343675998607
lncRNA_2188,82,246,328,2,-0.28573291953601804
lncRNA_18487,220,108,328,6,0.18531261215064432
lncRNA_16326,321,7,328,6,0.5115070226968683
lncRNA_6180,319,9,328,2,0.5339474824962833
lncRNA_20070,136,191,327,4,-0.09967950684549193
lncRNA_14700,240,87,327,4,0.254446737427927
lncRNA_22431,157,170,327,6,-0.04554567972494205
lncRNA_1015,272,55,327,8,0.36269900092449686
lncRNA_22430,157,170,327,6,-0.045545661957430573
lncRNA_27390,323,3,326,8,0.556693531808593
lncRNA_25068,305,21,326,1,0.48321974532066014
lncRNA_30891,169,157,326,3,0.0225862528801161
lncRNA_20071,136,190,326,4,-0.09845391275679412
lncRNA_27992,9,317,326,9,-0.5056021397882379
lncRNA_5774,282,43,325,5,0.41635965512062073
lncRNA_15464,324,1,325,8,0.5851400843544913
lncRNA_18485,213,112,325,6,0.16786350428419095
lncRNA_5734,258,67,325,3,0.3394492375521496
lncRNA_20923,320,5,325,11,0.5246237679147522
lncRNA_17331,324,1,325,17,0.53795558279427
lncRNA_27579,321,4,325,7,0.5598777184165493
lncRNA_20069,136,189,325,4,-0.09698059301323111
lncRNA_1035,223,102,325,5,0.21541339382606423
lncRNA_19662,320,4,324,10,0.5472022842332795
lncRNA_24460,311,13,324,6,0.5103499692312352
lncRNA_18135,268,56,324,2,0.37552202528610273
lncRNA_18347,303,21,324,13,0.49172519594448727
lncRNA_18134,268,56,324,2,0.3755378103655299
lncRNA_29286,297,27,324,5,0.4785718401431223
lncRNA_14216,233,91,324,4,0.23783709007160356
lncRNA_12546,322,1,323,12,0.5829611497902103
lncRNA_25292,238,85,323,5,0.28705461344051936
lncRNA_13219,302,21,323,2,0.5069605303380612
lncRNA_26371,316,6,322,11,0.5345925377595417
lncRNA_5729,255,67,322,3,0.3378470355061185
lncRNA_14845,297,25,322,3,0.4842708494956584
lncRNA_4589,228,94,322,5,0.22828536283715492
lncRNA_9974,194,128,322,1,0.10604840083428448
lncRNA_22508,308,14,322,3,0.5110355481860556
lncRNA_15387,322,0,322,5,0.569218176835565
lncRNA_4124,318,4,322,9,0.5373340496577119
lncRNA_5731,255,67,322,3,0.3378470355061185
lncRNA_22509,308,14,322,3,0.5110355481860556
lncRNA_5727,255,67,322,3,0.3378470355061185
lncRNA_20068,139,183,322,2,-0.08367445815441589
lncRNA_19717,301,21,322,8,0.49732417885344016
lncRNA_16760,232,89,321,2,0.2658714312298925
lncRNA_18429,225,96,321,4,0.21843809974944653
lncRNA_5735,248,73,321,2,0.31142205474459617
lncRNA_31929,282,39,321,2,0.4222995995922725
lncRNA_1224,316,5,321,8,0.5487694684273124
lncRNA_5732,248,72,320,2,0.31382318435790524
lncRNA_10879,30,290,320,3,-0.45771702553180554
lncRNA_18486,204,116,320,6,0.14733718350199893
lncRNA_20026,318,2,320,8,0.5476769091445324
lncRNA_5730,248,72,320,2,0.3137807698034788
lncRNA_5728,248,72,320,2,0.3137807698034788
lncRNA_5504,246,74,320,4,0.30328870770463745
lncRNA_13155,319,1,320,4,0.5286214065761657
lncRNA_13142,319,0,319,8,0.5507526147112656
lncRNA_11118,261,58,319,2,0.35069203949750566
lncRNA_30116,298,21,319,13,0.5077600196173032
lncRNA_25087,275,44,319,0,0.4029993631701591
lncRNA_13042,265,53,318,1,0.3770052339336835
lncRNA_6402,172,146,318,10,0.042453628086235595
lncRNA_18538,264,54,318,0,0.37349901146223713
lncRNA_13043,265,53,318,1,0.3770052339336835
lncRNA_13624,226,92,318,2,0.2285213886409642
lncRNA_3207,219,99,318,2,0.21770803168627148
lncRNA_2608,236,82,318,1,0.27543910884983713
lncRNA_27273,300,17,317,1,0.5023695193533564
lncRNA_30506,279,37,316,11,0.4239707911279706
lncRNA_10855,225,91,316,2,0.24242136628963853
lncRNA_28581,311,5,316,8,0.5794393159158345
lncRNA_16109,307,9,316,8,0.5080003631984082
lncRNA_27554,263,53,316,5,0.3724590986893599
lncRNA_853,137,178,315,8,-0.05541543706524877
lncRNA_31737,236,79,315,7,0.28638631391141356
lncRNA_15653,236,79,315,0,0.2650688535516479
lncRNA_19593,313,2,315,12,0.527523742764276
lncRNA_22757,296,19,315,15,0.4737436040842086
lncRNA_10854,221,94,315,2,0.2307232528761839
lncRNA_24856,305,9,314,5,0.5211362610179189
lncRNA_8499,284,30,314,18,0.45868723069752937
lncRNA_27103,271,43,314,7,0.41088057134538775
lncRNA_28304,267,47,314,3,0.39026242975164266
lncRNA_2857,227,87,314,9,0.25376248050164485
lncRNA_1335,258,56,314,3,0.37006961447604586
lncRNA_30367,278,35,313,10,0.46711302563097923
lncRNA_18431,218,95,313,4,0.21356927819901464
lncRNA_453,306,7,313,8,0.534331162835722
lncRNA_18129,231,82,313,3,0.2691590158244763
lncRNA_6447,232,81,313,1,0.2764486371704064
lncRNA_5103,310,3,313,11,0.5515213875689012
lncRNA_21433,295,18,313,6,0.48873021735478106
lncRNA_9426,309,4,313,10,0.5606959767743435
lncRNA_30078,301,12,313,0,0.5032918153105616
lncRNA_28962,243,69,312,1,0.3183315785345754
lncRNA_18957,300,11,311,6,0.5068484824272612
lncRNA_13626,220,91,311,2,0.22426455250495392
lncRNA_26209,56,255,311,2,-0.3632521484909749
lncRNA_2481,310,1,311,9,0.5801349131656702
lncRNA_6608,81,230,311,5,-0.2822166831940241
lncRNA_14556,304,6,310,4,0.5251160629520776
lncRNA_14557,304,6,310,4,0.5251160629520776
lncRNA_21261,309,1,310,6,0.5340626695918893
lncRNA_15658,275,34,309,5,0.47747630337945585
lncRNA_5905,298,11,309,5,0.503089574421668
lncRNA_14354,277,32,309,4,0.43641662245236335
lncRNA_12650,209,100,309,1,0.19485148318577117
lncRNA_13329,297,12,309,9,0.5179382452131371
lncRNA_15615,308,0,308,3,0.5656012223800324
lncRNA_1124,260,48,308,4,0.3834880767935426
lncRNA_18503,258,50,308,6,0.3766574856104363
lncRNA_1186,290,17,307,4,0.4893476942786594
lncRNA_28434,286,21,307,5,0.49970236099531545
lncRNA_23586,269,38,307,3,0.4202660140799414
lncRNA_13937,212,94,306,1,0.20602687319523277
lncRNA_19070,254,52,306,2,0.3551575384995342
lncRNA_10628,302,4,306,10,0.5861524418203499
lncRNA_16203,262,42,304,6,0.39254132289147153
lncRNA_10430,266,38,304,3,0.4242812417205363
lncRNA_29340,188,116,304,2,0.12790508596964228
lncRNA_29241,188,116,304,2,0.12790508596964228
lncRNA_12842,276,28,304,6,0.445652996030425
lncRNA_5425,295,8,303,8,0.5714107433785854
lncRNA_5424,295,8,303,8,0.5714107433785854
lncRNA_13344,197,106,303,0,0.16408052878299473
lncRNA_14752,262,41,303,6,0.4085738618585921
lncRNA_6612,188,115,303,7,0.13674313507502336
lncRNA_26838,200,103,303,2,0.18291821851939527
lncRNA_14558,294,7,301,5,0.519634230904918
lncRNA_29133,284,17,301,9,0.4943363911232422
lncRNA_2669,300,1,301,5,0.5321866165056858
lncRNA_4052,267,34,301,5,0.421371581512197
lncRNA_4130,300,1,301,7,0.5652156591311803
lncRNA_27663,264,36,300,2,0.4239465467905988
lncRNA_27664,264,36,300,2,0.4239465467905988
lncRNA_25810,276,24,300,10,0.45931760693330176
lncRNA_327,38,262,300,14,-0.39802569093353035
lncRNA_27665,264,36,300,2,0.4239465467905988
lncRNA_10933,63,237,300,5,-0.3199832781773983
lncRNA_13032,160,140,300,6,0.03318103901917271
lncRNA_25348,261,38,299,3,0.41971317872322556
lncRNA_27584,265,34,299,3,0.4310553384568024
lncRNA_14657,237,62,299,3,0.3384407484985348
lncRNA_24083,297,2,299,10,0.5949287666739035
lncRNA_30412,274,25,299,2,0.4588644055610428
lncRNA_4985,296,3,299,11,0.597012335555136
lncRNA_3942,293,6,299,3,0.5167901382670712
lncRNA_14701,206,93,299,4,0.20379342451470245
lncRNA_14120,250,48,298,3,0.38328688719493603
lncRNA_16533,284,14,298,10,0.4985345219318563
lncRNA_14121,250,48,298,3,0.38328688719493603
lncRNA_18462,281,17,298,5,0.48249637589101474
lncRNA_10668,282,16,298,3,0.4995264590755162
lncRNA_21479,278,19,297,5,0.4760000005332054
lncRNA_30980,239,58,297,2,0.3393604643717924
lncRNA_20430,293,4,297,11,0.5273429441320435
lncRNA_1337,241,56,297,3,0.36015614042483834
lncRNA_9425,293,4,297,5,0.5586543057225051
lncRNA_7779,69,228,297,3,-0.30031173814803086
lncRNA_24400,295,1,296,0,0.5405762126576528
lncRNA_22822,55,241,296,2,-0.3810210004109562
lncRNA_1336,240,56,296,3,0.3593181558662769
lncRNA_29299,272,24,296,1,0.4770326149534488
lncRNA_29701,290,6,296,5,0.5266874631906672
lncRNA_5598,259,37,296,7,0.4089090944839801
lncRNA_19102,129,166,295,1,-0.0801330825960903
lncRNA_19101,115,180,295,1,-0.1323647154316053
lncRNA_16532,281,14,295,9,0.49830003626986075
lncRNA_3702,288,7,295,11,0.5694070648145702
lncRNA_21435,260,34,294,6,0.423117370119013
lncRNA_1404,253,41,294,10,0.40180732339802105
lncRNA_11192,274,20,294,7,0.47113142664637253
lncRNA_11191,274,20,294,7,0.47113142664637253
lncRNA_4081,249,45,294,1,0.4015509795015988
lncRNA_31716,234,60,294,1,0.32703144566981207
lncRNA_18087,291,3,294,9,0.5507147053919602
lncRNA_5427,48,245,293,3,-0.3566762336139358
lncRNA_8755,186,107,293,4,0.16473456593794408
lncRNA_13408,226,67,293,6,0.302615636632584
lncRNA_10340,261,31,292,5,0.4215482280756796
lncRNA_24484,182,110,292,4,0.14678729768767335
lncRNA_27254,272,20,292,4,0.47973650962106446
lncRNA_26226,255,37,292,2,0.414797679655282
lncRNA_19706,286,6,292,10,0.5149317131916193
lncRNA_21281,272,19,291,5,0.47438754199182054
lncRNA_16531,278,13,291,10,0.5011440331761517
lncRNA_4196,286,5,291,11,0.5734998115593807
lncRNA_28235,258,33,291,8,0.4525230252132334
lncRNA_29479,64,226,290,2,-0.37970058638611137
lncRNA_29663,280,10,290,6,0.49759525768070945
lncRNA_23453,248,41,289,2,0.40364715474817087
lncRNA_25160,198,91,289,0,0.2084090502299397
lncRNA_17311,288,1,289,5,0.5433181646512222
lncRNA_9920,198,91,289,0,0.21546784557700324
lncRNA_26344,114,175,289,3,-0.14030536366615384
lncRNA_14674,216,72,288,0,0.282192560096478
lncRNA_10963,161,127,288,4,0.06854556527063609
lncRNA_27738,269,19,288,8,0.5265849104315706
lncRNA_978,284,4,288,8,0.5325262932792998
lncRNA_14195,282,6,288,8,0.5219834247845436
lncRNA_18124,180,107,287,3,0.13641057442214366
lncRNA_12855,264,23,287,1,0.4563756361378753
lncRNA_15480,242,45,287,10,0.3919970877748655
lncRNA_10472,97,189,286,4,-0.18746656315475446
lncRNA_28303,257,29,286,3,0.4399610320031201
lncRNA_10900,206,79,285,3,0.25418265055469574
lncRNA_25200,148,137,285,3,0.005798490795430013
lncRNA_32335,211,74,285,1,0.27851883251882426
lncRNA_32336,211,74,285,1,0.27851883251882426
lncRNA_14525,237,48,285,3,0.37730216126035665
lncRNA_3230,280,5,285,8,0.5578449263981928
lncRNA_14702,196,88,284,4,0.20669772253375193
lncRNA_29291,156,128,284,5,0.05780249173077097
lncRNA_4325,267,16,283,4,0.512333533019111
lncRNA_11303,174,109,283,4,0.12384066341933665
lncRNA_11632,272,11,283,9,0.517879391392086
lncRNA_19380,283,0,283,9,0.5449935472319374
lncRNA_19348,248,35,283,3,0.41991060738130487
lncRNA_1083,271,12,283,3,0.5097195902852527
lncRNA_1082,270,13,283,3,0.5060591719043283
lncRNA_26388,226,56,282,0,0.3423239117180701
lncRNA_20242,264,18,282,4,0.48357657961186645
lncRNA_30239,261,21,282,1,0.4772681433846221
lncRNA_4143,234,48,282,2,0.3832721030589713
lncRNA_30194,211,71,282,0,0.28972526156883144
lncRNA_30195,211,71,282,0,0.2897175237286548
lncRNA_31672,267,15,282,3,0.4946782700885016
lncRNA_30238,261,21,282,1,0.4772681433846221
lncRNA_19969,271,11,282,8,0.5400525889592608
lncRNA_32192,170,111,281,4,0.11097684927503852
lncRNA_26602,259,22,281,6,0.4917861530855084
lncRNA_4656,257,24,281,6,0.47056351513618566
lncRNA_9926,277,4,281,14,0.5377078845924599
lncRNA_28973,221,59,280,2,0.32092778126802324
lncRNA_7099,213,67,280,1,0.29800814150561206
lncRNA_4309,276,4,280,8,0.51547997912211
lncRNA_27315,243,36,279,3,0.4138021811940682
lncRNA_11416,278,1,279,9,0.6052487852861776
lncRNA_27249,234,45,279,2,0.3744003383434069
lncRNA_8260,156,122,278,2,0.07301056284867027
lncRNA_8856,102,176,278,0,-0.16283825585870262
lncRNA_9804,212,66,278,1,0.3010807314382321
lncRNA_9805,212,66,278,1,0.3010641098515104
lncRNA_8821,278,0,278,6,0.5474041819362196
lncRNA_4588,179,99,278,3,0.15131991025777838
lncRNA_2967,277,0,277,12,0.5635929744441974
lncRNA_11156,266,11,277,11,0.5486190153597453
lncRNA_23812,275,2,277,6,0.534539965343889
lncRNA_24900,245,32,277,2,0.4388541847495051
lncRNA_23447,168,109,277,4,0.11795686672634824
lncRNA_23848,269,8,277,7,0.5192312670172359
lncRNA_10416,266,11,277,3,0.5068434972299481
lncRNA_9806,208,69,277,2,0.2858799674315322
lncRNA_10414,266,11,277,3,0.5068434972299481
lncRNA_3130,238,39,277,10,0.39807570215832444
lncRNA_25556,249,28,277,3,0.4439732005202921
lncRNA_8855,98,179,277,0,-0.1787125475255612
lncRNA_4126,274,2,276,4,0.5389892130616128
lncRNA_30431,257,19,276,7,0.48614968788994006
lncRNA_4127,274,2,276,4,0.5389892130616128
lncRNA_1287,270,6,276,6,0.5381934580332841
lncRNA_564,215,61,276,1,0.3062724140042704
lncRNA_28504,257,18,275,7,0.5000416322726529
lncRNA_15408,261,13,274,3,0.48717333946938046
lncRNA_16791,251,23,274,8,0.4960658399643774
lncRNA_13701,239,35,274,4,0.41189620395235094
lncRNA_759,271,3,274,6,0.5310445918305189
lncRNA_10417,252,22,274,3,0.46256854976665523
lncRNA_18496,207,66,273,3,0.29610050032577306
lncRNA_968,201,72,273,2,0.2600138824237534
lncRNA_10915,105,168,273,9,-0.13278055528017
lncRNA_26727,269,4,273,5,0.5221546720636845
lncRNA_7284,85,188,273,0,-0.203607137749758
lncRNA_1286,212,61,273,1,0.30400508022344985
lncRNA_12445,262,10,272,5,0.5226706770854908
lncRNA_9903,169,103,272,3,0.13016140550355562
lncRNA_30604,256,16,272,6,0.4967031933056347
lncRNA_18430,142,130,272,3,0.011588915691857608
lncRNA_29305,236,36,272,8,0.4129120908585128
lncRNA_3853,221,51,272,5,0.33597839132838947
lncRNA_14053,259,13,272,9,0.5258411275028436
lncRNA_16936,219,53,272,4,0.3415352425102145
lncRNA_18501,202,69,271,4,0.2768489955644917
lncRNA_29390,124,146,270,1,-0.059985025012551936
lncRNA_26128,250,19,269,8,0.5057465420664492
lncRNA_11386,137,132,269,5,0.010074601553470524
lncRNA_19029,212,56,268,4,0.32828873135515957
lncRNA_22845,259,9,268,5,0.5052341868177778
lncRNA_24763,259,9,268,5,0.5148665297190671
lncRNA_24891,261,7,268,2,0.5155309311832411
lncRNA_29134,254,14,268,8,0.499360976470655
lncRNA_28545,261,7,268,5,0.507614919792216
lncRNA_27990,264,4,268,8,0.5424954042928509
lncRNA_24160,264,4,268,9,0.5709164950075322
lncRNA_13592,210,58,268,2,0.3114610569388795
lncRNA_26251,215,53,268,2,0.3507368702126208
lncRNA_4825,255,12,267,6,0.49035850470374526
lncRNA_18596,187,80,267,4,0.22225919804600255
lncRNA_1084,253,14,267,3,0.49814195987061133
lncRNA_25086,203,64,267,3,0.3000000853725975
lncRNA_10309,264,3,267,10,0.5903417822421115
lncRNA_11794,236,31,267,2,0.41769254223364893
lncRNA_27989,263,4,267,8,0.5422417878942963
lncRNA_12899,190,77,267,0,0.231081240752492
lncRNA_2010,266,1,267,7,0.5232356634985658
lncRNA_8756,110,156,266,3,-0.09013068372137208
lncRNA_8757,110,156,266,3,-0.09013068372137208
lncRNA_19744,206,60,266,2,0.30830427266251637
lncRNA_16590,221,45,266,3,0.3699181641336189
lncRNA_2975,264,2,266,8,0.5411263802891382
lncRNA_9793,265,1,266,7,0.5344513248502278
lncRNA_4029,132,133,265,3,-0.010510670359747181
lncRNA_13163,262,3,265,8,0.5254083318757709
lncRNA_28690,221,44,265,2,0.3723595941666128
lncRNA_28630,219,46,265,3,0.3624428995304783
lncRNA_25136,233,32,265,9,0.43081430005119026
lncRNA_9362,11,253,264,4,-0.4981211376201211
lncRNA_6595,97,167,264,1,-0.151845779826742
lncRNA_22232,251,13,264,9,0.5407183409404576
lncRNA_2653,261,2,263,8,0.5315176962266168
lncRNA_6318,146,117,263,5,0.04448328078927408
lncRNA_13033,134,129,263,4,0.0015507337908016899
lncRNA_11389,139,124,263,5,0.026758245353064914
lncRNA_19476,223,40,263,1,0.3821572647242269
lncRNA_19817,236,27,263,3,0.44596600117857377
lncRNA_26931,222,41,263,1,0.38995544843638824
lncRNA_17285,254,9,263,9,0.513018598216078
lncRNA_20712,238,25,263,2,0.44945807259119547
lncRNA_17759,252,10,262,14,0.501112737085074
lncRNA_30235,194,68,262,0,0.27062648898644986
lncRNA_30811,224,37,261,6,0.3906102065171806
lncRNA_9797,190,71,261,2,0.26446209428346146
lncRNA_19742,201,59,260,3,0.3047695989351167
lncRNA_14193,179,81,260,2,0.2110734076810583
lncRNA_27201,209,50,259,1,0.3485385221518757
lncRNA_28691,216,43,259,3,0.3719794366853301
lncRNA_26942,140,119,259,4,0.05881897662007925
lncRNA_7864,243,16,259,4,0.4918277727058448
lncRNA_19245,237,22,259,2,0.4608941292841844
lncRNA_23312,252,7,259,8,0.5428255971058816
lncRNA_16776,254,4,258,10,0.5622439043920223
lncRNA_28302,226,32,258,4,0.41405174847834725
lncRNA_26341,237,21,258,1,0.4785665582086896
lncRNA_11770,256,1,257,6,0.5702968801107302
lncRNA_9882,135,122,257,0,0.020322554830493136
lncRNA_1285,174,83,257,2,0.20099726116855773
lncRNA_32136,87,170,257,0,-0.1860277379535526
lncRNA_17504,223,34,257,1,0.4138564127521233
lncRNA_21285,208,49,257,3,0.3489840126346024
lncRNA_23830,251,6,257,2,0.5180823058039321
lncRNA_9884,135,122,257,0,0.02041137507121795
lncRNA_20079,142,114,256,3,0.062206492909572586
lncRNA_20072,142,114,256,3,0.062206492909572586
lncRNA_20073,142,114,256,3,0.062206492909572586
lncRNA_28510,230,26,256,4,0.46158445074799515
lncRNA_28509,230,26,256,4,0.46158445074799515
lncRNA_16000,251,5,256,5,0.5293294196602905
lncRNA_16001,251,5,256,5,0.5293294196602905
lncRNA_8997,247,9,256,10,0.5238871012007675
lncRNA_25954,126,130,256,0,-0.03143988839245733
lncRNA_10485,250,6,256,8,0.5393732754784168
lncRNA_2457,188,68,256,6,0.27734917558109157
lncRNA_26090,189,66,255,4,0.268541542565927
lncRNA_562,173,82,255,2,0.2031835304678886
lncRNA_11501,225,30,255,3,0.42005630962541124
lncRNA_27141,201,54,255,3,0.31743660836824256
lncRNA_563,173,82,255,2,0.20318727769266698
lncRNA_27916,224,31,255,14,0.4150521473373798
lncRNA_24612,248,6,254,4,0.5156952333152185
lncRNA_4587,151,103,254,3,0.09657835271804072
lncRNA_18428,212,42,254,4,0.3697134133407953
lncRNA_6081,248,6,254,4,0.5240754389294823
lncRNA_27084,199,55,254,2,0.32372641776736066
lncRNA_3862,246,7,253,12,0.5187678636275078
lncRNA_14199,220,33,253,3,0.4070319778299314
lncRNA_14198,220,33,253,3,0.4070319778299314
lncRNA_14200,220,33,253,3,0.4070319778299314
lncRNA_2760,101,151,252,0,-0.1216171450798412
lncRNA_1284,176,76,252,2,0.22556603467821756
lncRNA_1283,176,76,252,2,0.2256387285116756
lncRNA_12832,247,5,252,9,0.5497974515719188
lncRNA_4350,204,48,252,4,0.331842192725378
lncRNA_18550,152,100,252,0,0.10494024286424268
lncRNA_12980,234,18,252,0,0.48177235042875177
lncRNA_3851,223,28,251,4,0.43476602592596225
lncRNA_3850,223,28,251,4,0.43476602592596225
lncRNA_30165,226,25,251,3,0.44573043146698116
lncRNA_26390,195,55,250,0,0.31823739827690406
lncRNA_26389,196,54,250,0,0.3236921416681923
lncRNA_14842,241,9,250,8,0.5293307446110137
lncRNA_14671,219,31,250,2,0.4303490832961974
lncRNA_22726,231,19,250,4,0.4725856032022074
lncRNA_15589,218,32,250,1,0.4231049459234392
lncRNA_2992,247,2,249,2,0.5276767967608813
lncRNA_28721,164,85,249,12,0.181572889956611
lncRNA_18499,173,76,249,3,0.22066898816214967
lncRNA_4378,200,49,249,4,0.3408480661542895
lncRNA_3272,248,0,248,10,0.5350107952431232
lncRNA_561,166,82,248,2,0.19293866497919415
lncRNA_2326,225,23,248,0,0.44554986193068336
lncRNA_4244,246,2,248,1,0.5426483712823982
lncRNA_15393,226,22,248,1,0.4759251615385491
lncRNA_3142,135,113,248,0,0.06036371028434145
lncRNA_9747,86,162,248,3,-0.17045642608677922
lncRNA_22419,226,21,247,8,0.4563839371934177
lncRNA_17415,102,145,247,1,-0.11022771209935806
lncRNA_28437,222,25,247,4,0.46237597437909994
lncRNA_4651,231,16,247,1,0.47612220957343687
lncRNA_2757,94,152,246,0,-0.14783067022092686
lncRNA_25043,237,8,245,4,0.5152969965397882
lncRNA_27255,225,20,245,5,0.46484079348068785
lncRNA_30234,222,23,245,0,0.4561521422437377
lncRNA_20214,180,65,245,0,0.28071392606680007
lncRNA_16511,219,26,245,5,0.4263192410617987
lncRNA_19277,217,28,245,2,0.4280443400631837
lncRNA_26301,172,72,244,2,0.2293114409063191
lncRNA_25069,184,60,244,1,0.2899357772856215
lncRNA_4652,229,15,244,1,0.4791684353290781
lncRNA_13536,149,94,243,4,0.12045467504310547
lncRNA_31736,202,41,243,0,0.3791369379373424
lncRNA_29135,236,7,243,9,0.519579029385746
lncRNA_26211,34,209,243,0,-0.3974125054598997
lncRNA_6327,115,128,243,2,-0.030518336044565695
lncRNA_15551,243,0,243,1,0.5344477074038991
lncRNA_24071,70,173,243,1,-0.2507698228683539
lncRNA_18549,145,98,243,0,0.1011100047480194
lncRNA_13355,182,60,242,2,0.2927749839632428
lncRNA_29796,73,169,242,0,-0.24175250140773524
lncRNA_13686,209,33,242,5,0.4006057347703609
lncRNA_28961,161,81,242,2,0.1960135628528664
lncRNA_19743,176,66,242,2,0.25558441136328874
lncRNA_3479,204,38,242,0,0.377495962759248
lncRNA_25738,241,1,242,6,0.5598021644783513
lncRNA_4667,133,108,241,1,0.05972515190694116
lncRNA_30026,190,51,241,1,0.33511986668553445
lncRNA_12898,146,95,241,2,0.11375804070063568
lncRNA_14529,240,1,241,12,0.5366409542826258
lncRNA_12862,179,62,241,0,0.2652158734739338
lncRNA_12868,132,109,241,2,0.05493047956314468
lncRNA_12105,241,0,241,7,0.5425613692182006
lncRNA_14962,238,2,240,2,0.5457024876983895
lncRNA_3129,211,29,240,6,0.4203979827123143
lncRNA_10463,162,78,240,1,0.19962402870532717
lncRNA_14018,227,13,240,7,0.5125522459880972
lncRNA_26302,166,73,239,2,0.21821090264921897
lncRNA_30383,173,66,239,2,0.2516935817460481
lncRNA_2654,150,89,239,2,0.14481457637043738
lncRNA_4256,221,18,239,8,0.4848866721813835
lncRNA_27244,175,63,238,3,0.2564780132013628
lncRNA_9518,182,56,238,2,0.29494195836811576
lncRNA_6449,186,52,238,2,0.31019563322653
lncRNA_27973,220,18,238,5,0.48185673100091597
lncRNA_28422,213,24,237,9,0.45778493267016546
lncRNA_15666,234,3,237,11,0.5270078570560802
lncRNA_25316,170,67,237,0,0.24207608759091565
lncRNA_331,235,2,237,1,0.5347820333988612
lncRNA_21519,72,164,236,3,-0.22265079077006886
lncRNA_4595,143,93,236,2,0.10920832117830052
lncRNA_21966,167,69,236,1,0.23084031232709787
lncRNA_24378,154,82,236,1,0.17845289314441914
lncRNA_20411,198,38,236,3,0.36874658376596
lncRNA_10653,226,9,235,2,0.5061663872513215
lncRNA_26785,224,11,235,4,0.4895434973111106
lncRNA_5622,232,3,235,4,0.5198710884432336
lncRNA_17450,128,107,235,1,0.05780138211409825
lncRNA_2308,231,3,234,2,0.536030775182075
lncRNA_4594,143,91,234,2,0.11519465331515488
lncRNA_11262,175,59,234,0,0.2852277941428768
lncRNA_14963,230,4,234,2,0.5362194722102323
lncRNA_560,192,42,234,8,0.3591937111922197
lncRNA_25319,167,67,234,0,0.23844124090039098
lncRNA_4681,227,6,233,3,0.5723680667059257
lncRNA_8315,176,57,233,6,0.29382627785141574
lncRNA_12715,222,11,233,6,0.49464307231620624
lncRNA_3102,144,89,233,0,0.1365765717867719
lncRNA_8326,176,57,233,6,0.29382627785141574
lncRNA_8327,176,57,233,6,0.29382627785141574
lncRNA_20088,225,8,233,18,0.5208280512131743
lncRNA_28655,157,76,233,12,0.20208453550642055
lncRNA_8317,176,57,233,6,0.29382627785141574
lncRNA_8320,176,57,233,6,0.29385040637979076
lncRNA_8323,176,57,233,6,0.29382627785141574
lncRNA_8325,176,57,233,6,0.29382627785141574
lncRNA_14716,214,19,233,4,0.4599293539892063
lncRNA_13493,219,14,233,6,0.49450162041130585
lncRNA_5249,90,143,233,5,-0.12920933004066049
lncRNA_26939,204,28,232,2,0.4288389489339991
lncRNA_31162,215,17,232,2,0.47773247785129896
lncRNA_22500,219,13,232,7,0.5054376183217907
lncRNA_19668,230,2,232,9,0.5327281105785484
lncRNA_12879,199,33,232,1,0.3918421008642809
lncRNA_23426,228,4,232,3,0.5255220625198692
lncRNA_19349,198,33,231,3,0.3981336466410301
lncRNA_2098,203,28,231,2,0.41560278039478854
lncRNA_29873,99,132,231,1,-0.08470012538219596
lncRNA_5280,207,24,231,0,0.4489545296367965
lncRNA_20081,126,105,231,6,0.05694774165373443
lncRNA_18500,149,81,230,3,0.1650493153390714
lncRNA_8270,218,11,229,7,0.5058349490302523
lncRNA_25161,170,59,229,1,0.2733062479137076
lncRNA_19209,215,14,229,4,0.48100618043190624
lncRNA_20213,160,68,228,0,0.2425019436401483
lncRNA_15392,201,27,228,1,0.4425927305488429
lncRNA_27857,224,4,228,8,0.5388819663066765
lncRNA_4017,154,74,228,1,0.1934049173549254
lncRNA_12869,135,92,227,1,0.10736697938492287
lncRNA_19346,186,41,227,4,0.3508994150820701
lncRNA_23264,191,36,227,7,0.3653453590939057
lncRNA_23263,191,36,227,7,0.3653453590939057
lncRNA_21286,178,48,226,3,0.32717762792664845
lncRNA_21118,221,5,226,7,0.5505420546318184
lncRNA_13458,212,14,226,0,0.4979014063316588
lncRNA_10888,209,17,226,2,0.4919091093163856
lncRNA_31751,166,60,226,0,0.26365612934292104
lncRNA_8028,190,35,225,4,0.3842039648815456
lncRNA_6448,100,125,225,3,-0.05885064176891752
lncRNA_2598,131,94,225,0,0.09880333444673002
lncRNA_26362,101,124,225,1,-0.0548772750084908
lncRNA_30204,204,20,224,2,0.456092472447792
lncRNA_15545,197,27,224,0,0.43171665335461074
lncRNA_30765,55,169,224,4,-0.26891364499043724
lncRNA_21490,224,0,224,3,0.5366101908287152
lncRNA_16750,220,3,223,8,0.5817408357286143
lncRNA_13517,129,94,223,2,0.08670028054458567
lncRNA_13518,129,94,223,2,0.08670028054458567
lncRNA_2759,204,19,223,7,0.45421232833571296
lncRNA_26506,147,76,223,2,0.17398498145305172
lncRNA_20495,223,0,223,12,0.5382377033095559
lncRNA_2597,127,95,222,0,0.08791415545686179
lncRNA_21607,208,13,221,4,0.4938253430367495
lncRNA_22020,98,123,221,0,-0.06429628275355634
lncRNA_12863,145,75,220,0,0.16647689131421742
lncRNA_15403,142,78,220,4,0.16530481625149637
lncRNA_3635,218,2,220,5,0.5668149251416279
lncRNA_27222,158,62,220,5,0.2460163322756564
lncRNA_4549,104,116,220,1,-0.03305972384498988
lncRNA_20172,107,113,220,10,-0.01827678407225366
lncRNA_15697,220,0,220,11,0.5354733662395498
lncRNA_23843,216,4,220,9,0.5277813376909204
lncRNA_8316,209,10,219,3,0.5076312541591835
lncRNA_20082,122,97,219,6,0.07013926482655923
lncRNA_21451,171,48,219,1,0.3222756385546571
lncRNA_20083,122,97,219,6,0.0700941648270938
lncRNA_5348,166,52,218,1,0.3369430628634274
lncRNA_21816,129,89,218,0,0.10573771043876402
lncRNA_30203,189,29,218,1,0.41075443755197644
lncRNA_15321,183,34,217,1,0.38670778398652633
lncRNA_18911,142,75,217,2,0.18656283802536192
lncRNA_5874,111,105,216,0,0.00019949018810528824
lncRNA_2925,215,1,216,5,0.5457434905760045
lncRNA_13055,205,11,216,3,0.495810708356337
lncRNA_4591,73,143,216,4,-0.1909988176539138
lncRNA_19781,196,20,216,3,0.4455941979536383
lncRNA_29767,177,38,215,2,0.36092738333963736
lncRNA_11837,139,75,214,0,0.15816374878741546
lncRNA_8310,134,80,214,1,0.15075539422295414
lncRNA_23094,213,0,213,0,0.5404799767185329
lncRNA_13378,186,27,213,3,0.40455799291536093
lncRNA_13264,168,45,213,1,0.3192320484067678
lncRNA_21359,210,3,213,3,0.5180898564387636
lncRNA_21434,192,21,213,6,0.4373554820005611
lncRNA_28864,189,23,212,2,0.44334941385218163
lncRNA_1912,153,59,212,0,0.2603342265279937
lncRNA_28967,38,174,212,5,-0.33962277923806733
lncRNA_30139,186,26,212,2,0.4242213769630367
lncRNA_9708,206,5,211,2,0.5083518534753935
lncRNA_4477,205,5,210,9,0.5444455724428025
lncRNA_23082,187,23,210,6,0.4255005094427547
lncRNA_14150,159,51,210,2,0.2928503789491726
lncRNA_2970,203,7,210,15,0.5490181804846027
lncRNA_2438,102,108,210,5,-0.005765887910277283
lncRNA_24226,42,168,210,2,-0.3386512207353479
lncRNA_14592,200,10,210,10,0.5256745238654572
lncRNA_12877,169,40,209,1,0.34587676520363636
lncRNA_4373,199,10,209,9,0.4985410353622587
lncRNA_25320,133,76,209,0,0.15259355595183124
lncRNA_20107,204,5,209,7,0.5183002988973712
lncRNA_4590,66,143,209,3,-0.21214444222565887
lncRNA_12662,154,55,209,1,0.2891811176036934
lncRNA_2971,202,7,209,15,0.5492704385407523
lncRNA_21449,96,113,209,1,-0.03961656298889678
lncRNA_4887,181,28,209,1,0.41234376863000416
lncRNA_23441,207,1,208,2,0.5401053276671379
lncRNA_24623,186,22,208,2,0.4340364624734731
lncRNA_12871,134,74,208,1,0.15339725451976272
lncRNA_12874,134,74,208,1,0.15339725451976272
lncRNA_10475,176,32,208,6,0.4034343276161485
lncRNA_10667,166,42,208,3,0.33188060412252646
lncRNA_18910,142,66,208,1,0.21136301294519869
lncRNA_9558,103,105,208,2,-0.006800751279870293
lncRNA_20293,206,2,208,8,0.5257871925609223
lncRNA_30624,201,7,208,3,0.519367498173432
lncRNA_19347,177,30,207,0,0.381479067447759
lncRNA_19474,195,12,207,2,0.4831155553709124
lncRNA_14595,196,11,207,10,0.5202894036176261
lncRNA_5475,143,64,207,1,0.22057641230186414
lncRNA_345,205,2,207,2,0.5313155492581089
lncRNA_12529,183,24,207,1,0.4260063293084261
lncRNA_21335,103,103,206,0,-0.005611770749958112
lncRNA_14102,203,3,206,9,0.5321920436502915
lncRNA_10479,74,131,205,6,-0.13912188051791063
lncRNA_7974,192,13,205,6,0.48844706236208585
lncRNA_14593,195,10,205,10,0.5260003609507975
lncRNA_4019,125,79,204,0,0.12482166002544878
lncRNA_29521,195,9,204,12,0.494296625029643
lncRNA_9313,127,77,204,0,0.12781789780418806
lncRNA_2860,199,5,204,0,0.5065693336891903
lncRNA_15327,134,70,204,1,0.17399911770336002
lncRNA_12077,135,69,204,1,0.17790350216066567
lncRNA_15326,134,70,204,1,0.17399911770336002
lncRNA_18504,131,72,203,3,0.15981102309018913
lncRNA_15631,152,51,203,4,0.27400860518715725
lncRNA_15632,152,51,203,4,0.27397301023674664
lncRNA_2309,187,16,203,8,0.4825057178771008
lncRNA_29180,109,93,202,0,0.03316782253034034
lncRNA_26347,53,149,202,10,-0.2503919052677931
lncRNA_28272,198,4,202,0,0.5116488026638049
lncRNA_29341,198,3,201,6,0.5397520275423164
lncRNA_19165,135,66,201,0,0.2008579357783625
lncRNA_7591,199,2,201,2,0.5295419371365966
lncRNA_5594,198,3,201,13,0.5684355502392302
lncRNA_25400,166,35,201,3,0.3528765236879706
lncRNA_4021,114,86,200,1,0.08028073146622919
lncRNA_4734,122,78,200,5,0.12741226532702965
lncRNA_3923,194,6,200,0,0.529165425765503
lncRNA_7907,81,119,200,3,-0.10959400213470513
lncRNA_18505,125,75,200,3,0.13878243958825465
lncRNA_5136,115,85,200,2,0.0836523204487536
lncRNA_27511,148,51,199,1,0.27917948150109445
lncRNA_29137,152,47,199,6,0.28555001725433854
lncRNA_26221,97,102,199,1,-0.009854473918832138
lncRNA_27184,135,64,199,0,0.20725784211565637
lncRNA_8717,177,21,198,6,0.4369086441132103
lncRNA_2867,16,182,198,1,-0.4448186690936044
lncRNA_28507,156,42,198,1,0.338592575145502
lncRNA_3131,164,34,198,9,0.3617771997182911
lncRNA_28505,164,34,198,3,0.3790846558945729
lncRNA_21334,95,103,198,0,-0.028391114876035985
lncRNA_14655,103,95,198,2,0.03465369125068934
lncRNA_27125,100,97,197,1,0.017120821318511396
lncRNA_10695,173,24,197,1,0.4240037256303007
lncRNA_10696,173,24,197,1,0.4240037256303007
lncRNA_2661,137,60,197,1,0.22411907602092362
lncRNA_13548,68,129,197,3,-0.1832157694168675
lncRNA_30119,188,9,197,7,0.5035098197866407
lncRNA_7427,65,131,196,1,-0.19488960230843685
lncRNA_12876,117,79,196,1,0.10137597453931473
lncRNA_19745,129,67,196,4,0.18562057811289395
lncRNA_2889,191,5,196,3,0.507365297262038
lncRNA_6289,152,44,196,1,0.3176414653626242
lncRNA_26542,171,25,196,8,0.41184155652635324
lncRNA_10549,135,61,196,1,0.21481358462621356
lncRNA_29522,185,10,195,12,0.48541487972504915
lncRNA_20560,169,26,195,1,0.40557492844597104
lncRNA_15665,190,5,195,4,0.5102424895714638
lncRNA_2725,77,118,195,1,-0.11655508826013038
lncRNA_27464,105,90,195,2,0.042146442260127905
lncRNA_32387,170,25,195,2,0.404190743598526
lncRNA_2638,191,3,194,7,0.5399594141764817
lncRNA_9728,175,19,194,7,0.443229014101893
lncRNA_12651,168,26,194,2,0.4063164751455657
lncRNA_11667,193,1,194,1,0.5320343137196103
lncRNA_30642,192,2,194,1,0.5506094595680705
lncRNA_27085,175,19,194,5,0.43097065782031907
lncRNA_4374,185,9,194,9,0.5003978020862354
lncRNA_4653,127,67,194,3,0.1694278595979286
lncRNA_7108,177,16,193,0,0.4487032999139079
lncRNA_11843,188,5,193,4,0.5074026038500998
lncRNA_21506,158,35,193,3,0.3551791377452531
lncRNA_26858,166,27,193,1,0.3992013435126359
lncRNA_3340,136,57,193,2,0.21275482250553868
lncRNA_15533,188,5,193,1,0.5130086663076666
lncRNA_26346,56,136,192,10,-0.21809472474098246
lncRNA_24272,118,74,192,1,0.13090894285231744
lncRNA_4448,173,19,192,7,0.43980817370915726
lncRNA_21450,102,90,192,1,0.040798914930705706
lncRNA_17701,183,9,192,3,0.5001666144491752
lncRNA_4640,175,17,192,1,0.45160710490805817
lncRNA_7060,122,70,192,1,0.15042122531401458
lncRNA_27603,135,57,192,4,0.23512970199064895
lncRNA_20694,188,3,191,4,0.5236028732967768
lncRNA_22501,182,9,191,6,0.4918762855380698
lncRNA_13516,100,91,191,2,0.02564988394833898
lncRNA_222,80,111,191,1,-0.08323125617051867
lncRNA_4592,46,145,191,4,-0.28773174554267467
lncRNA_13225,132,59,191,4,0.21497798360445644
lncRNA_1809,107,83,190,1,0.065903186133472
lncRNA_23845,81,109,190,1,-0.07667442745340879
lncRNA_12833,172,18,190,3,0.44590673614099186
lncRNA_069,173,16,189,6,0.46802837062654545
lncRNA_21817,174,15,189,0,0.4775999341023327
lncRNA_12076,118,71,189,1,0.1396630810820738
lncRNA_979,183,5,188,3,0.5162235855697507
lncRNA_8431,132,56,188,0,0.23488589180354352
lncRNA_11375,186,2,188,4,0.5265183439635162
lncRNA_4553,180,8,188,4,0.4952798612160227
lncRNA_14961,177,11,188,0,0.4860279173998164
lncRNA_22037,52,136,188,2,-0.22955106192905442
lncRNA_5925,152,35,187,1,0.35444849986424015
lncRNA_14626,171,16,187,2,0.472093128837277
lncRNA_12075,78,109,187,1,-0.10384715414235143
lncRNA_9737,177,10,187,3,0.502061507371491
lncRNA_3125,181,5,186,0,0.5188930425262337
lncRNA_28508,142,44,186,1,0.3144606945307146
lncRNA_18208,156,30,186,9,0.37653417383590504
lncRNA_25626,181,5,186,1,0.5132334745510199
lncRNA_30920,153,32,185,0,0.3630758747218136
lncRNA_30841,153,32,185,0,0.3632030082734891
lncRNA_14491,174,11,185,0,0.48552451430601423
lncRNA_10920,41,144,185,2,-0.299639594830489
lncRNA_11124,178,7,185,3,0.49646848693012396
lncRNA_1032,182,2,184,3,0.5388905912323326
lncRNA_11677,184,0,184,8,0.5485449501143607
lncRNA_30104,156,28,184,0,0.38890489120499544
lncRNA_18405,182,2,184,4,0.5280907894933142
lncRNA_7313,183,0,183,4,0.5448320974987102
lncRNA_18366,140,42,182,0,0.3029316747383028
lncRNA_29703,70,112,182,1,-0.12670303652389925
lncRNA_18960,178,4,182,5,0.5127685428080085
lncRNA_17965,174,8,182,5,0.504270510991411
lncRNA_29488,180,2,182,4,0.5347474640957719
lncRNA_26345,58,123,181,10,-0.1859699217165098
lncRNA_14625,164,17,181,2,0.46388686581482413
lncRNA_27593,173,7,180,0,0.506933183591922
lncRNA_18307,155,25,180,0,0.4062853425852912
lncRNA_18367,138,42,180,0,0.30035358420051983
lncRNA_21336,101,79,180,3,0.07312887269798021
lncRNA_25137,146,33,179,3,0.34552298344991084
lncRNA_12074,76,103,179,1,-0.0910122398458934
lncRNA_17498,166,13,179,2,0.46501927252716424
lncRNA_10429,87,92,179,1,-0.019201781065335065
lncRNA_8283,88,91,179,3,-0.014885154546145118
lncRNA_11031,176,2,178,2,0.5465754160747223
lncRNA_7460,142,36,178,0,0.3306725914220811
lncRNA_9840,177,1,178,5,0.5477298496179137
lncRNA_1033,172,5,177,2,0.5197556112264725
lncRNA_4147,136,41,177,0,0.3038608927888556
lncRNA_17499,164,13,177,2,0.46391992713768126
lncRNA_13532,156,20,176,0,0.42455929063987785
lncRNA_23449,167,9,176,1,0.4867510970473262
lncRNA_12925,144,32,176,0,0.3475715495463223
lncRNA_12924,144,32,176,0,0.3475715495463223
lncRNA_28251,98,78,176,4,0.06522245104190688
lncRNA_21854,175,1,176,12,0.5617546994115613
lncRNA_17710,148,27,175,5,0.3856176562467815
lncRNA_5599,169,6,175,7,0.540186385798825
lncRNA_10936,172,2,174,2,0.5329020349936779
lncRNA_9775,171,3,174,5,0.5212266076468736
lncRNA_10627,171,3,174,6,0.5258534434285681
lncRNA_13456,152,22,174,2,0.414422587043991
lncRNA_24681,79,95,174,3,-0.05412002605038524
lncRNA_8625,106,68,174,3,0.12043581842997268
lncRNA_27497,162,12,174,2,0.47851730912206103
lncRNA_29324,174,0,174,4,0.5564897144816789
lncRNA_8853,169,5,174,2,0.5064403411761279
lncRNA_21572,167,6,173,2,0.5305059128765018
lncRNA_29987,163,10,173,3,0.4779750369958998
lncRNA_21573,167,6,173,2,0.530946625044497
lncRNA_8626,92,81,173,5,0.03664601439803808
lncRNA_9451,169,4,173,4,0.5389806965801158
lncRNA_19642,66,107,173,1,-0.15096716023911866
lncRNA_14161,167,6,173,2,0.4984036494803849
lncRNA_4032,52,120,172,1,-0.21943592296433712
lncRNA_1034,167,5,172,2,0.5188916049066351
lncRNA_30760,110,62,172,2,0.15063786367203158
lncRNA_4514,170,1,171,2,0.5342304988399721
lncRNA_10916,68,103,171,1,-0.1220810061358628
lncRNA_14445,145,26,171,1,0.3786206838950277
lncRNA_630,157,13,170,2,0.4653803854602527
lncRNA_9449,163,7,170,6,0.5070814871329646
lncRNA_30761,99,70,169,2,0.08656448678192512
lncRNA_29768,167,2,169,3,0.5322483509845671
lncRNA_6417,140,29,169,1,0.36554879157064896
lncRNA_4370,167,1,168,4,0.5444420273760145
lncRNA_13662,62,106,168,1,-0.14777584850174555
lncRNA_27756,79,88,167,0,-0.03495958015728199
lncRNA_25643,166,1,167,8,0.5371447140917162
lncRNA_2964,167,0,167,1,0.5372052387021957
lncRNA_8623,104,63,167,3,0.13569875132994333
lncRNA_18213,158,9,167,4,0.4802013169496678
lncRNA_8624,104,62,166,3,0.13930927504754584
lncRNA_7428,50,116,166,1,-0.2281823845334692
lncRNA_2398,162,4,166,9,0.5471982721406431
lncRNA_4600,157,8,165,0,0.48653189239876166
lncRNA_7429,50,115,165,1,-0.22646206303978306
lncRNA_14444,138,27,165,1,0.36972223462646486
lncRNA_11589,22,142,164,3,-0.3870454253037125
lncRNA_8492,89,75,164,0,0.045149158176706394
lncRNA_21508,121,43,164,2,0.2711142765360858
lncRNA_8998,159,5,164,3,0.5072279853265449
lncRNA_11030,161,3,164,3,0.5259344577820608
lncRNA_4392,149,15,164,0,0.44669515033438884
lncRNA_11676,158,5,163,7,0.5261251459945631
lncRNA_17380,78,85,163,0,-0.04075920490648761
lncRNA_21507,120,42,162,3,0.27473454409583337
lncRNA_23448,156,6,162,3,0.503168530323831
lncRNA_26328,139,23,162,2,0.39844097314491855
lncRNA_8520,130,32,162,2,0.3619316195858342
lncRNA_25056,95,66,161,0,0.10145870137613937
lncRNA_2397,157,4,161,9,0.5477921196580817
lncRNA_22418,148,13,161,1,0.4607784613086256
lncRNA_23856,107,53,160,1,0.18683803364629867
lncRNA_14966,83,77,160,4,0.024914039449927948
lncRNA_14965,83,77,160,4,0.024914039449927948
lncRNA_23311,159,1,160,7,0.5414101167158434
lncRNA_18215,152,7,159,4,0.49136244520840905
lncRNA_25057,93,66,159,0,0.0961612707561003
lncRNA_15903,84,75,159,2,0.023835331931207515
lncRNA_4613,20,139,159,0,-0.4153717291414565
lncRNA_26184,96,63,159,1,0.11765771900836407
lncRNA_967,47,112,159,1,-0.23196354652217263
lncRNA_9511,156,2,158,6,0.5294067773177709
lncRNA_11755,150,8,158,1,0.49227533581546834
lncRNA_4564,99,59,158,3,0.14659051963925882
lncRNA_15661,123,34,157,2,0.30345215533728076
lncRNA_14521,128,29,157,6,0.35712301674162567
lncRNA_2399,152,4,156,9,0.5447821646035876
lncRNA_2723,60,96,156,0,-0.11654163344788983
lncRNA_14446,129,27,156,1,0.3594472660864177
lncRNA_10839,152,3,155,1,0.5186779183551918
lncRNA_966,43,112,155,1,-0.2521828393148832
lncRNA_23709,151,4,155,6,0.5245056698589231
lncRNA_3249,53,102,155,5,-0.16743718214566264
lncRNA_25887,133,22,155,0,0.3920939267937558
lncRNA_23879,150,4,154,6,0.5226476853722118
lncRNA_4718,144,10,154,2,0.4754363309622298
lncRNA_17536,147,7,154,3,0.4872557681143079
lncRNA_23313,153,1,154,7,0.5406249163827546
lncRNA_30759,102,51,153,4,0.18928743706434076
lncRNA_6385,148,5,153,2,0.5129341663104633
lncRNA_631,139,14,153,2,0.4489411974424661
lncRNA_14492,117,36,153,1,0.2933313530866861
lncRNA_5163,128,25,153,1,0.37104305162212364
lncRNA_14493,117,36,153,1,0.2933313530866861
lncRNA_23880,148,4,152,6,0.5240120947292773
lncRNA_2446,129,23,152,5,0.3814406584632421
lncRNA_633,138,14,152,2,0.4482236257806374
lncRNA_9372,99,53,152,0,0.16750158671303247
lncRNA_31717,83,69,152,1,0.035758370624701295
lncRNA_29702,93,59,152,0,0.1302160770666623
lncRNA_632,138,14,152,2,0.4482236257806374
lncRNA_10543,143,8,151,3,0.4898808079484789
lncRNA_11028,143,8,151,3,0.48990521371057766
lncRNA_15442,82,69,151,0,0.04478261556085675
lncRNA_11335,148,3,151,2,0.5173134108800692
lncRNA_8620,91,60,151,2,0.11322857352104516
lncRNA_8621,91,60,151,2,0.11322857352104516
lncRNA_20693,148,3,151,7,0.5141425785059173
lncRNA_8866,147,3,150,1,0.5107537320231683
lncRNA_24572,126,24,150,3,0.38139381759416946
lncRNA_8622,91,59,150,3,0.1172094888025804
lncRNA_18877,125,25,150,3,0.3614741478205833
lncRNA_1101,132,18,150,4,0.40725286417546747
lncRNA_13533,116,34,150,0,0.3062812305260424
lncRNA_5776,63,86,149,0,-0.08614190953490977
lncRNA_19791,141,7,148,1,0.4866705678940198
lncRNA_19792,141,7,148,1,0.4866705678940198
lncRNA_21574,90,57,147,0,0.12042155877622891
lncRNA_7882,139,8,147,4,0.4920746950606206
lncRNA_2420,146,1,147,5,0.5304478572450274
lncRNA_9763,123,23,146,1,0.38982677104016866
lncRNA_14103,113,32,145,1,0.3134197174370407
lncRNA_12073,71,74,145,1,-0.012505446317282733
lncRNA_19710,145,0,145,5,0.5458179814009361
lncRNA_31243,133,12,145,2,0.45429110527157923
lncRNA_15634,119,26,145,1,0.35884637778211326
lncRNA_15636,119,26,145,1,0.3588221666297876
lncRNA_26152,72,73,145,0,-0.00850089974286182
lncRNA_6945,114,30,144,0,0.3176877831020532
lncRNA_6836,92,52,144,2,0.15716809718096753
lncRNA_23852,143,0,143,4,0.5535653323168142
lncRNA_9606,142,1,143,4,0.5322704650761761
lncRNA_13814,87,55,142,0,0.130778822749403
lncRNA_12834,126,16,142,1,0.42041398455253554
lncRNA_4031,56,86,142,2,-0.12688392721536437
lncRNA_28666,141,1,142,5,0.5180348272734998
lncRNA_2724,69,72,141,1,-0.009012884979306532
lncRNA_29539,117,24,141,4,0.3502321168678834
lncRNA_21601,88,52,140,1,0.14549669893945957
lncRNA_15637,114,26,140,0,0.3526805112754681
lncRNA_24374,77,63,140,0,0.05220412610209796
lncRNA_15633,118,22,140,0,0.3828704611187703
lncRNA_15635,114,26,140,0,0.3526805112754681
lncRNA_10245,139,0,139,4,0.5311100935356948
lncRNA_26353,110,29,139,0,0.3107564080697027
lncRNA_8619,87,51,138,2,0.1434588735953854
lncRNA_1251,125,13,138,2,0.45203401512060604
lncRNA_26886,124,14,138,2,0.4335514809958544
lncRNA_30087,113,24,137,2,0.3620829824346825
lncRNA_965,42,94,136,1,-0.21409075102006794
lncRNA_11161,135,1,136,6,0.5417194894196915
lncRNA_15613,64,72,136,2,-0.03513342572431818
lncRNA_22362,27,108,135,2,-0.3299638116485167
lncRNA_23446,66,69,135,0,-0.005947107920793955
lncRNA_16346,135,0,135,1,0.5318464539786385
lncRNA_2522,134,0,134,5,0.5383682468078206
lncRNA_28506,99,35,134,1,0.2807565239621072
lncRNA_2107,91,42,133,1,0.20564460861874
lncRNA_733,90,43,133,1,0.19663773725693895
lncRNA_15438,127,6,133,1,0.48930326826102094
lncRNA_29312,44,88,132,0,-0.18338121367285945
lncRNA_25593,109,23,132,0,0.3564884381717573
lncRNA_28995,100,32,132,0,0.27961807958978835
lncRNA_15538,44,88,132,3,-0.1723461503806893
lncRNA_28996,100,32,132,0,0.27961807958978835
lncRNA_5519,71,61,132,0,0.03924323814189838
lncRNA_28997,100,32,132,0,0.27961807958978835
lncRNA_19061,115,17,132,3,0.4038340656358012
lncRNA_27594,68,64,132,0,0.023034365680704546
lncRNA_19430,128,3,131,3,0.5147547705683049
lncRNA_2108,88,43,131,1,0.19232731519442017
lncRNA_25398,91,40,131,2,0.20964202814559332
lncRNA_29675,112,18,130,4,0.39523481750834266
lncRNA_10461,103,27,130,2,0.3263150843735902
lncRNA_1277,116,13,129,1,0.4424420009228336
lncRNA_26753,97,32,129,1,0.277624353078086
lncRNA_9608,128,1,129,3,0.5319214316220947
lncRNA_27991,128,1,129,6,0.5294028010647638
lncRNA_16041,121,8,129,3,0.47511709281591835
lncRNA_9607,127,1,128,3,0.532122190617811
lncRNA_19350,103,25,128,1,0.3341945550770908
lncRNA_19060,111,17,128,3,0.3994388445075196
lncRNA_1350,110,18,128,2,0.3942641165328412
lncRNA_9605,126,1,127,3,0.5327156253997132
lncRNA_4233,70,56,126,0,0.05755344330394926
lncRNA_9609,125,1,126,3,0.5315720600763014
lncRNA_3947,122,3,125,1,0.5130353250439275
lncRNA_9752,121,4,125,3,0.5123309140910209
lncRNA_26085,77,47,124,3,0.12882713396823922
lncRNA_526,122,2,124,1,0.5204526890520887
lncRNA_19944,95,29,124,1,0.2892621450560448
lncRNA_1315,119,4,123,0,0.4989229446207174
lncRNA_14588,77,46,123,6,0.1690390833856772
lncRNA_14587,93,30,123,5,0.3145051106669074
lncRNA_22799,118,5,123,2,0.49205676369347756
lncRNA_6810,121,2,123,6,0.5387959466627269
lncRNA_13811,116,7,123,2,0.5089968188438866
lncRNA_15145,80,42,122,0,0.1761613703804709
lncRNA_1020,105,17,122,5,0.3864885111555075
lncRNA_10462,98,24,122,2,0.3375978711032671
lncRNA_15772,63,59,122,1,0.020850204261043517
lncRNA_10176,27,95,122,3,-0.3019500811513844
lncRNA_14370,115,6,121,3,0.49215907729669184
lncRNA_15242,119,2,121,7,0.5232011265734317
lncRNA_16628,91,30,121,1,0.2850637821869271
lncRNA_2112,118,2,120,1,0.5189886435297388
lncRNA_9858,83,37,120,1,0.20126638832467675
lncRNA_4611,16,104,120,0,-0.403254726568832
lncRNA_14591,70,50,120,5,0.11704648542809742
lncRNA_23594,114,5,119,2,0.49495105446064563
lncRNA_15715,36,83,119,1,-0.20639791315829176
lncRNA_17694,95,24,119,3,0.331966200272497
lncRNA_21485,103,15,118,1,0.40975488907483854
lncRNA_6172,97,21,118,2,0.34716484919576795
lncRNA_4665,114,4,118,4,0.5137790522409053
lncRNA_048,103,14,117,2,0.4182037281574479
lncRNA_21935,108,9,117,2,0.4712367182733114
lncRNA_2643,93,24,117,1,0.32713176518625603
lncRNA_23931,88,29,117,1,0.2744655704019501
lncRNA_4086,113,4,117,4,0.5166585214829593
lncRNA_24570,64,52,116,2,0.0648197417835774
lncRNA_19783,70,46,116,1,0.11177937152253913
lncRNA_10717,115,1,116,0,0.5280514123321196
lncRNA_27386,71,45,116,1,0.13543636795590555
lncRNA_21360,112,4,116,6,0.4967150596530483
lncRNA_25789,93,23,116,2,0.3218072710795954
lncRNA_12853,95,20,115,1,0.3581595113575873
lncRNA_8547,107,8,115,2,0.4650542389257754
lncRNA_30755,114,1,115,1,0.5212690190118618
lncRNA_27994,114,1,115,2,0.5299025762503842
lncRNA_7416,99,16,115,1,0.393894852810732
lncRNA_5862,96,18,114,1,0.37335979245614564
lncRNA_30126,114,0,114,3,0.5378243429084149
lncRNA_15944,113,0,113,3,0.5279564000744692
lncRNA_24740,47,66,113,0,-0.09749579123652788
lncRNA_26997,102,11,113,6,0.4386259385185403
lncRNA_15402,106,7,113,2,0.47293403040439697
lncRNA_20987,35,77,112,1,-0.20806869380918852
lncRNA_12152,48,64,112,1,-0.08250976967890668
lncRNA_16306,95,17,112,6,0.3705951151168879
lncRNA_20729,35,77,112,1,-0.20806869380918852
lncRNA_1021,96,16,112,5,0.3823382106536125
lncRNA_12854,81,30,111,1,0.259187141136751
lncRNA_14901,91,20,111,1,0.3440394029838915
lncRNA_29342,84,27,111,9,0.3017660770707128
lncRNA_27643,101,10,111,1,0.4475074164666972
lncRNA_22185,108,2,110,0,0.5236914977560496
lncRNA_9860,87,23,110,0,0.3190913455579176
lncRNA_9417,55,54,109,0,0.004127999179309092
lncRNA_25054,107,1,108,1,0.5322061376914412
lncRNA_13254,70,38,108,0,0.17149467105858715
lncRNA_5030,59,48,107,1,0.057807201642897516
lncRNA_31333,100,7,107,1,0.4663341363171228
lncRNA_14553,96,10,106,1,0.4482852912329828
lncRNA_31808,84,22,106,1,0.31616085013422307
lncRNA_9460,61,45,106,2,0.08631835352686566
lncRNA_12852,83,23,106,0,0.31338843282308904
lncRNA_20585,89,17,106,3,0.36700342424122373
lncRNA_22407,96,9,105,2,0.4777011985459062
lncRNA_16510,89,16,105,3,0.3725843050496574
lncRNA_4699,90,15,105,8,0.38841580477455545
lncRNA_13359,79,25,104,1,0.2724534454566901
lncRNA_21773,104,0,104,3,0.5287606569027152
lncRNA_15282,81,22,103,0,0.3128367686827052
lncRNA_23466,84,19,103,2,0.3372028690843057
lncRNA_26755,89,13,102,2,0.40161591422283804
lncRNA_21670,98,4,102,1,0.4940195085514111
lncRNA_29727,98,4,102,0,0.5018639314187245
lncRNA_24285,19,83,102,3,-0.33163918037003726
lncRNA_20965,13,89,102,0,-0.39887082760423487
lncRNA_9014,85,17,102,2,0.38169829485113627
lncRNA_13568,47,54,101,0,-0.03376161363122497
lncRNA_17329,97,3,100,3,0.5043752136652345
lncRNA_19669,31,69,100,0,-0.21054228873672465
lncRNA_10718,98,1,99,0,0.5247716872753975
lncRNA_24441,13,85,98,0,-0.4171179414087286
lncRNA_2451,52,46,98,0,0.03349069425353729
lncRNA_13594,30,68,98,0,-0.207366288419846
lncRNA_13668,81,17,98,8,0.35600976875593426
lncRNA_20649,15,83,98,3,-0.3734758045570572
lncRNA_9727,23,74,97,0,-0.2808379965516632
lncRNA_30572,95,2,97,5,0.5147400616339163
lncRNA_27983,79,17,96,3,0.3450669112691395
lncRNA_6837,52,43,95,3,0.05106568622179564
lncRNA_16424,70,25,95,2,0.2552232718443641
lncRNA_25460,73,22,95,1,0.2837834052824753
lncRNA_20514,63,31,94,2,0.19048053066651666
lncRNA_22007,43,51,94,1,-0.05117875644094113
lncRNA_12775,88,5,93,4,0.4856410953036912
lncRNA_3204,78,15,93,2,0.37664621319870717
lncRNA_10723,92,1,93,2,0.5260574526700589
lncRNA_19443,81,11,92,1,0.4041031836242147
lncRNA_20648,15,77,92,3,-0.3642845352287711
lncRNA_2862,88,3,91,9,0.503794530528968
lncRNA_21004,84,7,91,1,0.4702938656753097
lncRNA_21934,37,54,91,1,-0.1040894744149748
lncRNA_8618,86,5,91,0,0.4687199411400106
lncRNA_22127,37,53,90,0,-0.11075087065806286
lncRNA_9604,89,1,90,2,0.5252925560061403
lncRNA_31411,28,62,90,0,-0.19591194057198205
lncRNA_045,7,82,89,1,-0.45144879553263983
lncRNA_18214,50,38,88,0,0.07891853203349292
lncRNA_20695,80,7,87,1,0.449281535869444
lncRNA_6319,87,0,87,3,0.5381696594360007
lncRNA_25811,62,24,86,1,0.23784449348164746
lncRNA_9547,84,2,86,4,0.5162700080327233
lncRNA_14058,73,12,85,2,0.3900539054440676
lncRNA_14993,79,6,85,0,0.4776734158400386
lncRNA_9866,80,5,85,4,0.4683295458289852
lncRNA_23536,74,10,84,4,0.4093610638449177
lncRNA_17482,70,14,84,0,0.35460957173974744
lncRNA_25478,56,28,84,3,0.18634386834374242
lncRNA_5670,76,7,83,4,0.442035739302296
lncRNA_3888,77,6,83,1,0.4576601141328325
lncRNA_14054,74,9,83,3,0.4324491909679659
lncRNA_5544,81,2,83,3,0.52124381637261
lncRNA_6349,47,36,83,2,0.0728002435687711
lncRNA_25784,75,7,82,1,0.46799865722070394
lncRNA_6582,63,19,82,2,0.2994147720975855
lncRNA_9865,76,5,81,3,0.47126455828230496
lncRNA_9440,81,0,81,1,0.5461402163582534
lncRNA_6004,75,6,81,2,0.4619824366854139
lncRNA_9462,15,65,80,2,-0.32807635709306376
lncRNA_14055,70,9,79,2,0.4273373259569853
lncRNA_12209,63,16,79,0,0.32315607443844846
lncRNA_7140,67,12,79,3,0.37129885403896173
lncRNA_8649,67,12,79,0,0.37086139969516196
lncRNA_4843,70,7,77,5,0.44185121420733964
lncRNA_7064,59,18,77,0,0.290223121513508
lncRNA_11205,67,10,77,0,0.40303328828179635
lncRNA_7051,68,8,76,0,0.4180100058534005
lncRNA_22296,52,24,76,1,0.20123009276793336
lncRNA_21822,20,56,76,0,-0.25496965773766567
lncRNA_19800,21,55,76,4,-0.23539244867286657
lncRNA_7050,68,8,76,0,0.4180100058534005
lncRNA_10719,75,1,76,0,0.5218786414956658
lncRNA_10338,57,18,75,0,0.2767552664763391
lncRNA_10720,73,1,74,0,0.5223311668983446
lncRNA_27809,57,16,73,1,0.3015218375100825
lncRNA_12373,64,8,72,0,0.4104087053373741
lncRNA_2858,26,46,72,1,-0.14696233085841165
lncRNA_18566,72,0,72,1,0.5368241676253616
lncRNA_19943,72,0,72,3,0.5363413221062411
lncRNA_27547,2,70,72,2,-0.5035781419954094
lncRNA_16014,63,8,71,1,0.4159309402761182
lncRNA_4197,65,6,71,2,0.4604176899663788
lncRNA_10721,69,1,70,0,0.5215124905758036
lncRNA_28639,52,18,70,3,0.2659873260084341
lncRNA_2726,68,1,69,3,0.5303855868041341
lncRNA_14203,67,2,69,0,0.5087020402473276
lncRNA_7222,51,18,69,0,0.2710685342376907
lncRNA_28638,40,29,69,3,0.10223289897403808
lncRNA_840,53,16,69,1,0.30830903719332814
lncRNA_15647,57,11,68,2,0.3564004587758543
lncRNA_8878,55,13,68,0,0.331351301125605
lncRNA_6086,37,31,68,2,0.05739004712258568
lncRNA_6085,39,29,68,2,0.09100511849849069
lncRNA_19928,65,3,68,0,0.4874166580782311
lncRNA_18384,63,4,67,1,0.47438239894713147
lncRNA_7052,61,6,67,0,0.4329543522174315
lncRNA_15029,64,3,67,3,0.48406675628307144
lncRNA_30435,66,0,66,3,0.5325964997087064
lncRNA_20210,30,36,66,2,-0.04887157693764524
lncRNA_9735,40,25,65,1,0.1394648318207448
lncRNA_27338,13,52,65,1,-0.3245584597246954
lncRNA_9967,52,13,65,2,0.33051422187410645
lncRNA_25727,57,8,65,1,0.40087811176117677
lncRNA_26311,47,18,65,0,0.2391540849276526
lncRNA_13363,52,13,65,2,0.3331237381318539
lncRNA_2453,23,41,64,0,-0.15409753235745113
lncRNA_26582,62,2,64,1,0.5081017310986662
lncRNA_17384,48,16,64,3,0.2739626540612826
lncRNA_18454,62,2,64,1,0.5024302249428495
lncRNA_2869,14,49,63,0,-0.2918594260301665
lncRNA_8669,46,17,63,2,0.2508670920488854
lncRNA_19263,58,4,62,1,0.46146101955253244
lncRNA_14531,59,2,61,1,0.5303648101864396
lncRNA_20129,21,40,61,1,-0.16502425958077258
lncRNA_15073,56,4,60,1,0.4652335696752272
lncRNA_27325,40,20,60,0,0.18671091224411657
lncRNA_28270,53,7,60,0,0.4063630499061198
lncRNA_29882,29,30,59,1,-0.007804388595221652
lncRNA_1253,59,0,59,1,0.5406506314007848
lncRNA_12851,29,29,58,0,0.0003741645916444907
lncRNA_10961,53,5,58,1,0.4407652440365958
lncRNA_19924,53,4,57,1,0.4573059102025043
lncRNA_16678,52,5,57,1,0.46640417500033554
lncRNA_16677,52,5,57,1,0.46640417500033554
lncRNA_10297,12,45,57,0,-0.32082014754001786
lncRNA_31891,48,8,56,2,0.38536875915278246
lncRNA_14530,53,2,55,0,0.5117876284477092
lncRNA_18400,39,16,55,0,0.2279692823845158
lncRNA_1255,55,0,55,3,0.5323889801187708
lncRNA_19383,31,24,55,0,0.06647598680119615
lncRNA_21292,43,11,54,1,0.32169510228351633
lncRNA_21488,43,11,54,1,0.32169510228351633
lncRNA_11622,52,2,54,2,0.4943694375352467
lncRNA_22676,52,2,54,1,0.4961260313309517
lncRNA_23219,40,14,54,3,0.2528192483048675
lncRNA_28614,51,2,53,1,0.4966125995973861
lncRNA_592,36,16,52,0,0.21064432673465383
lncRNA_047,51,1,52,0,0.518120430955674
lncRNA_9186,51,1,52,0,0.5119009641148528
lncRNA_9523,30,21,51,2,0.1017065382629624
lncRNA_6095,49,1,50,1,0.5201498644498901
lncRNA_22824,35,15,50,2,0.21563039976904289
lncRNA_18562,48,2,50,2,0.49658014586565996
lncRNA_14994,48,2,50,0,0.511317002504381
lncRNA_10722,47,2,49,0,0.4958032583779139
lncRNA_19799,30,19,49,2,0.11765544067592078
lncRNA_014,49,0,49,0,0.5447566622270613
lncRNA_16537,8,41,49,1,-0.3561501957287307
lncRNA_12618,2,46,48,0,-0.48406795725197016
lncRNA_9003,47,1,48,0,0.5051475184484199
lncRNA_23251,36,12,48,0,0.27288086750641566
lncRNA_30122,40,8,48,1,0.35955056257665935
lncRNA_25826,25,22,47,0,0.03120778637070511
lncRNA_4111,33,14,47,1,0.22887357704268566
lncRNA_1256,46,1,47,3,0.5104508334939734
lncRNA_25827,26,20,46,0,0.06731782683478146
lncRNA_18565,44,2,46,1,0.4919612459009161
lncRNA_32262,43,2,45,0,0.49858962578063637
lncRNA_2074,41,4,45,2,0.44782301690764476
lncRNA_16015,31,13,44,1,0.21706240371018384
lncRNA_14692,42,2,44,1,0.48850758221091867
lncRNA_26149,38,6,44,1,0.38821773697727996
lncRNA_17340,28,15,43,2,0.15810837773809963
lncRNA_4878,36,7,43,0,0.35789758090002
lncRNA_19647,30,11,41,0,0.2540422052788762
lncRNA_16016,29,12,41,1,0.22011508571321467
lncRNA_5513,33,7,40,1,0.3430841668497143
lncRNA_27548,19,20,39,0,-0.011604842662014087
lncRNA_30758,34,5,39,1,0.39979787383827037
lncRNA_10303,4,35,39,1,-0.42163275214861856
lncRNA_19798,19,20,39,1,-0.015736513363210847
lncRNA_2799,4,34,38,5,-0.4159279090972781
lncRNA_12123,32,6,38,0,0.3687895357548632
lncRNA_12415,35,3,38,2,0.45959573906667733
lncRNA_2887,11,27,38,0,-0.2282079631254067
lncRNA_8666,34,3,37,0,0.4465521541950713
lncRNA_8665,34,2,36,0,0.4769169215962423
lncRNA_19797,20,16,36,0,0.06165442459258587
lncRNA_7709,35,1,36,1,0.5097187808104174
lncRNA_11973,3,31,34,1,-0.44676928844303626
lncRNA_10586,28,5,33,0,0.39163451534772437
lncRNA_28363,32,1,33,2,0.5043266017837583
lncRNA_15819,13,20,33,0,-0.11681855419977163
lncRNA_2317,33,0,33,1,0.5430502281867984
lncRNA_6136,32,0,32,3,0.5341916406813364
lncRNA_19083,2,29,31,0,-0.4976275252051736
lncRNA_4671,22,6,28,1,0.3137097816035125
lncRNA_7049,12,15,27,0,-0.0603260848082558
lncRNA_21110,6,21,27,1,-0.3060800588164135
lncRNA_17292,12,14,26,0,-0.050640365535019015
lncRNA_7250,18,8,26,0,0.2031831814442844
lncRNA_11971,2,24,26,1,-0.4626889190743638
lncRNA_23461,3,23,26,1,-0.4136854089229294
lncRNA_23486,21,4,25,0,0.3718012450248491
lncRNA_30526,25,0,25,0,0.5364813684005462
lncRNA_4285,8,17,25,0,-0.18676827904558757
lncRNA_20716,20,4,24,0,0.3518949573525488
lncRNA_5666,4,19,23,0,-0.3386588746814428
lncRNA_22253,17,6,23,0,0.25794689622471895
lncRNA_23208,3,19,22,0,-0.37357567264746533
lncRNA_31727,21,1,22,1,0.4940370611676077
lncRNA_30768,22,0,22,0,0.5496759537240977
lncRNA_29359,15,6,21,0,0.22481354260725195
lncRNA_19634,14,7,21,0,0.17598588852310382
lncRNA_27278,11,10,21,0,0.02404531189438386
lncRNA_30109,21,0,21,0,0.5251553606905627
lncRNA_27583,4,16,20,1,-0.32492245552779286
lncRNA_9965,17,3,20,0,0.36972488095137906
lncRNA_29766,5,14,19,0,-0.2616870845706592
lncRNA_1922,18,1,19,0,0.48823472757871605
lncRNA_7592,16,2,18,0,0.4098585669462379
lncRNA_21295,0,16,16,0,-0.5367355302408574
lncRNA_21801,13,3,16,0,0.3271079049760688
lncRNA_10684,5,10,15,0,-0.1959525058496647
lncRNA_7596,10,5,15,1,0.18678985969055092
lncRNA_1067,12,2,14,0,0.3806757264970935
lncRNA_28688,14,0,14,0,0.5240514395334186
lncRNA_23252,5,8,13,0,-0.1338232755219525
lncRNA_8812,6,7,13,0,-0.030613034886550386
lncRNA_20984,3,9,12,0,-0.26325887372442175
lncRNA_944,9,1,10,0,0.4238326955664683
lncRNA_15646,9,0,9,0,0.5472925320840899
lncRNA_19084,3,5,8,0,-0.13624300443612514
lncRNA_17742,4,3,7,0,0.06391925783977236
lncRNA_29594,4,3,7,1,0.08164083233574852
lncRNA_7593,5,2,7,0,0.22064258171065212
lncRNA_5583,4,2,6,0,0.16311476678238526
lncRNA_5415,4,1,5,0,0.36214007299798673
lncRNA_15650,3,1,4,0,0.2621867662642543
lncRNA_21149,2,1,3,0,0.17465660914224435
